# n_qubits=14; one amplitude per line: real imag; index = sum_k x_k 2^(n-1-k), qubit 0 = most significant bit
-4.60091583488063879e-02 -4.11496978142136954e-02
-1.02726862399790900e-02 2.91160746436993044e-02
-3.72798411531588374e-03 1.72060135819029035e-02
8.73666590499077786e-03 6.50054953109558461e-03
2.82577372191424080e-03 1.60128745617965883e-02
-4.46458257090514687e-03 -2.65016808442766153e-03
-8.82477388173564387e-03 2.67273580568759940e-03
1.09421631117322918e-03 2.46711704026599454e-03
-2.18530409438632105e-02 2.26941037271856903e-02
-3.35143057483769206e-03 1.60055846474824806e-02
1.07559696796976582e-02 6.43211905804692407e-03
9.42135829808481346e-04 2.12274405159411849e-03
-7.41464290281969134e-03 -3.75283580671906172e-03
6.05305474369018017e-03 3.82617817544167503e-03
9.34528162801584114e-03 3.50384365372388511e-05
-6.56506148519792878e-04 6.65242389447938572e-03
-1.98448555997885329e-02 1.51180791988160153e-02
-1.47831501427994269e-03 1.70165091687074915e-02
-6.85983779947762964e-03 1.83910801000228413e-02
7.75695935856736928e-03 -1.76194058820965376e-03
1.72972096381836314e-03 1.24022861350139308e-02
2.78380650742335832e-03 -1.00744280817668310e-02
-3.64688920464913352e-03 1.69089298807854616e-02
3.92389857504403788e-03 4.32821682596960192e-03
7.65676751732860626e-03 1.50863600517568090e-02
1.42946993393799175e-02 -6.01497233386101560e-04
-3.71700310530431906e-03 -9.82686114961420568e-03
2.13138091143809860e-03 1.32025613157625652e-03
1.39073345734846651e-03 1.24069358444973878e-02
-2.50575959609430389e-03 -7.26087895557930765e-03
1.19513342489160190e-02 5.59093392451822171e-03
5.34073847785132474e-03 -2.34346602235151842e-03
-2.79377557792286069e-02 1.89697359225481851e-02
1.34295776939364689e-02 -2.12448726266635047e-03
1.36045953405781687e-02 8.84051071279093846e-03
-1.05554582454815624e-02 2.84555692793213300e-03
-1.71981445978168935e-03 1.42400411724655351e-02
-4.65304634509976830e-03 -3.48712817382042716e-03
-6.42792818690026465e-04 8.58675128950308654e-03
9.44084871620659571e-03 8.80513606171497674e-03
-5.73082880325454132e-03 1.28834870795839131e-02
7.58263271042178885e-03 -1.85585274418218447e-03
-2.45769639791722618e-03 1.73255410905838632e-03
5.80885183332329868e-03 2.37211297915633246e-04
6.46435656456519417e-03 3.53628060082022272e-03
-4.49197284204181074e-03 -2.15582510226504159e-03
3.47629482847461790e-03 1.41738867836685833e-02
1.18089030332113928e-02 -7.36057108041334915e-04
4.70960784001526155e-03 1.22265217840456433e-02
5.00239129157980470e-03 -7.43872367307721240e-03
3.63383171538426324e-03 1.18398620605709949e-03
6.89250447769147690e-04 5.19694690706599960e-03
7.74234903237786052e-04 2.75484917222313611e-03
1.49004057774663806e-03 6.22062925969054520e-03
1.08446485327017110e-02 6.75173186297094163e-03
5.59495694653161079e-03 2.98665908449302023e-03
1.86976828898476020e-02 -2.04724392467674383e-03
-5.49422656892675776e-03 4.61892077782174656e-03
-3.95592500394468648e-03 3.02905285906250035e-03
-9.73170260412573566e-05 -4.86710707331215742e-03
4.26981376106978869e-03 -2.91766530936331573e-04
2.08088811142494471e-03 2.89169096887467248e-03
2.35704479186112483e-03 -2.83028431241931109e-03
2.20388363427876906e-03 7.39771542913872024e-03
-5.41938699784564205e-03 2.26150823265538273e-02
9.32178505732014946e-03 -2.40782768964858561e-03
8.83963084947118026e-03 1.32971428898430583e-02
3.61833609888087939e-03 1.47396077921808887e-02
-1.08837939155311068e-02 4.08582601940095901e-03
2.25080351365664066e-03 -7.06228410191263268e-04
4.17793086643500778e-03 -3.54128197642067247e-03
4.00838987897585500e-03 7.84009523268837209e-03
8.31089881689290808e-03 4.36019746138583460e-03
2.76985202407416644e-03 1.22245572707337432e-02
1.98102483098400606e-03 5.08438744307530485e-04
8.72968866575337711e-03 2.91494363216321427e-03
6.37006616438322466e-03 5.76285392601263383e-03
1.52960418911598124e-05 3.22412015697585248e-03
-7.12833418137538352e-03 5.54446154678693744e-03
8.02754525125904880e-03 -1.79125634583189542e-03
6.59501610711347996e-03 1.53966155133659285e-02
4.11097028826102120e-03 3.54075230726319957e-03
3.67257502744976075e-03 4.84326132356277354e-03
3.49917054217237190e-03 5.69729447650308991e-03
-4.62691649718817866e-03 1.03981067951805679e-02
7.25441317309984731e-03 9.22793667654562069e-03
6.70348473915647041e-03 1.19296134438583619e-02
9.30380189139291998e-03 2.38832551096718003e-04
-4.59998925602932932e-03 4.14991454610656382e-03
5.85061651485972983e-03 -2.59558995708494833e-03
-6.22497865696380642e-04 6.15103582768977610e-03
4.90444799657852558e-03 8.07305023611321927e-03
1.52316045215929660e-02 1.10161074150159789e-02
9.43741059106866322e-04 3.62391491311247257e-03
7.02150990415657990e-03 4.01994544189473047e-03
2.74626973536776665e-03 -1.13541202875209568e-03
7.95411326495756681e-03 9.36647123870056747e-03
-6.68800578246268353e-03 -8.05837248944559888e-06
-1.80628319902156886e-03 -1.81112181832649680e-03
4.73454583555466078e-03 -2.86464882696802663e-03
6.49611871141554751e-03 1.26095700983447443e-02
3.67858842734648892e-03 4.55503907954186386e-03
1.11744715797879261e-02 1.01599782089227628e-02
1.51636268296799596e-02 -3.91852923214665826e-03
7.74429464382182862e-04 -3.63222440732743511e-03
7.01037126601708645e-03 -1.36387508500510480e-03
5.01070403821635060e-03 6.56562236772594964e-03
4.05540622507982902e-03 -2.08004918878209504e-03
5.38165522540404000e-03 1.00687659582841694e-02
5.96153728781578969e-03 3.84566367661311193e-03
9.47794413329238264e-03 8.74452630183607249e-03
3.59175066641911293e-03 -3.02868813585049478e-03
6.48344864759986084e-04 -1.23625613115605870e-03
3.29743020231289827e-03 2.68903804023960455e-03
-6.20772015249668944e-04 8.08050568666939320e-03
3.80276710115691257e-03 1.53299795304353177e-02
8.77010302844197231e-03 4.44786132758847501e-04
2.87839938279843988e-03 1.30215003709116864e-03
9.18169689193791549e-03 8.31080141852887262e-03
5.85977890897424955e-03 -1.28180882373433612e-03
-1.83033386924401332e-03 3.06779572583851462e-03
-1.70245516570717874e-03 2.01159266421013436e-03
6.56128832859724682e-03 5.10864711510421697e-03
-1.08429307975172026e-03 1.18916211100168864e-03
1.68503159690111841e-03 -1.27441426849917989e-03
2.93474704719952090e-03 6.29503397133329809e-04
7.27466059614697343e-03 6.48981919507280727e-04
5.87706889476741819e-03 1.92811300222891645e-03
-3.05952526570543587e-02 6.46482636296917372e-03
2.46764961411793981e-03 2.08004614436369389e-02
-6.83829779171646421e-03 2.32077839516002075e-02
1.26271041638308448e-02 1.42960158500467192e-02
-2.06284276458652566e-03 8.86774865598743099e-03
8.30996561940984882e-03 3.67650773685563540e-03
8.76177780072291863e-03 7.32489595390303783e-03
-4.51651892443770062e-03 -2.09698135256077261e-03
-1.14559767951457631e-02 1.74396791595011341e-02
9.25797644683139763e-03 1.09070822554423724e-02
1.09187569752880152e-02 4.90869901823808887e-03
8.90448520664720647e-03 6.73091383025230684e-03
-4.31511104142362750e-03 1.04341248902919577e-02
7.13118384837984568e-03 -5.47866380603780154e-03
2.32660383339941242e-03 -5.00658389433177118e-03
4.65580637756320744e-03 2.28808619725168238e-03
-4.84789574528585610e-03 1.75136462414866162e-02
-1.98055410588092494e-03 6.34300982396004791e-03
1.13743998059016010e-02 1.35379230438236655e-02
5.46962670162849749e-03 1.06910337694739767e-02
4.53676996086503897e-03 4.15857689882613048e-03
5.55639382532831932e-03 5.73331988056433386e-03
2.87264734329800448e-03 3.44755661508247069e-03
1.07287996475587833e-02 4.27102626482593704e-03
1.05501955240777899e-02 4.44973600671121419e-03
6.27289958976520907e-03 9.57297260005323877e-03
-1.87094825228031111e-03 5.53358884489177361e-03
-4.05931723559178632e-03 1.02623276182676401e-02
2.95597308024568312e-03 4.46943182516009417e-03
3.84174416748802499e-03 4.15234467172004122e-03
1.05646669854308605e-02 4.93836108929962114e-03
5.87256560966220587e-03 -1.74226372260414262e-04
-1.46167787611805228e-04 1.15303557139724688e-02
-2.29211480189425330e-03 -4.34729003469510634e-03
1.04140405629169000e-02 6.99078507221056415e-03
6.16572994203283520e-04 1.28617956701235236e-03
6.67364791951870228e-04 1.17321690367774012e-02
5.82525918190777829e-04 -1.29033524352097019e-03
1.21855367256467912e-02 2.58118518400702896e-04
1.18242609774975131e-03 5.11571995855182420e-03
1.25679678809409740e-02 9.15801887063858421e-03
-1.53241414026039982e-03 -9.09774002969651239e-04
-3.47139383124218026e-03 -1.54349215524495018e-03
2.97891948942656309e-03 4.18125896772125416e-05
7.70719741489324286e-03 5.56889783465346240e-03
3.32852207454943086e-03 1.06237827803080751e-02
1.00085062182241093e-02 1.26729010746414405e-03
5.81671151509599062e-03 -7.78418861323564720e-03
9.35177697036053933e-03 5.84243501094752239e-03
7.70501571714699279e-03 -2.70975374827689495e-03
1.68457876726648597e-03 2.71078046988083409e-04
6.71026483246169557e-03 3.60548326513348378e-03
3.70011347800974647e-03 1.12597400394587950e-03
9.12525946151228513e-04 1.43775334748259451e-03
3.71276822473316174e-03 -1.42422070242860673e-03
9.67972324820334969e-03 -3.92061043335705135e-03
2.08865489064564329e-03 -4.38850983705913605e-03
6.23989348127656704e-03 1.52336248031016393e-04
3.13051343816883815e-03 7.58302436376413411e-03
7.81223203488558282e-03 6.98281390584147305e-03
1.09678105863864886e-03 -4.79168254608071419e-04
2.90628535033266109e-03 -2.65444053797904249e-03
2.41207197522112522e-03 3.54993259882642812e-03
4.61145639274199246e-03 -1.09719138145018737e-03
-3.35508029776226003e-03 2.21113693804166414e-02
9.69340895544675701e-03 8.43961335596637649e-03
1.16738325757487632e-02 5.08895659518764521e-03
6.22482356058036770e-03 2.01578519301908073e-03
1.00713697734879822e-02 -3.08277578148258985e-03
-3.45412853200659448e-03 3.44030380172305212e-03
2.67912722177584975e-03 1.35138036527827237e-03
-8.86700440047722555e-03 2.05306184148544828e-03
1.00799325298083654e-02 7.33800535130042005e-03
1.02231651998074373e-02 2.62032067060352647e-03
8.04275381122358975e-03 -3.27384390917369534e-03
1.10110904112666625e-02 4.05874107779378112e-04
6.57138806257169614e-03 -2.57514631599996399e-03
4.16978433122649345e-03 3.31091576021204500e-03
1.75907938591412377e-03 4.10773084711096512e-03
8.00095526527807091e-03 -2.88114887914961903e-03
1.22092916641317849e-02 -3.09370339703929267e-03
7.29625273605237121e-04 2.24758848865861489e-03
1.99615686323217391e-03 -6.96478349753252993e-04
6.54859145413296505e-03 1.09358571031372889e-02
1.70177809443420734e-03 4.67669688919760112e-03
7.42812295810111028e-03 -2.61793422563925265e-03
1.59607184239986717e-02 5.68130831259213136e-03
7.30474666629040478e-03 7.45947292193656700e-03
-5.99324458312834076e-03 -7.94590083870196995e-04
3.19262350279606380e-03 2.80197244891956104e-03
3.75395123945100346e-03 -5.82377013558115289e-03
-8.46753608804272622e-04 7.67103735783156073e-03
1.19634182319482037e-02 -4.63282718128090170e-04
1.21834831378063481e-02 -2.72962513222082138e-03
5.27205378682149128e-03 7.08069091032775041e-04
-1.17664901545237711e-03 3.69646383915086347e-03
1.02103268793485615e-02 1.98004982552264395e-03
3.34433433391300903e-04 7.34547488284798249e-03
4.22972863016656594e-03 -3.63802961324346044e-03
-3.23768855460146790e-03 -2.22425068502670300e-03
5.80241510650523259e-03 -5.76089726980340841e-04
3.67383241265014510e-03 -6.93721776683688725e-04
-1.06719021887597440e-03 -5.90313680409380957e-03
8.81690377133403577e-04 5.64691189180167689e-03
1.85508769230617663e-03 4.42791025303771986e-04
3.85149017765878650e-03 1.34185995484668863e-03
-4.93772835999897091e-04 -3.74531536450409003e-03
8.62975528605042924e-03 -1.41907715318702202e-03
1.10902873147781557e-02 3.07469061044312935e-03
7.80185907853137798e-03 -9.16133574865285807e-03
6.02240529211634304e-03 6.15083762097341633e-05
2.30433136008098907e-03 8.56629926919909128e-03
1.42215885982215138e-03 2.54652867930028480e-04
-2.50536226194592732e-03 2.00949834548515716e-03
-4.23662621000643440e-03 8.57398730917692357e-03
6.93610371884310472e-03 9.45503603935733683e-03
-1.37006404142798782e-03 -4.23248277472705256e-03
1.59061743459795613e-05 -6.34484117732092220e-03
2.66473031705596278e-03 -2.38421938777418638e-03
7.32931761952719269e-03 -5.15416741222430273e-03
1.97979925363732075e-03 5.73970032974405273e-03
6.82475564874223273e-03 1.88234714412366410e-03
2.88260972584313121e-03 1.01274948057421058e-02
4.77713841451371437e-03 7.66126003154739364e-03
2.02575686149035006e-03 -8.37856740432362012e-04
5.37520905092092865e-03 2.24462651347278312e-04
7.92478749561453463e-03 -1.03433623008374758e-04
6.64726817824147932e-03 5.48742293989703048e-03
-2.48858004319852215e-02 1.99848156972946348e-02
6.70338829966608731e-03 2.74220902942697671e-03
8.69175529061324073e-03 -4.88634043575086364e-03
4.26176069462716207e-03 1.10298345372552998e-02
-5.16019090398908437e-03 -2.83380464567844223e-03
9.71655338307858205e-03 1.17553980351575282e-02
1.33298738197959628e-02 8.77201039287118026e-03
-5.25088091175603990e-03 -3.71770539770325398e-03
-2.83428844507696955e-03 1.69227354331218729e-02
3.56313584998313535e-03 1.03054743947329011e-02
1.13261522402742197e-02 1.02663258242137998e-03
3.94518727847952694e-03 -7.26513688354400462e-03
1.92321405313860563e-03 1.57368104869813237e-02
2.23699158484467944e-03 -2.09402544763520127e-04
-5.10830276501534047e-03 -3.93412617602270989e-03
1.74291471488672201e-03 5.17800260556749645e-03
1.08735782628032623e-03 1.47942358352028472e-02
8.06077005137481595e-03 3.06628630567767164e-03
1.50886595824091269e-03 -1.40926356934024059e-02
-3.90086577773366859e-03 1.61972499360107263e-03
1.68267524029461229e-04 8.92256277994390480e-03
-1.88397268422547948e-04 -1.73907142320046471e-03
1.42904950953272394e-02 4.16589694836543359e-03
3.62800704778902050e-03 2.28731628767931241e-03
6.73987761564232273e-03 1.61333435573988797e-03
1.14495252420297559e-02 9.78287499114231709e-04
-6.26784900683021243e-04 2.44916101746812422e-03
-2.29827228342488173e-03 4.79090181301035801e-03
1.73611100128220099e-02 5.41773776597923983e-03
4.24244441307031379e-03 7.10550760056771324e-03
-2.32601191552690321e-03 1.84466230430251066e-03
2.08233495569139747e-03 -2.51814648902552165e-03
-2.85369078600392111e-03 6.56749520989834048e-03
-2.56064542504118417e-04 4.88524701572978347e-03
-5.53057018626296713e-03 2.84967436711873598e-04
2.04128826726840970e-03 -1.44528334685081880e-03
4.43796011443735663e-03 5.73255091950988695e-03
-4.64387752092964342e-03 -5.95229490628166030e-03
7.20065303214317918e-03 5.25069564457271605e-03
6.03685805590163833e-03 1.71137907285799293e-03
6.00360060601506668e-03 -2.21278675537433123e-03
5.32155876185707016e-03 2.38837981197613817e-03
3.38938306214643572e-03 -6.26277183256833143e-03
-1.36413183615295090e-03 8.04638048318877253e-03
4.58509070413156989e-03 6.09657319343494090e-03
4.20226002277236058e-03 -1.05244588800657056e-03
5.72817157388779644e-03 7.47068526190638234e-03
1.05712086169864835e-03 -3.36543558756890668e-03
1.09225839905707674e-02 1.88831378939872995e-03
4.05995997254317981e-03 1.46770560970477986e-03
-9.90356785886269131e-03 4.25774805752583609e-03
3.23356098393533979e-03 2.48044420760164253e-03
2.99986554751216798e-03 7.06948298379650626e-04
3.45220052376463095e-03 -1.83763478100221721e-03
2.86246267788638816e-03 6.58084930459404936e-03
6.21844805222827087e-03 5.35969415046496376e-04
2.03753301713806160e-03 -1.42117070946819299e-03
7.16484829937490131e-03 -4.90152012149202253e-03
-1.68868792191760445e-03 4.24645144278266301e-03
3.02472043821313034e-04 1.70879271630209619e-03
-1.18298583207150729e-03 -1.01848776649054006e-04
-8.57877141164352939e-04 1.20523169783671937e-03
5.76135209890557467e-03 4.58458424338572482e-03
5.30484570585777315e-03 -7.11991933721523094e-04
3.35707484388949717e-03 -4.68066196925634274e-03
7.83413759030795846e-03 1.18345714940835626e-02
5.78295659426269169e-03 -2.14916916679883845e-03
8.18052450032736439e-03 -2.03367443952783911e-03
1.97393687847745962e-02 1.41052038433362691e-02
-9.03883489568897691e-03 -2.51800605938053623e-03
-3.71375379113409766e-03 8.89291330891795774e-03
-3.31284553899409981e-03 -1.01570340786457970e-02
1.78561215775281928e-03 3.46074825477971776e-03
1.11370109321776711e-02 1.41678647872195895e-04
-2.45579465534156419e-04 1.52421119335923567e-03
-1.32254351555120830e-03 4.78266759912859029e-05
-1.62567900415539097e-03 3.82626377857376351e-03
-3.60683741445847904e-04 -5.83064607660617115e-03
-8.25251223904651808e-04 1.30464974354962526e-03
1.86095987302016606e-03 -2.30749118420028876e-03
-5.77697574111601421e-03 -6.83774093469335497e-03
1.19943554889586344e-03 6.97687187117545203e-04
1.20016218659452917e-03 1.86961732163551538e-03
6.20792429703139782e-03 3.15698805068007418e-03
1.54527598688076022e-02 4.62658853260762472e-03
-9.85010283553684361e-04 2.90780714553438976e-03
4.92365294471434900e-03 1.08243296638190045e-04
7.12181187713275925e-03 -2.20682616166642705e-03
5.85578902652191240e-03 3.65546106565633284e-03
2.27691644825581824e-03 -1.55094943978638790e-03
5.54450480358828577e-03 -2.95884066770836897e-03
8.57202145353180823e-04 -2.16180856142747296e-03
4.49736670553021155e-03 3.61709004723851420e-03
9.54683670362255210e-03 2.72248450766349572e-03
2.52038196766932263e-03 -2.99438139701037288e-03
2.51312012383167081e-03 1.20097842272335774e-03
2.64454620303776998e-03 -8.15134740541155543e-04
1.65794797568518857e-03 -8.40896741022543852e-03
1.32034088630968399e-03 -3.45244869494253743e-03
-2.94776555016735273e-04 1.24908486024230309e-03
1.07294943679647013e-02 9.26652871277397830e-03
-7.87698329657782496e-04 3.02122108151419095e-03
9.73740477745108947e-03 -1.66740593915693392e-03
2.25786318976133483e-03 1.82265628860984867e-03
3.65934836351259262e-03 -2.19371209641233190e-04
-2.27166891163593961e-03 -2.95289258684346915e-03
6.40866314549932634e-03 5.16504246965080165e-03
6.95196585200413657e-04 -8.76652799351915549e-03
9.20942297380779318e-03 8.03328168948464622e-03
7.08654672338960429e-03 4.18656077649669917e-03
5.93516876267214787e-03 4.51233445455854337e-03
3.36805219537397813e-03 4.19264400988259879e-03
-5.67187577275276959e-03 2.05173127149336620e-03
2.30312336405062669e-03 -1.55073488763177511e-04
4.12846368531553497e-04 5.03263624618447997e-03
6.71624888106390865e-03 -2.26929799078534567e-03
-7.91885134754211463e-04 -2.08306749788882038e-05
3.57620373212393919e-03 1.43897438914412402e-03
8.91120295014269023e-03 2.51610007495790041e-03
7.92241958691546413e-03 9.13586292728095647e-04
-2.82588982560715756e-03 -2.28472852313199094e-04
-1.77565171656306436e-03 -6.71509320839730798e-04
3.68377262564606282e-03 -4.49069865508895227e-03
2.12792288793410252e-03 1.73102341371926169e-03
3.12135154327758575e-03 3.66637954321466465e-03
3.02917949670410700e-03 4.25687385579414518e-03
8.98185383432560658e-03 2.46879083483619475e-03
4.74904752343850451e-03 5.41869015864377985e-03
9.71749526096249081e-03 1.26735718512813473e-02
1.57143915558061740e-03 1.14504211555920849e-02
6.55839800623533344e-03 7.62693848696545710e-04
7.30332215216861376e-03 4.11265944206106598e-03
6.90194186269810304e-03 7.54533528478185285e-03
-4.74496157418417570e-03 -7.55572008782066408e-03
8.46989047521473810e-03 -7.37225495580080045e-03
-1.41598158977418107e-03 6.31714152189557544e-03
8.97200950165185046e-04 -3.87199846128996866e-03
1.16785008956743156e-02 1.06212367517308833e-02
1.41330533279425460e-02 3.35516595659984731e-03
4.48449398272147623e-03 -4.75898468807379495e-03
1.32871077358483365e-02 4.72542482351002383e-03
-4.27149184650410085e-03 -1.10112021719763024e-03
-4.69941954359019178e-03 9.63337953123196127e-04
-4.06518341321609328e-03 -3.02526155898400232e-03
3.98694259296357521e-03 -4.95144839301998548e-04
1.26705698370301184e-02 -3.92984372234873977e-04
-5.86107332875033995e-03 2.55709354462974351e-03
3.59646661360644906e-03 3.38825091811377922e-03
2.27956331252396902e-03 8.01813527747322931e-03
6.39983581749669142e-03 3.21025581401859382e-03
1.15863449228776234e-02 -1.50158138495044228e-03
8.17452577548944195e-03 3.87067941775673689e-03
1.00261503566432403e-03 6.11665016603887271e-04
6.83258471685475443e-03 1.81702811666635089e-03
-2.00577123219582935e-03 -4.53766171018173993e-03
1.29994767971442697e-03 6.89290778424432593e-03
9.36029752951098200e-03 2.12561921616111687e-04
8.15941619776281747e-03 -2.00652469275684297e-06
3.26768368826604785e-03 -7.74543639105286529e-04
9.11763516726227588e-03 3.56597918409621694e-03
6.96672373929494923e-03 6.66976953160450074e-03
6.52199231454991986e-03 -1.28530903964444603e-03
4.66631018458091382e-03 6.62055485357531363e-05
1.15835825522078500e-03 -3.63314201238002345e-03
1.16675337372851746e-02 1.05669255620134445e-03
6.13286680933249843e-03 2.74579003619358341e-03
-2.78629106970929886e-03 -3.88736995843595072e-03
1.79565318365739151e-03 3.70845410498837208e-03
-1.65566168852919623e-04 1.46824816706801579e-03
3.59982022803887044e-03 -8.22959578717985009e-03
1.09974456448309611e-04 1.69539453926528002e-03
-1.23777928235255870e-03 -1.37201892577651363e-03
8.13680616991302973e-03 1.51721982810884928e-03
-2.99855522276026160e-04 2.03200967675388382e-03
6.01656738020795584e-03 -1.01718893000530847e-03
7.16821331006317446e-03 -5.23485065080388917e-03
6.19759454943000221e-03 -1.08573264405769656e-03
-4.18798411898515556e-03 7.42591839399957265e-03
1.07859920976316839e-03 7.77576463011900743e-03
3.61254561915603156e-03 7.97859446754579016e-04
5.57167935432196018e-03 -3.74549271517938317e-03
-3.90197033603792605e-03 2.74991759154106369e-04
-5.89352001326776597e-04 -3.01242393656979543e-03
5.52252660313631936e-03 -3.93101631013130157e-03
-4.31655545372489936e-03 -1.97899354982521538e-03
7.37374169291792839e-03 -1.12957568270985963e-03
-2.66862475166362205e-03 9.94523023599219562e-03
2.78744204080405610e-03 5.59333141363982812e-03
4.06454408447633024e-03 3.12116252910697636e-03
7.22531978996965047e-03 4.21778767893572337e-03
7.75081840219175172e-03 -8.32913848672510535e-04
8.56819089506423263e-03 7.90194184168362991e-03
1.12264697029875408e-02 -2.70772822308556040e-03
3.35307780650838643e-03 -1.49028355223176662e-03
-5.93255839321618281e-03 -2.97317351931786732e-03
-1.98318494728386195e-04 -6.68204621802182507e-03
-9.07358484847306350e-03 -9.37926226811462184e-03
1.33790601282950672e-02 3.88472101444771109e-03
1.39877287714125194e-03 3.49171169490173489e-03
5.61726760300103605e-04 -6.38550511089475636e-04
1.22829929592755873e-02 3.22374611508629292e-03
5.74965037063333417e-03 -4.50541003040993461e-03
3.04273428050147237e-03 -1.39520319845264518e-03
-2.95415879469061726e-03 -9.06839069990659314e-04
-1.37715940711264804e-03 -4.28889335764288639e-05
1.11899866837976512e-03 4.37152651246908597e-03
-6.45012309153168099e-03 -4.55117099816419561e-03
2.87145492834484572e-03 -6.38773895805902524e-05
3.10152345642387755e-03 4.04837758358309475e-03
3.49708565965844618e-05 5.15083217024708134e-03
2.97725015589495740e-03 -2.43270461548659826e-03
6.21507758061788564e-04 5.31569970330311291e-03
5.93308260247034369e-03 -4.19117503520667622e-03
4.83078248025175204e-03 1.79657604749468335e-03
-1.62684068780627185e-03 3.92120178089845010e-03
-1.95309208361998726e-03 6.66248284136852081e-03
-5.78736487417872824e-03 3.51014466748672885e-05
9.90497647497294185e-04 3.11468408591103864e-03
5.68216466019935956e-03 -5.22510259314180360e-03
2.04017675118761200e-03 -1.78639207308592396e-03
1.80657695378799829e-03 3.35145614831203415e-03
9.73168552268404916e-03 6.77324979426892522e-03
8.23103712426148941e-04 6.61412620512287063e-04
-8.07088358861902185e-04 7.22464749681648710e-03
-8.58533526088584020e-03 -8.11932387297992198e-04
1.82309206203936963e-03 2.03576265769589166e-03
-3.39455145962525224e-04 3.54351202311936012e-03
2.82353541310447018e-03 3.67155539675757293e-03
-2.47530033864164266e-03 2.06377893652366119e-03
-5.52088571628804326e-05 -1.17961546913510399e-03
2.26115321056540421e-03 5.18235143058908779e-03
-2.06197330992209394e-04 2.02245425607947525e-03
6.43513176305398954e-04 -2.31684155411855794e-03
-4.64138100452164931e-04 3.24963127812537712e-03
3.12543962422774093e-03 -8.50749751954362095e-03
1.61308286548071992e-03 -8.66927435856529229e-04
2.83323019362120843e-03 2.78682891482046622e-03
3.98169907655751098e-04 -9.55719929965547117e-04
-4.26053735048588771e-03 4.09718092343230866e-03
-4.69892077598584642e-04 1.28909453277744300e-02
1.24829056591133211e-03 2.53457545705364521e-03
1.86620019676577310e-03 -9.66658370707220902e-04
4.85398002790780533e-03 -2.04137468787140338e-03
8.19075869466064609e-03 2.05879060268180812e-03
3.24346203017262516e-03 -3.42306222728574593e-03
3.30533831794342734e-03 -7.59270191139185379e-03
2.12615070090909231e-03 2.04539933370063119e-03
4.72995933976193706e-03 4.15746371246090724e-03
-5.37856255319455650e-04 9.99832674613239727e-03
2.49612161947544969e-03 1.46639663320385525e-03
1.85946066397754380e-03 -5.87587171232410634e-03
4.71045076008481597e-03 5.68440962106767610e-03
7.72021362208620381e-03 1.87821721664376494e-03
6.63377159516000212e-03 3.70737556448166687e-03
9.48026837426145345e-03 3.13031980039411590e-03
4.59441109437094212e-03 6.97231794565831078e-04
-2.58664595040625812e-02 5.24056778931297155e-03
3.86325358960299889e-03 -1.55231318189378979e-03
-8.02432898395099431e-03 1.23798303766522160e-02
1.60287497637206441e-02 9.65481296603739984e-03
-4.44405540032277117e-03 9.60575306441798296e-03
9.60820569138402109e-03 1.33234286097742953e-02
1.14786856983731759e-02 1.50375841236067304e-02
-6.71708059131050257e-03 -8.17831111495439557e-03
-1.34860102069922819e-03 9.89974288299606993e-03
1.97921368051126936e-03 4.17939733755218028e-03
1.34493194468086295e-02 4.37969472758050447e-03
-8.31975860725495293e-03 -1.06431469086292457e-02
-5.80097671050331352e-03 1.96607681676778147e-02
1.73822987656138579e-02 -7.84124510026859046e-03
-2.13477196682076471e-04 -4.11544418455411700e-03
1.42230375110696697e-03 2.52197407501270066e-03
1.24110817229800192e-03 1.07742708684251537e-02
5.03652249949803916e-03 -1.46821156066365361e-03
3.84139236167701809e-03 9.78421279941701222e-03
-1.43071757355579360e-04 -6.30572852472120922e-04
-6.48419072539341138e-05 6.12238121118306288e-03
3.76138667865163036e-03 5.82909079749489335e-03
9.37433872015234516e-03 6.13326491619102607e-03
7.13148233699309290e-03 2.36938231888268128e-03
4.60312775107608440e-03 7.85053659477292533e-03
4.84691545766253312e-03 -1.08584590531348780e-03
2.21214664850229864e-03 -9.44971712252793902e-03
7.81515218408398125e-03 7.34731099065694896e-03
1.73682733236322495e-02 1.51346046911834987e-02
-1.68530317396142727e-03 -1.66863959351579074e-03
-3.09890370453411645e-03 -4.86166352036287389e-03
-6.25944145133983088e-04 3.97773801809042258e-04
-5.26432564778434725e-03 1.80062882569530756e-02
-1.81272773877356953e-03 2.17300605510932672e-03
6.32436242692005837e-03 4.09197144391293172e-04
-2.49625446580566167e-03 -1.75600952482156609e-05
1.42538604102715786e-03 1.04416487423655245e-02
1.69174394996464503e-03 -8.89758000913577068e-03
5.76242905182929813e-03 1.55623290464831400e-03
6.80955636002788644e-03 1.76682437422004651e-04
-2.56324471737723542e-03 7.31359875192136386e-03
-2.39173838901011044e-04 2.75210305759556904e-03
6.28956786396814120e-03 3.28300764746281915e-03
3.10952740611352557e-03 2.99845832285737827e-03
7.66127800219444394e-03 1.08211800914618534e-02
3.48541811361192727e-03 -3.98111713885957656e-04
9.21399637765207315e-03 1.97340824320616252e-03
-3.25814760319406227e-03 -5.63311393152722464e-03
5.53723985971000913e-03 7.36902758982169864e-03
-6.57842198068684563e-04 -8.33496241449639338e-04
-1.72140343906208892e-04 -2.66146804568594174e-03
2.97894361705239568e-03 7.63463099255801830e-03
5.80239873604565287e-04 1.00638532903135798e-02
4.98702698677575430e-03 -7.44307725239277962e-04
6.23269784904894025e-03 8.91745526340377570e-03
4.12031345570863100e-03 -3.04961199939279707e-03
7.31526305947403661e-03 1.33126025298177107e-03
-7.99883130616072901e-04 -3.17912605293867428e-03
8.83603843776553676e-04 5.82354413370399313e-03
4.43775724054905536e-04 -3.24477372511468472e-03
6.16207518679134925e-03 8.92068705147793829e-03
1.16969719460959898e-03 -2.15130836257202966e-05
4.67348292070676134e-03 -5.88059123356419067e-03
4.95233486437179297e-03 6.66594214278175452e-04
-5.98044782424098434e-03 1.66298688172288565e-02
1.33087887269732492e-02 4.31900241600863613e-03
1.14527608514636697e-02 1.17313746704961284e-03
-7.29244818544784804e-03 -8.20408065421725577e-03
7.99302583720714645e-03 1.87060817911051218e-02
-5.31635746601394343e-03 -8.33672398469537113e-03
-2.99255982789687919e-03 -7.81302861858799384e-04
4.70131550165046701e-03 -1.33487395778464639e-03
9.00789489267823755e-03 9.41426075788604454e-03
7.07491572028234872e-03 -6.12748138656772374e-03
-6.21908522788035528e-03 5.03229184629322510e-03
7.77828093390752623e-03 2.46106343487544326e-03
7.17306775154404486e-03 2.40379199765666188e-03
-5.16818713994630073e-04 -1.34447846919387177e-03
-1.65973309198285887e-03 6.65536283652889450e-03
3.08194077481767663e-03 9.90500057732439116e-04
3.95945097067558829e-03 8.38932249946730573e-05
-2.20849765573693721e-03 4.32015397701446691e-03
1.22676810516171887e-02 -3.59320255954322489e-03
5.66994402576044294e-03 5.43526350225485323e-03
9.05012133244177501e-03 7.58926989087576752e-04
6.79634588155833812e-03 3.34060739397536264e-04
-1.88362492233236150e-03 3.75109444972833266e-03
4.41348951759652341e-03 2.84504553575977035e-03
8.35778457373586268e-03 1.31330249080734173e-03
1.83916413003242830e-04 4.37748494729512869e-03
6.92069470805664437e-04 -3.25060756669924697e-03
-1.61351326052898186e-03 -7.58097123474803149e-03
4.49566981411653709e-03 -1.00753061358327713e-02
2.61520557986626720e-03 9.09885959933158387e-04
-4.21932680380224137e-04 8.77775913210546502e-03
2.03734741466924567e-03 3.68962237293533370e-03
7.83797538549946271e-03 1.27777712067684494e-03
-2.61054971285952422e-03 -3.65081404326190193e-03
6.90687780899747542e-03 4.52007767145882339e-03
4.23886945072095983e-03 1.98949890519403401e-03
9.27978936825287447e-03 7.96082759098243851e-03
-1.40749520481717443e-03 2.40216648087250269e-03
4.39834267225639765e-03 -1.17788641941208531e-03
1.04528544274498734e-03 2.35535577594915080e-03
3.53921559053503717e-03 7.92075995817064123e-03
4.68851320307729549e-03 1.24524346987624495e-03
6.19143098092683926e-03 -4.18163067750266029e-03
-2.90115492099566859e-03 -2.92566742660882407e-03
1.29112131037691872e-02 -1.16758983482486756e-03
-7.49169595830228956e-04 -5.59953407073070751e-03
-2.39729200005461542e-04 1.82102943980579616e-04
2.82129484509410474e-03 -1.41768366348217142e-03
-6.18164680761405360e-03 -1.28281621184903765e-03
2.10093891454505004e-03 8.25245325272753842e-03
-1.67934967387108985e-04 1.41992580204731338e-04
7.64900942704543028e-03 -1.38547648015327658e-03
1.08176771946446506e-02 6.83099734197542118e-03
4.74782906353569522e-03 -4.95025718794718083e-03
6.98617061244592111e-03 1.39053546393136081e-03
1.08212324261728228e-02 4.16311012653836684e-04
5.99532473768402477e-03 5.74021369647621186e-04
5.60822169259358322e-03 1.64456209146327209e-04
4.82397855698083258e-03 -4.23594282939617536e-03
2.60830647056193438e-03 -2.53435626040090589e-03
7.09938319362768151e-03 2.19614269488735067e-03
-3.23972087848857780e-05 -4.48106929359267259e-03
4.09501188501366908e-03 4.19340172674818705e-03
1.24643212994629549e-03 -6.26503399808973384e-03
-6.31333431443704268e-03 9.92732887661477818e-03
-3.01939341716847033e-03 7.80284505552764768e-03
9.82398989379318355e-03 1.06098766159746314e-02
5.15539723819824795e-04 -3.81561344725321518e-03
4.01414291729846934e-04 4.85125772325700321e-03
-9.17260276815455686e-04 -6.38186312136436278e-03
4.51994016915148109e-03 -4.10552137328998226e-03
1.60369345606707452e-03 2.47189960480636217e-03
2.05456139698122556e-03 1.28723952375293261e-02
3.68337327373006399e-03 6.43328258422533415e-03
8.57416887876034234e-03 -8.77291213130739628e-03
-3.64124473487985496e-03 -3.64577491962016253e-04
1.08421801379596731e-02 1.10658630931582957e-02
-3.52491385449894140e-03 -3.71780912059285458e-03
-5.37783522402176650e-03 4.91846689493427840e-04
5.03206972945299206e-03 -3.06691926218026012e-03
7.36390050239560737e-03 7.10690437706471782e-03
3.31134012377939501e-03 1.20425390672232301e-02
7.25480509088846995e-03 -1.14457221753752592e-03
9.43931310951551424e-03 7.90061036746854406e-03
-1.37371144348821545e-03 1.92127584462838141e-03
5.73493493681806292e-03 7.03364521246023066e-03
5.80309590179652231e-03 9.58620775359016555e-04
8.96954624268663306e-03 -6.13872156493005952e-04
-1.12535802398695947e-03 1.89981658460287406e-03
4.36883620904447625e-03 2.87334758284469834e-03
5.79698137238993973e-03 1.90286544539808636e-03
2.85197371482596171e-03 3.19513186457044424e-03
8.24107574168584517e-03 3.98307489276164117e-03
8.07731018898356912e-03 -6.28509047954526993e-03
7.21597264239169905e-03 -1.39615379125927600e-03
2.18385252149146027e-03 7.37869470743336350e-03
1.82589552079362861e-03 1.07760696073874729e-02
8.05597105745721118e-03 -4.43967508498055528e-03
1.01629877563156959e-02 -4.72451692503055281e-03
3.62940976128192292e-04 -3.79578361677966863e-03
-9.87370323207419380e-04 5.78006409892220779e-03
1.35396914662035887e-03 -2.01084473034557473e-03
5.00602503479204413e-03 -2.63911030812651916e-03
-4.27140633280109847e-03 7.15232969962425330e-03
4.64445791557666857e-03 1.83353300974120094e-03
7.00254298866647383e-03 2.38705080740201150e-03
-4.47707757814768499e-04 -7.22633125748360270e-04
6.43938826318583152e-03 9.26267694435586224e-04
6.28627038771401199e-03 -2.53653286037576302e-03
2.04785649601891629e-03 1.56797771888168846e-03
3.09628608232755120e-04 -2.51674601900723788e-03
-1.87756024474682644e-03 -2.67140388672022474e-03
8.38459176346333449e-03 -1.27441262045638456e-03
2.44037536412033886e-04 -4.58147880108034089e-03
-3.02427466342768039e-03 -1.93622172434554981e-03
4.41357687529811849e-03 -6.22185076665574769e-03
1.18084773600481384e-02 8.33793635935711590e-03
-2.47718366375362584e-03 -8.98045898084465916e-03
1.30551885223209804e-02 -3.85930861868557986e-03
2.78987943359215512e-03 -4.42988625905990467e-03
-2.86777379444223476e-03 -5.42144734568151838e-03
5.58722016745987274e-03 -3.04385888291145400e-04
6.75237823956521821e-03 6.38333250672781620e-03
4.98298317832453295e-03 -4.99160858607372668e-03
3.76085947365963590e-03 -4.15064988073250013e-03
3.27249621930225665e-03 -7.63885123849463755e-03
4.02897015910674752e-03 8.23951371932335800e-04
7.45650178893820202e-03 1.35963156224570077e-03
1.56353813436840433e-02 4.85860276350071237e-03
-6.09327708438874081e-04 -5.41401169884257651e-03
-4.57612379350533748e-03 -1.26603282698894495e-02
-1.83180026174237058e-04 2.61729360192013844e-03
-2.14224440169959174e-03 -3.78280902675938490e-03
5.77668519836003602e-03 4.79109971068323454e-03
6.13598301491437032e-03 -1.81457238928950664e-03
-2.46104491527642468e-05 -8.72631927959592862e-04
1.25509353511882443e-02 -8.41419671326016846e-03
-6.22299508008972938e-03 1.85203667056795277e-03
-5.89428941403475053e-03 1.41731123156222782e-02
-1.96479726443212063e-03 -1.14288344622550793e-04
-6.64812485368142247e-03 -2.10038352244217540e-03
3.04834468231866482e-03 -1.07662975043470630e-03
1.70150108294609949e-04 -4.48073897052186140e-03
5.70170212215631231e-03 -2.79190277366198579e-03
3.76891634428953371e-03 -2.18507784864108460e-03
1.21524551135902825e-02 1.34434374872270473e-03
7.29068150697576110e-03 2.35668013441426953e-03
5.96958753946889701e-04 3.05353267518993160e-03
5.03588700894775417e-03 6.20090454995286637e-03
-7.64488444581714124e-04 -5.25059711856248196e-03
8.59449408549070528e-04 3.38091434723089817e-03
-2.84610376676355673e-03 4.14447340302175581e-03
1.15221244618092088e-03 1.09503145924748222e-04
5.02596913837982575e-03 -1.36493518543880088e-03
3.51415858981133993e-04 -6.09763713398315827e-03
5.22637663478498545e-03 8.33977957388556089e-04
1.50520086879599971e-03 -2.58509328936988971e-03
2.85723440682715763e-03 5.64021778395444183e-04
-1.90071913662928724e-03 2.15370755304589070e-03
-4.66888223122989045e-04 6.30155421650164128e-03
3.85624085032184802e-03 -1.14225197115228518e-02
-2.50560085335127395e-03 2.26222269783067122e-03
-3.63609602897970461e-03 1.85039262729976006e-03
-2.82013428951034860e-03 3.26140507205112742e-03
8.28504962473289308e-04 1.39166484133846345e-03
3.35403697509797818e-04 4.85007387861104925e-03
1.84034371450552867e-03 5.23686374075869356e-03
1.71227394694024719e-03 1.43912624937759040e-03
3.14384428210179735e-04 -4.16593409745907514e-03
8.15513771546960177e-03 2.29260941753465559e-04
-1.68126345152192955e-03 -2.71168042450556455e-03
1.41747256850900021e-03 -5.69118619640017974e-04
4.92320383079152359e-04 -1.77470243432815392e-03
-8.21016294257332193e-05 1.83014591143915617e-04
2.45332157863589013e-03 5.22079083261494607e-03
1.27548197693815805e-04 -7.71358233022211535e-04
1.53983132853697494e-03 8.57033909365679782e-05
-1.20213504606647421e-03 -5.54158069882727767e-04
-5.66384389138136716e-04 2.71166498744944461e-03
7.43941618151873745e-03 -1.31565049804525502e-03
5.04879289937214867e-03 -1.08391338137392417e-02
-1.79457560309321498e-03 1.85308775714844464e-03
4.77982319976818712e-03 8.06726790906777368e-04
5.71595292334838804e-03 -4.59534101618922983e-03
5.37908187893768649e-03 8.20559052133960562e-03
3.39200781599441207e-03 -7.01642360947834099e-03
2.29726641088535922e-03 -6.70393355304768537e-03
8.09631134566917571e-03 4.49493944039256257e-03
3.27124878156272126e-04 -1.02673455517658468e-03
6.28588522880122423e-03 -3.47583065484718783e-03
5.80943412588571031e-03 8.49949454676459369e-04
6.06296491727823655e-03 -4.87940117732931812e-03
5.26864028915807487e-03 5.46620514528446070e-03
-2.05910939295701452e-03 5.04392003005305328e-03
1.37670604092668299e-02 -1.20597983156524479e-04
-7.76842078064029530e-03 2.86841874386120372e-03
9.97634805539304899e-03 1.54111433530649787e-02
2.41293133148015029e-03 -2.57115664076006372e-03
4.29911058989172843e-03 -1.27861800384219699e-02
2.67025391139847192e-03 2.69502502372154012e-03
1.42496926373273281e-03 4.07037188795564015e-03
-9.82247265336838333e-04 2.92781115087055758e-03
-6.32693447619022201e-03 1.70014753615910425e-03
4.35264342728366657e-03 1.46589154322901124e-03
7.53704082591488602e-03 7.22085456978806533e-03
4.69054239311131587e-03 6.98989912067600168e-04
-1.54101565530062341e-02 2.50930295550991613e-03
1.52212138292746218e-04 4.46908700792730384e-03
-2.79680854944177855e-03 -2.49242342186737709e-04
-2.39959337818654176e-03 6.64846348549874913e-03
8.26935280691905653e-03 -4.93412276165057680e-03
7.78695747387281919e-03 -7.02349783156823275e-03
3.16564863069463938e-03 1.53811290377969950e-02
8.18477587114337622e-03 -2.44993122180473249e-04
-1.37551517807599786e-03 -4.47968677197395446e-03
-2.30830224911740154e-03 -3.71536652666569391e-04
3.46479384187811179e-03 4.00767147498092349e-03
6.62645823970915444e-03 -1.47047553263742717e-03
-9.22464093204423681e-04 -1.85890555766313973e-03
-4.55143715965055555e-04 2.29600900456760704e-03
7.78004130918755980e-03 -2.71810649333503946e-04
2.40238709314507604e-03 -1.05976522017446661e-03
-2.13454496418522162e-03 3.53887106821758508e-03
6.91743419710990986e-04 -1.67565326889644985e-03
-9.39837708901808226e-03 4.98884702553693219e-03
1.48509471392078030e-02 -8.57819472962460653e-04
6.81870155196080078e-03 2.46704738419402077e-03
2.90223231504313376e-03 -4.34029418057720279e-04
7.70464428530042485e-03 1.16842257606074827e-02
-5.47177327450864160e-03 -5.35418112640629294e-03
4.89956825879312688e-04 -1.07786541585852612e-03
-2.77862801934191988e-04 1.56123866123261267e-03
-1.41718334455529535e-03 9.09356032999990641e-03
4.87257210924014160e-03 7.55727023164947439e-03
1.72885185201356994e-03 -8.96085169010043224e-03
1.08512241369628534e-03 4.54616589871839063e-04
4.23249501524900016e-03 7.28559199828348377e-03
3.69859392017768841e-03 -4.11830393252963535e-03
8.75527713521063165e-04 -2.93412759946866343e-03
3.87177949265111922e-03 -3.39916407464063187e-03
6.97708904354638493e-03 2.76315006207270009e-03
2.61963970339125875e-04 -8.35457728950824352e-04
1.88136431312475850e-04 9.05199710998142934e-03
1.68996588981977502e-03 2.30631998334355137e-03
9.21337491666293293e-03 7.54062165606495926e-03
3.79798070455848085e-03 -3.52781087170410575e-03
6.32237039274098200e-03 2.64439560737636818e-04
6.19731007144274770e-03 -3.95754464095567429e-03
3.60308307333173476e-03 -4.26406984209198945e-04
-2.12752910783364562e-03 2.30298471596204887e-04
-1.37789242536404989e-03 -1.41836761981749011e-03
-6.21692946234728345e-04 2.11683252284582731e-03
1.18968008929792781e-02 4.43143553321763591e-03
4.05069497287205166e-03 -2.74232194340556920e-03
1.18875579705038413e-03 1.05109003703046286e-03
1.04119008959980379e-02 -4.49854025601361708e-03
1.24191380463513305e-02 2.10223391145900875e-03
-7.86962616356016303e-03 -1.16024653619017687e-03
-9.73477859467263180e-03 1.60278493605807947e-02
1.03319516585306760e-03 -3.60320382316649344e-03
7.71885916286256090e-03 -6.76430569155515513e-03
2.00074595695444663e-03 3.72794067151251867e-04
3.32421220594324596e-03 1.18649545516768366e-02
-3.32026173340999476e-03 -1.80836880173977947e-03
-1.30366578045012435e-02 7.81364381388356330e-03
2.59765099609597476e-03 -9.33501102417851752e-05
-7.23056370525809993e-03 -5.64361895292980580e-03
4.54864312874163693e-03 3.15068803265547946e-03
-3.26637911209757192e-03 -2.34447163958924473e-03
-3.21739309669665961e-03 -5.12364083072575603e-03
2.03700649845026853e-03 -2.90748991009197712e-03
-2.20524734316854265e-03 -2.47250342418657348e-03
5.43475660795199930e-03 6.74098646924891297e-04
9.94413507686597864e-03 -2.32152685937295818e-03
-2.07201038589304928e-03 4.44551500810796431e-04
8.08367294823970038e-03 -9.27503996060237250e-03
2.36912668468560253e-03 -5.48628217242219337e-04
1.15196567795030030e-03 8.18311732138558325e-03
6.28640777703517767e-04 8.51051840363969275e-03
-3.04916359927727464e-03 1.61903574289387988e-03
2.04234905625805735e-04 -2.41415005896038204e-03
5.02922888252772815e-03 -5.26177250099537416e-03
1.72231673983514193e-03 2.87615472386198100e-04
4.13620903735221340e-03 5.67200822949527096e-03
-2.20336165161767175e-03 2.32867280449422379e-03
7.58240524026035324e-04 -1.76592758587069097e-03
-7.97687080399173479e-03 -8.92725894406980907e-04
-2.68058964819723388e-03 4.63153451460868344e-03
1.06209217185181028e-02 1.08129720931515716e-03
-1.60856483077832530e-03 -1.54474535776908252e-03
-3.64302873548523953e-03 -9.05855131999656546e-03
-1.25756056901083434e-03 -2.97553831907576387e-03
1.78508431656503345e-03 -1.19024581500547753e-03
-2.43228054515875992e-03 4.54542036728266229e-03
-2.63618917011923873e-03 5.39634861396962560e-03
4.40902656096527328e-03 -1.46885060396359708e-03
5.67191027581039151e-03 -4.31247522864315180e-03
9.20461064464325935e-04 2.24535185294257207e-03
1.63958887861969803e-03 3.80907780215996791e-03
5.07466943885053531e-03 -1.64962707615618257e-03
3.86492259940293507e-03 -1.83447468818335991e-03
5.92001316695337995e-03 -8.68548463881290279e-04
-4.23359274736764910e-03 2.21445414864519406e-03
-9.06572893103465660e-04 -2.50862225751863474e-03
1.06310345648179326e-03 6.06312261242467412e-03
2.04462031035754829e-03 1.23404882543676556e-03
3.88807180971699386e-03 -6.12107560091390990e-03
-7.10234998472941714e-04 -3.43978190605524021e-03
3.09068798843513187e-03 3.36377081936992247e-04
3.01980168250539889e-03 -7.24389335954570674e-04
1.66373601495602066e-03 8.58985758388465873e-03
5.91235377167669083e-03 -2.24967170256716933e-03
3.69440056588361604e-03 6.62820641473059187e-04
-1.96853309517625117e-03 -3.36368744630492289e-03
-3.79002113910871952e-03 -4.67874631331621337e-03
3.94848683310675889e-04 -3.30216409357259565e-03
4.43941352921021701e-03 1.54550817304731749e-03
1.27668913069776298e-02 4.87296990009262153e-03
5.54687254856996593e-03 4.84850160358200888e-03
1.23930561472692627e-03 3.93277660677738596e-03
6.35263834025621087e-04 3.47509503525851495e-03
7.65391008762168496e-03 1.70273723457189810e-03
-8.93425746605070598e-03 -1.19493910585984314e-03
-6.00772212145606163e-04 -4.99035254430952018e-03
-2.30265141836244903e-04 1.01135416166475128e-02
-1.12224363373311068e-03 -4.46716929083079261e-03
-5.03320837661809864e-03 -8.91702791583011780e-04
1.40095930609464812e-03 -7.29729817450698332e-03
5.16827089695989957e-03 8.31884053863311997e-03
4.13885210844785155e-03 -1.69505890894834795e-03
2.35783935901046201e-03 1.29112357903073544e-02
-1.44045523967138386e-03 2.23843008278059517e-04
1.15495681275842518e-03 -6.39787487571974282e-03
5.71284465631951861e-03 -3.87753120045633494e-04
7.94560932986257060e-03 8.15462766298699279e-03
-2.44603849677527217e-03 -1.80426842578914996e-03
5.40729984942243599e-03 8.13880403930576819e-03
6.59411032149073532e-03 2.94136515521414106e-03
1.07817347049172039e-02 -9.05226817059987345e-04
2.65923415779170669e-03 8.50827594812195230e-04
1.00494134750446391e-02 4.34544715598335785e-03
-4.71940273706030443e-03 -1.22966368968859029e-03
-2.60512211275039417e-03 -2.53124051348433505e-03
-5.25267808707923466e-03 6.24955565911244296e-03
6.67139886584934561e-03 1.83987720687459706e-03
1.00894495081013200e-02 -1.15871074522444668e-03
-3.32501926284284408e-03 -6.26103290414981809e-03
3.85076610890860158e-03 -6.65450601818198557e-03
9.15787725637160974e-03 -6.44641099466718246e-03
4.19248461934655647e-03 5.80824931098194823e-03
-3.85271653301676609e-03 4.53562354717025606e-03
-5.59150563645819092e-03 3.31347607523734640e-03
1.04693134500028328e-02 1.97478765770200309e-03
-4.89116813077625223e-03 -7.35069369778140226e-03
2.42232400538922206e-03 -2.39459325956791142e-03
-9.36186380449776593e-04 -3.90177248287994910e-03
7.89720092090132053e-03 -1.14051531501928793e-03
3.62370549058792192e-03 6.31058566665465559e-03
-5.06861482813339165e-03 1.61923634006513602e-03
2.77883521696251686e-03 3.29913923232695626e-03
8.12237601676211833e-03 3.49127620505798163e-03
4.32963954422281756e-03 -3.58542836147459059e-03
-5.02884050585490888e-03 -4.33061236294639534e-03
1.56319658593311191e-03 1.60197467960477061e-03
7.24519483280625532e-03 -1.94833203931657874e-03
-2.89350759583138556e-03 -1.06710150619451793e-03
-3.00168505017265057e-04 6.60387145336570162e-03
1.78292393802291786e-03 -4.01344217041878573e-03
1.73088666886137433e-03 -6.06569439721298120e-03
-9.56011280792924738e-05 1.07156904479866182e-03
6.77081533692534387e-03 -1.55587202025227016e-03
-6.77613003441668370e-04 -1.64965731185345529e-03
5.40150004224212912e-03 -4.08674642108715260e-03
1.34835752433944698e-03 -2.90234228875748323e-03
-1.23424678854436158e-03 3.31884359748825129e-03
1.61916789604470471e-04 1.73661352516121131e-03
3.49611965581193840e-03 1.71646908879716990e-03
-1.89117110379551957e-03 -6.73902973083628266e-03
2.18122848619862380e-03 -4.36875369460259198e-03
1.40013188622049173e-03 1.96211968573214209e-04
1.01270789377129918e-02 2.21034885736198609e-03
1.09304001141233946e-02 4.30926735341182626e-04
8.05114563214758688e-03 -2.32409128268157295e-03
6.25884176906536631e-03 1.57773815538291224e-03
-7.25109750780734367e-03 -3.39259696220139224e-03
1.28160682386278574e-03 -3.88621056238522018e-03
1.41814636812032518e-02 -2.50377115170928718e-03
3.04800510232441880e-03 2.09846554253539323e-03
-1.09461178800810983e-03 9.81912172631101317e-03
-5.60748961151212415e-03 -6.75270994974530407e-03
-6.97526720850395396e-03 -5.22946961617072863e-03
3.06116409310794270e-03 -1.63673453947855898e-03
2.82539694885979107e-03 8.68330344496642120e-03
1.57666706433705990e-03 3.00156759252641305e-05
5.61899049723816289e-03 3.29460588410082677e-03
9.38152122539320853e-04 -3.37105881705080832e-04
6.41050939375532262e-03 7.72007289441862914e-03
7.92852615080666444e-04 -1.91865913704507588e-03
-2.62875534432920532e-03 1.02411594233519573e-02
-2.53253639055835795e-03 -1.75851113749199298e-03
1.01303900741450143e-02 -5.39085705782952479e-03
2.94419066972614885e-03 4.66306128741379462e-03
-1.27202073058646481e-03 -1.71068939969842393e-03
-4.86466155397544207e-03 -2.28585291428520581e-03
-7.55769484164837708e-03 4.22800002602699912e-03
1.11449012913011512e-03 3.65897674634721058e-03
2.10679748679424303e-03 1.44162289771152061e-03
-2.60404758260969146e-04 1.72508356532173179e-03
-3.67801262382536640e-03 -5.20896732795158527e-03
8.54892490818544640e-03 -3.13591350267305611e-03
7.32960580288522217e-03 3.02309772198022624e-03
1.00202938810005013e-03 3.85263630044571257e-03
-2.92428837416441011e-03 6.53567821175666825e-03
-2.57141754410749592e-03 7.86134947536036056e-03
-6.98538859060643738e-03 -2.32611055001864233e-03
-2.77441846074960802e-03 -1.61105538598589008e-03
-1.44412731203156564e-03 -6.52769266163752849e-03
1.99355189336328795e-03 1.66916079677493491e-05
3.46931200716187190e-05 5.16341785191418764e-03
1.03268327026932402e-03 -1.05980781388699194e-03
-2.96390425776896661e-03 3.82024358370634809e-03
8.84823486267069764e-04 1.72100840423085571e-04
3.23890375834215601e-03 -5.71022280840253853e-03
6.47477924457560538e-03 1.20459541659112603e-04
-2.74954923847741317e-03 -4.02029425114637778e-03
5.06396716890337778e-04 2.35133391959243708e-03
3.78003471052269823e-03 -1.44084964856890595e-03
1.39625796392756334e-03 -6.66374977406568141e-03
1.39453519571680336e-03 8.00636476375897813e-03
2.15819074807001602e-03 3.41962377005083180e-03
-4.00588522480861773e-03 1.06979468666474373e-03
1.82974022466876477e-03 3.82044119809207697e-03
2.73833624951223950e-03 -2.05837983477504417e-03
-5.83595452978040506e-04 -2.94094981548455054e-03
-2.79420563237204548e-03 -2.49761962385938599e-03
5.31198167067790852e-03 5.73052732825814204e-03
5.75870076946789571e-04 2.64166505242706233e-03
1.07175884577105618e-03 3.25457285530371399e-04
2.49334057806492679e-03 4.38096127740794736e-03
-2.91238591652901281e-03 -2.86264936890450123e-03
1.91874636523041930e-03 -2.88714961456440359e-03
3.06147638705560115e-03 -3.98158186965717319e-03
-6.79427314187485407e-04 -2.52452425162006484e-03
-8.09851701416961292e-04 3.79358371509040757e-03
3.16625905251535561e-03 3.98211068078411275e-03
1.90194640124946969e-03 2.90779928119348644e-03
4.47639671407889985e-03 5.88194367969573518e-03
6.06518512315856306e-04 -8.33107054673299340e-04
-2.53384412586122945e-02 2.12520613106637474e-02
7.87978506237833019e-03 1.13920061326092687e-02
5.93262642654615287e-04 1.44205028296399401e-02
-7.40807108350734125e-03 1.43241448859005704e-02
-3.68335185698282679e-03 8.08700567212770872e-04
-4.74643051199038352e-03 -1.43768706339306314e-03
-6.26472395881652599e-03 -5.03696710593121502e-03
4.69262009628388602e-03 8.17357019699981903e-03
-8.58579110611239031e-03 1.37236837846635602e-02
-2.29805220516810784e-03 9.37721111438498227e-03
4.71691545172640055e-03 9.89367036058549053e-03
7.73478154727829346e-03 1.48837640549127070e-02
5.98205009780832658e-03 3.26255361366863160e-03
2.17983986026465014e-03 -1.98492080504778662e-04
2.51883459000654770e-03 5.28899268677225556e-03
7.85342309094033686e-03 -4.75622002525328842e-03
7.76602345665823243e-03 8.11917812913642671e-03
3.79989404772288061e-03 4.78948174225021610e-03
5.06227617069503633e-03 5.89910071256698892e-03
5.73394345210492904e-03 1.01839026834314814e-02
1.33274739647633506e-03 -2.10684571097538706e-03
3.32764101115554664e-03 8.08490088952186492e-03
4.63963947618314856e-03 1.08613831912586015e-02
1.09519793363557650e-02 1.25155794812614263e-03
9.00848883921595046e-03 -4.34361314742345058e-04
2.25272230296975689e-03 1.30781542200192726e-03
3.66722232503694174e-03 5.95106239442261091e-03
4.83827785093117642e-03 -3.86722774447994947e-03
5.25086527199531555e-03 4.33965723305033187e-03
7.51091960591556210e-03 2.23850306869500647e-03
9.72294445981818078e-03 -6.38808914704188085e-03
-1.70611237554361278e-03 -4.30626576515435230e-03
-1.37457766587548730e-02 1.65700378016094656e-02
2.92484286305165269e-03 3.03668906350019118e-03
4.99238696182312692e-03 7.70439786550033978e-03
1.26696833665710068e-03 1.25016393962586597e-02
1.11781281899657470e-02 6.07496125796244592e-03
-7.29712623715646994e-03 2.04648965709388654e-03
1.26449599617882110e-03 9.86655856518505077e-03
1.12619509443465694e-02 -2.69745411753847869e-03
3.09611420128018486e-03 1.77979948194189053e-02
9.87959095831648449e-04 -4.37635404202035925e-03
2.82309833815656309e-03 5.55758152866010942e-03
1.45257902102682705e-03 5.00771504281963525e-03
4.24449827260136182e-03 7.59325844754306974e-03
7.37765588983124460e-04 4.72886497674310322e-03
7.21862867257727029e-03 4.85210327713102296e-03
6.87369358822803155e-03 -2.25823033342547512e-03
6.93768574030233839e-03 9.96124602935942200e-04
4.76138774381873551e-03 2.24710887013008023e-03
3.87119702461486770e-03 8.50798871593341083e-03
5.76946798149658075e-04 3.48536876412388263e-03
-2.25517475637029190e-03 -3.48368993804662073e-03
-1.26645923002377168e-03 -3.11932867119115928e-03
1.10541214432142293e-02 8.06712207945379134e-04
-2.14040936063935065e-03 2.66577098082753901e-03
-5.26215307300776421e-03 -7.03474425028871066e-03
1.36769001230372072e-03 7.50650019708541845e-03
-4.65355797135246245e-04 3.57690144470357990e-03
1.73331729422899041e-03 6.69586148332309596e-03
4.25003006138384258e-03 -4.32975219291168931e-03
1.07827635817287870e-03 -2.24380565619896732e-03
2.03562135202849537e-03 -4.47111365735929859e-03
2.42143137113427212e-03 -5.01189291861330651e-03
-8.95817783190205213e-04 1.68812463484269877e-02
3.36866995673063701e-04 1.00830023611385954e-02
4.25619273688915625e-03 5.89512062389885294e-03
1.08981641103697915e-02 1.91487615413792889e-02
1.40801325714157372e-03 -4.39603735995541291e-03
3.92729345353344441e-03 2.89891065386481406e-03
7.74562233051966846e-04 -8.82552574660901970e-04
6.93550567507915383e-03 -6.06720191652561098e-03
7.13348816361151009e-03 1.42686015932383340e-02
8.19324812219564790e-03 1.85252984107193777e-02
-2.89236485782631185e-03 4.42275142037086219e-03
9.48623775903843780e-03 6.20547616235917702e-03
4.56817736114703793e-04 -2.62309018382413757e-03
3.05003177517071183e-03 1.19186463692585510e-03
-1.05814736569159284e-03 2.07490806018490728e-03
1.08069044701270618e-03 4.14635645561581365e-03
-5.19785674519895055e-04 -2.21754460631375452e-03
1.11123036326379807e-02 1.46417080700015877e-02
-4.94705592820467535e-04 1.23164945006661759e-02
6.46507388394830605e-03 1.34775765970717547e-02
2.34349865397645877e-03 1.07887084715152480e-02
9.40357485393083885e-03 -2.05965817194364142e-03
9.05059264800480399e-03 2.49354161408764027e-03
4.94150391863799106e-03 -3.60085310320485026e-03
7.45733053771398865e-03 4.92997342536655257e-03
3.44463656088218667e-03 -7.32986816142712933e-05
7.30434833945147431e-03 9.26404716504037468e-03
-2.72439589794992157e-03 2.32734599103355836e-03
8.59891587386112100e-03 7.85426393934948557e-03
9.98489484631556908e-03 -6.24710196256691563e-03
5.11093223860922471e-03 2.62293989485091247e-03
2.90709652524716398e-03 -4.32584478806295747e-03
8.98699483366518885e-03 1.41310045452019591e-02
3.79355772636747824e-03 9.61600283983294647e-03
3.15500584681451690e-05 5.76534453179950931e-03
1.09210909409326092e-02 7.67204278301941451e-03
4.35486131017505818e-03 1.03917101376234944e-02
3.77885550701468741e-03 -1.47691459425272750e-03
1.09928900051474883e-02 2.47392279840629890e-03
9.82178664506458974e-04 7.04542928506090606e-03
6.71675711337525651e-03 4.66887538521443528e-03
3.08859649910947967e-05 6.34925191966158493e-03
2.64853068396060090e-03 9.33473030824237895e-03
1.35470153094727763e-02 8.69362916136610410e-03
1.05621697254758892e-02 6.78825144281431075e-03
9.73696296236848356e-03 4.64328112360575668e-03
5.98105694908062160e-03 1.39298336901391567e-02
8.91575735575914768e-03 -3.85815922276920326e-04
6.87837577498862183e-03 1.96859607792815262e-03
-1.57029247855720042e-03 3.94981738999662397e-03
3.34518021635334974e-04 7.70751754298161767e-03
3.91346156589676090e-03 3.82354307891115842e-03
3.20712897989147922e-03 1.29783258114115024e-03
-3.56997126207702405e-03 4.44187215940214375e-03
6.12394266310831333e-03 -4.24035014448288523e-03
6.70634504353748162e-03 -3.31109707608430101e-03
-1.92694599575328690e-03 4.93753184425054989e-03
-2.64255061482349639e-03 7.20631299566988886e-03
9.04484224561468396e-03 -3.54518668410758230e-04
7.54145844809807299e-04 -1.30833504584692509e-03
5.25663458703792136e-03 2.38875410660084348e-03
5.03235215176381281e-03 -3.75977125491558459e-03
9.72958285806367097e-03 -5.55705393421026227e-03
9.87610326998329853e-03 3.68069021320137010e-03
-6.06843734384165858e-03 2.12723919624929377e-02
5.97246563205301381e-03 8.51116521321064121e-03
8.12918989506447240e-03 8.69371351851084932e-03
7.77420989143736384e-03 1.23739466635734065e-02
8.34522274071872357e-03 -3.63162371476924255e-03
4.45761667919423467e-04 -4.69157437320023504e-03
4.27043709347664209e-04 -5.77813605998413172e-04
-3.95242083243602712e-03 -3.09745366745871288e-03
1.04222615313278710e-02 1.27936186363430595e-02
3.01718767336041230e-03 8.69039472647896091e-03
4.93825163658321003e-03 3.90937556205585377e-03
6.53754755037760839e-03 1.38638436645009255e-02
4.33246967597425339e-03 -7.52853880362608103e-03
-2.00887746225280467e-03 1.82665220382058889e-03
3.75292174203657519e-03 7.50408041313250628e-03
1.47447093417222728e-03 -8.33672113019643356e-03
8.54204892942091523e-03 8.18528670229914978e-04
-3.45287000928546153e-03 -1.48207471233598653e-03
-3.94552054713598181e-04 -1.87877824914720807e-03
1.80762898181470433e-03 1.03494427821228720e-02
1.14337506727772774e-03 -5.95809730305847836e-03
-1.95058478088265552e-04 4.54777921885691442e-03
-8.94572288322378396e-04 5.47475001378347394e-03
1.28041076304064049e-03 2.21434526487073596e-03
3.69331531715232780e-03 1.75629122781408042e-04
2.04379714668376971e-03 6.45854582400989200e-03
8.21633608017117295e-03 8.31196870211093562e-05
1.04373973993284993e-03 3.17950877484436158e-03
2.44224600674836003e-03 -1.94760631006988226e-03
4.55349153939224160e-03 -1.49822905327170954e-03
6.24318339463228802e-03 -2.17368068166282069e-03
1.69033008376712939e-03 1.52394938489719650e-03
4.92977181811008087e-03 7.43438115121905149e-03
-2.80179410263526382e-03 4.64296335941240170e-03
6.02129830225177354e-03 -1.67507392549645119e-03
4.94093248198455241e-03 9.03758145071353880e-03
4.42631181887931727e-03 -7.21367547076337719e-03
5.90633880240474130e-03 -1.71183855497715975e-03
-1.48732539576604131e-03 -3.24948121675393536e-04
-1.03309285852648189e-04 2.71664231069691743e-03
1.33798391953891364e-02 -5.28453302761515962e-04
5.35437981911960834e-03 9.08189387077178514e-03
3.31298905078811993e-03 -8.65350498142575014e-04
4.45992407075060035e-03 3.17584937676253492e-03
2.15856457096381987e-04 3.04707662256037534e-03
9.07074178237468783e-03 1.49849020391630691e-03
8.22734684223179122e-03 -6.74216638016251536e-04
5.85224348863135329e-03 4.58222010702239704e-04
9.48892272413200122e-03 2.88176540439011005e-03
2.50828940787512378e-03 -2.46771589324087720e-03
2.14394962507715760e-03 -3.62471385075802208e-03
3.28316791993898830e-03 -1.54631619248850067e-03
-7.84717585411463109e-03 -1.42005861686684306e-03
-2.73995681218653069e-03 7.34366613610733156e-04
-3.82054254300797248e-03 2.25290783679495945e-03
1.30291014377011322e-03 -2.27445878911164499e-03
3.98397830764184602e-03 2.23512952009796966e-03
9.83479870044696005e-04 1.54410303427660869e-03
1.80096456753050101e-04 1.42337168799294440e-03
-4.21677543740040265e-04 9.47210531311469192e-03
1.21244376210620253e-04 -3.04992190189309334e-03
8.76957762941975479e-03 4.58291805741691850e-03
2.68258482678335273e-03 -3.52778923145523034e-03
2.15620758834218470e-03 -1.72607685565986306e-03
4.46022159936740933e-03 -5.27506032636677023e-03
2.60014904540502127e-03 6.20631617428779331e-03
8.87147205173300854e-03 1.27161926117872991e-02
5.64253528234415561e-03 4.20020461754765703e-03
-5.71739701395016561e-03 6.58099079545762088e-03
1.31615069266769109e-03 -9.77541299524443442e-03
1.31513267958338533e-03 2.04761709159876053e-03
-3.36115529005048645e-04 3.18587575626548937e-03
7.53363233197414280e-03 2.57594518649254846e-03
1.51756697507080471e-02 1.56263969277347925e-02
4.65374235822117472e-03 4.14965770003749993e-04
9.57808991457699370e-03 -3.50166088076891372e-03
5.82893664430925162e-03 3.36410927796469651e-03
-3.54213807428342339e-03 -4.94017638441140820e-03
5.42571729305128120e-03 -2.01611835580006640e-03
1.97408152223512833e-03 6.38916891570142503e-03
-3.64805950674584086e-04 4.00482060268439032e-03
4.41200123671644986e-03 -2.39954338320511789e-03
7.91033658395673411e-03 -4.64575692582135710e-03
4.84437346502882959e-03 5.66851274618378718e-03
-2.50000310876316405e-03 1.04931896053553028e-03
2.62961156004746068e-03 2.01295636267878955e-03
2.56792222895649291e-03 1.42363717531764620e-03
8.67023913956551685e-03 1.15741978576340879e-03
2.17083164073402250e-03 -1.44148071124056685e-03
1.00275125828425873e-02 1.51773896278287581e-03
-1.08113895788928258e-03 2.66104514921933471e-03
2.73732175413942368e-03 2.80478899307007225e-03
1.41853183210246462e-03 -5.37456730715876567e-03
5.94005772273306469e-03 1.73896634521076166e-03
4.75752840108915626e-03 2.78260400681504781e-03
4.44095805462141249e-03 2.56866884209145481e-03
-2.15579259525461352e-03 1.04498638331255273e-04
1.04402957900247787e-02 -2.45299029210300709e-03
-3.23482927550643650e-04 3.42493766743674896e-03
-6.07260886215219876e-03 3.42463442053197043e-04
-1.97463629674124582e-03 -1.40227923555389321e-03
-1.42169999212356278e-03 -1.31678241020352377e-03
-5.10394392015693947e-04 3.93586938646689152e-04
-5.60651061535481256e-03 -9.33324213761510578e-04
4.89904966384875108e-03 2.55729351501485192e-03
4.60848454512397237e-03 5.17793506868659097e-03
6.51517295941177275e-03 1.45855219754717838e-03
1.17985006417233376e-02 3.08878143244636352e-03
3.70521739407053902e-03 4.38065140670095953e-03
-1.65548543272646810e-03 5.34419487903648764e-05
-1.05263719542262170e-04 -2.81899437848157335e-03
6.90568605201251438e-03 -5.04546178829518802e-03
-3.44226748598984097e-03 -7.26665874584916677e-03
7.67902034306621015e-04 -2.91738281294597101e-03
-4.04978533623259751e-03 2.55708524132469998e-03
5.83511662095677753e-04 8.81332692379449643e-04
3.95732331249663231e-03 5.82639131603150760e-03
4.98407493683098498e-03 3.12703187871492391e-03
-1.54679628077456703e-03 -1.97159180071356356e-03
9.76535456420073167e-03 -4.15771649671106778e-03
3.53773788324326065e-03 3.87266366933740908e-05
-2.60288828446539810e-03 7.89579079223084492e-03
-3.57310207549023384e-04 4.99162085764926454e-03
8.86327217726642393e-03 2.91304258472552995e-03
1.42731481503273277e-03 3.37827401750605532e-03
-3.98965681652405525e-03 -2.92700318839703415e-03
6.52770957341006815e-03 -2.31918336855073057e-03
1.37624038403342357e-02 8.96164143511464506e-03
-1.02120498267570716e-02 1.80781055789123006e-02
-1.28356812722276326e-03 5.55130176972931481e-03
4.88465424635577128e-03 7.65422652176586584e-03
1.47264402442052224e-02 1.43826851062289207e-02
3.01894739872514157e-03 8.63419772442473692e-03
2.89835414395586482e-04 -1.08797623866934562e-02
-2.13187995604465766e-03 -2.35273210313169520e-03
2.93852136735808398e-03 3.18880490029584520e-03
-7.49701321484429108e-04 1.39360080119865851e-02
9.76683321669386852e-03 1.38573438217046534e-02
3.60904851225485150e-03 -5.27903947498135385e-03
8.00811706864060224e-03 -8.69981077875206163e-03
-6.11838867541154331e-04 1.13987303300340089e-04
4.41662308336506111e-03 -1.93102395501515900e-03
-3.11721890084583938e-04 1.04771591226770627e-02
4.79943502317310439e-03 -4.07157816056484979e-03
7.12593507071744743e-03 -1.81676168432674400e-03
3.35065410166217196e-03 5.85868334558733560e-03
2.19668668168898499e-03 2.46376502261964024e-03
-4.73760661041255633e-04 2.34985724336618518e-03
5.90538144538087055e-03 -3.12235369567906689e-03
4.89017647116683275e-04 5.27302691209747577e-03
1.02394392731816348e-02 5.45090313930126583e-03
1.10328064414257077e-02 -4.60654845622467460e-03
7.87999139977615254e-03 1.35464691454124605e-03
-8.40595152812285799e-04 -1.34076497785268482e-03
-9.50701577889779843e-04 1.56223219984373139e-03
-7.00124045341312296e-04 5.14368047485588148e-03
7.79146182434168038e-03 5.12397201549251620e-03
9.26416471389118930e-03 5.88252021358024509e-03
7.64946051306833116e-03 -4.64789060990578040e-03
5.47246256947207452e-03 1.57263884547261738e-03
9.82989604577623639e-03 1.60435123249469819e-02
-9.32759154915506223e-04 -2.96379909981524291e-03
-8.69669048939304863e-04 -2.67538046788206750e-03
1.53556472819899102e-03 5.14606975018051197e-03
1.07413476638353479e-02 3.61304435811820755e-03
-3.72432086518288945e-03 3.60369493454313098e-03
4.86865152109238267e-03 3.74688373591528043e-03
5.39508864582899199e-03 -3.19778387005749398e-03
1.21173895594901392e-02 3.24178247445912901e-03
6.15914526598577722e-03 3.22307257687587910e-03
-6.02745331338485203e-04 4.56841840794089144e-03
1.43590412351298144e-02 4.60771839782371691e-04
1.22581884771069734e-02 1.57383155899463514e-02
5.41113204172983999e-03 1.03713186341070733e-02
9.21962540837175520e-03 7.70457520335533514e-03
4.09381911278366289e-03 2.19615558267868480e-03
-9.16956689760470441e-04 -4.81618413424802182e-03
1.62566271275379061e-04 5.53884540484797516e-03
2.43545627693929345e-03 7.04992879482516273e-03
4.38412119929376676e-03 6.28370873665928115e-03
1.91652773182095240e-05 2.67904554081783985e-03
7.19569513279007863e-03 6.29975523119500648e-03
9.97432614422415903e-03 1.87295750180811065e-03
6.12488631612489228e-03 -4.21961828870579675e-03
-3.93782650801514488e-03 5.37249058314614048e-03
4.90528255781087427e-03 8.85171453438735739e-03
7.30771202305324080e-03 1.70458799394593730e-03
3.04976183938548639e-05 2.00343243769396731e-03
1.52689461341358143e-03 6.83254039497698407e-03
7.49790791145983626e-03 8.21899631045310583e-04
7.26303725209325509e-03 2.10313414240281263e-03
5.89637912410359306e-03 2.30690702004615047e-03
6.59377498574495978e-03 1.62141463253011701e-02
1.08587059971496508e-02 8.87377304662762337e-03
4.04764611337445242e-03 -2.51457350742038651e-03
2.39233812606245598e-03 -5.48792713141298041e-03
1.38738354344804119e-03 -2.53387895248506200e-03
2.21634621826394349e-03 7.23710333642982231e-03
5.82397973968068472e-03 3.48372338106190142e-03
5.51604794480737865e-03 6.24969438570507907e-03
5.96805933126099124e-03 8.22454197933094114e-03
1.51670499121315857e-02 5.37859012907477944e-03
4.65674710279996573e-03 7.42600716931699108e-03
1.28305449844579676e-02 -5.32551861952372443e-03
2.21166765348803154e-03 -2.35262668843340926e-04
4.82872111977374150e-03 4.57563890047463402e-03
-9.98860861869172671e-04 6.44393201794562880e-04
2.57653416056424431e-03 3.53193398124925081e-04
2.07108860833819710e-03 -1.61128678588092606e-03
1.30224594446499585e-03 -1.34307072318799861e-04
8.27158590007781927e-03 -1.62269261270190030e-03
9.70952547028956173e-04 2.54478071244848255e-03
4.65897024731472872e-03 -3.26504517728345468e-04
7.69940238323981591e-03 -3.29241892750706993e-04
3.52165108769715227e-03 1.30017351758225370e-03
-9.38727375424990235e-04 1.01282445871068490e-02
3.53040301466220167e-03 -1.42436606754155312e-03
1.16401001290521449e-03 1.32504732550294208e-03
4.76323306683372179e-04 -9.48617107088250351e-06
4.06344288434561801e-03 -9.50364548972716834e-03
4.77488836169195994e-03 -1.58793914931853997e-03
5.33546586694692927e-05 6.88985307500150895e-03
-2.70084055110944316e-03 -2.03017852995634497e-03
4.91153238748328648e-03 -2.58294828234066631e-03
1.10021860983042035e-03 -6.32385026501640878e-03
-3.28838912950783985e-03 -3.59625261472805403e-04
5.39489787085778612e-03 3.90606031899859863e-03
4.86760882173687629e-03 3.40287971791528683e-03
1.09374112904728187e-02 -2.11157409047268898e-03
1.00876057781124504e-04 -6.78815739906219080e-03
-3.82847722264683960e-03 6.27054840074646805e-03
9.93893529686535389e-05 4.70561218939766299e-03
5.63926635977966655e-03 5.97857401274993344e-03
5.15088693595541249e-03 9.44933843029464524e-03
8.15375788357259809e-03 3.09429622239136169e-03
4.34238225203974551e-03 9.13194142434416503e-03
2.55280253506287060e-03 1.31369729948720565e-02
7.63010860072857824e-04 5.85199025142172161e-03
5.37555147962210256e-03 3.46319347486075731e-03
-2.80451196007635260e-03 8.74503479703192315e-04
-2.33668505502471029e-03 8.39197871646801472e-03
2.83717415445748720e-04 1.04232173266651674e-02
6.22543687438614594e-03 4.55474354635773942e-03
7.40416026385530904e-03 6.82814174710948390e-03
6.43818249298148005e-03 -6.16795491327604855e-04
5.74303960120395481e-03 2.19438402126881068e-03
-8.13119766626255376e-04 3.69233333204780538e-03
1.08022618407031361e-02 7.30346489424940452e-03
2.36777030204366346e-03 4.18933373001809193e-03
3.41755440250575806e-03 7.58344270833657009e-03
6.61112771181539619e-03 1.23475084902287388e-03
6.57766264206380551e-03 1.06283921632376026e-02
4.86330335225191972e-03 7.46900927026644158e-03
1.13755784942370809e-02 8.14481824076388958e-03
7.33834103823026180e-03 8.18107451958561280e-04
3.67567062449146702e-03 1.00759577581971248e-02
8.95987543817218144e-04 6.64012343998295063e-03
2.06382113280511540e-03 1.18827695589584625e-02
1.31932083025260091e-02 2.71167382918967911e-03
5.24914046102833640e-03 -5.88588481948200317e-03
2.14091960759782212e-03 -1.15151311836463825e-02
-5.07762906786869955e-03 5.55749084742284023e-03
-4.77523595691447568e-03 3.97068163339304569e-03
3.17290406479118266e-03 7.69492932948643953e-03
1.49823038318452964e-02 5.70746007430489397e-03
1.60702722369833392e-02 1.01318743618888079e-02
7.73736426197374136e-03 -7.41642376485940856e-03
1.05036494047701916e-02 2.86794806700257227e-03
5.53366593249344195e-04 -7.36789197394135389e-04
-2.64675792566966030e-03 1.26661807195970529e-02
1.24393146629236148e-03 -1.34545395300930052e-03
-2.18872353740319318e-03 2.98789014303632323e-03
3.03775102563958810e-03 4.01837568132220463e-03
-2.74123696943353928e-03 -1.15583258979111447e-03
4.82340054508235700e-04 -8.50601124181277722e-03
6.79722728562050325e-03 2.22539638150793563e-03
6.46783039609049606e-04 -1.87571061995557781e-03
2.56625763859420286e-03 -1.53429924987055115e-03
2.02222325520360312e-03 -3.00617192385097941e-03
3.78418850322051904e-03 1.00707575837938887e-03
3.28438202925095688e-04 -1.10707717388900256e-02
7.26399185821545012e-03 -9.92799013983088714e-04
8.20735745737044119e-04 9.42567168010130930e-04
7.93101832668730369e-03 -2.79303790772211769e-04
2.33928338208936161e-03 1.64172051489308167e-03
1.21527981140249833e-02 4.37816465193258553e-03
9.82774035504835894e-04 -1.08058447684923555e-03
4.05415081763045321e-03 1.14322199516524604e-02
2.91390963153158452e-03 -3.19978205000690527e-03
1.06011460438323250e-03 2.21933910528046129e-03
-5.05442575664958715e-03 -3.42939413365389101e-03
-2.36614480295064796e-03 -9.77515352427501660e-04
-2.08213198834366307e-03 4.33638938418401659e-03
-7.50853584387445446e-04 -3.98251495930712629e-03
2.55078692216699227e-03 -6.73960684002038852e-04
-6.95208271003282773e-03 -3.12232229140537712e-03
6.30921520510231378e-04 3.61711081507601199e-04
-1.08218108156330102e-03 7.42352179686884672e-03
1.91967077374800930e-03 2.56814733702696255e-03
1.07424857621246095e-02 3.71950253900816836e-03
-1.43377436739022666e-04 3.35005747906898504e-03
8.01348214480585887e-03 8.19008288481754953e-04
6.05358104945855503e-03 1.79578130107402225e-03
4.12527758723831711e-03 8.35267495142395615e-03
-2.12498058303239939e-05 1.50747480864335928e-05
3.77207819171338030e-03 1.59856120496226490e-03
-3.61034643958883751e-03 9.92520024112018145e-04
-8.96437276451356201e-04 2.61045013616953252e-03
1.83237536346134568e-03 1.39325610765719463e-03
5.24622606854263738e-03 -1.56898224073190361e-03
1.56960738026592204e-03 -4.85621108766822428e-03
5.95876262444971182e-03 -5.52146633681561191e-03
5.32853056791196805e-03 2.45368890426857309e-03
-6.39995606377066328e-03 1.48522386335490555e-02
6.52431907196165711e-04 -3.76817070842238970e-04
1.04099307668715953e-02 3.77218694290336158e-03
8.76521560350731858e-03 9.03207379886693598e-03
1.01593993810904799e-02 5.95581783422627700e-03
1.17133206534071280e-02 7.96843918517506399e-04
8.48521940148459428e-03 1.61355747031015134e-03
6.01380638176639368e-03 -1.43092752741919515e-03
-6.05619026911554444e-03 -5.45780572851039766e-04
-1.98670185359828841e-03 -8.40240226069846607e-03
-8.99165575503735152e-03 4.50297188932087913e-04
6.76712271617345602e-03 2.30881529121253594e-03
-1.92310973264432704e-03 -7.14527052487841201e-03
4.62803961199552676e-03 -1.89919991111942238e-03
4.40567570962919694e-03 9.73849553319637985e-04
8.29373335543963190e-03 -4.81614254486568104e-03
-1.05949280749219441e-03 1.28445343295177205e-04
-6.13323122739666427e-03 5.52775975302207409e-04
5.76114971588946416e-03 -4.08693072802765369e-03
4.95123164190226870e-03 3.34772410323398587e-03
-4.74037182413643288e-03 8.09418070773675578e-03
1.30984191799881126e-03 7.06902673584397599e-04
-2.85940782722312985e-03 7.81998394687724238e-03
-4.05993557952738320e-04 -2.47214631528761431e-03
6.04447784263376434e-03 -3.99688171039227873e-03
2.30631080687326634e-03 9.03974710473279372e-04
-3.73920160007955825e-03 -3.09079263072077528e-03
2.68672149066172998e-03 7.39061285699108310e-04
4.75099388914943400e-03 -8.73804282080679375e-03
4.27199575938605209e-03 2.86121647431510822e-03
-2.58732015349755770e-03 1.90444427799637216e-03
-9.63153363011999054e-04 3.30412594594490681e-03
1.39692465555796858e-02 -4.83535965729915956e-03
1.27181411390612630e-03 -5.99943435821284708e-03
8.18639121137290128e-03 4.26251408294383259e-03
7.34773495295883063e-04 -4.45473273277742878e-04
1.05531032542514327e-03 7.26261674232712724e-03
3.87834692593499018e-05 7.39995962666374022e-03
-9.81237266304189025e-03 -3.93312070795725534e-03
-3.34982949138603724e-03 6.37755503625648656e-03
2.80439371866717186e-03 -4.09918147866863286e-03
2.68023286317110475e-03 1.70044337008507982e-03
-8.77575641463116578e-04 -4.42951176995053705e-03
-1.86457666757236951e-03 -1.59944588297026538e-03
1.50082690214251100e-04 -3.26807703003059854e-03
6.52630040297311805e-03 4.83623428263010640e-04
3.73880587148246388e-03 1.05019414530510276e-03
5.45616524141058425e-04 1.03076287424827967e-02
3.49208231983923374e-03 -6.84978022453198738e-04
1.92693952088861600e-03 -2.50131162944793387e-03
-9.04908385587264649e-04 1.88814197561604008e-03
-1.50594755268358650e-03 1.25540982629470505e-03
3.70645982442788062e-03 3.85341722037697756e-03
-8.23014307466449734e-03 1.04051912349418119e-02
-3.69607125515589727e-03 -1.14779064026041076e-02
-4.41294074695705845e-04 1.85577331254127239e-03
-5.61364123324561827e-05 2.37406159563966716e-03
1.66383316468610024e-03 1.82264386259602010e-03
5.62855066148263382e-03 -3.12915620868471156e-03
1.53297308725807400e-03 -7.39747960059701764e-03
-2.54532180706795340e-03 -8.68334744019686909e-04
1.37120074235861657e-03 1.98582383968772111e-03
8.28393316015007576e-03 -3.50977759775505938e-03
3.65929145612808740e-03 3.33844558595679458e-03
7.32377440539328222e-03 4.60091863558408087e-03
9.94931417406092963e-03 3.37684758198008434e-04
3.76022803616771120e-03 1.23877955640923094e-02
4.83581706195566723e-03 3.05386343678026298e-03
1.17758077032644355e-02 -1.37486992666213518e-03
1.00924510481826130e-02 3.68867171405665509e-03
1.94675285717557005e-03 1.80792874563778204e-02
-8.46202079346995879e-03 9.99575625642666783e-03
-5.91431682185961354e-03 4.30716941974871887e-03
1.08878837921435635e-02 6.50483897184095990e-03
5.77811909221777418e-03 -4.82403647957179230e-03
1.54632206823090046e-03 1.47984594926168257e-02
5.93100578388783620e-03 -8.90662767216407296e-03
-9.85923360626930539e-04 1.03542513375569790e-03
6.29725951473736247e-03 -3.37045582509175280e-03
2.99800383423601876e-03 1.46896527359304807e-02
1.71803831113710934e-02 3.81477471301906864e-03
-1.77250830995478721e-03 -2.87678434601971273e-03
-7.16234099402730199e-03 -7.57491645497747768e-03
8.63241091090886231e-03 8.49829131945467327e-04
-4.54954420541929354e-03 -1.21617434589654143e-03
6.24182465305225809e-03 -6.18358990918668034e-04
-3.62157964822945383e-03 8.08446618315524293e-03
7.12346645172610114e-03 8.33227350056339570e-03
-6.78756215022493820e-04 3.75572287943981564e-03
1.83805415864157036e-03 -5.55520853927008677e-03
4.50820387505554594e-03 4.62446030216383339e-03
6.66597520418785779e-03 -2.72508407962763436e-03
1.27588178987646651e-03 9.38669800409935168e-03
1.34386849876422915e-03 2.67538354578012502e-03
-3.18260776751562013e-03 -7.51662145320537451e-03
1.04150726928679896e-02 -4.30429032224559035e-04
8.36555202524957202e-04 -1.50466683023685278e-03
5.47837401204688372e-03 4.26397925230971152e-03
-1.21479423040378280e-03 -6.10613767639480668e-03
-5.11716946961811997e-03 -7.26434774797648890e-03
7.29304469101361638e-03 -4.87310497330207485e-03
2.52252027656784750e-03 1.31992186647509539e-03
3.00557986107163758e-03 5.44545770168864633e-03
9.76917830717029950e-03 1.26396146497938563e-02
-1.58177752570204302e-03 -1.30634664181299631e-03
1.70347104143638863e-03 1.31557272274464464e-05
4.27475760184358160e-03 -1.10858639260938050e-03
5.43741821450795856e-03 4.22141135258514467e-03
-4.49155493531138014e-04 6.25902141150251265e-03
1.07562207013943249e-02 -6.70637341308061297e-03
-1.85713705387596751e-03 -2.97648486630387819e-03
1.06913035880683762e-02 1.01089994918223129e-03
-6.76402068532543348e-04 3.83975858573172568e-03
1.15423869118848384e-02 1.85822696951483597e-03
5.03734452572061810e-03 -5.11627526191225663e-03
1.10506361568210379e-02 -6.24386128743650935e-04
2.79189152772436585e-03 9.37215537886487444e-04
3.86699106377121592e-03 -3.27578446420120168e-03
1.25379216146239043e-03 2.12859294291493575e-04
2.82386612023414378e-03 -9.27123594530999615e-03
2.77676964306147658e-03 2.33437364712431880e-03
3.84435468155795148e-03 4.47986962711757145e-03
7.54178533312160806e-03 -6.49752529639566656e-04
4.15485554667313801e-03 4.94185444156987428e-03
5.65650459033527862e-03 3.34997167226159381e-03
8.15329869599851903e-03 3.36661977381216143e-03
5.29799424591119623e-03 -5.63058718788364641e-03
-2.75039641803145928e-04 3.99579786321317687e-03
3.67853881055542602e-03 4.36679162694713491e-03
2.04169484401485945e-03 -2.70398561731422264e-03
-1.16521892633236778e-03 1.02070027114459358e-03
6.06553900217407776e-03 5.26389710731963779e-04
8.43839796814979865e-04 -6.47644647025908543e-03
4.38335913462923124e-03 6.73954280494833656e-03
7.99173081211763470e-04 3.87622129110984555e-04
8.01646729503356636e-03 8.07973070139749762e-03
6.05288702681830524e-03 -2.34375000434954581e-03
-2.22806832209828613e-03 2.71147407607578296e-05
-2.38403838450252899e-03 -2.04680541305142733e-03
1.63519281667385370e-03 8.67462211436912409e-04
-1.45691224790196077e-03 9.39892583300812388e-04
2.17568848398161157e-03 -1.65925883443535788e-03
8.95845573267497162e-03 -6.38887429650723294e-04
3.19773182993521267e-03 7.63998779487417537e-04
1.01699777187437687e-03 -1.22028555245520288e-02
2.36506965558794664e-04 8.83193754316199953e-03
-5.72601654735369753e-03 7.79317344420665629e-03
2.41580793744834450e-03 2.17400310090497696e-03
9.03244679079554403e-04 2.03388527699975390e-03
8.58720795099142224e-03 -2.28765495895252077e-03
-5.14362766521903221e-04 -5.21572651046514754e-04
-2.03151939358023770e-03 -4.35862471708587610e-03
3.76248754544783459e-03 8.82406942745568264e-05
3.11499236245676688e-03 3.05001191209434454e-03
3.84255629542216764e-03 -2.08031845990722846e-03
2.19817525693945075e-03 -3.86925811735993079e-03
-1.62266270868744052e-03 -5.64789107140203396e-03
9.98299726757669904e-03 2.58757222537523758e-04
-7.46023084817529995e-03 4.36771281402210314e-04
-3.42886446951524927e-04 -2.63453111500362496e-03
2.55645932167531840e-03 -2.50496112830602292e-03
-1.67538320215451699e-03 -1.98451118931849144e-03
1.55455337423551104e-03 4.35887872406353141e-03
1.16459630642489419e-05 2.96608144179654658e-03
-2.35345331607158051e-03 2.34986553035844919e-04
4.14138654349696699e-04 -4.33622332633870015e-03
-5.88097342618828546e-03 1.10410652217717131e-02
6.62855224517522237e-03 6.51503013997564175e-04
-3.76818427390145799e-04 -4.70319675288561646e-03
5.72857115352971239e-03 6.79248179428545724e-04
-5.80828609257706924e-04 -2.96638114795641679e-03
1.59770192646008398e-02 -7.63087922350907250e-03
-2.05411428444030389e-03 -3.21965173645731182e-03
-5.44762209539627795e-04 8.02076050945106818e-03
-1.04871746409171168e-03 8.57922520880801710e-03
1.14405942215382271e-02 3.24332096613222636e-03
5.82002708608665188e-03 -1.80472698605273099e-03
7.74151108523060683e-03 1.12221259579528229e-03
-4.43729956966590518e-04 -4.91575992832594174e-03
5.81883236131406690e-04 1.70421689974512339e-03
1.00856799891273869e-03 3.48290350516150971e-03
2.34160831141736652e-03 -3.62087827776784432e-04
-5.38971256211706259e-03 -7.07898293008514794e-03
-1.59293528522249945e-03 3.06739761952123978e-03
7.80646509967394559e-03 -1.16453313313279747e-03
9.55501467274187492e-03 8.62756555999273818e-03
5.97357219474391622e-03 -4.41444942468662872e-03
2.79054106349185902e-03 -4.63303756050704053e-03
4.22489275988634748e-03 -3.18003505239895356e-03
8.61011806369029256e-03 6.88095818934533667e-03
5.54573845140294945e-03 -5.23261208048721865e-03
1.04477265080599158e-03 1.43535837056395227e-04
1.51382137253465638e-03 -5.22665482579592455e-03
2.09043332575045877e-03 -1.74937833737833621e-03
1.76611406185360302e-03 -1.15726867293455002e-03
-1.31373200604020026e-04 4.38873408494560007e-03
4.31496558736058078e-03 -1.07358309508365050e-03
1.73726785814132820e-03 -6.61444840274351409e-03
7.65652634059986025e-03 -3.81620654894126565e-03
4.30669994411089167e-03 2.67531152484715758e-03
-2.33537938272456455e-03 2.72659403231824502e-03
7.73967182201231178e-04 -2.76535993905038021e-03
2.58471004382792875e-03 -1.71661874344518567e-03
4.34337735630009950e-03 -3.90469527549224763e-03
-6.27250871000052668e-03 3.55914857029032694e-03
-2.29372586574498258e-03 -5.16563821571902095e-03
-1.28725809585021524e-03 4.27555101885745623e-03
5.02022600256592580e-03 1.47543448656288641e-03
4.11821729624200182e-03 -1.40921673070286066e-03
-1.19475523690288797e-03 -9.64759720346758842e-04
1.41248893645570003e-03 -1.93446793210955495e-03
-9.08121127946735551e-05 -7.21043661301984124e-03
7.96674398483285078e-03 5.70137843165366507e-03
5.29913975602041946e-03 -6.25897842560786850e-03
3.22238936419557082e-03 3.26055832459227861e-04
1.60980013417106834e-03 -5.48902306652322529e-03
2.88766132030065072e-03 3.80964803567372754e-03
-2.85267251382287932e-03 6.75498092285854550e-03
1.04573538423114679e-02 -8.15331504272763822e-04
3.57847651066178459e-04 1.34042669385277496e-03
-4.36076765321614067e-03 2.04417799643150360e-03
-6.35375192614241811e-04 -4.11183981697807628e-03
6.57736101606970752e-03 1.06747859684674169e-03
-3.02675526704408509e-03 -7.82358139283034467e-04
6.57791489655136247e-03 -1.20607186144866107e-03
-3.42871733249108693e-04 1.10671523687167102e-03
1.73843129719924191e-03 -1.06895730409333031e-03
-5.91501150774647135e-04 2.15901180957425763e-03
-4.33481342339154998e-03 -8.12221018771143444e-03
1.16567377682105420e-03 -2.59623344201515178e-03
1.60197892877156096e-03 2.47505882602608697e-03
2.40098438239103170e-03 1.37949902016423157e-03
1.18672957991048881e-02 -8.81318125743632921e-04
1.22029655048661381e-03 2.28273001512654429e-03
1.07160877854952101e-03 -6.14995591520875462e-03
-7.03174272154079749e-04 -1.12655895295799067e-03
5.01927099683225665e-03 -1.86048248550220604e-03
9.43844003184993391e-04 -3.42944413613770248e-03
-9.04121075490943275e-04 3.22483577828450055e-04
-3.19434469696346698e-03 -2.38117018189729166e-03
4.32448328515993088e-03 -4.88078685105527033e-03
5.08956015574787979e-03 9.33226624873365832e-04
1.86689012883052693e-03 -3.65030870420259522e-03
1.94222627836557237e-03 -3.04748937973775449e-04
-6.13700100563140940e-04 -7.18999708910958695e-03
4.59034954388131897e-03 -7.11556991457437649e-04
-2.94796981094352494e-03 8.27213529400634912e-04
8.52802727767716911e-04 -2.67181834498777431e-03
-3.92989207474341365e-03 2.09897449979789229e-03
-5.96771704878031918e-03 7.35192364613456838e-03
3.31528668045352054e-03 -1.06951587463484789e-03
-2.74819765063171384e-03 -2.31838763509651822e-03
-2.79825297490491568e-03 1.92052318089571783e-03
3.71756963197424620e-05 -6.40138864907803182e-03
2.45750974124123297e-03 -5.30745380467993657e-03
4.64640680301455205e-03 1.75700575337456723e-03
8.72905739953699043e-03 1.68490008976040188e-04
5.16242781050163437e-03 1.86819436154348666e-03
4.75560722295833172e-03 -8.56313594582674476e-04
-2.40402679755196292e-03 -1.26645892761173226e-03
4.44653362058102051e-03 -8.97650272048623743e-03
7.46554907700191887e-03 -3.26487046039902707e-03
2.52328513330680885e-03 5.42296345549083802e-03
-1.94256092812105903e-03 -1.33192952728650301e-03
3.81965826937674365e-03 2.07966700229552911e-03
3.59832303514176456e-03 -4.95552174525668802e-03
-1.56014442185468645e-03 5.72595134122785322e-03
-1.50095347885199947e-03 8.74050642068006098e-04
2.03774522009443106e-03 1.05141710155111454e-03
-4.07428294796574971e-05 -2.05427043119584679e-03
6.99301443146391546e-03 -2.71809016488089674e-04
-9.03728535408371628e-04 -2.80641083904601568e-04
-3.19060542479468814e-03 2.97163390480973408e-03
7.26162241997526541e-04 2.52010050588367127e-03
4.18687571595310459e-03 4.74955208963319213e-03
4.31532100545007919e-03 -4.70896977757007031e-03
1.00680930182766876e-02 3.97990871472521119e-03
5.27766551249606378e-03 -2.25604662682752592e-03
1.43662015674046167e-02 -2.72325989160708158e-03
2.92697340890473454e-03 6.57287181425238870e-03
4.23732407044403233e-03 -3.23440465413299492e-03
-1.47647062093391487e-03 -2.80346770734105294e-03
3.40023559226782868e-03 9.47152225571793924e-04
-3.33991419522791178e-03 8.34184864205982351e-04
-1.87664619695015894e-05 -6.52356973584624581e-03
4.55363326507743230e-04 -3.64024759557425104e-03
-7.78824163528070955e-03 -2.32251789693728276e-03
-2.59974943790441254e-04 3.91820310083744548e-03
-8.52926319537526917e-04 -3.03451132022355052e-03
1.77710312092105305e-03 -2.30855203301797568e-03
6.51449334198275602e-03 3.30523378859689425e-03
-3.05617457769865068e-03 -5.81457903001312854e-03
-1.02238668448367600e-04 1.53488571253814388e-03
4.62428618942371718e-03 3.84963712035281619e-03
-8.68073625679651253e-03 9.74344468932250595e-04
7.66884647241442962e-04 2.85897207856528144e-03
9.87590117465825690e-04 -5.33053677747674041e-03
2.41475481426164148e-03 3.72686761698705219e-03
1.09727225404765210e-03 2.56076777663635400e-03
-1.17981709071837151e-03 -3.25774076842593558e-03
-2.41789704118983671e-03 -4.58781685107511293e-03
1.66125665152519909e-03 5.47005552984633839e-03
-8.85154107955094167e-04 3.28969134948612664e-03
6.59897845297671270e-03 1.95258512480007149e-03
-6.68533165387771855e-04 -3.30492278889900869e-03
1.39170213862280538e-03 1.17722011282244961e-03
5.39631228009993576e-03 -1.30651257688086265e-03
4.41588277506401242e-03 5.03031960071156740e-03
-3.99030042363741899e-03 6.54919089586622656e-03
-4.60696015899008954e-03 1.02168769601797358e-02
-1.01175667828028101e-02 -2.54613687694135900e-04
-1.13594612726373371e-03 6.01118424181147377e-03
-6.91300088247488362e-04 1.92107264131134801e-03
5.15529561632926004e-03 3.37002393664475545e-03
8.67359145545250863e-03 -1.79443986953656243e-03
1.75362047815012150e-03 -3.60133170136672830e-03
-8.83243959501935289e-04 3.45421949289899670e-04
5.27370457184941389e-03 -1.28822630336983138e-03
4.02622698981805992e-03 4.18304294541635945e-03
5.14606507155770964e-04 -1.35750767033749665e-03
4.05654817563981269e-03 -5.60998242450022958e-03
6.52118276689155150e-03 -1.31415862651279775e-03
6.14518808426471608e-03 -2.01093317521965249e-03
6.06352017119577910e-03 2.07843129338357866e-03
-5.24009849267517941e-04 3.35843984687166607e-03
1.73498622614810740e-03 -8.75305562281341459e-03
6.13402648763457150e-03 3.11903691661282031e-03
4.94164508309553451e-03 1.12917880157165536e-02
6.45233864086346056e-03 6.21772581457707106e-03
2.78487871598668722e-03 -9.00307312219984085e-03
-8.67330793761260377e-03 7.95422385561105126e-04
1.14273499986408886e-02 2.19790149506095527e-03
-5.70516755023504733e-03 2.26760086635557304e-03
-5.05798142020124188e-04 9.88681114724942805e-04
5.20546566623345842e-03 -1.76588362793668745e-03
4.14220824706508940e-03 4.35725677757190996e-03
3.94923009831948252e-03 2.59916466742807087e-03
-7.78675306325882222e-03 8.22061539860287674e-04
-4.35158209006196537e-03 6.37626561532341971e-03
8.22177731164937080e-03 1.07322761132614547e-03
2.08097656237825725e-03 -8.85134014696928014e-04
-1.66211408268175740e-03 -1.71332991666503227e-03
-7.74282386403287213e-05 -1.81240317593944983e-03
3.03488960923572809e-03 1.94815578637779017e-03
6.99174563846129832e-03 4.10436118159799700e-03
1.69294369119013066e-03 3.31562464225541474e-03
3.89336652270069576e-03 -3.46592908961369231e-03
1.79354671795302107e-03 -5.58265947109565404e-03
2.86886631516114791e-03 -1.83317631391722723e-03
2.49905017840754140e-03 2.87185577646526067e-04
3.18483579016484155e-03 4.34848936860525014e-03
5.43068419067295645e-03 -2.71754648726500216e-03
5.92075011232579256e-03 -4.00173993495495008e-03
2.29896218919326185e-04 -2.22475755559466051e-03
-3.18762382905457987e-03 -6.37942076065389839e-04
-2.43956131801078386e-04 -8.20852269216249073e-04
3.06763112409684903e-03 9.87441634158990004e-04
-4.22449692586521425e-04 1.97720243308943666e-03
4.58812377977532108e-03 2.71182148819798085e-03
1.01894324206767955e-02 6.07932924235974042e-04
2.89744484772165318e-03 1.90833829748497923e-03
6.20972153750358902e-03 3.99672961418482114e-03
8.94047590096243294e-03 -1.83869014768163453e-03
1.07648370954814224e-02 -6.06872350838472911e-03
5.72455458177523733e-04 -1.88899584037419545e-03
-6.08154462516499652e-03 5.13918786645731814e-03
-9.22286934682373842e-04 5.80884500435020399e-04
4.38986459580766736e-03 1.08314880783893092e-02
7.24056242949697518e-03 7.51081790153970870e-03
5.61921587780002396e-03 2.34349910891724911e-04
5.19896366706926356e-03 -2.22222197439248242e-03
3.64486559673138973e-03 -3.55736275112243205e-04
6.37988595072114337e-03 2.81167764847662163e-03
-5.59969291357188467e-03 3.73203236008993067e-03
2.37509460269014379e-03 1.22188122304678522e-03
-2.77270666736577766e-04 -6.09160553221402539e-03
2.19971110128643153e-03 1.25012332097786723e-03
2.15425224562374200e-03 6.79363790621520286e-04
4.18244441480459996e-03 -5.75141894289518153e-03
9.25118456259570697e-03 -5.21388960803827097e-03
9.00637762251028928e-03 -6.86504408120857269e-03
6.57750344277256184e-03 2.34950968900246235e-03
-8.68705254681898344e-05 3.26080692855819799e-03
4.71344419938446099e-03 -1.03201033255077173e-03
6.13071910851003751e-03 -3.37212765812858640e-04
8.40468805469186085e-03 -6.36660420810699745e-03
7.30347720242661719e-03 -3.21956501723107873e-03
7.43870143453072633e-03 7.69662454791151650e-03
6.89079359354680034e-03 3.19141257769625132e-03
2.17186320256467554e-03 -1.34105771756126463e-03
1.82165301410898471e-03 1.54649709960450843e-03
6.30645876827898560e-03 -9.14406531681846713e-03
-8.20386092871663170e-03 3.60858124145660300e-03
6.50062478310884685e-03 8.51544458834225908e-03
7.92844119850447115e-03 -5.94909978254065880e-04
-2.05198792659250749e-03 4.09935707732396459e-03
6.88611893771260038e-03 -7.32091726697501905e-03
7.96202338938363247e-04 -1.02192221906559581e-02
-6.94689932606409790e-03 -7.37241608754661461e-03
4.28141317923469520e-03 8.89843468679158171e-04
7.72532871932190873e-04 -1.04089762655490479e-03
-5.34702861898304817e-03 3.24850709419844058e-03
-3.79148568248511338e-03 2.13835511223746519e-03
6.42990731368415364e-03 -7.70660405530745971e-03
1.48498200587867443e-03 1.27449549071873545e-03
8.32326326640110518e-03 1.89753895801076972e-03
4.86281206744651386e-03 2.50042009573707858e-03
5.19132571063281052e-03 -3.72456383766389719e-04
6.84850972503383768e-03 -2.02266522790207681e-04
-5.33747480150978761e-04 -1.02696981674952801e-03
5.30699356672792466e-04 6.32232780071003558e-03
3.06858975238717170e-03 1.16380936253571306e-03
6.61385517702588882e-03 5.51260361126738180e-03
6.37627697006052686e-03 -2.99479839152393210e-03
6.36784884261805428e-04 6.05422163271512881e-03
9.27395449328469960e-05 -3.09215847095075432e-03
-1.38209589822251531e-03 -6.67071468623421475e-03
2.25017035270034865e-03 1.93542804825172585e-03
4.65107939045584270e-04 -5.75410068826708292e-03
-2.81388492889101272e-03 -3.43528321943900377e-03
2.51109923558215419e-03 8.78983471375613216e-03
-3.18427845566041697e-03 2.94225641256141285e-03
-1.14219400591311655e-02 -7.28221119467000085e-03
7.69777054826682478e-03 1.78663790547709672e-03
-1.33301505302863547e-04 -3.74146645898207949e-03
-1.53214258478212508e-03 2.64340388104863759e-03
2.36238980201336837e-03 3.40694506479255737e-03
-4.16302086784661133e-03 6.87459901051458606e-03
-4.49869972386847568e-03 -2.48433787669117591e-03
-1.68616283681936744e-03 5.72390718290849681e-03
-3.45771731211032838e-03 8.04965174300441982e-03
9.09395776855537012e-03 -3.40666750446664819e-04
5.48879428913821767e-03 2.58758455842747004e-03
-3.42127262160290971e-03 -2.77882710247539730e-03
-1.24403975306138707e-03 2.84063545553091051e-03
-9.88799747343639505e-03 2.30677830612799556e-03
-3.57240426175992228e-03 9.63092029178218290e-03
-1.19475953926209645e-03 -8.69528134946534297e-03
-1.59760541466926528e-03 -1.07954334730062736e-03
-2.45023146493773391e-03 3.05605215528421864e-05
3.29210230575706494e-03 -3.15175269262195096e-03
6.67803073663993888e-03 -7.97238425722046444e-03
5.35161196303097966e-03 1.00161672693889437e-03
1.93480377585917760e-03 -3.24370879895227032e-04
2.39876336407933389e-03 8.11949723514233772e-03
-2.83877871824842788e-03 8.44732771553254914e-03
7.10228720208656850e-03 1.68987482445945086e-03
7.64421646252336044e-03 -4.22102220413071109e-03
9.06043363113137774e-03 1.78877901792316068e-03
-9.82504848715639797e-04 -3.24004231987514400e-03
3.97926294474773134e-03 -4.19339461618987628e-04
-2.67986985905467991e-03 1.05912291104043798e-03
6.58538288780279642e-03 3.49149459121502782e-03
8.81560480020549854e-03 6.17711198643429568e-04
4.38542755218364593e-03 6.04065035849342749e-03
4.47268110590876879e-03 3.53389457588276041e-03
1.12009637290091824e-02 -5.83775555530592367e-03
-2.82010765578466580e-03 1.22774694499424913e-03
-3.98768173031745134e-03 5.38673835871157592e-04
-1.24297748139751366e-02 -2.16689484165712268e-04
3.80809672777519120e-03 -6.64281312611155611e-03
1.75415670588517148e-03 -8.12044357690205713e-03
3.54073208884739905e-03 -6.58131904981386264e-03
3.21970670284667422e-03 -3.49350247535833722e-03
-1.54313108290430830e-03 -7.86342973340366165e-05
2.02561789313563528e-03 5.49882757010700714e-03
-5.16071428191898149e-03 -1.75656074763285623e-04
5.64253475559339367e-03 -9.10565570120908606e-04
4.14504888342515261e-03 1.11003010762109554e-03
-3.04987524632750837e-03 -2.70755434877121897e-03
3.61972521999458403e-03 -1.47027667453428885e-03
3.04376549149834889e-03 -3.06329286872122171e-03
5.45528850089454630e-03 -3.87429023464238263e-03
3.25711355703445010e-03 -7.15532349299905467e-03
-9.29276410955750046e-04 1.71102660991087358e-03
3.23817140692264703e-04 -4.62274443317604779e-03
-1.64736839910560465e-03 -3.45005025065105083e-05
4.04773063266285378e-03 2.50318765059356300e-03
-9.14931100331856768e-04 3.66229706530541268e-03
1.00036379610071773e-04 -6.76758645422390146e-03
8.95951988191552237e-03 2.20697622176050127e-03
-1.18538970809955731e-03 -1.79360501153148885e-03
-1.92643985684494141e-03 -2.11542707402654359e-04
-6.47150837637525643e-03 -2.97662034063747409e-03
-2.51528680177448430e-04 5.46490157878006758e-03
2.53502816141719942e-03 -3.77590491281189124e-03
1.61231111517904182e-03 3.94574182023778829e-03
2.61569308883092535e-03 -3.12392583538738692e-03
-3.87908588938960406e-03 -3.07153639501568437e-03
3.08787251124484265e-03 -9.79545707245260688e-04
-2.94069516677521962e-03 4.24957984316602644e-03
3.26759424705456601e-04 -1.70368825843635573e-03
-1.96403531465793105e-03 -9.70237851971945888e-04
8.04086200450208032e-03 2.29354054137278314e-03
-3.38021841777030744e-03 4.63459418189357542e-03
8.03895143925430385e-03 -3.16999051214847481e-03
5.04024324254305836e-03 -3.40838464192779389e-03
1.19326427108169667e-03 -5.86913330905764353e-03
3.51076692261100866e-03 3.20534696398349110e-03
-9.49997668352834290e-04 7.87560690645460436e-03
-5.94091071901708088e-03 8.02284460586942527e-03
-4.51742170036095042e-03 8.91453512344665515e-03
2.60120391940382376e-03 6.92991066244029279e-03
8.60770324745057194e-04 2.68388579642396580e-05
3.52806065437025109e-03 -2.11149268513995472e-03
6.90501180558626367e-04 -7.26433936537431335e-04
2.47310841370106333e-03 -1.81640605075807375e-03
9.82461593560613865e-04 1.46733669096132604e-04
1.37936851086906836e-03 -4.51212464513406093e-03
3.54301316910035288e-03 8.34931533332855438e-04
2.11105931000108967e-03 4.01590982413694512e-03
-3.04320579035723213e-03 -3.97665561786773522e-03
7.09058934565596870e-03 -7.77703229919123485e-03
-1.17103052361083111e-03 -4.42918744214486002e-03
2.56501825963205421e-03 1.40857080510293142e-03
6.95512445530750961e-03 1.01203630851269457e-03
1.75135905933309689e-03 1.54385532284436974e-03
6.71276398663003468e-03 -2.16111201856943567e-03
-1.25621592869592786e-03 1.54999095956645928e-03
-9.13978385147285019e-04 7.82834261395498089e-03
8.98532704573249959e-04 3.29293252999699479e-03
5.52263261328645675e-04 1.14316011598753170e-03
2.35148919852596087e-03 -4.83457787585716420e-03
-5.53032422275924213e-03 -6.86418182351385478e-03
1.98046799725699234e-03 1.80204856446079825e-04
4.99337465164506437e-03 1.32752546498825035e-03
-3.75757677091909234e-03 -1.93426530548072026e-03
-1.22895770316240431e-03 4.74588292047411174e-03
3.47427475150106696e-03 4.11342970551401965e-03
1.22525830976488075e-03 6.20726200203361423e-04
-2.27622266606800159e-03 2.63535348453493908e-03
-7.18378282117381850e-04 -1.21011620366071222e-03
-1.46252686128494659e-03 -1.77463012540340090e-03
-5.28750214509067680e-03 -1.12306528173757719e-03
1.04709325302662012e-02 -9.28340464624654443e-03
-7.59834693981880564e-04 -1.36244747039357948e-03
4.73871979019528568e-03 2.13021657302733727e-03
5.70144225591452756e-03 1.72327574762663077e-03
-6.75349335593272899e-04 3.54514568292721346e-03
5.20707068960633238e-03 -2.61817840045795334e-03
-1.63384892303561355e-05 -2.39961061434373121e-03
-7.87451460847942049e-04 1.87699155624206733e-03
-7.56847446761557512e-03 8.47146883490627021e-03
2.87581838031465318e-04 -8.48688482714179287e-04
-8.73231803504773379e-04 4.23606351564234651e-03
-3.38691752288359171e-04 -5.05537987415240978e-03
5.92132194020544150e-03 7.00285376520506079e-05
6.38087145516146384e-03 -1.80695814001812166e-03
-1.08884887243529535e-03 8.64757676487679962e-03
-6.31851306780999329e-03 8.40084742016690119e-04
-3.51511561820014437e-03 -5.33914995091132587e-03
1.36894109112653756e-03 7.36587856420871422e-04
-1.26614060920790506e-03 1.12405373412073151e-03
8.06418707820625940e-04 1.26164184581486778e-03
5.59797822155167803e-03 -5.77569260901734504e-03
2.29899602626300499e-03 -4.31291003269237885e-03
-2.38768604988281601e-04 -2.87314401716516317e-03
9.28013946155678646e-04 -1.14580912259007440e-03
1.00784664396001578e-02 4.25562492819060549e-03
3.00636804711636825e-03 -4.93400751039288748e-03
-1.16392887153367514e-03 4.55374237137069413e-03
4.18024660307857296e-04 3.44189825288859818e-03
5.09310992376623729e-03 1.82618498289132910e-03
8.66211989918144721e-04 3.21641644525884124e-03
3.29738251421242108e-03 6.74940730481253005e-03
-9.67449132597348639e-03 3.78149257910870458e-03
-8.34625279797105574e-03 -5.07784959649566336e-03
5.34434687743673680e-03 -2.01342555604810654e-03
5.46621532454729568e-04 -2.56754531672258074e-04
-1.00757484377684723e-03 -6.98150790458455664e-04
-2.94079735847606631e-03 -2.84075391477208285e-03
7.00238864875549379e-03 -2.75454169983902451e-03
2.79674377108669664e-03 6.72686155123274933e-03
-9.68235202049560475e-04 4.04082729763117956e-03
-5.10891515754609564e-04 -6.84947052376834366e-03
1.21521160932856948e-03 -4.16072141167347399e-03
1.29051314361149604e-03 -1.97426321998424650e-03
-3.64041268483325737e-03 -2.27690825770605855e-03
3.40740471056124239e-03 1.64283727114043938e-03
2.45625014507645833e-03 9.68625998756509005e-04
-4.41451366220693296e-04 -2.71096817952801031e-03
2.71641996840239460e-03 2.05888569728611935e-03
7.26485799397021386e-03 8.62932204100829922e-03
-2.50988731218718397e-02 1.00145258312622212e-03
7.15168320567034603e-03 1.90590377753271298e-02
-6.49889198541575390e-03 1.87499681904568817e-02
7.59618072818280411e-03 -4.62339703891827443e-03
7.17253257254393188e-04 1.82800099242009656e-02
-5.57285502306630997e-03 -9.92516245809815095e-03
-6.49354507540783642e-05 3.12954382858984933e-03
1.67148495483364319e-04 7.90033492281053303e-03
3.39414845507032912e-03 1.18803909017792930e-02
5.39890854218898816e-03 -1.73379383744398674e-03
-1.42901080747201382e-03 -8.49711126441678351e-03
-5.36587672825044031e-03 9.23411873033367671e-03
-2.65559554552274781e-03 6.11502750827455557e-03
-2.22378154304073887e-03 2.73529394696813474e-03
3.58013624993000880e-03 3.92778267726456073e-03
7.97898446408802642e-03 -4.05153556449837002e-04
-8.20601163261750269e-03 1.66542141591793473e-02
9.56402534813524663e-03 -4.88474184201152101e-03
6.96117509931854991e-03 1.05052704342909267e-02
-2.76545413169897647e-03 4.09697410044664034e-03
2.63397216948530952e-03 5.10072018065572171e-03
1.45533644983813441e-03 -7.68532826248023368e-03
1.99127646329694133e-03 8.54034550891984157e-03
-3.84132983181302221e-03 3.21500905045032318e-03
1.04095117472534394e-02 -6.17215842307443623e-03
-2.03229864706111311e-03 7.78976831122042690e-03
6.45337344431485237e-04 1.35291531378816249e-02
1.95670837513737400e-03 -1.17727757712010085e-02
5.93543066702251730e-03 3.61880047566501013e-03
4.36531801219943155e-03 8.46007861890721844e-04
8.35134441862848444e-03 -9.79625763132169680e-04
2.02933570646260516e-03 2.12947677055153528e-03
6.83216455815296585e-04 1.44816545192507102e-02
-2.28807619589515209e-03 -1.09500905603362227e-02
4.40419185362139580e-03 1.93322532014898654e-03
5.16372997974036060e-03 2.97516017629960178e-03
6.53603404878748406e-03 -4.42688438160274839e-03
2.48769227770987171e-03 2.67357613844067862e-03
-2.98277743546824028e-03 1.22829467192660472e-02
1.00077119594785893e-02 -1.34748703044142913e-04
2.77031751434893975e-04 9.00507145176716937e-04
5.30112199265279742e-03 -3.22905291991131211e-03
6.37483846938781320e-03 3.53418705668549597e-03
4.55964314481119206e-03 -6.09196753153013609e-03
-2.55107113349449088e-03 1.07671841839910939e-04
3.65056283087380942e-03 -1.91930714023132317e-03
1.56274996740359408e-03 4.81974374331709844e-03
-9.22776237969260942e-03 1.04972860070109801e-04
7.09426624635574408e-03 -1.20272435477399055e-02
-2.22836005982014838e-03 1.17806202089006697e-02
-1.89863128017101661e-03 -7.02706041143188022e-04
-2.75308949536101459e-03 2.23503770064817755e-03
1.80387957229842955e-03 6.47941406748728851e-03
5.78806159874881957e-04 1.47428535469110340e-03
-2.82915495836272941e-03 -1.61088610514890647e-03
2.44730345932089519e-03 -1.21749544323436499e-05
-3.09568038999229102e-03 5.69686598118165823e-03
1.91344041474172813e-03 -3.69019678500923792e-03
3.18011881580106646e-03 -1.03873978687678385e-02
-4.23961042286778982e-03 1.20029537235593438e-03
-1.75814120354854213e-03 6.23695660434694737e-04
-7.73972970553490707e-04 -1.97448143083084207e-03
-5.44384051084272590e-03 -7.22290912611442664e-03
1.12198953296311302e-02 5.30954730648322808e-03
1.04574232774964264e-03 2.01043655375857146e-02
-3.14143045295832153e-04 3.18477699937682115e-03
-2.96263776210144939e-03 -6.39782429196556314e-04
7.13410218752629464e-03 -3.31080124079263934e-04
-4.69865375577564314e-03 2.22205818751732877e-03
4.61341966558274485e-03 1.01833334935173617e-02
1.25594275990785851e-02 9.67534172701658285e-03
4.32673296491975414e-03 6.75599283129872143e-03
-1.42425381992828190e-04 5.13000768538211110e-03
4.76065917797492254e-03 -3.06396031533954670e-03
4.60163049818486901e-03 -2.40204248564031319e-03
-1.03355055131959311e-03 3.33370285781334078e-03
4.41216919596674334e-03 5.44729872451108540e-03
6.98112464898634558e-03 9.47925767850579283e-03
5.44572258373993495e-05 7.00492371816913324e-03
4.34061549625850904e-03 -1.09887630289469732e-03
3.97509457909218586e-03 8.00453315058636053e-03
2.22023049860918954e-04 3.11580041486869425e-03
-5.02291267614250574e-03 2.53236950920551372e-03
-5.40710052614752287e-03 4.47739395837318949e-03
-1.83431502893832357e-04 1.42136800623943807e-02
2.40265033227047946e-03 -7.63955472683702319e-05
-6.84580161830929145e-04 6.16680886838865110e-03
7.62008631331399528e-03 6.49698785807089133e-03
-5.00558585777823115e-03 6.71676535196533142e-03
4.20448021656650954e-03 4.74176915375483423e-03
4.68616959785341566e-03 2.14964202247806780e-03
2.65079162567351430e-03 -8.09494820571123757e-04
5.17458609139837510e-03 1.78682665294088456e-03
-4.18188548169278699e-03 3.17557171599577772e-03
4.87306912523227751e-03 5.93932088076765986e-03
7.92284724721118057e-03 -4.02268897596571879e-03
7.69839510073313366e-04 1.29131703588962823e-03
6.13383539480217080e-03 5.52023186283332433e-03
2.50012155421358443e-03 1.03435065519998839e-02
5.02529803634921193e-03 3.93057431289460264e-03
2.03775251063853307e-03 1.09021095159511482e-02
1.14189308617089844e-02 -1.20328990727753648e-03
1.54321240833800249e-03 1.59104870840544033e-02
5.02348653217059120e-03 -8.52751024440091820e-03
7.46367078006630099e-03 9.03327682593770519e-03
4.61087047678694888e-03 3.51708604896302894e-03
-2.69754411064573960e-03 2.75326132887218720e-03
5.75531450652792646e-04 3.79416119238575272e-04
-2.51443006455219888e-03 1.05280516392435523e-02
-3.61549103664125045e-04 -5.13974548097568575e-03
9.95461479914742410e-03 7.65099012012776178e-03
9.09966651082496324e-03 -6.48830951784580209e-03
8.93894444774305714e-04 5.87077775255479949e-03
-2.96925464012082370e-03 2.72063857600299145e-03
-2.27426805904503825e-03 -1.36577340901169168e-04
7.10391051329036481e-03 2.68647382976733469e-03
5.49245175225946129e-04 2.23731454377530789e-04
-5.14826733932945493e-03 -2.83659768885208621e-03
2.64389890131554520e-03 5.28440042073542813e-03
4.34604269635700553e-03 1.14756767265260890e-03
2.37022385208856450e-03 -2.17635399244589479e-03
-1.47976587356815517e-03 -4.73371017281770754e-03
2.00983437554220866e-04 -3.11706953377169317e-03
-4.69563381169370471e-04 3.15098034047020265e-03
-2.64588944652820179e-03 -5.08155124560075080e-03
1.33114106554691001e-03 6.60618034229077701e-03
9.23100259824937222e-03 -7.26527303867943730e-03
5.87515736010879347e-04 -4.75345255778784892e-03
-2.07482822643187195e-02 2.01821892929637675e-02
9.74331659390532089e-03 1.12108388129600767e-02
5.08775837865093421e-05 2.79663744408943059e-02
1.10549824122236802e-02 7.34251659838227547e-03
7.44019481598129709e-03 7.47068391967241688e-03
-3.46531599209603516e-03 -6.55953097288926052e-03
5.25096165304864831e-03 1.33431046138909395e-02
2.67103873173443881e-03 3.46432780401079816e-03
1.48452511694783934e-02 1.90551919198618594e-02
2.78916377339924904e-03 -3.93321695991666613e-04
-4.83494428920461933e-03 -3.97887460923603193e-04
-2.77754890477142739e-03 3.38508876489490660e-03
1.30294259168647506e-03 2.26354471520207566e-03
-1.09212678903374276e-03 4.78365658831197450e-03
9.72108568466836798e-03 4.03590167680129702e-03
1.50634019538139746e-02 -3.53307566995454854e-03
-3.67538478464772469e-03 2.36482107606288856e-02
6.04698788518067461e-03 9.17723514368116652e-03
5.27660078392403007e-03 9.01666555642644668e-03
-7.13529177092833786e-03 6.53950228316789537e-03
1.19970473101949655e-02 -4.66619268176264850e-03
3.01137384715782557e-03 -3.46477867424450654e-03
5.12466864754377270e-03 1.02481535925991636e-02
8.62871879661717377e-03 1.33302040881993242e-03
-4.83522980744669709e-03 -6.84509418019270139e-03
-5.67998005426362338e-03 2.19989613936744013e-03
-2.62246779120313064e-03 1.34690821822662631e-02
-2.05125222314518326e-03 4.83234665867501422e-03
2.93666155787156331e-03 1.55853026952108105e-03
-7.00673684929681946e-04 4.26377385820073292e-03
2.99434828812792384e-03 7.36275725557874929e-03
4.80790822774013627e-03 -2.71523145572659949e-03
1.36433169324269559e-02 5.87289881892836142e-03
-5.41986656723634878e-03 -4.80979736127975024e-03
4.21198031032245322e-03 1.05932608672145826e-05
1.24566605531562023e-03 4.72458783388610137e-03
1.53661216474536917e-03 1.62493518873287729e-03
1.39264307505004609e-03 7.15391143803654605e-03
4.98059220719363101e-03 7.16806545058326205e-03
4.68704775096230424e-03 2.34841622816189203e-04
1.89448339754159879e-03 -7.87816252798482011e-03
1.80263389886006764e-03 1.87098707264362046e-03
1.01539730025854017e-03 8.68762079341710118e-03
8.69953893486450323e-03 1.96532529201569458e-03
5.74911828273264860e-04 1.59513655567013191e-03
7.18869180018590938e-03 -4.98897301514672400e-03
5.77349719127025120e-03 5.19394956781761910e-03
-3.86161808284866091e-03 -6.78983469364497221e-04
-1.98118982717601470e-03 -9.05874458936538340e-03
-5.88259655765075058e-03 -9.85029003039107967e-03
-2.08334029049506327e-03 2.02745269023453479e-03
1.71083954127621853e-03 -4.03376098176646408e-03
4.26489929660118713e-03 -5.19863126068009600e-03
4.91929482206090486e-03 4.40143551166775632e-03
3.64014015452533224e-03 1.12204907120274310e-03
5.79759896195456738e-03 -4.60812693770322728e-03
4.37552041391355267e-03 5.46940675875646435e-03
3.88982693522565981e-03 2.07266029634765826e-03
3.07779150872757989e-03 3.43942721877957443e-03
-6.31435423021068276e-05 -1.04438092743204033e-02
-4.25262749763664037e-03 -1.51114101262429172e-03
-2.39565183837155788e-03 1.33382559008981454e-03
-2.08358953238055788e-03 4.95066863186140790e-03
4.76082558439440244e-03 -4.83532891194875226e-04
1.09534560680173958e-02 1.20635068893160235e-02
2.11271280175955988e-03 -3.46477078959100612e-03
-9.00925730842284922e-04 1.31489723683444141e-02
1.51263431178064716e-02 7.99370255362852680e-03
6.12459424567412397e-03 1.68321337598833602e-02
1.07290305277157340e-03 -3.56183121381594857e-03
6.50072910393382445e-03 8.69420312066453670e-03
3.08368383665368019e-03 6.01353707192655781e-03
-3.21234179250197730e-03 -5.18852853703448587e-03
6.18965970390630837e-03 -3.73299085972942507e-03
1.72686501503485634e-02 1.89230614107330219e-03
4.92850758226882381e-03 7.08638728996059935e-03
5.54287951013814843e-03 8.16346604345329768e-03
1.68952820302962874e-02 -1.42723834444115653e-03
-1.06185550951414073e-03 1.53061674815819660e-02
2.21263597429446977e-04 8.45075822424639495e-03
1.35254527662046140e-02 -7.68559874725913746e-03
5.75658609493246484e-03 -1.78795421764210054e-03
9.84651485678380125e-04 5.91739011254165722e-03
-3.68728265839486950e-03 1.29572730277903257e-02
8.61234114531329170e-03 6.08280833009621890e-03
8.83383821587213625e-03 -9.12850796261551584e-04
1.61186776293213035e-03 1.13483061406256577e-02
6.89478188692734060e-03 9.68311889639380044e-03
-3.62975835957983928e-03 1.01967564711350628e-02
-2.73051972974063971e-03 6.31876810836699658e-03
2.94665842576389983e-03 7.92969644671616403e-03
1.07026091379408377e-03 1.05186724902865680e-02
7.15862996129859163e-03 8.58361870634315356e-03
9.03259309462991176e-03 2.11879997707982177e-03
3.71088173383864227e-03 5.33752176444580485e-03
6.25303770149335421e-03 -3.44031310584828540e-03
1.98683333060543921e-03 2.71921736836578407e-04
1.88810374515363207e-03 1.70097681797513780e-03
1.08382481321376341e-02 2.54524520583391178e-03
9.48312498414039543e-05 5.78762378757073388e-03
5.27306206899340150e-03 1.45428252125276631e-03
-2.50436719346034189e-03 -1.85413384156048688e-03
3.54725515282150244e-03 3.59823983675475450e-03
7.02604308429131356e-03 2.60523118338569721e-03
1.58033579735130888e-03 4.92556721120651457e-03
1.12063181820443517e-02 1.24732880941593035e-03
5.55903407401108635e-03 5.28431463657298792e-03
1.56817757113811464e-04 1.49448797718584208e-03
1.27804896227698261e-02 8.49516592199660477e-03
4.45749826908902001e-03 2.29419854313050618e-03
7.65033066870275929e-03 1.09570611794431883e-02
6.84058989939857320e-03 1.46249914881761201e-03
-3.10463361441922067e-03 -8.12656789312071466e-04
6.00991644685373774e-03 -1.77920076362645812e-04
-4.41798770257230411e-03 3.52545087311191899e-03
5.20246549134152983e-03 2.07154002522955388e-03
-2.90279127481114525e-03 2.03950098907704257e-03
6.45979306762437693e-04 -1.68979464547164195e-03
-3.25205796873394336e-03 1.77517247160310964e-03
9.72502945818452293e-03 5.21450779021809772e-03
1.01601468542793249e-03 1.18163257967326529e-03
3.69430055311524650e-03 -7.71828897816176102e-03
3.70353026229074990e-03 8.74589765513301455e-03
3.00821874125551140e-03 -4.85269100451777191e-04
-4.98457355909712294e-04 8.45375436649351865e-04
6.92608770880590811e-03 -4.34702668398040133e-03
-4.36382604727178947e-04 -6.65799134026379960e-04
3.16830679902457141e-03 3.38396396318262679e-03
3.76209668794605552e-03 6.93445220928205330e-03
-1.50966685985210488e-03 4.07463884978664925e-03
-2.82769955214153381e-03 7.80475106996251795e-04
2.85323561803653121e-03 -4.71778486426217185e-04
-8.77043211238774309e-03 9.90400009889804908e-03
1.07317188890364672e-02 -5.86737322236329135e-03
8.14189509253636368e-03 9.56870507336809659e-03
5.11928053860823563e-03 4.97988179300965449e-04
1.26676205675666626e-03 6.45003252397118119e-03
8.01911765478648467e-03 -8.79445817964041518e-04
5.48039328551919169e-03 -1.25558204242616944e-03
1.49044372201420595e-03 4.72213841704746239e-03
1.05849077764179553e-02 1.28682040724451014e-02
2.07707077521854635e-03 -7.79543701161552376e-04
6.80595874887707925e-03 -2.86171367789910371e-03
-5.05068538038265773e-03 1.42411307455821189e-03
1.53798407007430422e-02 5.04290601685303957e-03
-7.23901494506707082e-03 -1.92136722658254396e-03
-4.79300549839995534e-03 -2.26083513080536491e-03
4.71775541448071854e-03 1.96524193151933384e-03
6.66650926425599050e-03 2.26530128382950542e-03
5.19614818187449142e-03 6.14672331700398273e-03
-4.07414673320512840e-03 1.00350192883265398e-03
7.00985518453573712e-03 2.14566104357318899e-03
-4.63356863918083523e-03 8.99453499477030952e-04
1.44601243034400153e-03 6.46466476791082451e-03
6.40984888359885131e-03 -5.94737088324207366e-03
-3.65335485166277390e-05 -1.49509835323810548e-03
-4.63668560670370093e-03 -1.05459922247238980e-02
7.62531771712236881e-03 -1.43163867133670199e-03
6.31222509906351550e-03 -3.70971463249433146e-03
2.25845709891344185e-03 -1.04892155747705537e-03
6.06938017955896587e-03 -5.29558908794545286e-03
2.89540557038404705e-03 -1.50064039719929312e-03
5.51644687211342438e-03 2.94568174060256443e-03
3.44877792523330413e-03 3.16364027952132070e-03
-2.85002674601532360e-03 4.92621643783146268e-03
1.04314971390442510e-03 -8.39409732395234140e-04
6.95229076870943798e-03 2.82839076252742148e-03
-7.67809776980233130e-03 -6.34887068207751898e-03
9.04120088150597162e-03 7.11850998554125480e-03
-5.06594741440808197e-03 8.96138632641779037e-03
-3.45100845983520419e-04 -9.36839170393971576e-04
2.89320956879184641e-03 -1.59701089149541834e-03
3.91454276974036869e-03 2.61079688436239351e-03
8.09364614543640372e-03 -3.67815846145899900e-03
5.22685834561898831e-03 -3.49495389636624151e-03
3.66996155960690662e-03 -1.95016206373650324e-04
-6.38625798508681269e-03 6.90750418111067601e-03
3.31016053953839566e-03 5.74414218784843303e-05
7.08491275269703845e-04 -2.85239653491272142e-03
6.49181292797725799e-03 -4.50125237408390173e-03
-1.57184335972411103e-03 7.69652807441809951e-03
5.00787564980755516e-03 -4.92876928979689172e-03
-1.56445353085788450e-03 1.61801540158828757e-03
2.72604709252120218e-03 4.67302608115128301e-03
-2.10959887371805219e-03 -6.21117150840806188e-03
2.57833412012667363e-03 -2.02469431640840691e-03
-1.02976423654158627e-04 -3.43254910628394390e-03
2.08250656704475796e-03 -2.57894898714936243e-03
-4.89068049633100202e-03 -3.30763633652838857e-03
2.09863106984329835e-03 1.00905503152970834e-03
5.30181490013332006e-04 -7.86695086527973387e-04
-1.51924588651529044e-03 3.23692800285550666e-03
-1.12652307517856695e-02 1.75336391720927855e-03
6.27623591893601302e-03 -2.58863756447914308e-03
2.61198886225707302e-03 4.35792801415634066e-03
1.83458115020241220e-03 -6.09551088034499325e-03
1.10957894877269665e-02 6.33536302469999389e-03
8.07305824080487033e-04 -2.09964060828444392e-03
1.25842105342397845e-02 -8.83532902829960772e-04
-1.45598930008654782e-03 -6.40793723353583027e-03
1.44765879406690418e-02 5.30571167474806933e-03
-4.39407310197591130e-03 -2.59342757806850467e-03
4.61786653046918766e-03 -2.29891058746745309e-03
-3.62203884758824498e-03 2.23571339768913972e-03
9.26601331792139236e-03 3.80003025915006103e-03
5.01173437244342560e-04 -4.32656746231560151e-03
-2.21362115368633431e-03 6.64325766870623585e-03
-2.27917138136294033e-03 8.40229559349465679e-04
6.18104741393267596e-04 1.98479802295246227e-03
7.89296235450267884e-03 5.94895640597520141e-03
3.45195636119916254e-03 -1.47221596892370670e-03
9.80247963668809397e-03 -1.68119130015202158e-03
3.31883078697439932e-03 6.49254559432492755e-03
4.97788721321924983e-03 -1.51320692315484642e-03
6.23174133175487081e-03 4.46965876107890698e-03
2.49438355403895596e-03 5.28061257147085811e-03
5.43930930989380487e-03 -1.00068854564570146e-02
2.93658048815176364e-03 4.98083751493101981e-04
-2.87145832272751129e-03 -1.32067575893516070e-03
-1.32490163710866104e-03 -9.82598396747555707e-04
3.90837243707709090e-03 -3.24811096444580427e-03
2.06005209941042270e-04 -3.31437746141527597e-04
4.22733206362540387e-03 -4.23016411813861761e-03
-8.70068205711075141e-03 -3.96206379884902083e-03
7.17954585481078971e-03 4.26532745406217086e-03
6.46852832438218244e-04 5.49446675195737737e-03
4.40485639415697482e-03 3.39574951894909592e-03
-6.43090211646860609e-03 -6.04171792031588974e-03
7.00443643233873790e-03 3.98074627369377854e-04
-1.40614415855591711e-03 -6.03254921040875412e-04
1.04908140691945331e-02 -6.59692453024616956e-03
3.78272246371187974e-03 5.76363004261222240e-03
2.13141152883502801e-03 1.33505105993216304e-03
4.20344943530269726e-03 -1.53403585423402813e-03
-4.55098086560078510e-03 -3.41488368455839788e-03
1.38488205811020701e-03 -3.00259441673453547e-04
7.63204400713867435e-03 -1.30773702322294332e-03
2.44885022068920283e-03 4.84481607007549841e-03
3.67250889569396876e-03 -5.59889280679448133e-03
7.37194169181939227e-04 -1.12398715831470934e-03
1.48824168507107448e-03 -3.72170506166904651e-05
5.56867509340943593e-03 -1.01272378156332353e-02
2.74394908476898857e-03 -1.88601724534531246e-03
-4.78944118708351228e-04 1.88211999146117273e-04
1.06247516660641270e-03 4.22921441541542409e-04
4.51859117775338902e-03 1.57280011281586436e-03
8.24672594982476734e-03 1.25486895520239669e-03
8.59197639683902982e-04 -8.53252660169576127e-03
-5.07022739231320131e-04 3.94265591751892953e-03
-2.44529131146512240e-03 -7.24557500376138007e-04
3.84298728871919001e-03 2.13558147533186903e-03
-7.57627652919669065e-03 -2.19983057210517037e-03
1.85788516665051444e-03 -5.04590794333638348e-03
-4.08251736052336715e-03 -8.38906340932492599e-05
3.71832884714196760e-03 -3.82054194960415247e-03
1.23657254156436247e-02 -1.26178732711626778e-03
7.86581808213390916e-03 -9.09861394624590799e-04
2.41223907667432970e-03 2.85774629423395489e-03
-5.34301852433912480e-03 -1.35271685674760527e-03
3.81219106020388131e-03 -5.63400264983617092e-03
1.22564085280512883e-02 1.05320472322620266e-02
-2.22207365474438737e-03 -1.69945885258192096e-04
9.57478091731700509e-03 -3.44184357377822457e-03
4.08874737229718462e-03 -3.00956814567437600e-03
-3.46895191611322961e-03 5.85542481967766138e-03
1.89742189309851338e-03 -5.99912393972681576e-03
6.06442997547501552e-03 -4.40373096274349063e-03
-6.04856026568702070e-04 7.86760545492360894e-03
1.28630286098098470e-02 -8.99374164098112037e-04
3.15892783094433045e-03 5.72983078935108015e-03
6.84834440166334161e-03 4.91558535019634077e-03
-2.04495934791680371e-03 2.88510906356623340e-04
3.67168159124806309e-03 -1.45679003025389053e-02
5.76606603550597081e-03 -3.67274738834297938e-03
-1.81977824591999051e-03 8.74117855261214924e-03
7.72615199137697758e-03 9.36755581623731175e-03
-2.88905195041157118e-03 4.34961311582156805e-03
-9.85551062503668349e-04 -4.76462325641455534e-03
7.26591114216819465e-03 5.41796026394925512e-03
9.81500357909524321e-03 7.75784487002924641e-03
-3.29800703430551539e-03 4.69996512927194077e-03
4.87648662661795129e-03 8.96395833740533214e-03
-2.31395604396610359e-04 5.55135390386074339e-03
3.12240269801809410e-03 2.83044194683048159e-03
2.57750469938189050e-03 2.28593505818930039e-03
6.30787209491589715e-03 -5.97728009938439564e-04
5.33973744074334178e-03 7.59913154054952145e-04
4.08797407514426350e-03 4.84826706586959696e-03
3.01694443412883675e-03 2.79246480497056344e-03
1.27337533106615755e-03 8.78779346566620559e-04
5.86409031130038973e-03 1.12282658716513482e-03
6.41777933991937409e-03 -1.26260697380745708e-03
2.15263527551816120e-03 9.14361660482425516e-04
-2.04762453966861134e-04 2.71556668232655082e-04
4.89434294157313661e-03 -4.63521485119422483e-03
5.02196055485017601e-03 -7.71124679798694426e-04
-1.48957142745616495e-03 -5.88579169255635539e-04
5.57773988332377867e-03 3.11612457674058070e-03
3.91254315726488784e-03 1.16692085647523078e-02
1.17619298265101454e-03 -2.66631200158433260e-03
1.15494911632695193e-03 2.72267871165972819e-03
6.14200776017337618e-03 -4.78818542017313796e-03
7.92606848927481650e-03 -7.21445145224543032e-04
1.15956083984898959e-02 2.56215366515699736e-03
-1.05876120503817358e-03 -1.10190776455296787e-03
1.14069169941969327e-03 8.69695258885229633e-04
1.23645414292796905e-03 1.09292318394974865e-03
5.01199505672620792e-03 -1.48392538150241698e-03
-3.39630966154402195e-03 3.56122215871145040e-03
2.76165214313234459e-04 -4.46596091753864063e-06
-1.10958159568877359e-03 4.16875943236152957e-03
2.34732692389013221e-03 -8.90807049233575780e-03
1.03240720659150773e-03 -4.82119701744144254e-03
4.81710873760600195e-03 -5.69236536698376587e-03
1.04655970556413805e-02 9.36841492130780840e-05
-5.35969597759719074e-04 1.69559356476356102e-03
-7.21297488906300251e-03 4.34693878800687574e-03
1.22164595435462521e-03 -8.64008021033254095e-03
-1.56573348135467761e-03 1.60705935847149889e-03
1.40691503409983137e-03 -2.61450599309984025e-03
-1.13771807628608684e-03 -2.39779380417806361e-03
-1.10819257098592719e-03 -3.31969918935326154e-04
5.29610027154693228e-03 -7.50155576596844018e-04
2.38427744394414725e-03 -3.26662972402458644e-03
3.74465635851050152e-03 -9.95041784688210050e-03
4.27664759224665077e-03 5.00487925810519591e-04
3.76238449738256538e-03 4.88546127335174165e-04
2.46743415171976057e-03 6.08269255500444871e-05
1.64583026699734159e-03 -3.28297321401238573e-03
5.94253360847418668e-03 -3.69898063588936323e-04
3.70332868706678767e-03 -6.06979241949438201e-03
-3.36970824758521089e-05 -1.03941683453457668e-03
1.08717257921173757e-02 -7.18107115516067361e-04
2.71954035975951688e-04 1.00498198004525963e-03
-1.62065313790244934e-03 -1.52416224942671032e-03
7.99018016221415242e-04 1.19757838007989535e-02
-2.78445294273922672e-03 1.61174051543449513e-02
3.99918162439125060e-03 3.73500159041554322e-03
5.55725121114513439e-03 -3.72586887446922210e-03
6.85841818028991735e-03 4.35482251438462815e-03
6.21365875368613037e-03 -1.09015153601658954e-03
1.00978042767256651e-02 -4.03092292335763258e-04
1.92204241060971192e-03 -8.78899316987003854e-04
3.53149475316716322e-03 5.63959790335130835e-03
-2.44288758925378761e-03 7.09544509587111370e-03
2.70177356775628489e-03 4.65350560234892383e-03
-6.27363388251809401e-03 -8.18119371087807669e-03
4.44469035363194973e-04 8.05029168452267227e-03
9.68508257888612417e-03 -6.62961696166416395e-04
7.18206163970939483e-03 9.05112823808714925e-03
3.36161266494325404e-03 5.17408673206928502e-03
4.47660650509095533e-03 -4.81994756118281093e-03
1.84412426567069632e-03 1.64582797813190088e-03
5.60848364585939292e-03 -4.35301613168826654e-03
2.24932482833587171e-03 1.37508907322186425e-03
2.76615105330182704e-03 -1.37248599245759105e-03
1.67323666030839502e-03 -5.34630065043897873e-03
2.46318060626608088e-03 -4.32184346332850806e-03
-3.21980273776161863e-03 2.68318107692241525e-03
-2.61355714730314003e-03 -3.82421150493395976e-03
2.31302614252976027e-03 7.71279080929865215e-03
2.00346508234376317e-03 -1.40641376773264527e-03
2.21168032438262601e-04 -8.70209626418775271e-03
7.17138392426928256e-03 8.70155768521297117e-04
5.79751932434822027e-03 -6.87618676552185452e-04
6.46805346451410999e-03 -1.40988207075424762e-03
2.46052536184531052e-03 2.58668052247292219e-03
-2.30711795386706478e-03 -9.96745359621510965e-03
1.75210395875150470e-03 -2.77808370864901771e-03
2.00500720664292418e-03 -3.65443977350602247e-03
9.26116903270929499e-03 -1.95265386564643989e-03
2.44394541215892406e-03 -2.53666214696813197e-03
-3.59402421076831754e-04 2.28077409111729400e-03
1.21848879828020474e-03 -3.50027840804611589e-03
4.44633903621499422e-03 3.25678841006052161e-03
3.88162640058797555e-03 -5.40915314426706454e-04
7.26008646909401950e-03 -8.85248899341784575e-04
1.08101169440715439e-03 -2.45663708310870442e-05
8.59625006806136009e-03 2.57120206398621463e-03
1.90435001156191741e-03 -6.61080288537339161e-03
3.23928083686157069e-03 -4.12468636790170717e-03
2.71235817165293514e-03 -3.97800114323747928e-03
7.60684149778123337e-03 5.92322211851270541e-03
5.58335632154096078e-03 1.21257422848024647e-02
-1.42769262818893856e-02 2.03891129884830706e-02
1.46920714462286713e-02 4.53359746557970738e-04
4.33837357324720792e-03 1.17543658778150682e-02
6.61154978078686874e-03 -4.48002696852135580e-03
6.97563552493594800e-03 1.39428135285177522e-02
4.63512361060499593e-03 9.40578988418114574e-04
9.42347740926582564e-03 1.43668694216362285e-02
2.97314741126984390e-03 2.07238794891714405e-04
-4.66757556839165425e-04 8.53822516603755174e-03
2.88736689077975610e-03 -2.34395606317423631e-04
1.66446727282416602e-03 1.05750510799354426e-03
5.55790159004916802e-03 4.47541952555257500e-03
4.76009999773324526e-03 1.31503072505798260e-02
1.23745042419478994e-03 -2.84092947345000388e-03
1.55986543831725913e-03 -3.99270378895921936e-03
1.99589361256946726e-03 -5.09272378278742988e-03
4.46408913453449040e-03 1.97239021744174368e-02
2.44401900308463364e-03 -1.46910576415099602e-02
1.06612160679390097e-02 6.43555637070258261e-03
-8.97296869069258256e-03 4.48719506187614942e-03
-1.95328454166012301e-03 1.09030877373523308e-02
8.32859422805175970e-03 2.90597361703578798e-03
1.02110225955075809e-02 5.92394338880815156e-03
1.29187982288623713e-03 -4.62366291501778524e-04
5.15492363402650193e-03 -5.85075161861973482e-03
1.60124522908323269e-03 1.07651457248298058e-02
-6.49068201720334921e-03 9.02576797601074149e-03
-6.54123831340894333e-03 -2.34237255976359063e-03
1.47528992194693263e-02 7.78353067279461807e-04
-2.90869225490469462e-03 2.70818994884981833e-03
4.09351376439663628e-03 -3.71288031395853538e-03
3.69587584437494837e-03 -1.09548370666652604e-03
7.58776419043495458e-03 1.26034191658352009e-02
-9.13714698484179889e-03 3.99165377456176407e-03
1.33897167173674413e-03 -1.30975176660874442e-03
-4.27518752275284509e-03 9.86069298639703773e-03
2.13456312852862456e-04 6.40084821028257499e-03
6.31029417664939925e-03 1.90730182358666298e-03
-1.14911152685367155e-04 8.99490156589418180e-03
6.93306790517490053e-03 2.58121418946338776e-03
-4.16491948440049584e-03 4.37378380228897225e-03
-1.41033023257080116e-03 1.44578190924338256e-03
2.55839383157304768e-04 -2.33333075896655475e-03
4.23934409612974385e-03 -2.86108254220582498e-03
-4.49261512989797707e-03 3.44411108981657488e-03
1.36908786374855137e-03 -8.84680361801941373e-04
1.05188254806380787e-02 3.36792136930846734e-03
2.33941706428026979e-03 1.59511660801712227e-03
1.65985619304826566e-03 2.46390730412006289e-03
6.13223754698627010e-03 1.68613065247420627e-03
4.25296148277998828e-03 2.06161108445156952e-03
2.54305208055546515e-03 4.18042391851289764e-03
-1.17893198895702572e-02 8.29940077360789494e-03
8.70621465078770182e-03 -1.62322599887578900e-03
2.52419056390242014e-04 1.12333653238812941e-03
2.28595565736807111e-03 9.76221522978661452e-04
3.43079713392074621e-03 -1.89032173001558415e-03
-1.00292291275480712e-03 -4.29713725795526514e-03
1.56905379485798970e-03 -5.90472187554050634e-03
-1.79687781937070096e-03 -1.66928471419773312e-03
3.34046090566876216e-03 2.59129104183101772e-03
4.62180276475290027e-03 3.64194957189675674e-03
4.23617966994421606e-03 -9.14742103441061431e-03
6.55136256970515786e-04 4.57898071464203898e-03
5.94763197125151768e-03 2.14811495184180027e-03
4.54183013306575824e-03 2.13967228369202735e-03
5.13593019710992249e-03 1.95196859948559287e-02
5.65358460916292726e-03 -3.65627074482443573e-03
7.76631043715629230e-03 1.07298837457265733e-02
4.11831076738611822e-03 2.08549932249916040e-03
7.93883044220688137e-03 4.13051046199416124e-03
3.36614756402543822e-03 6.60235739013627886e-03
5.67752652541845051e-03 6.19234332726814347e-03
-1.71414278536676006e-04 1.30059479960376154e-04
6.50240841313688266e-04 -8.44128179717116081e-03
-1.15997003547477413e-03 -1.31653433494565396e-03
9.11495797871384600e-03 4.67687787498708481e-03
3.69663708045468676e-03 -1.28357077044239948e-03
-3.81194880158225316e-03 -1.39950329864754709e-03
4.85552084131603712e-03 3.10360727059661367e-03
8.47082126025270644e-03 2.31913592083465717e-03
-3.64331884565990407e-03 1.22889807007593461e-02
1.20602959958966867e-02 2.83755236080982919e-03
-2.51022845250389425e-04 -1.71641729124705667e-03
8.44365153739926955e-04 6.51313162973283458e-03
7.56373818804581197e-03 5.25797671070420483e-03
2.00487677542511220e-03 6.01372017182055883e-04
1.14282040316993137e-03 6.89705985411759055e-03
2.17411652311352193e-03 -4.09961416405989904e-03
3.50523106883701132e-03 -3.34335334562887391e-03
-2.85016698985257394e-03 -3.71720098248704564e-03
3.52685922031558199e-03 -2.18152240536951701e-03
9.00197253681767930e-03 3.69953608015991084e-04
-1.33171725695858359e-03 5.33759819983233518e-04
5.58014996938137591e-03 1.53198568766684841e-03
1.12724803980126988e-03 3.85161814604940598e-04
-7.50115265302160952e-03 5.04537549039341658e-04
1.05204890339087752e-04 7.90953258403996606e-03
1.21038411861490638e-02 -2.88857380525071655e-03
-7.49584433407977447e-04 1.01963079453943044e-03
2.15774731992151718e-04 1.22773145256534176e-02
5.51064362399319128e-03 -8.29571007271769968e-04
4.55977745534484787e-03 1.76937677568228258e-02
-1.47078418328541217e-03 -9.94179511672894792e-04
5.85978468669758924e-03 6.33707424211566654e-04
2.50863680196798059e-03 3.66143012877493020e-03
2.31600610978159246e-03 7.41994434840597609e-04
2.04925612757014992e-03 1.16749372132864842e-03
9.21103634963499861e-03 9.36011090837427645e-03
4.93309881446284734e-03 -1.16621443956311057e-03
6.31809678801391415e-03 1.93152010773243793e-03
-1.84179258781905350e-03 -5.07545135097033865e-03
3.93827977650153022e-04 9.00726322377775127e-03
1.06571664590392745e-02 6.35100898361730219e-03
2.73281956870669203e-03 -1.36044847321137367e-04
4.54614433942637005e-03 3.67144870339159010e-03
-1.60882171498056919e-03 1.03060774652297439e-02
6.57094085937358265e-03 -4.00997170278503436e-03
5.57419723784717720e-03 5.64692425951659593e-03
9.62314612351942403e-04 4.48022194741278662e-03
5.25851469978442913e-04 -3.96280174455725023e-03
6.97876474212548187e-04 -8.23104656780592218e-04
1.68125115755431696e-03 -2.26867789886678719e-03
-5.40218036461182112e-03 -3.77933884424886540e-03
7.44238392957432323e-03 -4.31286784949975154e-03
-4.82934560579568236e-03 6.84234912369802140e-04
5.44530115126674787e-03 9.31534238365641643e-03
9.84623720957676987e-03 4.93105861446593245e-03
2.91934595162461792e-03 2.52404518427310452e-02
1.79584174848778483e-03 -5.54222142066702114e-03
5.16502688623046279e-03 1.59261052488026897e-02
3.48768912623559574e-03 -1.58774924123779326e-03
4.25774631425726233e-03 1.30004044654201453e-02
-2.72596062322216608e-03 9.31250202372704535e-04
1.45723191418471766e-02 1.06280377127234110e-03
8.02922592444824178e-04 4.06664502404228533e-03
5.18804523389970740e-03 -5.81171157000403508e-03
-4.36619384913351560e-05 1.37348324479662698e-03
6.04841146939115708e-03 -3.98669271406693840e-03
9.45398161781983715e-04 5.37831165691618398e-03
9.25691050756954036e-03 -1.13561892061673193e-04
8.95541116766156164e-03 9.30370977958779955e-04
-3.93066776112704994e-03 2.98214255139623739e-03
6.45523785545786075e-03 3.72229085117490102e-03
1.71594332688895755e-02 1.03788719956354435e-02
1.04487029280687788e-02 -2.48387502014642140e-03
8.96690103272189225e-03 2.66114525844395348e-03
4.10776440569629586e-03 1.16821814048565838e-02
-2.30583412472688907e-03 1.19086663791299046e-02
1.07721384723970595e-02 5.12982524478895145e-04
3.48673318672563853e-03 1.18311416947278498e-02
1.12196670662362448e-02 1.31372523751703274e-02
-6.79650418675077552e-03 2.42077157222772349e-03
1.70089478760080548e-04 7.97479359005000971e-03
-4.80936689612534508e-04 1.30915616754650587e-03
5.39384577578182547e-03 4.37334104468150523e-03
8.07911140127855198e-03 8.76472736739970781e-03
3.27524353608230805e-03 -2.08065012912730810e-03
-4.84022867553325978e-03 1.12758693396573404e-03
2.13931611173277195e-03 1.57026650048215557e-03
-1.97827753546793461e-04 -4.10276904042235820e-03
-4.20643810641625412e-03 1.79693542569121355e-03
5.14402478176315646e-03 -6.17762230578892436e-03
-1.12623887062704669e-03 8.87989029394401245e-04
2.39589713162398051e-03 6.84241009978671204e-03
5.62461689236437232e-04 -5.55771874624847589e-03
3.54380379047704482e-03 8.69373484096179830e-03
2.66798365786536078e-03 5.54163992787783935e-04
-1.74494221911403093e-03 -1.88047086993325236e-03
4.97716293886415508e-03 6.57160761681511042e-03
6.47439713356702138e-04 -4.86778917440883717e-03
6.85635004681913081e-03 -7.21384552118112601e-03
4.79318716242390849e-03 5.01000782765185278e-03
2.82899245845908559e-03 -4.92858262758453201e-03
3.80860727181129210e-03 -1.40636910958138116e-05
4.26661646566527282e-03 1.14040490075301929e-03
3.45518880955848501e-03 2.56681872908966387e-03
4.58875821211903519e-04 6.69160930196744958e-03
-1.39957704241210502e-03 -1.66325755096754721e-03
5.30595004792185250e-03 -7.52339158046870385e-04
1.14691325540740817e-03 4.48091787558626761e-03
7.28367209253928845e-03 -3.22025160757818040e-03
2.83981382511004935e-03 5.64294211518729175e-03
7.43162484573933399e-03 4.25803997811408737e-04
8.03108402332648502e-04 -5.21303371946090204e-03
3.03425022636164042e-03 1.40106312917238321e-03
3.99898619733283361e-03 3.02490997172316341e-03
-4.74830802659894421e-04 -3.40888574566950483e-03
3.24448393223563357e-03 2.69938327241182755e-03
8.87367476063270311e-04 -3.36703099726460913e-04
4.07488292644566947e-03 1.39888643454700689e-03
4.74683712866456886e-03 1.88430501292491544e-03
6.40277500733694386e-03 1.31174267639633611e-02
3.86166370074995892e-03 1.04005387959026866e-03
1.78017470789937544e-03 2.68598147692534301e-03
4.53812406136747983e-03 4.69783546921506928e-04
4.01288674958045349e-03 2.64978388057626529e-03
-2.88421024303963259e-03 3.99236493683677914e-03
8.30352079738255733e-04 -1.07306042068695973e-02
-3.72017677676777332e-03 1.85530961909997059e-03
7.62679347127763821e-03 -5.55920681545096079e-03
3.54629238880745578e-03 2.05342776847285136e-03
5.87507342269778798e-03 -1.64263647372756981e-03
1.59642031145607917e-04 6.15841367554070818e-03
-2.40805168269706124e-03 1.34579593164163352e-03
6.55262768772805256e-03 -1.92910588730940582e-03
-6.37489849375408573e-03 1.45936614437186101e-04
3.89699713538530987e-03 5.59235525154106600e-03
-2.50642701966392054e-03 -1.82077944192921394e-03
5.42524030726790080e-03 -4.73216871415890229e-03
9.88156027084203213e-03 9.56361953017786058e-03
-2.32679955442998115e-03 9.76068981726729498e-03
1.15705303324569152e-02 7.27572495667179551e-03
1.55608133587091368e-02 3.81242067548046319e-03
-9.00117956636753772e-03 2.49864105651245597e-03
-2.48181830523694401e-03 6.09403562800557314e-03
3.74658278491969698e-03 7.49014551649519137e-04
9.10044970898186804e-03 3.06165801178597593e-03
1.40150614446893254e-03 2.96682039946488067e-03
-1.37486767191449984e-03 4.73180642071992143e-03
2.25346548167452992e-04 2.27257205510542721e-03
7.81623061130146991e-03 7.21243228392750863e-03
-7.76340226320492485e-03 7.70879917704804345e-03
4.33435258280230400e-04 -7.69333100549433337e-04
6.61324916272019916e-03 9.45912891406282155e-04
1.58658037669811972e-03 3.35736340504004527e-03
1.00148704051575572e-02 -7.54949059150631643e-04
-8.05008628689363442e-04 1.21795315310836835e-03
8.68084373839145794e-03 3.88714674966432559e-03
2.62599497143453002e-03 1.07075785249122267e-03
1.43956660152932069e-03 -2.37870582946720288e-03
8.31395374541116510e-04 5.64240431529991352e-04
-4.60996726863156705e-03 -8.56259106687470655e-04
5.80789762902309968e-04 -4.57622053189526718e-03
3.99973609674599689e-03 1.55561437856868061e-03
8.08855253321165619e-04 8.13775785050959224e-03
5.24604890953017308e-03 1.92800030177839982e-03
7.60602997534958695e-03 -1.98710662127773432e-03
4.19101841394115470e-04 8.17916461334278894e-03
6.50941467657753688e-03 -2.22331913067214419e-03
1.80978292632420095e-03 -6.13570798543566472e-04
6.77759734412754829e-03 -1.20671943822741332e-03
4.47206826119091790e-03 4.82078331856067993e-03
7.38193656618397163e-03 1.82132036523791562e-03
2.31789204111213605e-03 2.81105663328019926e-03
3.13613405281933794e-03 1.84419077209031996e-03
4.33881153916026215e-03 3.98748366557066195e-03
2.17089978383309956e-03 4.53001136880047325e-03
-6.96208403512163596e-04 3.68797472459853320e-03
3.27609905851578096e-03 -3.00337315337337752e-03
3.16188917145570833e-03 3.39878626592595139e-03
1.34788657726999978e-03 -1.77604306178233092e-03
6.24895678908823828e-03 1.99534918937975189e-03
7.69521916458725669e-03 5.62262742268578551e-03
3.47063401756183805e-03 6.49162037019072793e-03
3.73807752254499536e-03 1.71159012647677244e-02
-1.77769669685710072e-03 2.49626462874828108e-03
1.03795172348667402e-02 9.33527093943771133e-03
1.28409857109773214e-02 -3.61188078899513706e-03
-1.07141118787375754e-03 6.92851876170653014e-03
8.58845482554066418e-03 1.35460339378138048e-02
3.98259612299277995e-04 -1.84231274653490467e-03
1.27350778066758516e-03 -3.86426834751291918e-03
8.09752973965488401e-04 -7.93806414323631375e-04
7.04108041352422259e-03 3.09927774007871500e-03
-5.28388628979784458e-04 -1.53417881984796185e-03
-5.06581897775129544e-03 -4.41955548671701254e-03
-2.01495588274047937e-03 -3.96700678795433841e-03
1.36879963706508373e-02 -1.21345660685449213e-03
-3.53832137605284520e-03 1.12833755515221205e-03
-4.34447421899073101e-03 -5.67413067619013459e-03
1.10352334388131787e-03 5.50836568682812680e-03
7.03690647275484471e-03 1.58223646130687648e-03
-4.42563782774399483e-04 5.88466936850304788e-03
-1.72773207631333786e-03 -2.69172699133910474e-03
-1.35026789602976671e-03 3.53288892460309155e-04
3.52731290496771438e-03 2.57723998741940128e-03
5.15573221855877839e-03 -3.54467276051341311e-04
4.28779345953401395e-03 -5.85234532205782670e-03
6.58275145025152570e-03 -2.28112162026406591e-03
1.20283710654125412e-03 -1.57073665486426404e-03
-2.20716032488919790e-04 2.12073818098152929e-03
-5.19603648842496433e-04 2.24597414191028081e-03
-2.43388609338349073e-03 3.08191746245157876e-03
3.01729483244814276e-03 -4.48326512561385542e-03
-1.90112028133039416e-03 -1.65798320372208697e-03
-3.20034234735030879e-03 -2.33651862852641548e-03
7.05200030341024409e-03 -2.74638548130505446e-03
-4.66041510800942454e-03 1.01587539567488463e-02
7.41918490373526078e-03 -2.51745226942548398e-03
5.47790292828802521e-03 4.11409670928573890e-03
-9.16679846790200456e-04 -5.11266088902137799e-03
-5.69223897921243300e-03 4.84993864780214595e-03
-8.72314270075574653e-04 -5.28334323904302260e-03
1.17461620865853995e-02 6.05681921307488387e-03
4.46593880430300291e-04 -3.88534012741527423e-03
9.99170491377851001e-03 -1.21213695458588142e-03
-3.95792070613683496e-03 -7.46350030665083115e-06
-6.16640505549610057e-03 -8.54055681540805719e-04
7.79966953455816635e-03 9.40090091177534816e-03
9.60506441486792470e-03 8.80482011651641944e-03
2.09103248669604376e-03 -5.98091527678353517e-03
2.01743128852890832e-03 -6.03172952313706882e-03
-2.14350731306943735e-03 -9.66784489565408051e-03
-1.78563486159703909e-05 -3.12521804004567850e-03
3.14809433406976159e-03 -2.27783167219788862e-03
-1.15539595717752347e-03 1.84854699245654052e-03
-2.38431353600780226e-03 2.90402919562268117e-04
-1.56205986661500434e-03 1.01366512997109175e-02
3.31976912396046925e-03 -2.01000895620192599e-03
9.29081257873908342e-03 -1.57418181669240339e-03
1.31442021615780710e-03 3.27768378972443254e-03
-3.51448058272135809e-03 -5.74265105967842245e-03
5.12891802547330109e-03 -7.78928096455608343e-03
1.80624230060805993e-03 -1.27679543690819967e-04
-1.42764669712922270e-03 7.79708899815211975e-04
5.57999348239949806e-03 -4.40210506606008699e-03
-3.26779849423765485e-03 -4.02338933550638184e-03
1.25721704294120291e-02 -8.60973567839915508e-04
9.38259919636010020e-03 -3.68826278144110875e-03
5.25712550820550423e-03 3.12408009971276335e-05
-9.31877094748754858e-04 1.45790928484246002e-03
-1.05319149567435159e-02 -7.89866411645723070e-03
-2.62679727015918772e-03 -2.36840268790462901e-03
3.25458059973581610e-03 -4.11751968066748368e-04
-5.46528447102873158e-03 -2.35500396969260474e-04
4.01720191593659716e-03 7.50561174466692733e-05
-4.01925435133605215e-03 -6.18883138017214691e-03
6.34371278269926092e-04 -7.48820277978169083e-03
4.18417112660002138e-05 -1.53748043352510116e-03
8.09186871904036577e-03 2.41843535614045917e-03
-1.52378487069841076e-03 1.64153719959884872e-03
9.81611331972693764e-04 -7.10935014488130786e-03
-9.81699052278976064e-05 1.07038776286145902e-03
3.31600003633104401e-03 -7.68985131805472941e-03
3.33868901382313550e-03 9.24259828292786634e-03
-7.37680047691347332e-03 4.69745108529198447e-03
4.30797539928424057e-03 -1.31153003914523305e-03
1.73828159529476156e-03 -1.39202533113995646e-03
1.98282889311419052e-03 -3.15758568467492578e-03
6.01047512041402721e-03 1.91398319591977841e-03
6.68593768788054970e-03 -1.42040498493233394e-03
2.56501192873203297e-03 7.52478285462727416e-03
-1.81899302923015267e-03 6.84149071866241147e-04
-2.76432479721593245e-03 -4.32742597646684681e-03
-4.36632066015167717e-03 3.19010064799312831e-03
-2.78829493861556914e-03 8.72971369971209865e-04
9.21134167353010458e-03 -1.58146244313895094e-03
2.05243309288449327e-03 -2.21517107766975013e-03
3.48298236229206302e-03 -4.10749167175621533e-03
7.67010430800008167e-03 -5.32636573914140672e-04
1.18957097209432608e-03 4.01188663017222873e-03
7.08164571541562878e-03 2.73327189361105864e-03
-5.91172886935222041e-04 -4.69427140945319083e-03
1.58199143403488056e-03 -5.53627146733190988e-03
-3.80014782765749108e-04 -3.47443513814074591e-03
1.09172365098956798e-02 2.80339985452511499e-03
-1.16171952294226509e-03 6.41745514675930336e-04
5.12991587759491045e-03 -5.85631434781734486e-03
-4.33025973066930060e-03 -1.95408401744245593e-03
-5.30246833423000854e-03 -2.02994786069000781e-03
-4.38271891877463782e-03 2.41828389344429968e-03
2.39838083753832502e-03 5.94744527233723348e-03
-6.80959082375132835e-04 6.80776893309464068e-04
8.45504899817305436e-03 -4.72307799955779342e-04
4.83059131101321905e-03 -5.34461205568880892e-03
4.27537495538068719e-04 5.03203233632080072e-03
5.97739644355425783e-03 -8.12301202149660591e-04
3.78613989903725219e-03 1.67429302655561002e-03
-5.34770503821514753e-03 -8.74397854732532212e-04
4.24459105874495316e-03 -6.77095964663820132e-03
1.25592393111562096e-03 2.03357842027846901e-03
7.08146629270275073e-03 2.24333623248440008e-03
6.15928029342007084e-03 1.98978510629417658e-03
3.32081571148773892e-03 7.98516358161356805e-03
7.95599846474763159e-03 -2.36196463869792900e-03
-2.67882453367615384e-03 -2.54673716059667125e-03
-3.87065791003797424e-03 2.46231752255425074e-04
-1.76540727804720948e-03 -1.24646724764148438e-03
-1.06650913755255341e-02 -8.36752357639941602e-03
1.31574036332711246e-02 8.71240224531163836e-03
9.38082917086565347e-03 1.02200772093824019e-04
-5.64557406220777408e-03 9.02330295592242149e-03
1.82198360437212429e-03 7.32843127686368633e-03
9.68305966230348586e-04 6.07978061666672714e-03
4.41164393144670864e-03 5.91316584670211376e-04
-1.36500855019520121e-04 -5.54582757931143273e-04
3.13370767436667525e-03 -4.34507368847633808e-03
3.91932634002014734e-03 -7.17132291471731832e-04
4.58987095215326456e-05 -2.73637836271111443e-03
-2.14231594969676968e-03 2.09677117051954368e-03
2.38858933455157437e-03 -2.83869074947422839e-03
3.01569163192532503e-03 -1.63799694295849478e-03
5.97911598348612166e-03 -6.76106223976005900e-03
-2.31994034949250041e-03 -2.28391474682432477e-03
-1.36821996683309682e-03 -2.40021458058929660e-03
3.73724477141833787e-03 -4.21910112802177228e-03
-2.73294407409354961e-03 9.19652024560146421e-04
8.82693984984924014e-05 3.35780972362487498e-04
4.45743970115069620e-03 3.67332942993779795e-03
-7.04617660279071960e-03 2.49225461993297535e-03
2.83004014510790250e-03 4.37114677194021619e-04
7.67008006431930608e-03 -3.54979011529368057e-03
1.22286695655673752e-02 2.95201183444257379e-04
1.17025821688795523e-02 3.73961550896904221e-03
8.58369250502072356e-03 -3.59904586694380444e-03
-7.97853644287001198e-04 3.89194178474307987e-03
6.89612563929446688e-04 3.21528408265281222e-03
5.65554102565915800e-03 4.96332353632520425e-03
9.65537483285717688e-04 2.72442107885154192e-03
4.10234376490585355e-03 -4.21606092847762355e-03
-1.38035850728780458e-03 -2.14949283923401542e-03
7.33795323452448526e-03 1.05746915477433669e-03
1.01978575567965007e-02 -1.17065545169181334e-03
6.90451225784158556e-03 7.76402083183277622e-03
3.82592824801777226e-03 3.41684468758565252e-03
9.04284153591729256e-03 -1.14611034982218802e-03
-5.81097500362657421e-03 -3.63937952993030221e-03
3.27831122624112773e-03 -3.47318286199773969e-03
-8.44272168489393414e-04 -6.95536804246599943e-04
1.23398473341243733e-02 2.00645289439139746e-03
1.94098395112800889e-03 8.20309685347739639e-03
2.90430022193013948e-03 -3.98086132481516829e-03
2.87570794433333627e-03 5.00866257358763300e-04
9.32275548056693201e-03 3.64143847438143506e-03
5.25665554856006266e-03 5.60884424718823080e-03
6.08948016612383559e-03 -3.35170320356706396e-03
4.62929060770823810e-04 1.68304912627032822e-03
9.02856889233887711e-03 -1.65148311102267958e-03
1.12483005153311269e-03 -5.61447663999740769e-03
7.98474981417649464e-03 -5.22157824550912014e-04
3.77843447689973173e-03 -3.74926186914193446e-03
-2.20905039430961334e-03 -2.97962690362445388e-03
6.03771922108738124e-04 -4.91004103658116645e-03
3.20213200007634768e-03 -2.20339444116379203e-04
9.75998288743930406e-04 -3.87076579664117921e-03
6.32611526646259200e-04 2.25803223621948244e-03
6.88841268152180189e-04 -1.22924433300886527e-03
8.75037017735827774e-03 1.56076001566255243e-03
3.56337841048720821e-04 5.42232913647365251e-04
1.80422656489774591e-03 3.76833607851125539e-03
-3.54886741013017964e-03 -4.16413541174241210e-03
-8.87303915942605818e-04 -2.70786726936612368e-03
-5.25200652355920384e-03 -6.68397684215989358e-04
7.36728948876767733e-03 -1.23664700335008389e-03
1.44561112143785008e-03 3.13862421472335315e-04
5.04169431564239785e-03 5.77230795982925423e-03
2.90046032687784781e-03 8.75786030569735037e-03
-4.79623426138437500e-03 -2.23366611563459612e-03
4.15102475172471688e-03 6.19734867058493078e-04
1.02694055964197561e-03 -1.11449991744218312e-03
5.88661338679875683e-03 -2.18525977171242503e-03
-5.28539027789962437e-03 1.00466481937724738e-02
1.35509025961546323e-03 -5.88741472535155626e-03
6.63217618938792292e-03 9.00320988585813389e-04
-2.82102369919529907e-03 3.60086916324577923e-04
-1.58794615803165310e-03 -1.40491414374447460e-03
-2.07758586529374536e-03 -4.28012613091839113e-03
4.06920678116423195e-03 4.10662212673075077e-03
1.57558999008908587e-03 -2.39846776516484473e-03
-3.09684016961568999e-03 2.99492544323942331e-03
2.71837958970591468e-03 5.53900645379930127e-04
-6.64086729091009458e-03 -8.89407568193003630e-03
4.59456774933099735e-03 3.32614020581134366e-03
4.99141062346265992e-03 3.44587456895076999e-03
1.27845065714028011e-02 -4.59650703969938235e-03
9.27286047594512094e-03 -7.73862160009018696e-03
-4.83742586558915267e-03 -2.67584972111399848e-03
-4.78190818224565918e-03 3.02117140909683932e-03
5.67920462731709604e-03 5.31956048641349204e-03
-2.20014612422516536e-03 6.15289079986425496e-03
-2.84453342937385570e-04 -2.04190343984791967e-03
-6.82482837779540175e-04 -8.68738198803692928e-03
3.22308870337792560e-03 1.29716797604086044e-03
-1.57940085706635941e-03 -1.01480569684189387e-04
-1.70487867215879255e-03 9.60035100923016700e-03
7.82220130290746385e-03 2.08485595357567159e-03
3.16120046956717970e-03 3.99192171693084959e-03
-2.49960543064003081e-03 2.11596897717752485e-03
1.05830243955464518e-03 2.03687702092840466e-04
-1.65915034205138989e-03 -3.13861945918800190e-03
2.45210026739826285e-03 1.34926580937853841e-04
1.07112518598302805e-03 4.92896911283559162e-03
1.22278688851706397e-03 -4.70999117723889648e-03
-1.46556626577128753e-03 -1.11066596559512691e-03
3.35987654527797591e-03 -3.70744628518641321e-03
7.95655477987337032e-04 -3.37668643495838555e-03
-5.36333966938235332e-03 -5.41670483467088584e-03
4.01962179504181377e-03 -6.23995422879963443e-03
1.31478229121895847e-03 6.49656257619369497e-04
-1.81943468395598276e-03 2.77983701479773623e-03
4.95787662697690524e-03 1.00185870046903651e-02
2.95882101787032061e-03 1.07114217659412948e-03
3.23929294248797911e-03 -7.51212555368708373e-03
1.18672276933495932e-03 3.70869297790149240e-03
-9.87730770722635538e-05 7.00540419654435958e-03
3.61834562841481132e-03 -2.91085575007602208e-03
7.97059051604381602e-04 -3.66898423406892540e-03
6.69131087990465154e-03 -6.32573142682367560e-03
1.95821607554693767e-03 5.72586868138911468e-03
2.47244010667935265e-03 -3.80964959364537854e-03
-7.52074707614174920e-05 -5.05122268793353844e-03
-2.15044610304043846e-03 3.28597150776563244e-03
5.56383350646473800e-03 2.66452644103085676e-03
-5.17508867825428390e-03 -6.94484791149333706e-03
3.33595829423719752e-03 -2.60974311877200382e-03
2.35807403457579745e-03 2.09373735490344477e-03
4.60257375069102886e-03 -3.60942196643559109e-03
9.70374121018855937e-03 5.53741231843246032e-03
2.06418972955514537e-04 8.35592278731523905e-03
1.32844280371561575e-03 6.59782658146125956e-03
5.60102711084851067e-03 2.87647545186379147e-04
-1.10356291924934898e-02 1.90954656686461929e-02
-2.81266386042809723e-03 8.05543021259219681e-04
7.69429699676042571e-03 1.12829901124746144e-02
-5.91811287282316412e-03 1.16735711011248006e-05
7.13083929702180899e-03 -4.16826356936048949e-03
-8.51846291471318115e-03 6.69896315159576768e-03
3.81064747848009790e-03 4.86688656009209505e-03
5.97770961933596998e-03 1.32678186758355618e-02
-1.19329333517219664e-03 1.63167384345863919e-02
1.29616992205983800e-03 2.37162245422899495e-04
-3.11359933293756152e-03 -2.11220257550968080e-03
4.90462931313102434e-03 1.82396676897134705e-04
2.56436261324476849e-03 5.68494113322694661e-03
3.61151672958502992e-03 9.14535693880695784e-03
7.45801434546558648e-03 2.88141232893515762e-03
4.85847961212517235e-03 -3.70341338382514790e-03
5.80963581962662574e-03 8.41099778546143539e-03
4.72146519815242437e-03 3.88422003454168708e-03
-9.12673548227461279e-04 3.37884938090750059e-03
-3.35554091912642965e-03 1.70885390619692759e-03
9.52150817670965465e-04 2.02833229361808849e-03
-2.09799066658854358e-03 2.01872425241413122e-03
7.51556230913892620e-03 6.96141430563933065e-03
6.64208861055744833e-03 -2.53673963139555919e-03
-4.30007895654255831e-04 -1.49696728848645389e-04
-2.42851230887059736e-03 3.55962355597609983e-03
7.37800543125974491e-03 1.53074165731117789e-03
2.62538806780958974e-03 -4.69210403306117088e-03
9.06658705389758006e-03 -2.68981490576788735e-03
1.02660395819047364e-03 -5.87160716766685527e-03
-5.61975687606549971e-04 -3.86348180499939157e-03
-1.67936083778905229e-03 -2.70456393652164810e-03
1.56557842508385481e-03 1.37656977453334377e-02
6.64895941269933594e-03 8.53862524787425150e-04
3.27190754970552600e-03 2.48302183856848697e-03
-1.25364554897648326e-03 1.96074742566347288e-03
9.33460179792123222e-03 5.75087838245534090e-03
-4.90888741771700401e-03 2.64959883652643446e-03
-3.62194363033978403e-04 5.01886946169964685e-03
4.34074506423585277e-03 -6.05181777989285876e-03
8.81971472354672187e-03 5.97507642213291300e-03
3.82217877034962737e-04 -6.16994136745791389e-03
4.86644194284988649e-04 -3.47649458182449972e-03
2.46115857298695277e-03 4.83042127721590876e-03
2.96768696321001802e-03 3.34911831671898643e-03
-1.32142666187736466e-03 1.60735805539887941e-03
8.93067795685937270e-03 3.61779778046825064e-03
5.86884257310082459e-03 -7.92952654848621923e-03
4.25224492273978006e-03 -3.74980412408395820e-03
-5.07865699639944383e-03 -6.79300404183252101e-03
-6.26234492234935248e-04 -4.30427288028816402e-03
-2.84323911248669054e-03 4.09883959726492237e-03
5.59713499900002607e-03 -5.63146587019670505e-03
-1.07856838409282440e-03 2.33688749155510625e-03
1.99185988854725434e-03 -7.04677754775624027e-03
-3.40318256754378002e-03 3.71030614297374398e-03
-5.35885138097481981e-03 -1.16002005248488156e-03
4.02803748117675289e-03 6.70993701498732043e-03
3.54993292484121923e-03 2.72900141592952086e-03
1.25911727279160389e-03 4.86974671958484255e-03
-4.15254498739203292e-03 -2.13391855099451201e-03
6.44190334754611831e-03 2.47855357965685863e-03
-6.33197641847042369e-03 4.80529666097303035e-03
-6.28436007933604740e-03 -6.96261595054922366e-03
7.26235332163107945e-03 1.09921118980987782e-02
-4.07534952239475314e-03 5.49426399443550192e-03
-3.54505960845727277e-05 1.01645917641331150e-02
7.81620349455281610e-03 1.45562833467342868e-02
5.12484312283277392e-03 9.79965994459540239e-03
6.57387212783506081e-03 1.10112982744549684e-02
-7.32376494219758988e-03 1.96732203916406938e-02
7.74304460410657133e-03 8.22156069757681504e-03
3.82801521088963144e-06 8.27111377940884050e-04
3.00671759542671130e-03 4.58444802235655896e-03
-4.29743542370948119e-03 2.35380520016841097e-03
3.18694616043765444e-03 1.30630271601913511e-02
5.11489486707532390e-03 8.57028164785366732e-03
1.25510090012321066e-02 4.43519978854624471e-03
-8.91639116443617048e-03 9.53294480082278115e-03
6.03165603472953938e-03 7.44209762204239844e-03
-3.75050653244928716e-03 6.94775959982049836e-03
3.42688016771328487e-03 3.78965266930714336e-04
-1.06533608015715545e-02 9.02840100263041859e-03
-4.55691997546624986e-03 9.27719687868452415e-03
6.22522311300564759e-03 1.05061528168842750e-02
5.09163718947307567e-03 -6.70597889390726811e-03
4.19164594981896212e-03 1.38153095255733865e-02
1.13788946057494563e-02 1.30364187941410677e-03
1.54279627009102976e-03 8.31718834154819564e-03
-1.41556041605008518e-03 -1.10226475710091792e-03
9.99266783002212590e-03 8.86616065430809869e-03
1.02097635153862998e-02 5.48115112359218344e-04
8.68571961557778639e-03 5.05097730811689084e-04
4.38443439810962642e-03 -6.21349198371466769e-03
5.24245156362196200e-03 6.61479418782236726e-03
1.57495813535415453e-02 2.61952460962945610e-03
4.74568137723316904e-03 5.69269717229732488e-03
-1.54426033332072821e-03 3.44178980617043878e-03
-1.60773389576726968e-03 6.19667730754003016e-03
1.34811431968683334e-02 9.85454534248310712e-03
-1.55036686004420151e-03 4.36587114368107172e-03
3.20150211370176735e-04 -1.94068536826046351e-03
1.61822362876227100e-03 2.14613616881941111e-02
9.58548846196025789e-03 2.89221071840353120e-03
3.96019454171656071e-03 -3.07871345673336625e-03
5.07482254732876444e-03 -2.45295000499042709e-03
7.48142487264535829e-03 2.21632779332863426e-03
1.19175747786883050e-02 3.66049958066045787e-03
1.00080105101101168e-02 9.42344862597433233e-03
1.54285290859923693e-02 -2.74314277345461075e-03
-4.66613155037610625e-04 2.25443830063893624e-02
1.47774837849684332e-03 1.05326537976814742e-02
5.19540173817672341e-03 -6.06913167684697448e-03
-2.49061316735211744e-03 4.77594077781880188e-04
5.55115935557386675e-04 -7.67621659873226735e-03
2.18988850251882394e-03 -7.79930641619327840e-03
-1.49282486921456905e-03 -9.90873756394087569e-03
-1.29365780460743724e-03 2.56872523032178075e-03
1.05776662347168825e-02 3.48468324822631985e-03
6.51508982160814171e-03 8.49963289321375819e-03
-3.52944984814526153e-03 1.35701429742041520e-04
-6.98950272493409830e-04 -7.05520003659321042e-03
2.67538190933925505e-03 -3.63212180427471484e-03
7.19424888469304136e-03 3.43294685322989091e-03
3.28154576271845770e-03 -5.77614063808792703e-03
3.25438708925284781e-03 -6.99161115840867833e-04
1.54088309592061747e-02 -4.83415995469952298e-04
6.71570460213148906e-03 6.25840286789964249e-03
5.38560291897318463e-03 2.32765128544974199e-02
4.79818720369569376e-03 -2.36856707286225163e-03
4.25711554725058741e-03 1.80534869126923146e-02
6.61602711951628144e-04 1.41608127420993143e-02
3.75165369437794900e-03 4.63057947287123187e-03
2.75242001019228213e-03 4.70181530593912541e-03
-1.96093274403158274e-03 1.15371802001152240e-02
9.32019305318745189e-03 2.96075305470036229e-03
1.14063435803904243e-02 4.41730954066221673e-03
1.19489130352517714e-04 8.28048608192310034e-03
-1.69857343533733073e-03 8.93445405615903195e-03
4.91616603867952966e-03 1.09418546418322566e-02
1.40651811647317165e-03 6.81903872755974024e-03
1.22276543795448722e-02 3.73435311985738003e-04
9.35659388264251969e-03 1.19643392258975707e-02
4.77326770946452476e-03 -1.87288809885608832e-03
7.12168441545023203e-03 2.25460531341904573e-03
1.05812256781253628e-02 8.87667354770828353e-04
3.14816824451768715e-03 8.58159154494300344e-03
-3.63629410529961060e-03 5.99920108332731815e-03
2.52207735718890233e-03 -4.88299694060596347e-03
3.27773168284506379e-03 3.16247650915506360e-03
6.28869970832573750e-03 6.05917159970251716e-03
1.39724518885400058e-02 1.88434669468470197e-03
5.39871523245063264e-03 1.28695658888283975e-03
-2.95775606552895181e-03 3.36345690426886803e-03
1.98250492345009152e-03 1.01011436890847319e-02
-3.01897390688211573e-03 4.09494301492247491e-03
9.35380781397975904e-03 -1.18441661054916720e-03
3.50314467617952657e-03 -2.26394845404418073e-03
2.79824824639624339e-03 -2.94778092825113492e-03
4.17470953069320680e-03 -7.98176326903059577e-03
1.03843623996968983e-02 8.89387021044178369e-03
2.62057061615705291e-03 -2.51489446595822095e-03
4.66746443472886626e-03 1.53328454193280114e-03
3.32616927846703797e-03 -5.21610367488651531e-04
7.87933900658225814e-03 -3.07485937089584885e-03
-1.49140102785253652e-03 -1.38660752776085259e-04
1.09930197286297986e-02 3.32771356717127343e-03
2.26837726282831621e-03 2.74238746548460189e-05
1.01831840064726450e-02 -6.47437687724981750e-03
3.31725189188646769e-03 9.27629050063677072e-04
-3.40812473625593708e-03 8.47508868623920043e-04
1.13738443330383570e-03 6.52966064803711405e-03
6.86631557402203174e-03 -3.44952675605571853e-04
-8.04120970681582062e-04 3.27349296518467331e-03
8.50953211347726772e-03 7.94139464651170100e-03
9.46692071692348258e-03 -1.27068120864768665e-03
8.30851881166330165e-03 -5.57745521059007428e-03
2.88367302310348766e-03 -5.35183213573731196e-03
7.45447360132336142e-03 -2.43117494986506283e-03
3.08637115665772030e-03 -9.99136893049126047e-04
-2.67949504093844149e-03 -6.50533624929263473e-03
2.60085036496319599e-03 -5.34272556633417659e-04
1.05553806602505735e-03 -2.26616292350122813e-03
8.85751648542562262e-03 7.42620220544861626e-03
1.66980227028688035e-04 1.08083275705053066e-03
-3.10093761220918201e-03 -3.27058273210406540e-05
1.27377162348039376e-03 3.04952601895354478e-03
-2.78224110504961177e-03 5.19799524287539640e-03
-1.77829190523504099e-03 -2.38642219719658807e-03
8.00107521209454664e-03 7.39702463441604084e-03
-1.91158889226570694e-03 4.20381372760351459e-03
3.25478960961904547e-03 -1.74488761908813349e-03
4.91313096405941382e-03 1.21817846831311447e-02
7.64074072170768930e-03 7.89181710049767157e-03
-1.20217394911603420e-03 8.77175106924835656e-03
2.87278332449385915e-03 3.20164476673367396e-03
1.88698375720132146e-03 1.05677328309102224e-02
5.42912809076930968e-03 -1.81427483872341239e-03
-1.77669593553276065e-03 5.83766068538780526e-03
3.27323500758874191e-03 2.90705255783873465e-03
1.96134025710179840e-03 6.98406659272533988e-03
9.69987909169725201e-03 1.46582252467571377e-02
3.57427791527026599e-04 8.12954828891525316e-03
1.55695306247630931e-03 7.94545049155520253e-03
9.49830653317692425e-03 1.18114603837728063e-02
6.97008807145436515e-03 1.89474102420207949e-03
4.79251484031306251e-03 1.10911478716763986e-02
1.01606718513875694e-02 -6.68284611776947244e-04
7.37628420800471446e-03 3.97871334377586654e-04
2.92966625180799951e-04 2.98690628634645208e-04
-2.53277162926969111e-03 1.04086522161627171e-02
-3.49589185516178871e-03 5.77426119715225908e-03
6.27900454564567050e-03 5.69579059501270062e-03
5.83887536331179069e-03 3.98143531131393662e-03
1.25961820777574906e-02 4.36542707516095370e-03
5.39572046898318183e-03 7.19149604954410267e-03
4.48322430654935974e-03 3.39090724738928904e-03
-6.22310483511791853e-04 7.76024495430702177e-03
4.41048538273208085e-03 1.06708553592408141e-02
8.03482310234759217e-03 6.66153271445808250e-03
9.73356594249512319e-03 4.36864634275647219e-04
4.19802871808626701e-03 4.50030384861974282e-03
7.54116258127764463e-03 3.36354316826224711e-03
7.78435756144364721e-03 1.28333776853171294e-02
3.40379704158288001e-03 -2.81144610544510577e-03
3.17106756250243229e-03 2.23145566107456469e-03
-5.17159497227913899e-04 1.65875993293203473e-04
3.22107937447289796e-03 3.65714539080374493e-03
9.41967267219760533e-03 1.65325340010452322e-03
1.27436345090710282e-03 2.61778449565851484e-03
7.76274231727545373e-03 -4.17099837575714803e-03
1.11770234982045621e-02 -9.88441259844989768e-04
1.19527769051968195e-04 3.70991001429960736e-03
5.07733513271174490e-03 6.79426697535981741e-03
4.94697872009113460e-03 8.82134908905618520e-03
5.06177566688630239e-03 1.63939034285897414e-02
6.74946638813143148e-03 5.74103367472531510e-03
8.48932171119119033e-03 -1.26113975263234522e-03
1.81738838664446296e-02 1.26074154210787208e-02
2.97778547896598703e-04 1.14334877234926625e-02
3.51430761842012667e-04 -6.09250367295940281e-04
-5.24776075018467021e-03 -3.75532521978845166e-03
1.43741870557453802e-03 -2.92355877931956129e-03
1.11035303843104345e-02 8.79896321542504752e-03
-6.13232291329167661e-03 9.61973126560571393e-03
-4.43145460622489280e-03 -4.95320083524191952e-03
3.73748027396182941e-03 5.99510604752053356e-03
1.24324094504905426e-03 8.11649090883783189e-03
2.51047990184995358e-03 -6.51854134742547303e-03
3.49089779400643847e-03 9.32322223191065533e-04
4.64783924104751438e-03 -3.48718959460643692e-03
7.13706122484623201e-03 6.60272257519679221e-03
-7.75762435293865450e-04 1.78262944636819977e-03
5.88426214487032355e-03 3.71097765805512717e-03
8.78676790936476319e-03 1.00957785128999149e-02
-1.91714154889358404e-03 6.79025349136127502e-03
4.30763006035134958e-03 1.30297375761986734e-02
4.14927865568646796e-03 7.72308260483837127e-03
-2.99947223242267571e-03 3.83895712145993937e-03
8.22613925425556315e-03 -5.21792229363551678e-03
2.25481256875499723e-03 7.35056175323634681e-03
3.73940565323141330e-03 1.65144773714648329e-03
8.28440137158894044e-03 9.87743677473696020e-03
4.35978989469390076e-03 -6.13932700543664677e-03
8.01333255696385846e-03 4.03758698824374304e-03
5.29388251957712067e-03 -6.19293940382752758e-03
1.26554626237214223e-03 2.41689392048856193e-03
3.48224983348812593e-03 -1.19575492557260840e-03
5.62757069265342434e-03 4.21033362006194723e-03
8.39038306995278094e-03 -2.76552558066117454e-03
3.05600567923390793e-03 2.99436372139102449e-03
8.64249518060175408e-03 -6.78517524607727667e-03
4.41983725703106454e-04 -2.55795416646957801e-03
-5.28536038843067067e-03 3.00160503055062178e-04
-2.50939121374701068e-03 6.47164633524079103e-03
3.64701696677385476e-04 1.12241081078179941e-02
7.07085924702284888e-03 2.91108519660128549e-03
9.61931575830720677e-03 -1.89226986009712267e-03
7.91350054537994126e-03 3.39940527742063495e-03
5.90374899853445597e-03 -8.93673067984140229e-04
-4.51533961150236800e-03 3.20189874612376120e-03
2.95483576227650695e-03 6.62688874981922412e-03
7.13917644926687599e-03 -1.84267603494970796e-03
2.54734497789966706e-03 1.77008582769567992e-04
2.98981697582776556e-03 -1.68498855906386042e-03
-3.20776015765492344e-03 -1.83463906569265585e-03
6.29398588662063302e-03 -2.81286489142401402e-03
-4.66496788780295692e-04 1.79909054539456538e-03
1.04950863762477593e-02 -6.62543702648797552e-03
-5.40347989541407198e-03 4.18481072588285053e-04
-1.09389687204919546e-03 4.00579589687101272e-03
5.81506352035855972e-03 1.48451531655072883e-03
-7.30762449759942540e-04 4.42240735253025385e-03
4.22334524776488010e-04 5.45507453369892259e-03
1.02214420966280535e-02 9.29062979191753145e-03
7.45950367189659146e-03 -4.20904709651842871e-04
1.01272093348834455e-02 -1.73194650665863567e-03
9.04231932450927887e-03 2.89360872636684361e-03
5.88397295609324571e-03 -7.20717410859572009e-04
9.29140817328360374e-03 -2.31144723585801183e-03
4.76083911893698548e-03 3.60381701005068212e-03
1.19245786369203098e-02 -3.13500605642269082e-03
9.25941762885054871e-03 6.43389121853839719e-03
1.27445845867092547e-03 1.38363773143365832e-02
-1.72842598743522756e-03 2.30376088536560263e-03
-2.23764834876021479e-03 -1.22474370028841919e-03
-2.61625784186442873e-03 1.10068090938572616e-03
9.46994276568659406e-04 -1.93404101873021579e-03
-3.34150132046749171e-03 6.26466467638315335e-04
3.39604927993141480e-03 7.86582431251794771e-03
3.79567847465459224e-04 4.46507546193180074e-03
6.53001229927774492e-03 -3.97588738819774652e-03
1.23953326923873452e-03 1.24320645934515432e-03
7.79166041079898571e-03 -7.18126847218438728e-03
2.05842497511231261e-03 -3.46447764249076988e-03
4.25279667182293809e-03 2.80648251204348911e-03
-8.20553014144041423e-04 4.66036298044692713e-03
-2.10507330971701446e-03 2.54585854222468769e-03
-2.04789685434100767e-03 -4.96789737922118720e-03
4.32731824034761955e-03 -9.49318599246009795e-03
-2.72938431207319276e-04 4.96832639831946022e-03
1.14700452003037631e-02 -3.95919540263520251e-03
5.20791658332553885e-03 6.24743322352860724e-03
7.42277104196944516e-03 -7.67250666869050916e-03
8.98164316668479366e-03 7.37606904318127005e-03
4.97114128665862576e-03 -1.11485565862515104e-03
4.45606068834321616e-03 3.66770857990917493e-03
-2.56869035154868360e-03 1.50675823799481501e-03
1.35050338911391283e-03 8.44930975835555750e-03
1.04033848923894279e-02 -8.64521286041802480e-04
7.56513138080625036e-03 -2.74431406520696556e-04
5.67123505853025893e-03 2.74788306669078875e-03
7.51134616488177871e-03 6.23851257114769499e-03
6.88412207903595259e-03 -2.04053803203766045e-03
5.32469129311619830e-03 1.85039653928021925e-03
6.25362645255843168e-03 6.07829254189405210e-03
3.18088228135941266e-03 1.09550562388799066e-02
2.11564976520879373e-03 6.74683439330291904e-03
8.72424639663753505e-03 3.35676907500987104e-03
6.82807376979730797e-03 2.63107999633878896e-03
7.19954015993356546e-03 5.32123747060274008e-04
1.02977993079476100e-02 2.41726068800618508e-03
9.15177452942595761e-03 6.35941813618900553e-04
7.77098059972395477e-03 -1.15798344684137273e-03
6.78676573549746170e-03 -1.82966529634612392e-03
2.10219658527642820e-03 -1.65086037627265483e-03
3.59248254399838684e-03 -2.25708778821707458e-03
2.64632919376390574e-03 6.48058067060722773e-05
9.67196581220110957e-03 -3.31752166410462842e-03
2.79689421510359755e-03 8.24887807705569913e-04
1.28703716591756345e-02 -7.50711956761834602e-03
1.93974120050049645e-02 7.48738522912135648e-03
-8.28838612754081994e-03 3.25976449143899156e-03
2.58506828557235032e-03 1.73054406325440723e-03
1.21094059652949691e-02 8.86594452890932319e-03
1.21583195226337244e-03 2.72289092484823613e-03
7.67136326152672351e-03 5.09375026454912411e-03
7.65518404175074413e-03 -3.22439804981757743e-03
9.00335886428869393e-03 4.57359115058876813e-03
5.76467303445804807e-03 8.26472283427676438e-03
6.66582017486273305e-03 6.02855060299383599e-03
1.05254928002068218e-02 9.74219357430873567e-03
9.75698096949696378e-03 8.81022739805822040e-03
-8.17237805426913161e-04 6.11064021492831958e-03
1.28718136257090394e-02 8.98850593996757333e-03
3.86422723877506789e-03 9.28143327817170134e-03
7.39331024612747273e-03 1.65047266511499369e-02
7.22127104848260533e-04 1.77305816017976365e-03
1.91383088726337154e-03 4.03173994015244667e-03
4.24602360136348746e-03 -2.70538561018086182e-03
3.06791574371835215e-03 5.03694002233346424e-03
5.35703445586681835e-03 1.46881106656777602e-03
-2.87094840757132913e-04 5.41110766867836535e-03
6.86887060851951170e-03 -2.26174769916348811e-03
9.46762929758600442e-03 2.05989969470582674e-03
4.87027738822791954e-03 1.23261666596802023e-02
6.02347807502227970e-03 -5.04175355337245328e-03
2.40245383866176561e-03 -1.60332314654582672e-03
5.32199371065530968e-04 -1.43986142734857988e-03
7.55837389496333972e-03 2.94607249866166675e-03
5.94992179676036726e-03 -6.67669739666917634e-03
4.82558036235234376e-03 1.55602238034643296e-03
5.53952846391586942e-03 9.60360471984803531e-03
-5.99231912601315940e-03 8.80289509621083252e-03
6.18794684490862022e-03 -3.04270009102321128e-03
-1.31196182612811226e-03 4.27534226203002236e-03
7.90183026547258693e-03 1.88654357978222491e-03
4.94168367014307525e-03 1.41419092172893630e-03
8.54540510502398848e-03 -5.22690187111637949e-03
1.58552665899271464e-03 4.07447418853611101e-03
1.25672735886815917e-03 -5.63990723548690688e-04
4.49923855137844032e-03 5.09622361140591069e-03
4.18584958885019533e-03 -1.47018249334150372e-03
4.54382977965834666e-03 2.35118308710705525e-05
9.91517135656896399e-03 -4.16700781657722156e-04
4.71546735705074323e-03 1.19207328470818420e-03
7.86015930223489014e-03 3.42932949829421801e-03
6.25958355828649254e-03 2.42090963850214249e-04
2.69632605565392307e-03 1.01729073182448048e-03
5.91659728695363967e-03 8.49857602313392087e-03
1.88123021478448903e-04 -1.84316643469247064e-03
-4.13304799490874994e-03 3.74324032021126603e-03
8.01110096068358623e-04 5.98380827032418249e-03
-8.02890931085281905e-04 7.46557297557695447e-03
1.40458305806866104e-03 -8.65339245782124054e-04
1.10519546533585089e-02 -5.67570114229018659e-03
7.17015707418285336e-03 9.92710582631622365e-04
8.35199155787817379e-03 2.89858064567576502e-03
1.93234989595331011e-03 1.87880490491296377e-03
-4.57033066055857404e-03 1.09296608052714336e-02
3.96842102674684494e-03 -1.64405338829167694e-04
3.27699205249607547e-03 -2.88172117508350928e-05
1.23155546023024833e-02 -6.30875680080955799e-03
1.18438439752822314e-02 3.93259073194155242e-04
4.37653153451668126e-03 7.22376852398567883e-03
3.09852947179517372e-03 4.01107792805263132e-03
-5.53905606767446292e-03 -8.97248143688420506e-03
1.48245305003316869e-03 7.49108912801972745e-04
-1.77279967533864203e-03 6.11670934003242205e-03
5.41824635395087451e-03 1.69145717015655719e-03
5.79305325835005516e-03 -4.74126540115347907e-03
3.69714684715558820e-04 1.57332948680559176e-03
1.80530305411541079e-03 1.07092922658696683e-03
6.80892699889948123e-03 -9.45007394887411450e-03
-9.64716052893836891e-03 3.29369126167440313e-03
6.94613005741031263e-03 8.95657146974090067e-03
7.31457084511639814e-03 -4.10264336840854282e-03
1.17496780195840179e-02 1.09256369176265310e-02
7.78140638320401565e-03 4.26510403282969082e-03
1.25709549661636374e-02 1.34042329247198834e-03
1.00772754238804343e-02 5.63300837821338347e-03
1.96859936974986887e-03 1.13436968830334974e-02
-6.12275875334794708e-05 -4.77892263041329330e-03
2.77741736736302966e-03 -3.93518934809013177e-03
-2.71416707899703675e-03 4.61356175116187702e-03
5.87803274478826149e-03 -4.36353200488382841e-03
-2.43215883349010009e-03 -1.83760444049123361e-03
-1.53920115543524456e-03 4.97749678947081650e-03
3.33761138507372365e-03 -2.40738089662676392e-03
8.92300203557885342e-03 4.93154066242347533e-03
2.16711733937830853e-03 -3.78017776557682548e-03
6.26673052833331967e-03 3.26370439512233381e-03
2.17663543488246696e-03 -1.08579106382219429e-03
5.34019715203119458e-03 1.63708529117498509e-03
1.82399163830612330e-03 8.38347435281801452e-03
3.97979081915767006e-03 6.04100520174166711e-03
8.41865062034114105e-03 2.40197377824868117e-03
3.54751395996342252e-03 9.57595497823173630e-03
1.52845172845216264e-03 1.68268195230525386e-03
-8.15325408998747946e-04 -5.25155899211620942e-03
-1.96251981980650678e-03 -1.10947336122213676e-03
-1.55904362245929849e-03 -6.83468760577764624e-04
5.06626480029023080e-03 1.02859941795989027e-03
3.02135618946451287e-03 -7.30327844686792273e-03
-6.29485728689381518e-03 -1.09596788468176751e-03
-3.38232195993882741e-03 2.47780095003063841e-03
3.95014812743200647e-03 6.57998323742563489e-04
9.88167616678763128e-03 -4.31797650538824835e-04
5.89435491122495495e-03 -5.41204708315461743e-03
-2.52233576476334998e-03 7.44616983452910022e-03
3.86161016288011534e-03 6.33763204934024126e-03
4.92346837396748747e-03 6.62634013533143496e-03
1.31567584501845092e-03 1.51174060956463783e-03
-8.00182188061297067e-03 -1.00033115903075658e-02
9.21844043123726600e-04 2.06040397625003322e-03
1.17046357939353906e-03 -2.30609691485996349e-03
6.02245493272700501e-03 -1.47547657328720035e-03
5.26150273157566239e-03 1.29646990301053120e-02
2.29497778187737504e-03 -3.68107430366076656e-04
5.87213761194764136e-03 -3.50125919131122039e-03
1.53631020531846442e-03 2.88091448458114088e-03
8.89200368240736921e-03 1.03343353098302301e-03
3.82791488479176803e-03 2.24953094847505936e-03
1.09611327937239426e-02 4.77840079281049816e-03
5.45599738327497401e-03 7.61451089238827927e-03
-2.34458817065501300e-04 9.86128545297964253e-03
7.45836488467056455e-03 7.70820419086936954e-03
5.78949811707098454e-03 5.80618970026247367e-03
7.41837920220804730e-03 2.87489287386942245e-04
-1.42186043703304522e-03 1.46770686619433245e-02
-1.31058797544521006e-03 5.12037625954474360e-03
4.49999913163328519e-03 1.15415109181117343e-03
7.98490092934950844e-03 7.04389790588404239e-04
3.56145209432810099e-03 2.71323458814775242e-03
4.22979405792813130e-03 -2.74867382908056210e-03
-4.59213699534215779e-03 -7.75061080869363789e-03
2.72539506397216115e-03 -3.30733384452845192e-03
5.50822169551830679e-03 5.33698861957250959e-03
5.19122746458862416e-03 3.57101031063524529e-03
5.65429914456512701e-03 1.07176470074263012e-02
4.85129407261906172e-03 7.04433144192451090e-03
-3.15838627241174941e-03 7.85696002762678071e-03
4.64065406947735629e-03 -2.30020297372586025e-05
6.75554243451876105e-03 6.96615180972876610e-03
1.60232192885858453e-03 1.86314879195567467e-03
7.26729254365736290e-03 1.03032775976149172e-02
6.28512178725417511e-04 3.87814359701096727e-03
-5.79540625591747701e-04 -1.44210124603178402e-03
2.66477160573148561e-03 2.48287327756488733e-03
9.77691654236752250e-03 3.66885796914535487e-03
-6.29263333275980122e-03 9.34000386468948271e-03
5.30129500069089193e-03 -5.87201090712873540e-03
1.69219541695200086e-02 -4.36485295644814704e-03
6.41242081092979407e-03 1.02990640407258412e-02
4.27120175821311954e-03 -1.23692607259949083e-03
4.50478622459142119e-03 5.88888532390629844e-03
9.50544824444213114e-03 6.17155331146816526e-03
3.78826341370062675e-03 4.16868512871929227e-03
6.02653883694144986e-03 1.57794496540639281e-03
7.38657572746133188e-03 1.59477002000935932e-02
2.43846132140185170e-04 1.09854270302832142e-02
-9.26055186334992682e-03 4.27663105938393389e-03
7.71272680825524967e-03 2.02471917349583315e-02
-6.92839354093440635e-03 8.77441056191169411e-04
7.15515526830587997e-03 1.23528423150767799e-02
5.96935602096717449e-03 -2.12053932923326614e-04
-5.48876922097647248e-03 3.95838280794145320e-03
1.26045797163159019e-02 1.08545325137663073e-02
2.04479600881093135e-03 7.55118356906215541e-03
1.01103460370255381e-02 -2.76064397091564835e-03
6.01440334549962694e-03 1.07428733399813642e-02
8.62195750795068279e-03 -2.38498500279444659e-03
4.91856485146061929e-03 1.56536711628185656e-03
5.60696629772318780e-03 -6.73965649753182055e-03
1.01257929900108283e-02 1.27802662029033801e-02
4.80444087315178188e-03 -7.90547278672659769e-04
7.51528048014847572e-03 -3.14626085174348402e-04
4.87678047605847529e-05 3.59622738154162036e-03
8.72684359685327316e-03 9.32004064784595822e-04
7.85314400204912026e-04 4.97481680514543553e-03
4.11486190992900198e-03 2.48877696527997861e-03
2.54182276890166977e-03 1.35354116903650115e-03
7.68866638844510706e-03 1.22115079513840374e-02
4.08074582512109145e-03 6.47918092726667855e-04
2.19294816978925699e-03 8.33617225682978073e-03
6.66506303869693773e-03 2.77028990909607793e-03
-3.71090978124142797e-04 1.49206806417712871e-03
2.69295901869449341e-03 7.50063072305064854e-04
6.69419056928249444e-03 -1.29779381131848292e-02
-1.16159806292188300e-03 -4.47902907282972038e-03
3.88933032619067764e-03 -3.07803372254726983e-03
1.71430654495630152e-03 1.91182522657486133e-03
2.83363943198558727e-03 1.56892079192042389e-03
3.57464590708596775e-04 1.46887273207208739e-03
3.21586739253660291e-03 4.96877346281044113e-03
-3.59300641066557678e-03 6.90964068176397328e-03
1.28450567638678298e-03 5.97731913823871912e-03
-2.10467425325996742e-04 4.98387354494692764e-03
2.56209034620635823e-03 8.53966485014129480e-03
3.24912032558261369e-03 -2.77140494705198056e-03
6.86904215421573535e-03 2.33239202666485901e-02
1.63976133073034740e-03 -5.30796905664142425e-03
5.91904777902906194e-03 2.18310923433370383e-03
-4.61683603049294414e-03 6.96375689577366334e-03
7.06283113145891525e-03 7.95343812232580678e-04
-2.64277128263137515e-04 -6.13839077010222296e-03
8.21824718110365608e-03 5.97420173867834522e-03
1.30420376327817470e-03 -2.80931042021517405e-03
6.89279006485468519e-03 1.19029820424235806e-03
5.51740654710969770e-03 2.17253534998630184e-03
2.73580192475123777e-03 5.38214173421999210e-03
7.78618138386049491e-04 -1.88411950812472206e-03
2.62633853079961583e-03 -5.46738681643577367e-04
3.23731610358843997e-03 2.41831082323925271e-03
-2.22510567052951148e-03 3.09720447522326492e-03
-3.07275729959806962e-03 2.90435727527209309e-03
4.37435824077774416e-03 4.42247536155690457e-03
3.21308648003713025e-03 2.00236716077380715e-03
-4.10686510972249651e-04 -2.55387185204967527e-03
7.78493718728138638e-04 -5.41306120943276479e-03
-1.02858968940823439e-03 -9.17794572396587690e-04
4.46040674859451980e-03 -3.74080099716369110e-04
3.80976298550647846e-03 2.66328171035812658e-04
4.44174970598902250e-03 4.78880737571431032e-03
-3.01028081420563276e-03 2.52690912890081876e-03
2.65710383571254307e-03 -9.89699548526813515e-03
4.81941578650365438e-03 1.13987338471384023e-02
8.36871692763995270e-03 3.46443019105180860e-03
9.75137875849640371e-04 5.61555806320461395e-03
-2.23782684839622615e-03 -2.85386695071375863e-03
4.13703596797872480e-03 2.85886418947511704e-03
7.06213781654786710e-03 -3.32803823736958510e-03
2.09169923479006134e-03 1.60211908947877524e-03
-2.22259560506133172e-03 -2.31858533891310652e-03
8.48405232975152877e-03 6.17481569962090217e-03
4.86695823966049740e-03 -6.63290288974043279e-03
5.86089485663943317e-03 9.24181226291246639e-04
1.56484205624421555e-03 -3.17396630035005371e-03
1.38402361171140642e-03 6.15048206773887926e-03
1.25013978222218605e-03 -3.29547485777725814e-03
1.11645034196063532e-03 1.10040895805179565e-03
-1.78107838785288453e-03 -1.37720879017992782e-02
-9.13455243809374790e-04 8.17839029610420258e-03
8.45138046352728392e-03 7.73849861318986684e-03
-3.63331095142949796e-03 6.26188034542608189e-03
3.71834503995164406e-03 6.23355019923086187e-03
9.88810157005808391e-03 1.08331372800258424e-02
7.04274513489310753e-03 -1.60343774209858970e-03
-1.11245146793449430e-03 6.31079698612150262e-03
3.23370998888634258e-03 -3.18396714677246029e-03
5.69621276325870275e-03 1.80904667834838845e-03
-1.87103839151318125e-03 -4.48110914216724894e-03
-1.24994018904788862e-03 -1.01818138156457654e-03
4.04392263650931762e-03 -3.69918274267071840e-04
4.33874175168373361e-03 2.40465463761835394e-03
5.16472740379904458e-03 -3.05247905076933305e-03
-5.96560369785760275e-04 -5.88409437374458940e-03
2.19239134152208245e-03 -8.64968317552285669e-03
1.74600316667622023e-03 9.91610252170456972e-03
2.19563063349340970e-03 5.26201091898337737e-03
7.48050590321715052e-03 1.89311869303744156e-02
3.92093249854169514e-03 -4.28517279581285254e-03
1.03469999064391086e-02 1.83364766709970643e-02
3.64823242435502676e-03 -7.46459315387793670e-04
2.44599513197998582e-03 3.69596694940094259e-03
2.18528899433576354e-03 1.07600652322112941e-03
6.69244132262253062e-03 6.09373250391962145e-03
6.64115483050592773e-03 -3.59153608386925680e-03
1.12091952558438478e-02 6.10967277704709769e-03
1.93239968325290630e-03 3.46025286182300644e-04
5.59945693588997234e-03 1.01169047054620338e-02
6.73671969937833428e-03 1.47394823048810288e-03
1.46964538601621047e-02 8.30107249881084468e-03
5.62323029781440931e-03 -1.46113669825137147e-03
7.49687170078364683e-03 4.09529128696597532e-03
5.13085292389513399e-03 -1.36613652804716502e-03
2.77616751775076453e-03 2.08185273202632880e-03
9.69601883518088348e-03 3.91109513086696468e-03
6.09669725182409791e-03 3.91228941929104828e-03
5.22591136928108550e-03 1.01710380208221976e-03
6.32288510430435192e-03 7.68004602554876823e-03
1.13786490265985608e-03 1.01775486062010336e-02
2.05027466392545394e-04 -5.80014410143354833e-03
2.41422691910124325e-03 -1.59295221992140261e-03
4.09861205212581816e-03 -2.39166730576908593e-03
1.28943948599589131e-02 -8.30345688762436102e-04
4.91886229079626248e-03 3.10150265620884314e-04
1.24228005953133623e-02 3.24007663237613859e-03
6.63729500733749485e-03 1.30658355018032041e-03
2.40936827247905175e-03 1.34475129797130971e-02
7.42133781306980773e-03 5.62477928303885093e-03
4.62935488278753190e-04 5.96035764420333423e-03
6.01620538729181076e-03 1.45114272341282801e-03
2.68636588724630683e-03 1.68019060908950477e-03
3.19777313809133795e-03 2.95585569824550771e-03
3.19670342482364193e-03 4.81089018244583444e-03
2.51599570850754304e-03 -1.81335224005179036e-03
-6.38885544458018590e-06 -2.05194350225042276e-03
4.10231910493349776e-03 -2.03920073071635084e-03
8.75657732507718022e-03 6.08340414508096606e-03
-2.12384320752469604e-03 5.51593618406041788e-03
-1.81855935726200706e-03 1.78359146444629214e-03
3.69173092102755788e-03 6.33150529554572274e-03
4.91527272376762921e-03 -2.55660587003857156e-03
-3.93296905578886455e-03 -2.59138791930908947e-03
-3.77078143385153235e-03 1.80725693658609463e-03
-1.56691681770398158e-03 -2.52893293885021872e-03
1.78430568264034131e-03 3.13267550794444584e-06
-2.86053106488820151e-03 1.08836530174317367e-02
4.52024993191430143e-03 1.55738514787120228e-02
6.80327748380165232e-03 3.37002326998199746e-03
1.66113598673611265e-02 -7.37453404773407133e-03
2.45840913971894295e-03 7.04347715328217452e-03
8.97641477495736417e-03 -6.45579555593688709e-03
5.66454800977674727e-03 5.37120075076628033e-03
7.05874395443342826e-03 7.98148323803542399e-03
9.75538649421107441e-03 7.82586401603851609e-03
1.31409959873692028e-03 -4.56595175318170229e-03
5.68571436263600686e-03 5.35466133205673555e-03
8.84405391388535210e-03 -5.20112068491321647e-03
4.25644314019699328e-03 3.45775803000201954e-03
-5.84403951367245557e-04 7.51807065270961635e-03
5.67412327580446140e-03 3.33675279439118707e-03
9.49235414983875918e-04 2.58084722345877302e-03
-5.25050218945595244e-03 7.78325462037325957e-03
4.09554826358313716e-03 1.41322274459924533e-03
8.42932291472802200e-03 7.26301943174186525e-03
-1.33207674862783238e-04 1.81898317297649281e-04
9.01768853391019844e-03 -3.07590484523073129e-03
3.70243985302571655e-03 -4.16386767385667871e-03
-4.33339878763061657e-03 -2.39829703815093052e-03
2.46531762974858907e-03 2.05410436266666770e-03
3.72941389538308105e-03 4.91785834697343587e-03
8.98851064798580728e-03 -3.76631518473680930e-03
1.30723788949753169e-02 3.79884001422521904e-03
7.27749613845104018e-03 -9.56747748380978695e-03
2.15709707114295672e-03 7.83334303060051647e-03
4.36238954092649234e-03 4.56759941819074537e-03
1.03397975031390039e-02 -2.88776051356737272e-03
4.71795073992664887e-03 -2.40463169628606332e-04
1.56185030089106515e-03 5.73549389530907377e-03
8.17183242667365861e-03 -4.20685847579349223e-03
-3.99373058726961230e-03 5.05968063707052437e-03
1.75483003836602561e-03 3.40677084623205149e-04
6.33433560125452877e-03 3.50254800523219258e-03
1.85711729493401464e-03 3.94437963769623135e-03
5.66702367596553548e-04 -3.50171782529371282e-03
2.33061225195133883e-03 1.96295032412015149e-03
3.73011002682435526e-03 5.81271948833477197e-03
2.14105819779957744e-03 1.53663538339554266e-05
5.83571940057359129e-03 2.64569555157880519e-03
2.79906509111190263e-03 8.43868343569565706e-04
1.65352938222876312e-03 1.62596712668437379e-03
1.20472341076503422e-02 2.35346849397037030e-03
2.54968633919698583e-03 1.36775315287881614e-03
2.26571151634289997e-03 -5.18556364878436263e-04
2.44264051761744743e-03 -1.13247464838609271e-02
-5.56558224333025126e-03 -7.36994937498893551e-03
3.55358138095618163e-03 -9.21876954625583389e-03
2.34255569947046166e-03 -3.11566809025239739e-03
1.61078186462537340e-03 -3.55247143701925127e-03
-1.40950790691775330e-03 -3.84276008585267151e-03
-1.19539263592058440e-03 4.16936404185183022e-03
2.28078531692204028e-03 1.02686328827111947e-03
-2.51227881524934997e-03 -7.80049691355508105e-03
-1.04712588160319649e-02 6.85993288055156743e-04
1.54288121260510113e-03 -2.61149913062900217e-03
-1.97127284835431132e-03 4.39559522089664340e-03
-1.79897732648483743e-03 -1.10704725646009502e-03
-2.39997649119048960e-03 -8.07152731908133275e-03
3.13970816626387697e-03 1.20371899928696947e-03
1.49714921074477429e-02 1.06033150400468065e-02
-1.38167035855659348e-03 2.85752275789702458e-03
3.96326892963207514e-03 6.09907601538712141e-03
4.08883277286053570e-03 2.38489537941400037e-03
-2.37944514946828323e-03 -4.99275898912841191e-03
1.10695875147954897e-02 8.11154877066940470e-03
8.80659068126915003e-03 3.36429695246454269e-03
7.12136480229582421e-03 7.95215687209458767e-03
5.04757727395737342e-03 9.40335618779065572e-04
1.20619189067815028e-03 4.63680431897406636e-03
-2.62981913153488784e-03 -1.96148822229829213e-03
7.53449663735166700e-03 3.02878358799740701e-03
-3.14750305316903022e-03 5.04664622109621871e-03
6.52952600965701208e-03 -5.72341186941967024e-03
1.12507939115765628e-02 2.55130937076625481e-03
-6.64005625947529875e-04 2.74830955383738003e-03
2.88916930944884114e-03 1.36057727257841510e-03
9.79958697550429485e-04 1.41823526307233204e-03
2.48821237150573769e-03 -3.98142261548576921e-03
3.00879775922356305e-03 -8.54920984791812319e-03
-3.07362646981823844e-03 -5.65368900290758123e-03
3.86467563911698474e-03 4.41156141224061256e-04
1.55466364263803867e-02 -3.95974504934958754e-04
6.54710204508719869e-03 5.01855759435019394e-03
1.26003410434460186e-02 -3.93834279842589317e-03
7.19868286706379108e-03 5.96645887203132476e-03
7.54467942340295537e-03 4.36147613448457060e-03
1.86355850164480672e-04 4.97447418607563363e-03
4.38486147416096428e-03 -3.89278797245112709e-04
1.27985598699860009e-02 4.52240856376671073e-03
7.56542631857989346e-03 4.06330101283925577e-03
-1.24234334143383051e-04 4.38294890845269090e-03
-2.00683039979540883e-03 -1.59945645330032129e-03
7.35026764433723521e-03 2.09486586498866490e-03
7.83932658664650631e-03 7.88989084647062806e-03
-2.21652743512211307e-03 -1.51217972881609081e-04
9.45124099754343769e-04 -7.91480926282474295e-03
1.16933345205894618e-02 1.51842088270595279e-02
6.52750621706540187e-03 1.04875925467212902e-02
5.02251507468684261e-03 -2.38349424697003893e-03
9.41106174981132942e-03 -1.32351499211722884e-04
7.08848526979955710e-03 -4.85382177910786364e-03
5.20691950864916268e-03 1.06260348414338804e-02
6.98259075196683635e-03 -8.50349256618377291e-04
6.03327124460424809e-03 3.28805014928580620e-03
5.45866940536329347e-03 1.65680949568152575e-02
-8.37083246097140854e-03 8.86173119004779811e-03
4.69444017693787172e-03 3.97802101913380217e-03
1.80230826643012544e-03 -3.25223191023877754e-03
9.06539758110460844e-04 -3.90600458947714876e-03
1.83615222945501312e-03 4.63722346258415435e-03
1.04622066937040317e-02 1.58510655262782910e-03
3.88661964226865971e-03 3.52292824581965308e-03
-1.59359987981118551e-03 1.72860281728942394e-03
-1.70568890076090913e-03 4.85629214973653557e-03
8.22164718350838764e-03 -7.70631767464275731e-03
1.24662183503071564e-03 -9.16931131763547617e-04
-2.09536335656365083e-03 -4.55801499616022895e-03
-2.69078319644827039e-03 -3.90522110736370403e-04
3.27279502061744981e-03 -3.43106789832554621e-03
-1.22916126841137921e-04 -1.38001718060524982e-03
-1.54863203861281269e-03 -2.08454380672945441e-03
-4.67205525359106529e-03 -9.05841922862047483e-03
-7.20939726288060204e-03 2.70147600921622725e-04
4.52143881335448274e-03 4.58149951362597698e-03
-1.57378105227709065e-03 -1.20703203676811002e-05
5.69296488823119434e-03 -4.52791902919997321e-03
6.99039765468846899e-03 4.41928361460430970e-03
1.12459522494142775e-02 -6.86917716187183600e-03
2.19858451097207494e-03 7.78803881624543295e-03
3.80861596027016027e-03 2.75832611829333017e-03
-1.78593062397611191e-03 -1.63052004000239408e-03
-1.19511711409386661e-03 -3.84855471250946605e-03
1.43495108074879443e-03 3.69996710101810292e-03
3.38239630397729925e-03 -5.05299020042799824e-03
4.94664274958153596e-03 2.48262726996426085e-03
6.00528411807160073e-03 -1.64714560457061821e-03
-2.43571358964449203e-03 -7.56119727539658528e-03
-4.43425522992671960e-04 -1.69672549842799555e-03
-2.92542661043172217e-03 1.31750644976681795e-03
4.94915712245052025e-03 6.64346140193648044e-03
8.43313349528339827e-03 1.10196231669131397e-03
3.86771889078720487e-03 -6.56538952419714016e-03
1.17132188240110947e-02 3.03068450744783772e-03
-8.33588209107356012e-04 -5.91772248308150735e-03
2.87800200883538528e-03 5.07155825056955761e-03
6.34007366504815879e-03 -1.96364517758747248e-03
4.03935075313550766e-03 1.37947863349213197e-03
1.19672021268513282e-03 -3.78819782694284849e-03
7.51181737692279729e-03 -5.71286322114626156e-04
8.54159000487131163e-03 -2.91486022700385150e-03
1.07263111863382232e-02 5.77062911853096997e-03
1.42146061438458184e-02 -1.71391236973313641e-03
4.21973444433498043e-03 -5.12517689662643494e-04
1.38976529125312263e-05 5.78451352395438750e-03
-2.39327551739116490e-03 -1.01930709709713882e-03
4.81841947766759125e-03 -3.99671470203256311e-04
1.45536535898523924e-03 -1.75250817863135586e-03
4.53497018758289554e-03 -2.29574184012525020e-03
8.29995986543625996e-03 4.63969588484071296e-03
3.87372730114245601e-03 -7.58055308558271590e-04
9.01979623409223177e-03 4.42429824346872620e-03
8.03877501948429066e-03 2.41891691271986899e-03
1.26156087735091794e-03 -8.64716204306790505e-03
-1.41647493773401113e-03 -9.02427419069406589e-04
6.57455197013796528e-03 -5.89076475290687459e-03
3.84289136566433797e-03 -3.29113607346081735e-03
9.79486562016344299e-03 1.34570568994626526e-03
4.49866368326594466e-03 -3.96600977454509857e-03
6.62590527301691427e-03 5.16594568543833014e-03
1.15679003143520209e-02 9.70108986399708349e-03
5.10845393670663131e-03 6.17404298583981216e-04
4.57486370312188795e-04 5.62813070718708088e-03
5.99368769911187357e-03 -3.70816584234902498e-03
1.08391547763364202e-03 5.48638679143848267e-03
-5.05286693288845186e-03 4.25107420147732406e-03
2.64140037508205517e-03 2.91469210517869386e-03
-1.80953453024007322e-03 6.18256589953376811e-04
-5.46806763118291329e-03 5.36162061574268697e-03
5.24950624029573137e-03 -8.23300426309273026e-03
2.05136788543669197e-03 -5.40030947673220216e-03
-5.25599215693143672e-03 -5.87282863712501168e-03
4.79540259749604725e-03 -4.44947571937018716e-03
6.96049100101040321e-04 -4.66893930898394215e-03
-2.99389526071428013e-04 -3.23926600029761976e-03
-1.49882290577797164e-03 -8.67419997316080070e-03
-6.83023557761733811e-03 -6.27685783352554660e-03
3.28112847465314092e-03 -8.63028566435735073e-04
6.53578041463126046e-03 -6.17873125874339978e-03
4.61723732429610012e-03 -2.57476910048207511e-03
2.58553015375862991e-03 8.27684115742163308e-03
2.99827180238028792e-03 5.80216914288747294e-03
8.66431482781222090e-03 9.87547075729044857e-04
1.75759542013655254e-03 3.20607552126386808e-03
6.52998475322225927e-04 -9.30287062599374596e-03
5.48333358616992245e-04 1.10606841593150276e-03
2.04324715341884251e-03 -9.69655277240781587e-04
9.39521042657130191e-03 5.25660536132849070e-03
-7.49919120967125052e-03 -3.17738354915871957e-03
2.74784885560099348e-03 -1.75571450988737388e-03
8.37288253795955527e-03 -7.34458978625826368e-03
2.91429133802017766e-03 -8.62650985494894593e-03
1.29532320636862597e-02 1.17777310398256584e-03
6.24020448836861384e-03 -2.61148857336577578e-03
3.57871948189237860e-03 -6.37138948953822407e-03
5.00334695002406862e-03 -6.94135995876905051e-03
-1.20046377881611712e-04 7.63783093932612813e-03
-4.14672498953418123e-04 1.20311110030012994e-03
5.93420964935087881e-03 -9.14127919150967724e-04
-1.21477089570313189e-02 2.15036044660340490e-03
-4.67328322856825945e-04 -4.28882644068700764e-03
1.20591994878655254e-02 1.96042355513459041e-03
7.83286748752072895e-03 1.76532648756843073e-03
-5.67085544347719511e-04 1.28234687254202384e-03
-4.58236756748018129e-03 4.21462683949904576e-03
1.84902460023696051e-03 5.52072060154121681e-03
7.12001350384101981e-03 5.96573442082062432e-03
8.78472654520989250e-03 1.03612479399015911e-02
4.27168088729791822e-03 4.38469525325449125e-03
4.50644630532963560e-03 3.66290226252181375e-03
1.05348695338536302e-02 -1.57736794010445293e-03
1.26969197164592176e-02 -2.82154366793106216e-03
9.91703268163589106e-03 2.96410739439047395e-03
4.94472253392639737e-03 7.10598237289967582e-03
1.25269258851277137e-02 6.84557380732543066e-04
3.24631149993520173e-03 9.41691879732203981e-03
-7.10447345923198082e-04 1.41117961257440257e-02
9.67522613028737669e-03 -8.28038141789769200e-03
7.29340201554053592e-03 2.40665795821378347e-03
3.34658397579564934e-03 -3.25518073250149424e-03
9.28809592788198447e-03 3.46986017338564694e-04
1.05300167773631562e-02 1.12654119372771425e-02
4.74565868628135448e-03 1.78532056205484950e-02
-1.58198119364518587e-04 1.56978994580961734e-02
-1.11684514106505928e-02 1.06472884082467641e-02
6.39731701488056512e-03 -4.41714309802785455e-05
7.20279606904434058e-03 2.88272715050271171e-03
-1.87729301737417451e-03 3.22084655482670094e-03
-6.87481678537766195e-03 4.60081282995247341e-04
-1.04634233941250845e-02 -4.39042246994614596e-04
1.69128807188985062e-03 4.35007279425108934e-03
-6.17762830658384263e-03 7.27247853989468514e-03
-4.67603399996960930e-03 2.16380299956727600e-03
2.88422727750966461e-03 -2.53099717999787392e-03
1.32716531708954380e-02 -3.43695046808105246e-03
1.49808479436741018e-03 -3.44260804401302434e-03
2.07189641642404015e-04 8.50928804356700856e-04
-2.58233701775801346e-03 8.14893169540058943e-03
-2.33024618343388940e-03 2.55059746801249393e-04
-9.50170015775082290e-03 2.48462891131540379e-03
1.40752041182033022e-03 4.85061454815199043e-03
2.28896738349286142e-03 1.97324960924132346e-03
7.44974342462613286e-03 1.29812131290662830e-03
9.70974146769923094e-03 -1.54532680655391119e-03
3.50754378317262193e-03 -6.00290343233642965e-04
2.72137420661443469e-03 -1.37998196594937275e-03
9.21171283722399883e-03 -8.60540079740625694e-04
1.62313361903202520e-03 2.96315994887626178e-04
2.24565623014175327e-03 1.24616545491090299e-02
7.81806024264674704e-04 2.43187661200030885e-03
1.39588504092669663e-03 -5.47010887893951362e-03
1.41757446149824457e-03 -3.52706713120955976e-03
-2.08014772698434497e-04 2.89624203890506346e-03
4.74228898774143887e-03 -8.88435604189008856e-04
2.70733938632295151e-03 7.60065607612924170e-03
4.04844459690410687e-03 1.27194989750374068e-03
3.04473812680115460e-03 -1.91627121758561271e-03
2.31526541897048932e-03 -1.84638615714266346e-03
2.01865877333897012e-03 3.68616764221695471e-03
5.12851867290064697e-03 5.82671688066815538e-05
2.70036742523840608e-03 -3.11114768316050330e-03
2.18708235904267571e-03 -1.12985497559940249e-03
-2.02182944205379954e-03 -1.00708657452595841e-03
-1.65333001348566674e-03 2.73631544318121657e-03
4.92957376243994671e-03 -8.94286591760782602e-03
2.47544105631038311e-03 5.46468029933767831e-03
8.87882419155185988e-03 -1.08745428547219591e-02
9.71557405470407399e-03 -6.54993259492319541e-03
8.27227359614806333e-03 6.80930367936639653e-03
4.78478319256195848e-03 6.27986573033148098e-03
7.56197608559216680e-03 -7.73056116284447721e-04
2.64041409440513757e-03 6.52136417795815253e-03
-2.38851505735102038e-04 3.19903462102946994e-03
-2.43214600072064928e-03 3.78139363247643155e-03
-4.00255577405621982e-03 -2.27805568528436633e-03
3.49262234754584965e-03 -2.37212006617372895e-03
6.65515962953173220e-03 -5.25511873310612076e-04
6.04477711363183776e-03 3.43370844992467407e-03
1.85078197912631314e-03 -5.10355851366738229e-03
1.15576597232031879e-02 -2.49656421823870244e-03
2.80706292162302348e-03 3.82770635740805601e-03
2.44577798228547095e-03 -5.87529497506228231e-03
4.64716174139036525e-03 -6.84012228635683638e-03
2.85664752059495075e-03 -3.56174297423678034e-03
5.44156983775908459e-03 7.64403671656868101e-03
8.73532232154218373e-03 -1.94584991890351658e-03
5.08668845682283283e-03 5.60888912771391294e-03
8.24013663613000491e-03 5.14891853365749726e-03
-6.56407324650492164e-03 4.04147073646829794e-03
-8.52917136910376827e-04 1.17792836818763191e-02
-9.97282526834588701e-04 3.55187855061724848e-03
-3.87012385538973089e-03 1.97720168113109802e-04
-5.51520464693196146e-04 -5.16242840182433048e-04
3.75787995152731267e-03 2.66647907734433648e-03
-4.10715266050613089e-03 6.11986638044944263e-04
9.77082958027338444e-04 2.60826336699724009e-04
-4.46714528535334474e-03 1.00232838665966165e-02
-3.12699186609677673e-03 -3.01807591569752372e-03
-7.98288616607797561e-04 4.73226321063929898e-03
8.30072741446400428e-04 -2.81930271818128277e-03
6.52788441285637872e-03 1.69384900343765021e-03
2.40292473784587351e-04 5.23523587376315599e-03
-8.98389033852656010e-04 7.30290504086081836e-03
-4.42802632098553573e-03 -8.91170862778034286e-04
-7.78462730531178336e-03 -7.08060151802370093e-03
7.80332386789089893e-03 -3.11226334753148372e-03
7.33824931359467348e-03 1.33534230315190939e-03
-9.53416175759661606e-04 -7.13905220844693409e-03
1.43245318962009218e-03 5.02627018257015019e-03
4.20506928159381996e-03 2.46404951804408761e-04
4.57894051615129140e-04 7.38534943458979583e-03
-2.20583993566220117e-03 -5.22187685007175569e-04
2.23832439578970383e-03 -8.34842414447605451e-03
-2.63638710972346558e-03 -3.14553796771493283e-03
2.23753222040345544e-03 2.00838583024081762e-03
-3.16301906518575923e-04 7.39409553390950498e-03
4.95465475220651080e-03 -1.81934107491922918e-06
6.91857412670553520e-03 -1.97079838823001471e-03
-2.98907263778896981e-03 3.33961937155404648e-03
6.15144709832772443e-03 4.13349888647214503e-03
1.07475754213688553e-02 1.33198867235285335e-02
7.38772425874672980e-03 -2.01959394569356521e-03
-6.87824416889925216e-04 -4.07693615239716929e-03
-5.57855057245005832e-04 -8.14348335747732549e-03
2.57504038603895494e-03 2.06116223948167110e-03
1.78349548896409704e-03 -5.06492553185258938e-03
4.74811547593427150e-04 -7.03733632781984066e-03
-7.58800272272755223e-03 -8.30599939831893415e-04
-4.85724525624009387e-03 6.65830804683070678e-03
9.24204654309588626e-03 -5.01274369870855635e-03
4.98032146021889621e-03 7.03351909930184475e-03
-3.24089092859515364e-03 4.26439306971966841e-03
-6.33433625977159864e-03 -5.68172831550514570e-04
-3.67959358013050537e-03 5.78484910711922831e-03
1.55739952205644853e-03 3.27819172246461522e-03
3.53442813602562224e-03 -1.31511970310555209e-03
1.14123252481936246e-02 1.16767796865921824e-02
4.19855552670935503e-04 -9.94765034295624189e-06
2.10840452189980238e-03 -1.12442611283914678e-02
6.07664831415936739e-03 -5.45134314804357565e-03
4.55518165776208975e-03 6.29708078673668278e-03
2.94714193871502186e-03 -5.86636818902367980e-03
2.77720636648179061e-03 -5.27289804122568892e-04
2.01322052947261595e-03 4.19260648737706642e-03
6.85809187689936147e-03 1.26176336967227954e-02
7.83609348393103644e-03 -5.18596780474965807e-03
7.58587209241249390e-03 9.43438968856450885e-03
6.50638361004259990e-03 3.45628084968816309e-03
1.04861386299486144e-03 2.66998376309937439e-03
1.07981893820911813e-02 3.79535706998606432e-03
-1.36468597427998159e-03 -1.19714948329395967e-04
6.54708353952579859e-04 1.27231497247243513e-02
-7.52461087579524637e-03 8.99519712355883669e-03
-2.53223211981580196e-02 1.77957616524410459e-02
1.59603928057833934e-05 8.18770050240332468e-03
9.51972512112806910e-03 1.39856254886007031e-02
-1.12718342413390717e-03 4.51005779434673416e-04
-3.37014005794660648e-03 1.27874525157453314e-02
3.38930022639431219e-03 -6.15228590081334098e-03
-3.46483646961380292e-03 1.25064958809802569e-02
5.70247100691914297e-03 1.27662319142618896e-02
-5.91542980192909934e-03 2.03520382426801878e-02
2.10203447193577746e-02 4.78510967583506159e-03
-2.55933821400346683e-03 -7.46418210374897272e-03
-1.22188683220506933e-03 2.90694851497198901e-03
2.77306296203021219e-03 1.03630517438470411e-02
-1.23106108866360303e-03 -2.55040629570408607e-03
1.01294087549970262e-02 1.07605617070596609e-02
7.46061503046794184e-03 1.74501721973947376e-03
7.06369130173826933e-03 1.08303250386812319e-02
6.15166903147609974e-03 1.80208005798541027e-03
1.60998839989049932e-03 -2.62763421265814088e-03
1.40824648285467848e-03 4.45074514029922003e-03
5.49143844261178442e-03 -4.16469685909498944e-03
5.00609760065427972e-04 1.13253422796228808e-03
1.15153269980706845e-02 7.66477580767714172e-03
4.38456978949907338e-03 7.72101883319496144e-03
1.51117985242759604e-02 -4.42658401146037682e-03
-1.47353170012480355e-03 -3.54574506212657070e-03
7.13562652966509385e-03 5.22983311597948006e-03
-1.95743840546313977e-03 3.15153053104900386e-03
-4.18844017677260077e-04 -1.27771031222248424e-03
3.34997537966105156e-03 2.02649281588539697e-03
7.06199539547957850e-03 -2.86470268845601074e-03
-2.34436597976958507e-03 2.76524996175318578e-03
2.93433688169261655e-03 1.41718620759050500e-02
7.07833067051954860e-03 -4.71998434050665671e-03
3.49303517148705136e-03 -9.34268550567592527e-04
2.91170953853103634e-03 5.14332706068444494e-03
6.68927844384185379e-03 7.49261471816221620e-03
-4.88862261878984621e-03 3.45136085606793453e-03
1.17441948978200487e-02 3.89223299935077816e-03
4.64921459828605398e-03 -9.54510243697157174e-04
2.10954311407920980e-02 8.92757003276909572e-03
-3.51855468740370093e-03 -1.73772008638264767e-03
-4.26356484159218403e-03 -5.50193222986653158e-04
1.80031221478382033e-04 1.75102341939273212e-03
5.15227216221930944e-03 -5.54903084755449180e-03
3.37724268472601105e-03 2.17054049280752124e-03
2.37467738614039131e-03 3.69712663047210401e-03
3.44733963565376769e-03 1.72753137193178683e-03
-5.81215608744725665e-03 -1.29741897476605521e-02
7.24207890800340585e-03 -6.88207307213577375e-03
8.13214117347380223e-04 4.60984685713842525e-03
-1.99204543855618530e-03 -3.97287275215100523e-03
1.02101574051960474e-03 -5.46155048382038297e-03
6.77469149581474040e-04 -4.46837595946678306e-03
-3.91145097159114035e-03 -6.91124224281014000e-04
-2.28776429723973095e-03 6.33609251536934159e-03
-8.22633873550962687e-03 7.83403694089483682e-03
-9.87268424458569571e-06 -8.12395720804029269e-03
6.26975109275068371e-04 -4.08287167775719603e-04
2.19603412476497561e-03 -1.17946657344719977e-03
-1.25148910754059226e-03 8.08150221804171225e-03
9.47339631164261322e-04 -3.88268938647909649e-03
-4.68475528544268129e-03 8.86859408029200096e-03
-2.05842235380858949e-03 2.26746669214599166e-03
4.20751507490568864e-03 1.60886075202674693e-02
3.76783479415478172e-03 -7.09047338892158452e-04
-1.71717412441083452e-04 -1.74055054092090637e-03
1.28233650175823173e-02 6.66730351336621355e-03
2.53423068927621179e-03 1.62098142744940554e-02
5.02457791251481687e-03 2.77588201222349557e-03
9.51952852702063305e-03 8.46022745227108762e-03
1.32843097542576383e-02 3.59595593166356234e-03
5.05377268016130553e-03 -6.41196821435668050e-03
8.39176451833785952e-04 3.24611028957598469e-03
-4.45163284700148920e-04 8.12803077308374769e-03
7.60881754097054042e-03 9.74155686199560007e-03
1.08085297590988609e-02 1.03811864154129511e-02
9.58001614374753667e-03 9.86555647949692019e-04
6.20749910442303966e-03 1.01865553476908968e-02
1.56229161779391622e-02 -1.14155360474039124e-03
-3.78453671346020391e-03 -4.12259548359132644e-03
6.92788214525985949e-03 -6.98103777266586862e-04
4.88972099552669251e-03 1.01825505053609825e-02
-7.28646911844312885e-03 7.85947020643349217e-03
7.88506179150128168e-03 3.30359534355156468e-03
2.04063544250366203e-03 7.81307723283957735e-03
1.39570653638665491e-02 8.59424257080000815e-03
1.13224579655046183e-02 6.93049313415586028e-03
4.85725273698495424e-03 8.89095241966106516e-03
-8.53080579268609106e-03 3.95668342609983154e-03
3.74432933195000808e-03 1.14113003199274587e-03
7.45067336575213311e-04 8.08224944373940601e-03
5.00615551977399119e-03 7.52634428710164121e-04
3.76979854651259645e-03 1.26810073765405316e-03
8.38880669450029100e-03 -4.34442264891643070e-03
3.76354047884687806e-03 2.17266321353932297e-03
9.16600462584864391e-03 2.22403590226786987e-03
-6.32776896707665953e-04 1.48555165379185995e-03
-1.61804661019591240e-03 7.06818260881657279e-03
5.14456060558863768e-03 1.29444575103508652e-02
1.30808966836152060e-02 -1.96642106017020897e-03
-2.42859760502033147e-04 3.35831386258719701e-04
2.20442870191762778e-03 1.84961850548888461e-04
2.08113329875168462e-03 1.26549756756027848e-03
-1.48578211907395962e-03 -3.39619751622877728e-03
2.52449260957130937e-03 1.88524688123072590e-03
2.01830623652628476e-03 1.08780232202364598e-02
3.32393514474548348e-03 5.51843994041270429e-03
-4.11232716054147978e-04 3.42650503505082275e-03
4.37864804127692259e-03 5.15257445372068260e-03
7.30418083340278381e-03 5.97479771471914368e-03
6.17460316954986533e-03 6.37414542926885083e-03
1.01040780985008137e-03 -9.60505260033562235e-04
1.73270669766109890e-03 1.51236157876261286e-04
5.39482049158089474e-03 5.49346673790839912e-03
6.50967177914350825e-03 -7.07693025162857512e-03
-1.19503954004328596e-02 5.26710706117154335e-04
3.05186429461917590e-03 5.21017454565369902e-03
-5.70198664390356331e-03 -5.43444512937563541e-04
2.26442841064131454e-03 -1.98223570054240853e-03
-3.96572960876675259e-03 2.70746869665333895e-03
-2.69616075090247428e-03 -6.99541522635339225e-03
3.59645554437577376e-03 3.03618871055086640e-04
-1.39480846703179430e-03 3.05672145380123409e-03
-4.41662128305691550e-03 7.55786380487152507e-03
-2.35545956849652472e-04 5.35785110621414908e-04
5.65497456125710948e-03 -2.44541992450489961e-03
4.37933919941818801e-03 3.64605774019703807e-03
2.65396922289898264e-03 1.30595383555911996e-02
-5.20658481512786819e-03 1.16398981581549085e-02
6.96113205470788848e-03 4.63699306507692286e-03
5.75704035093852276e-03 1.92476540729825496e-03
2.99139024800754898e-03 7.99021268230925077e-03
8.01814714020007181e-03 -1.91026758410856360e-03
1.00115533706304060e-02 1.03216622159209900e-03
3.60516417076986321e-03 -1.62586191436297502e-03
1.00557830572274593e-02 4.35836103664565596e-03
6.27764743731398529e-03 2.40862756402363725e-03
-5.86418650192556379e-04 -1.60010059713692229e-03
2.92036153104963331e-03 1.91357703613603651e-03
4.42781988752215770e-03 3.75760132194673377e-03
1.32778901101813997e-03 9.11098970425065248e-03
1.24184628663367731e-02 1.98142167535772257e-03
1.19112191795386693e-02 -8.42755187918781384e-04
1.74645324748577040e-03 1.15101744610075925e-03
1.24642486314178996e-02 9.97643022013700552e-03
8.45910349080025584e-04 4.46293485485008395e-03
8.21562315567237779e-03 4.93650082499414410e-03
-3.38273416945928350e-03 -1.52988788779864348e-04
2.51982828323491816e-03 -3.86721421360759418e-03
3.59453900831913954e-03 7.02425529349465748e-03
9.49155143058998639e-03 -1.09197212237927238e-03
4.79403905431402717e-03 -3.03680608825032347e-04
2.51530543524291399e-03 -6.01810451084716907e-03
4.57391769806850517e-03 2.94095942762157090e-03
-1.88777065546407211e-03 8.54081524063205269e-03
-2.88368913952674881e-05 3.35583642470416599e-03
1.49890550218850175e-03 3.56532296346600761e-03
6.83183769185426344e-03 3.08249953653270395e-03
6.12843390135076743e-03 -1.88233260343264631e-04
3.73559247219016613e-04 -2.84150797138599037e-03
3.87564087997693905e-03 1.78139787352474374e-03
5.20039109086746758e-03 -9.63099364559056041e-04
9.73633306691576959e-03 1.38990729153561673e-03
2.05893904793612694e-03 -4.42649120230846800e-03
3.56342177071701863e-03 -5.36483135441889400e-03
1.02580639563702505e-04 -5.54473679827217555e-03
-2.08772894136285362e-03 -1.85307609055144020e-03
-4.63410449334476261e-03 -8.81549399249112985e-03
8.29591546761207239e-04 -5.57496091715112166e-04
2.86504015199299557e-03 3.54491997307304976e-03
1.01743631156786390e-02 7.47609151107549337e-03
1.67128030142531269e-03 1.86045951938311558e-03
5.78741220896255952e-03 3.11013979932534272e-04
1.35692713082294185e-03 2.00419258261437961e-03
7.26562908720477987e-03 2.89086719739251573e-04
2.89652492409492009e-03 -4.80199665609668154e-03
-1.31111926808397342e-02 -2.09739937017747310e-03
6.36580005221302168e-03 3.09219271200855250e-03
-1.84403947545096940e-03 -2.67397279637596316e-03
1.52022895886733209e-03 1.40336101199532498e-03
9.82018723970381558e-04 -6.03450189444996402e-03
-5.67531057230956371e-03 -6.31881824430037715e-03
-5.25518903624827842e-04 1.58458425344934787e-03
4.84567783636928161e-03 -1.80050644483216622e-03
1.40665677835581952e-03 -1.86135463905918942e-03
1.13426389416766953e-03 -1.38812806576571642e-03
-3.11401330039261812e-04 -6.34068144815180985e-03
9.22066607108829386e-04 -2.73631287295097352e-03
-2.31103395239102205e-03 4.95518086000415383e-03
-2.00543005536261499e-03 4.12722446537773860e-03
1.83975028151641806e-03 -1.00462082400633789e-03
1.67051688026198519e-03 -1.22848708871184072e-03
5.14592635686561680e-04 3.85416301353335615e-03
3.95136558216626407e-03 -1.20773790354786843e-03
-1.63250058066192289e-03 -2.40006997154620406e-03
4.13367881041000734e-03 9.07013378656185533e-04
-1.91774197788166457e-04 -6.82882867016356299e-03
5.42654903406214039e-03 -2.12715816702806378e-03
4.51383153193687849e-04 1.72054013654268732e-03
2.76098523988512401e-03 2.09304740970645475e-03
-1.66183690786413861e-04 2.46980345583278299e-03
-2.28606242440435037e-03 -5.68831768950327742e-03
9.62252438067676824e-03 7.30901874974312655e-03
1.22968327684298880e-02 3.30539526066270066e-03
1.00951276487772270e-02 -9.00802746991962561e-04
4.95933145089974808e-03 -8.87484147785259306e-04
5.88044731951510406e-03 7.94136347799018379e-03
1.76932161671381621e-03 7.13389451212878382e-03
5.74085625793225619e-03 -5.20416473465490099e-03
3.19526764066553658e-03 3.42124026406459385e-03
2.99016000564340802e-05 5.42215645443029832e-04
2.32424940608071595e-03 5.28260189892183806e-04
3.67301838973223575e-03 -1.18807351164193606e-03
5.72219063275182949e-03 -6.63527064823689187e-04
1.17234668141010592e-02 2.12636607615260525e-03
2.45003916982203468e-03 8.40510001511150621e-04
-3.62722974482025803e-03 4.36373398011559444e-03
4.53751264282363769e-03 8.73480228822044562e-03
1.76684207408857709e-03 5.93878777652581506e-03
7.19070971201896808e-03 -3.70807714397842526e-03
6.00241362993164836e-03 -1.77723395873933426e-03
8.15489627199942300e-03 4.68506588410968865e-04
1.28456988679101249e-02 1.08461850580434359e-02
-1.65043467361207356e-03 6.83243795440047989e-03
3.23172386000667540e-03 -8.15717940020550120e-03
-9.45551308980553695e-04 8.50686466891277353e-03
6.81758086999804773e-03 2.00131468708748643e-03
4.60036664220181825e-05 -7.08971933677798524e-03
1.60182861820677312e-03 1.84898483607216129e-03
-5.48920780932055704e-03 2.32951059808894894e-03
-2.88643367033057695e-03 -6.48803342593170639e-03
5.73019541162955812e-03 7.15806469486645388e-03
8.51725560375042601e-03 1.01136368794870479e-02
3.37414067434798140e-03 6.27347381112659634e-03
7.14751534652941639e-03 9.89332454749280304e-03
1.76126713645704397e-03 4.38713937490029741e-03
-9.04773522534470438e-04 -2.50463985057567100e-03
4.96505915992676364e-03 5.87285065266632809e-04
3.24927766675862061e-03 1.74112958650545131e-03
4.24464686128332713e-03 1.15634858357543014e-04
2.84858283490037204e-03 2.09657833525133579e-03
5.68105360646077931e-03 -4.01507509870122591e-03
4.32143489855180227e-03 -3.33602930176847990e-03
-1.49693656542648789e-03 5.97975170611328606e-04
3.16772794835864418e-03 4.93838777582903711e-03
-3.47653052707152079e-03 -1.86147686411079912e-03
5.21900301294806975e-04 4.01485558343227418e-03
-5.73194391493753717e-04 -3.27389897726411503e-03
2.43714789441564416e-03 -5.02406812069476974e-03
3.93490190798245765e-03 -3.42311992917605865e-03
3.19352563926663096e-03 2.24763085201788769e-03
1.02611761111096001e-03 7.56910433511989115e-03
4.48506902775039110e-05 4.11869490536796029e-03
4.50559507294681367e-04 -7.45740408194066774e-03
1.17532838635790622e-02 7.33139951153919962e-03
-3.64596124615824448e-03 1.57381890989889868e-02
9.75378491834054395e-03 5.94567480657400352e-03
-5.72969564505737550e-03 -7.40852494233855755e-03
2.10869065709849181e-03 -7.86492580424012853e-04
3.12738567875123783e-03 9.94764409243973496e-03
-4.44482874381184594e-03 -6.26718574683685602e-03
1.10456249424324363e-02 -8.35092980007278839e-04
4.83626313343034613e-03 5.43492904976321939e-03
1.06880318462491460e-02 1.01237432955992332e-03
8.71012920662765817e-03 4.35320527244786350e-03
-4.62788484841538100e-03 4.15340519102213365e-03
-1.91801586754005728e-03 5.67023347401589620e-03
7.62797593795098809e-03 6.67668103113104421e-03
1.05380624965156957e-02 3.25658643341434489e-03
4.98640737683620720e-03 7.10829573135337775e-03
1.26697628138147823e-02 4.69539627343509760e-03
9.88327953091623461e-03 1.48880904483069515e-03
1.02366051859570286e-02 9.63582785318218703e-04
-4.82787209762568226e-03 6.33426937637126489e-03
-5.19044324974759184e-03 3.49698462022926754e-03
-1.52807602073668132e-04 -1.59738361718601602e-03
-3.47873872189781886e-04 5.20540937583320509e-03
6.78136748101087865e-03 6.54533280790829067e-03
1.21086663117017327e-02 -2.33942255966235017e-03
2.10445607300277851e-03 2.20506595662098336e-03
5.38308223692289794e-03 -3.39523864196097534e-03
-1.92958255728374931e-03 1.70156412030942629e-03
-3.06883338138512962e-03 3.04173049317599123e-03
-1.99252350024785698e-03 2.21161028671410225e-03
6.35398909548513368e-03 2.51858502859829891e-03
5.29251380982736185e-03 2.20384242746429586e-03
5.31996860054715585e-03 6.82532938754259327e-03
1.18025358310894311e-02 1.12247665006884913e-02
-2.07681095865442592e-03 2.54241496315784905e-04
-4.64280836183857560e-03 1.17107068378856805e-03
3.23390891690520993e-03 1.99567423277910005e-03
5.67876404111880995e-03 -2.61064255617501906e-03
1.16125378472218144e-03 -2.43066817320625617e-03
-2.84241206865452119e-03 -8.88020939799246127e-04
3.09927426794050741e-03 7.13639714266819372e-04
6.12418990372530069e-03 -3.23127965917199616e-03
1.41544423007179468e-02 -2.04066447850293799e-03
-9.76357154897642375e-03 5.41270391609485757e-03
-2.17577743450288359e-03 -5.65141830998031362e-04
1.46681600603887222e-03 -9.02463627660793073e-04
7.57302903344355023e-03 3.21193332410338621e-03
1.14656219737172883e-03 2.53569611268924860e-03
1.01443084017132628e-02 3.75718204090768259e-03
5.00697194614917011e-03 -2.80538682561709725e-04
1.86764287363527467e-03 -4.03017462914773833e-03
2.74411571841212763e-03 -5.34483788434796190e-03
2.74591382643471060e-03 -4.98851617489918728e-03
-4.08111030155568297e-03 5.09122827735338044e-03
5.42214145852664472e-03 6.47044327743523471e-03
-4.74674727954683623e-05 7.68954639637487239e-03
-4.90392649613110676e-04 4.49540358125442721e-04
4.87960774757506370e-03 -6.11838610272706293e-03
8.48089353481181613e-03 -2.22509311308533454e-03
6.80516643869194440e-03 -1.76243427063739163e-04
-1.87557601871484814e-03 -6.37108010144420947e-04
-4.43232605766593051e-03 3.58567762264417516e-03
3.55485927501989103e-03 -1.47619699026919388e-06
-2.54400646760335992e-04 -1.62632317016350096e-03
-8.38763673101216114e-04 2.41155413770153138e-03
5.36323477525613504e-03 -6.47372057708924756e-03
-4.84489935475796753e-03 -1.89741309806345533e-04
-1.61370666013094764e-03 -1.42899103469420552e-03
5.16290692289212046e-03 2.84890974626995312e-03
1.66375453650389575e-02 2.62116711790664038e-03
-3.49514994443291460e-03 -1.20092070052276638e-03
-7.09736486038865821e-04 2.12032129797284702e-03
4.97275962141632746e-03 3.79683749424500946e-03
-3.04818660005334646e-03 5.12245384205334969e-03
7.28841725230314208e-03 -1.15205899210723476e-03
2.94875499732068962e-03 2.03522679155774405e-03
4.44698152735394786e-03 3.86719624496125380e-04
6.07558393057566412e-03 1.00668542561099614e-02
4.89751841553443239e-03 1.48225074481839487e-02
9.79151998838446828e-03 3.90932295759614020e-03
-2.49758200887342970e-03 1.86027826300372897e-03
-2.19618804074438786e-03 3.58184771282016269e-03
-6.16527483841289303e-03 6.68252278483055448e-03
-3.82680386407882643e-03 4.24234846823645911e-03
5.49807136377557584e-03 6.18291539429080637e-03
3.17446485455201042e-03 -1.52272025144944089e-03
8.90261917992873561e-03 -2.62250686287201281e-04
2.46835023705133409e-03 1.41745206931860254e-03
1.13240956948864810e-02 5.68304004878633726e-03
-2.55811432768279952e-03 2.10789802717130685e-03
-1.03393536476670267e-03 -2.36007062883159804e-03
6.21787155859737910e-03 -5.13932912762433795e-03
9.15012083361182635e-04 -2.11512956253876935e-03
2.84884749635521935e-03 4.72442033177578481e-03
7.77074175880820665e-03 1.01647055387244813e-02
7.29158476435263787e-03 -1.41344774009191459e-03
4.34661307965993234e-03 6.90597185517890459e-03
-5.77647342448511618e-03 1.42190906285077695e-03
5.22991242036158731e-03 -7.69834148287826411e-04
3.73909577353887489e-03 -2.10838395988463155e-03
6.78810207550357200e-03 1.07581059484200634e-03
4.07389941673735097e-03 -1.19327863366812349e-03
-1.01169489259166881e-03 -1.41190725138879911e-03
1.03060659326773755e-03 4.00716190874141585e-03
6.18232437002209142e-03 3.16557765119882418e-03
-3.02872304746513174e-03 -3.99062137345007877e-03
7.67763256119187009e-03 2.05015353417879265e-03
4.95954497151747820e-03 -2.68632150993458651e-03
6.42158899273544571e-03 7.85116904069454048e-04
1.51538101324423199e-03 3.86149151870318532e-03
4.06003440476292513e-03 1.15286033469683726e-02
9.72430011133542001e-03 4.85909221699182617e-03
4.18752841603354034e-03 9.97898945376118895e-03
1.13855229184370342e-03 -9.29809939362750623e-03
1.25394203285038200e-03 3.19382909354371924e-03
1.16173311105413953e-02 3.47116289655679264e-03
1.67796697686916751e-03 7.53344824737725224e-03
-4.40125717420274468e-03 4.50459989225664853e-03
1.48590986663027958e-03 4.52516189495122054e-03
-5.13758613920321707e-04 1.50401060186513506e-03
9.04559350031948831e-03 3.97579301588000047e-03
4.64581101590262786e-03 2.14555690516867294e-03
4.14073812289032783e-03 -1.14300783722506849e-03
-1.28179365739468755e-03 1.49598831365268668e-03
5.74991355096266042e-04 -5.25999336733392296e-03
-1.76618581323175362e-03 4.26070997915297886e-03
5.94710319456984420e-03 1.40264529938033812e-03
1.07551284229205121e-02 3.76803433156150001e-03
4.48791313845240021e-03 4.24718963554886111e-03
2.91413586762677033e-03 7.03819462454756233e-03
1.03086932696899083e-02 2.64536094971916673e-04
5.59872462947632980e-03 1.48714766882838923e-03
-2.98146966212991778e-03 -2.48406552263462236e-03
8.21013655769166351e-03 1.79815467707108924e-03
4.35441762144476302e-03 2.20559225227426542e-03
-1.56715219628858981e-03 -3.51084201637569997e-03
-1.11167450503743504e-03 -3.72086032897228441e-04
-3.01972121973971726e-03 1.34508628113634977e-03
1.77510647687401839e-03 -8.93645731931558317e-04
-3.56164328845842097e-03 1.28374734481667197e-03
-1.59010108997262724e-04 -1.07020319289388905e-03
7.36941705904607842e-03 9.00980475788030945e-04
4.92765435424300652e-03 1.44328614043918806e-03
2.86468475454064063e-03 -1.33701372615107283e-03
1.07806969735482726e-02 6.97435429077881194e-03
3.81151701381108286e-03 -3.23030405794815802e-04
-8.86721800539566748e-04 -7.46123206222834567e-03
4.48567005898971131e-03 3.22467090112079887e-03
-3.72193274493894111e-03 -7.74986955252554544e-04
5.13183292348745775e-03 2.32371854273709898e-03
1.49272300036670628e-03 2.24291076934421424e-04
6.16407381851641172e-03 -5.48874259569297456e-03
7.16359828507140851e-03 1.03687677848655034e-03
-7.64338765422974717e-04 -5.15471564632889040e-03
-2.34599433944495837e-04 2.62372485400774562e-03
1.84405809627128563e-03 1.08172907375387178e-02
1.20120488153706859e-03 -1.88387768506875319e-03
7.03936863158216748e-03 1.00064179975919575e-03
8.05191521234560267e-03 9.83194046151601025e-03
8.52896553956139850e-03 -3.37917199305014975e-03
1.10198659590280343e-02 7.09334531612773080e-03
-6.81995989306593479e-04 2.99250930258904233e-03
1.53314467234302886e-03 4.27874712310186318e-03
3.88462866730001320e-03 1.79034035324927994e-03
7.15856946841012504e-06 3.93431434447291239e-03
3.92316671006922787e-03 -6.32782178212025394e-03
3.13128414894867785e-03 -3.38190394682593451e-04
-4.97632166563911731e-03 -8.55152392004105582e-04
-2.15419814843776898e-03 -4.61478115920825778e-03
-6.47195799028946563e-04 2.32835594189152902e-03
3.43573417130654986e-03 4.65076613912515126e-03
-2.63631779533654576e-03 1.34695239671175585e-02
3.95296736177703817e-04 2.91924049420083914e-03
1.99739908927868987e-03 4.45019800292795285e-03
1.79583187317327404e-03 4.73705049377172883e-03
6.86792676718069473e-03 3.14883088939142632e-04
5.78586572366344108e-03 8.03078938707001144e-03
3.13456233079057421e-03 3.38383370730948457e-03
6.37197876646030878e-03 2.68542295632164972e-03
-3.48726507279471191e-03 -2.63292042099150941e-03
3.94694119231771973e-03 1.39769656869160263e-03
4.81373536608985068e-03 1.54351304803141071e-03
-4.66405852699302583e-04 3.42175810890277439e-03
1.70494147236457559e-03 -1.24089630296257171e-03
2.61772645312226444e-03 6.18381471648104673e-04
-3.21191380040038253e-03 -6.53325362495910111e-03
1.03854881353450060e-02 7.20043921555158753e-04
6.46677839981195639e-03 1.38171003926010425e-03
3.40647477998390347e-04 -4.19064353558414125e-03
2.05533100560732242e-03 9.98891289508524807e-03
-6.44936826755144414e-03 6.90291691445728706e-03
7.30206846163846107e-03 -2.12544028029742040e-03
-4.78577216990547141e-03 8.82601688933058607e-04
-4.94644180073416061e-03 1.63572334339239650e-03
-1.66158588593636326e-03 2.42385123026691782e-03
-1.43794490792875933e-03 1.49887979979746811e-03
4.42573436400723122e-03 2.30808497795006833e-03
-1.86670831417845118e-03 1.72751008960591083e-03
-1.37266747808964550e-03 1.00620258169325551e-03
2.31271637425412837e-03 2.74312379178654744e-03
4.37107061499381316e-03 4.50322606386520559e-03
7.06035999482041441e-04 -3.60526610115997903e-03
1.84888796349043979e-03 7.13547912704214689e-03
3.83941349895078245e-03 -9.49657243398790638e-03
5.60269955824483842e-03 -9.94659076802602423e-04
5.47607242076769956e-04 4.17384331437505810e-03
3.33478904237421211e-03 4.62961849212388792e-03
-1.64315986607226311e-03 4.73845882891209356e-03
-3.53247963202484722e-03 9.12468299662929673e-03
9.85664914612278953e-04 9.93032514404595988e-04
-8.17470533274134098e-05 5.19357130087894688e-03
2.15279300840999282e-03 -2.82526995868162935e-03
5.33849953283114381e-03 7.52746350528397945e-03
6.57120720291967057e-03 -5.73680492710487364e-03
2.85803435143925722e-03 -2.99124684078308761e-03
6.82201501463668559e-04 6.15131657557190870e-04
1.01822869263426298e-02 5.34860698607335892e-04
3.98887994599429925e-03 1.20904724422857511e-02
2.22125311603999171e-03 -4.79496830876817318e-04
-1.27037659592839911e-04 -3.63878866770319049e-03
1.31096338648655827e-02 1.86617930790050949e-03
7.33766853230042714e-03 -3.99559551229496362e-03
1.09108657581673471e-02 2.40813732260455318e-03
6.54645250856130366e-03 9.30925288724826147e-05
5.90818324774313678e-03 9.54065291989355212e-03
9.05927728143521988e-03 -3.23529257989916890e-03
4.96008691288674086e-03 -1.19429839415449626e-03
1.71970556443013759e-03 -4.99247249361126945e-03
1.66455524945112758e-03 1.87647102623532533e-03
-3.93891502560556159e-04 -1.58021540381243428e-03
-2.82609170849707153e-03 -4.29948715567006739e-03
-1.04866586290553528e-03 2.19264495402986530e-04
3.23520537126550370e-03 5.55211143194466773e-03
6.77334505528469702e-03 1.06547716055814673e-02
1.27049996344449239e-03 8.62367348160281502e-03
-1.55505453738405663e-04 -9.29912051486902862e-03
4.07671493982939351e-03 5.12386434031832094e-03
2.18579822781110123e-03 -1.80180122012392951e-03
6.73361446259225505e-03 -9.84937747738634647e-04
1.44050951391707337e-03 4.73663364667849685e-03
8.30122835064041852e-03 -1.15188193504428224e-03
-1.56074996830448710e-03 -2.02072870458158953e-03
5.94763058668091888e-03 -1.62206314781259005e-03
7.74075448050096310e-04 -9.76812510959011096e-06
4.76819921425451591e-03 -2.22096090404009247e-03
-3.57262385613709918e-03 -3.97190568448332112e-03
7.33994002229812655e-03 4.57760681924263783e-03
-3.92982708256109890e-03 -8.99185555478576592e-03
4.94870675094613143e-03 -8.35342266917438181e-03
8.68728102862035591e-03 2.30014615514353548e-03
-2.70053838884249417e-04 -1.94829780685430156e-03
8.68499285905884738e-03 1.85613603901632705e-03
1.72323079590076898e-03 2.53090861327951366e-03
4.36754760209625257e-04 -1.83519032747821013e-03
-2.40528237081449100e-03 -1.51410208779347846e-03
5.60261499911442543e-03 3.59136164021293036e-03
4.42440218175339773e-04 5.79536238757531654e-03
2.48748546596656904e-04 1.36798391879285035e-02
1.45597572571614845e-05 -4.20450493811411630e-03
5.19752533397311450e-03 3.79065809845645146e-03
8.78848756154418484e-04 5.52147833888167426e-03
-1.54326894618128456e-03 8.31836854484309905e-03
4.04423435161965251e-03 4.03553105811913383e-03
6.70253733762338037e-03 1.46391999936625159e-03
8.08434982895692676e-03 5.98738022389693966e-04
7.22846582263135355e-04 7.18484365761938408e-03
-5.38579999371301913e-03 -2.37299274373326506e-03
6.04880597410892024e-03 -2.36623910400180442e-04
6.87065621113890773e-03 -1.20999553437528253e-04
5.78693929418965750e-03 1.67937124106152837e-02
7.07224126820741542e-03 3.88533964512701506e-05
7.88361532187013825e-03 -2.62552705889358912e-03
-1.26579106648755531e-03 -2.79729754046772854e-03
1.02605723274972818e-02 7.12871842018180518e-03
6.99208729038907576e-03 -1.06421365486595210e-03
-1.45947350429669574e-03 -5.18223933132433770e-03
3.49544125008158756e-03 5.42558630063595063e-03
2.12653060027966382e-03 8.96704230003056262e-03
4.12117411120277270e-03 1.02743429612073261e-02
6.07543633696821118e-03 1.26964951704800592e-02
1.49167243853791202e-02 1.76821322616776955e-04
3.98281417455597243e-03 8.63793482914267238e-04
1.79429699292738519e-03 -4.36743937380434238e-03
6.58213798498273779e-03 3.70795143704093048e-03
2.00377270805549143e-03 7.18756579755939627e-04
6.72040311198877048e-03 5.97424201566422019e-03
4.63055696023827266e-03 1.25073289310751075e-03
7.47731038511964194e-03 -2.80828953318419021e-03
8.11093334884995746e-04 3.17038936786926545e-03
3.63240839925039116e-03 9.38860170994591271e-03
1.82369096424811841e-03 -8.34614425680974166e-03
-1.04358582861833662e-02 -5.06405949366852976e-03
5.60255181841047209e-03 9.80325407832721013e-03
4.92951549277388917e-03 1.45369267657874963e-02
-3.29230802042550620e-03 -8.67206535669976485e-03
7.76999451978715831e-03 2.67078344939478693e-03
5.53612514699515328e-03 -4.68524675889056032e-03
7.94828810403930101e-03 -4.79419244654249229e-03
2.30598082248962546e-03 3.39264587714664060e-03
-1.97566250557890642e-03 4.83015983576640193e-03
3.86848062552121435e-03 3.23142404148701358e-03
6.02600931664828282e-03 1.65716114280950780e-03
3.65182339674751570e-03 -7.19737189992458747e-04
9.57262796333678730e-03 4.39506341778458064e-03
6.94191068419279696e-03 -1.44498883126324717e-03
8.02933768694681638e-03 5.15837279262337453e-03
2.46636639078086665e-03 3.03247312595066954e-03
7.79486869810608069e-03 6.23016601627250297e-03
5.28862286983455658e-03 7.85615415745590222e-04
6.13682340571425605e-03 1.04355382004087949e-02
7.71645900756340233e-03 -3.60907500542353684e-03
4.38305592183086106e-03 4.33396648868170174e-03
-4.28268967579247992e-04 8.56146420131474978e-04
8.06409442008957115e-04 -4.92067001225569671e-03
2.73635782051762306e-03 -4.40652933446737476e-04
-3.15429834212054266e-03 1.21022288116604719e-03
2.95197600785192076e-03 4.17859664801116613e-03
1.33474099645746478e-03 3.02665089425473719e-03
-3.64945839147748580e-03 4.18807464706734151e-03
1.58087568028114568e-03 -3.32885329849793438e-03
4.15685253239050229e-03 -5.02256076173207035e-03
7.37238086959232826e-03 5.38249113265291002e-03
3.09587105351347581e-03 3.69809149674561397e-04
6.33393976215982420e-03 -2.20790683801341207e-03
4.68086605127671172e-03 3.60378725083839672e-03
1.12038019864522283e-02 5.30437508516075958e-03
1.79918671518528332e-03 -5.19860241257235831e-03
3.71333243299767305e-03 -2.69548486352500904e-04
1.61549973658342170e-03 3.70767960786061446e-03
8.68887400027999919e-03 2.85876881827134459e-03
8.52673475713786912e-03 4.23401514823026123e-04
8.79411566695744752e-03 -2.06275637520698978e-04
6.74945227651581586e-03 -1.70048991327025078e-03
1.24551857372977946e-02 -2.21214802111876184e-03
5.06133849612562439e-03 8.67431460712866941e-04
-2.80532172393373365e-03 4.30390478120427997e-03
-4.11587434659354059e-03 3.45902287908155187e-03
-7.57182601892446641e-03 -9.08769883148327824e-04
1.60279115689799514e-03 5.24449849719313063e-03
2.22088479099283526e-04 -1.48742546323200409e-03
1.11391886082544966e-02 1.94856195311432154e-03
7.91743482522993570e-03 1.29311431045910554e-02
1.43084413342072485e-02 -9.47006034546311903e-04
8.10703767479968411e-03 4.73971390220737174e-03
1.13336911739026231e-02 2.32895839121689168e-03
8.32854392450571232e-03 1.61477430396214563e-03
1.21026052076114157e-03 8.88269858168776183e-04
3.41929792463773700e-03 -1.93419134440203210e-03
3.12655836522052590e-03 -2.94821291655266186e-03
9.59878849174395851e-03 2.62649635300184810e-03
6.89722055355279726e-03 -4.48526231372264048e-04
3.87506942764672888e-03 -9.11059727213827980e-04
-2.49514395353613234e-04 2.50884308154832080e-03
1.99002096230465686e-03 -3.15532451017888366e-03
1.15026502987354540e-03 5.46305255871891091e-03
7.65689958714299850e-04 3.09410823860557576e-03
7.36530648346532014e-03 -4.28405132626445001e-03
1.34782571398727267e-02 2.55031577081060593e-03
-7.98186332490055986e-04 -1.85318790924297134e-03
3.15819236922987995e-03 -5.24283716191113400e-03
3.43913848950496912e-03 1.07306821022440900e-03
-1.14307099106929558e-03 1.65105095511489715e-03
6.64943579860027703e-04 3.76115833311431848e-04
6.84890812451145834e-03 -1.80953890288734396e-03
1.03994507176450798e-02 -6.91143829330284100e-03
9.91343266496900327e-03 -6.89292229193576430e-04
9.32199494944923809e-03 5.33957826370605351e-04
6.36262038941772141e-03 1.25585758837224110e-03
7.89957194583179242e-03 1.98869916986922819e-04
1.10110168495128943e-02 1.24410167165496261e-03
2.45573510003387584e-03 2.55125267636668309e-03
-3.84872307973868188e-03 8.45219743585246680e-03
6.15330003944657058e-03 -7.90193239366576461e-05
5.58766243146017463e-04 6.21013403121495073e-04
-1.43124352998327841e-03 6.42120323091688316e-04
9.98650306826025409e-03 -2.33679107278147828e-03
1.22462656396765748e-02 2.77795259471564238e-03
1.62924096050739162e-03 3.47297831809627398e-03
-2.87385696956980741e-03 3.45593906555852551e-03
8.23003052661711140e-04 -5.76022436794933895e-03
2.98786559716513801e-04 2.26628686735033235e-03
2.06282534069036731e-03 -2.73978051687729643e-03
6.73940967812209930e-03 1.31684751146245128e-03
1.15915741418120121e-02 7.62641158104700873e-03
9.79202245555925790e-03 1.57058709235077219e-02
1.00075647325897021e-03 1.03096270379138422e-02
1.44334130212669803e-02 7.02989893975501483e-03
1.05480920620959484e-02 -4.41384067345294059e-03
4.96042982094971590e-03 1.18226713051793435e-04
1.83049632668779512e-03 1.86761821467507365e-03
5.00332770862366768e-03 -1.58477354614836355e-03
3.50234778383608268e-03 -1.54404645771272805e-03
-2.00624342526338918e-03 -1.50421046752789679e-03
1.74677333993613878e-03 2.68769745634219869e-04
3.60831476103059363e-03 4.00958698636687434e-03
-1.45738181674840827e-04 -1.34808928873695884e-03
2.87617142643450084e-03 5.53555408079344359e-04
4.19034130616782827e-03 -2.86777814751788688e-03
6.36515919164887516e-03 -5.44464103664907620e-03
2.55731449832321232e-03 -1.20302368689232568e-03
4.27757484366903494e-03 -5.05585509578458875e-04
4.99123035386959783e-03 3.28029293388846285e-04
8.63277895891093397e-03 -2.68378706806636546e-03
-1.38714799653581419e-03 2.40814310728244656e-03
3.50569162407079072e-03 -2.60616131886814680e-03
4.08963120130456832e-03 3.63584767929598946e-04
1.21510504905409885e-03 3.78549998223067126e-03
7.04226300298359340e-03 7.89009548168386442e-03
1.34407675883562103e-02 -9.26697252459166834e-04
-7.19021139477680170e-03 -7.02814632917441069e-04
-7.50887602732201818e-04 1.96651536750852259e-03
3.93964242738126854e-03 3.09672474121785177e-03
4.09238424398186175e-03 1.61132318770847291e-03
5.24108581014000839e-03 4.35016668392325390e-03
1.36501869995840040e-02 -5.54322923194643449e-03
1.06887506230534703e-02 -4.13079344080070129e-03
2.06512531586581539e-03 5.61059670900225689e-03
3.35856799361068832e-03 2.89415909436797523e-04
1.56158364389792225e-03 -2.39321380913084516e-03
3.00091682290645452e-03 -4.12019452957521385e-04
-4.25475314407564248e-04 1.67911122816662649e-03
1.46147134982139090e-02 -1.28447989863101795e-03
2.68001017630786591e-03 -3.55577035792364882e-03
1.31127243495402510e-03 -1.19281593151218217e-02
-6.52064596010944620e-03 5.01964367984522857e-03
-2.24643256988013486e-03 -4.24568996587559606e-03
3.46353671482381616e-03 4.66086127259030848e-03
4.01027655637683882e-03 5.91658407023429572e-03
9.17128528250663066e-04 -6.34869232588035175e-03
4.54468978783777264e-03 -3.23780257331224113e-03
-1.50093724242672576e-03 -4.82559618147921764e-03
1.79421949325654737e-04 -3.53973162816141173e-03
8.30534583319874307e-03 -6.61170320349892108e-04
6.33721272577412141e-03 -9.65841484540834916e-04
-3.57377856204645419e-03 -7.40189310511403954e-04
8.68918082417672460e-03 -1.10848907298214750e-03
-6.35425004855293650e-03 -5.49274737745427365e-03
-7.21103036310745193e-05 -5.38641674976072116e-03
-1.84488892509822810e-03 3.66771430764517093e-03
8.29037559995243235e-03 -2.54833632252015338e-03
2.27314383544970121e-03 -2.28422331429453153e-03
5.20812158864083271e-03 -4.60342742302114697e-03
2.53013911342003751e-03 -3.88378811440451765e-04
4.35060313024398463e-03 8.69258457880352805e-04
2.44124154516456781e-03 5.32484455081559498e-03
6.77878915650239645e-03 5.15504806436378055e-03
2.54610707086888230e-04 -2.50066522651123556e-03
3.88466989033785172e-04 -4.70379663229611531e-03
4.36227487150203826e-03 1.18950383949906571e-03
3.95914359311968014e-03 -9.11262284046777948e-03
4.50927159870521260e-03 -3.21080111773786253e-03
2.35338135905751493e-03 3.79392014278135282e-03
1.64890611517938004e-03 1.43075996053923580e-03
-4.92865241390900316e-04 4.14562562939301167e-03
3.03344208669824463e-04 -2.54382215750273075e-03
4.21968353297266004e-03 2.20240445084478407e-03
4.01157888549914278e-03 4.89617444177385848e-03
1.38740819818654435e-03 -1.92460421241835169e-03
8.87671829428627809e-03 -9.31800957741683042e-04
-1.26340275986372625e-03 -2.68347323689895447e-03
5.07452487424472909e-03 5.37325126243206491e-04
4.57538168139472179e-03 -1.92869666341409641e-05
8.04399155951945281e-04 4.58845594056095894e-03
1.99064929178348164e-03 6.20193397507557559e-03
-4.12172955708870695e-03 4.70812501973888724e-03
3.63751571568714715e-03 1.69275355383981057e-03
5.52158182754695134e-04 -1.45994067958659171e-03
-2.61741319528331368e-03 -5.49567091953364348e-04
6.66076789276002709e-03 4.21854377530987441e-03
6.74415076091853562e-03 -3.12608042053212447e-04
2.94028568982217242e-03 -9.14937059130946188e-03
1.08085981527714075e-02 2.60677917788921729e-03
8.88622359524449124e-03 5.40464575108990600e-03
1.20547953661634746e-03 5.70589869367165489e-03
5.83190987458992362e-03 -2.27236393811734716e-03
-1.90637218671652780e-03 -1.05109391574132478e-02
4.80124501605678176e-03 -4.01725720941710669e-03
6.72670087637204390e-03 -6.25796476512085944e-03
1.80296601042533489e-03 9.08092343202934163e-04
9.68241660302330935e-03 -1.88879622553250423e-03
1.21593564739032028e-02 2.28719299096259102e-03
1.65285865405210100e-03 6.38840508109212498e-03
-1.46089945346304846e-03 -2.85210371440979080e-03
1.06826508170202784e-03 8.99875334233571388e-05
2.30742699698082901e-04 3.95982762141846439e-03
-4.84986214487178637e-03 -4.09160306131256188e-03
-5.05931315332607510e-04 1.61088825587513661e-03
-7.04768261294408133e-04 1.09526369907092178e-03
-5.13206818420434106e-03 3.57478563237781063e-04
6.87900227075574286e-03 3.26340109942384543e-03
5.80607994401932583e-03 -5.73679609995503964e-03
-3.83764296417702809e-04 -6.14263746242608554e-03
6.65098588915374878e-03 -2.10943266645812963e-03
1.98624262367547123e-04 -3.67619973742660481e-03
5.55327206941302382e-05 3.67982180529079390e-03
4.14323316372869344e-03 2.29898795201727421e-03
4.17553539844522405e-03 -8.25688358813087345e-03
-8.96518737256489485e-04 -5.68109066108799660e-03
-7.78335067074850499e-03 1.65489868154755269e-03
-2.78997439831428625e-03 7.73587323994118919e-04
2.01728264460784222e-04 -7.31345593400743038e-04
3.59138775347139306e-03 -8.78844864801501830e-04
1.22128405290945459e-03 4.34851563347411502e-03
6.45902677828499340e-05 -3.35399837976337132e-03
3.19236150078774147e-03 -5.44496303247760777e-04
4.75831585789915790e-03 1.76206444699362531e-03
-8.37156873301276054e-04 3.81567382263865587e-03
2.07520407594934857e-03 -6.52282095562448593e-04
3.30600172740060658e-04 -5.96393459466548585e-03
-1.90617797191820564e-03 -1.44596744556643405e-03
-2.95077897787512401e-03 -5.78951802675994214e-04
1.15669626260327743e-02 4.99327903584421886e-03
4.95512659953802840e-03 1.17208932851969316e-02
-5.07602138251296488e-03 1.78603233669488823e-03
1.31976429052590083e-03 2.21821972880823024e-04
4.61978972720876457e-03 -2.33550356507873386e-03
8.53092254322855917e-03 3.94921892069368890e-05
4.33510485612235551e-03 1.77870597620243716e-02
4.19397764428757099e-03 -2.55356166113325294e-03
-1.78176695517417777e-03 -4.43290832196596100e-03
3.64757457765770574e-03 4.07246807183061534e-03
-6.31187610930305219e-04 1.41375850871246688e-03
7.16568676962211527e-03 6.49491456517532154e-03
5.57386501713605983e-03 -4.32704361268141085e-03
4.84453767441510395e-03 -9.54715027570253341e-04
5.92219048764267529e-03 6.17221119136261882e-03
7.26599619373654616e-03 1.99301327443871272e-03
-3.75913307983665769e-03 1.71454822914968532e-03
5.78590230374832195e-05 -2.63575968735477032e-04
4.47227368514591366e-03 -1.36770907481248601e-04
-1.53108356452040669e-03 -2.59669927639049301e-03
-1.38716227881407984e-03 9.82561362890988291e-03
1.98800402780763535e-03 -1.80196944563976104e-03
7.59361805262586103e-03 1.05976389022750667e-02
1.08119671255347896e-02 -1.93956196060223319e-03
9.38023883634970732e-03 2.43774236186924389e-03
8.35354294382422737e-03 -1.24837542727805145e-04
1.18820033952533573e-03 1.78215487647211623e-03
6.72471145976616543e-04 -1.71249979597408583e-03
-2.46300422868895447e-03 -2.85186237098915187e-03
2.91049300144980609e-03 9.37491922399344771e-04
1.20086389704803856e-02 8.10481668218195755e-03
9.97194818470415606e-03 6.15148185535167261e-03
2.59357056857314723e-03 -1.61325078481832436e-03
3.95631350831843111e-03 1.87266593112510012e-03
1.30574917075926920e-02 5.09448327441676570e-03
-6.73976927907937902e-03 4.65514164344439305e-04
-2.53577260904502442e-03 4.66647354762244823e-03
3.82745674422081553e-03 2.63484304797735689e-03
1.69573010805271311e-02 7.98540331168286037e-03
-2.28020299264665568e-03 -4.01202627046599522e-03
1.23044546482345548e-03 3.53441057320465993e-04
4.89113280368572503e-03 -1.62404119720487559e-03
-5.68607687078096034e-03 1.00082321647363705e-03
-5.89900635183884022e-03 -5.36362692471800771e-03
4.36342289344757422e-03 1.09549183967271486e-02
4.28686794674064311e-03 -1.02793798048045493e-02
9.83764640634243043e-03 3.93410015621338191e-03
1.30081940803938659e-02 8.37108508057786589e-03
5.20474344709765096e-03 2.36772511943811976e-03
9.24569100140763302e-03 1.41154277643807725e-03
-1.96217064007436553e-03 -5.43777588265528106e-03
3.88464064849555757e-03 -1.09455328914741527e-03
2.37749639603464409e-03 4.97264455896408164e-03
-3.46581154674886543e-03 -5.00490180544751594e-03
-1.17724643364903905e-03 -3.41126099886311608e-03
3.28052127034942752e-03 -1.49604957243329348e-04
5.84880277703092068e-03 2.69086562391489389e-03
6.10440642773544834e-03 2.07604878998878255e-04
8.88818683931135779e-04 -5.46266799258626843e-03
8.92854286392652649e-04 -3.29816026462343695e-03
-1.54625827799281280e-03 7.03267742307014184e-05
-1.92620629354532669e-03 -5.13977044964152550e-03
5.58375989037007258e-03 4.85231276674768369e-03
1.05822141501276685e-02 3.55135984493913214e-03
1.73229200467052147e-02 7.85542791659415984e-03
3.13250410732305359e-03 6.31296914986548621e-03
1.28677843008447798e-02 -1.97954670794601864e-03
7.78352203654117045e-03 6.58218321716118934e-04
-2.81147293820202711e-03 -2.24111204730505741e-03
4.77937433093234346e-03 -8.09098249580134966e-03
1.75596081605460886e-03 -5.95307785580880076e-03
5.05249692971684525e-03 5.27578885822329886e-03
3.21276866766189231e-03 1.27765873172789712e-02
1.77354466957635936e-03 5.97812422722980314e-03
7.89064493369457005e-03 -3.36132945608976115e-03
8.32344120197545979e-03 7.67555498794465535e-04
3.88452669049151218e-03 -2.87398575329417423e-04
-4.78663539527781311e-03 6.29398665204087323e-03
1.87411378213923191e-04 3.46538007444678782e-03
-2.80629894453486052e-03 1.42635585767467035e-04
-6.19642457577485300e-03 5.58833930793875902e-04
-3.55907642111833030e-03 -7.99398066922201410e-03
1.06217340044823796e-03 4.28714121465381248e-03
1.05861520155196192e-03 -5.26587406613392497e-04
4.30454371081011831e-03 -5.79815105336069312e-03
5.46600427976522574e-03 -6.89434458585898389e-03
8.64480969292516152e-03 5.92420149969838058e-04
6.64488803574923154e-03 8.14735537094740496e-03
4.66396858337488323e-03 9.55093373577615805e-03
6.16306741914093045e-04 6.32161201181819302e-03
9.90608332334908751e-04 6.36350889576813299e-04
6.81648035878430671e-03 -2.04908612560556445e-03
-3.44511232596514524e-03 1.65232045752852080e-03
-2.72543504705885032e-04 -5.47197508117027538e-04
7.64493998904021334e-03 1.60185358953278682e-03
3.94577095559126012e-03 3.97950608222498101e-03
5.67660265310012280e-03 4.61295386344373094e-03
8.33850081707053492e-03 -1.15370495454921048e-03
1.47878483793145374e-03 -4.42642741010124499e-04
-4.16512928064786804e-05 4.31147035708951808e-03
4.78258522721747119e-03 -3.34511953147104526e-03
3.78739228593981880e-03 4.83829416464399823e-04
9.98949588044299036e-03 -2.21584758378051520e-03
9.55477385306855473e-04 -3.15020774130483515e-03
-1.14981702210236901e-04 3.43919532796263918e-03
3.76154132599544437e-03 3.16682322485577769e-03
1.11456924030317985e-03 -1.23750781117906304e-03
1.04691988721431831e-02 -2.27033401112138608e-03
7.48619507600848267e-03 -7.02385551419357386e-03
2.18068752394958310e-03 4.99361980892986269e-03
1.43040480150592622e-03 4.47110723297539960e-03
4.83520200165569233e-03 7.67317970655250793e-03
2.96136199829733556e-04 4.83187600398141907e-03
6.62361388771724301e-03 -3.00952133341076300e-04
9.81045282674454858e-04 4.31758880292855939e-03
-5.41813676135701958e-03 -2.13698931927629393e-03
2.28629613925961225e-03 -3.72602082366840261e-03
7.78961697927478460e-03 -1.23064696727532164e-03
4.23509047980592454e-03 -4.83841948938868761e-03
6.59429024603259712e-03 6.08381986958206073e-03
5.17468728723020997e-03 4.68882519140919728e-03
9.74440405507626421e-04 1.11031560921636303e-02
-6.78261777953167218e-03 -4.79509832862465638e-03
4.91286202646904185e-03 -3.94915228488408512e-03
7.19372200723842128e-03 -8.07214098525988258e-03
9.96791986430149192e-03 3.04763044283420589e-03
9.49849150404905029e-03 1.81516623860943013e-02
6.70703465916821454e-03 3.82695986264401178e-03
5.12461241526691435e-03 8.48626039241935116e-03
-1.52530624634482543e-04 -2.05147946201434880e-03
1.11076211855311597e-02 2.66730802935173520e-03
2.31499716655035430e-03 -1.85229350603940968e-03
3.86205261174247692e-03 2.62871560567057034e-03
4.58756831987154699e-03 7.60201377136951613e-04
5.76238120493374143e-03 -4.56662529871669845e-03
2.83618715593056923e-03 1.07698306440624935e-04
-1.95123128666502971e-03 1.72943295071472129e-03
3.01476035115804796e-03 4.14288167290172843e-03
6.96838538042463679e-03 2.34393766397933759e-03
9.06261733735197472e-03 -2.21012294294280296e-03
-5.20458203701175837e-03 -5.23797526412378943e-03
6.08048574810099440e-03 -2.88351770676233436e-03
8.51713056641701521e-03 -5.05262153867986523e-04
-8.63680560292022872e-04 9.90706250598169177e-03
-2.50153876734269436e-03 6.89385635870617009e-03
-4.67528590793934561e-03 7.19752280693355256e-03
3.69578715197766295e-03 -2.37715000971508542e-04
-2.74943366393382493e-03 -7.17158325551606451e-03
2.48722162613947530e-03 -6.73129372871300591e-03
5.40155112535560620e-03 -2.55287548931000400e-03
7.84208205909596445e-03 4.37748111384263661e-03
6.35143096652208364e-03 -2.76243258635081382e-03
4.21067346374486094e-03 -5.69106710020427474e-03
1.65167466491016198e-04 8.79297407917824757e-03
3.40181573194985000e-03 -2.84730805163452370e-04
8.88344838217224909e-03 -9.35888840307852986e-03
1.82947715486163885e-03 -1.89473344788175621e-03
8.29148228974619164e-03 -7.35461815294549334e-03
1.40081115720495173e-02 -2.41881335453824394e-03
8.84893178823935138e-03 3.85248067022260022e-03
8.34035070367737143e-03 -4.50781166148588996e-03
1.28222725890678570e-03 6.10780681171590057e-03
-7.25583482165654669e-03 -4.41435950524181504e-03
3.85843097775896314e-03 7.49048263451847478e-03
-4.50010871613973351e-03 -5.81141657360498883e-03
4.73484769279058188e-04 7.07057934928744924e-03
-3.58898860299788468e-03 -4.09903221080768800e-03
-5.86097945999760738e-03 -3.40932164418686953e-03
-2.05588995957031511e-03 -2.61285697597932317e-03
-1.50385769883501020e-03 -4.02734668705205490e-04
6.54864879812618733e-03 -8.65510759150493335e-04
-1.09136006182677394e-03 6.40358747318692549e-04
2.98360662536035180e-03 -4.54906531750815229e-03
1.69145705771251895e-03 -3.26663883149543640e-03
6.94488896335672141e-03 2.54449555931772530e-04
1.34905261276592361e-03 4.36884580103316634e-04
5.37363852921408317e-03 3.49097844981340489e-03
6.79972379795577234e-03 1.10998084592280619e-03
-5.39951976395117422e-03 -3.58493207393073597e-03
-5.19486039756354538e-03 -9.85936540642566063e-04
-2.69849575857553114e-04 1.80104373435181482e-03
5.31228182120279378e-04 -1.32506761511727903e-03
4.15043531426315029e-03 -4.25189099951427476e-04
8.25351304041927435e-03 8.29445028328957179e-04
-3.44275334931011014e-03 -6.04804499642217202e-03
1.64858892615514182e-03 -3.18744333581721202e-03
-8.83034564519432274e-04 2.32145726964868085e-03
-2.07905783219217892e-03 -5.28946937050331183e-03
-1.33599396239257422e-02 -7.13645675530450059e-03
1.25160047173449272e-02 -2.56261219528658305e-03
7.76219870459896044e-03 -8.34337309101397789e-04
-9.84616649293788230e-04 1.53880016191279400e-05
1.06500523356672962e-02 7.20054121978733717e-03
-4.50567214273600407e-03 3.31401620978481141e-03
4.74476013996603940e-03 -1.70696890226282858e-03
3.84762013226985040e-03 1.25511736101677359e-03
-3.34285565569014849e-03 5.82309803200378468e-03
-1.48883439566242694e-03 1.33561466051094362e-03
-1.44222331888246695e-03 6.05382037449208352e-04
-8.02111302159777334e-04 -4.49330353917796327e-03
6.61020678256221488e-04 -4.24367372496265924e-03
6.50463652959801849e-03 2.02452027612613295e-03
-2.20968890307549201e-03 -3.03710659755794662e-03
5.00940404895897171e-03 -1.61281575600789331e-03
5.56208676862751054e-03 -6.76746026878868694e-04
-4.31798613205216716e-03 3.01733624434710312e-03
1.69802800253186022e-03 4.51216621081761485e-03
-1.69266825998615113e-03 7.12257464677191164e-03
-5.00474561343625720e-03 1.20628283556419242e-03
-2.16469806188530553e-03 1.05845394980332518e-03
-1.51538822317963981e-03 -6.67806442822817866e-03
2.10388863984829061e-03 -1.06662993412495787e-03
-3.50094858924440352e-03 3.56640744002593600e-03
1.06223924481024237e-03 -3.69293225657777498e-03
3.83021445767556647e-03 -9.77975210704977189e-04
4.75838119229153936e-03 2.60756658796789569e-03
2.23399913675042248e-04 1.90161634897870088e-04
-5.78062084322509585e-03 -3.78924513343932958e-03
1.56156704717780813e-03 1.25363971967422556e-03
1.19425428684361793e-02 -6.18883915409075037e-03
1.80868143489693978e-03 -8.15840931881122258e-04
9.43565849706705438e-04 3.07461724402259464e-03
2.82377423022527182e-03 -9.69867623353290768e-04
-1.33297761831582253e-03 4.55859423376376270e-03
5.57201459114841421e-03 5.24418201397465825e-03
3.81890470349195189e-03 -3.43151083993444776e-04
2.17760095086148679e-03 4.18000055151433042e-03
-2.11251255324567994e-04 -3.06007602120914350e-03
1.86491468774054080e-03 -3.17323187654552051e-03
7.23280584517414869e-03 -4.91717323906666875e-03
-1.27099982185227881e-03 2.96519893320466420e-03
2.72131317638538150e-03 -7.54674791924080709e-03
-2.95479622984856378e-03 -1.52103925412614012e-03
-2.53466331716656855e-03 2.35115264720424941e-03
5.84696747690367693e-03 -4.20398523830521013e-03
1.87817444735077430e-03 2.04731609720191100e-03
1.80987114883264625e-04 1.78659585307081948e-03
-5.29335297341846419e-03 7.34467401412586696e-03
6.76268351377859044e-04 5.04164780071646428e-03
-1.62859588279092005e-04 -2.07048579922586729e-03
2.39795885026471926e-03 4.02920764751295811e-03
3.11413562028481881e-03 -2.87382894935415663e-03
1.58068355201842342e-03 -1.33189702812886931e-03
-1.59003574033143229e-03 -3.27778200055731843e-03
3.86053085364171866e-04 -2.20871026068812214e-03
-5.51484858651915370e-03 -5.33227479643387167e-03
-1.04046973729836865e-03 -3.46196794202775684e-03
-1.33374008233230193e-03 1.19440315035728773e-03
1.03596057319466587e-02 2.57933386128196855e-03
8.14328740904162775e-03 -2.79436988575302529e-03
-5.82337482025398027e-03 -5.22769831489231299e-03
8.71255601260696212e-03 -2.44987612929593531e-04
7.86992997291880401e-03 -1.04204887659577923e-02
-4.15774923446991795e-03 3.62541137045010618e-03
4.10771409701825036e-03 -5.02992621885628129e-04
-8.31560608946521856e-04 -1.00645678268969883e-03
-1.13365431478382205e-03 7.44917810505083336e-03
4.64250675598289111e-03 1.03366933644384752e-02
3.10170869933669045e-03 9.46763083676112512e-03
3.21111195541461418e-03 3.33735913198581879e-03
1.83198266736731116e-03 6.41262080142320813e-04
8.20520072029768018e-03 1.03776704884105397e-02
8.60784678992961363e-03 1.73342473232637197e-03
-8.30083612657802001e-04 5.14156896293527840e-03
3.81202550496873493e-03 1.24806594778189631e-02
9.41699603348917710e-03 -2.56143261386945070e-03
1.01752578460337431e-02 1.10652033732910396e-02
2.26082790445218977e-03 8.58843956860824600e-04
4.97271427605295614e-03 7.19729205464971541e-03
5.37499287545267941e-03 2.83563274113030235e-03
5.54699558809280350e-03 2.18246451249957344e-03
2.30475874716174487e-03 2.97152703237647114e-03
2.53076003730164133e-03 1.94158960035061825e-03
1.07318156611029523e-02 -4.00258574840410813e-03
4.65962142340653213e-03 -9.95474940819330613e-03
4.56088548246889099e-03 -7.66682441937399845e-04
8.75308920705716864e-03 4.51275924492879066e-03
2.34179738849274758e-03 4.50052590227293693e-03
3.59039146959113026e-04 2.82479219804522824e-03
5.38191915838864094e-04 -2.78088950213712521e-03
5.31227802797701754e-03 -7.44511268415641841e-03
-9.97013324922744028e-04 -9.90327933607110722e-04
-5.93889068775038404e-03 1.57737414067196137e-03
3.49206398220665596e-03 3.00961083960181149e-03
7.69926321945676225e-03 -1.21934959154629740e-03
2.39505840021591926e-03 5.74815416380855364e-03
-1.61112397124746061e-03 -1.11530506615158576e-03
1.17722376747195689e-03 -3.73965637478702049e-03
-1.98630040003924813e-03 -8.15749232896491143e-03
-1.00645954315277354e-03 -7.30203741063526358e-03
9.06681150600199826e-03 6.57228898313593456e-03
-2.29889956006680768e-04 -2.27419516131343669e-03
5.98892175829830817e-03 5.48712466851780743e-03
-1.43593446543416846e-03 -1.38798670546719715e-03
-7.45595965007616289e-04 -3.40433572493787197e-03
-4.45200005918108647e-03 -5.62521246520130205e-03
5.79619563789914548e-03 -4.83576722923178843e-03
2.01389407780806551e-04 5.32930049877392183e-03
1.02946570637245990e-03 5.00218967312573764e-04
2.74692271686020027e-03 -2.42058910894533746e-03
5.70392551505440222e-03 -2.42724624103621668e-03
-7.94081643457199629e-03 7.23422628593763540e-03
1.43693333959475054e-02 -6.45144551451476943e-03
1.01140080095350705e-03 3.72160938010540968e-03
4.74535660406078322e-03 6.04551080615022517e-04
6.90873410115278464e-03 2.13832143891139670e-03
-9.57247926045140182e-03 8.59793442066699408e-03
-1.91496619893073299e-04 -6.98798499806604911e-03
2.27044187780888265e-03 8.00331314768390478e-03
-3.05565057065623020e-03 -4.97701237312177854e-03
-2.15186169905179922e-03 -9.54594774796825238e-03
-7.02154425518642647e-04 -2.64284631935955911e-03
-7.69760057937593067e-03 9.04752811006590517e-03
-4.18316879476866420e-03 4.24976377433279649e-04
4.62902175351309012e-03 3.33357265116071078e-03
-1.18166835601288224e-03 -1.00523246260402757e-03
3.27863088011965623e-04 -1.52607541789040306e-03
4.78208545978515802e-03 1.01194026641068194e-03
-5.23039915758803306e-04 3.89431001940553816e-03
-1.54099413910116436e-03 1.74530280981812749e-03
-1.45193675269410087e-03 -3.25950219276111225e-03
2.06544233960626045e-03 4.03541953978214991e-04
9.50381125406702353e-03 6.39041532349525227e-03
5.92031332401130733e-03 9.34512564090100341e-03
4.48332313204651868e-03 6.15273007199172023e-03
7.36611964615610688e-03 1.55979454734159091e-02
7.37419200323259205e-03 8.84767193957060327e-03
3.18888834370947664e-03 -1.57071232916441441e-03
1.46473588163286155e-03 -1.83308387993248180e-03
8.56409934442513743e-04 3.66134860631258307e-03
9.66441601181902525e-03 3.46963630845150903e-03
1.03963855356645554e-03 7.76847720063762216e-03
2.30200305690484884e-03 5.84097226257870687e-03
4.31829310194324634e-03 5.80627118606494904e-03
6.28243681844552031e-03 5.39940465633293246e-03
1.10143194043711753e-02 5.92032149197622461e-03
8.29790872108642462e-03 7.72392258143987133e-03
3.48320714906433368e-03 3.22226450036121543e-03
6.91293085007333493e-03 2.02582839515748564e-03
-1.02145927776224870e-03 6.20372354130098187e-03
1.11170635708673395e-02 1.02027328611780065e-02
3.80714154409972144e-03 6.10977300341995853e-03
-3.46859907444323060e-04 -8.60436848621260429e-03
-2.88807325972886744e-03 5.82894972466182788e-03
-5.13761658102801695e-04 -6.29939784722384488e-03
6.02294758653835853e-03 -3.96173048691043916e-03
3.44003612926463810e-03 1.30107776945185064e-03
1.26698909385050034e-03 5.48545349690318911e-03
2.97669861008651110e-03 -9.57959579451857224e-03
3.87506824461798013e-03 6.33386140424651613e-04
8.91965444651332887e-03 -2.27631312888042616e-03
4.88926802757976963e-03 -4.81677957264062782e-03
9.66721594797870405e-03 -5.22811507533562508e-03
8.35953420080482248e-03 3.06923662707239914e-03
4.38126176433989521e-03 2.60708735764832557e-03
-7.42871408618504792e-04 7.54477947373405886e-04
-2.06756417316737500e-03 7.74780572729044919e-03
-2.26858148639867913e-03 7.92269677890712447e-03
4.04389246726063675e-03 -1.10280187111871236e-03
-3.19413191023319590e-03 5.46121922980014832e-03
-1.32655630705523909e-03 -4.93805704355800273e-03
3.55369955697108341e-03 -6.39208422557663650e-03
1.63247538927251438e-03 3.98983262283828747e-03
-1.23475099627619340e-02 6.56090059653325567e-03
4.27628551380031252e-03 3.00854134671191698e-03
4.95632507560104206e-03 6.48531506354961106e-03
6.27460640889674595e-04 1.91472815648165346e-03
2.94683279101958786e-03 2.00245506785972542e-03
5.28976619196320445e-03 3.54393366676161855e-03
7.47592756875994566e-03 3.71468643916950027e-03
1.43802387508008204e-03 8.71658085556950915e-03
-1.89503572557247384e-03 -1.93363886140039080e-03
1.01570788461002762e-03 -3.54015861647281622e-03
9.64680489187890919e-04 -3.23099609635665169e-03
-3.25218723467327986e-04 1.00602104594863049e-02
-2.30599702415827624e-03 -2.40749072765939170e-04
-3.52084964493326732e-03 -1.97967029393884006e-03
3.07613999994070086e-03 1.19115147379644749e-03
-1.21165740994238569e-03 3.58915948292356634e-03
4.81509476127490142e-03 -2.26297841672727911e-04
3.16813596575116901e-03 9.14261825660815170e-05
1.10574159726957513e-02 3.36036492393904963e-03
1.35895242650525112e-03 -2.24698658817263546e-03
2.21002722903008899e-03 3.30690447121487533e-04
1.33877978517598778e-02 1.89906522091890352e-03
8.36096872936151723e-03 3.01747292218778034e-03
4.07212475931413315e-03 -6.52276101252588069e-03
-2.12230387879166994e-03 4.75307511949105924e-03
1.56290587955494435e-03 3.34633931014171552e-03
1.61694398436159422e-03 9.98404125503752835e-03
-1.46173379897749701e-03 -2.29618345947057208e-03
3.96209551545320150e-03 -3.62550811106072653e-03
8.54912808806206461e-04 5.26074836960091041e-04
-1.11465141809394730e-04 1.43730856618003275e-03
3.05318296193239072e-03 -1.50749155755294296e-03
6.36748235434003913e-04 5.24558320985293522e-03
1.72580185103619779e-03 -9.87393470939925983e-04
4.50858434115384947e-03 2.20733334152076275e-03
4.21210500062343170e-03 1.56409372311311335e-03
6.60935726048087011e-03 2.16089651891150734e-03
4.10156559386516250e-03 -5.07763482616999974e-03
6.00403897639383618e-03 3.18151967959594013e-03
7.08100139820285260e-03 4.05269248125652692e-03
1.22049417323618833e-03 -2.71982384212219415e-03
2.80302280140536748e-03 8.85966128497323426e-04
1.77752588079906483e-03 2.64920093309411499e-04
4.07851322707812863e-03 2.16144351903594300e-03
-2.22030323740473462e-03 2.67160985300848256e-03
-1.50642248252312312e-03 -5.00644590153065915e-03
1.19975661503432160e-03 -8.04629720190979726e-05
-3.83262899797632206e-03 2.86132810898930435e-03
7.58962239705304612e-04 4.10560250252728343e-04
3.98005363644555413e-03 -3.77443423669233166e-03
1.40961411860392617e-03 4.05109803401878382e-03
-4.41152150629137239e-03 -4.49309740076360084e-03
5.37129885732304333e-03 5.91015461262960409e-03
8.08737252696164143e-04 3.10533926186634321e-03
4.89817515990374763e-03 -6.23652632630626938e-03
-1.36671443387327584e-03 -1.89687599750456236e-03
5.52305037361541275e-03 -5.18833300666665057e-03
-1.73084756255625341e-04 3.14843119602045826e-03
2.14167969487232121e-03 -2.16509237115863201e-03
2.98368007900081268e-03 3.82145899733566004e-03
-3.43990320896504905e-03 1.17443610892264808e-03
-8.23634443032772857e-04 6.01797715234464979e-03
6.44032064305717980e-04 -2.25175860780038118e-03
4.66100268033793706e-03 5.11664715063751482e-03
3.85652333819046103e-03 3.41846568111197572e-03
1.80445538352109374e-03 2.25092912877823377e-03
-3.72510431668466062e-03 5.51932904345919101e-03
5.19459830984803214e-04 4.33088544544339010e-03
2.70830735192548178e-04 1.66479889077668776e-03
1.68124340623147361e-03 -6.43647997466458292e-04
-5.33019079696612965e-03 1.50686832166233736e-04
-5.77934167296499136e-03 2.80791506619007840e-03
-1.07946074648942843e-04 -3.36502479911813743e-03
4.72940201033338059e-03 -4.35214694564144827e-03
-7.60750841934764561e-04 -5.48560206076128317e-03
2.76900565525985739e-03 4.25485502746281250e-03
-5.92696520648142156e-03 -5.84884541449624904e-03
2.57222374160829713e-03 2.67477581650925333e-03
4.44278999509323605e-03 7.31736860406982941e-04
4.79720578709105349e-03 -4.71965011038459094e-03
-4.57348703177952367e-03 2.42333947340821903e-04
2.13989168789821028e-03 -4.79949094299762444e-03
2.34782278951095602e-03 -4.84201447178422058e-03
3.14310111067529069e-03 3.28529601804913233e-04
3.58226596753641628e-03 7.49295641947503050e-03
-2.51227925010012515e-04 -3.09791684856775430e-03
-4.92129126290471921e-03 3.99561158903995444e-03
-3.80343315102597097e-03 6.60863645530186065e-03
6.10064197818023252e-03 9.80690643738592370e-04
1.68407441976086824e-03 -2.98684594359386029e-03
-2.08581662134938546e-03 2.64181128106121552e-03
2.28975765124038184e-03 -1.42794622542099115e-03
-1.10199903023349560e-03 -2.57763250659745653e-03
5.79753791243445109e-03 9.42763232293655881e-04
-1.86685883622261491e-03 -2.92617777125074629e-03
5.11932533117977553e-03 9.03484623244467399e-04
5.61718594789580809e-03 3.17341051969008848e-03
3.46819764582270273e-03 4.62156660828004105e-04
6.08892170030340789e-03 4.84506422264128177e-04
7.05460772796085746e-03 -3.15331107937596479e-03
1.11759771608424194e-03 2.00099109446080304e-03
1.30358807876845492e-03 5.92266931629325828e-03
2.21427933890573723e-03 -3.78851204488059009e-03
1.25241198696134960e-03 -2.70853547597659904e-03
-1.12235486892725230e-03 2.20805014890598002e-03
4.83910071781938676e-04 1.51197663091756575e-03
3.15875566298926772e-03 -1.75689210965692343e-03
-1.77387018598957344e-03 -6.54319820644370459e-05
2.90293200599492027e-03 5.45675661016003892e-03
3.69330086669591496e-04 -2.79440019952636908e-05
1.14157326330243895e-02 -3.23352848898224255e-03
4.96468392904126331e-03 -5.36351250959216791e-03
1.34699137819805975e-03 3.35937570125182348e-03
1.99747895015969313e-03 6.29199131086323536e-04
1.22984243198064197e-02 5.83519067833050079e-03
1.45256421107622957e-03 8.75900752949041600e-03
1.06427509174831346e-05 -7.35967274599451209e-03
2.80611980009975613e-03 -7.89934605910298966e-03
8.22902461209008493e-03 1.17361327451283616e-02
-2.74976675409228542e-03 -3.13557534661473673e-03
9.66325041727457944e-04 -3.57024033249207133e-03
3.42148563205867205e-03 1.68899159991128616e-03
3.08898474301223585e-03 4.56933711818610037e-03
2.91873568336464568e-03 2.14895004178495370e-03
5.23061080625532478e-03 -8.44096949537774272e-04
5.36527847116252676e-03 -5.50297320449374440e-03
1.21516262409029002e-04 -2.57195366000468814e-03
3.75121703210389837e-04 6.46792096726208667e-03
-3.20938802052345758e-04 6.27614834707024630e-03
1.68996500581024278e-03 6.30511086342189740e-03
3.38245192890516272e-03 3.22295621839983719e-03
7.57112364771122376e-04 2.55751962837418587e-03
-4.61194642164760530e-03 -9.50411512586334627e-03
-5.90140017794712601e-03 4.00049309716694705e-05
2.05169856412994664e-02 4.85137701403981730e-04
2.47183721417287144e-03 -7.89028607654212663e-03
9.40281669145876789e-04 2.99274801371399906e-03
7.24525631963607265e-04 -4.61178811972427685e-03
-1.14610840011264577e-03 -3.01189882031650835e-04
3.10668856186231256e-03 -1.59591725182569666e-03
7.34369244172384259e-04 -2.79849106898447499e-03
3.05083757411163132e-03 -8.13505438999443092e-04
2.87418573215865577e-03 2.08406478406041300e-03
-2.17705797502002786e-03 -5.37191596443923301e-03
-3.06326109607004413e-03 -1.98866397633344974e-03
5.99996324309265850e-04 -4.85209972619614436e-03
1.43728801793689773e-02 5.94127702557283466e-03
2.00233696302253711e-03 2.92827866159767799e-03
-9.95025037829668814e-03 -1.97243082316735053e-03
8.15314525171240145e-03 -4.62955612387677250e-03
2.82012085591101368e-03 4.83513331730959020e-03
1.32551077638699555e-02 4.80007292276765814e-03
-2.22742015614490292e-03 -3.14205078674775751e-04
2.49777594931800380e-03 -2.88087793121705746e-03
9.57366915983758537e-04 3.75882549902661033e-03
1.07110799635871442e-02 -5.42171757218324214e-03
-5.06450524887542154e-04 3.95229842193845719e-03
4.72476592147702545e-03 7.32751131444179648e-03
7.40632059922957924e-03 -1.32236443916097682e-03
1.39027724803895796e-02 -1.18010381491912095e-03
1.29565472929595309e-03 1.94540240580279192e-03
-1.82558117982562352e-03 2.92145740994665922e-03
6.08315074257087182e-03 4.67914686271832681e-03
8.12582489201833964e-03 7.91800509131797801e-03
4.37483925154162970e-03 1.52398616678241505e-02
1.03302078573594084e-02 -1.91731402537178804e-03
4.02992262708340432e-03 3.29401971135910576e-03
-1.31693802073632664e-03 -2.72053501698190986e-03
1.02192520150135393e-03 8.96416401068788650e-03
3.64045668992555747e-03 4.18028805092266701e-03
4.43405561864788737e-03 6.18551956139124642e-03
-2.88015835205145305e-04 1.24880522704428525e-03
5.26009690089094661e-03 5.15334150074405611e-03
7.01967228068260327e-03 -3.57974025179875468e-03
7.01103805488722739e-03 -1.04753132371584404e-03
1.67169565677442733e-03 1.96380071449959049e-03
1.50957181944609770e-03 1.15015540589953006e-02
1.08427518076453216e-02 -6.23593239631852099e-03
-1.31392914813823901e-03 5.03633881892005678e-04
4.21154042305843263e-03 3.50897259508254050e-03
7.99232356012656055e-03 5.21282173127228868e-03
3.05592314841468017e-03 1.93712107920512118e-03
5.19683417880940392e-03 -6.31144637419889265e-04
-3.02127564478505252e-03 -4.54522148744473595e-03
7.63386790407274019e-03 -3.69048278855277161e-04
-4.44414996607416890e-04 4.47712081463990177e-03
2.24572067162064634e-03 1.19945685435576110e-02
7.71851530652769343e-03 2.66774268659349329e-03
2.68101678074374053e-03 3.30833925893306638e-03
5.58513946783451834e-04 4.55181667831691943e-04
5.20325214033225732e-03 6.11907122939596947e-04
4.31569650808930755e-03 2.24833891831741723e-03
-8.50649586665227532e-03 7.98672406110757099e-03
-7.71417257461971730e-03 7.19608580648688797e-04
6.71690085132383222e-03 8.02045736492254351e-03
-5.30558915912549261e-03 1.25917660030157169e-02
-3.66811277172519054e-03 1.44472879636654578e-02
6.25136957045323901e-03 1.10998859140275640e-02
1.15293249545190234e-02 1.04303022798677789e-02
2.41054206291961039e-03 -2.09441809577566021e-03
-3.32703698685585508e-03 1.91868448745952341e-03
1.23062414995352368e-02 1.71979314030653121e-03
-7.21804626524147412e-05 1.95502093085459702e-05
6.83850723793436727e-03 4.51931522628370910e-03
-6.37729942340627652e-03 -4.64599863365724617e-04
3.27573649692085170e-03 6.07251515470230534e-03
-1.49163502780406011e-03 5.00286512963762746e-03
5.36945297407655751e-03 2.19501122825798995e-03
3.77847359054300997e-03 1.97920511512548200e-03
5.98085015977852831e-03 -2.00645585839115924e-03
2.44006509562601226e-03 -3.04304020840353998e-03
1.51818947454208518e-03 4.67661074371521993e-03
5.47365344754575326e-04 1.84324587518423354e-03
4.35965295097979696e-03 1.69199304822033694e-03
7.87495904997361461e-03 -6.76868916811686119e-03
2.08818557622741539e-03 -1.72181697843958644e-03
-4.98087855545740772e-03 -2.94621013842129005e-04
4.50875878355365238e-03 -3.28783476672144328e-04
-2.25046651983491384e-03 5.03489915688606557e-03
8.46740327100108624e-03 -1.75874852194979044e-04
3.21680851568682553e-03 -6.74385817135114609e-03
-9.46029644469188117e-04 4.81905945092550060e-03
-2.95979848612823882e-03 9.76989696535679290e-03
8.28557473431505015e-03 -1.76601991663459046e-03
1.27201185182234354e-03 5.18699772445417769e-03
4.74032887342467225e-03 2.74604675453294245e-03
5.88587652127676737e-03 3.83878953120700704e-05
5.80548343251593556e-03 5.17149367571061690e-03
-2.16020709229296665e-04 6.48774892162567052e-03
1.30463017557106440e-03 1.60952559704887550e-03
4.38923532473989406e-04 -2.65965648563410611e-03
5.93573639940474110e-04 2.42703566689752214e-03
-2.20023786564695848e-03 9.18263984436599318e-03
8.05758099874774765e-03 -2.39672502247155039e-03
8.16792241694738914e-03 3.07143450563943880e-03
5.44798038838256293e-03 -4.54163753101514012e-03
4.84427817693218986e-03 1.55728399324102547e-03
5.99485650360521917e-04 5.25511111691502955e-03
6.85420309296929688e-03 2.78929242306880662e-03
6.46606437381876554e-03 4.05450132362966589e-03
4.35744798054164568e-03 7.90863410936314647e-03
2.51752178560409653e-03 3.34774438189721464e-04
4.83064912099351665e-03 1.04930000711342102e-02
3.96021362063511684e-03 5.44527144701722685e-03
1.08890944605826226e-02 5.87261688060992156e-03
6.06133529441039900e-03 1.22361317401937196e-03
6.32101993573858274e-03 1.13613024571925236e-02
3.80647737268811903e-03 4.21675856505270528e-03
-3.98927919922003119e-03 2.05760485429009980e-03
-1.64150817827985189e-03 1.91175544621767675e-03
-1.52366816858189795e-03 3.83259725790721780e-03
9.01317024219044742e-03 -3.93627148899516627e-03
-6.45832016899721795e-04 -6.58634896439985480e-03
-1.98116644715293482e-03 6.53044603868603970e-04
6.25868153058740679e-03 2.93061411925674272e-03
-1.83276488007634727e-03 4.29126811769371067e-03
-1.05513552649713627e-02 8.75378873202557230e-03
1.18844084441282541e-02 6.76733458586194301e-03
4.90779730703415872e-03 1.60198047968342222e-02
-8.58222977753654256e-04 6.87385887442738125e-03
3.83550901195775810e-03 7.03864069021012048e-03
9.11114667893388186e-03 1.37178943904877997e-03
3.65102998323573597e-03 7.85255335784219161e-03
2.62023358331710384e-03 -7.36959302635687157e-04
6.73064835195701897e-04 5.22730564264021341e-03
5.07838652795029617e-03 4.86905495906172874e-03
1.04647175014873396e-02 7.62911477398046326e-03
-1.68405079519244084e-03 1.78427776943606816e-03
-2.56307740801188988e-03 7.89694355265070473e-03
5.06119049662849367e-03 -5.80687271572853225e-03
9.80710069950921359e-03 6.98832661685384014e-03
6.91802939763429617e-03 3.94453816581391125e-03
7.22450546449610043e-03 3.73676001990709680e-03
1.03803572900780967e-02 5.16249702716362058e-03
5.05137324240776536e-03 8.26023430559569977e-03
-4.35789633739206046e-03 3.60939826719586807e-03
9.24086051381738799e-03 1.08999835908840954e-02
4.16847417340796347e-03 5.36609527440511189e-03
1.71106674544793257e-03 1.34414782083275078e-02
9.17138102396593876e-04 4.64862220742759749e-03
-2.15013358242443098e-03 4.04020585948599870e-03
-3.44012173235330732e-03 -6.16073255091829572e-03
-3.05854690968481065e-03 -2.49662624067735787e-03
2.15041264607750398e-03 7.12993546426891282e-03
1.42945564421980103e-03 -3.38982067427041033e-03
2.90797771777499738e-03 -4.34991442381244854e-03
-5.21408763563011631e-03 -6.76417258463477629e-04
9.85515819334219787e-04 -8.03173913810670270e-03
9.72110921561803121e-05 1.83287614533727216e-03
5.68878042075883668e-04 1.15188254949922034e-03
9.06459720585789039e-03 -4.08967240912449462e-03
2.01803498895620787e-03 4.81433562154931407e-03
8.08455796707089822e-03 4.05712698613534210e-03
-1.17152053997453850e-03 6.60612538282354762e-04
9.67183860201659834e-04 8.58069063485129499e-03
6.78415782242530437e-04 3.49822880068478923e-03
4.02030342061225534e-03 2.70198131805310989e-03
2.24717504045312535e-03 8.06380726021731545e-04
1.41585012142288386e-03 -2.34902434945943959e-03
1.37631110764371454e-03 -2.10288900394939044e-03
1.80409315114868785e-03 4.12006407489016492e-03
-1.44021274697052055e-03 1.91679320033071444e-03
8.26170437361885106e-03 -7.49296290786372228e-03
8.33156004894540503e-03 -1.15998411528053032e-03
-2.73269139151947069e-03 1.13975278639254166e-02
-1.51841910972213656e-03 -1.18524192367948575e-04
1.63217829668184135e-02 6.94587624169213259e-03
8.23296141183854982e-03 -4.86076452659108763e-03
1.17633754563155543e-02 3.01698831642486414e-03
7.26489247895059902e-03 2.26601170471427051e-03
6.76554617033116226e-03 3.28451682490766899e-03
5.59202459012709922e-03 2.17196527263546248e-03
3.95207342914814970e-03 -8.60041355942305422e-03
5.83826970997650910e-03 1.12752275769408905e-03
1.27019733926431026e-03 4.20617362352366381e-03
-1.10464421086767321e-04 -3.28228417774707173e-03
1.97386245761269486e-04 -7.89265143237885373e-03
-1.41457791921151786e-03 6.54574935687955392e-04
1.37982565698076070e-03 -6.28313662038963369e-03
4.85256126466086617e-03 8.08765634931002224e-03
-3.55732548686685419e-03 1.21184482522085114e-02
-1.20789126661219245e-04 8.89389216710351899e-04
4.51297486141564747e-03 7.00462269117096015e-03
2.90205364670049126e-03 4.93763334525410078e-03
8.58160332723607172e-03 -5.08730347641915548e-03
1.75664785148107062e-03 1.04395322279842470e-03
1.07976654705931943e-02 -2.34999927007121948e-03
-2.31562750738165688e-03 -1.11532864328137588e-04
3.83706365507289300e-03 -6.86467647830942386e-04
-3.04722944258474580e-04 -3.45654970235305913e-03
2.60374402157156383e-03 -3.52783480625097927e-03
4.00702497207752750e-03 -3.07235696021152188e-03
-1.52387964290152485e-05 6.64041743128733486e-03
1.48939426243710569e-03 -8.87208466749276822e-03
-6.08371479220210041e-03 4.32667824062627025e-03
1.11300018967340555e-02 -4.17476965647979245e-03
-5.16536272528086461e-03 4.40673867740825308e-03
4.51497328563696572e-03 -2.59286311545705618e-03
-1.42481367545569271e-03 3.05899103670237036e-03
8.19296884139208092e-04 -1.89816553752643292e-03
-5.93910681883502971e-03 -6.63939260014451658e-03
-3.96960438368628137e-03 1.73591060166079412e-03
1.16884591017760286e-02 4.49359973677901803e-03
-1.11860539277836056e-03 3.55915918946526130e-03
1.39940225330481820e-03 -4.44852781172181029e-03
3.88802462149111325e-03 5.08969189877498448e-03
-5.97698256355408061e-03 -3.66605172952884579e-03
-3.93225133893021581e-03 -3.49278419743011400e-03
-4.39435881916929068e-03 -2.00839972167261979e-03
7.64303577530396367e-04 -3.30355810214102725e-03
4.65585527465376455e-03 2.31004807072767576e-03
3.76260230171992393e-05 7.46580050718002961e-03
4.86241047745971863e-03 -2.66526074631427169e-03
3.87664943746222345e-05 1.24542911040583328e-03
2.41729830859165962e-03 1.41861943520668957e-03
-7.19168639202916269e-03 4.53387229071847565e-04
4.23006719744085588e-04 3.88427623216373169e-03
-2.33071988505836056e-03 1.39481897168238726e-02
-2.71728495738150040e-03 -8.05205213364679900e-03
7.22049889505358040e-03 -3.69218541006167012e-03
-1.42605031343001772e-03 -1.38895331711092135e-03
-2.49400490981421677e-03 6.23056958265926896e-03
8.80256441621042433e-03 -1.61402356364186194e-03
-2.97749305012156001e-03 -4.82913490585163904e-03
-8.18818003464411178e-04 -6.64464117955502250e-03
8.68252869359832625e-04 -2.40386552051833832e-03
6.98206281135123428e-03 3.49915156761360785e-03
3.29233314118608075e-05 -2.12918317564354809e-03
1.31266296347571955e-02 6.00693463788251527e-03
1.19076838776507876e-03 -4.25937355483916192e-03
4.14990364461117339e-03 1.28055760183702974e-02
2.28072751336216156e-03 2.75505782450252007e-03
1.14477567220731911e-02 -1.38324624226486906e-04
-1.10149385376677759e-03 -9.25689490474516062e-03
2.85430799393922253e-03 1.62293124533109054e-02
4.39322886774890994e-03 2.57279854195087507e-03
3.14968319876590382e-03 -4.24749871264871060e-03
-1.63902571762008175e-03 -1.81483741477395989e-03
-9.10341880487791806e-03 -3.77310445335525806e-03
8.67877691148070170e-04 -3.46027234100284306e-03
-4.73831713734779083e-03 3.30400469249463122e-03
9.28048624237090038e-03 4.90392810519660934e-03
5.26240266920646391e-03 -8.90013086180314016e-03
2.11468449195104753e-03 5.90270297552804909e-03
6.57770091095623375e-03 1.46911462225803339e-03
2.46281812292773166e-03 3.85348704819364228e-03
7.16789155128627273e-03 9.37963814223070382e-03
7.33522314727873791e-03 -8.15234204573924218e-03
7.57765263740825014e-03 3.44441989737579021e-03
5.63427035557562735e-03 2.47110162610396063e-03
6.18539554181629560e-03 1.71430201011312372e-02
-3.99824890006640339e-04 -5.24189771190140732e-03
5.00299803705721091e-05 -2.62922373557631034e-03
-2.81035064062266828e-03 4.32671204314699197e-03
1.51615628802022756e-02 -6.28576801672186495e-03
7.36524287167136544e-04 -4.48968785760814944e-03
-1.14158917003956122e-02 3.50619024401632468e-03
-3.27891840610312294e-03 -7.29908830357569281e-03
3.76006130048148722e-03 3.02428739296846600e-03
-2.01787541832937432e-03 -5.11471655118061466e-04
1.84995585335489708e-03 2.90571949439299548e-03
5.29840619284862278e-03 -7.68128873041722636e-03
1.08913597103275786e-03 7.41435096237362361e-03
-7.02841469442963291e-03 -1.83915538959356344e-03
1.13393495836242655e-02 1.43427544035500815e-02
1.52850524968428571e-02 3.22151457370369954e-03
-9.79016440787208210e-03 1.19196488155279591e-02
6.88311890543336427e-03 1.09432246418760901e-02
3.44089454580066303e-04 3.88906782490610258e-03
-1.50490714238631757e-03 -6.48974306708889701e-03
5.67904319757020926e-03 8.48269566538198318e-04
1.14987632311408725e-02 -8.88766820350419791e-04
-1.77683291366069408e-03 9.23679117979417548e-03
-2.24971973759577164e-03 6.62073611248116794e-04
-4.59283324491835572e-03 -6.36593967853940883e-03
1.00123563908615255e-02 -4.66036880728862811e-03
2.72933773525055367e-03 4.96587676845245286e-03
4.33259835518705425e-03 -1.48020069493690976e-03
7.85256506624807012e-03 -4.73713013043058039e-03
-1.88547422661667426e-03 -2.59181061047813197e-03
2.83389626104191533e-03 -5.64090776132985909e-03
3.81546870581095376e-03 2.80380664786859498e-03
1.07274653619532565e-04 2.76122579649208362e-04
-1.01144511237677964e-02 -9.43759822987023413e-03
5.50629321738716707e-03 -5.36648737196619859e-04
3.21999570320535963e-03 8.48103941795179221e-03
9.39480511614797231e-03 -2.82213818569243655e-04
-3.21728250914449622e-03 -3.70403369411761649e-03
3.61188905171173870e-03 3.49699044540016180e-03
2.02391310333157682e-03 1.79103749149630512e-03
5.44237209726764707e-03 -6.32462794468160745e-03
2.64052303359810312e-03 6.79197388259675759e-03
3.19239061705360551e-03 3.65968792965786155e-03
-4.44389952382008655e-03 -1.02435270373522139e-02
6.50224656327870985e-04 -3.00567308026753865e-03
9.73025241414349424e-04 -3.82987198547479236e-03
2.35996069590199659e-04 -7.48444123649058633e-03
4.68190280316261014e-03 2.71579989430196448e-04
4.64269056183775220e-03 1.43341677442799538e-04
1.13958558638472349e-02 -2.86704612041870392e-03
-3.22585124085668189e-03 -2.40754358133016960e-03
1.21064425252736261e-03 6.79654951541744292e-03
8.38832335246346254e-03 -1.43444955433980927e-03
7.41716856853687559e-03 2.24489083056102863e-03
1.75697922968369967e-03 4.65703189172122448e-03
1.38521217639043224e-03 -3.47874546740547814e-03
4.73575035720639071e-03 -3.45331771463519696e-03
3.53125635577889027e-03 -2.34153265123496646e-03
-5.69877136926889307e-04 3.54867129745189231e-03
-5.02591855567151562e-04 -3.14964165411066440e-03
5.20975205507832450e-03 -3.40389799583664656e-03
6.54323447678215302e-03 -7.29856184734089543e-04
1.08917109797410563e-02 -2.39291716100968176e-03
7.80242408296343958e-03 6.98674076681745325e-03
5.31598585331138039e-03 4.64967853409721521e-03
1.73844232900973133e-03 3.34176215615225982e-03
4.71067114490391400e-03 -7.03980056311522776e-03
3.93926364318988344e-03 1.02101415896252730e-04
-9.18408838050588459e-04 -8.87282428881256660e-04
2.35304430148973323e-03 -2.93982130468033002e-03
1.22291951722273235e-03 1.08280472301021755e-02
-7.89552939276745146e-04 6.32242583567240845e-03
8.19575108516464273e-05 -6.35465105327968731e-03
2.20123779663996091e-04 2.29138959837650591e-03
1.24435490007506495e-02 -2.74230205754940346e-03
4.09326631645340853e-03 -4.45634742308364910e-03
7.42154302338726235e-05 2.23498133946983075e-03
-1.33051914981973849e-03 4.76344801761654103e-03
-9.46325967596731176e-04 -4.46359067501791995e-03
3.92419994337611395e-03 -9.08520318528759584e-04
7.15402007391614282e-03 -2.76748394127623171e-03
3.63320738216553994e-03 -4.59372508429049028e-03
7.55494519546075758e-04 -1.49538226130285432e-03
1.08596504327406981e-03 1.19621335164311546e-03
1.67629439224422651e-03 -3.51571391024768773e-03
-1.91878979162901756e-04 -4.15109179855854306e-03
-1.86056967291749870e-03 -7.80772054381589919e-03
4.08375949632637254e-03 2.80610636466180428e-03
-3.63833339721157884e-03 8.50938617150499843e-03
3.01705503109393411e-03 2.03188717251217513e-03
6.37462622872195239e-03 1.67796639077002086e-03
3.78256276621167674e-03 -4.12471477095863615e-03
-1.77791847247251757e-03 -9.08421895244269527e-04
5.31447906377321890e-03 1.46176244963003321e-03
1.69038123065345149e-04 6.60329795240440463e-03
5.65369049326775591e-03 -1.37938011245376910e-03
-9.56614338986838675e-03 7.70595248512627039e-04
4.65038813559454350e-03 9.06797620383849833e-03
7.73992131440105584e-03 1.16727163074321384e-03
4.15662983744464858e-03 7.22960682604370194e-04
4.71098175568102073e-03 -3.21975454534854585e-03
-3.44874582666280594e-03 -3.59654819272621626e-03
2.57960848598136078e-03 -2.32404300446877521e-03
6.87712666291292497e-03 3.14771611395313865e-03
8.49295434177747312e-03 7.52557403248952515e-06
9.71258213374811028e-05 -1.41359897136481070e-03
2.16223799347536058e-03 -4.43463270730379017e-03
3.61233971825794997e-04 8.30712997586153818e-04
-1.21151329438028209e-03 -2.66698672522653734e-03
-4.27979771559601225e-03 4.18786151963380926e-03
6.49110683137933599e-03 3.96716787847981988e-03
2.08461180373235616e-04 -7.87796552525085736e-03
1.66010172694372048e-03 -5.45625894829154020e-03
4.03700942778058638e-03 1.23931137001664416e-03
6.19072093278991002e-04 -1.19003077512942756e-03
4.76288680539432678e-03 2.83250550554386927e-03
3.35205616597016335e-03 1.53791813797515288e-03
7.96251198976380241e-03 -1.21660117825975970e-03
-1.73051653396788020e-03 -1.78578052893402684e-03
2.91189420923125162e-03 2.78661312717065970e-03
4.71195787421428345e-04 -4.14739682994709133e-03
1.16950784999451571e-03 -3.88182589195967213e-03
8.00478167426666234e-03 6.05829429343833145e-03
5.08662064239007866e-03 4.26541894430307062e-03
7.98167014088481744e-03 1.08860753137110218e-03
8.74380695526206196e-04 7.84061755484907578e-03
2.96427015015812180e-03 3.47238945872662373e-03
2.82035934625185936e-03 1.29391992175269949e-03
4.82235904990282582e-03 6.91837079661667938e-04
-1.18519410531847907e-03 -1.34469049397014707e-03
-2.33924000071335236e-04 3.37276416775049871e-03
4.90877224177854819e-03 2.81506417345002424e-03
3.89784311767059442e-03 -3.68940792104104466e-03
-3.54863507883988391e-03 4.67485900966107398e-03
1.44203728216001992e-03 -5.05873967215863217e-03
2.95301951988423579e-03 -8.21674933908851288e-05
1.65998162134729024e-02 6.75036234620368311e-03
4.43445107020243139e-03 3.80901098349182730e-03
4.31864939585830266e-03 -9.11710578282508397e-04
-1.17087215124672727e-03 -2.97485843530854261e-03
1.25408905887842634e-02 -1.05488092661465958e-03
1.67809701191950545e-03 2.36411108234956197e-03
5.09178186824225162e-03 -6.80075961736767085e-04
5.35713333649047701e-03 7.20092396922043364e-03
3.71977069545379770e-03 1.04053152261183064e-02
-2.06141352014176452e-03 -1.76886257274547166e-03
1.04761642583712251e-02 -1.37696041013748278e-03
6.52309353816049164e-04 1.47333043018759921e-03
2.65817038772569146e-04 -4.92867258240699876e-03
-6.03379028041381264e-03 -4.31592534849757701e-04
1.57507933411806206e-03 -1.63353795711201227e-03
1.64443554819750028e-03 -2.70036089073895748e-04
1.85611921180176952e-03 -2.83255046746562511e-04
-5.48856828765077222e-03 -2.10788164583137474e-03
4.08033185805887523e-03 7.33795273553326452e-04
1.11531046834216453e-03 2.86168034230758518e-03
5.90485933538811869e-04 -3.01104895424042897e-03
3.10216198890700748e-03 2.25823262042765000e-03
-4.04395967679341219e-04 -6.39922556353377057e-03
-1.07047156241909212e-03 -3.05184965649044852e-03
1.07591199663753569e-04 2.75073648005534242e-04
2.94563427870870708e-03 3.22899400517319890e-03
-6.10456380133497182e-03 3.01151092135664659e-03
5.19160671694574895e-03 4.22978846453320352e-03
4.69254650592640203e-03 3.03103356900255626e-03
-7.05498397180067890e-03 -5.65609020939241238e-04
-2.34607389911029246e-03 2.32801710155501086e-03
-3.53044770961360999e-03 -3.33833302104859491e-03
1.55111669934738529e-03 -3.24901101126672887e-03
1.44955123247079271e-03 2.41848802385361819e-03
7.51976654048020464e-03 3.25352737661509022e-03
-4.94723461168409206e-04 -4.43328987076428878e-03
-1.80021793187537153e-04 -3.52072726140115460e-03
3.02476763126555094e-03 3.35035214090748795e-03
2.23513055465477273e-03 2.98469783360859332e-05
-2.84901640224019363e-04 3.82908020507229162e-04
6.92000097690143642e-03 2.00881344705416775e-04
-5.85489859506399882e-04 9.77782697194448831e-04
-1.12108097726450350e-04 -2.62290307567908040e-03
4.82235389016362221e-03 2.10111522594417848e-03
-3.74628905996324518e-03 9.59248407224917309e-04
-3.72509302456453233e-03 -4.22813014128732394e-03
4.36125180031654309e-03 -2.69202642254168277e-03
-2.66003718168516742e-03 -9.34397553266156419e-04
-2.74109720660234858e-03 -7.12545692652752621e-03
8.24090269113948032e-03 2.57514901421556286e-03
8.32527967629174449e-03 4.25401126582679052e-03
5.41740051914663839e-04 2.08887088926134213e-03
4.35506930781508553e-03 -4.43811122134999281e-03
2.15769874781951594e-03 1.49171221256785185e-03
-2.20673579835097737e-03 -4.21636335405666581e-03
5.49143014360012598e-03 1.64772958405431588e-03
1.19206573303999802e-03 4.67040491956121576e-03
3.75478009544447696e-04 4.83025609429280425e-03
-2.13207993980449361e-03 -2.66565758054093400e-03
-1.07701548636442637e-04 -1.40445571513617367e-05
1.99576887429977470e-03 -1.62650842527814888e-03
5.99902796002220635e-03 5.89777726139023464e-04
-3.84145043648653241e-03 6.12584712745873824e-04
-6.34909091935450588e-04 -2.04113498181253102e-03
3.23580188790019430e-03 8.40419180865103945e-04
4.29853040197527344e-03 -6.24222390833308050e-03
1.11682501490642993e-03 2.00645489598655444e-03
3.25503198317927695e-03 -1.11611025712445450e-04
-5.90725844580819621e-03 -3.85576639741903914e-03
-2.34859003920810921e-03 -1.65873355691298309e-03
1.54850407454355864e-03 8.65175525828204735e-03
3.02704587966161993e-03 -1.76714338209066216e-03
8.47868894983323795e-03 2.55040257435930730e-03
1.02585224279998612e-03 6.86777267405508287e-03
2.62820659204727634e-03 -2.66697476009668385e-03
-2.16030368391175099e-04 1.35945210840299094e-03
6.67707140857100854e-04 9.77231524623996001e-04
-5.23211508326919283e-04 -1.70464223849538937e-03
4.37255682897018665e-04 -4.09648348559747428e-03
6.86093631224090066e-04 3.44846652402886790e-03
-1.30973808969993646e-03 3.11911094098190440e-03
2.08916170876832785e-03 1.80779326884490383e-03
-2.43268857478834248e-03 -1.37775956603762139e-03
2.42175639954669711e-03 -3.51751771085382324e-03
4.80352253427039459e-03 1.20703815333300635e-03
3.38429979112393970e-03 -3.19755227048919202e-03
1.66300082896916760e-03 3.04196617063418528e-03
3.54853553139553328e-03 3.66964776850848585e-03
-1.44906301706205377e-02 -1.05702361458527507e-03
2.24525065240106705e-03 -1.77541000897588844e-03
2.73608031043739855e-03 4.84582739250461261e-03
-9.52941983872119635e-04 -4.40248128465376077e-05
5.41197833955373367e-03 -2.61853279710374132e-03
-3.66472305556134008e-04 -6.60564248932212199e-03
-4.43811263315552532e-04 2.06310605783773318e-03
-1.11504793605941063e-03 -3.65601092859493522e-03
4.26769026954266096e-03 -7.99218052349058225e-04
-4.27898261071188273e-03 6.72036217386942961e-04
-6.03138161219012666e-04 -7.87449991404215628e-03
5.09670273059972031e-03 9.79660074782249656e-04
5.80631969772103882e-03 -5.37230121238661037e-03
3.18628978444855920e-03 1.55071933077690987e-03
1.29839318501794834e-03 -3.47082889830508919e-03
7.70165793067916090e-04 -1.13584719547448806e-02
3.60596825157256072e-03 3.22837167276407650e-03
-5.01172309395029160e-04 9.30204747794052171e-05
-2.82600612561629237e-03 8.79369228584916149e-04
3.20165224641056094e-03 1.62065394425640863e-03
2.35209070626526181e-03 2.68155773557438070e-03
2.00723564421567647e-03 1.34933101436383223e-03
2.35392988319488164e-03 -2.14569579532863843e-03
5.77284254641954615e-03 -2.98110623423583502e-03
-1.36748988711429451e-03 -1.65086712214029601e-03
8.88267089425700748e-03 -8.80699888350531190e-05
1.47080880849313061e-03 -3.11185660451094825e-05
5.44865604151632561e-03 -1.09205323023013829e-03
3.05391894710569604e-03 -3.84369152647746123e-03
4.79335992198635149e-03 1.29036776739668976e-03
-1.25764650421588005e-03 -7.65139351945074071e-04
-3.14500053215545057e-03 -4.50824267181094973e-03
1.19947565991548027e-02 -5.64059146819307147e-03
-2.07890418028226082e-03 -4.82316414609611742e-03
7.73745932165050519e-03 4.88072927567149636e-03
6.01205564689691503e-03 -1.89196669478039893e-03
-9.93466272415247456e-05 -1.18762886619169124e-02
6.91195157472647252e-04 -1.69947223051552382e-03
-4.47372072646677263e-03 6.46834780051700267e-03
4.27567290066543319e-03 -4.35063375008391557e-03
7.07357972257067515e-03 7.54156327632165158e-03
1.58029374549101785e-03 -4.59373679068361598e-03
-1.44919252498749238e-02 -1.11809862932758537e-03
-7.90468741270560285e-03 -5.26476934216525347e-03
1.64627885164982425e-02 5.07492633368893283e-03
-1.06471216145873570e-03 -2.33805115985302779e-03
9.70374655922404128e-03 -6.82788414896535849e-03
1.23367478184472929e-02 6.40675580478259656e-03
7.22286016006459439e-04 1.09859604340881382e-02
8.38412404772270921e-03 4.26143118500429529e-03
1.75146975878028282e-03 4.65485668183885032e-04
1.78683338881083632e-04 2.25406904627595403e-03
8.09975212943029113e-03 -2.22396158068976612e-04
2.16940019125051389e-04 -9.23541464175347757e-03
2.17660020697305404e-03 -3.82446561150629047e-03
4.20598898191247138e-03 4.21021977729893557e-03
2.29244103908043473e-03 5.31729608203256997e-03
2.26122359317275281e-03 3.32706372662529455e-03
7.72911992756436690e-03 5.36925811858015179e-03
9.05928179097904547e-04 1.85988813502453330e-03
3.49513891583839867e-03 -2.61330865629571651e-03
9.41206303019024269e-03 -2.44542419322792050e-03
3.42357395866570635e-03 8.76564206770187940e-03
4.82573795081288055e-04 5.17082010574860737e-04
-2.78947626933507805e-03 5.28777455146729660e-03
-8.28044833031794936e-03 -5.34225454973435813e-03
5.23741941570277894e-04 1.97339516272803306e-03
-5.37713357042279090e-04 2.42286880620816393e-03
4.43065251123513516e-03 -4.69798497710375348e-03
5.87722900015011135e-04 -9.19188440147165713e-03
1.22262666351533097e-02 -4.69048489222609593e-03
4.37378496090420985e-03 -1.45892775613871116e-03
2.00191329885210162e-03 6.78496272304270238e-03
3.68593189078534255e-04 -2.02429973794705613e-03
9.65808636632798506e-03 3.88511089646836547e-03
-3.03514911609190758e-04 -3.15593121054543770e-03
4.17455724133953664e-03 -4.95595676633194329e-03
6.28510516075891229e-03 -1.18375507363324716e-03
6.21119688769781325e-03 6.27042926425981900e-03
1.04303808936310072e-02 -6.65799609961307149e-03
-6.28103546668918656e-04 2.84293975302657171e-03
2.46397380125259156e-03 -7.35065287299597678e-03
-1.94356447720937060e-03 2.08373452734634959e-03
-3.43804785671794145e-03 3.87743921586497682e-03
2.51050350900119046e-03 -2.89665809741851280e-03
1.29386290941958734e-02 -6.70877379272612375e-05
6.28635828613710330e-03 -5.34812290313582597e-03
1.33058570462368640e-04 1.09481595567743895e-03
3.04590164496510666e-03 4.88748018037125833e-03
2.75028537349988585e-03 -6.74618403175163400e-03
7.78640430866041084e-03 9.54761841837555546e-03
9.47982251351060269e-03 1.64664252576292194e-03
9.72680752823414096e-03 -5.00614363165630214e-03
2.48015293263338524e-03 1.42885075265936252e-02
6.19065625129353123e-03 7.09192918145332574e-03
7.25684844080885880e-03 5.80482130411165247e-03
2.29295539414015124e-03 5.53844174607917572e-03
1.01590431676348708e-02 5.57253163772964116e-04
4.31593938716156450e-03 6.59651334043801201e-03
1.02354695074428946e-03 -8.59965546740006971e-04
6.60855624353213870e-03 -2.04941434651607218e-03
1.34243798359902068e-04 1.59441110058084661e-03
3.17560604873702405e-03 4.64450668220058125e-03
4.43642605318944096e-03 4.62575244669969786e-04
7.94545395138161682e-04 5.20717248748752684e-04
8.12058072226506424e-03 3.15372237159239994e-03
-8.26903612450325190e-04 7.82925429224599510e-04
1.45298144663745608e-03 -3.21040250622137363e-03
6.12577759071202856e-03 5.32861270757361769e-04
5.17116019274137684e-03 8.91621435895128059e-03
7.18121728080449787e-03 5.17644155717884272e-04
3.66056196931182232e-03 4.25491866716964668e-03
1.96484229377492025e-03 -2.94046830359729824e-03
3.65276335023600107e-03 -2.91719309086949736e-04
2.30492760608495178e-03 -1.19114835882294613e-03
-2.27774796185497096e-06 -5.22871492640419357e-03
1.37289126879980923e-03 7.75522445728671350e-03
6.46661750355560176e-03 -1.10490634679591415e-03
2.02090169033605988e-03 -9.64265751627910395e-05
3.51662120192551900e-03 2.92675981006286371e-03
7.26822918826221069e-04 1.76137831974010409e-02
1.41023788973809999e-03 -7.04455545089622930e-03
5.24508387483431371e-03 -7.34973950457507713e-04
-1.60401823640307661e-04 -2.99110908780811846e-03
1.14096187749025677e-04 -3.16019262962592652e-03
1.81667589839451938e-03 6.44637216277000377e-03
-9.11386486168636739e-03 1.46288343155359987e-02
-2.89034814959543201e-03 2.62110393926290580e-03
-4.18686365377563593e-03 -5.26713559652324144e-03
-2.68284663589239561e-03 1.47498012087975264e-04
2.10408816514626607e-03 -1.35219479106193159e-03
2.90481109957155519e-03 -5.37467441394312746e-03
3.08073885509373255e-04 -1.54352694422856066e-04
9.14124471251716460e-04 -5.26330435904213533e-03
1.76020889681470852e-03 8.69752932749530069e-03
3.57067385594212459e-04 -3.16102739732246124e-03
1.36286342136325155e-03 3.80420352305014880e-04
-4.60308666732149943e-03 -6.23661130081306584e-03
1.09325891617787010e-02 -1.90582541197809215e-03
-2.19669800527982646e-03 -2.92260906887389970e-03
5.19824140843685046e-03 -3.50477857054515935e-03
9.48426064308604405e-03 1.28472258767083894e-03
3.96835327214338941e-03 1.46451147557398768e-03
5.08575925571864203e-03 3.82901315675794910e-03
1.15804309603689450e-02 3.69608453002472602e-03
2.74636506047341812e-04 -1.38575144701669163e-03
-3.46985517133991924e-03 -6.58045081390135501e-03
3.05864499455881737e-03 -3.01835576203426633e-03
2.42765819919257344e-05 7.34047018123404511e-04
8.20289715970353231e-03 -3.00702268386082315e-04
-2.79263808938779020e-03 9.66490095287052741e-04
-8.12168650393175692e-03 -1.40303360393196144e-03
-2.46885079908847971e-03 1.09891453543872275e-03
1.13395579825234152e-02 3.20987969001629422e-03
8.41879679787056051e-03 3.09471942039968263e-03
6.54311530866154636e-03 -3.18307663468306851e-05
-1.67527405468009209e-04 7.88477754052225167e-04
-5.75903606705851969e-03 2.53002098508668346e-04
-4.39854087489371069e-03 3.95975822346048955e-03
2.40721726660432771e-03 6.40543178304470509e-04
5.46275769480573589e-03 6.76037174589287377e-03
-2.45246564771758619e-03 -7.68176826696894939e-04
9.21149705812514567e-04 1.40770331387117227e-03
-5.49954007896248740e-03 1.81892123989529025e-04
9.32450908086333678e-03 -1.18268432212460155e-03
1.71431091509012209e-03 -9.60403786300685343e-04
-7.14399743065311475e-03 9.72374585804532078e-04
4.58848699678977585e-03 5.68110280710810382e-03
2.10967792149940230e-03 9.84495501807216948e-03
6.65707880407233679e-03 -3.37592529990654372e-03
4.54698466307178976e-03 1.32678403715396688e-03
4.80769754103976994e-03 -3.45851305905638551e-03
3.64405141843498212e-03 7.50713741222175292e-03
2.19130092754859281e-03 8.20465643976318361e-03
1.01140379501379486e-02 4.62375273787852051e-03
5.59554885555470574e-03 1.84746058644796596e-02
-2.66625851232753491e-03 1.42370991452003149e-02
-1.87532982792163383e-03 -2.79665883042068582e-03
-3.00930361482387113e-03 -3.41513185271462598e-03
-3.66936211448045399e-03 -4.52629112201332392e-03
5.75739233675392212e-04 4.78647799057245124e-03
-1.30040524335913246e-03 9.25887433155540536e-04
1.21383897125370075e-05 -6.41697329214611185e-04
3.17145933026379782e-03 -1.84149302803243188e-03
-8.80761877994323816e-04 4.18305986493486270e-03
1.48183391563651702e-03 -6.91741591307217484e-03
1.46733018926530436e-03 -6.64619413201463362e-04
-1.17903394822421715e-03 -2.15271785711708278e-03
-2.40825196604043702e-03 2.96483682450334645e-03
-9.24561226207935047e-04 -1.56893260650800754e-03
-4.70814573780252866e-03 5.96743337523601529e-03
2.98340815432180002e-03 -9.31950651712900137e-05
-6.59604509307827299e-04 6.22844310814938979e-03
-3.23575535791873143e-03 -3.01646219770920461e-03
-8.21297109164978510e-04 4.45124407744913872e-04
-9.49572531540865801e-05 4.45061785810797663e-03
-1.51422604836754459e-03 -5.41765248269932605e-03
1.30484769202834721e-03 1.55031698466011835e-03
7.55171646422044809e-04 -6.58251323287521858e-04
-7.16162302746218616e-04 2.39733283242760976e-03
3.06180061940827287e-03 -6.33987796056224764e-03
2.59693759998485141e-03 7.00453992171239798e-03
9.06187603440649497e-03 -8.34843256306092192e-03
-7.59985846250134552e-03 -7.68726325023192021e-04
7.23069970661350831e-03 3.08561231665198171e-03
3.30227814597800276e-03 -3.97545784906391808e-03
2.27511470537743177e-03 -4.38424038857037918e-03
3.56126891908607659e-03 -2.22636101102822960e-03
-1.59820843894830093e-03 3.03974687937650983e-03
2.89323236519603870e-03 4.38740527347638090e-03
9.35733896639280409e-04 -1.78759336333766689e-03
-9.55351135634867495e-04 -2.56373525937428608e-03
-6.46805049589785179e-03 4.07882680486678240e-03
-1.71254238205383090e-03 -8.64799662034336069e-04
-6.46139157384489557e-04 -4.40788037818246482e-03
3.37653134414740404e-03 2.99435549170093060e-03
1.62760375664544794e-03 -1.26029865649712768e-03
9.11998872327550165e-04 3.61934782529715513e-04
-1.76004643606682222e-04 -1.42513934454662644e-03
-3.77784235383224953e-03 -2.13859100526474655e-03
8.67936319020462857e-04 2.46379468036474420e-03
1.27871113263876735e-04 -2.91412539664235486e-03
3.86011957050823860e-04 -2.61215471794691437e-03
4.02546735752794434e-03 7.04620924167635417e-04
1.24861546062522352e-03 -6.68937386075245388e-03
2.16111734726030747e-03 -2.98107152159033740e-03
1.16438217457033610e-03 -1.87822690676755664e-03
-2.36427574033374168e-03 3.16723864786711082e-03
-7.10697457530687013e-03 -8.75358721817803657e-03
-3.15753674814697120e-04 -3.93939782092738149e-03
8.08756414483581564e-04 1.26014020931906126e-02
6.47592183764404781e-03 -4.64243082931564948e-03
5.49722757969265535e-03 -2.63150225085720044e-03
-3.75701163182924625e-03 -9.89114540750207251e-03
2.85802864618346511e-03 2.16624099031919844e-03
4.15737168180714458e-03 -8.69908489317039978e-03
1.10429706699877866e-02 1.65508228497133363e-03
-2.91339179766269152e-03 2.13587960537158558e-03
9.92362074884777824e-03 -3.57264454214072276e-03
4.49013829005059841e-03 1.20116244677137725e-03
3.71386452861517538e-03 1.86342312012197043e-04
-2.73029781587207348e-03 2.01935097707119614e-03
2.70068237920635321e-03 -1.59102426270396114e-03
5.22691504193510941e-03 -2.52179710395312616e-03
5.04267010797494492e-03 -1.37430486155049741e-03
-2.30155455019292408e-04 1.93711632263883710e-03
-3.81113078598129939e-03 1.01751171184340130e-03
5.85575747018104889e-04 -7.66045170428836003e-04
6.85040252000750603e-03 6.70631948384409118e-03
2.07877000174646036e-03 -1.68945269223719999e-03
-3.00074668437674483e-03 5.38062673435685257e-03
2.68509337156129903e-03 -4.54628190761292156e-03
6.71931751531754801e-03 7.00792516157207573e-04
-3.95372938881232588e-04 4.09013342232723831e-04
-2.15825488412169379e-04 7.94983753780938683e-03
-1.95187108218815991e-03 8.32396442240212857e-03
-4.03784482983972522e-03 -6.77950666747810949e-03
4.88512821043223661e-03 -2.51410822192335744e-03
-1.56982736052945480e-03 -5.39501435015171844e-03
6.42633062611634547e-03 1.19196252117637503e-03
7.04639875125643612e-03 -8.50564281191923638e-04
6.60352960223687096e-03 -6.79776417771943680e-03
1.70572754945639486e-03 -1.82143304565370788e-04
-4.38025442205412091e-03 -2.99872967960377029e-03
-3.49189191355417632e-03 -1.43846382767071675e-03
-2.08035821241445628e-03 5.06627127753451209e-04
5.71463067161996543e-03 -1.01566300522912243e-04
8.86636385205667060e-04 4.62919026196388292e-03
-2.86908662474429045e-03 -5.70646927681019958e-04
-2.44395337132008277e-03 -3.47321320012808831e-03
-5.01475667935723582e-04 -2.82680496641118961e-04
3.44210209524105598e-04 1.11005766967475425e-03
9.94500289686677148e-03 5.78836934492437359e-03
2.32294331378218302e-03 -2.03251249092366000e-03
-4.29213542714445943e-03 -2.21049059826759894e-03
4.35086543025261108e-03 -7.20446258466646717e-03
-9.23669989646734406e-03 4.40585997570233125e-03
4.98389930540530605e-03 -6.86639510292678511e-03
3.39927947284781500e-03 1.75622556807402915e-03
3.26537259053879701e-03 -6.78576619532911263e-04
-5.77077278868033845e-03 -3.90412188156814832e-03
-1.62058622978780860e-03 -1.48471987911473241e-03
-1.68844997911349543e-03 -3.88973211425044669e-03
-1.78111989612401468e-03 7.32615319145100367e-03
4.72155641010045535e-03 -6.62678947283721828e-03
6.42586747063996020e-03 -4.58167138023744640e-03
-3.52136495454864881e-03 -1.73272858647429361e-03
3.60872283124535410e-04 4.35308098077371284e-04
1.08249354303674682e-02 9.19859959187979692e-03
-5.95753327369378475e-03 -3.68194687860184684e-03
-4.50038945404932899e-03 3.23951244137580261e-03
-8.12730099819262801e-03 4.70558612931222878e-03
1.44423661391686747e-02 -4.08593955666318800e-03
5.06181510164564058e-03 -1.61870672824296195e-03
-5.14846538410097636e-03 4.00422087239768985e-03
3.06101912267079659e-03 4.28064831942563413e-03
7.28641064712839005e-03 1.63668453871328710e-03
1.09566608956582234e-03 8.24286554790719362e-04
1.26983672729538751e-02 -3.18454848078504865e-03
8.37247345166292588e-03 -5.21940921931775270e-03
1.99404352756726204e-03 3.04266046119872221e-04
2.11792057159798441e-04 1.66225668548545722e-03
6.96682109745427186e-03 -1.25112568729713068e-04
7.13988196639501246e-03 1.17599859229468241e-03
-9.62502120195408116e-03 1.07179821141334761e-02
-3.16368396225621745e-03 1.70890059066952336e-02
7.55215041411352699e-03 -1.79028815187800075e-03
5.47037642956462507e-03 2.73630567032934159e-03
1.27739634196754747e-03 4.07039722917243527e-03
1.41690901676005216e-03 3.51322231268793119e-04
4.41432372524777107e-03 -2.33259704096209965e-03
-2.16236796126298685e-03 1.20325459019763256e-02
1.74775767638631150e-03 -1.62753830724566995e-05
5.00826128554882326e-03 -4.05667517435030441e-04
-3.29175359376489155e-03 -4.78171453820626629e-03
-3.15910328041694652e-03 5.30136871942593884e-03
5.65892483605200027e-03 4.56054833637998213e-04
4.26834584295828282e-03 2.03980486136090197e-03
7.60326919019937270e-04 1.91724872816229834e-03
3.59965091895862895e-04 3.36921216363548137e-03
3.58427450911443391e-03 -2.38920282923845047e-03
1.19162879695358763e-02 -8.58218014439347462e-03
4.79444509600294565e-03 6.68417448060313647e-03
-1.11905493289353604e-03 -2.69071112776440944e-03
-4.89517617361657706e-03 -3.57144189489872095e-03
6.32870023263485543e-03 3.50200257816312300e-03
-1.24399784515823219e-03 -9.23969115549898475e-03
-6.74167394839535541e-03 -5.95044920299784511e-03
-2.92416845991806803e-03 7.28687044916169133e-03
-6.27769286791951889e-03 1.58303534960901882e-03
3.80973512924811164e-03 -2.20074779765440539e-04
2.37925710611598413e-03 -7.43507040130667474e-03
1.77998772056296153e-03 2.20763230572663624e-04
-9.70866717220988593e-03 7.54909080738420512e-04
3.24755051790457695e-03 8.52902074112897352e-04
-4.92038278887722749e-03 4.42851499098764582e-03
2.57359946943575349e-03 8.01373797719557093e-03
1.79169418883256344e-03 -1.38089041444522768e-02
-7.94886717225269700e-04 9.82514303800179761e-03
7.05825773993518893e-04 3.93820680781671421e-03
2.27647135535980838e-03 2.25977072339333864e-03
4.32739390643262396e-03 1.45106937909909492e-03
3.49391867253755553e-03 5.20321300462515176e-03
2.22164507130543417e-03 3.09851438951808849e-03
-5.14283269749022005e-03 4.48188982010952507e-04
3.38221613047612769e-03 -2.41047834631759875e-04
3.03085626311269760e-03 -1.35577270434538550e-03
2.24343236071690780e-03 -7.19674353119499188e-03
-2.04409262642602169e-03 -4.83753857004093693e-03
5.12416150717592833e-04 -5.27507393602714113e-03
1.51904939595112884e-03 -2.20996553302229160e-03
-3.65749297505309169e-03 -8.17251181375369868e-04
1.58134302655942765e-03 6.86467708899384660e-03
6.62356177682779917e-03 1.53189307197718321e-02
-4.33533683593973623e-03 4.57980411579968379e-04
3.67426331934014340e-03 -4.84296224181571082e-03
-3.01509523925039356e-03 -7.27050602570582412e-03
1.44085830306852074e-03 -4.12064042463791344e-03
6.29537140106380295e-03 3.83789250822610213e-03
-4.00764345656242499e-03 1.44108912657311895e-03
2.24892108729022374e-03 -4.57697057820597071e-04
-4.54069324234582933e-03 -7.76294520664407017e-03
-6.12333606286647684e-04 1.58230209945281843e-03
-2.30766579424076298e-04 1.04681460707593734e-02
3.12034783874633442e-03 -1.89189455796089198e-03
1.46934409672552351e-04 -1.37847824051832014e-03
1.68179281578107777e-03 -3.39808412866462323e-03
4.47307546811723244e-03 5.68018035750299504e-03
-9.25189022340353398e-03 1.05168845509825085e-02
7.48222229302928764e-03 1.42103120332974790e-03
4.55504211924872768e-03 2.99873541961537564e-03
-5.66478911186113661e-03 8.31617530035587936e-03
-7.90132129214335009e-04 5.80396854728280811e-03
5.95357085389160417e-03 1.21459050280498543e-02
-5.15889657709996336e-04 3.94437358361686852e-03
2.56355113896166841e-03 1.53736496871822066e-02
1.24804053256166413e-02 1.95386992082072740e-03
-2.73685605980162347e-03 3.73887556703646944e-03
-1.33331371250922217e-04 4.42724379066177908e-03
-5.37034077241529289e-04 4.44853161895697371e-03
5.12684452566023081e-03 4.33966757923374795e-03
-1.77948882741552376e-03 4.64386866030021359e-03
4.16539058984077230e-03 5.13424483756019139e-04
6.49066433409018536e-03 8.27963861311183449e-03
1.18957805737835189e-02 -4.95692212361403036e-03
2.65809010149936273e-04 2.83467899090273073e-03
-5.95025956130898308e-03 -8.40814943775695933e-03
-6.95753423065688641e-03 2.43960255478734532e-03
-6.65616182119244809e-03 4.38807876582141682e-03
1.24089455877068248e-03 -6.11932798531632152e-03
-2.36860258878897247e-03 1.48100780851391891e-03
3.62966231738500898e-03 1.43748029661775866e-03
8.29660942461976701e-04 -6.05504755891868654e-03
-2.71103406598021659e-04 7.66921333809465798e-04
2.64211334512556904e-04 5.61323496981957939e-04
4.49138661305423237e-03 -3.41629906305438444e-03
2.05543883686802684e-03 7.75082581419842768e-03
-4.16299017554744907e-03 -3.32705937862471778e-03
-4.54041358820987759e-03 -3.19877510777152266e-03
5.62437084349459715e-03 -6.78855332585925203e-03
4.00136860470958963e-03 -1.96793444400304848e-03
1.44781613751731046e-03 4.57214797099963002e-03
-2.25752822781002081e-03 4.68564683597497839e-03
-3.75353166947692144e-04 2.63262946524663033e-03
3.80879355017976328e-03 -2.56551568568397052e-03
-5.14451279926684060e-03 -5.22775182673493473e-04
-2.11246934778742262e-04 1.91137824520217327e-03
4.93271781837119339e-03 3.33601127234941976e-03
5.06596950469393337e-03 4.35852304473297991e-03
1.14251380798663068e-03 -6.35289260358404013e-03
3.60507422638295253e-03 -4.45672006831188648e-03
-3.20624482642425631e-03 4.99399286818980357e-05
-6.31011384423493457e-03 1.93373040537410477e-03
-4.43861466691513294e-03 -7.84886283016016963e-03
-1.29224551193980069e-03 -9.83123757678028634e-04
6.43858233123855307e-03 -8.56632004625981530e-04
1.84748988522708099e-03 2.78574842535382183e-03
4.35861382048546419e-03 -8.69747865728871111e-03
-6.71941212593531005e-03 -6.83166025181268250e-03
7.31880255400494100e-03 1.72629896054842576e-03
-6.83843545537507740e-03 -7.45551888630656238e-03
-7.62694246534396589e-03 -1.08041084709758714e-03
4.17339609593626610e-03 -3.38553837771366113e-03
1.85191740959016020e-03 -8.52596076098287650e-03
1.00789281777573653e-02 -9.33065339005001437e-03
3.61627910585711606e-03 -3.36662187944595723e-03
-3.98812908009006824e-03 2.26246441712680667e-03
1.96796067855870786e-03 5.34994407320809554e-03
-5.93358476160856310e-03 3.75146980687309775e-03
1.65444326419850792e-03 -2.63059594318098807e-03
-5.68242116625018463e-03 -5.73981649575291703e-03
5.36565843738928770e-03 -5.34457971831100997e-03
7.98107986498990639e-03 3.04413729984552963e-03
1.09701614246314732e-02 1.42394440379071362e-02
7.16252174048773779e-03 6.46552211148509765e-03
5.54206031366182798e-03 -1.33335000399804286e-03
7.12517737938506319e-03 2.85910472722629774e-03
7.08573022479899207e-03 3.23324527152002829e-03
1.75640825553407610e-05 -5.34193798902318252e-03
1.12848827090278655e-02 4.79060424993943933e-03
3.79100763509062494e-03 -4.25726036543634494e-03
4.97586424789774572e-03 -8.96522926919265245e-03
7.54207149332496250e-03 1.61591991098122183e-03
-4.74781208814751068e-03 1.17249101299541081e-02
-1.37491828000360357e-03 9.47043745071944783e-03
7.01021733167479788e-03 2.84310180117327812e-04
-6.25701303320053094e-04 1.29074293299554681e-03
7.13003281655272530e-03 7.89613675830185512e-03
8.87442008525047253e-03 -1.20038722403357600e-03
-5.62074482177172055e-03 -6.34150633156097508e-03
1.05741785161112198e-02 -5.82347592792260751e-03
-1.11784638967843473e-03 4.12188477307995089e-03
9.36757809832653408e-03 -1.36976640630058548e-04
2.55386445034349848e-03 -3.47760906958150982e-03
6.32455533351498206e-03 -7.23535674856458279e-03
4.81228172669767064e-03 8.35187320961788327e-04
4.02927377213170654e-03 -4.36494021872052811e-03
7.09793285812422743e-03 -1.14248285444721828e-03
-2.81197563632611548e-03 -1.16685009400122356e-03
1.17746248374518583e-03 6.93807801336283848e-04
1.06674829405619342e-03 1.05580117510981715e-03
-3.62656750364795171e-03 -2.24140692286209278e-03
-6.13523833489715460e-03 3.93162278530816405e-03
-3.24534432367490919e-03 5.12696756968603236e-03
-3.23981172239910407e-03 7.60648379153233863e-03
-5.51958655412958590e-03 -8.18275662536905625e-03
-5.96535534612266903e-03 2.53772215513384572e-04
-3.88671258104438238e-03 5.44235276687878109e-03
4.31612349935246633e-03 -1.27089296535611821e-03
-4.47319143633142027e-03 -4.28728817738345752e-04
4.62215874083533938e-04 2.42396725599964907e-04
3.04320173759990405e-03 -4.02332738191050251e-03
3.62614710399169907e-03 -5.97897495780035614e-03
1.76579755326504917e-03 4.93455782222642324e-03
-1.16035582929662753e-03 2.50729911659167788e-03
2.07469699297753614e-03 2.67210418692200111e-03
4.29415568902507660e-03 -7.36371354555661033e-03
-5.08648847518472069e-03 -3.94587124455307352e-07
3.39464180139036542e-03 9.84297069025393771e-04
2.43944539063955591e-04 4.16013092334285850e-03
5.84688464745443653e-03 -2.83967269678946956e-03
-4.00758651467232401e-04 5.18172673045118846e-03
2.88899431444211577e-03 -1.15373972244956239e-03
-2.69290310225758810e-04 -2.32840023939540628e-03
-3.38181519816115918e-03 -4.18715841495855869e-03
4.83456288760491723e-03 1.56104990455796077e-03
7.18083776582608118e-04 -1.62259480637983117e-03
4.22823509356622324e-04 -5.63700168989449048e-03
8.49297049573586823e-04 -3.52374007110853055e-03
1.51642911018332938e-03 -4.00879096114535420e-03
-2.02010675633696856e-03 -2.84295725575892501e-03
-8.08667656014235535e-03 -2.83905187951886441e-03
2.33736557491042189e-03 -5.37803654157067491e-04
-1.76838395617128353e-03 -2.98505470998609076e-03
2.09180906628306370e-03 -2.93291754717254181e-03
-5.23489374796415503e-03 2.64617004211991106e-03
-4.16191782325668960e-03 -2.86795116921073319e-03
2.82791148441692780e-03 -1.66397978621988271e-03
4.54802651723443339e-03 -1.54515313974941978e-03
5.95158775971390327e-03 1.79907098622785594e-03
-1.18595115363007110e-03 2.06162019951221763e-03
9.41287774555513677e-03 -1.75025365204034772e-03
-9.45725423179336858e-04 7.25011107616160030e-04
2.70231181093586684e-03 8.22776760548695851e-04
3.90419094583273210e-03 5.57765479454609692e-03
-8.14376034696917225e-04 5.33295932062569002e-03
2.48022531835847713e-03 6.36067299607203079e-03
4.88066578639914823e-03 5.44362501728839609e-03
2.89032077733321477e-03 9.05157268832648167e-03
1.23952464019806557e-02 7.59367640244753162e-03
1.01503726117569536e-02 3.29741139452629367e-03
1.12250263533494356e-02 7.44722245925767516e-03
4.89771606096783656e-03 6.43853779641286473e-03
-2.41908873041378274e-04 2.12077008308693112e-04
3.92486648320080744e-03 -2.44391935041349696e-03
-3.69425020519029666e-03 4.05892538253485851e-03
3.99092546152462167e-03 -1.11599907859962128e-03
-1.71327709036323819e-03 -1.37218068001605667e-03
-1.00680424864833164e-02 -7.33766024341873414e-03
-1.73346662243994997e-03 -3.09180434964108049e-03
6.63937230337179225e-03 1.16207013058540372e-02
-5.96520250664342704e-04 -2.75288815439718709e-03
3.22466010956892106e-03 -1.45724274570327634e-03
2.37553406606550192e-03 6.46481708782599678e-03
3.85841038308688692e-03 -4.14061299426661707e-04
-3.53205809807448086e-04 -1.61713490683207482e-03
2.25811772262638800e-03 2.85901092110526535e-03
2.22219412726456069e-03 -3.93834850079705112e-04
9.51927702116134832e-03 7.13883807358792980e-03
1.21015429401289884e-03 6.36047969991959498e-03
4.62155263845784401e-03 -2.67611519272572358e-03
-6.83383093202646289e-03 1.81845458054953678e-03
6.32982808839418955e-03 1.18161421791433663e-03
1.91711054496399480e-03 1.16769151835459059e-03
7.42037632592143460e-04 -3.41428580435928337e-04
-1.43043554768279763e-03 4.04130826688366661e-03
6.61039378695929027e-03 -9.19408018105966410e-03
7.26085048676029256e-04 -1.05050139703316277e-03
8.61133152037645358e-03 -7.05245165746183709e-03
5.28844281081158971e-03 5.82861955200046546e-03
6.67761289873222696e-03 -8.07733724722063001e-04
-2.45233937209023579e-03 3.28091089949077413e-03
3.16913298462463472e-03 -6.40337486475922243e-03
4.41765797094689251e-03 -1.11937729346406833e-03
5.76298683335623937e-03 7.95849637784998981e-03
-1.16160082220178695e-03 -3.47452267887386453e-03
1.55521642942104614e-03 4.90316613619762136e-03
5.54597005591435724e-03 2.82258597661713888e-05
5.64864129443449115e-04 -4.45903938158446079e-03
-1.05731842976087838e-03 -7.30931025391347213e-04
-5.72308432017737401e-03 1.45401141528691321e-03
4.75974299479326075e-03 -1.64956630107050369e-03
3.62941447836603870e-03 5.99867731084206476e-03
-6.13635400123569916e-03 -6.78583770052380072e-03
3.88443367385403124e-03 -3.20480446350307566e-03
-6.30558417043716041e-03 -2.59277180285544641e-03
-4.71744840683452002e-03 2.09042052025611353e-04
-7.17511700116122125e-03 2.31068305140054962e-03
-2.61729237731756024e-03 -4.21690032925041685e-03
1.81861200527861748e-02 6.86112184780541656e-03
-3.75682206805412738e-03 7.58351881141215191e-03
1.14848828821602408e-02 -1.46160492820964914e-03
-1.04067392444056315e-03 -2.30138875530523949e-03
-2.17999336433023728e-03 4.32905381948344922e-03
4.75056320063868640e-03 6.07426072616173594e-04
6.79565344199413446e-03 3.59545609914370618e-03
1.97021829260986530e-03 8.38470283325403777e-03
3.86122904523347136e-03 1.46115681643804837e-03
4.48408191682195170e-03 -3.88621475269560097e-03
1.62884930901041397e-03 -3.82197620095324530e-03
-4.21071875351760553e-03 2.72983074851580699e-03
5.96815827559624926e-03 -2.79486316112882195e-03
7.07781272700434665e-03 -4.37192493743762504e-03
1.01417931603652901e-03 1.92178505135422533e-05
7.46744385584117206e-03 9.81182575236665090e-04
5.34710005457795460e-03 1.42944591763549857e-04
-2.46898662104665968e-03 -1.11151564210805573e-03
-1.10345328998576880e-02 1.46543875115021744e-03
-1.58924707693979678e-03 -5.89439588430615453e-03
-1.46115626208539307e-05 9.96548296659849559e-04
1.50844992526105292e-03 5.91956637212625019e-03
-7.34625145777041168e-03 4.31506113581041351e-03
1.58916480734818885e-03 1.79673794183202477e-03
-3.70155639370386806e-03 2.60264686506880621e-03
-1.65834421916142638e-03 -3.78572031920232523e-05
-5.14038101759334981e-04 -1.44899115307685236e-03
1.64892701435047362e-03 3.33539930289078468e-03
2.93815837117642701e-03 -2.10586842462041858e-03
5.98257769097543593e-03 -3.59813372859162312e-03
-2.95294871213498721e-03 8.28705437830939366e-04
2.50683139787216333e-04 4.13540732278341806e-04
-2.45538126237958634e-03 -3.08452376209092990e-03
2.57685439347802355e-03 2.92254785498502522e-03
-5.21815534462359478e-03 7.98991912516032465e-03
3.20744733734122612e-03 1.23978547452044185e-04
2.59940864263148675e-03 -1.54881967950681507e-03
4.89458480008562319e-03 -7.82234015899907140e-03
-6.91804713753783624e-03 1.35256825074884183e-02
5.68795950519656538e-03 1.37028147722478800e-03
2.58067082834025291e-03 -2.41005460149943872e-05
6.37504176783552402e-03 -2.49138137833058280e-05
-2.81444805429782860e-03 -5.54800415611317148e-03
1.51914956888706736e-04 1.81807128870503084e-04
7.95251669070754928e-04 -2.77344837461297126e-03
1.74221845372729122e-03 -1.53075065448632255e-03
-3.10472348286174081e-03 -4.47305553188873627e-03
3.52890625407022802e-03 -2.27896846862267032e-03
1.51445560193246985e-03 -6.85912683329382381e-03
1.51536362438527508e-03 2.87717563482641457e-03
-4.75145812023741298e-03 -2.85413687522582515e-03
1.83304535178881462e-05 -8.60555025411539713e-03
-4.80672561611409255e-04 -2.65430563213953385e-05
-4.68561624036949176e-03 3.09021116830653867e-03
-2.22277534187108501e-03 -1.14262218324716874e-02
8.39785888850528954e-03 -3.52017039614544846e-03
3.60322162076266543e-03 -2.18809134925133583e-03
-6.11904294683968206e-03 -5.72478990976833108e-03
6.48630588794390627e-03 -1.36085142671254935e-03
-6.14664714903492664e-03 1.27340301725662939e-04
-3.04519866564055119e-03 -3.13067503066295641e-03
7.60707897515700265e-03 -1.30353032380890721e-03
6.96163797520863315e-03 -1.55676671931882608e-03
-2.57723000430618932e-03 -2.14923817975441181e-03
-3.05530309822536240e-03 -2.85207972306694138e-03
-5.30045622671997661e-04 -1.04541665203361825e-03
-2.78098964752549133e-03 5.99663107032536585e-03
4.71395247606478177e-03 2.40647157434557488e-03
6.31209622316747723e-03 1.17873501036655634e-03
8.89047879507474589e-03 -7.22379862799662781e-03
-2.13326810571874649e-03 -9.24395274774640271e-04
5.60422238201113004e-03 1.78857633892175206e-05
4.64827207724096293e-03 5.44964374271975820e-04
2.06547682532426695e-03 6.52470517739942545e-03
1.04711767834820089e-02 2.51392319623681710e-03
7.87453886147223246e-03 9.17911852427444699e-04
2.27795625879291357e-03 -5.23614651966720131e-03
-5.78241004185804110e-04 2.43318047862240349e-03
8.69299825818381153e-03 1.97614661370942293e-03
4.32582271951017974e-03 -1.38391800634163039e-03
7.32633198071254259e-03 -3.52267053465951619e-03
-8.70453609177202262e-04 -3.90040728023392574e-03
2.56975187203156361e-03 -2.64932323730972778e-05
3.45550614891314148e-03 -8.79541917486447345e-04
8.96788319148192348e-03 6.17165372267074836e-04
4.70448026515862903e-03 4.07876401331487472e-03
-1.45609803081573545e-03 2.35403199374923603e-03
-1.77410490501610967e-03 -3.09692245802918728e-03
2.61249062465394128e-03 -4.78524049102101374e-04
2.72468199663370401e-03 1.04723737659509627e-04
1.96702997477908332e-03 5.43544784390844176e-03
-6.03930124772202905e-04 -1.19439014432319102e-03
1.37390317937788223e-03 1.30107801960790991e-03
-2.55530477676153183e-03 -4.79270962477920583e-03
2.68753921008969875e-04 -6.52351998019472419e-03
3.50308077417660780e-03 -2.65930838541906731e-03
-1.38889515682466308e-03 -2.27865000666265492e-03
1.06646841655860837e-02 -9.03259030960171716e-04
7.50059161355117174e-06 -7.03780928756805348e-03
7.63557667125095828e-03 -3.42619985432620266e-03
-1.89910332791480996e-03 -4.30443216600077862e-03
1.30561050899830619e-03 -4.22577965992069603e-03
-3.07469640876901909e-03 5.51058734671443402e-03
2.97548246355032464e-03 4.13972669044320590e-03
6.49535995036835002e-03 1.51636435392164229e-03
1.83559456129667458e-03 -1.06129371493961910e-02
3.73727185581089992e-03 3.36443277567461015e-03
2.01808180427552998e-03 -2.54307270111957988e-03
2.35741165109594735e-03 6.75967831301587546e-04
2.10286199463016353e-03 -5.63151963291024221e-03
5.21329387244048523e-03 -1.96665657145569939e-03
5.42881981257583874e-03 -3.24560223560138713e-03
7.62346881156995924e-03 4.89220735070725141e-03
6.51225117193514422e-03 7.92802311541861149e-03
3.31756304863507550e-03 9.30688881548735638e-04
-6.62275274616765672e-04 2.16422242678367604e-03
-1.34061342609779490e-03 -1.28902205457012535e-04
-4.26031382032140450e-03 2.88036639832869737e-03
3.19666353571844333e-03 1.60521085977852044e-03
-4.91533898834367253e-03 -4.92721804348649275e-03
1.03295667041773003e-03 -5.44071710082071058e-03
1.61910106838655359e-02 2.91629565651446406e-03
-2.97150890898061851e-03 -4.70255330609310480e-03
7.46228355903678746e-03 1.42322194894260712e-03
-1.32838007500284423e-02 4.23700896553087271e-03
-2.30248764173302369e-03 -1.27935737634254573e-02
5.80589539483619948e-03 -4.64492592080003198e-03
5.47515895904097851e-03 -1.32032677277689990e-03
4.93968589414315803e-03 3.52587901739362126e-03
3.51639069742870581e-03 7.55183871127755764e-03
-1.48205131791926163e-04 -4.91152043232594062e-03
-2.19048723322350005e-03 -8.11351585477513020e-04
4.64310619503910307e-03 4.62576289166349505e-03
-2.67228430735677331e-03 2.16293907700754878e-03
-3.99697054756608088e-03 -6.62195918694522684e-03
-1.58840426447744393e-03 3.65287770252775354e-03
-7.73127545836199887e-04 -1.68982181940106917e-04
3.48243011652490898e-03 -1.61944234349253104e-04
-3.53815247985272020e-03 2.39169301376808549e-03
6.97295838050044151e-03 1.73418260158027054e-03
-6.75951279362390256e-04 7.28605453267840587e-03
2.60232832253358935e-03 2.70307775050772142e-03
-1.97811141997619223e-04 1.47704637006076532e-03
6.06104814077101667e-03 2.77887167954836813e-03
6.05523946194916514e-03 -3.81377060605668419e-03
8.01826761548728346e-03 6.43286214683956234e-03
-6.12307849821515544e-04 -1.19014875863146996e-03
-8.02594659360345518e-04 -3.00889197966386357e-03
1.76000278734353053e-03 4.11772868932578414e-03
-1.53319961808069433e-03 2.95181631381821350e-03
-3.28902888288289423e-03 1.48598744970206186e-03
-6.66602639924337211e-03 -4.43141863758629920e-04
-1.65992501468337022e-03 3.26845713576685458e-03
4.20905728233737265e-03 6.90604945069657234e-05
-5.30531616038716522e-06 -6.32596457751809400e-03
3.80599833861043494e-03 1.05762659723086946e-03
8.59049608254600430e-03 -2.07822089476365638e-03
1.37217476841345514e-04 2.08119884306943222e-03
-7.67588738814707714e-03 5.64533457036875148e-03
3.53831941418373923e-03 6.86809083346465610e-03
8.59102997521224410e-04 -1.54662626680129194e-03
6.76943760241430388e-03 -1.24397671532304097e-03
2.43410244382386400e-03 3.52735524767095246e-04
2.57573610672976990e-03 5.40781809594549200e-03
8.52121949954388869e-04 -1.81660374527684476e-03
-3.84821639688306613e-03 5.95027723559588689e-04
5.69214547550227386e-03 -3.60252085774402436e-03
3.22934565061429226e-03 3.51640642958828934e-04
2.92139120074169862e-03 2.97183355845079007e-03
-2.33995675237625702e-03 -5.47641877915170348e-03
-7.69031592506697721e-05 -2.05549124077266266e-03
7.25623943117043296e-03 -6.90071223227831272e-03
8.04059747040660085e-03 5.03956042372671518e-04
2.75947612173886581e-03 9.11554718477511502e-04
-3.04065435625901779e-03 1.00473205307890830e-02
1.62879893527113320e-03 -5.23666271869948491e-03
6.79772264432993833e-03 -1.53799408790558883e-03
-1.45179986169349101e-03 -3.17080635732876074e-03
2.86748829592314326e-03 -1.09443348159259188e-03
-2.77098660605885417e-03 -1.96859197189147095e-03
-3.17194786268905642e-04 -4.67965378815015515e-03
1.73229706128360411e-03 -2.07988211041217758e-03
4.21215411415960935e-04 -4.95048962601266681e-03
4.66651181803403713e-03 -1.04543992447166784e-03
-1.38755688896969134e-03 9.19696441963511373e-04
2.10928685814672830e-03 -1.63152561098458193e-03
-5.05155713137289773e-03 -3.59784279524584310e-03
-8.74285179238090335e-03 -2.73530806218911420e-04
3.70488301752527156e-03 7.04881867765222870e-03
-8.11879996593685600e-03 3.95706418687250677e-03
1.95194624664275372e-03 6.56293226850086786e-03
2.95210341238455161e-03 5.30069308583074657e-03
6.46356622088928648e-03 -6.66132751480248871e-03
5.30571066890547002e-03 -1.38334218932494642e-03
4.92109792654419828e-03 5.95939388567634336e-03
1.15999372807962654e-04 4.75527728180596184e-03
2.14888378582700316e-03 -3.29833197841802135e-03
7.86683409041807197e-03 1.29146061164288643e-03
1.30630125740402729e-03 7.96242579410573703e-05
1.36371604580416543e-03 -5.32814691670625146e-03
-1.47893822667765273e-03 2.72784180972170066e-03
-1.26133311269155542e-03 5.52020562227683968e-03
-2.15751674328886920e-03 4.59471285750575990e-03
3.39162245924539037e-03 6.77030663021845058e-03
9.28350582893553182e-04 -8.09722108644619042e-03
7.75466511592513320e-03 7.07396261139865007e-03
5.00804499275146579e-03 2.56977936541745965e-03
7.46746684640471267e-03 1.01294692828482902e-02
4.22534331912792754e-03 5.46808044574103626e-03
3.73428923732710590e-03 1.30950416791740499e-03
3.56634656846177437e-03 -1.68736594842960473e-03
1.08945559592093914e-03 3.49723118614924441e-03
5.92800646852785409e-03 -1.54883058536266194e-03
2.69386181059780554e-03 3.43436261328897976e-03
1.58673448672400113e-04 4.54854298714902489e-03
1.50391260422434443e-03 2.98774179938213853e-03
3.84016287444046605e-03 9.92038934116393602e-04
1.25089301183287770e-02 1.65982555087988985e-03
6.00558275691709300e-03 1.48546677822658025e-04
1.47792483846323616e-03 7.43127076062711361e-04
9.92001144463629941e-03 4.29538338541585185e-03
9.70340701393375762e-03 -1.82031852060030616e-03
3.15692424590238805e-03 -5.50091296778778150e-03
5.13080174159180787e-03 3.24998657759200272e-03
8.36139476921104324e-03 4.65092596998260051e-03
3.54014226702479340e-06 9.05317495726043128e-03
1.98090898351222042e-03 -5.25936436285339218e-03
-2.57622170522885932e-03 -3.23097951259287844e-03
5.42783789233588988e-04 -4.42912027859110324e-03
2.31744449155371450e-03 2.44394679764487225e-03
-1.23208575781579097e-03 -5.00129640514816406e-04
9.47713530831357696e-04 3.62219886656891567e-03
-3.35395245347448051e-03 -1.07772329834653719e-03
8.58829183836925690e-04 -6.39325578890075161e-03
8.49192167585859081e-03 1.84536956061121036e-03
4.84356929131996353e-04 8.09468629908358691e-04
7.23660437317633683e-03 2.57321456320397238e-04
7.63832712586789069e-05 -5.05906260945254271e-03
-2.45568534668493465e-03 1.88998916895278136e-03
2.62502762104663539e-03 -6.79369309725976357e-03
2.20485701654882672e-03 2.57915688269136616e-03
1.01410431193001797e-02 1.10037386059814880e-02
-5.43018453987149669e-03 -3.74804718478181421e-04
3.11701919011485567e-03 -4.59377056173023660e-03
1.22369514727677510e-03 4.33381049838273396e-03
-1.59238547735281156e-03 -8.87982004384686892e-03
4.03887717209066351e-03 4.29564073603453701e-03
-4.31880333708469476e-03 1.14625643219331977e-03
7.49616283879810195e-03 -7.16292608230125350e-03
6.26585325073217205e-03 6.55497769862704600e-03
3.71353748125563023e-03 5.39450858876680799e-03
-8.19567695737854693e-03 5.22973144222542083e-03
-1.06882988062401499e-02 -3.08256369717355714e-03
1.15760443595028708e-02 9.79315343145645495e-04
4.46733906821614353e-03 -4.38246425376022201e-03
1.23089450253439769e-02 -1.21962084057662310e-03
4.97804136993086534e-03 5.26292872432424820e-03
-8.16746798823754158e-03 9.93454356820072486e-03
8.26592783875771883e-03 1.16756466162604416e-02
-5.25446260068204198e-03 -7.51386234859812221e-03
1.04155506390565013e-02 5.94562749527980132e-04
-7.87908195886112377e-03 6.08172407494375362e-03
-5.61348007654361228e-03 1.06938778539757522e-02
9.12032492683951743e-03 3.89870869975278249e-03
7.11899311806891717e-03 9.08689802295561955e-03
9.01795239077793701e-03 4.74072315892591081e-04
7.17703043310407088e-03 9.38020605055533366e-04
-4.39853405577085230e-03 3.37061836437420456e-03
-5.63575460718726811e-03 2.99513264700895484e-03
4.97172935577320715e-03 -5.32792996726191587e-03
8.93055539893576091e-03 6.63894320015594695e-03
4.23462130405933158e-03 3.77554063472720003e-03
7.76603745625719603e-03 -5.55867707297927338e-03
4.84152529490490535e-03 2.46168408003846209e-04
5.92439439720569491e-03 2.04785147557427251e-03
5.67339028415238603e-03 3.75180744200786804e-03
-5.16847334913898230e-04 -2.46123545054979451e-03
-7.37293483895777764e-03 2.64121243296288775e-03
-5.42802385180513654e-03 9.13631190295335384e-03
-1.15933978764579050e-03 2.83917425795067544e-03
3.61645761228435994e-03 -1.77745673080883528e-03
4.24241464427505422e-03 2.30355301015049444e-03
1.85930189643574231e-04 3.94236358387502846e-04
-1.16405627811261812e-03 -1.10754528314015231e-03
8.48078457884033607e-05 -2.67890189654802118e-03
2.55945922045214529e-03 -8.35067378694705556e-03
-2.29062387022337154e-03 -5.03846890361322325e-03
3.65100910528924486e-04 6.46323521559988637e-03
1.88163080023651748e-04 -2.24212502846105576e-03
2.86265005154001575e-03 2.72056162689368435e-03
-4.77529360607628368e-03 5.00247591532035091e-03
1.09842014928928713e-02 1.46091437021184903e-03
-2.34391755708133554e-03 9.19025006795301524e-03
6.07709592943771627e-03 4.55472240197369975e-03
-9.24697625822418559e-03 1.16525552806992731e-02
2.24400261183596182e-03 -2.99608049000933685e-03
-3.15681440087677359e-03 8.67445352807466423e-03
2.88820945102230640e-03 -4.84345989314219642e-04
2.16842147309882077e-03 -1.44797982852601609e-03
2.54933892834445855e-04 -2.93897381099332729e-03
-6.16226302795125553e-04 -1.28455102712526285e-03
-3.75753863522897266e-03 2.18026898064132939e-03
-6.05664399362397261e-03 3.74856358537844700e-03
4.50830440997688521e-03 3.96104881878616300e-03
6.32470240078644025e-03 -5.06288565392491122e-03
3.47490241478080322e-03 1.85506926277170456e-03
7.98824646582974376e-03 5.48137020913037811e-03
-2.91148666101587227e-03 1.09616937554569147e-03
3.39070979320491581e-03 7.24635736918173242e-04
2.03869139651929529e-04 -2.87477289526361958e-03
1.08558615985410063e-02 -8.01352934957274415e-03
-7.92437676262196418e-03 2.95770001261009890e-03
3.37726883681345891e-03 -2.10698070108872532e-03
-6.44017246097838315e-03 -2.41107156597525395e-03
-7.52133729302750667e-04 -7.76828728927258638e-04
-1.76068685773490591e-03 -1.69164531989768633e-03
1.49608066948059195e-03 2.70162678484129172e-03
5.57674958927951731e-03 7.10803546396985143e-04
8.67991331837914763e-05 -5.73221002145810326e-03
-4.16023705403695612e-03 5.12742612617606008e-03
1.70253367462646152e-04 3.41635830393848027e-03
-1.57905422097183619e-03 -5.53683788205816454e-03
3.21509487319582938e-03 -7.88376747077435209e-04
-3.30625091796716078e-03 7.74244056969754495e-03
1.01491642371665334e-02 2.89410233762378479e-03
6.17670145777600346e-03 -5.96647785953755049e-04
8.70113864797996371e-03 1.13901289083994228e-02
7.22189859271062714e-03 -1.11884177545367499e-03
3.40995021704222417e-03 8.80487461404728944e-03
2.70046131399476370e-03 7.59319675934703574e-03
5.30091850618193724e-04 6.69662092322275164e-04
2.07832643090987389e-03 1.57109345514592504e-03
2.84020778871764239e-03 -7.93590559920541406e-04
1.44648795566468561e-03 2.21429167005323833e-03
1.00362762710521167e-02 5.75013660296840620e-04
7.98819825377437669e-03 1.05838266966850128e-03
2.71558347981528531e-03 1.08955254612557546e-03
3.56270646251005858e-03 -3.25310010317567512e-03
-3.18442001918797920e-03 5.02954441515984525e-03
-3.94160508079040902e-03 -9.86503327158371260e-04
-2.23372654416521387e-03 -1.31623513275909735e-03
-1.94377012120566838e-03 8.26793424754321098e-03
3.74172834076937685e-03 8.08789713417910547e-03
7.61426676491290359e-03 -1.14186366635390360e-03
9.09397307205581443e-03 3.54416318144499132e-03
5.92347711691814782e-03 3.72248871650336785e-03
-7.03817508568646750e-04 -9.19530825511797700e-04
-2.67988563443327785e-04 1.88657970103752013e-03
5.23391292277151313e-03 2.93215301609054942e-04
4.23273526744322257e-03 2.81185926988744518e-03
6.87535357471171556e-03 -5.83698197239755460e-03
3.43558555364430716e-03 -5.15540438504930813e-04
4.54692070416087661e-03 4.45385383314869480e-03
3.46706016353414076e-03 9.23775321417196794e-03
7.07227485419623884e-03 6.07189734900420979e-03
6.90022292870393506e-03 5.23730228402783261e-03
5.38226865055415216e-03 4.48488717253385169e-03
8.63898302981814213e-03 2.90539521849976197e-03
-6.28827257549492897e-04 6.70823469598999435e-03
3.49079725056972243e-03 -2.59608934682097818e-04
4.18171096228523581e-03 8.02970119568643254e-03
5.13499074606465523e-03 4.90129925592516259e-03
-5.39474056021438321e-04 3.86458005989102600e-03
3.31457219901633640e-03 -3.08693610755130486e-03
4.37571655840237814e-03 -2.96134279017881002e-03
5.12202930844293282e-03 -7.09024690063690764e-03
7.06167142689585487e-03 -1.47287506077031999e-03
4.76304405086170127e-03 9.25421602111854138e-04
7.15684251850358649e-03 7.00819102408702967e-03
-1.17079139870686941e-04 1.04338284736651566e-02
7.48968098622476968e-03 -3.40312937186887333e-03
-4.24310186714303272e-03 -3.26818430318107913e-03
-1.44594661699424219e-03 6.90310540469533506e-03
1.45037558579139158e-03 -7.56982706639760996e-03
1.13787777955622906e-03 -9.07499250026911643e-05
-1.17281617036894646e-04 4.18143225449584726e-04
9.68808724611098203e-03 8.97779875775892022e-03
-9.44624769164857593e-04 1.17454433160922821e-02
1.09144521576810881e-03 8.56476188855239068e-04
2.87424363366038367e-04 -1.11985269102346397e-04
-1.61648449713485049e-03 -1.15154414020623638e-03
-1.12446901820224427e-04 -8.79743497074981888e-03
8.77198722358793308e-03 -4.79774571303798246e-04
1.05112822755604064e-02 1.11446007129257325e-03
3.34152586044784983e-03 5.27606201784830940e-03
3.12747094022076564e-03 9.67863621938942591e-03
9.16625006901169471e-03 1.77266356294829069e-03
2.86272385599670122e-03 -6.45292252665116781e-03
6.03621896509896547e-03 -6.37071684876470111e-03
2.84264433555502091e-03 -3.45297997722777755e-03
7.18974761827889143e-03 1.34111838968397484e-02
6.31507230053337046e-03 -4.31147696959622868e-03
3.98855988959996577e-03 5.17665868303941734e-03
9.31416979095397134e-03 -1.08245768154421732e-03
-6.29151916402709808e-03 -7.34672170852743514e-03
-1.05414141351576371e-03 5.63217446560881601e-05
8.58398846251865908e-04 -1.25853966934089806e-04
9.60329345975953659e-03 2.67855209071853105e-03
8.97073095422131622e-03 3.85104555588389750e-03
8.74317046978783860e-03 -7.38167393228375546e-03
1.37601583570063409e-03 1.36145183572264176e-03
8.91969089506976752e-03 5.98329234967891633e-03
2.13669355141140986e-03 1.38635599405297115e-03
8.58268465877803921e-03 -8.18827009803774924e-04
-1.64426379679925329e-03 -3.54969236073851937e-04
5.76828916864586573e-03 4.47989040797251736e-04
3.33954283626179379e-03 6.92957911679845367e-03
1.62549508480851787e-03 1.14909577152238714e-05
2.23549870650225063e-03 1.05747036159292811e-02
7.91884896915833261e-03 6.65345687566217155e-03
4.06215078940468793e-03 -1.79574722418912261e-04
-8.85448167343477559e-04 4.58250090284314290e-03
7.78886676102291241e-03 2.16608671873566019e-03
-1.57680263119407095e-03 3.89183670254699982e-03
4.91046187148398532e-03 8.13176255521059002e-03
7.97967542776470765e-03 -1.11296943991403652e-03
4.33743092172304227e-03 2.01192656076021716e-03
4.54165478354147650e-03 5.77048509082431216e-03
1.14671207023487789e-02 6.40003514041804990e-04
-6.03448857040223214e-04 2.80245876912477241e-04
6.64143424015890566e-03 4.92917162791155390e-03
3.81652333686803352e-03 -1.64592046153965799e-03
1.21532740849458684e-02 4.63393673736325982e-03
-3.93257986710723439e-03 8.21490385606356440e-05
6.53466464490857091e-03 4.68615409434976118e-03
1.47502255982441067e-03 5.12808123232947949e-04
3.60662200415780255e-04 -3.10018851021391000e-03
7.96461339330824941e-03 -4.15085996727362471e-03
-2.64883690130806020e-03 3.00263207422057487e-03
3.98489175919771680e-03 -2.87143174221300311e-03
7.01602061362487962e-04 3.85864431449277649e-03
-2.61649275003659511e-03 -4.69528012405212255e-04
4.53721943785611107e-03 -3.79523790999963600e-04
8.32647601709246565e-03 4.17511800710515784e-03
5.00074873427513653e-03 -3.31798718678865930e-03
-4.94724454744311423e-04 -1.42116849615297135e-03
9.76528936467710267e-03 -9.14482440363395804e-04
-6.66986241465986930e-03 -5.33786371695076783e-03
-7.60750875667438441e-03 -9.51787513053655235e-03
6.81182516275690136e-03 8.02713513549453347e-03
3.92195391737842035e-03 -7.99643791929802064e-05
4.75839606806718104e-03 8.65768086685143705e-03
-8.82366756915275649e-03 -3.01997856762326782e-03
-2.17684852346188094e-03 1.81382464441987696e-03
-1.32072018250278160e-03 -7.58281007441198671e-04
-2.22374584607908836e-03 3.37270222156361814e-03
2.30082846105437392e-04 1.28230835837970527e-03
-7.21299722081620415e-04 -1.36098666797414779e-03
2.73195401943443321e-03 5.29983575629368174e-06
7.67491147431696719e-03 1.18409784897125707e-03
3.38115250918463511e-03 -2.61664897436151732e-03
-6.12151888360565788e-04 3.38942914926908083e-03
6.94758383352983740e-03 1.23190349431832272e-03
2.09622291441137259e-03 6.43312516523721761e-03
7.48777077742354517e-03 -2.20069434728165135e-03
4.06820948897879120e-03 -1.87495175868889873e-03
-4.37457076003520441e-03 -5.56600756890945919e-05
3.43987387983096240e-03 8.36831241928860485e-03
-2.20678522407806357e-03 1.32337489912077891e-03
9.75537607857942558e-03 -1.72467428026855927e-03
6.06840850325370690e-03 -1.46825377267258530e-03
1.11198980192759537e-03 7.57871929999006776e-03
1.02232658598549279e-04 4.51792537766112362e-03
1.24114622782073216e-02 4.23482997159700929e-03
-4.13327763998723105e-03 4.99632759990088510e-03
2.36005471073107978e-03 5.16328294317530256e-03
3.96635252325952363e-03 -1.11269946660669597e-03
2.87013324234071691e-03 -5.82565548395390116e-03
2.32182785310414835e-04 2.60421794777667640e-03
7.69556472011576932e-03 5.15566487364909135e-03
4.43121202418253566e-03 7.71283610127315462e-03
4.85201589574588751e-03 1.32563470802795849e-04
1.10387239983540768e-02 1.06438817452951372e-02
4.82706671861978485e-03 1.10330890940397736e-02
-4.32403226808263726e-04 2.41051948562262834e-03
1.41881202508536389e-03 -3.12532752569298134e-04
5.19992747982262089e-03 3.19181212327948995e-03
5.14697495277330070e-03 -3.74146082053095595e-03
9.11648388387880509e-03 -3.27061172050160378e-03
7.65922815850090567e-03 6.18118885672490088e-03
9.69509909959725621e-03 4.35942786702052301e-03
-2.92868202536467797e-03 6.54718760095149375e-03
2.06966331885227728e-03 -3.19348495247768387e-03
4.44547215185752288e-03 -4.05738962041358401e-03
1.13705206161622508e-03 2.40286460891602893e-03
7.40490181081939164e-04 1.18356493807223644e-03
-4.01221754037720500e-04 -5.16022027195147098e-03
1.58050708202093462e-03 8.98476964749583980e-04
1.46217150722021869e-03 -3.80355142051147553e-03
6.66510730999882086e-03 -1.87539602241370944e-03
2.84154829050800020e-03 4.74662073530072483e-03
5.54491743734285454e-03 -2.78015471039134206e-03
3.32826998850785675e-03 -1.45788637431304847e-03
8.13319271829379686e-03 2.12900899867213148e-03
4.66829467762266363e-03 -5.10485787887489818e-04
7.60159480156214883e-03 2.01122345244832829e-03
8.33538738985243124e-03 1.06850533908101602e-02
5.94224799317391236e-03 1.38973417938162164e-02
3.32877590556663596e-03 -5.85332659255568665e-03
6.15657439923267226e-04 4.47196526994532992e-04
2.84363753042140600e-03 -2.69438834167379454e-03
5.25805661742017455e-03 8.24285030860786097e-03
-3.14496828482185419e-03 4.95767101753758193e-03
-4.50836840010627321e-03 -8.16084156488130173e-03
9.60603241177699491e-03 7.52643092153002478e-03
-4.32637680748814427e-05 5.39689543108654458e-03
-1.08786075775283309e-03 -2.02822755620113730e-03
-1.35285388794043879e-04 2.18156486773651804e-03
-2.29145935062960915e-03 -3.05938102700168595e-03
1.25867549506723103e-02 9.37874391727156094e-03
4.54171321215065833e-03 -2.28495769023137401e-03
7.79447215277073117e-03 6.47479789087587135e-03
1.06651217446727953e-02 1.09446596441298161e-02
-8.53070397034396549e-03 1.98977276656594744e-04
3.00294228080046511e-03 4.58056501176612712e-03
4.59274358377831718e-03 5.35818492444909561e-03
-1.53120409791770063e-03 7.63041448859016168e-03
1.58216822278765996e-03 -2.46438443467203276e-03
8.48139852317143610e-03 6.13094855104144576e-03
6.25518270786971551e-04 -5.88889102275027524e-04
7.61181587153078945e-03 2.51855710680763765e-03
6.97746079225101436e-03 -1.88729062858095987e-03
1.84718399987676132e-03 2.17341692337233222e-03
1.55264315244639777e-03 -1.27262721250622477e-03
3.83117183988194348e-03 -7.18687551890608792e-03
-3.29506625003904907e-03 -1.43039054874936618e-03
5.25278507356184352e-03 1.38133874558414322e-03
9.14533400967081599e-03 -3.75457339794839319e-03
-2.23094131597837558e-03 -5.69292346329579703e-04
4.40426949699470986e-03 -3.07988011631110843e-03
-3.50748782508728332e-03 -4.36138184779914610e-03
3.56131273646913531e-03 3.31638724756813143e-03
-5.81236803085809391e-05 5.96936464957709481e-03
6.95830795767342358e-04 -1.25499427232320993e-03
2.05493738521350189e-03 3.02889194216549333e-03
3.31486495290784057e-03 -3.12230497719835198e-03
8.59589579955604213e-03 -2.04600905052291799e-03
6.10716937226269112e-03 -2.26664038657539398e-03
-4.74573929599664442e-03 -2.78315426725572789e-03
1.44249231075124253e-03 -4.62602898865762204e-04
4.38928915931728874e-03 7.04859491269864370e-05
6.92742214856907883e-03 -2.85829851997567201e-04
7.18275185880206442e-03 -3.05915137071390312e-03
5.84461162894440913e-03 -6.51100107976498952e-03
1.22356592603309992e-02 -2.45149371321834670e-03
7.88526553185715101e-03 4.99099144395106793e-03
-2.92561882877749677e-03 -4.00685846840365904e-03
-2.69439226939590770e-04 -2.71215908267329010e-03
1.80397427834636773e-03 -1.94073156153748173e-04
-4.11351030256099960e-03 -1.44020343080420127e-03
-4.48642728704866118e-03 4.51114420448416042e-03
2.06377327359053529e-03 1.77576579888043978e-03
7.01884896748254487e-03 2.08599202450527894e-03
5.33414107238598667e-03 -6.27870315021231676e-06
6.25858854933642426e-03 -1.39894549147607985e-03
8.55147227887345304e-03 -6.77179378087254080e-04
-1.77708031381573582e-04 4.88181363701648430e-03
-6.91137809599933102e-03 -2.15444702604952959e-03
6.41969211375343404e-03 -3.37130387852914003e-03
1.15974722464812149e-02 -5.72969237070010320e-03
1.61842334269863830e-02 6.55517162741527798e-03
1.23018317601353701e-03 5.36843464632577420e-03
1.31667793774734683e-03 -3.43137969314704326e-04
1.71528488148923086e-03 -7.31253523544371335e-03
-1.61377272055986403e-03 8.81788400981507563e-03
7.41832517532548495e-04 -1.89288325634283361e-03
-2.02057853341040659e-04 3.33855129538824721e-03
-7.66897789406747413e-03 -2.11699824969197124e-03
5.91123244836747833e-03 6.13151280404879758e-03
6.10217042202011338e-04 -1.77193241026740484e-03
-2.35873505604086015e-03 1.54967066372073631e-03
-3.92934223866477225e-04 2.62385407760106328e-03
-3.96948168514763260e-03 -7.81139369506385480e-04
7.81403556871401814e-04 2.29025144825002356e-03
7.24875453137653527e-03 3.52648671898205934e-03
-1.46978855440543164e-04 2.51035872171850557e-03
-1.03802461978791481e-03 5.78360173098585104e-03
-1.98606623862435843e-03 -4.01021751207249373e-03
6.36459347390024759e-04 3.77787217529321250e-03
3.21834768703804916e-03 -2.72256367426366519e-03
1.77405451857385308e-03 -5.34621405915148857e-03
-4.13090254554227161e-04 -7.43503963195887938e-03
2.82162337567617993e-03 -4.69874243267433657e-04
5.03721711151619567e-03 3.88471101403250530e-04
2.00196297419273205e-03 6.05617855570505029e-03
-1.66269311773288705e-03 -3.04844497152026005e-03
3.96049814702107133e-03 -3.00619180493368705e-03
-1.72685425550887588e-03 -5.90114434791471579e-03
-1.81222252888513019e-03 4.64445224795559191e-04
4.49912834397598032e-03 7.50038133407394600e-03
3.28983743863898483e-03 4.61322722097394370e-04
6.95646152582947430e-03 2.37936722108781458e-03
4.94091018342913361e-03 1.57117257500205575e-03
-1.08075604323441791e-04 -3.57644802131144640e-03
4.72641530590333335e-03 5.42910942658638308e-03
3.22857732396768975e-03 -5.34025764408195720e-03
8.06214141255126755e-03 -4.38531463106334694e-03
8.37870122859521275e-03 3.50112130802301687e-04
6.19265370335669516e-03 9.50980419739035228e-04
9.78075632067925901e-03 4.16828469587483645e-04
3.35656510691309702e-03 9.10263365428651619e-03
4.84343307262060773e-03 1.60663027201138862e-03
-1.88590205644903052e-04 -3.44783719826177075e-03
2.72885425587744625e-04 1.78554556027649722e-03
3.14466389546750030e-03 -4.12065314844594233e-03
-5.70594461401525890e-03 -3.52178189498427016e-03
1.59788118730701326e-02 5.59384028330058708e-03
6.57107039841789160e-03 3.42788035742883600e-03
3.27492835495120501e-03 8.11486933740613453e-03
6.33502774677354059e-03 4.23869820817631467e-03
-1.03999316605981836e-03 2.80239440283598044e-04
-1.51927166350824270e-03 1.95165660591015795e-03
3.41707524006083481e-03 -9.71341246164570196e-03
-1.80382234376972607e-03 3.16029607916383471e-03
7.47770687279284037e-03 -3.89724103236529541e-03
3.86093512614479233e-03 3.13694553597067141e-03
1.79986115823750257e-03 1.03039501876843343e-02
8.53077741350358708e-03 -2.33566761235012204e-03
-2.69872085667644240e-03 -4.19145610273965585e-03
-2.74619666065281307e-04 -4.24900352734031237e-03
6.56055946014096232e-03 -6.10963961550544960e-03
3.25906970024958604e-03 -4.90348536461690521e-03
1.13802185698295283e-02 1.22055006628702615e-02
6.22944888574654843e-03 -7.47354238776108681e-04
-5.66543937617561104e-03 4.50315126970433650e-03
5.87153564982108474e-03 7.54728954607531474e-03
2.37221955288300555e-04 8.43005653191237526e-03
4.01123913854713535e-03 -3.17136247353651647e-03
7.35610737603529553e-03 2.74627718495243118e-04
-3.09751691074422022e-05 -6.55628556783094917e-03
2.54759032047195601e-03 8.31601964376499185e-03
4.17063897255171880e-03 -4.06146084922965993e-03
7.86162397930493737e-03 9.40062467632469222e-03
-5.81778433042231331e-04 8.30647572167700007e-03
-2.62474168138188569e-03 -1.77601564808411365e-03
7.68618520466384501e-04 -4.12312829926084375e-03
-2.23224365041383354e-03 -8.26266022782625245e-03
1.23542706436710042e-02 -5.73263953940990854e-03
4.27238516504796235e-03 5.94109011429199991e-03
-5.83006402460679168e-03 6.33576381660968992e-03
2.67532373572760369e-03 3.45545647207564722e-03
-1.36898990070331351e-03 -1.54179970316818790e-03
3.57834638493705623e-03 -4.21420995029798268e-03
-2.37545487289729892e-04 2.73509420973153594e-03
6.70643777487681027e-03 1.68537885190112605e-04
7.89807145248989581e-03 -5.23646288538094900e-03
7.17798932075619772e-03 -6.90917624653961896e-03
-1.98029852607940976e-03 3.04110086914750931e-03
-3.57824857981145147e-03 4.09229870890805147e-03
4.13963749444502815e-03 2.62551811255538415e-03
6.11935312138603762e-03 4.76389499377049240e-03
-3.39335625003838630e-04 -1.93040620251760616e-03
2.77355325146657868e-03 -6.52828071099038464e-03
3.23808532106621390e-03 -1.92507322471140711e-04
5.69287993142204071e-03 2.34309970820466978e-03
1.00622100671058593e-02 -7.70765210779014872e-04
5.23948046477428105e-03 4.97063754414839797e-04
5.71034312398686211e-03 5.73120816110775453e-03
-4.87120429400065701e-04 -3.27866866351591256e-03
-8.03328894273600339e-03 -4.29283112672813189e-03
3.68973831164161889e-03 -2.07620497726954340e-03
9.80059193298614450e-04 -1.54231857808217648e-05
5.55547419222801771e-03 7.20332473462270001e-03
9.78183858071349915e-03 -3.38472167795558602e-03
1.17833713749232391e-02 -2.46185229485510002e-03
7.15743824654815116e-03 4.13742544577898157e-03
-1.09760768620920232e-03 4.30696569903466723e-03
-1.29361554954706705e-03 -5.50467183458839063e-03
-1.99445129776686927e-03 -2.09242769631919805e-03
-9.92077960725173524e-04 -8.30293999595466993e-03
1.16071932979878566e-02 -4.22176378436135875e-03
7.74433044066032226e-03 -8.77428701096907718e-04
6.38053729783086016e-03 4.49106240407641868e-03
-1.11353838558567435e-03 3.32675708927475562e-03
-3.95836726764446905e-03 -2.23351330982720937e-03
5.51814655122112932e-03 1.00251648715006785e-03
9.32870020189516757e-04 -3.79065312128373452e-03
1.01044855891359504e-03 -4.56498349693545068e-04
-3.09495614923139531e-03 -6.27836120308100740e-03
-1.46752636478473218e-03 -1.81058192444847211e-03
1.12943834145586767e-03 -3.91565808712200994e-03
7.29895851431833285e-04 -8.83970149360503721e-03
5.26981009774129248e-04 3.82415245256771544e-03
-4.34722659703179731e-03 -2.56614800444171639e-03
-7.52803132209154194e-03 -4.39126502635763753e-03
1.92788091221049039e-03 -2.74770167829076900e-03
4.18136255368296676e-03 -1.59176901568672409e-03
2.37421821297093862e-03 2.00117560092000376e-04
8.93714896802433323e-03 5.89523058276828719e-03
5.16189267136774304e-03 7.41831110473624000e-03
-1.83951990115676506e-03 -3.34949578841807678e-04
1.41065350280958975e-03 -4.36345805210701636e-03
-6.67354460697777447e-03 3.62709572773042919e-03
5.01986896355197543e-03 4.98187183067868460e-04
-2.76852271107585427e-03 4.40275176194501218e-03
6.99438724597885959e-04 -5.26978811258330126e-03
4.73250371429830442e-03 -4.51194953463472832e-03
7.24411241659188038e-03 3.91577870473057725e-04
-1.87411895685701672e-03 1.09338827625859430e-02
5.78487855029268232e-03 2.13497246861640741e-04
-1.07351137240868622e-03 -7.54932607061259246e-03
7.95129322345810782e-03 -1.59503471176343720e-03
1.19113188573548995e-02 -1.69453403066019046e-03
1.14981137387540214e-03 1.19574425670308081e-02
4.14865217376284186e-03 3.00083625970388014e-03
-7.07980567954321488e-03 5.03480476488695362e-03
5.24423463033549340e-03 -6.00403648511794292e-04
3.80096200128603092e-03 -3.46067632397241681e-03
-1.26561383838845270e-03 5.30345439353676587e-04
-5.69866964999089570e-04 -6.15980733272362795e-03
-2.21250377322299626e-03 6.82176939062108072e-03
5.15924156457251565e-03 -3.05417055850915791e-03
4.82205260149974353e-03 3.05954543608020135e-04
2.90480123474301131e-03 4.32380826658900364e-03
-2.84536707581840072e-04 -8.57905800964911362e-03
6.50358869082972527e-03 -2.31953521534397156e-03
-2.62794108255980487e-03 -7.23855173688037938e-04
-1.47974346376775873e-03 3.59897956032978472e-03
3.80220182373533803e-03 6.61783557354750883e-03
3.35840366400052366e-03 3.22002483754792136e-03
3.75217467476739825e-03 1.54426775619215316e-03
-2.93260247304177185e-03 1.73067411237668041e-03
2.69477795462338531e-03 -3.10036381398668716e-03
5.16069822133569892e-03 -2.19607496447350031e-03
4.26711783883300649e-03 -6.04832001770366431e-03
1.77817438510045173e-03 -1.08646475050458110e-03
-1.02548860294951320e-03 -6.18236262072288049e-03
7.02736112464893373e-03 -9.53106878215149154e-04
-1.83314004357830267e-03 5.17150786691881158e-03
3.81284887049442153e-03 4.96433903769227759e-04
-5.25132940128978168e-03 -4.89576166077115241e-03
6.29537648055747499e-03 -3.99640340292192493e-03
2.11206108418045052e-03 1.92236983765802232e-03
4.96964764883141871e-04 1.82616392681350724e-03
8.87883497791021326e-03 3.12945315732986607e-03
1.28477542742491549e-03 6.18237417022524278e-03
1.98935874594536515e-04 1.20273180940442398e-02
9.00601464154087046e-03 5.48890886004573669e-03
2.07150109978109735e-03 -3.05133172745846999e-04
-3.35599891763951538e-03 -4.08880673793460183e-03
-4.18103760196545781e-03 -6.27872622633445735e-03
-5.20762471167112492e-03 1.48357687723794712e-03
2.81869069312555348e-03 -1.53300903744170197e-03
-3.88139710379520114e-03 5.56512801153848232e-04
4.57695434334813491e-03 5.19665724117670744e-03
3.25267085430155402e-03 4.30282572426906283e-03
2.95612752251386672e-04 -3.77465102772913882e-03
-2.38976485234493850e-03 -4.20152066995112066e-04
3.57836840159008428e-03 -8.12235695087058242e-05
1.29084230471436046e-03 3.37998403497938077e-04
3.52217915158399304e-03 2.22058899790608145e-03
4.63991293377826429e-03 3.87517753911313829e-03
-1.67712812071046913e-03 5.69297967543731017e-03
1.23805695826016502e-02 3.47429680809680300e-03
-1.93915269325339542e-03 2.01973445258480343e-03
2.16687604908555277e-03 1.54163525294057340e-03
8.97084075912047297e-04 6.74039278003130734e-03
2.12543492406947832e-03 -2.17663176443950177e-03
-6.86255479576482284e-03 -1.41119704261204594e-03
-1.79786254647687054e-04 -3.70873875446198643e-03
1.04733007804714302e-02 9.56724105977065434e-03
3.42295667782686755e-03 6.42823284867325220e-03
-1.20069426215804937e-03 -1.01809923691100149e-02
6.90307578173263853e-03 -1.20248767660922624e-03
1.36004715099505586e-02 -3.76844217537048842e-03
1.20999103826253604e-02 1.25506011060176267e-02
4.13960257814663564e-03 2.01723449513052698e-03
-3.06962036750012051e-03 7.33595225358141863e-03
1.27256115560791421e-04 -2.59902026775824186e-03
5.34297998744417014e-03 -7.98103075272856011e-03
8.03393337541640808e-03 4.80762601050692580e-03
9.86404298072450503e-03 5.33241975949395267e-03
-2.74590433261843059e-03 9.07680035264584947e-03
8.52632374585615108e-04 4.36557079927905010e-03
-4.24648760317259853e-04 1.56482338414009855e-03
-3.07228665141126003e-03 3.92044193882886641e-03
8.89947091490643147e-03 1.10205679507378463e-02
4.43203893023577308e-03 -7.21501854652022243e-03
3.23548196703974267e-03 7.78722146341948029e-03
-1.04391101444528569e-03 -4.40343135529677656e-03
4.35997599054724436e-03 2.66145254671793256e-03
-5.19518641742288626e-03 4.39223627637698108e-03
9.58888501740736386e-03 8.28771466145649489e-04
4.04830876231580903e-03 -1.00362947441647379e-03
9.70637747495179033e-04 -1.03660242716393266e-03
3.41477464489657557e-03 -1.46301667026135784e-03
-5.82641032220727970e-03 -5.52285653473568415e-03
-3.51970412920445770e-03 -7.96744189924676431e-03
-2.82275600126374610e-04 -2.79220282179994637e-03
-1.63188826795809209e-03 4.50787800928179917e-03
-2.33145694711272113e-03 -7.95688042333032820e-04
9.37708697972303206e-04 -2.20317061128966598e-03
3.20232494051063583e-03 -4.84582721890785412e-03
-6.95851789554182559e-03 -1.75990372329727868e-04
2.32856403146599689e-03 1.91668453137174466e-03
4.85513726717586459e-03 4.31667224325080288e-03
1.24192776467921327e-03 -8.51949436263787357e-03
1.89011999694494782e-03 5.57959733228169819e-03
4.90421204102806161e-04 -1.55961477692049318e-03
1.97195328213019532e-03 3.62552374717204241e-03
-5.25752939624226615e-04 9.16649169725529704e-04
-3.83481810124294440e-03 3.03002324843557741e-03
7.86324553822288948e-03 -6.81145700996880349e-03
-4.74510685309748048e-03 -6.10554930735570257e-03
6.75222147621103684e-03 -3.31574551043584262e-03
-9.93417721319555733e-03 -1.15496114910457691e-03
2.72611679940451416e-03 -5.48124627114182552e-03
2.65237160602926599e-03 -1.05518830828209742e-03
-1.09134332129661588e-03 -1.34826162173551211e-02
-1.26252503725911010e-03 1.89429863906232366e-03
3.91154975200387525e-03 -6.32133664267713405e-03
-4.92789319350846536e-03 -2.76996482428788771e-03
2.20772689578218684e-03 -4.56040259802939930e-03
-9.99738247415006727e-03 2.71958987745074109e-03
3.16454834386387237e-03 -7.57151331970871283e-03
3.36409696459386096e-03 1.21235057268578601e-02
-8.24836184945584514e-03 -7.39086410789476997e-03
-3.81802793478275065e-03 -6.95747952487942804e-03
-1.93686760242939960e-04 -8.24147552768773038e-04
5.04484006254627467e-03 -4.42603270558402577e-04
7.12366047056835032e-03 -7.13224360306247769e-04
-6.12607503346456698e-03 7.14662135593169203e-04
2.59068425125656004e-03 5.76283297378537337e-03
-6.21559258917581559e-03 -8.67720178108237657e-03
-1.96057722849567921e-03 6.43050739218315598e-03
4.13029593050264626e-03 3.14813297418566887e-03
-1.08179107954857282e-05 -4.74601170506482907e-03
-6.10652990787859031e-04 1.83604072433030054e-03
1.07421998725663100e-02 7.43738584098226942e-03
-9.40247534404424750e-04 5.18831695302375637e-03
6.80647259323028265e-03 1.15016454969360114e-03
6.98064023712398254e-03 -6.10175213243290080e-03
-1.39279404486009305e-02 4.49076389301344189e-03
-1.05870874443493111e-02 -7.97392112927075396e-03
3.37394656780502789e-03 8.10598413177820651e-03
1.92304852676300942e-03 3.35903007834951854e-03
-6.52700134811760434e-03 1.59912026859966062e-02
5.96278183014610410e-03 6.44230229277281598e-03
1.26333549800772219e-02 5.12261252717961888e-03
1.22835198845212715e-03 -9.06380889778476083e-04
5.59235035854461875e-03 1.18930756784114480e-02
1.26989496808005888e-02 1.23999420753200191e-03
2.17344873119397616e-03 5.17157140107190813e-03
-4.36257277717525503e-03 -4.98127511263031595e-03
-9.13706892638742134e-04 8.51719030633299977e-03
7.55813463120877122e-03 -2.47404984175466714e-04
8.48521354283127485e-03 -1.98815790385416507e-03
1.13045848427766674e-02 6.88270492047288488e-04
6.46064912228855055e-03 1.29394588892082305e-02
1.20905365460456035e-02 1.08198316501684801e-02
5.84184731738212736e-04 8.88467658697854199e-05
-7.47172981371784124e-04 -2.03896626929747464e-03
5.17227742767532167e-03 2.41831236932771570e-03
-7.09052538964243082e-04 -5.34225654922589055e-03
-1.99101092536944696e-03 -3.89437641370275062e-03
-3.73612712158177471e-03 2.48965735837777889e-04
1.41035226167392121e-02 -5.40762284576467526e-03
4.45741498045238143e-03 8.23340530254696584e-03
4.08713727108678433e-03 -2.87961262745144685e-03
-7.32020426626568276e-04 -2.76144749823951756e-03
-1.26117954927477635e-03 -9.75820592704288760e-03
6.64826882755168921e-03 2.27339344912491566e-04
3.68190415338754545e-03 -9.15939593372205353e-03
1.63691135267792680e-03 2.74269748746162846e-03
7.03501039549042553e-03 1.16450710093832406e-03
7.87529183423474159e-03 6.58539535867571323e-03
-8.06952394894932612e-04 -4.73367553662405998e-03
-4.51616631857796377e-03 3.21375435720849941e-03
3.54929319545600665e-03 -5.56403537642516897e-03
2.14377396384909198e-03 -4.67475662641249866e-03
-6.03998357138283998e-03 -4.01361753773562570e-03
-6.73599596187152323e-03 1.72638317374447167e-03
1.06265969764237477e-02 7.36542883881349374e-04
1.15116553203546499e-02 2.82255300716042394e-03
6.98924439741845267e-03 -1.04477276156104051e-02
1.46337465954695344e-03 -5.82312056904648115e-03
1.36112593206167073e-02 -8.59446527350762185e-03
7.26757061573833889e-03 2.75461440254900873e-03
3.09760547522436140e-03 -5.13145725129405574e-03
5.04125020773402242e-03 1.24280679221591716e-03
1.43860731788528450e-02 1.39257760192223103e-02
2.58239213189932499e-03 1.19318871239509419e-02
2.63343374954574591e-03 5.81767480083495380e-04
-4.18768830068367605e-03 -3.77292957655210809e-03
1.45833870958307697e-03 -4.27003158846119175e-03
4.68414513355759708e-04 1.55255025749725440e-03
-1.24910850052612822e-03 3.75166904126313918e-03
3.67034348763537258e-03 6.53739379176219645e-03
1.75473205055317097e-03 3.65760244827054680e-03
-3.75693170206256415e-03 6.53601417513835319e-03
1.13929607581441999e-03 8.48015065536833045e-04
3.90728757739632320e-03 1.15704375160998255e-03
-3.60778428439999937e-03 3.44886296717163924e-03
7.71562456940668839e-03 2.54817053301652175e-03
-4.53136763700829606e-04 -2.35879642515997388e-03
-3.09450702309264740e-03 -1.24215254346144821e-03
3.70570245013009418e-03 7.58219354367063725e-03
-4.97058145272627570e-03 1.80252625439598305e-03
3.14760585082467887e-03 -8.65966623572327586e-03
2.48389525353391507e-03 -9.22746359758679123e-04
2.06748859262977482e-03 5.56637381742894864e-03
3.14582308736079119e-03 2.66074766505747153e-03
1.49066392411945341e-03 -1.12519848316188485e-03
-2.95462673631492084e-04 -4.02048216579356944e-04
1.34050379418788300e-02 -1.00994548718943782e-03
7.97830187349444532e-03 -3.42062137574766702e-04
8.90960276485702057e-03 4.67577475379832557e-05
2.51553892679946735e-03 7.88918609654501142e-04
2.51671234177071323e-03 4.46749930994487510e-03
-4.81630501355388273e-03 6.27504828190742284e-03
7.85172005737231130e-03 -5.98829760168732850e-03
5.63873221934087579e-03 1.34139708860834118e-03
1.25758202436588445e-02 -3.47809793336490520e-03
5.63504977069290147e-03 8.45796722681655652e-05
-5.07800996363636393e-03 4.54418431215979210e-04
2.64174390199619800e-03 -4.17077693243322976e-03
-8.70831893815233061e-04 -2.25002199631499887e-03
1.18550157532155065e-03 -1.80042726208149627e-04
7.44139093542639561e-04 1.81339306796987425e-03
2.71939079566367202e-03 1.69119212315687814e-03
2.50816213034038516e-03 -4.67224296416107916e-03
7.07687975411884322e-03 8.70191612185747601e-03
-2.83328551958067910e-04 3.79902711270777233e-03
-1.16420211887910928e-03 3.39997589546286224e-04
-3.53084773620182535e-03 -5.48798589964897415e-03
-5.95650759198559400e-03 5.25789108901112009e-04
-4.84712687265951431e-03 -5.71893380371875783e-04
5.29686794539727546e-03 4.72672293403517477e-03
2.52602802921265491e-03 -1.54310572376508835e-03
-5.16457827715231538e-04 -3.11900357881046610e-03
-4.02209439230896866e-03 -3.46307964051262122e-03
4.59779225331844940e-03 -2.98670020765049848e-03
-2.12292907876707659e-03 -7.50941670119640529e-04
5.37049717099024378e-03 -7.65955617713317931e-03
1.70346226273932334e-03 -1.25080704482961966e-03
-2.86188960149433855e-03 -4.91656192902972366e-03
-1.06878079856365690e-03 2.96794827441296976e-04
-7.09258137320956409e-04 1.00304713115296931e-03
-9.75550860248971608e-04 6.66531384090853786e-04
-3.00676130361951857e-03 -1.43004743087033490e-03
5.79083751145441968e-03 -2.85147708322092261e-03
-3.06449586357869153e-05 -1.28743541130746668e-04
-1.98515598718536183e-03 3.68995589144344551e-03
6.72195761767972700e-04 6.97070012794015308e-03
-2.67263852037777404e-03 -1.38601584281445385e-03
1.28887096927694442e-03 -1.11004983980024594e-03
3.31331543936350332e-03 4.09532364948154970e-05
8.95231412188083296e-03 1.49733680095949593e-03
1.49213690376917823e-03 -6.35939045905523428e-03
2.20604420020190832e-03 1.34964188765939190e-03
2.34414041671155218e-03 -7.11024894003738431e-04
-2.81745896558271199e-03 -2.06426708885886932e-03
7.79671706345656020e-03 -1.34636882729320917e-04
-5.54020615789639018e-04 4.96250903551088366e-03
-3.29396009865666603e-03 -1.45712389503859386e-03
-4.70882968930369517e-03 -4.29273376892376989e-04
9.17865185565595247e-04 -2.98546667983146065e-03
-1.34424255739065321e-03 9.24827651324886413e-04
5.01950236065299218e-03 -2.95710949293331729e-03
8.27641241430340964e-03 5.25701411979182485e-03
2.00499033529171096e-03 -5.36399140375857803e-03
-2.55395188947663649e-03 -6.25019923966866481e-03
3.60810448246064999e-03 5.83610076015302418e-03
1.50263805798449778e-03 3.08177438585828089e-03
2.63673003772415355e-03 4.86978824974945972e-03
-4.12471865871023857e-03 3.91753065068629718e-03
5.07991457875250213e-03 -3.20553104230327868e-03
3.40233228882921542e-03 1.22502281371676311e-03
6.17487896635466726e-03 -5.96869568166155488e-03
1.23684869659686242e-02 -1.78183032779099734e-03
1.09471112849052407e-02 5.81665019367644080e-03
1.80691201338891030e-04 6.39784532868759893e-03
4.04266312169516799e-03 1.20855117607327062e-02
5.98263015377386090e-03 1.06846334112637199e-02
3.91486620163374478e-03 -1.09320931444734245e-03
4.98707547375920254e-03 -1.05096578615084891e-03
1.13398407794848503e-02 2.53719257205738949e-03
4.92829730675957683e-03 1.03512992453564621e-02
3.24115605584634212e-03 6.12831023174253845e-04
-6.25605560451199857e-03 -1.00431585155351822e-03
6.09687693576891222e-03 4.37884942034958541e-04
1.14846275160946209e-02 7.11709464171884736e-03
-8.97807591668591432e-04 9.65040485587994636e-03
-3.24026565101951129e-03 -1.09338500511301168e-03
6.61968340234159874e-03 2.81877587607562690e-03
2.29407072607156490e-03 8.53802610747953807e-03
-5.65724254223569801e-04 -7.30291218861537760e-03
1.44159815867593816e-03 -1.29372721782824258e-03
-6.00659818215769576e-04 -1.72435108866477436e-03
1.06414811753326195e-02 8.06240930514037606e-03
1.82035605855228929e-03 -2.19251885642917808e-03
4.40367843297016694e-03 2.81566319994617522e-04
6.09368781299190424e-03 5.92683602819213829e-03
-3.86703697885593806e-03 8.07904425567957177e-03
5.34971145786686340e-03 1.01830603211916001e-02
2.28314444912874388e-04 -1.39248819268380391e-03
-1.61117461895446640e-03 5.29098700941182769e-03
1.08278640244055171e-02 1.63074480202806001e-03
2.99263478537563181e-03 5.95957622060658103e-03
-1.27941358485088308e-03 3.70572469020894954e-03
2.13194013715389255e-03 3.77692352365063778e-04
-2.70094406948643683e-03 5.25235021587482954e-03
9.85236899905329736e-04 4.80094044320915239e-04
-1.09759547485093313e-03 1.99921960021452836e-04
9.18493700270814686e-03 2.02463821598167785e-04
6.29349284503777275e-03 1.39848041597670711e-02
-9.11891137713609530e-03 7.86778647926315161e-03
2.95655966283537956e-03 -5.16557304586873732e-03
2.42387416292874375e-03 7.87525035544689271e-03
1.70979614405323567e-03 8.03398811640725595e-03
-8.94758180308584091e-04 4.23142656788758151e-03
-4.04669931935655331e-03 -3.00677753984999845e-03
7.88676735316751719e-03 -4.11004474797565817e-03
1.20510287767413424e-04 4.13356197619360773e-03
6.99792951436858197e-04 -2.70296537364559612e-03
4.51855198266690357e-03 5.64717673471958927e-03
1.17241026696320570e-03 -1.15715309114409440e-03
-1.41058215899245490e-03 -3.88641654838629835e-04
-2.24544056909476049e-03 -7.81504449892402552e-03
-2.30687913460918747e-03 -2.23065562329811526e-05
5.14928219480025821e-03 -3.87424872147114710e-04
-8.51036909187191833e-03 7.81334796331063092e-03
-2.21209793514718061e-04 -2.49482686115055311e-03
1.62061818724786705e-03 -5.56193062035056484e-03
-6.96049814274712474e-03 5.38695447203679876e-03
2.39165328047992714e-03 1.56460040020934936e-02
1.27443175709052842e-03 -7.15066645129752341e-04
-2.91506944659278896e-03 6.52033867921325084e-04
4.19137733664942235e-03 7.58172096164014611e-03
4.03571452242385985e-04 5.98423769733348512e-03
-6.75956710335095666e-04 -3.22070976527212777e-03
5.23999527107860998e-03 2.98452095168795072e-03
6.20059012728244215e-03 1.92073631905023646e-03
8.41057231973544282e-03 9.12867778509842461e-04
3.63359035083869438e-03 -5.30431477576447726e-04
5.65946161007083864e-04 2.42295669167735611e-04
-1.64339676138707067e-03 3.50766616861498612e-03
3.50253676368307044e-03 -6.31249746885527083e-03
5.36096214891548708e-03 9.74755111479809868e-04
8.71379293152101803e-03 7.64488094676665070e-04
8.61346826947874226e-03 -2.20877791307197413e-04
4.30038554750958920e-03 4.07280911133664058e-03
4.14699672411741362e-03 4.35842336390264515e-03
1.85523490912219168e-03 -7.00293361278874491e-04
7.47481854062615782e-03 1.55391330498374147e-03
1.05295354946707115e-03 2.17936248542853310e-03
3.81211702942701102e-03 -6.74305237898157489e-04
-6.45875384299387633e-04 4.96458188171216945e-03
1.23480467960041819e-03 -1.39301254700387872e-03
3.03799355006354084e-03 1.40909081963772374e-04
4.99344212961830465e-03 2.93391142595132064e-03
4.16296314195037029e-03 -3.36583543329270051e-03
-2.69664266616022460e-03 1.72375169094030382e-03
3.02382386139168425e-03 -1.89704710423033835e-03
2.39874316150973967e-03 -1.51568723942094698e-03
7.35143320283648404e-04 6.79906521772057331e-03
-4.61727927673905632e-03 1.68714740939062877e-03
2.38781775926048649e-03 -1.35838688046838012e-02
-3.16027573382549141e-03 5.86959309452258614e-03
-4.92404153841750555e-03 -3.01392376949460861e-03
-6.76251452271061423e-04 1.56246952904346152e-03
6.15754310365941408e-03 -2.75353861055782981e-03
-3.96369599439431661e-03 7.30484117925055891e-04
4.31822452393522491e-03 6.44261058561467360e-03
7.29097252261303916e-04 8.70599103776159393e-03
4.27396210190027995e-03 -2.88743263475160512e-03
3.74387531961086449e-03 -8.28254456897256283e-03
6.68498934496320699e-03 7.95576031509209617e-04
1.98843375598821859e-03 -5.66025240898094910e-03
7.75860862713192187e-04 1.14539108346640496e-03
-5.38616227050499243e-03 6.20620945416798953e-03
-4.18899799665588442e-03 7.62149904007368689e-03
5.32962870133214545e-03 1.87682706502845112e-03
2.96276870860736697e-03 5.96410756313578341e-03
-6.10772334435359166e-04 -5.32044585982284057e-03
-4.16226080389267301e-03 2.77922084010250861e-03
-4.52029410048533468e-03 -5.49330343681309844e-03
-1.54144967560367551e-03 3.02745992523093801e-03
3.13596533279072737e-03 3.46215109703436113e-03
2.92788792695916665e-03 6.78330072361254242e-04
-3.30264400088984026e-03 1.63283089305155137e-03
-2.04576329612525705e-03 -4.55893552688574604e-03
1.59765859902681042e-03 -4.77611106261453464e-03
-3.27355602259830425e-03 2.27024540670277188e-03
3.54878290194853528e-03 4.77182908111649547e-03
-5.34652028977799371e-03 3.96296494244566255e-03
4.21698750327670845e-04 3.17305764450456686e-03
-9.93698069796757240e-03 2.01126769244042158e-03
1.72811691811139510e-03 -5.26650206144331501e-03
1.38008487373311225e-02 -9.59215772836242184e-04
4.90358622270790326e-04 6.94168591109351960e-03
-9.66068334074462803e-04 1.28705218038470490e-02
9.08379748743893579e-03 -1.08743670037743747e-03
8.71009508168702623e-03 1.92463420761509151e-03
3.72738472002052653e-03 1.58430867479962371e-03
8.66321962648405886e-03 1.63326627670877305e-03
8.47204694798677632e-04 3.84769625884858184e-04
6.04741433019014701e-03 -1.81450487391870930e-03
9.00304318400311750e-04 3.31346774195597979e-03
7.48746506297274985e-03 2.01615046304286574e-03
9.04982704238371273e-03 2.31615789997220863e-04
3.62271363207358277e-03 6.09117961813008830e-03
7.12611238278787387e-03 5.23595931697676438e-03
4.41513252613448277e-03 4.94158745911430723e-03
1.54367566312710713e-02 8.34038766560567593e-03
6.73238472024222274e-03 1.36902762358829307e-02
7.26164262145478304e-03 -8.26256836542144405e-04
3.64507524771677700e-03 -1.84917129402772311e-03
5.18354939524980941e-03 9.14103942443360426e-04
6.03343589654617343e-03 3.19682649327187804e-03
-8.18862865477275521e-04 1.60671878851681590e-03
2.46596865559916938e-03 3.63442888202408602e-03
6.35060740564676561e-03 -2.04358864816746311e-03
1.30901304071628140e-02 1.29409472181537897e-02
2.59674890949113850e-03 -3.80663784269874572e-03
3.70306644664054798e-03 -7.65224528676264251e-03
-1.88896828110726852e-03 -4.20337414746696243e-03
6.47612944355920300e-03 1.07376253287710076e-02
-1.13246258068506653e-03 -2.75627232041180531e-03
7.48612073765846358e-03 -4.53147855156883946e-03
1.03736759618827425e-02 1.02053047097365630e-02
-7.91451079319709094e-03 1.53786512706544174e-02
-1.25137990748777259e-03 4.20058316705344739e-03
3.24744783245997258e-03 3.49749275862238588e-03
-2.94412301912750545e-03 1.05165635852841836e-02
6.58451106535104785e-03 3.49663682836148185e-03
-6.88712655373778949e-03 8.61961160613191474e-03
2.24073751973919311e-03 -1.91172959199908087e-03
6.67562633511381912e-03 -3.07862050709686820e-03
1.04354012968628906e-02 1.31552766264687957e-02
3.28132977993254556e-03 8.66410006967794147e-04
5.79290061876047875e-03 2.97814374214289915e-03
7.41126979478260676e-03 7.73224729668355558e-03
5.58865324073486505e-03 5.32868164317196105e-03
4.74769247033051713e-03 -3.07851328740979275e-03
4.30828492270140476e-03 1.03200769615446348e-02
8.15113114884930684e-03 1.33998485214854302e-02
-2.80814266268984182e-04 3.16870582520345587e-03
1.67004743757146883e-04 -4.50692430606966597e-03
-1.22313664135437986e-03 -1.70783384342364339e-03
-3.36585215394983586e-03 -1.51396395560085529e-03
8.94222827703247854e-03 2.47217706979548947e-04
-1.20221597233149714e-02 6.39261008211854977e-03
5.53546705875791831e-03 -2.44187227084701267e-03
1.15917349043727844e-02 1.03262357865068748e-02
-4.52997917171197532e-03 1.02458949562835005e-02
-4.98988046106188759e-04 -3.40271124120083372e-03
-4.47207113418392373e-03 6.74256721326237877e-03
6.71463737613689320e-03 -1.18746348000139547e-04
3.43567839541807085e-03 4.89807891622811437e-03
6.44740929363310424e-03 3.55710320371464134e-03
5.40028969337177488e-03 3.45834615222441162e-03
-1.29884528648094109e-02 1.20242339910435550e-02
-9.12381413405550547e-03 8.72365123622749136e-03
-1.25284645489886484e-03 7.43447765367316084e-03
-7.39757086985736063e-04 3.53430592459558343e-03
3.56855136652662816e-03 3.33604722489954991e-03
-2.29548945177408988e-03 3.52104603150123424e-03
3.04885260819199406e-03 -7.11580775876642191e-04
1.76398605001578009e-03 -2.18130425485686718e-03
-2.42441728164639794e-03 2.02694045409521724e-03
2.39141690737865870e-03 -2.24490242588478882e-03
-9.02347341010034296e-04 2.30389309922348056e-03
-3.28376230353452864e-03 1.08374469878957345e-02
9.57686406364143200e-04 1.11556995732811615e-03
1.05681024401689371e-02 2.16908247563668251e-03
7.79461110600275075e-03 2.87649618763278570e-03
8.71125074526705491e-03 2.57254889062607465e-03
6.10729494725594565e-03 6.78698341180684894e-03
4.71461275069268073e-03 6.34084275091725911e-03
-2.68307808209063068e-05 2.04962639704720602e-03
6.92739825332320484e-03 1.30283131271398292e-03
8.96156804084040359e-03 8.47674248804325750e-04
1.62296389027194302e-03 -2.21197394338703938e-03
3.11226403876964375e-03 -1.95668345292289176e-03
2.39585875683999633e-03 3.33444839113604657e-03
6.64693389204333400e-03 -8.98950432058894487e-03
5.14520026425834172e-03 4.02698133069069944e-03
5.08641058270712168e-03 -9.29469562583981439e-03
4.53776757284590944e-03 4.24328477876911251e-03
2.55525822106613580e-03 3.22352355408752744e-03
8.75313303369179389e-03 1.04402496169910084e-04
6.34550319439204907e-03 -2.56119481365137472e-03
8.26326996447485237e-04 7.71611445152271900e-03
3.12997926311474719e-03 -6.52662371495352743e-04
8.98485289555708312e-03 8.87527929591746569e-03
1.67324262776978832e-03 -2.02629504736813676e-03
-5.20260947708269493e-03 -1.90944384973426346e-03
6.68901561315746445e-03 7.87861073885001185e-03
6.29410187086326504e-03 -2.88744612775943118e-03
-3.70246008699385849e-04 -2.22687853413787787e-03
-8.21692443781785252e-04 3.26646260619243038e-03
4.95937233736476251e-04 -1.85246748914092265e-03
3.67384753809594719e-03 2.54608596229617158e-03
4.34804113960224510e-03 9.52213502402670504e-04
2.29060488350990099e-03 3.35187921404824863e-03
6.23976650792396927e-03 -1.54331507591216302e-03
6.00653141032679843e-03 3.27438410221409090e-03
-1.03209112450568870e-03 9.63085559808877535e-03
3.10618208776766355e-04 3.81946404890170902e-04
2.88059968413036018e-03 3.09830918066267280e-03
6.29511832721040259e-03 1.06076982197938294e-02
-1.62905927862273814e-03 6.45466333274358987e-04
6.82004112037672486e-04 -7.92178044305336636e-03
4.32215051349241382e-03 -8.32768915351472273e-03
-2.74339696902867192e-04 -4.02967845314402325e-03
4.71854894718035621e-03 -3.86388702208062280e-03
7.22953947339248851e-03 6.99897647062963126e-03
-9.79832613754906198e-04 -4.64032232477144639e-03
3.06511589332978144e-03 -1.58315178192797558e-03
-6.50770992718825280e-03 -3.90600744561364361e-03
1.92751297391143060e-03 9.42919466182709672e-03
-1.44091573997953064e-03 -1.99101733653835348e-03
-1.22209918271644195e-03 2.19277169366725823e-03
1.39783304767032235e-03 7.80113915611695000e-04
-1.07293742582879811e-02 -1.25438326644941832e-02
8.42028688032783398e-03 4.19563308815994185e-03
1.19458025203762232e-02 1.24082207198182928e-02
2.46805437171874033e-03 7.42136973988186772e-04
1.24263810628062895e-03 4.33106848539882659e-03
1.39769529993795903e-04 -1.12909758777020482e-03
8.98384374540151805e-05 -2.40841338826311858e-03
2.71212778194759342e-04 -6.31939786864944061e-03
-1.44601018562554788e-03 -1.15959712343702238e-03
-2.45719485077854169e-04 4.68688128674398137e-03
1.03157128418003962e-02 -6.78929572397015887e-03
3.63206715864479576e-03 2.38773293133891923e-03
3.56080743569018145e-03 2.66971329254351046e-03
5.91533312027723787e-03 4.81800963802487495e-03
-1.35568017582109331e-03 1.03383461975001482e-02
1.36765157463023782e-03 3.68799302797308921e-03
1.08285171099478245e-02 8.49999831224140128e-04
-1.48213204660978997e-03 -5.07738071403990993e-03
-6.18066468304082702e-04 1.36835144489227435e-02
3.88126027404945683e-03 -4.21234419092491805e-03
-3.84053209980365212e-03 1.35287233234263470e-05
5.59541319499938256e-03 -3.44157392969477913e-04
1.23413560109394103e-02 3.30677903996674273e-03
3.73486879719299187e-03 -1.04513009891468158e-03
-9.68972007523757244e-04 -4.43862331533763713e-03
4.74466141589767118e-03 -8.44005544327057142e-03
7.86217630777596814e-03 9.97616107328592669e-03
5.01312955356071795e-03 2.78080202311418263e-04
6.47850161593682000e-03 4.23645742694199641e-03
1.11451075183325535e-02 -3.87108420098052249e-03
-6.78569363335856587e-04 9.75825994846884863e-03
-1.29862383246962226e-04 -7.69384178009802078e-03
1.22269478745099299e-02 1.56920112330322797e-02
5.59688918061769080e-03 1.21025295922749070e-02
-1.32122210864141741e-02 3.49794445951686489e-03
6.25969018115702346e-03 -3.33386746565662948e-03
2.65186543877726159e-04 -5.82312785871472952e-03
7.34470297727936143e-03 6.43033422858416571e-04
1.05375660869279526e-02 -3.68940174517528013e-03
6.66841207411633750e-03 1.53817842295737872e-04
-5.64026886094422687e-03 -2.46317353647514548e-03
-5.65849640268849111e-04 -1.12811019694407759e-02
1.38091308862521370e-02 4.26595201723473615e-03
2.04609075399722357e-03 4.86342214674438493e-03
8.33385368598759356e-03 2.69333328507077212e-03
6.52945704777805475e-03 5.35441735388303072e-03
3.56785727812860328e-03 8.19494645610676330e-03
3.80405050889925933e-03 -4.41355657554395875e-03
7.21584475864587172e-03 1.14367741286559403e-02
6.33897326402383960e-03 4.96048024962703841e-03
-1.06347873704992091e-02 1.38704208397028034e-02
4.50499281367712587e-03 -5.77950406026015752e-03
-6.32105153131136757e-03 -3.10383784348232765e-05
-4.71919298429145703e-03 -7.90260023313196433e-03
3.13844715728961692e-04 8.12699042733066451e-03
-5.50774745760702292e-03 2.21294521331002981e-03
-2.00056416781726261e-04 -1.70489067733659086e-02
9.99623568610337292e-03 6.73943411225726065e-03
-1.72823905309002620e-03 5.50428827333993703e-03
-4.84623647915491222e-03 -1.84091240269957128e-03
5.89602887057657284e-03 1.36301006910721453e-03
7.36714959478502584e-03 6.91574381932750018e-03
-2.30935482787271483e-03 2.69284074150978993e-03
9.07988757454129651e-03 1.22894860918560013e-04
5.99576053034691844e-03 1.41505891848162386e-02
-9.90901223522898042e-03 1.43862299157889069e-02
5.86159395383861336e-04 -1.82751077812037051e-03
4.63001276137940329e-03 -2.72955249226807927e-03
-3.92790026837180426e-05 3.20095574004773111e-03
2.65367772351592394e-03 3.78406352671157740e-03
9.93934181065655314e-03 6.23444977544098094e-03
1.04967608096220074e-02 1.11020552010602028e-02
5.84438675013651912e-04 4.63901232784691333e-05
8.89910919338464390e-03 1.17576100522717684e-02
3.88448539203206916e-03 -3.31929666991526671e-03
4.85492132495788688e-03 -2.64275283402634967e-03
-7.58809871775647377e-04 7.91933465534158491e-03
4.34341425284097936e-03 -4.80980631798447373e-04
3.03361978847339550e-03 -3.77066182161705631e-03
4.64290715570938890e-03 2.54331363075562021e-03
8.52371661281362686e-03 -6.62335909032323901e-03
5.46429113748988973e-03 6.71839313048140218e-03
1.78518148536230162e-03 5.92248856787962272e-03
1.19262386038978597e-03 5.75399994169823251e-03
2.78856374005065008e-03 -3.75649490660031867e-03
4.10847972165976055e-03 1.65873588142462794e-04
4.10949498637281502e-03 4.34159137484598997e-04
5.55502607727084707e-03 -9.31619395011442676e-04
-1.50288176384172264e-04 7.66797745845384984e-03
2.62713831880437721e-03 -2.68483491432171294e-04
7.23059331189608492e-03 -1.26964794749427580e-03
3.70139473858015124e-03 2.05147649678415938e-03
2.14024582182410729e-03 -7.74157774712539272e-04
-3.23143201448947452e-03 -8.77080469293961681e-04
6.29013539582961873e-03 1.50555432314228874e-04
2.99360004874135731e-06 2.97018879245839178e-03
4.72226065984338202e-03 -6.94002137663590930e-03
-2.52861269671034086e-03 5.69631504441051473e-03
-3.71276604735255086e-03 -2.63988411823428944e-03
1.23239909251846944e-02 4.77307863638710885e-03
-4.80943776777988802e-03 -1.39149551229556228e-03
5.04274483851474033e-03 8.57153208553363723e-03
4.56028958396163982e-03 -1.37660604650356971e-03
-1.58335842293541259e-03 3.82755943931357197e-03
1.27367808797195262e-04 2.15176635924180107e-03
5.33056973939660065e-03 7.71094527926936054e-04
2.20457976924254891e-03 -2.28839455084889473e-03
-1.52510859237023967e-04 -5.28936487272624756e-03
1.99148432674973097e-03 1.44916309900757065e-03
1.05608326855412119e-03 2.01615956806300376e-03
-3.92311433589509050e-03 -3.10177708264218433e-03
2.78390764928394298e-03 -7.07510453831415760e-04
4.50448446223097616e-03 9.59368141570457467e-03
3.67254367559159125e-03 3.09070448528660354e-03
1.12311219613685023e-02 2.60823783757834502e-03
1.46180556855236691e-03 -4.04759140886474210e-03
-5.49435486601687270e-03 3.94226474243450950e-04
1.70961524593967232e-03 1.21984780486164676e-03
-1.39603157391846662e-03 -4.70120063603541303e-04
-7.64338660401749342e-03 6.85547926040867904e-04
1.41476687772468875e-03 -2.45842939051562574e-03
-4.79621731387467991e-03 -3.18128695967546428e-03
-9.12865139125317504e-04 -4.93659414534201803e-04
3.76556865262218151e-03 5.72134342139141530e-04
2.85360903502646741e-03 -4.32309482321223144e-03
7.67833582498843575e-03 6.66707490826951455e-03
-9.75253944792422306e-03 -2.47041425717146532e-03
-2.60189088654069539e-03 -6.90455260763885286e-04
9.32600127262562585e-05 1.10908398328735634e-03
-6.05796245806585181e-03 -3.88146099241394420e-03
1.13051176658448185e-02 -4.05514277035777992e-04
7.36637082036604735e-03 4.43348521489767174e-03
9.61149755549161287e-03 4.58155508053083044e-03
3.01887087202751432e-03 1.35449297997436869e-02
6.36839591337685570e-03 1.59816311976450413e-04
4.06709406006431663e-03 5.52171560891977220e-03
5.24495245782491924e-03 1.73314514096535501e-03
3.02314688283447902e-04 4.94292018658314125e-03
5.28725568454732901e-04 -8.11548542889635200e-04
2.08876942515907708e-03 1.23132146815413033e-03
8.39667620262969823e-03 1.68639302372880322e-03
3.87845257374895948e-03 2.32556519822331225e-03
5.88280987101232663e-03 1.07284876531301169e-03
4.86857641913476021e-03 9.71381275254377084e-03
5.29859849066193628e-03 3.71346166283764798e-03
1.20878608626417607e-02 1.45177043757900495e-03
7.64279586449502241e-03 -6.70874018527765903e-03
7.49715953789862385e-03 2.71625291976399863e-03
4.43587550179535151e-03 -6.88808164938949346e-03
3.01417076135625760e-03 8.96563855940412865e-03
8.88628911210477719e-03 5.86164126006814487e-03
1.55232024556347758e-03 -2.67460690995076388e-04
9.59910943300544030e-03 -2.64531532600587580e-04
7.21303028527243810e-03 6.55391782476426061e-04
1.70058337737292943e-03 6.45351210353412117e-03
2.17506170222454137e-03 -2.95946441268675692e-03
2.93231801031250102e-03 1.78897867834534917e-03
4.11010049683165762e-03 6.87087746701592426e-03
1.04191889339496843e-02 -5.55338900830204714e-03
4.13509851354551365e-03 -3.07609598769565187e-03
5.12420672904151560e-03 2.63057631300295594e-03
5.77234778272180896e-03 4.26919600561061468e-03
1.77757904226149687e-03 9.93097338677213608e-03
7.09934458548076418e-03 4.19783800872832857e-04
3.42694470913224416e-03 2.72997251851208851e-03
3.25471968805886433e-03 6.36081509321820456e-03
1.27872730434814355e-02 4.66305080671347832e-03
1.59793729047929926e-03 7.75814221661214336e-04
-5.69988272745156218e-04 -7.11888782130176419e-04
2.04605258774846798e-03 4.90515845621205399e-03
9.30019985789776703e-03 1.45898621710730449e-02
1.48387209047963790e-03 1.36884315875432892e-03
5.04447084678051605e-03 -6.62054497513458236e-03
1.30856728230552243e-02 2.24754180493329367e-03
8.93216873951697618e-03 1.01233618365452298e-02
7.77024611726425275e-03 5.15844438633195328e-03
1.35774332493099354e-02 7.97769616346398480e-03
5.54357642387351759e-03 1.58446815884518526e-02
-5.68651604310111899e-03 3.63614982753423946e-03
-2.84115688772526359e-03 -5.97880328608710624e-04
-1.67725443042830973e-03 -2.65864180823889486e-04
2.76477350924384229e-03 -2.71940807323955546e-03
7.99577869402464878e-03 7.77241498394871423e-03
-5.67850776226907789e-03 2.97877265711745743e-03
3.92373032582388898e-03 -4.04417921361288797e-03
4.66684441498216914e-03 6.79585480827769525e-03
7.50846427184092299e-05 4.85358058122490298e-03
2.08060481443521263e-03 -7.00755422718325901e-04
2.46213263351692524e-03 -8.11697392254063718e-03
4.36919439756754211e-03 -1.72367903664633602e-03
6.59815472926874452e-03 1.00563309063213500e-02
5.25574635934257170e-03 6.03795120150436414e-03
-7.96101605164202509e-04 5.54581738248842958e-03
-8.05218284457256592e-04 9.47765847763116023e-03
-6.80331525519740476e-03 2.53867108721703193e-03
-1.75307262719556637e-03 1.53838908978037132e-03
3.68663082128298496e-03 2.33819466665962728e-03
-9.15597143273417743e-04 1.00388879643007883e-02
9.82187531240007010e-03 8.55802123920172512e-03
3.02609521882073228e-03 -3.77550445638008764e-03
4.92754679797104741e-03 -4.20763259201001154e-03
1.49874862383353002e-03 -2.56829309674400314e-03
4.00969371831900231e-03 -7.17876635732115579e-03
-1.27540635559854495e-03 4.06424606781394509e-03
6.87024515424793526e-03 1.14148012792505450e-03
7.53028207603398392e-03 3.38498395310497151e-03
5.30856098518172042e-03 2.31138701534890989e-03
6.71804357102390257e-03 1.61443838464408736e-03
1.10846980115613634e-02 -6.34847651197661261e-03
8.22623464203497100e-03 4.06595197757119407e-03
-2.08118291978534944e-03 5.30772091409003645e-03
4.88006191375545053e-04 1.64947927255285954e-03
7.42612252436432828e-03 -1.61566587500362822e-03
8.86110048015145875e-03 7.44418890934966070e-03
8.34512027786589450e-03 1.76686866812507631e-03
1.16371507353806598e-02 -5.11472863535778377e-04
-7.01011729829732538e-05 1.17442273385355133e-03
8.66071547755813478e-03 -3.88296687032317796e-03
1.38777122999531348e-03 6.46357442702707487e-03
2.30950663299774170e-03 -2.91713518865624639e-03
-1.27706086933475338e-04 -1.62057438532102753e-03
1.56919584048271121e-03 -5.68915293552648815e-03
-4.47658274470830425e-04 -1.33240206027668523e-03
-1.38699056392251161e-03 1.78071661464666549e-03
6.06883632841469407e-03 5.21015167215719416e-03
1.23303224127484213e-03 -1.07016047829946721e-03
9.65341935563602573e-03 -1.18188652978866156e-03
4.83773294980039282e-03 -5.23605367062029287e-03
5.63342086038351019e-04 -4.77679233517750920e-03
6.23799930576777930e-03 6.55290859595922433e-04
5.79707596745236524e-03 -4.29858961693149050e-03
2.80296748336939915e-03 3.15738548197931710e-03
5.05668082978964588e-03 2.51910309886135050e-03
2.04524033297636201e-03 -7.71591392633000296e-04
1.44981218230081808e-03 -1.10951645420299537e-03
1.89071621045231310e-03 -3.96963317019180615e-03
-7.72457941216162999e-04 2.36201292843735361e-03
2.67542892294232336e-03 4.10108749810932961e-03
9.56127749970207136e-03 -3.05361468097850412e-03
3.33571894580159470e-03 2.53863863590959729e-03
-2.69415814864042450e-03 2.47205219775820117e-04
5.33670097806615822e-03 6.81075438008943196e-04
2.07658882829170029e-03 -2.73547830815112089e-04
2.20028356345029243e-03 5.65518683968263525e-04
2.70089363692601649e-03 3.26927770867078363e-03
2.53538024121045596e-03 -9.82392363979946344e-03
5.60677984088410290e-03 4.17351892875070501e-03
7.98417713173429390e-03 6.49257568727002864e-03
-2.90383961683279585e-03 -3.05392850915828804e-03
1.27461003747868554e-03 1.87785416054499590e-03
-6.89713918180079582e-03 3.05638127053582545e-03
-1.71968550179671105e-03 -6.58211435135929064e-03
2.60580515045991633e-03 9.65663368239158028e-03
5.61601886427174658e-03 6.64311914952149356e-03
5.95342909461509364e-04 -1.21952848304674767e-02
1.53694281606404633e-03 5.72881652843138401e-04
-3.10652829460643549e-03 1.02689255819098085e-02
9.38538725912954098e-03 -3.77735847372074446e-04
-5.46831284961872251e-04 4.33264776996958659e-03
8.85876775795174263e-04 6.66034454374029965e-03
5.36374876648516245e-03 1.22865280647900966e-03
-4.04645810319534654e-03 -1.32611379597717726e-03
-1.69998829100992616e-03 6.41862886693722991e-04
4.38967081556142956e-05 1.31452077296239722e-03
-4.22766964580200202e-03 -7.48768940911096696e-03
1.25040340294887650e-03 -5.14781434084036083e-03
8.80996157276377895e-03 -2.24972221811583356e-03
8.26076441891360549e-03 3.48414198032643164e-03
9.09569862265452618e-03 1.35422318142684457e-03
-3.21387142195582746e-04 6.02564657403126605e-03
4.28336370720467340e-03 8.11105346401872472e-04
7.11681082376894921e-03 4.39845047372362016e-03
-4.45782837966598490e-03 3.63150575934897144e-03
1.41171729191937947e-02 -2.23996388616504736e-03
9.74219075379198322e-03 5.03092486292203937e-03
1.41469964285340297e-02 -3.67747008446424502e-03
3.53800137964027216e-03 3.96241975090080856e-03
6.20476576696429947e-03 -1.90805419299134422e-03
7.23550914303894548e-03 3.71340165542028821e-03
-4.32887803006060373e-03 1.16943968280041493e-03
3.14406499221994012e-03 -2.87258134360481162e-03
1.22522640797282905e-02 6.05023799501913824e-03
6.43695784233270021e-03 1.09113688233111166e-02
2.97507398975182082e-03 -5.73895693632898302e-03
6.51637551844687270e-03 -1.79099088432198750e-03
-1.50410535193983355e-03 -5.17729321722682802e-03
9.61654738065853901e-03 1.00820629304932911e-02
1.08665469906693655e-03 -1.79564719429186736e-03
8.07335818327067564e-03 4.67741053243503119e-04
3.62476496490698975e-03 1.90965566827093446e-02
-3.55670004728349514e-03 7.33071035551874362e-03
4.41586683485098788e-03 2.02689356945625915e-03
-1.29942944014216095e-03 2.74556729209453256e-04
-1.79542498620073577e-03 2.28955356558686136e-03
6.13646855420543584e-03 -3.63005672500249683e-03
-1.84021437189874288e-03 -2.20706249907605791e-03
-7.90449621139422721e-03 1.21647998473606864e-03
1.22550791734228823e-02 -4.02628253684254899e-04
4.23878949035847667e-03 7.38140141302251300e-03
1.88731935799790903e-03 5.33616706262902713e-03
8.80806786139626437e-03 -2.89623594945678927e-03
1.23035804931807199e-02 -3.75398262595978520e-03
4.39905943739427562e-03 7.95362471843840541e-03
-1.54087808958538693e-03 -3.59579989480472272e-03
1.07578286795960414e-02 -1.57892694354573766e-03
6.89104003330141476e-03 1.40858329285391409e-02
-1.30775416335203584e-03 1.34895340161193898e-02
-4.66452210497774085e-03 1.18695348227761490e-03
-4.28899415215131755e-03 1.75662502260605239e-03
8.11597947378721860e-04 -3.05652138569393120e-03
2.10086969210614800e-03 -4.04708218024283457e-04
-2.49829312023391653e-03 -2.23520312943589555e-04
-3.69312370749000016e-03 -6.00143478550022643e-03
2.03483503467376085e-03 8.76418577708605769e-03
1.56355475591880930e-03 6.69113813975451190e-03
2.40842799362626925e-03 2.21441491923762487e-03
2.53605194791212650e-03 -6.24251253878893575e-03
9.43542171436066203e-03 6.67899444563667139e-03
-4.50740261419001892e-03 7.04801417917724771e-03
3.56821766049719930e-03 1.36235829780286948e-04
7.01309835944361522e-03 1.76080820930522115e-03
-4.95261173395760562e-03 1.07407747887205991e-02
-6.20746295960526110e-03 9.13737056770392957e-03
-1.29754776161901246e-03 1.94985598642672927e-03
2.47207279239042375e-03 6.39337365757753750e-03
3.17189483482322159e-03 -1.35702530678160943e-03
3.03576332190177078e-03 -5.22696928671353717e-03
6.50184489923562228e-03 1.33006589203100403e-03
7.01183158683183969e-03 -7.65489944205660199e-03
2.49935691772735754e-03 5.09474435234453810e-03
4.79556800526434717e-03 -1.73653999919882692e-05
-2.60883239950006731e-03 1.63280581206307453e-03
2.35541260733678186e-03 -3.75253176337632215e-03
5.99208410566150467e-04 -1.58064354148557996e-03
9.08721071625631649e-03 -5.19011685862166231e-03
9.05003026062690778e-03 5.17686013539141220e-04
1.04821127617469294e-02 6.43279854707201528e-03
4.56457967495789690e-03 -2.28657515467518314e-03
-1.15617268537030371e-03 -2.92843394322800940e-03
7.25010888856231044e-03 1.26454111235731323e-03
4.56078488127655609e-03 1.44147949215241351e-03
3.25378278100931602e-03 2.24750255119471679e-03
6.60024748669107032e-03 4.37016704172288502e-03
3.09019122917339245e-03 4.49293452543147315e-03
1.10451773978778502e-02 -3.97925788933673266e-03
3.67603370538854227e-03 1.77653203632105396e-03
4.17331923436206533e-03 3.36450275967188454e-03
3.02222057512465184e-03 -5.12395279724880710e-03
4.78915252376535202e-04 4.43246160066517944e-03
1.16314873172020214e-03 3.86617984404220209e-04
-2.52292250452840726e-03 -1.00096870120629181e-02
6.51044371845205857e-03 -1.97330344419783610e-03
-1.16606588787747920e-03 1.15486728685836710e-03
9.76083430053402944e-03 6.75197966784679433e-03
1.08490121367906169e-02 3.70419793945390551e-03
-6.51373040958139280e-03 -3.31733171454024183e-03
4.08261746686436160e-03 6.47542957423887736e-03
4.80770979585084385e-03 2.11098103180917384e-03
7.65083934095050783e-03 -3.18761285655388624e-03
5.62207679632486731e-03 1.76054616965185895e-03
3.12907908669064544e-03 3.72297232945630659e-03
3.24014542383052476e-03 3.32741808682673586e-03
1.05437790504418327e-02 7.56541985746699334e-04
1.90914481350498515e-03 -4.96750547807542266e-03
1.10558568032766841e-02 -4.80175243797179626e-03
1.22496448751140737e-02 -8.99199137420465984e-03
1.37857849912685088e-02 5.91972777215180046e-03
8.02503268103808495e-03 6.01648658239563056e-03
1.28313414337059648e-02 1.33745778131309887e-03
6.62120468796754784e-03 1.31409150813476157e-02
-3.25266191607576170e-03 1.47026056179853891e-02
7.16380918893158927e-03 -1.77772690391389543e-03
-1.17583792214190179e-03 4.99575397475445025e-03
2.69736062679941423e-03 -2.02375696974173118e-03
-3.33374019747384497e-03 -7.73578216159465527e-03
-2.40124977179813999e-03 -2.36174952727232932e-03
-7.37982572800315647e-03 3.14375927490034802e-03
2.49902195341181665e-03 -3.10381365705648092e-04
1.73223575427363459e-03 3.14122826728672425e-03
4.22247922049023752e-03 -5.65217094977064211e-04
-2.02653712588661203e-03 2.54815787496747532e-03
1.63389928374008055e-03 -4.82395604465557168e-03
3.68564028148806681e-03 -8.47051815281820233e-03
-4.60788930129467757e-04 2.05495211264438522e-03
-3.67653777516492022e-03 -6.36710683361617520e-03
-6.55120066347450458e-04 7.40775974597389819e-04
-2.16283873576070723e-04 8.13478686927708236e-03
1.95341553261133179e-03 -3.41743685382712731e-03
3.99815294389725597e-03 -1.36317426740957082e-03
2.02036072470350827e-03 -5.49015053911761780e-03
2.83872868402963155e-03 4.28147455096806410e-03
-1.60389905425258245e-03 5.02253811188319629e-03
5.69729330417089418e-03 7.16003224338579349e-03
-6.64312520160152426e-03 5.66331716694463971e-03
-1.31585921744700545e-03 -2.23759946300579240e-03
6.81566171313756700e-03 -9.44759686841148611e-04
1.00078541030152162e-02 1.41312739756627604e-03
1.94989996038997387e-04 3.67670447050479543e-04
-4.98359319422332202e-04 1.10141003703889055e-03
9.41956175998007812e-04 3.61741130145649742e-03
5.49487470345462296e-03 1.10367891290925370e-03
6.10601427015256947e-03 -3.87361704040414733e-05
1.16233537356656095e-02 5.38623874997871087e-03
2.79229994211346259e-03 1.26215917286696196e-03
1.19201940029713231e-02 2.12195092390906996e-03
7.61849794904103945e-03 -8.91665295502663688e-05
9.04291501108169492e-03 -3.59855240473849237e-03
3.89483541122085221e-03 2.55841601106076557e-03
7.10444693530954720e-03 8.16740270592011624e-04
6.93072224225825886e-03 6.05665033401900019e-03
2.84815858667548461e-03 9.36770016959959616e-03
8.16111958893814510e-04 -7.59515253614477612e-04
3.22846951369346914e-03 -7.79849846738807275e-03
-2.99609814805050154e-03 -1.21273491981106953e-02
1.24182352127702508e-02 5.74672029115181303e-03
1.36121493509475545e-02 8.58319526156452010e-03
8.39474762991956197e-03 1.12099391847779381e-02
4.22239872962448543e-03 5.19897653441787812e-03
-9.48333084716271660e-03 1.59770559713711263e-02
3.09865930916336247e-04 -2.14471954556565755e-03
5.07702971314674808e-04 -8.05637763064760790e-04
4.80447001693150820e-03 1.04347701636648121e-03
1.11468778742570360e-02 2.95255205210163442e-03
-2.03914643231859665e-03 -7.11433561426528475e-03
8.86234975788916836e-03 -5.45226638444888645e-04
-2.59989899456220929e-03 4.45362774724029561e-03
3.35009490362062155e-03 1.61173413162110993e-02
1.06178592974510069e-02 -1.19805803321044579e-03
1.17547522787150444e-02 6.57600130809972948e-03
1.30313253040462082e-02 7.33883488009490041e-03
-3.52143751262438357e-03 6.30796425552078606e-03
5.47004529592839527e-03 1.84852652975496211e-02
-2.15555203288039007e-03 1.44438976913567624e-02
-1.16534646634191218e-03 1.57135889000954085e-02
-3.80236724035091372e-03 9.48542653266440557e-03
-4.51843587169290515e-04 4.11549981844007721e-04
-2.34877637208058803e-03 -6.92453377609094940e-03
-2.25950048771790101e-03 -3.07752754264423731e-03
7.55940768753606170e-03 2.22477741496637724e-02
1.36764571180405929e-03 3.50439877585187118e-03
1.16443553924442562e-02 6.82328347232609086e-03
8.73973526618557726e-03 2.18042769677939917e-02
-7.96475654907240378e-03 -3.27772297621773106e-03
7.76200795344138793e-03 -3.21610107788148671e-03
1.03550704341341480e-02 5.58128173161396256e-03
1.10613021818748679e-02 7.40203347432335981e-03
-8.06365028744398041e-03 1.26118813335274887e-02
3.46762808932718145e-03 7.72997224332416712e-03
-4.86959139392493471e-03 -8.92063662868209419e-05
-2.54399891226035147e-03 9.66621604555374485e-03
-3.04221469321615473e-03 1.08489068468788120e-02
6.46363622415193576e-03 4.18723580104032184e-03
2.25248011997479991e-03 2.84625992186936802e-03
3.93390669569691873e-04 -5.69620476849137195e-03
4.45320103143535730e-03 3.54901998012002381e-03
1.21896240447242699e-03 -2.37615449600219776e-03
-1.71518999555361415e-03 -5.79858495838380446e-03
-3.96231508499594789e-03 3.11576043843578071e-03
2.58520828219058500e-03 5.28717751942254718e-04
-2.91941467716819560e-03 3.92985521938981740e-03
1.69875073133055510e-03 -5.36596687257148534e-03
-1.26316173053831501e-03 -2.94717614886242122e-03
2.33931263302271635e-03 1.82523285798746773e-03
1.55665852095677776e-03 2.97817333291505943e-03
3.42046001296693477e-05 4.98708709988504584e-03
8.25094469280970681e-03 -3.22132213394522079e-03
2.34098476914261543e-03 1.96199391451930445e-03
3.15204761549015347e-03 -3.94433160074972918e-03
-1.15849867528611153e-03 -1.54101272045993067e-03
-7.61692621126637765e-04 -4.45573328327645950e-03
3.86124945577786833e-03 -2.17255849476379829e-03
3.20099653981029044e-03 -7.84521753229461028e-05
4.57987118774602197e-03 1.29885235402271530e-03
1.38179318958930571e-03 -4.60296193844737713e-03
2.23670389784375642e-03 2.98796808165930185e-03
-3.77748146880929137e-03 -4.39077931209020441e-03
2.36443142697051250e-03 -7.54734024231406599e-03
2.86182938761779049e-03 1.52237916354816462e-04
8.82664118820120948e-03 4.64253534062978538e-03
5.02987400684288318e-03 -2.48459419837796089e-03
3.91386613699886993e-03 4.37950011704899955e-03
8.50079218824507585e-03 4.59286375629735458e-03
-3.22954615649599479e-03 3.96349975655305598e-03
3.59917027110258358e-03 -1.70803795423214109e-04
1.68490764445309422e-03 2.58833627198213484e-04
-1.61809382608148439e-03 5.41396993857752671e-03
-8.67295612848854348e-03 -5.58494794034714546e-03
4.89960162578096173e-03 2.07175236525516948e-03
-3.70316935217411937e-03 5.80697282504735474e-03
-3.40932504807583405e-03 -2.97091782654969067e-03
1.03007622460762928e-02 -4.55532242175845650e-04
-7.55168353007529130e-06 1.99426187202035501e-03
2.12675379984404375e-03 -2.82472813649762720e-04
8.39304708955589639e-03 -5.16930774723718504e-03
5.54608429320144723e-03 8.55594907589112864e-03
3.17344496981329313e-03 -5.19027174209627570e-03
4.29689857369361470e-03 8.57773785701190078e-05
5.07787798090458733e-03 1.44074411705192207e-03
2.44233571740307609e-03 2.33030966949447377e-03
-3.66235798085060493e-03 -2.41626069651253161e-03
-1.42334042344355381e-03 3.87403250298420671e-03
-8.47103677018935688e-04 3.46893894622393641e-03
9.46574957254935241e-03 -2.94554383301019697e-03
-3.96539288280504780e-04 1.80405791367704935e-03
-8.04242718749541979e-03 1.23145546667733849e-03
9.09935413062666447e-03 -2.56561656910984188e-03
-8.83789334368166894e-04 6.95519710544693654e-03
9.25674328964978983e-04 5.16791309248518932e-03
-6.60658805015737483e-03 -4.58011008670084190e-03
9.82851221204483760e-03 -2.23381245079893979e-03
1.41925614116711809e-02 1.75389269340447129e-02
-9.99302167673971368e-04 6.60532757422935702e-03
9.56557469346537570e-03 -3.39736703728139378e-03
-2.98403440453926449e-03 9.08786326407112245e-03
-2.86390898033823732e-03 -5.30408547085862905e-03
1.62867721997031175e-03 -6.15717671436981882e-03
4.87195864266231488e-03 -8.64352390810048691e-04
1.18372911464188099e-04 -6.70959366388380082e-04
-4.22261317894760072e-03 -5.40519200218261830e-04
4.77836346572592765e-04 -1.57763853328802195e-03
1.06696528084987245e-03 2.74357013107487261e-03
-9.47200444790489635e-03 -1.38371417846524310e-03
-5.00432505890586457e-04 -4.92193600492048331e-03
1.47441225978648798e-04 -3.52304762473528831e-03
-1.73326989786930219e-04 2.93706568580029631e-03
-1.84497609522434611e-03 3.64108824467854154e-03
2.23998358458409996e-03 8.20657382280294578e-04
-1.90216878952042265e-03 2.49686380717601374e-03
5.32495628890278586e-03 -8.76536238527082768e-04
1.59884663836622806e-03 -7.11617687961795821e-04
8.04249816034357731e-03 1.51259555938131670e-02
1.57630044798053232e-03 3.03427916513492957e-03
-1.96805064711112277e-03 -1.12839523952325046e-02
-2.30223479768105815e-03 2.70362535646328237e-03
4.96416212075876610e-03 6.81116579397832936e-03
-3.98667041149309252e-03 -4.11644050610930450e-03
-1.98051689361111521e-04 -3.67448141047591829e-03
5.25204213835005207e-03 4.89788276149478573e-03
1.00371745426705173e-02 1.34242488790362931e-02
1.18745715421448295e-04 -4.15982356426229660e-03
9.14798064014972837e-03 7.51027334877711356e-03
9.58384320067087389e-03 -7.82640835876339397e-03
-7.58565481500855028e-04 2.57168034333684703e-03
6.87515359223502247e-03 1.37189422010553647e-03
8.24120591816835790e-04 1.34161132594673416e-03
4.62447279316780240e-03 1.13001335581821225e-02
-1.07187706436129258e-02 1.06490612798653458e-02
1.64365971593701215e-03 -1.88423175363630342e-03
-8.28556410771433965e-03 6.06044901652072910e-03
-1.30444665654399269e-03 1.93564500584767385e-03
6.84770089186530900e-03 -8.18662132245098068e-03
3.32638832306370589e-04 2.67051208142882841e-03
-9.34124505691761187e-05 -4.18056188972844040e-03
1.20946142976543908e-02 1.72368784326006161e-03
6.72618405800377156e-03 2.79646986839725406e-03
-7.77373422842568182e-04 -1.21873163200249832e-03
8.20945247702786589e-03 2.19411918389858344e-03
-3.21291954689041691e-03 4.52926674834170891e-04
6.68442266043842246e-03 3.04994714889446437e-03
9.04099951261494277e-03 -5.46237632807829014e-04
4.52587567988774024e-03 9.13245474742586309e-04
3.73817966021365924e-03 1.51093408258259326e-02
-1.37157509636906243e-02 1.21728822832360504e-02
4.64253677529708007e-03 8.12272247384884100e-03
-1.27916555959302152e-03 -1.43970572943376545e-02
5.81481563458969338e-03 -8.99358680579787767e-03
1.03417510849996824e-02 1.32653708482635326e-02
-1.02548536439737797e-03 -3.85365621192871157e-03
3.84179248892181852e-03 -4.86092165627835179e-03
-1.13112445240823116e-03 7.27166914023598659e-03
5.11801936897858639e-06 2.82436098074451180e-03
4.36625566034909429e-03 -2.43899684535901599e-03
1.28725757992045955e-02 1.89664293873216157e-02
9.54304697514619417e-03 1.53862714692399750e-02
-1.69399802386724085e-02 -7.42582777476414810e-03
1.03566334316372403e-03 3.25677180445784571e-03
-2.20710863855442391e-03 5.90486943151951032e-03
-3.03664335244149125e-03 4.17154368622617028e-03
-1.75702289048794390e-02 2.27448393773388470e-02
-1.75702289048794008e-02 2.27448393773389303e-02
-3.03664335244147000e-03 4.17154368622616595e-03
-2.20710863855442477e-03 5.90486943151954588e-03
1.03566334316372100e-03 3.25677180445784354e-03
-1.69399802386724467e-02 -7.42582777476414029e-03
9.54304697514619764e-03 1.53862714692399611e-02
1.28725757992046216e-02 1.89664293873215914e-02
4.36625566034910643e-03 -2.43899684535901469e-03
5.11801936898270636e-06 2.82436098074449879e-03
-1.13112445240822488e-03 7.27166914023597098e-03
3.84179248892179423e-03 -4.86092165627833445e-03
-1.02548536439737536e-03 -3.85365621192871981e-03
1.03417510849996893e-02 1.32653708482635309e-02
5.81481563458969425e-03 -8.99358680579786553e-03
-1.27916555959301350e-03 -1.43970572943376302e-02
4.64253677529708527e-03 8.12272247384884447e-03
-1.37157509636905931e-02 1.21728822832360938e-02
3.73817966021367529e-03 1.51093408258259447e-02
4.52587567988772463e-03 9.13245474742573515e-04
9.04099951261496358e-03 -5.46237632807835302e-04
6.68442266043841292e-03 3.04994714889446567e-03
-3.21291954689042212e-03 4.52926674834169157e-04
8.20945247702786762e-03 2.19411918389858952e-03
-7.77373422842563954e-04 -1.21873163200250569e-03
6.72618405800376375e-03 2.79646986839725145e-03
1.20946142976544012e-02 1.72368784326006400e-03
-9.34124505691654936e-05 -4.18056188972844647e-03
3.32638832306360723e-04 2.67051208142882060e-03
6.84770089186531941e-03 -8.18662132245096853e-03
-1.30444665654398531e-03 1.93564500584767450e-03
-8.28556410771432751e-03 6.06044901652071609e-03
1.64365971593700196e-03 -1.88423175363630190e-03
-1.07187706436129102e-02 1.06490612798653631e-02
4.62447279316781455e-03 1.13001335581821190e-02
8.24120591816828959e-04 1.34161132594672224e-03
6.87515359223501987e-03 1.37189422010551977e-03
-7.58565481500875194e-04 2.57168034333684140e-03
9.58384320067088083e-03 -7.82640835876338703e-03
9.14798064014973010e-03 7.51027334877712050e-03
1.18745715421447645e-04 -4.15982356426228966e-03
1.00371745426705104e-02 1.34242488790363036e-02
5.25204213835006768e-03 4.89788276149479094e-03
-1.98051689361134289e-04 -3.67448141047591699e-03
-3.98667041149307864e-03 -4.11644050610931490e-03
4.96416212075877390e-03 6.81116579397833110e-03
-2.30223479768106249e-03 2.70362535646327456e-03
-1.96805064711112277e-03 -1.12839523952325115e-02
1.57630044798054273e-03 3.03427916513494909e-03
8.04249816034360680e-03 1.51259555938131791e-02
1.59884663836622589e-03 -7.11617687961791051e-04
5.32495628890281101e-03 -8.76536238527068348e-04
-1.90216878952041723e-03 2.49686380717600333e-03
2.23998358458411470e-03 8.20657382280279399e-04
-1.84497609522434373e-03 3.64108824467854848e-03
-1.73326989786934339e-04 2.93706568580030195e-03
1.47441225978647605e-04 -3.52304762473529222e-03
-5.00432505890573663e-04 -4.92193600492046510e-03
-9.47200444790487900e-03 -1.38371417846523789e-03
1.06696528084984296e-03 2.74357013107487304e-03
4.77836346572601655e-04 -1.57763853328803734e-03
-4.22261317894759205e-03 -5.40519200218273974e-04
1.18372911464200106e-04 -6.70959366388377914e-04
4.87195864266231574e-03 -8.64352390810062352e-04
1.62867721997029765e-03 -6.15717671436981275e-03
-2.86390898033826507e-03 -5.30408547085863945e-03
-2.98403440453926536e-03 9.08786326407112072e-03
9.56557469346537917e-03 -3.39736703728139898e-03
-9.99302167673962695e-04 6.60532757422935615e-03
1.41925614116712069e-02 1.75389269340446990e-02
9.82851221204485322e-03 -2.23381245079892895e-03
-6.60658805015736008e-03 -4.58011008670084450e-03
9.25674328964990909e-04 5.16791309248519626e-03
-8.83789334368143692e-04 6.95519710544694175e-03
9.09935413062667661e-03 -2.56561656910984145e-03
-8.04242718749539551e-03 1.23145546667732309e-03
-3.96539288280503967e-04 1.80405791367705217e-03
9.46574957254936108e-03 -2.94554383301017658e-03
-8.47103677018916390e-04 3.46893894622392601e-03
-1.42334042344356552e-03 3.87403250298418633e-03
-3.66235798085059712e-03 -2.41626069651252034e-03
2.44233571740307348e-03 2.33030966949447247e-03
5.07787798090458993e-03 1.44074411705191166e-03
4.29689857369363031e-03 8.57773785701158636e-05
3.17344496981331221e-03 -5.19027174209630085e-03
5.54608429320146198e-03 8.55594907589114599e-03
8.39304708955589292e-03 -5.16930774723717117e-03
2.12675379984405459e-03 -2.82472813649756757e-04
-7.55168353006577742e-06 1.99426187202033983e-03
1.03007622460762997e-02 -4.55532242175845758e-04
-3.40932504807582148e-03 -2.97091782654969284e-03
-3.70316935217412067e-03 5.80697282504737382e-03
4.89960162578097040e-03 2.07175236525517729e-03
-8.67295612848854522e-03 -5.58494794034715848e-03
-1.61809382608146617e-03 5.41396993857753018e-03
1.68490764445308880e-03 2.58833627198218471e-04
3.59917027110259616e-03 -1.70803795423224843e-04
-3.22954615649600693e-03 3.96349975655303430e-03
8.50079218824506544e-03 4.59286375629734331e-03
3.91386613699886646e-03 4.37950011704899694e-03
5.02987400684287104e-03 -2.48459419837796002e-03
8.82664118820122683e-03 4.64253534062980359e-03
2.86182938761779049e-03 1.52237916354806488e-04
2.36443142697051597e-03 -7.54734024231406338e-03
-3.77748146880929484e-03 -4.39077931209021222e-03
2.23670389784374991e-03 2.98796808165930489e-03
1.38179318958931048e-03 -4.60296193844737106e-03
4.57987118774600202e-03 1.29885235402271660e-03
3.20099653981028394e-03 -7.84521753229556438e-05
3.86124945577787961e-03 -2.17255849476379655e-03
-7.61692621126651100e-04 -4.45573328327645343e-03
-1.15849867528609505e-03 -1.54101272045994563e-03
3.15204761549015087e-03 -3.94433160074973265e-03
2.34098476914261716e-03 1.96199391451930315e-03
8.25094469280971028e-03 -3.22132213394520214e-03
3.42046001296721666e-05 4.98708709988505104e-03
1.55665852095678210e-03 2.97817333291505205e-03
2.33931263302271722e-03 1.82523285798747163e-03
-1.26316173053831024e-03 -2.94717614886241428e-03
1.69875073133055944e-03 -5.36596687257150529e-03
-2.91941467716818172e-03 3.92985521938981654e-03
2.58520828219058283e-03 5.28717751942266970e-04
-3.96231508499593228e-03 3.11576043843578895e-03
-1.71518999555360613e-03 -5.79858495838379406e-03
1.21896240447242829e-03 -2.37615449600218822e-03
4.45320103143538072e-03 3.54901998012002555e-03
3.93390669569681573e-04 -5.69620476849139103e-03
2.25248011997478733e-03 2.84625992186935501e-03
6.46363622415193143e-03 4.18723580104032444e-03
-3.04221469321612091e-03 1.08489068468788624e-02
-2.54399891226030723e-03 9.66621604555375352e-03
-4.86959139392494685e-03 -8.92063662868240861e-05
3.46762808932720226e-03 7.72997224332414717e-03
-8.06365028744398041e-03 1.26118813335274697e-02
1.10613021818748644e-02 7.40203347432336154e-03
1.03550704341341497e-02 5.58128173161396429e-03
7.76200795344139313e-03 -3.21610107788148194e-03
-7.96475654907239858e-03 -3.27772297621773106e-03
8.73973526618562237e-03 2.18042769677940056e-02
1.16443553924442788e-02 6.82328347232608740e-03
1.36764571180407121e-03 3.50439877585190284e-03
7.55940768753606083e-03 2.22477741496637932e-02
-2.25950048771789190e-03 -3.07752754264423471e-03
-2.34877637208058066e-03 -6.92453377609095894e-03
-4.51843587169296153e-04 4.11549981844018672e-04
-3.80236724035090462e-03 9.48542653266440730e-03
-1.16534646634188920e-03 1.57135889000954015e-02
-2.15555203288038877e-03 1.44438976913567486e-02
5.47004529592841088e-03 1.84852652975496454e-02
-3.52143751262440309e-03 6.30796425552078086e-03
1.30313253040461909e-02 7.33883488009488914e-03
1.17547522787150374e-02 6.57600130809973208e-03
1.06178592974510311e-02 -1.19805803321042150e-03
3.35009490362064757e-03 1.61173413162111027e-02
-2.59989899456221710e-03 4.45362774724032250e-03
8.86234975788916836e-03 -5.45226638444865660e-04
-2.03914643231861269e-03 -7.11433561426529082e-03
1.11468778742570395e-02 2.95255205210164916e-03
4.80447001693150473e-03 1.04347701636647904e-03
5.07702971314692372e-04 -8.05637763064756779e-04
3.09865930916344108e-04 -2.14471954556567186e-03
-9.48333084716269578e-03 1.59770559713711541e-02
4.22239872962447155e-03 5.19897653441788680e-03
8.39474762991954983e-03 1.12099391847779312e-02
1.36121493509475510e-02 8.58319526156451663e-03
1.24182352127702646e-02 5.74672029115181129e-03
-2.99609814805051715e-03 -1.21273491981106780e-02
3.22846951369347001e-03 -7.79849846738806755e-03
8.16111958893811040e-04 -7.59515253614479889e-04
2.84815858667549415e-03 9.36770016959960310e-03
6.93072224225825626e-03 6.05665033401900713e-03
7.10444693530952551e-03 8.16740270591989940e-04
3.89483541122086002e-03 2.55841601106076514e-03
9.04291501108170880e-03 -3.59855240473850972e-03
7.61849794904104118e-03 -8.91665295502520574e-05
1.19201940029713231e-02 2.12195092390906302e-03
2.79229994211347733e-03 1.26215917286694266e-03
1.16233537356656234e-02 5.38623874997871087e-03
6.10601427015257121e-03 -3.87361704040349681e-05
5.49487470345463511e-03 1.10367891290925457e-03
9.41956175998017353e-04 3.61741130145649698e-03
-4.98359319422335997e-04 1.10141003703889033e-03
1.94989996038986816e-04 3.67670447050479922e-04
1.00078541030152197e-02 1.41312739756628883e-03
6.81566171313757047e-03 -9.44759686841150346e-04
-1.31585921744700914e-03 -2.23759946300578329e-03
-6.64312520160154074e-03 5.66331716694464232e-03
5.69729330417090112e-03 7.16003224338577961e-03
-1.60389905425258831e-03 5.02253811188319629e-03
2.83872868402963024e-03 4.28147455096806150e-03
2.02036072470351087e-03 -5.49015053911761520e-03
3.99815294389725684e-03 -1.36317426740957494e-03
1.95341553261133873e-03 -3.41743685382713209e-03
-2.16283873576061616e-04 8.13478686927708756e-03
-6.55120066347441568e-04 7.40775974597395891e-04
-3.67653777516492065e-03 -6.36710683361618648e-03
-4.60788930129467974e-04 2.05495211264439346e-03
3.68564028148805813e-03 -8.47051815281820927e-03
1.63389928374006797e-03 -4.82395604465557949e-03
-2.02653712588662374e-03 2.54815787496748660e-03
4.22247922049021843e-03 -5.65217094977052610e-04
1.73223575427365714e-03 3.14122826728672078e-03
2.49902195341180884e-03 -3.10381365705643430e-04
-7.37982572800316601e-03 3.14375927490031550e-03
-2.40124977179814562e-03 -2.36174952727232455e-03
-3.33374019747383326e-03 -7.73578216159464919e-03
2.69736062679940946e-03 -2.02375696974172901e-03
-1.17583792214191480e-03 4.99575397475444678e-03
7.16380918893157713e-03 -1.77772690391389369e-03
-3.25266191607575215e-03 1.47026056179853856e-02
6.62120468796754610e-03 1.31409150813476244e-02
1.28313414337059613e-02 1.33745778131307111e-03
8.02503268103810577e-03 6.01648658239565919e-03
1.37857849912685019e-02 5.91972777215179959e-03
1.22496448751141049e-02 -8.99199137420466331e-03
1.10558568032766893e-02 -4.80175243797179019e-03
1.90914481350501941e-03 -4.96750547807541399e-03
1.05437790504418344e-02 7.56541985746704321e-04
3.24014542383052996e-03 3.32741808682673629e-03
3.12907908669064110e-03 3.72297232945630486e-03
5.62207679632487859e-03 1.76054616965186893e-03
7.65083934095050523e-03 -3.18761285655387800e-03
4.80770979585085339e-03 2.11098103180919292e-03
4.08261746686437114e-03 6.47542957423886349e-03
-6.51373040958138499e-03 -3.31733171454023619e-03
1.08490121367906377e-02 3.70419793945389641e-03
9.76083430053404678e-03 6.75197966784680213e-03
-1.16606588787748376e-03 1.15486728685834758e-03
6.51044371845206638e-03 -1.97330344419785085e-03
-2.52292250452840943e-03 -1.00096870120629355e-02
1.16314873172020041e-03 3.86617984404230076e-04
4.78915252376514169e-04 4.43246160066519592e-03
3.02222057512465878e-03 -5.12395279724882705e-03
4.17331923436206273e-03 3.36450275967188281e-03
3.67603370538853273e-03 1.77653203632105656e-03
1.10451773978778364e-02 -3.97925788933671098e-03
3.09019122917339678e-03 4.49293452543147835e-03
6.60024748669107986e-03 4.37016704172287114e-03
3.25378278100933206e-03 2.24750255119470247e-03
4.56078488127656910e-03 1.44147949215241568e-03
7.25010888856232084e-03 1.26454111235734488e-03
-1.15617268537030935e-03 -2.92843394322801721e-03
4.56457967495791511e-03 -2.28657515467517534e-03
1.04821127617469173e-02 6.43279854707200834e-03
9.05003026062690258e-03 5.17686013539149026e-04
9.08721071625631822e-03 -5.19011685862167012e-03
5.99208410566162285e-04 -1.58064354148558820e-03
2.35541260733679271e-03 -3.75253176337632995e-03
-2.60883239950008379e-03 1.63280581206307496e-03
4.79556800526433243e-03 -1.73653999919936902e-05
2.49935691772734322e-03 5.09474435234454157e-03
7.01183158683184749e-03 -7.65489944205659332e-03
6.50184489923561187e-03 1.33006589203102138e-03
3.03576332190176644e-03 -5.22696928671353891e-03
3.17189483482322766e-03 -1.35702530678159902e-03
2.47207279239042201e-03 6.39337365757754184e-03
-1.29754776161900920e-03 1.94985598642673425e-03
-6.20746295960522120e-03 9.13737056770395038e-03
-4.95261173395760129e-03 1.07407747887205834e-02
7.01309835944362737e-03 1.76080820930521248e-03
3.56821766049721144e-03 1.36235829780293670e-04
-4.50740261419002586e-03 7.04801417917724510e-03
9.43542171436066029e-03 6.67899444563668961e-03
2.53605194791212563e-03 -6.24251253878893575e-03
2.40842799362626491e-03 2.21441491923762054e-03
1.56355475591884010e-03 6.69113813975449456e-03
2.03483503467377039e-03 8.76418577708605769e-03
-3.69312370748999625e-03 -6.00143478550021515e-03
-2.49829312023391653e-03 -2.23520312943578496e-04
2.10086969210613109e-03 -4.04708218024289908e-04
8.11597947378715138e-04 -3.05652138569390951e-03
-4.28899415215132623e-03 1.75662502260604089e-03
-4.66452210497774605e-03 1.18695348227762293e-03
-1.30775416335203107e-03 1.34895340161193967e-02
6.89104003330141390e-03 1.40858329285391357e-02
1.07578286795960414e-02 -1.57892694354574547e-03
-1.54087808958537696e-03 -3.59579989480474094e-03
4.39905943739427041e-03 7.95362471843839847e-03
1.23035804931807199e-02 -3.75398262595979127e-03
8.80806786139627304e-03 -2.89623594945680749e-03
1.88731935799791640e-03 5.33616706262900545e-03
4.23878949035847667e-03 7.38140141302250780e-03
1.22550791734228979e-02 -4.02628253684240588e-04
-7.90449621139423589e-03 1.21647998473607450e-03
-1.84021437189874309e-03 -2.20706249907605401e-03
6.13646855420543584e-03 -3.63005672500251028e-03
-1.79542498620072102e-03 2.28955356558685876e-03
-1.29942944014217743e-03 2.74556729209446534e-04
4.41586683485098181e-03 2.02689356945625525e-03
-3.55670004728349124e-03 7.33071035551874188e-03
3.62476496490701273e-03 1.90965566827093584e-02
8.07335818327067911e-03 4.67741053243477369e-04
1.08665469906692636e-03 -1.79564719429187647e-03
9.61654738065852860e-03 1.00820629304932859e-02
-1.50410535193982683e-03 -5.17729321722685317e-03
6.51637551844686403e-03 -1.79099088432198707e-03
2.97507398975182949e-03 -5.73895693632896307e-03
6.43695784233271149e-03 1.09113688233110854e-02
1.22522640797282992e-02 6.05023799501913477e-03
3.14406499221992798e-03 -2.87258134360481423e-03
-4.32887803006059592e-03 1.16943968280041059e-03
7.23550914303897150e-03 3.71340165542027737e-03
6.20476576696431768e-03 -1.90805419299134834e-03
3.53800137964028040e-03 3.96241975090081463e-03
1.41469964285340297e-02 -3.67747008446425109e-03
9.74219075379199363e-03 5.03092486292203243e-03
1.41171729191937999e-02 -2.23996388616505603e-03
-4.45782837966597276e-03 3.63150575934897751e-03
7.11681082376896135e-03 4.39845047372362536e-03
4.28336370720468120e-03 8.11105346401868352e-04
-3.21387142195574886e-04 6.02564657403126952e-03
9.09569862265452098e-03 1.35422318142682874e-03
8.26076441891361417e-03 3.48414198032644378e-03
8.80996157276379109e-03 -2.24972221811583660e-03
1.25040340294888474e-03 -5.14781434084034175e-03
-4.22766964580199769e-03 -7.48768940911096956e-03
4.38967081556194998e-05 1.31452077296238964e-03
-1.69998829100990968e-03 6.41862886693716269e-04
-4.04645810319533873e-03 -1.32611379597718615e-03
5.36374876648514857e-03 1.22865280647899470e-03
8.85876775795161036e-04 6.66034454374030312e-03
-5.46831284961864553e-04 4.33264776996959613e-03
9.38538725912953058e-03 -3.77735847372069676e-04
-3.10652829460641294e-03 1.02689255819098015e-02
1.53694281606405543e-03 5.72881652843142087e-04
5.95342909461506328e-04 -1.21952848304674559e-02
5.61601886427174311e-03 6.64311914952147795e-03
2.60580515045989681e-03 9.65663368239157681e-03
-1.71968550179672016e-03 -6.58211435135927763e-03
-6.89713918180079755e-03 3.05638127053584714e-03
1.27461003747870983e-03 1.87785416054500197e-03
-2.90383961683279108e-03 -3.05392850915828630e-03
7.98417713173431125e-03 6.49257568727001563e-03
5.60677984088409596e-03 4.17351892875070674e-03
2.53538024121044685e-03 -9.82392363979946344e-03
2.70089363692601041e-03 3.26927770867079231e-03
2.20028356345029503e-03 5.65518683968241407e-04
2.07658882829170506e-03 -2.73547830815126618e-04
5.33670097806617730e-03 6.81075438008938968e-04
-2.69415814864043318e-03 2.47205219775799301e-04
3.33571894580158776e-03 2.53863863590960076e-03
9.56127749970206615e-03 -3.05361468097852104e-03
2.67542892294232683e-03 4.10108749810932007e-03
-7.72457941216187285e-04 2.36201292843734928e-03
1.89071621045231613e-03 -3.96963317019178880e-03
1.44981218230080507e-03 -1.10951645420300166e-03
2.04524033297634250e-03 -7.71591392632993791e-04
5.05668082978964241e-03 2.51910309886136221e-03
2.80296748336936966e-03 3.15738548197931450e-03
5.79707596745235223e-03 -4.29858961693148963e-03
6.23799930576778190e-03 6.55290859595917120e-04
5.63342086038347441e-04 -4.77679233517750920e-03
4.83773294980039716e-03 -5.23605367062030848e-03
9.65341935563603613e-03 -1.18188652978866676e-03
1.23303224127485622e-03 -1.07016047829946851e-03
6.06883632841468280e-03 5.21015167215717594e-03
-1.38699056392251291e-03 1.78071661464665487e-03
-4.47658274470812861e-04 -1.33240206027670062e-03
1.56919584048271230e-03 -5.68915293552647947e-03
-1.27706086933473387e-04 -1.62057438532104184e-03
2.30950663299774083e-03 -2.91713518865626244e-03
1.38777122999532779e-03 6.46357442702706966e-03
8.66071547755813478e-03 -3.88296687032318446e-03
-7.01011729829673720e-05 1.17442273385355090e-03
1.16371507353806546e-02 -5.11472863535769595e-04
8.34512027786589276e-03 1.76686866812506482e-03
8.86110048015147089e-03 7.44418890934964508e-03
7.42612252436430573e-03 -1.61566587500361954e-03
4.88006191375552154e-04 1.64947927255287776e-03
-2.08118291978535508e-03 5.30772091409003385e-03
8.22623464203497273e-03 4.06595197757118713e-03
1.10846980115613426e-02 -6.34847651197659700e-03
6.71804357102390431e-03 1.61443838464409863e-03
5.30856098518170134e-03 2.31138701534890035e-03
7.53028207603397524e-03 3.38498395310497888e-03
6.87024515424794740e-03 1.14148012792506903e-03
-1.27540635559853302e-03 4.06424606781394249e-03
4.00969371831901445e-03 -7.17876635732115145e-03
1.49874862383353241e-03 -2.56829309674402135e-03
4.92754679797104654e-03 -4.20763259201000720e-03
3.02609521882073185e-03 -3.77550445638007723e-03
9.82187531240008571e-03 8.55802123920171645e-03
-9.15597143273438560e-04 1.00388879643007797e-02
3.68663082128298627e-03 2.33819466665963292e-03
-1.75307262719556723e-03 1.53838908978039062e-03
-6.80331525519739435e-03 2.53867108721704884e-03
-8.05218284457244991e-04 9.47765847763116544e-03
-7.96101605164218555e-04 5.54581738248842004e-03
5.25574635934258644e-03 6.03795120150437108e-03
6.59815472926873498e-03 1.00563309063213344e-02
4.36919439756754818e-03 -1.72367903664631347e-03
2.46213263351693001e-03 -8.11697392254063718e-03
2.08060481443521133e-03 -7.00755422718324600e-04
7.50846427184283119e-05 4.85358058122489777e-03
4.66684441498216567e-03 6.79585480827770653e-03
3.92373032582390546e-03 -4.04417921361287236e-03
-5.67850776226906228e-03 2.97877265711745873e-03
7.99577869402466265e-03 7.77241498394871597e-03
2.76477350924384056e-03 -2.71940807323956544e-03
-1.67725443042830648e-03 -2.65864180823893227e-04
-2.84115688772527183e-03 -5.97880328608713010e-04
-5.68651604310112333e-03 3.63614982753422775e-03
5.54357642387352627e-03 1.58446815884518526e-02
1.35774332493099493e-02 7.97769616346397786e-03
7.77024611726426923e-03 5.15844438633195415e-03
8.93216873951697445e-03 1.01233618365452350e-02
1.30856728230552364e-02 2.24754180493329930e-03
5.04447084678053600e-03 -6.62054497513458844e-03
1.48387209047964180e-03 1.36884315875434454e-03
9.30019985789776703e-03 1.45898621710730484e-02
2.04605258774846538e-03 4.90515845621205399e-03
-5.69988272745146026e-04 -7.11888782130180213e-04
1.59793729047928582e-03 7.75814221661211842e-04
1.27872730434814546e-02 4.66305080671348352e-03
3.25471968805885912e-03 6.36081509321821323e-03
3.42694470913225023e-03 2.72997251851208331e-03
7.09934458548075811e-03 4.19783800872830363e-04
1.77757904226148603e-03 9.93097338677212740e-03
5.77234778272180029e-03 4.26919600561061381e-03
5.12420672904151213e-03 2.63057631300296201e-03
4.13509851354549457e-03 -3.07609598769566965e-03
1.04191889339496843e-02 -5.55338900830204714e-03
4.11010049683166456e-03 6.87087746701592599e-03
2.93231801031251490e-03 1.78897867834535459e-03
2.17506170222453443e-03 -2.95946441268676993e-03
1.70058337737292011e-03 6.45351210353412811e-03
7.21303028527244504e-03 6.55391782476424435e-04
9.59910943300544377e-03 -2.64531532600599561e-04
1.55232024556347693e-03 -2.67460690995072485e-04
8.88628911210476852e-03 5.86164126006813967e-03
3.01417076135626280e-03 8.96563855940413559e-03
4.43587550179534804e-03 -6.88808164938949433e-03
7.49715953789862818e-03 2.71625291976402118e-03
7.64279586449501114e-03 -6.70874018527768505e-03
1.20878608626417850e-02 1.45177043757897177e-03
5.29859849066193454e-03 3.71346166283765145e-03
4.86857641913477236e-03 9.71381275254375870e-03
5.88280987101233790e-03 1.07284876531298741e-03
3.87845257374896295e-03 2.32556519822329144e-03
8.39667620262969303e-03 1.68639302372878934e-03
2.08876942515907275e-03 1.23132146815412642e-03
5.28725568454735287e-04 -8.11548542889623491e-04
3.02314688283473435e-04 4.94292018658311176e-03
5.24495245782491751e-03 1.73314514096534504e-03
4.06709406006429668e-03 5.52171560891976179e-03
6.36839591337685484e-03 1.59816311976440113e-04
3.01887087202751606e-03 1.35449297997436800e-02
9.61149755549161808e-03 4.58155508053084692e-03
7.36637082036604302e-03 4.43348521489770296e-03
1.13051176658448081e-02 -4.05514277035785148e-04
-6.05796245806584487e-03 -3.88146099241392989e-03
9.32600127262807750e-05 1.10908398328735070e-03
-2.60189088654070233e-03 -6.90455260763896995e-04
-9.75253944792423347e-03 -2.47041425717146922e-03
7.67833582498842707e-03 6.66707490826951542e-03
2.85360903502647175e-03 -4.32309482321222537e-03
3.76556865262219539e-03 5.72134342139139795e-04
-9.12865139125322383e-04 -4.93659414534199635e-04
-4.79621731387466516e-03 -3.18128695967546428e-03
1.41476687772467053e-03 -2.45842939051561923e-03
-7.64338660401750730e-03 6.85547926040867904e-04
-1.39603157391848310e-03 -4.70120063603528563e-04
1.70961524593965758e-03 1.21984780486163917e-03
-5.49435486601689439e-03 3.94226474243468731e-04
1.46180556855235954e-03 -4.04759140886474557e-03
1.12311219613685214e-02 2.60823783757832724e-03
3.67254367559159949e-03 3.09070448528661569e-03
4.50448446223098917e-03 9.59368141570457120e-03
2.78390764928394211e-03 -7.07510453831405785e-04
-3.92311433589508877e-03 -3.10177708264218780e-03
1.05608326855412857e-03 2.01615956806301070e-03
1.99148432674972663e-03 1.44916309900757086e-03
-1.52510859237017300e-04 -5.28936487272625884e-03
2.20457976924254718e-03 -2.28839455084890037e-03
5.33056973939660238e-03 7.71094527926926405e-04
1.27367808797201442e-04 2.15176635924180281e-03
-1.58335842293542972e-03 3.82755943931355333e-03
4.56028958396163895e-03 -1.37660604650357665e-03
5.04274483851474466e-03 8.57153208553364417e-03
-4.80943776777987761e-03 -1.39149551229557572e-03
1.23239909251846858e-02 4.77307863638712186e-03
-3.71276604735254739e-03 -2.63988411823429118e-03
-2.52861269671035040e-03 5.69631504441052428e-03
4.72226065984340110e-03 -6.94002137663592145e-03
2.99360004873940575e-06 2.97018879245838354e-03
6.29013539582961266e-03 1.50555432314228223e-04
-3.23143201448946888e-03 -8.77080469293961031e-04
2.14024582182411076e-03 -7.74157774712533743e-04
3.70139473858016686e-03 2.05147649678416588e-03
7.23059331189609012e-03 -1.26964794749428252e-03
2.62713831880437027e-03 -2.68483491432184955e-04
-1.50288176384178878e-04 7.66797745845384550e-03
5.55502607727083493e-03 -9.31619395011454819e-04
4.10949498637282022e-03 4.34159137484592492e-04
4.10847972165976141e-03 1.65873588142481876e-04
2.78856374005065702e-03 -3.75649490660030566e-03
1.19262386038978684e-03 5.75399994169824638e-03
1.78518148536229641e-03 5.92248856787962533e-03
5.46429113748988799e-03 6.71839313048140045e-03
8.52371661281365114e-03 -6.62335909032323034e-03
4.64290715570938282e-03 2.54331363075563149e-03
3.03361978847340808e-03 -3.77066182161705501e-03
4.34341425284097329e-03 -4.80980631798435772e-04
-7.58809871775640871e-04 7.91933465534157797e-03
4.85492132495786433e-03 -2.64275283402634533e-03
3.88448539203204530e-03 -3.31929666991526368e-03
8.89910919338464043e-03 1.17576100522717684e-02
5.84438675013664488e-04 4.63901232784578576e-05
1.04967608096219935e-02 1.11020552010602357e-02
9.93934181065656182e-03 6.23444977544101303e-03
2.65367772351590269e-03 3.78406352671159128e-03
-3.92790026837309446e-05 3.20095574004774239e-03
4.63001276137940069e-03 -2.72955249226804674e-03
5.86159395383884754e-04 -1.82751077812039480e-03
-9.90901223522895613e-03 1.43862299157889260e-02
5.99576053034694186e-03 1.41505891848162386e-02
9.07988757454129131e-03 1.22894860918555459e-04
-2.30935482787269098e-03 2.69284074150978820e-03
7.36714959478502671e-03 6.91574381932750192e-03
5.89602887057658585e-03 1.36301006910721496e-03
-4.84623647915492697e-03 -1.84091240269956716e-03
-1.72823905309001840e-03 5.50428827333993963e-03
9.99623568610337639e-03 6.73943411225726326e-03
-2.00056416781709131e-04 -1.70489067733659190e-02
-5.50774745760702032e-03 2.21294521331001246e-03
3.13844715728954103e-04 8.12699042733067492e-03
-4.71919298429144315e-03 -7.90260023313195913e-03
-6.32105153131137278e-03 -3.10383784348265292e-05
4.50499281367713021e-03 -5.77950406026015231e-03
-1.06347873704992109e-02 1.38704208397028277e-02
6.33897326402382832e-03 4.96048024962704795e-03
7.21584475864588040e-03 1.14367741286559420e-02
3.80405050889926627e-03 -4.41355657554394834e-03
3.56785727812860849e-03 8.19494645610675809e-03
6.52945704777808077e-03 5.35441735388302986e-03
8.33385368598760744e-03 2.69333328507077169e-03
2.04609075399724005e-03 4.86342214674438753e-03
1.38091308862521422e-02 4.26595201723472574e-03
-5.65849640268836209e-04 -1.12811019694407794e-02
-5.64026886094422166e-03 -2.46317353647511773e-03
6.66841207411632796e-03 1.53817842295745028e-04
1.05375660869279804e-02 -3.68940174517528186e-03
7.34470297727936143e-03 6.43033422858407464e-04
2.65186543877718353e-04 -5.82312785871472085e-03
6.25969018115703386e-03 -3.33386746565664163e-03
-1.32122210864141724e-02 3.49794445951687443e-03
5.59688918061768386e-03 1.21025295922749104e-02
1.22269478745099369e-02 1.56920112330322728e-02
-1.29862383246961359e-04 -7.69384178009800950e-03
-6.78569363335849432e-04 9.75825994846884343e-03
1.11451075183325709e-02 -3.87108420098054590e-03
6.47850161593682781e-03 4.23645742694197559e-03
5.01312955356072402e-03 2.78080202311428238e-04
7.86217630777597161e-03 9.97616107328592495e-03
4.74466141589768853e-03 -8.44005544327054887e-03
-9.68972007523739897e-04 -4.43862331533763366e-03
3.73486879719300141e-03 -1.04513009891469221e-03
1.23413560109394242e-02 3.30677903996673753e-03
5.59541319499938777e-03 -3.44157392969473576e-04
-3.84053209980364258e-03 1.35287233234228776e-05
3.88126027404946073e-03 -4.21234419092489810e-03
-6.18066468304070125e-04 1.36835144489227643e-02
-1.48213204660980861e-03 -5.07738071403990993e-03
1.08285171099478383e-02 8.49999831224149236e-04
1.36765157463024454e-03 3.68799302797308617e-03
-1.35568017582110025e-03 1.03383461975001638e-02
5.91533312027722920e-03 4.81800963802487669e-03
3.56080743569018405e-03 2.66971329254351089e-03
3.63206715864478622e-03 2.38773293133891229e-03
1.03157128418004135e-02 -6.78929572397015627e-03
-2.45719485077845496e-04 4.68688128674396663e-03
-1.44601018562554116e-03 -1.15959712343701241e-03
2.71212778194757987e-04 -6.31939786864944234e-03
8.98384374540310641e-05 -2.40841338826311164e-03
1.39769529993814714e-04 -1.12909758777019766e-03
1.24263810628063675e-03 4.33106848539883005e-03
2.46805437171873599e-03 7.42136973988191109e-04
1.19458025203762631e-02 1.24082207198182876e-02
8.42028688032783225e-03 4.19563308815993925e-03
-1.07293742582879829e-02 -1.25438326644941780e-02
1.39783304767030219e-03 7.80113915611680255e-04
-1.22209918271643371e-03 2.19277169366726213e-03
-1.44091573997954321e-03 -1.99101733653835001e-03
1.92751297391141846e-03 9.42919466182710019e-03
-6.50770992718823719e-03 -3.90600744561362193e-03
3.06511589332978925e-03 -1.58315178192798447e-03
-9.79832613754905981e-04 -4.64032232477145940e-03
7.22953947339247723e-03 6.99897647062962692e-03
4.71854894718036488e-03 -3.86388702208061065e-03
-2.74339696902873263e-04 -4.02967845314400590e-03
4.32215051349241989e-03 -8.32768915351471926e-03
6.82004112037681376e-04 -7.92178044305335595e-03
-1.62905927862273597e-03 6.45466333274352373e-04
6.29511832721041560e-03 1.06076982197938329e-02
2.88059968413037796e-03 3.09830918066268278e-03
3.10618208776774595e-04 3.81946404890173071e-04
-1.03209112450567244e-03 9.63085559808877362e-03
6.00653141032679323e-03 3.27438410221407876e-03
6.23976650792398054e-03 -1.54331507591216107e-03
2.29060488350988408e-03 3.35187921404825600e-03
4.34804113960225638e-03 9.52213502402704981e-04
3.67384753809593505e-03 2.54608596229618763e-03
4.95937233736484166e-04 -1.85246748914094888e-03
-8.21692443781791106e-04 3.26646260619243081e-03
-3.70246008699394522e-04 -2.22687853413787743e-03
6.29410187086327198e-03 -2.88744612775944072e-03
6.68901561315746011e-03 7.87861073885000318e-03
-5.20260947708266804e-03 -1.90944384973425934e-03
1.67324262776978269e-03 -2.02629504736812592e-03
8.98485289555710220e-03 8.87527929591745528e-03
3.12997926311475759e-03 -6.52662371495340166e-04
8.26326996447481333e-04 7.71611445152271553e-03
6.34550319439205080e-03 -2.56119481365138166e-03
8.75313303369181124e-03 1.04402496169896640e-04
2.55525822106613234e-03 3.22352355408753915e-03
4.53776757284590857e-03 4.24328477876910904e-03
5.08641058270713903e-03 -9.29469562583982306e-03
5.14520026425835386e-03 4.02698133069071505e-03
6.64693389204333660e-03 -8.98950432058895181e-03
2.39585875684000848e-03 3.33444839113604136e-03
3.11226403876964592e-03 -1.95668345292287571e-03
1.62296389027196232e-03 -2.21197394338702984e-03
8.96156804084039665e-03 8.47674248804311222e-04
6.92739825332318489e-03 1.30283131271398899e-03
-2.68307808208972537e-05 2.04962639704719604e-03
4.71461275069267726e-03 6.34084275091725824e-03
6.10729494725593524e-03 6.78698341180685154e-03
8.71125074526705838e-03 2.57254889062607552e-03
7.79461110600274901e-03 2.87649618763279914e-03
1.05681024401689336e-02 2.16908247563668511e-03
9.57686406364152850e-04 1.11556995732811680e-03
-3.28376230353452777e-03 1.08374469878957293e-02
-9.02347341010024105e-04 2.30389309922349661e-03
2.39141690737865609e-03 -2.24490242588478665e-03
-2.42441728164641225e-03 2.02694045409521680e-03
1.76398605001580459e-03 -2.18130425485686154e-03
3.04885260819199016e-03 -7.11580775876634384e-04
-2.29548945177406863e-03 3.52104603150123815e-03
3.56855136652662729e-03 3.33604722489954470e-03
-7.39757086985740183e-04 3.53430592459558343e-03
-1.25284645489885768e-03 7.43447765367316084e-03
-9.12381413405549332e-03 8.72365123622752606e-03
-1.29884528648094230e-02 1.20242339910435758e-02
5.40028969337177315e-03 3.45834615222440208e-03
6.44740929363310598e-03 3.55710320371465782e-03
3.43567839541806825e-03 4.89807891622810916e-03
6.71463737613688192e-03 -1.18746348000147028e-04
-4.47207113418393674e-03 6.74256721326240219e-03
-4.98988046106193530e-04 -3.40271124120082808e-03
-4.52997917171197011e-03 1.02458949562835022e-02
1.15917349043728000e-02 1.03262357865068887e-02
5.53546705875791571e-03 -2.44187227084700790e-03
-1.20221597233149645e-02 6.39261008211855237e-03
8.94222827703247507e-03 2.47217706979572149e-04
-3.36585215394983629e-03 -1.51396395560086613e-03
-1.22313664135439114e-03 -1.70783384342364838e-03
1.67004743757147371e-04 -4.50692430606966076e-03
-2.80814266268984616e-04 3.16870582520344113e-03
8.15113114884930511e-03 1.33998485214854284e-02
4.30828492270141344e-03 1.03200769615446504e-02
4.74769247033051539e-03 -3.07851328740978191e-03
5.58865324073487459e-03 5.32868164317194717e-03
7.41126979478260849e-03 7.73224729668356599e-03
5.79290061876047528e-03 2.97814374214288961e-03
3.28132977993254990e-03 8.66410006967813229e-04
1.04354012968629149e-02 1.31552766264688148e-02
6.67562633511384687e-03 -3.07862050709686820e-03
2.24073751973920873e-03 -1.91172959199908152e-03
-6.88712655373780857e-03 8.61961160613192515e-03
6.58451106535105652e-03 3.49663682836147708e-03
-2.94412301912749938e-03 1.05165635852841888e-02
3.24744783245998429e-03 3.49749275862238284e-03
-1.25137990748776804e-03 4.20058316705346040e-03
-7.91451079319709615e-03 1.53786512706544226e-02
1.03736759618827216e-02 1.02053047097365544e-02
7.48612073765847486e-03 -4.53147855156885073e-03
-1.13246258068506827e-03 -2.75627232041180444e-03
6.47612944355920473e-03 1.07376253287710111e-02
-1.88896828110728956e-03 -4.20337414746697717e-03
3.70306644664053584e-03 -7.65224528676264424e-03
2.59674890949113243e-03 -3.80663784269874616e-03
1.30901304071627950e-02 1.29409472181537966e-02
6.35060740564676474e-03 -2.04358864816746918e-03
2.46596865559916938e-03 3.63442888202408516e-03
-8.18862865477285170e-04 1.60671878851682587e-03
6.03343589654618383e-03 3.19682649327189799e-03
5.18354939524980855e-03 9.14103942443361510e-04
3.64507524771675619e-03 -1.84917129402771335e-03
7.26164262145477957e-03 -8.26256836542159151e-04
6.73238472024224009e-03 1.36902762358829411e-02
1.54367566312710869e-02 8.34038766560565858e-03
4.41513252613446802e-03 4.94158745911430202e-03
7.12611238278787300e-03 5.23595931697676091e-03
3.62271363207356933e-03 6.09117961813010911e-03
9.04982704238371793e-03 2.31615789997230729e-04
7.48746506297276373e-03 2.01615046304286271e-03
9.00304318400302860e-04 3.31346774195597719e-03
6.04741433019014268e-03 -1.81450487391871342e-03
8.47204694798683487e-04 3.84769625884835416e-04
8.66321962648405539e-03 1.63326627670877826e-03
3.72738472002052783e-03 1.58430867479962935e-03
8.71009508168703317e-03 1.92463420761509129e-03
9.08379748743895661e-03 -1.08743670037744268e-03
-9.66068334074466923e-04 1.28705218038470438e-02
4.90358622270785989e-04 6.94168591109351266e-03
1.38008487373311138e-02 -9.59215772836230040e-04
1.72811691811140681e-03 -5.26650206144330460e-03
-9.93698069796757587e-03 2.01126769244041811e-03
4.21698750327683042e-04 3.17305764450454518e-03
-5.34652028977799804e-03 3.96296494244565128e-03
3.54878290194853528e-03 4.77182908111650154e-03
-3.27355602259829731e-03 2.27024540670277535e-03
1.59765859902680544e-03 -4.77611106261453550e-03
-2.04576329612524230e-03 -4.55893552688575818e-03
-3.30264400088983679e-03 1.63283089305153663e-03
2.92788792695917533e-03 6.78330072361259446e-04
3.13596533279071523e-03 3.46215109703437935e-03
-1.54144967560367421e-03 3.02745992523094799e-03
-4.52029410048533989e-03 -5.49330343681309844e-03
-4.16226080389268168e-03 2.77922084010252335e-03
-6.10772334435351035e-04 -5.32044585982283710e-03
2.96276870860738865e-03 5.96410756313579468e-03
5.32962870133215239e-03 1.87682706502846869e-03
-4.18899799665587227e-03 7.62149904007369036e-03
-5.38616227050499764e-03 6.20620945416799560e-03
7.75860862713183730e-04 1.14539108346642859e-03
1.98843375598820905e-03 -5.66025240898093696e-03
6.68498934496322000e-03 7.95576031509232819e-04
3.74387531961086839e-03 -8.28254456897255936e-03
4.27396210190028429e-03 -2.88743263475160208e-03
7.29097252261311723e-04 8.70599103776160260e-03
4.31822452393522318e-03 6.44261058561467446e-03
-3.96369599439431054e-03 7.30484117925057409e-04
6.15754310365943143e-03 -2.75353861055783154e-03
-6.76251452271057303e-04 1.56246952904347453e-03
-4.92404153841748907e-03 -3.01392376949460947e-03
-3.16027573382550529e-03 5.86959309452256793e-03
2.38781775926049907e-03 -1.35838688046838064e-02
-4.61727927673905806e-03 1.68714740939060037e-03
7.35143320283648295e-04 6.79906521772057765e-03
2.39874316150974487e-03 -1.51568723942095327e-03
3.02382386139168945e-03 -1.89704710423034442e-03
-2.69664266616022547e-03 1.72375169094032398e-03
4.16296314195036769e-03 -3.36583543329270702e-03
4.99344212961831506e-03 2.93391142595131674e-03
3.03799355006354518e-03 1.40909081963770720e-04
1.23480467960041364e-03 -1.39301254700386528e-03
-6.45875384299396415e-04 4.96458188171216858e-03
3.81211702942700235e-03 -6.74305237898142743e-04
1.05295354946707961e-03 2.17936248542853917e-03
7.47481854062616823e-03 1.55391330498374906e-03
1.85523490912217716e-03 -7.00293361278868853e-04
4.14699672411741535e-03 4.35842336390264862e-03
4.30038554750958573e-03 4.07280911133663624e-03
8.61346826947875441e-03 -2.20877791307199582e-04
8.71379293152101803e-03 7.64488094676660625e-04
5.36096214891548101e-03 9.74755111479806615e-04
3.50253676368308389e-03 -6.31249746885527516e-03
-1.64339676138705441e-03 3.50766616861497658e-03
5.65946161007086575e-04 2.42295669167754692e-04
3.63359035083870739e-03 -5.30431477576444473e-04
8.41057231973543935e-03 9.12867778509832161e-04
6.20059012728244215e-03 1.92073631905022345e-03
5.23999527107861345e-03 2.98452095168795202e-03
-6.75956710335102280e-04 -3.22070976527211389e-03
4.03571452242388153e-04 5.98423769733349292e-03
4.19137733664940327e-03 7.58172096164015132e-03
-2.91506944659279460e-03 6.52033867921331697e-04
1.27443175709052408e-03 -7.15066645129741065e-04
2.39165328047996704e-03 1.56460040020935075e-02
-6.96049814274713949e-03 5.38695447203680743e-03
1.62061818724787096e-03 -5.56193062035057004e-03
-2.21209793514737360e-04 -2.49482686115055224e-03
-8.51036909187191833e-03 7.81334796331063959e-03
5.14928219480025214e-03 -3.87424872147099965e-04
-2.30687913460919051e-03 -2.23065562329651064e-05
-2.24544056909474141e-03 -7.81504449892402378e-03
-1.41058215899245035e-03 -3.88641654838628534e-04
1.17241026696320917e-03 -1.15715309114409527e-03
4.51855198266690010e-03 5.64717673471957192e-03
6.99792951436842151e-04 -2.70296537364560956e-03
1.20510287767400847e-04 4.13356197619360773e-03
7.88676735316750158e-03 -4.11004474797564516e-03
-4.04669931935654464e-03 -3.00677753984999498e-03
-8.94758180308598727e-04 4.23142656788757544e-03
1.70979614405324869e-03 8.03398811640724381e-03
2.42387416292874896e-03 7.87525035544689271e-03
2.95655966283538563e-03 -5.16557304586873212e-03
-9.11891137713608489e-03 7.86778647926315855e-03
6.29349284503778316e-03 1.39848041597670641e-02
9.18493700270815901e-03 2.02463821598179060e-04
-1.09759547485092750e-03 1.99921960021436952e-04
9.85236899905333856e-04 4.80094044320911499e-04
-2.70094406948645244e-03 5.25235021587484256e-03
2.13194013715388648e-03 3.77692352365075162e-04
-1.27941358485087354e-03 3.70572469020894347e-03
2.99263478537562574e-03 5.95957622060657409e-03
1.08278640244055292e-02 1.63074480202805567e-03
-1.61117461895446206e-03 5.29098700941181208e-03
2.28314444912879592e-04 -1.39248819268380087e-03
5.34971145786684778e-03 1.01830603211916278e-02
-3.86703697885593806e-03 8.07904425567954922e-03
6.09368781299190251e-03 5.92683602819215651e-03
4.40367843297017128e-03 2.81566319994619636e-04
1.82035605855229623e-03 -2.19251885642917114e-03
1.06414811753326247e-02 8.06240930514037259e-03
-6.00659818215768058e-04 -1.72435108866477002e-03
1.44159815867594488e-03 -1.29372721782824258e-03
-5.65724254223578474e-04 -7.30291218861536546e-03
2.29407072607155406e-03 8.53802610747953807e-03
6.61968340234158313e-03 2.81877587607565813e-03
-3.24026565101950348e-03 -1.09338500511301602e-03
-8.97807591668591974e-04 9.65040485587993942e-03
1.14846275160946278e-02 7.11709464171885083e-03
6.09687693576892089e-03 4.37884942034979358e-04
-6.25605560451199597e-03 -1.00431585155350825e-03
3.24115605584633778e-03 6.12831023174251676e-04
4.92829730675959071e-03 1.03512992453564587e-02
1.13398407794848381e-02 2.53719257205738168e-03
4.98707547375920948e-03 -1.05096578615085953e-03
3.91486620163373523e-03 -1.09320931444735719e-03
5.98263015377386784e-03 1.06846334112637321e-02
4.04266312169517320e-03 1.20855117607327027e-02
1.80691201338897101e-04 6.39784532868760414e-03
1.09471112849052147e-02 5.81665019367646769e-03
1.23684869659686295e-02 -1.78183032779100970e-03
6.17487896635467159e-03 -5.96869568166154447e-03
3.40233228882922930e-03 1.22502281371674620e-03
5.07991457875250647e-03 -3.20553104230326697e-03
-4.12471865871022643e-03 3.91753065068631365e-03
2.63673003772415182e-03 4.86978824974946146e-03
1.50263805798448520e-03 3.08177438585826961e-03
3.60810448246064175e-03 5.83610076015303719e-03
-2.55395188947664040e-03 -6.25019923966865613e-03
2.00499033529171226e-03 -5.36399140375856936e-03
8.27641241430341137e-03 5.25701411979181965e-03
5.01950236065298698e-03 -2.95710949293332553e-03
-1.34424255739063543e-03 9.24827651324878390e-04
9.17865185565623003e-04 -2.98546667983146065e-03
-4.70882968930369863e-03 -4.29273376892389566e-04
-3.29396009865665085e-03 -1.45712389503859755e-03
-5.54020615789642813e-04 4.96250903551089754e-03
7.79671706345656454e-03 -1.34636882729311186e-04
-2.81745896558270679e-03 -2.06426708885885804e-03
2.34414041671154394e-03 -7.11024894003749381e-04
2.20604420020190616e-03 1.34964188765941445e-03
1.49213690376919644e-03 -6.35939045905523862e-03
8.95231412188082776e-03 1.49733680095949658e-03
3.31331543936350115e-03 4.09532364947994508e-05
1.28887096927692967e-03 -1.11004983980025635e-03
-2.67263852037776363e-03 -1.38601584281445255e-03
6.72195761767976387e-04 6.97070012794014700e-03
-1.98515598718537658e-03 3.68995589144345158e-03
-3.06449586357775911e-05 -1.28743541130740379e-04
5.79083751145442662e-03 -2.85147708322091957e-03
-3.00676130361949689e-03 -1.43004743087034509e-03
-9.75550860248989606e-04 6.66531384090863219e-04
-7.09258137320965517e-04 1.00304713115299945e-03
-1.06878079856364736e-03 2.96794827441321913e-04
-2.86188960149431947e-03 -4.91656192902971065e-03
1.70346226273933744e-03 -1.25080704482960622e-03
5.37049717099025766e-03 -7.65955617713316977e-03
-2.12292907876707139e-03 -7.50941670119643781e-04
4.59779225331845200e-03 -2.98670020765048850e-03
-4.02209439230897647e-03 -3.46307964051261775e-03
-5.16457827715235767e-04 -3.11900357881047868e-03
2.52602802921265577e-03 -1.54310572376509312e-03
5.29686794539728414e-03 4.72672293403516609e-03
-4.84712687265950303e-03 -5.71893380371866458e-04
-5.95650759198558446e-03 5.25789108901108105e-04
-3.53084773620184573e-03 -5.48798589964898456e-03
-1.16420211887910581e-03 3.39997589546281074e-04
-2.83328551958060267e-04 3.79902711270778404e-03
7.07687975411883802e-03 8.70191612185748642e-03
2.50816213034037953e-03 -4.67224296416107829e-03
2.71939079566367028e-03 1.69119212315688204e-03
7.44139093542633490e-04 1.81339306796987360e-03
1.18550157532155520e-03 -1.80042726208139679e-04
-8.70831893815220593e-04 -2.25002199631500277e-03
2.64174390199618456e-03 -4.17077693243321848e-03
-5.07800996363634571e-03 4.54418431215977312e-04
5.63504977069288066e-03 8.45796722681625295e-05
1.25758202436588393e-02 -3.47809793336489219e-03
5.63873221934089053e-03 1.34139708860836308e-03
7.85172005737233211e-03 -5.98829760168731635e-03
-4.81630501355388360e-03 6.27504828190742023e-03
2.51671234177071454e-03 4.46749930994488550e-03
2.51553892679944437e-03 7.88918609654521525e-04
8.90960276485702057e-03 4.67577475380097102e-05
7.97830187349446614e-03 -3.42062137574749789e-04
1.34050379418788352e-02 -1.00994548718942871e-03
-2.95462673631489265e-04 -4.02048216579365401e-04
1.49066392411944973e-03 -1.12519848316186923e-03
3.14582308736079206e-03 2.66074766505747023e-03
2.06748859262976354e-03 5.56637381742895211e-03
2.48389525353390119e-03 -9.22746359758670883e-04
3.14760585082469232e-03 -8.65966623572324637e-03
-4.97058145272628264e-03 1.80252625439599390e-03
3.70570245013007293e-03 7.58219354367063725e-03
-3.09450702309265607e-03 -1.24215254346144799e-03
-4.53136763700828847e-04 -2.35879642515997604e-03
7.71562456940668145e-03 2.54817053301652999e-03
-3.60778428440000198e-03 3.44886296717164835e-03
3.90728757739632927e-03 1.15704375160998623e-03
1.13929607581440091e-03 8.48015065536820360e-04
-3.75693170206255547e-03 6.53601417513835926e-03
1.75473205055317900e-03 3.65760244827056588e-03
3.67034348763538429e-03 6.53739379176219125e-03
-1.24910850052612865e-03 3.75166904126313788e-03
4.68414513355726314e-04 1.55255025749725440e-03
1.45833870958308803e-03 -4.27003158846119696e-03
-4.18768830068366998e-03 -3.77292957655210462e-03
2.63343374954575545e-03 5.81767480083503620e-04
2.58239213189933800e-03 1.19318871239509315e-02
1.43860731788528450e-02 1.39257760192223138e-02
5.04125020773402155e-03 1.24280679221593104e-03
3.09760547522434536e-03 -5.13145725129404706e-03
7.26757061573831461e-03 2.75461440254901177e-03
1.36112593206166935e-02 -8.59446527350761318e-03
1.46337465954693739e-03 -5.82312056904647594e-03
6.98924439741845441e-03 -1.04477276156103964e-02
1.15116553203546534e-02 2.82255300716040703e-03
1.06265969764237685e-02 7.36542883881376263e-04
-6.73599596187150242e-03 1.72638317374446690e-03
-6.03998357138284432e-03 -4.01361753773562743e-03
2.14377396384909935e-03 -4.67475662641249345e-03
3.54929319545601880e-03 -5.56403537642517938e-03
-4.51616631857797678e-03 3.21375435720850419e-03
-8.06952394894953971e-04 -4.73367553662407993e-03
7.87529183423472771e-03 6.58539535867570369e-03
7.03501039549042292e-03 1.16450710093834531e-03
1.63691135267790880e-03 2.74269748746164537e-03
3.68190415338753808e-03 -9.15939593372206221e-03
6.64826882755169442e-03 2.27339344912477797e-04
-1.26117954927479846e-03 -9.75820592704288066e-03
-7.32020426626561554e-04 -2.76144749823951929e-03
4.08713727108679127e-03 -2.87961262745147894e-03
4.45741498045237709e-03 8.23340530254697799e-03
1.41035226167392086e-02 -5.40762284576467092e-03
-3.73612712158176256e-03 2.48965735837790303e-04
-1.99101092536945476e-03 -3.89437641370273023e-03
-7.09052538964241022e-04 -5.34225654922587580e-03
5.17227742767534856e-03 2.41831236932772264e-03
-7.47172981371761139e-04 -2.03896626929748288e-03
5.84184731738234637e-04 8.88467658698135820e-05
1.20905365460456174e-02 1.08198316501684749e-02
6.46064912228856963e-03 1.29394588892082340e-02
1.13045848427766604e-02 6.88270492047287838e-04
8.48521354283128179e-03 -1.98815790385415813e-03
7.55813463120879811e-03 -2.47404984175444162e-04
-9.13706892638732051e-04 8.51719030633301365e-03
-4.36257277717525243e-03 -4.98127511263030901e-03
2.17344873119398223e-03 5.17157140107193068e-03
1.26989496808005801e-02 1.23999420753199497e-03
5.59235035854460921e-03 1.18930756784114411e-02
1.22835198845213018e-03 -9.06380889778463507e-04
1.26333549800772011e-02 5.12261252717962495e-03
5.96278183014611104e-03 6.44230229277281338e-03
-6.52700134811761996e-03 1.59912026859965993e-02
1.92304852676299424e-03 3.35903007834953415e-03
3.37394656780499015e-03 8.10598413177821345e-03
-1.05870874443492920e-02 -7.97392112927074008e-03
-1.39279404486009149e-02 4.49076389301344362e-03
6.98064023712397733e-03 -6.10175213243292162e-03
6.80647259323028785e-03 1.15016454969359941e-03
-9.40247534404425184e-04 5.18831695302375724e-03
1.07421998725663100e-02 7.43738584098227462e-03
-6.10652990787857513e-04 1.83604072433029729e-03
-1.08179107954854029e-05 -4.74601170506482300e-03
4.13029593050264800e-03 3.14813297418565499e-03
-1.96057722849567054e-03 6.43050739218315338e-03
-6.21559258917584508e-03 -8.67720178108239218e-03
2.59068425125658823e-03 5.76283297378537250e-03
-6.12607503346454009e-03 7.14662135593174840e-04
7.12366047056834945e-03 -7.13224360306235301e-04
5.04484006254628248e-03 -4.42603270558404691e-04
-1.93686760242929552e-04 -8.24147552768773471e-04
-3.81802793478277407e-03 -6.95747952487942977e-03
-8.24836184945584167e-03 -7.39086410789476563e-03
3.36409696459387050e-03 1.21235057268578618e-02
3.16454834386387844e-03 -7.57151331970872324e-03
-9.99738247415007074e-03 2.71958987745074326e-03
2.20772689578218381e-03 -4.56040259802940016e-03
-4.92789319350845495e-03 -2.76996482428789464e-03
3.91154975200387958e-03 -6.32133664267713231e-03
-1.26252503725909448e-03 1.89429863906230762e-03
-1.09134332129661154e-03 -1.34826162173551176e-02
2.65237160602925992e-03 -1.05518830828208962e-03
2.72611679940452283e-03 -5.48124627114181858e-03
-9.93417721319554171e-03 -1.15496114910457496e-03
6.75222147621102730e-03 -3.31574551043583091e-03
-4.74510685309747788e-03 -6.10554930735570257e-03
7.86324553822289989e-03 -6.81145700996880436e-03
-3.83481810124293486e-03 3.03002324843559259e-03
-5.25752939624248082e-04 9.16649169725519729e-04
1.97195328213019532e-03 3.62552374717204067e-03
4.90421204102791958e-04 -1.55961477692050272e-03
1.89011999694494305e-03 5.57959733228168952e-03
1.24192776467919614e-03 -8.51949436263787357e-03
4.85513726717586198e-03 4.31667224325078900e-03
2.32856403146599429e-03 1.91668453137175594e-03
-6.95851789554180911e-03 -1.75990372329725808e-04
3.20232494051063670e-03 -4.84582721890785412e-03
9.37708697972303965e-04 -2.20317061128965513e-03
-2.33145694711270682e-03 -7.95688042333027399e-04
-1.63188826795809317e-03 4.50787800928179657e-03
-2.82275600126361925e-04 -2.79220282179993770e-03
-3.51970412920445379e-03 -7.96744189924674176e-03
-5.82641032220726062e-03 -5.52285653473569803e-03
3.41477464489659205e-03 -1.46301667026135654e-03
9.70637747495177623e-04 -1.03660242716392464e-03
4.04830876231582464e-03 -1.00362947441645081e-03
9.58888501740736907e-03 8.28771466145653609e-04
-5.19518641742289580e-03 4.39223627637699062e-03
4.35997599054724263e-03 2.66145254671793343e-03
-1.04391101444527203e-03 -4.40343135529676268e-03
3.23548196703973964e-03 7.78722146341948984e-03
4.43203893023576614e-03 -7.21501854652023111e-03
8.89947091490642453e-03 1.10205679507378515e-02
-3.07228665141123444e-03 3.92044193882885340e-03
-4.24648760317252588e-04 1.56482338414010722e-03
8.52632374585612072e-04 4.36557079927907613e-03
-2.74590433261843710e-03 9.07680035264585641e-03
9.86404298072449115e-03 5.33241975949396308e-03
8.03393337541638206e-03 4.80762601050694488e-03
5.34297998744416493e-03 -7.98103075272860348e-03
1.27256115560801396e-04 -2.59902026775826181e-03
-3.06962036750011271e-03 7.33595225358142644e-03
4.13960257814662436e-03 2.01723449513050920e-03
1.20999103826253847e-02 1.25506011060175938e-02
1.36004715099505603e-02 -3.76844217537048755e-03
6.90307578173262899e-03 -1.20248767660922472e-03
-1.20069426215802205e-03 -1.01809923691100184e-02
3.42295667782689010e-03 6.42823284867322965e-03
1.04733007804714666e-02 9.56724105977062658e-03
-1.79786254647708413e-04 -3.70873875446200117e-03
-6.86255479576483064e-03 -1.41119704261205006e-03
2.12543492406948526e-03 -2.17663176443952042e-03
8.97084075912048273e-04 6.74039278003130647e-03
2.16687604908554800e-03 1.54163525294058186e-03
-1.93915269325339390e-03 2.01973445258479736e-03
1.23805695826016832e-02 3.47429680809678608e-03
-1.67712812071043921e-03 5.69297967543731017e-03
4.63991293377826689e-03 3.87517753911313092e-03
3.52217915158400605e-03 2.22058899790608319e-03
1.29084230471436198e-03 3.37998403497935800e-04
3.57836840159008254e-03 -8.12235695086930306e-05
-2.38976485234494371e-03 -4.20152066995108054e-04
2.95612752251373445e-04 -3.77465102772913752e-03
3.25267085430154925e-03 4.30282572426908105e-03
4.57695434334815052e-03 5.19665724117670657e-03
-3.88139710379520461e-03 5.56512801153855171e-04
2.81869069312556042e-03 -1.53300903744168484e-03
-5.20762471167113446e-03 1.48357687723794430e-03
-4.18103760196545434e-03 -6.27872622633443220e-03
-3.35599891763951668e-03 -4.08880673793459055e-03
2.07150109978109084e-03 -3.05133172745842554e-04
9.00601464154090689e-03 5.48890886004570980e-03
1.98935874594558632e-04 1.20273180940442294e-02
1.28477542742492373e-03 6.18237417022524278e-03
8.87883497791019938e-03 3.12945315732986434e-03
4.96964764883124741e-04 1.82616392681349943e-03
2.11206108418045095e-03 1.92236983765801559e-03
6.29537648055749060e-03 -3.99640340292189544e-03
-5.25132940128977734e-03 -4.89576166077116195e-03
3.81284887049443541e-03 4.96433903769224398e-04
-1.83314004357830614e-03 5.17150786691882546e-03
7.02736112464892679e-03 -9.53106878215159996e-04
-1.02548860294951211e-03 -6.18236262072289263e-03
1.77817438510045217e-03 -1.08646475050457676e-03
4.26711783883299261e-03 -6.04832001770364610e-03
5.16069822133569112e-03 -2.19607496447349988e-03
2.69477795462336970e-03 -3.10036381398670060e-03
-2.93260247304175147e-03 1.73067411237667478e-03
3.75217467476740259e-03 1.54426775619214904e-03
3.35840366400052106e-03 3.22002483754789967e-03
3.80220182373533716e-03 6.61783557354751403e-03
-1.47974346376775765e-03 3.59897956032979470e-03
-2.62794108255981224e-03 -7.23855173688039782e-04
6.50358869082973221e-03 -2.31953521534397156e-03
-2.84536707581835627e-04 -8.57905800964909974e-03
2.90480123474302823e-03 4.32380826658900017e-03
4.82205260149974266e-03 3.05954543608017533e-04
5.15924156457250958e-03 -3.05417055850915444e-03
-2.21250377322299713e-03 6.82176939062108679e-03
-5.69866964999110712e-04 -6.15980733272364009e-03
-1.26561383838845205e-03 5.30345439353657072e-04
3.80096200128603309e-03 -3.46067632397241854e-03
5.24423463033550120e-03 -6.00403648511786811e-04
-7.07980567954321141e-03 5.03480476488695101e-03
4.14865217376281237e-03 3.00083625970384805e-03
1.14981137387540669e-03 1.19574425670308099e-02
1.19113188573548804e-02 -1.69453403066019198e-03
7.95129322345810609e-03 -1.59503471176341291e-03
-1.07351137240865586e-03 -7.54932607061259853e-03
5.78487855029269880e-03 2.13497246861647192e-04
-1.87411895685702279e-03 1.09338827625859447e-02
7.24411241659187865e-03 3.91577870473064230e-04
4.73250371429830355e-03 -4.51194953463472225e-03
6.99438724597902873e-04 -5.26978811258330213e-03
-2.76852271107586728e-03 4.40275176194499657e-03
5.01986896355197804e-03 4.98187183067882555e-04
-6.67354460697774845e-03 3.62709572773042268e-03
1.41065350280960623e-03 -4.36345805210701203e-03
-1.83951990115677200e-03 -3.34949578841803883e-04
5.16189267136773957e-03 7.41831110473622872e-03
8.93714896802433149e-03 5.89523058276828632e-03
2.37421821297091520e-03 2.00117560092013711e-04
4.18136255368297630e-03 -1.59176901568673949e-03
1.92788091221050362e-03 -2.74770167829076900e-03
-7.52803132209155148e-03 -4.39126502635766788e-03
-4.34722659703178690e-03 -2.56614800444172333e-03
5.26981009774130983e-04 3.82415245256773062e-03
7.29895851431843043e-04 -8.83970149360502853e-03
1.12943834145585423e-03 -3.91565808712198912e-03
-1.46752636478475235e-03 -1.81058192444848425e-03
-3.09495614923140571e-03 -6.27836120308099613e-03
1.01044855891360610e-03 -4.56498349693532600e-04
9.32870020189521853e-04 -3.79065312128373799e-03
5.51814655122113366e-03 1.00251648715007175e-03
-3.95836726764448119e-03 -2.23351330982719592e-03
-1.11353838558569756e-03 3.32675708927474868e-03
6.38053729783084628e-03 4.49106240407640481e-03
7.74433044066028323e-03 -8.77428701096922463e-04
1.16071932979878722e-02 -4.22176378436134921e-03
-9.92077960725179812e-04 -8.30293999595465432e-03
-1.99445129776687708e-03 -2.09242769631919935e-03
-1.29361554954703626e-03 -5.50467183458839583e-03
-1.09760768620921077e-03 4.30696569903467330e-03
7.15743824654814162e-03 4.13742544577898504e-03
1.17833713749232512e-02 -2.46185229485511824e-03
9.78183858071350609e-03 -3.38472167795557041e-03
5.55547419222802291e-03 7.20332473462270608e-03
9.80059193298625725e-04 -1.54231857808102722e-05
3.68973831164163494e-03 -2.07620497726955424e-03
-8.03328894273599471e-03 -4.29283112672814229e-03
-4.87120429400058545e-04 -3.27866866351590779e-03
5.71034312398686211e-03 5.73120816110773892e-03
5.23948046477427931e-03 4.97063754414840448e-04
1.00622100671058454e-02 -7.70765210778999693e-04
5.69287993142202856e-03 2.34309970820466371e-03
3.23808532106619482e-03 -1.92507322471138325e-04
2.77355325146656957e-03 -6.52828071099037684e-03
-3.39335625003841341e-04 -1.93040620251760291e-03
6.11935312138603936e-03 4.76389499377048459e-03
4.13963749444501948e-03 2.62551811255537417e-03
-3.57824857981145581e-03 4.09229870890803760e-03
-1.98029852607940803e-03 3.04110086914750367e-03
7.17798932075620292e-03 -6.90917624653962503e-03
7.89807145248989755e-03 -5.23646288538094033e-03
6.70643777487680420e-03 1.68537885190104799e-04
-2.37545487289734012e-04 2.73509420973155155e-03
3.57834638493705103e-03 -4.21420995029797140e-03
-1.36898990070332825e-03 -1.54179970316821566e-03
2.67532373572762971e-03 3.45545647207564765e-03
-5.83006402460680903e-03 6.33576381660969773e-03
4.27238516504796061e-03 5.94109011429197476e-03
1.23542706436709816e-02 -5.73263953940992676e-03
-2.23224365041384135e-03 -8.26266022782626459e-03
7.68618520466376695e-04 -4.12312829926083941e-03
-2.62474168138185620e-03 -1.77601564808411603e-03
-5.81778433042244559e-04 8.30647572167700181e-03
7.86162397930493910e-03 9.40062467632467313e-03
4.17063897255170665e-03 -4.06146084922966687e-03
2.54759032047196902e-03 8.31601964376500399e-03
-3.09751691074400202e-05 -6.55628556783096738e-03
7.35610737603529380e-03 2.74627718495264802e-04
4.01123913854715096e-03 -3.17136247353652688e-03
2.37221955288303049e-04 8.43005653191236312e-03
5.87153564982108907e-03 7.54728954607530433e-03
-5.66543937617560844e-03 4.50315126970433216e-03
6.22944888574653109e-03 -7.47354238776124728e-04
1.13802185698295283e-02 1.22055006628702719e-02
3.25906970024958777e-03 -4.90348536461689133e-03
6.56055946014095191e-03 -6.10963961550544873e-03
-2.74619666065260056e-04 -4.24900352734030543e-03
-2.69872085667641204e-03 -4.19145610273965758e-03
8.53077741350359575e-03 -2.33566761235012507e-03
1.79986115823749671e-03 1.03039501876843499e-02
3.86093512614480447e-03 3.13694553597066404e-03
7.47770687279285511e-03 -3.89724103236529021e-03
-1.80382234376973431e-03 3.16029607916383862e-03
3.41707524006083134e-03 -9.71341246164570196e-03
-1.51927166350825939e-03 1.95165660591015166e-03
-1.03999316605981468e-03 2.80239440283603953e-04
6.33502774677356401e-03 4.23869820817630513e-03
3.27492835495121022e-03 8.11486933740614320e-03
6.57107039841786124e-03 3.42788035742883036e-03
1.59788118730701187e-02 5.59384028330057667e-03
-5.70594461401525890e-03 -3.52178189498426452e-03
3.14466389546749769e-03 -4.12065314844593973e-03
2.72885425587760997e-04 1.78554556027649440e-03
-1.88590205644904787e-04 -3.44783719826175774e-03
4.84343307262061033e-03 1.60663027201137149e-03
3.35656510691309919e-03 9.10263365428652486e-03
9.78075632067926075e-03 4.16828469587488199e-04
6.19265370335671944e-03 9.50980419739033277e-04
8.37870122859520061e-03 3.50112130802288459e-04
8.06214141255127623e-03 -4.38531463106335215e-03
3.22857732396770103e-03 -5.34025764408196674e-03
4.72641530590333075e-03 5.42910942658638828e-03
-1.08075604323431762e-04 -3.57644802131143122e-03
4.94091018342914575e-03 1.57117257500204188e-03
6.95646152582948037e-03 2.37936722108781588e-03
3.28983743863897745e-03 4.61322722097405862e-04
4.49912834397598726e-03 7.50038133407395554e-03
-1.81222252888513951e-03 4.64445224795567864e-04
-1.72685425550888325e-03 -5.90114434791469585e-03
3.96049814702106352e-03 -3.00619180493369529e-03
-1.66269311773290093e-03 -3.04844497152025789e-03
2.00196297419273249e-03 6.05617855570506070e-03
5.03721711151620781e-03 3.88471101403259854e-04
2.82162337567616649e-03 -4.69874243267429320e-04
-4.13090254554256218e-04 -7.43503963195886203e-03
1.77405451857387477e-03 -5.34621405915147643e-03
3.21834768703806173e-03 -2.72256367426367040e-03
6.36459347390039396e-04 3.77787217529320122e-03
-1.98606623862436710e-03 -4.01021751207248679e-03
-1.03802461978792695e-03 5.78360173098584496e-03
-1.46978855440522889e-04 2.51035872171851337e-03
7.24875453137654568e-03 3.52648671898204849e-03
7.81403556871404850e-04 2.29025144825001836e-03
-3.96948168514763434e-03 -7.81139369506391552e-04
-3.92934223866484272e-04 2.62385407760107239e-03
-2.35873505604086145e-03 1.54967066372073805e-03
6.10217042202010904e-04 -1.77193241026739313e-03
5.91123244836746185e-03 6.13151280404881146e-03
-7.66897789406748628e-03 -2.11699824969199162e-03
-2.02057853341052043e-04 3.33855129538825415e-03
7.41832517532548495e-04 -1.89288325634283969e-03
-1.61377272055985470e-03 8.81788400981507042e-03
1.71528488148923368e-03 -7.31253523544369514e-03
1.31667793774734444e-03 -3.43137969314708229e-04
1.23018317601353267e-03 5.36843464632578114e-03
1.61842334269863622e-02 6.55517162741528318e-03
1.15974722464812080e-02 -5.72969237070011708e-03
6.41969211375344791e-03 -3.37130387852911228e-03
-6.91137809599933449e-03 -2.15444702604953089e-03
-1.77708031381572823e-04 4.88181363701647216e-03
8.55147227887344263e-03 -6.77179378087246707e-04
6.25858854933642860e-03 -1.39894549147605600e-03
5.33414107238598494e-03 -6.27870315021882197e-06
7.01884896748254661e-03 2.08599202450527330e-03
2.06377327359052835e-03 1.77576579888043414e-03
-4.48642728704863429e-03 4.51114420448416042e-03
-4.11351030256101521e-03 -1.44020343080420387e-03
1.80397427834637185e-03 -1.94073156153753377e-04
-2.69439226939585999e-04 -2.71215908267328186e-03
-2.92561882877749374e-03 -4.00685846840365730e-03
7.88526553185714407e-03 4.99099144395106446e-03
1.22356592603309888e-02 -2.45149371321833325e-03
5.84461162894440913e-03 -6.51100107976498865e-03
7.18275185880204968e-03 -3.05915137071389098e-03
6.92742214856907103e-03 -2.85829851997561996e-04
4.38928915931728961e-03 7.04859491269710413e-05
1.44249231075122821e-03 -4.62602898865764698e-04
-4.74573929599663227e-03 -2.78315426725572355e-03
6.10716937226267638e-03 -2.26664038657540786e-03
8.59589579955606121e-03 -2.04600905052290498e-03
3.31486495290785402e-03 -3.12230497719835848e-03
2.05493738521351837e-03 3.02889194216548639e-03
6.95830795767358621e-04 -1.25499427232322099e-03
-5.81236803085887453e-05 5.96936464957708007e-03
3.56131273646914399e-03 3.31638724756814270e-03
-3.50748782508727725e-03 -4.36138184779913916e-03
4.40426949699469772e-03 -3.07988011631109932e-03
-2.23094131597838426e-03 -5.69292346329574499e-04
9.14533400967081252e-03 -3.75457339794840316e-03
5.25278507356184352e-03 1.38133874558415254e-03
-3.29506625003905861e-03 -1.43039054874935620e-03
3.83117183988196256e-03 -7.18687551890608619e-03
1.55264315244639669e-03 -1.27262721250622824e-03
1.84718399987674939e-03 2.17341692337233482e-03
6.97746079225103517e-03 -1.88729062858096226e-03
7.61181587153077471e-03 2.51855710680763808e-03
6.25518270786966780e-04 -5.88889102275016682e-04
8.48139852317143610e-03 6.13094855104144316e-03
1.58216822278764999e-03 -2.46438443467204664e-03
-1.53120409791769174e-03 7.63041448859015647e-03
4.59274358377830417e-03 5.35818492444908433e-03
3.00294228080045644e-03 4.58056501176612972e-03
-8.53070397034396202e-03 1.98977276656582601e-04
1.06651217446728092e-02 1.09446596441297762e-02
7.79447215277073464e-03 6.47479789087585314e-03
4.54171321215064358e-03 -2.28495769023137488e-03
1.25867549506723190e-02 9.37874391727156788e-03
-2.29145935062959700e-03 -3.05938102700167554e-03
-1.35285388794046589e-04 2.18156486773650763e-03
-1.08786075775284849e-03 -2.02822755620113686e-03
-4.32637680748725523e-05 5.39689543108654544e-03
9.60603241177700358e-03 7.52643092153003433e-03
-4.50836840010627668e-03 -8.16084156488130520e-03
-3.14496828482185116e-03 4.95767101753758800e-03
5.25805661742016935e-03 8.24285030860786097e-03
2.84363753042141815e-03 -2.69438834167380408e-03
6.15657439923245542e-04 4.47196526994526379e-04
3.32877590556663163e-03 -5.85332659255568839e-03
5.94224799317391757e-03 1.38973417938162321e-02
8.33538738985243645e-03 1.06850533908101671e-02
7.60159480156215577e-03 2.01122345244833869e-03
4.66829467762266536e-03 -5.10485787887495022e-04
8.13319271829380727e-03 2.12900899867215663e-03
3.32826998850785198e-03 -1.45788637431304717e-03
5.54491743734286321e-03 -2.78015471039135334e-03
2.84154829050801798e-03 4.74662073530072830e-03
6.66510730999880785e-03 -1.87539602241371985e-03
1.46217150722021826e-03 -3.80355142051147727e-03
1.58050708202093116e-03 8.98476964749567826e-04
-4.01221754037727331e-04 -5.16022027195146924e-03
7.40490181081942850e-04 1.18356493807222950e-03
1.13705206161622877e-03 2.40286460891602285e-03
4.44547215185751854e-03 -4.05738962041358054e-03
2.06966331885228162e-03 -3.19348495247767390e-03
-2.92868202536467623e-03 6.54718760095148334e-03
9.69509909959725448e-03 4.35942786702050392e-03
7.65922815850090654e-03 6.18118885672490175e-03
9.11648388387881897e-03 -3.27061172050160031e-03
5.14697495277329723e-03 -3.74146082053095248e-03
5.19992747982262610e-03 3.19181212327947217e-03
1.41881202508535261e-03 -3.12532752569296454e-04
-4.32403226808233260e-04 2.41051948562261750e-03
4.82706671861979526e-03 1.10330890940397702e-02
1.10387239983540768e-02 1.06438817452951546e-02
4.85201589574587623e-03 1.32563470802782622e-04
4.43121202418252178e-03 7.71283610127316503e-03
7.69556472011578320e-03 5.15566487364910089e-03
2.32182785310425894e-04 2.60421794777668638e-03
2.87013324234072472e-03 -5.82565548395388121e-03
3.96635252325951322e-03 -1.11269946660668166e-03
2.36005471073109799e-03 5.16328294317528955e-03
-4.13327763998722671e-03 4.99632759990090245e-03
1.24114622782073095e-02 4.23482997159701103e-03
1.02232658598537353e-04 4.51792537766112102e-03
1.11198980192757130e-03 7.57871929999006429e-03
6.06840850325369129e-03 -1.46825377267256665e-03
9.75537607857943426e-03 -1.72467428026854149e-03
-2.20678522407806573e-03 1.32337489912077132e-03
3.43987387983096110e-03 8.36831241928861005e-03
-4.37457076003520788e-03 -5.56600756890974108e-05
4.06820948897879814e-03 -1.87495175868890719e-03
7.48777077742352869e-03 -2.20069434728165179e-03
2.09622291441135047e-03 6.43312516523722889e-03
6.94758383352981051e-03 1.23190349431830971e-03
-6.12151888360562102e-04 3.38942914926909427e-03
3.38115250918463858e-03 -2.61664897436151254e-03
7.67491147431695678e-03 1.18409784897124839e-03
2.73195401943444752e-03 5.29983575630409008e-06
-7.21299722081624752e-04 -1.36098666797413066e-03
2.30082846105439317e-04 1.28230835837970809e-03
-2.22374584607907969e-03 3.37270222156359906e-03
-1.32072018250278160e-03 -7.58281007441198129e-04
-2.17684852346186879e-03 1.81382464441987392e-03
-8.82366756915274088e-03 -3.01997856762327606e-03
4.75839606806718884e-03 8.65768086685143705e-03
3.92195391737844290e-03 -7.99643791929808569e-05
6.81182516275688748e-03 8.02713513549452827e-03
-7.60750875667438441e-03 -9.51787513053655929e-03
-6.66986241465987884e-03 -5.33786371695075829e-03
9.76528936467710267e-03 -9.14482440363398189e-04
-4.94724454744309037e-04 -1.42116849615295726e-03
5.00074873427514086e-03 -3.31798718678866147e-03
8.32647601709246912e-03 4.17511800710516651e-03
4.53721943785611107e-03 -3.79523790999949288e-04
-2.61649275003659728e-03 -4.69528012405224235e-04
7.01602061362494142e-04 3.85864431449278039e-03
3.98489175919773328e-03 -2.87143174221299096e-03
-2.64883690130804025e-03 3.00263207422056446e-03
7.96461339330825115e-03 -4.15085996727363165e-03
3.60662200415783616e-04 -3.10018851021391694e-03
1.47502255982440047e-03 5.12808123232930384e-04
6.53466464490856051e-03 4.68615409434975250e-03
-3.93257986710723179e-03 8.21490385606443176e-05
1.21532740849458684e-02 4.63393673736325895e-03
3.81652333686803178e-03 -1.64592046153967252e-03
6.64143424015890479e-03 4.92917162791156778e-03
-6.03448857040226033e-04 2.80245876912471603e-04
1.14671207023487823e-02 6.40003514041826674e-04
4.54165478354147476e-03 5.77048509082430001e-03
4.33743092172303706e-03 2.01192656076020892e-03
7.97967542776470071e-03 -1.11296943991402155e-03
4.91046187148398618e-03 8.13176255521059002e-03
-1.57680263119409220e-03 3.89183670254701023e-03
7.78886676102291155e-03 2.16608671873564891e-03
-8.85448167343503363e-04 4.58250090284315938e-03
4.06215078940468186e-03 -1.79574722418877918e-04
7.91884896915831700e-03 6.65345687566215593e-03
2.23549870650226884e-03 1.05747036159292793e-02
1.62549508480851418e-03 1.14909577152214862e-05
3.33954283626178034e-03 6.92957911679845887e-03
5.76828916864585619e-03 4.47989040797252657e-04
-1.64426379679925849e-03 -3.54969236073836324e-04
8.58268465877803574e-03 -8.18827009803763431e-04
2.13669355141140032e-03 1.38635599405299023e-03
8.91969089506976232e-03 5.98329234967891633e-03
1.37601583570062845e-03 1.36145183572264957e-03
8.74317046978784727e-03 -7.38167393228375546e-03
8.97073095422131275e-03 3.85104555588390617e-03
9.60329345975953833e-03 2.67855209071852628e-03
8.58398846251865908e-04 -1.25853966934089373e-04
-1.05414141351577780e-03 5.63217446560883769e-05
-6.29151916402709375e-03 -7.34672170852742126e-03
9.31416979095397134e-03 -1.08245768154421776e-03
3.98855988959995016e-03 5.17665868303941300e-03
6.31507230053337913e-03 -4.31147696959622521e-03
7.18974761827886888e-03 1.34111838968397363e-02
2.84264433555501701e-03 -3.45297997722777495e-03
6.03621896509895506e-03 -6.37071684876470718e-03
2.86272385599670078e-03 -6.45292252665117302e-03
9.16625006901168951e-03 1.77266356294829199e-03
3.12747094022076955e-03 9.67863621938942764e-03
3.34152586044783465e-03 5.27606201784829552e-03
1.05112822755604064e-02 1.11446007129256805e-03
8.77198722358790879e-03 -4.79774571303789572e-04
-1.12446901820200250e-04 -8.79743497074979806e-03
-1.61648449713484052e-03 -1.15154414020624115e-03
2.87424363366028826e-04 -1.11985269102347698e-04
1.09144521576811445e-03 8.56476188855240586e-04
-9.44624769164872555e-04 1.17454433160922786e-02
9.68808724611099070e-03 8.97779875775893237e-03
-1.17281617036880769e-04 4.18143225449581473e-04
1.13787777955624446e-03 -9.07499250027089588e-05
1.45037558579138486e-03 -7.56982706639761169e-03
-1.44594661699421942e-03 6.90310540469532379e-03
-4.24310186714304139e-03 -3.26818430318107306e-03
7.48968098622475320e-03 -3.40312937186888678e-03
-1.17079139870684338e-04 1.04338284736651722e-02
7.15684251850358041e-03 7.00819102408703314e-03
4.76304405086170300e-03 9.25421602111866715e-04
7.06167142689586701e-03 -1.47287506077030720e-03
5.12202930844292068e-03 -7.09024690063691978e-03
4.37571655840238681e-03 -2.96134279017881176e-03
3.31457219901635635e-03 -3.08693610755131874e-03
-5.39474056021442766e-04 3.86458005989102817e-03
5.13499074606466824e-03 4.90129925592516780e-03
4.18171096228525229e-03 8.02970119568642907e-03
3.49079725056971680e-03 -2.59608934682104323e-04
-6.28827257549478586e-04 6.70823469599000216e-03
8.63898302981814387e-03 2.90539521849976544e-03
5.38226865055414262e-03 4.48488717253387771e-03
6.90022292870393159e-03 5.23730228402781439e-03
7.07227485419622496e-03 6.07189734900421500e-03
3.46706016353414163e-03 9.23775321417198703e-03
4.54692070416087661e-03 4.45385383314870088e-03
3.43558555364431280e-03 -5.15540438504931246e-04
6.87535357471170516e-03 -5.83698197239754940e-03
4.23273526744322951e-03 2.81185926988742479e-03
5.23391292277151574e-03 2.93215301609047894e-04
-2.67988563443341446e-04 1.88657970103751102e-03
-7.03817508568633956e-04 -9.19530825511796074e-04
5.92347711691815736e-03 3.72248871650336047e-03
9.09397307205581443e-03 3.54416318144498655e-03
7.61426676491290273e-03 -1.14186366635391314e-03
3.74172834076939029e-03 8.08789713417910547e-03
-1.94377012120565775e-03 8.26793424754318843e-03
-2.23372654416523295e-03 -1.31623513275907133e-03
-3.94160508079040035e-03 -9.86503327158369525e-04
-3.18442001918800826e-03 5.02954441515984698e-03
3.56270646251005598e-03 -3.25310010317569594e-03
2.71558347981528964e-03 1.08955254612556332e-03
7.98819825377435934e-03 1.05838266966850323e-03
1.00362762710521167e-02 5.75013660296837584e-04
1.44648795566468561e-03 2.21429167005324744e-03
2.84020778871762027e-03 -7.93590559920526227e-04
2.07832643090987042e-03 1.57109345514592916e-03
5.30091850618198061e-04 6.69662092322285355e-04
2.70046131399475156e-03 7.59319675934701580e-03
3.40995021704220162e-03 8.80487461404728597e-03
7.22189859271062801e-03 -1.11884177545366111e-03
8.70113864797995851e-03 1.13901289083994314e-02
6.17670145777600519e-03 -5.96647785953735533e-04
1.01491642371665265e-02 2.89410233762379390e-03
-3.30625091796715297e-03 7.74244056969752327e-03
3.21509487319581420e-03 -7.88376747077419921e-04
-1.57905422097183749e-03 -5.53683788205814893e-03
1.70253367462638996e-04 3.41635830393850412e-03
-4.16023705403697520e-03 5.12742612617602452e-03
8.67991331837984152e-05 -5.73221002145810326e-03
5.57674958927952946e-03 7.10803546397009104e-04
1.49608066948059889e-03 2.70162678484127611e-03
-1.76068685773490916e-03 -1.69164531989768568e-03
-7.52133729302758257e-04 -7.76828728927257879e-04
-6.44017246097838923e-03 -2.41107156597525048e-03
3.37726883681346108e-03 -2.10698070108872402e-03
-7.92437676262195724e-03 2.95770001261014054e-03
1.08558615985410185e-02 -8.01352934957273721e-03
2.03869139651923241e-04 -2.87477289526361654e-03
3.39070979320491581e-03 7.24635736918169664e-04
-2.91148666101588441e-03 1.09616937554567868e-03
7.98824646582974029e-03 5.48137020913038678e-03
3.47490241478079628e-03 1.85506926277170196e-03
6.32470240078645760e-03 -5.06288565392490255e-03
4.50830440997688348e-03 3.96104881878616300e-03
-6.05664399362395699e-03 3.74856358537844873e-03
-3.75753863522898784e-03 2.18026898064133069e-03
-6.16226302795119156e-04 -1.28455102712527651e-03
2.54933892834460600e-04 -2.93897381099331818e-03
2.16842147309881947e-03 -1.44797982852600546e-03
2.88820945102229339e-03 -4.84345989314214763e-04
-3.15681440087675711e-03 8.67445352807466423e-03
2.24400261183596312e-03 -2.99608049000932904e-03
-9.24697625822418212e-03 1.16525552806992644e-02
6.07709592943771106e-03 4.55472240197369888e-03
-2.34391755708135288e-03 9.19025006795301351e-03
1.09842014928928627e-02 1.46091437021187050e-03
-4.77529360607628368e-03 5.00247591532034311e-03
2.86265005154001531e-03 2.72056162689367307e-03
1.88163080023634726e-04 -2.24212502846105922e-03
3.65100910528927630e-04 6.46323521559986989e-03
-2.29062387022337718e-03 -5.03846890361323799e-03
2.55945922045217175e-03 -8.35067378694703648e-03
8.48078457884146364e-05 -2.67890189654801120e-03
-1.16405627811262571e-03 -1.10754528314014776e-03
1.85930189643555529e-04 3.94236358387522524e-04
4.24241464427505769e-03 2.30355301015048924e-03
3.61645761228436167e-03 -1.77745673080884265e-03
-1.15933978764579506e-03 2.83917425795066720e-03
-5.42802385180514782e-03 9.13631190295334690e-03
-7.37293483895775682e-03 2.64121243296288862e-03
-5.16847334913886087e-04 -2.46123545054979711e-03
5.67339028415237649e-03 3.75180744200787411e-03
5.92439439720568277e-03 2.04785147557425690e-03
4.84152529490490709e-03 2.46168408003852497e-04
7.76603745625719863e-03 -5.55867707297927859e-03
4.23462130405932724e-03 3.77554063472721434e-03
8.93055539893576958e-03 6.63894320015592874e-03
4.97172935577320455e-03 -5.32792996726191674e-03
-5.63575460718724209e-03 2.99513264700895353e-03
-4.39853405577085056e-03 3.37061836437420976e-03
7.17703043310406047e-03 9.38020605055533150e-04
9.01795239077793354e-03 4.74072315892595201e-04
7.11899311806891283e-03 9.08689802295564383e-03
9.12032492683950702e-03 3.89870869975278596e-03
-5.61348007654362616e-03 1.06938778539757504e-02
-7.87908195886111509e-03 6.08172407494376056e-03
1.04155506390564943e-02 5.94562749527988372e-04
-5.25446260068203504e-03 -7.51386234859809793e-03
8.26592783875769975e-03 1.16756466162604329e-02
-8.16746798823753638e-03 9.93454356820071272e-03
4.97804136993085840e-03 5.26292872432425167e-03
1.23089450253439769e-02 -1.21962084057662939e-03
4.46733906821614613e-03 -4.38246425376022201e-03
1.15760443595028812e-02 9.79315343145660240e-04
-1.06882988062401620e-02 -3.08256369717356841e-03
-8.19567695737854519e-03 5.22973144222542256e-03
3.71353748125563977e-03 5.39450858876682187e-03
6.26585325073215904e-03 6.55497769862704426e-03
7.49616283879811322e-03 -7.16292608230124049e-03
-4.31880333708469909e-03 1.14625643219331782e-03
4.03887717209065224e-03 4.29564073603452921e-03
-1.59238547735280657e-03 -8.87982004384686892e-03
1.22369514727676859e-03 4.33381049838273483e-03
3.11701919011486911e-03 -4.59377056173023487e-03
-5.43018453987148021e-03 -3.74804718478181855e-04
1.01410431193002006e-02 1.10037386059814776e-02
2.20485701654882455e-03 2.57915688269137744e-03
2.62502762104665577e-03 -6.79369309725977744e-03
-2.45568534668494029e-03 1.88998916895277052e-03
7.63832712586824442e-05 -5.05906260945256352e-03
7.23660437317633076e-03 2.57321456320413935e-04
4.84356929131993480e-04 8.09468629908363896e-04
8.49192167585859428e-03 1.84536956061119974e-03
8.58829183836913438e-04 -6.39325578890074034e-03
-3.35395245347446837e-03 -1.07772329834653286e-03
9.47713530831368321e-04 3.62219886656891610e-03
-1.23208575781578013e-03 -5.00129640514809792e-04
2.31744449155370279e-03 2.44394679764486618e-03
5.42783789233600047e-04 -4.42912027859112406e-03
-2.57622170522888751e-03 -3.23097951259288191e-03
1.98090898351223994e-03 -5.25936436285338611e-03
3.54014226704712797e-06 9.05317495726043822e-03
8.36139476921105539e-03 4.65092596998261873e-03
5.13080174159180787e-03 3.24998657759198754e-03
3.15692424590239716e-03 -5.50091296778779451e-03
9.70340701393376977e-03 -1.82031852060033261e-03
9.92001144463629247e-03 4.29538338541586660e-03
1.47792483846323421e-03 7.43127076062702146e-04
6.00558275691708519e-03 1.48546677822658431e-04
1.25089301183287770e-02 1.65982555087988096e-03
3.84016287444045997e-03 9.92038934116377556e-04
1.50391260422433164e-03 2.98774179938215024e-03
1.58673448672402932e-04 4.54854298714902402e-03
2.69386181059782463e-03 3.43436261328897196e-03
5.92800646852785756e-03 -1.54883058536266324e-03
1.08945559592091962e-03 3.49723118614925135e-03
3.56634656846179302e-03 -1.68736594842960517e-03
3.73428923732713886e-03 1.30950416791739111e-03
4.22534331912793187e-03 5.46808044574103105e-03
7.46746684640472135e-03 1.01294692828483007e-02
5.00804499275144758e-03 2.56977936541747005e-03
7.75466511592512626e-03 7.07396261139865180e-03
9.28350582893560771e-04 -8.09722108644619215e-03
3.39162245924539514e-03 6.77030663021844364e-03
-2.15751674328885749e-03 4.59471285750574516e-03
-1.26133311269156301e-03 5.52020562227686050e-03
-1.47893822667766271e-03 2.72784180972170023e-03
1.36371604580417583e-03 -5.32814691670624972e-03
1.30630125740402187e-03 7.96242579410714649e-05
7.86683409041807370e-03 1.29146061164289510e-03
2.14888378582700837e-03 -3.29833197841803046e-03
1.15999372807966774e-04 4.75527728180596097e-03
4.92109792654418354e-03 5.95939388567634249e-03
5.30571066890547696e-03 -1.38334218932494816e-03
6.46356622088928735e-03 -6.66132751480249044e-03
2.95210341238454858e-03 5.30069308583075265e-03
1.95194624664274353e-03 6.56293226850085745e-03
-8.11879996593684559e-03 3.95706418687251458e-03
3.70488301752529628e-03 7.04881867765223911e-03
-8.74285179238090161e-03 -2.73530806218883664e-04
-5.05155713137290293e-03 -3.59784279524584874e-03
2.10928685814673047e-03 -1.63152561098458106e-03
-1.38755688896970543e-03 9.19696441963511590e-04
4.66651181803403540e-03 -1.04543992447168172e-03
4.21215411415971452e-04 -4.95048962601266161e-03
1.73229706128361018e-03 -2.07988211041215329e-03
-3.17194786268909761e-04 -4.67965378815015254e-03
-2.77098660605885070e-03 -1.96859197189147095e-03
2.86748829592314240e-03 -1.09443348159258451e-03
-1.45179986169349079e-03 -3.17080635732875944e-03
6.79772264432995221e-03 -1.53799408790560184e-03
1.62879893527114275e-03 -5.23666271869948317e-03
-3.04065435625901171e-03 1.00473205307890813e-02
2.75947612173884325e-03 9.11554718477522994e-04
8.04059747040659564e-03 5.03956042372662736e-04
7.25623943117044076e-03 -6.90071223227831619e-03
-7.69031592506706394e-05 -2.05549124077265659e-03
-2.33995675237626093e-03 -5.47641877915170001e-03
2.92139120074170122e-03 2.97183355845078486e-03
3.22934565061430310e-03 3.51640642958828717e-04
5.69214547550227212e-03 -3.60252085774401829e-03
-3.84821639688306223e-03 5.95027723559592159e-04
8.52121949954386809e-04 -1.81660374527683392e-03
2.57573610672975602e-03 5.40781809594548506e-03
2.43410244382388178e-03 3.52735524767099962e-04
6.76943760241431169e-03 -1.24397671532304791e-03
8.59102997521221808e-04 -1.54662626680128999e-03
3.53831941418374010e-03 6.86809083346464743e-03
-7.67588738814705632e-03 5.64533457036873760e-03
1.37217476841340906e-04 2.08119884306943049e-03
8.59049608254600951e-03 -2.07822089476368153e-03
3.80599833861043927e-03 1.05762659723088463e-03
-5.30531616037740740e-06 -6.32596457751809574e-03
4.20905728233736919e-03 6.90604945069653981e-05
-1.65992501468334658e-03 3.26845713576684937e-03
-6.66602639924336431e-03 -4.43141863758637672e-04
-3.28902888288287992e-03 1.48598744970206381e-03
-1.53319961808069628e-03 2.95181631381821437e-03
1.76000278734353812e-03 4.11772868932579455e-03
-8.02594659360347687e-04 -3.00889197966385403e-03
-6.12307849821511208e-04 -1.19014875863146367e-03
8.01826761548728867e-03 6.43286214683955887e-03
6.05523946194916167e-03 -3.81377060605668375e-03
6.06104814077104009e-03 2.77887167954835859e-03
-1.97811141997621608e-04 1.47704637006077356e-03
2.60232832253360583e-03 2.70307775050771535e-03
-6.75951279362386353e-04 7.28605453267840413e-03
6.97295838050043977e-03 1.73418260158029851e-03
-3.53815247985271022e-03 2.39169301376808939e-03
3.48243011652490855e-03 -1.61944234349248496e-04
-7.73127545836207802e-04 -1.68982181940104532e-04
-1.58840426447745043e-03 3.65287770252776438e-03
-3.99697054756608435e-03 -6.62195918694523811e-03
-2.67228430735677418e-03 2.16293907700755442e-03
4.64310619503909786e-03 4.62576289166350199e-03
-2.19048723322348617e-03 -8.11351585477505539e-04
-1.48205131791920308e-04 -4.91152043232593802e-03
3.51639069742871969e-03 7.55183871127754463e-03
4.93968589414315543e-03 3.52587901739361909e-03
5.47515895904097331e-03 -1.32032677277689752e-03
5.80589539483620642e-03 -4.64492592080000509e-03
-2.30248764173302889e-03 -1.27935737634254504e-02
-1.32838007500284648e-02 4.23700896553085796e-03
7.46228355903679700e-03 1.42322194894261081e-03
-2.97150890898061808e-03 -4.70255330609310827e-03
1.61910106838655428e-02 2.91629565651447403e-03
1.03295667041774977e-03 -5.44071710082072012e-03
-4.91533898834366559e-03 -4.92721804348649102e-03
3.19666353571844072e-03 1.60521085977850635e-03
-4.26031382032141664e-03 2.88036639832871342e-03
-1.34061342609780574e-03 -1.28902205457011776e-04
-6.62275274616759926e-04 2.16422242678368211e-03
3.31756304863507377e-03 9.30688881548732061e-04
6.51225117193516678e-03 7.92802311541862710e-03
7.62346881156995490e-03 4.89220735070726442e-03
5.42881981257583093e-03 -3.24560223560139754e-03
5.21329387244049564e-03 -1.96665657145567814e-03
2.10286199463014748e-03 -5.63151963291024567e-03
2.35741165109592957e-03 6.75967831301574969e-04
2.01808180427552001e-03 -2.54307270111958942e-03
3.73727185581089992e-03 3.36443277567461448e-03
1.83559456129669019e-03 -1.06129371493961910e-02
6.49535995036836390e-03 1.51636435392165075e-03
2.97548246355031857e-03 4.13972669044319029e-03
-3.07469640876901346e-03 5.51058734671442969e-03
1.30561050899830142e-03 -4.22577965992070557e-03
-1.89910332791480454e-03 -4.30443216600076041e-03
7.63557667125096002e-03 -3.42619985432620700e-03
7.50059161354661809e-06 -7.03780928756803786e-03
1.06646841655860924e-02 -9.03259030960169981e-04
-1.38889515682466005e-03 -2.27865000666265275e-03
3.50308077417660520e-03 -2.65930838541904562e-03
2.68753921008976163e-04 -6.52351998019472072e-03
-2.55530477676153183e-03 -4.79270962477921364e-03
1.37390317937789654e-03 1.30107801960791490e-03
-6.03930124772199760e-04 -1.19439014432319319e-03
1.96702997477908419e-03 5.43544784390843569e-03
2.72468199663371052e-03 1.04723737659503989e-04
2.61249062465396384e-03 -4.78524049102088255e-04
-1.77410490501610793e-03 -3.09692245802918988e-03
-1.45609803081571940e-03 2.35403199374922692e-03
4.70448026515861081e-03 4.07876401331486779e-03
8.96788319148193909e-03 6.17165372267066271e-04
3.45550614891313715e-03 -8.79541917486459921e-04
2.56975187203155970e-03 -2.64932323730871947e-05
-8.70453609177207900e-04 -3.90040728023395306e-03
7.32633198071253825e-03 -3.52267053465953354e-03
4.32582271951018234e-03 -1.38391800634165597e-03
8.69299825818382887e-03 1.97614661370942076e-03
-5.78241004185797605e-04 2.43318047862241520e-03
2.27795625879290186e-03 -5.23614651966720739e-03
7.87453886147223940e-03 9.17911852427441446e-04
1.04711767834820123e-02 2.51392319623682621e-03
2.06547682532427865e-03 6.52470517739941677e-03
4.64827207724097073e-03 5.44964374271979506e-04
5.60422238201112657e-03 1.78857633892205564e-05
-2.13326810571874258e-03 -9.24395274774640922e-04
8.89047879507473722e-03 -7.22379862799661741e-03
6.31209622316748764e-03 1.17873501036655916e-03
4.71395247606478610e-03 2.40647157434557835e-03
-2.78098964752548829e-03 5.99663107032536932e-03
-5.30045622671990180e-04 -1.04541665203361587e-03
-3.05530309822535980e-03 -2.85207972306693877e-03
-2.57723000430620927e-03 -2.14923817975442525e-03
6.96163797520863836e-03 -1.55676671931881524e-03
7.60707897515700438e-03 -1.30353032380892066e-03
-3.04519866564054598e-03 -3.13067503066295511e-03
-6.14664714903493444e-03 1.27340301725679418e-04
6.48630588794391495e-03 -1.36085142671254307e-03
-6.11904294683968033e-03 -5.72478990976833888e-03
3.60322162076266109e-03 -2.18809134925131241e-03
8.39785888850528607e-03 -3.52017039614543979e-03
-2.22277534187107851e-03 -1.14262218324716839e-02
-4.68561624036948829e-03 3.09021116830654431e-03
-4.80672561611405569e-04 -2.65430563214011932e-05
1.83304535178725336e-05 -8.60555025411540407e-03
-4.75145812023739823e-03 -2.85413687522581734e-03
1.51536362438527833e-03 2.87717563482641327e-03
1.51445560193248785e-03 -6.85912683329383509e-03
3.52890625407022152e-03 -2.27896846862267509e-03
-3.10472348286174732e-03 -4.47305553188874841e-03
1.74221845372727691e-03 -1.53075065448631735e-03
7.95251669070765662e-04 -2.77344837461297776e-03
1.51914956888705435e-04 1.81807128870502868e-04
-2.81444805429784768e-03 -5.54800415611315847e-03
6.37504176783552489e-03 -2.49138137833233920e-05
2.58067082834025421e-03 -2.41005460149907009e-05
5.68795950519657752e-03 1.37028147722480340e-03
-6.91804713753784231e-03 1.35256825074884044e-02
4.89458480008562059e-03 -7.82234015899907313e-03
2.59940864263149283e-03 -1.54881967950680033e-03
3.20744733734124043e-03 1.23978547452041366e-04
-5.21815534462360432e-03 7.98991912516030210e-03
2.57685439347802702e-03 2.92254785498502435e-03
-2.45538126237958287e-03 -3.08452376209092599e-03
2.50683139787210804e-04 4.13540732278332808e-04
-2.95294871213498764e-03 8.28705437830934378e-04
5.98257769097544807e-03 -3.59813372859162008e-03
2.93815837117641400e-03 -2.10586842462041337e-03
1.64892701435045367e-03 3.33539930289078641e-03
-5.14038101759331512e-04 -1.44899115307684000e-03
-1.65834421916142530e-03 -3.78572031920234691e-05
-3.70155639370387153e-03 2.60264686506880231e-03
1.58916480734818451e-03 1.79673794183203301e-03
-7.34625145777040908e-03 4.31506113581040743e-03
1.50844992526104750e-03 5.91956637212626060e-03
-1.46115626208469918e-05 9.96548296659842837e-04
-1.58924707693980610e-03 -5.89439588430612678e-03
-1.10345328998576811e-02 1.46543875115021224e-03
-2.46898662104667226e-03 -1.11151564210805335e-03
5.34710005457795633e-03 1.42944591763540207e-04
7.46744385584116079e-03 9.81182575236665524e-04
1.01417931603652619e-03 1.92178505135253398e-05
7.07781272700433537e-03 -4.37192493743763719e-03
5.96815827559626227e-03 -2.79486316112881761e-03
-4.21071875351759339e-03 2.72983074851582000e-03
1.62884930901039792e-03 -3.82197620095323836e-03
4.48408191682196297e-03 -3.88621475269561052e-03
3.86122904523346702e-03 1.46115681643804794e-03
1.97021829260985793e-03 8.38470283325404644e-03
6.79565344199411798e-03 3.59545609914370835e-03
4.75056320063870115e-03 6.07426072616179882e-04
-2.17999336433023468e-03 4.32905381948346917e-03
-1.04067392444056467e-03 -2.30138875530524123e-03
1.14848828821602078e-02 -1.46160492820963180e-03
-3.75682206805413388e-03 7.58351881141215798e-03
1.81861200527861887e-02 6.86112184780541309e-03
-2.61729237731755503e-03 -4.21690032925040037e-03
-7.17511700116122818e-03 2.31068305140054659e-03
-4.71744840683450354e-03 2.09042052025632604e-04
-6.30558417043716908e-03 -2.59277180285545465e-03
3.88443367385403861e-03 -3.20480446350304661e-03
-6.13635400123571390e-03 -6.78583770052379291e-03
3.62941447836602352e-03 5.99867731084207257e-03
4.75974299479326943e-03 -1.64956630107047594e-03
-5.72308432017737661e-03 1.45401141528691017e-03
-1.05731842976088748e-03 -7.30931025391355453e-04
5.64864129443455186e-04 -4.45903938158445558e-03
5.54597005591436765e-03 2.82258597661719038e-05
1.55521642942104050e-03 4.90316613619761962e-03
-1.16160082220178825e-03 -3.47452267887385802e-03
5.76298683335624718e-03 7.95849637784999848e-03
4.41765797094689164e-03 -1.11937729346405857e-03
3.16913298462463645e-03 -6.40337486475922937e-03
-2.45233937209025444e-03 3.28091089949077803e-03
6.67761289873223304e-03 -8.07733724722065169e-04
5.28844281081158971e-03 5.82861955200045679e-03
8.61133152037645531e-03 -7.05245165746183882e-03
7.26085048676042050e-04 -1.05050139703316060e-03
6.61039378695929374e-03 -9.19408018105967104e-03
-1.43043554768278939e-03 4.04130826688365967e-03
7.42037632592139449e-04 -3.41428580435925192e-04
1.91711054496397854e-03 1.16769151835457779e-03
6.32982808839420777e-03 1.18161421791433403e-03
-6.83383093202645509e-03 1.81845458054953136e-03
4.62155263845785268e-03 -2.67611519272571881e-03
1.21015429401288908e-03 6.36047969991959412e-03
9.51927702116136393e-03 7.13883807358793587e-03
2.22219412726456112e-03 -3.93834850079705545e-04
2.25811772262639494e-03 2.85901092110526535e-03
-3.53205809807450905e-04 -1.61713490683208739e-03
3.85841038308690817e-03 -4.14061299426663225e-04
2.37553406606550018e-03 6.46481708782599331e-03
3.22466010956892974e-03 -1.45724274570327699e-03
-5.96520250664324273e-04 -2.75288815439720443e-03
6.63937230337180006e-03 1.16207013058540389e-02
-1.73346662243995192e-03 -3.09180434964108223e-03
-1.00680424864833269e-02 -7.33766024341872460e-03
-1.71327709036323971e-03 -1.37218068001604258e-03
3.99092546152463295e-03 -1.11599907859960047e-03
-3.69425020519030490e-03 4.05892538253485851e-03
3.92486648320080397e-03 -2.44391935041349435e-03
-2.41908873041382069e-04 2.12077008308689209e-04
4.89771606096785737e-03 6.43853779641284218e-03
1.12250263533494599e-02 7.44722245925763613e-03
1.01503726117569450e-02 3.29741139452629194e-03
1.23952464019806575e-02 7.59367640244752815e-03
2.89032077733323645e-03 9.05157268832647299e-03
4.88066578639916732e-03 5.44362501728841257e-03
2.48022531835847366e-03 6.36067299607203599e-03
-8.14376034696945306e-04 5.33295932062569696e-03
3.90419094583274338e-03 5.57765479454609431e-03
2.70231181093586381e-03 8.22776760548679588e-04
-9.45725423179345531e-04 7.25011107616158512e-04
9.41287774555514371e-03 -1.75025365204034187e-03
-1.18595115363005852e-03 2.06162019951221156e-03
5.95158775971388158e-03 1.79907098622786288e-03
4.54802651723442038e-03 -1.54515313974941024e-03
2.82791148441693214e-03 -1.66397978621987078e-03
-4.16191782325670261e-03 -2.86795116921072799e-03
-5.23489374796416197e-03 2.64617004211990586e-03
2.09180906628304896e-03 -2.93291754717255092e-03
-1.76838395617127031e-03 -2.98505470998609206e-03
2.33736557491043707e-03 -5.37803654157071611e-04
-8.08667656014235882e-03 -2.83905187951886094e-03
-2.02010675633698851e-03 -2.84295725575890723e-03
1.51642911018331291e-03 -4.00879096114537068e-03
8.49297049573589100e-04 -3.52374007110852622e-03
4.22823509356624275e-04 -5.63700168989449395e-03
7.18083776582614515e-04 -1.62259480637983291e-03
4.83456288760491810e-03 1.56104990455795730e-03
-3.38181519816118997e-03 -4.18715841495856476e-03
-2.69290310225759027e-04 -2.32840023939541972e-03
2.88899431444210840e-03 -1.15373972244957150e-03
-4.00758651467233106e-04 5.18172673045118760e-03
5.84688464745442265e-03 -2.83967269678948126e-03
2.43944539063953422e-04 4.16013092334284983e-03
3.39464180139037062e-03 9.84297069025416105e-04
-5.08648847518472329e-03 -3.94587124461595725e-07
4.29415568902507053e-03 -7.36371354555661120e-03
2.07469699297753571e-03 2.67210418692200762e-03
-1.16035582929662514e-03 2.50729911659168785e-03
1.76579755326505003e-03 4.93455782222644579e-03
3.62614710399171208e-03 -5.97897495780036221e-03
3.04320173759990622e-03 -4.02332738191050858e-03
4.62215874083523638e-04 2.42396725599962738e-04
-4.47319143633142288e-03 -4.28728817738341090e-04
4.31612349935247847e-03 -1.27089296535613078e-03
-3.88671258104438064e-03 5.44235276687877589e-03
-5.96535534612266469e-03 2.53772215513381320e-04
-5.51958655412959458e-03 -8.18275662536904931e-03
-3.23981172239911231e-03 7.60648379153234643e-03
-3.24534432367491570e-03 5.12696756968603149e-03
-6.13523833489716328e-03 3.93162278530817186e-03
-3.62656750364795518e-03 -2.24140692286210839e-03
1.06674829405619103e-03 1.05580117510981433e-03
1.17746248374520296e-03 6.93807801336280812e-04
-2.81197563632613239e-03 -1.16685009400122552e-03
7.09793285812421355e-03 -1.14248285444719659e-03
4.02927377213170308e-03 -4.36494021872052638e-03
4.81228172669767411e-03 8.35187320961789086e-04
6.32455533351496992e-03 -7.23535674856458626e-03
2.55386445034349110e-03 -3.47760906958152370e-03
9.36757809832652021e-03 -1.36976640630064646e-04
-1.11784638967842411e-03 4.12188477307993961e-03
1.05741785161112128e-02 -5.82347592792261705e-03
-5.62074482177171361e-03 -6.34150633156098462e-03
8.87442008525045865e-03 -1.20038722403358164e-03
7.13003281655273224e-03 7.89613675830184644e-03
-6.25701303320054070e-04 1.29074293299553076e-03
7.01021733167479181e-03 2.84310180117346839e-04
-1.37491828000359511e-03 9.47043745071944436e-03
-4.74781208814751762e-03 1.17249101299541116e-02
7.54207149332495816e-03 1.61591991098122855e-03
4.97586424789773444e-03 -8.96522926919265765e-03
3.79100763509062797e-03 -4.25726036543635101e-03
1.12848827090278499e-02 4.79060424993944540e-03
1.75640825553422788e-05 -5.34193798902317038e-03
7.08573022479898861e-03 3.23324527152003436e-03
7.12517737938506233e-03 2.85910472722629904e-03
5.54206031366180109e-03 -1.33335000399804502e-03
7.16252174048773258e-03 6.46552211148509158e-03
1.09701614246314558e-02 1.42394440379071327e-02
7.98107986498989078e-03 3.04413729984554134e-03
5.36565843738928162e-03 -5.34457971831101258e-03
-5.68242116625018463e-03 -5.73981649575289101e-03
1.65444326419849947e-03 -2.63059594318098026e-03
-5.93358476160857004e-03 3.75146980687310252e-03
1.96796067855870395e-03 5.34994407320811809e-03
-3.98812908009003875e-03 2.26246441712681882e-03
3.61627910585711823e-03 -3.36662187944596677e-03
1.00789281777573670e-02 -9.33065339005001090e-03
1.85191740959015391e-03 -8.52596076098285048e-03
4.17339609593626697e-03 -3.38553837771365549e-03
-7.62694246534396415e-03 -1.08041084709758540e-03
-6.83843545537506786e-03 -7.45551888630656499e-03
7.31880255400495314e-03 1.72629896054840993e-03
-6.71941212593532393e-03 -6.83166025181266949e-03
4.35861382048547547e-03 -8.69747865728870764e-03
1.84748988522708121e-03 2.78574842535383354e-03
6.43858233123856434e-03 -8.56632004626007334e-04
-1.29224551193980177e-03 -9.83123757678020394e-04
-4.43861466691512340e-03 -7.84886283016017310e-03
-6.31011384423493978e-03 1.93373040537410195e-03
-3.20624482642427365e-03 4.99399286819173345e-05
3.60507422638295773e-03 -4.45672006831189689e-03
1.14251380798661701e-03 -6.35289260358403839e-03
5.06596950469392817e-03 4.35852304473296343e-03
4.93271781837121420e-03 3.33601127234938594e-03
-2.11246934778740257e-04 1.91137824520218390e-03
-5.14451279926683453e-03 -5.22775182673500846e-04
3.80879355017976502e-03 -2.56551568568398180e-03
-3.75353166947687590e-04 2.63262946524662729e-03
-2.25752822781003556e-03 4.68564683597497752e-03
1.44781613751731350e-03 4.57214797099963263e-03
4.00136860470958963e-03 -1.96793444400306713e-03
5.62437084349460582e-03 -6.78855332585925463e-03
-4.54041358820985938e-03 -3.19877510777153090e-03
-4.16299017554744820e-03 -3.32705937862469697e-03
2.05543883686803985e-03 7.75082581419844503e-03
4.49138661305421676e-03 -3.41629906305438054e-03
2.64211334512563301e-04 5.61323496981945363e-04
-2.71103406598021876e-04 7.66921333809464064e-04
8.29660942461974966e-04 -6.05504755891870909e-03
3.62966231738501765e-03 1.43748029661777514e-03
-2.36860258878897898e-03 1.48100780851392845e-03
1.24089455877069376e-03 -6.11932798531633192e-03
-6.65616182119244983e-03 4.38807876582142202e-03
-6.95753423065688468e-03 2.43960255478735399e-03
-5.95025956130899175e-03 -8.40814943775696801e-03
2.65809010149929768e-04 2.83467899090273029e-03
1.18957805737835137e-02 -4.95692212361405378e-03
6.49066433409020097e-03 8.27963861311182582e-03
4.16539058984077837e-03 5.13424483756002659e-04
-1.77948882741553200e-03 4.64386866030021186e-03
5.12684452566022821e-03 4.33966757923374882e-03
-5.37034077241526904e-04 4.44853161895696243e-03
-1.33331371250910508e-04 4.42724379066177561e-03
-2.73685605980163909e-03 3.73887556703646033e-03
1.24804053256166465e-02 1.95386992082070008e-03
2.56355113896168359e-03 1.53736496871822118e-02
-5.15889657709989831e-04 3.94437358361687026e-03
5.95357085389158248e-03 1.21459050280498578e-02
-7.90132129214343032e-04 5.80396854728279944e-03
-5.66478911186114008e-03 8.31617530035588109e-03
4.55504211924871814e-03 2.99873541961537867e-03
7.48222229302927897e-03 1.42103120332974053e-03
-9.25189022340352878e-03 1.05168845509825172e-02
4.47307546811724892e-03 5.68018035750300805e-03
1.68179281578107907e-03 -3.39808412866462496e-03
1.46934409672540967e-04 -1.37847824051833641e-03
3.12034783874632878e-03 -1.89189455796090543e-03
-2.30766579424090664e-04 1.04681460707593890e-02
-6.12333606286648985e-04 1.58230209945283123e-03
-4.54069324234582152e-03 -7.76294520664407364e-03
2.24892108729021420e-03 -4.57697057820594143e-04
-4.00764345656243887e-03 1.44108912657311982e-03
6.29537140106378908e-03 3.83789250822610733e-03
1.44085830306851987e-03 -4.12064042463789523e-03
-3.01509523925041090e-03 -7.27050602570582672e-03
3.67426331934014774e-03 -4.84296224181571169e-03
-4.33533683593972669e-03 4.57980411579949947e-04
6.62356177682777662e-03 1.53189307197718078e-02
1.58134302655942266e-03 6.86467708899383272e-03
-3.65749297505310903e-03 -8.17251181375368567e-04
1.51904939595111799e-03 -2.20996553302229637e-03
5.12416150717579172e-04 -5.27507393602715847e-03
-2.04409262642602212e-03 -4.83753857004093259e-03
2.24343236071692428e-03 -7.19674353119501009e-03
3.03085626311270281e-03 -1.35577270434539070e-03
3.38221613047612769e-03 -2.41047834631768983e-04
-5.14283269749023393e-03 4.48188982010953266e-04
2.22164507130543504e-03 3.09851438951809109e-03
3.49391867253755596e-03 5.20321300462514916e-03
4.32739390643262483e-03 1.45106937909910533e-03
2.27647135535981359e-03 2.25977072339332737e-03
7.05825773993527892e-04 3.93820680781672375e-03
-7.94886717225280108e-04 9.82514303800179414e-03
1.79169418883258166e-03 -1.38089041444522682e-02
2.57359946943574265e-03 8.01373797719555706e-03
-4.92038278887724050e-03 4.42851499098765276e-03
3.24755051790458866e-03 8.52902074112900387e-04
-9.70866717220988940e-03 7.54909080738408369e-04
1.77998772056296565e-03 2.20763230572672243e-04
2.37925710611598847e-03 -7.43507040130667561e-03
3.80973512924810817e-03 -2.20074779765434250e-04
-6.27769286791952843e-03 1.58303534960901513e-03
-2.92416845991808538e-03 7.28687044916170867e-03
-6.74167394839536149e-03 -5.95044920299788414e-03
-1.24399784515825192e-03 -9.23969115549899168e-03
6.32870023263485543e-03 3.50200257816311649e-03
-4.89517617361658053e-03 -3.57144189489873093e-03
-1.11905493289354103e-03 -2.69071112776441725e-03
4.79444509600294479e-03 6.68417448060311913e-03
1.19162879695358624e-02 -8.58218014439346248e-03
3.58427450911442784e-03 -2.38920282923845524e-03
3.59965091895882790e-04 3.36921216363546272e-03
7.60326919019932716e-04 1.91724872816230918e-03
4.26834584295827588e-03 2.03980486136089547e-03
5.65892483605200374e-03 4.56054833637990406e-04
-3.15910328041694739e-03 5.30136871942593364e-03
-3.29175359376489502e-03 -4.78171453820628364e-03
5.00826128554882673e-03 -4.05667517435037055e-04
1.74775767638630846e-03 -1.62753830724810940e-05
-2.16236796126300247e-03 1.20325459019763412e-02
4.41432372524777107e-03 -2.33259704096209488e-03
1.41690901676005303e-03 3.51322231268783470e-04
1.27739634196753792e-03 4.07039722917241966e-03
5.47037642956460686e-03 2.73630567032933899e-03
7.55215041411352612e-03 -1.79028815187799208e-03
-3.16368396225622612e-03 1.70890059066951885e-02
-9.62502120195405514e-03 1.07179821141335108e-02
7.13988196639500899e-03 1.17599859229467331e-03
6.96682109745427013e-03 -1.25112568729719031e-04
2.11792057159792993e-04 1.66225668548546177e-03
1.99404352756724383e-03 3.04266046119857476e-04
8.37247345166293976e-03 -5.21940921931775183e-03
1.26983672729538786e-02 -3.18454848078505775e-03
1.09566608956582017e-03 8.24286554790718494e-04
7.28641064712838311e-03 1.63668453871328450e-03
3.06101912267079399e-03 4.28064831942563933e-03
-5.14846538410096161e-03 4.00422087239768205e-03
5.06181510164563798e-03 -1.61870672824295674e-03
1.44423661391686817e-02 -4.08593955666318887e-03
-8.12730099819261587e-03 4.70558612931222791e-03
-4.50038945404932986e-03 3.23951244137580911e-03
-5.95753327369380470e-03 -3.68194687860184337e-03
1.08249354303674716e-02 9.19859959187979519e-03
3.60872283124560563e-04 4.35308098077381693e-04
-3.52136495454863883e-03 -1.73272858647428320e-03
6.42586747063997495e-03 -4.58167138023743859e-03
4.72155641010045101e-03 -6.62678947283721828e-03
-1.78111989612401858e-03 7.32615319145099673e-03
-1.68844997911350193e-03 -3.88973211425047054e-03
-1.62058622978781901e-03 -1.48471987911473263e-03
-5.77077278868032804e-03 -3.90412188156814138e-03
3.26537259053879744e-03 -6.78576619532912564e-04
3.39927947284780806e-03 1.75622556807402525e-03
4.98389930540532253e-03 -6.86639510292678945e-03
-9.23669989646732671e-03 4.40585997570231650e-03
4.35086543025260848e-03 -7.20446258466647064e-03
-4.29213542714445857e-03 -2.21049059826759417e-03
2.32294331378219386e-03 -2.03251249092365350e-03
9.94500289686677495e-03 5.78836934492436752e-03
3.44210209524117090e-04 1.11005766967474861e-03
-5.01475667935732906e-04 -2.82680496641108173e-04
-2.44395337132008710e-03 -3.47321320012808007e-03
-2.86908662474430736e-03 -5.70646927681015513e-04
8.86636385205667168e-04 4.62919026196387858e-03
5.71463067161996630e-03 -1.01566300522891643e-04
-2.08035821241442723e-03 5.06627127753448824e-04
-3.49189191355417979e-03 -1.43846382767071567e-03
-4.38025442205410530e-03 -2.99872967960375120e-03
1.70572754945640700e-03 -1.82143304565355175e-04
6.60352960223686749e-03 -6.79776417771942986e-03
7.04639875125644393e-03 -8.50564281191927758e-04
6.42633062611632899e-03 1.19196252117636549e-03
-1.56982736052944461e-03 -5.39501435015173406e-03
4.88512821043224355e-03 -2.51410822192335050e-03
-4.03784482983971914e-03 -6.77950666747812597e-03
-1.95187108218815883e-03 8.32396442240212510e-03
-2.15825488412157561e-04 7.94983753780940418e-03
-3.95372938881236491e-04 4.09013342232728331e-04
6.71931751531756275e-03 7.00792516157202152e-04
2.68509337156130207e-03 -4.54628190761291462e-03
-3.00074668437674916e-03 5.38062673435684997e-03
2.07877000174644302e-03 -1.68945269223719067e-03
6.85040252000749996e-03 6.70631948384409031e-03
5.85575747018092963e-04 -7.66045170428845978e-04
-3.81113078598130503e-03 1.01751171184338027e-03
-2.30155455019278530e-04 1.93711632263883276e-03
5.04267010797494752e-03 -1.37430486155049004e-03
5.22691504193513110e-03 -2.52179710395312486e-03
2.70068237920634930e-03 -1.59102426270397437e-03
-2.73029781587206827e-03 2.01935097707117792e-03
3.71386452861518796e-03 1.86342312012193574e-04
4.49013829005061316e-03 1.20116244677136597e-03
9.92362074884778518e-03 -3.57264454214074184e-03
-2.91339179766272058e-03 2.13587960537159772e-03
1.10429706699878092e-02 1.65508228497134101e-03
4.15737168180715846e-03 -8.69908489317039457e-03
2.85802864618348333e-03 2.16624099031920104e-03
-3.75701163182924885e-03 -9.89114540750207251e-03
5.49722757969265362e-03 -2.63150225085719653e-03
6.47592183764404434e-03 -4.64243082931564775e-03
8.08756414483584817e-04 1.26014020931906161e-02
-3.15753674814681941e-04 -3.93939782092739364e-03
-7.10697457530685799e-03 -8.75358721817805045e-03
-2.36427574033375469e-03 3.16723864786710215e-03
1.16438217457033393e-03 -1.87822690676753864e-03
2.16111734726031094e-03 -2.98107152159034650e-03
1.24861546062522591e-03 -6.68937386075247036e-03
4.02546735752795214e-03 7.04620924167640513e-04
3.86011957050822559e-04 -2.61215471794691047e-03
1.27871113263872723e-04 -2.91412539664237438e-03
8.67936319020451582e-04 2.46379468036473422e-03
-3.77784235383227555e-03 -2.13859100526474612e-03
-1.76004643606690679e-04 -1.42513934454663923e-03
9.11998872327555153e-04 3.61934782529707653e-04
1.62760375664543081e-03 -1.26029865649714286e-03
3.37653134414740838e-03 2.99435549170094188e-03
-6.46139157384501266e-04 -4.40788037818245007e-03
-1.71254238205381876e-03 -8.64799662034349513e-04
-6.46805049589786133e-03 4.07882680486678934e-03
-9.55351135634870422e-04 -2.56373525937427741e-03
9.35733896639285396e-04 -1.78759336333768055e-03
2.89323236519606038e-03 4.38740527347638264e-03
-1.59820843894829877e-03 3.03974687937650029e-03
3.56126891908607746e-03 -2.22636101102822526e-03
2.27511470537742917e-03 -4.38424038857038179e-03
3.30227814597800710e-03 -3.97545784906392502e-03
7.23069970661349357e-03 3.08561231665198518e-03
-7.59985846250135245e-03 -7.68726325023210018e-04
9.06187603440649844e-03 -8.34843256306093580e-03
2.59693759998486052e-03 7.00453992171239798e-03
3.06180061940826420e-03 -6.33987796056225197e-03
-7.16162302746215797e-04 2.39733283242760066e-03
7.55171646422042424e-04 -6.58251323287522292e-04
1.30484769202834265e-03 1.55031698466013483e-03
-1.51422604836754069e-03 -5.41765248269932692e-03
-9.49572531540839780e-05 4.45061785810799398e-03
-8.21297109164960729e-04 4.45124407744908776e-04
-3.23575535791872622e-03 -3.01646219770918076e-03
-6.59604509307805181e-04 6.22844310814938632e-03
2.98340815432179482e-03 -9.31950651712902848e-05
-4.70814573780253473e-03 5.96743337523601876e-03
-9.24561226207942419e-04 -1.56893260650801470e-03
-2.40825196604044049e-03 2.96483682450335772e-03
-1.17903394822421715e-03 -2.15271785711708234e-03
1.46733018926530328e-03 -6.64619413201473553e-04
1.48183391563651333e-03 -6.91741591307219652e-03
-8.80761877994337044e-04 4.18305986493487832e-03
3.17145933026379435e-03 -1.84149302803241909e-03
1.21383897125377936e-05 -6.41697329214611836e-04
-1.30040524335914699e-03 9.25887433155529369e-04
5.75739233675389393e-04 4.78647799057245731e-03
-3.66936211448046700e-03 -4.52629112201334127e-03
-3.00930361482387373e-03 -3.41513185271462467e-03
-1.87532982792162342e-03 -2.79665883042067671e-03
-2.66625851232751235e-03 1.42370991452003322e-02
5.59554885555474044e-03 1.84746058644796735e-02
1.01140379501379763e-02 4.62375273787850923e-03
2.19130092754860539e-03 8.20465643976318881e-03
3.64405141843497649e-03 7.50713741222175466e-03
4.80769754103974913e-03 -3.45851305905639159e-03
4.54698466307178629e-03 1.32678403715396514e-03
6.65707880407233679e-03 -3.37592529990654285e-03
2.10967792149943266e-03 9.84495501807217122e-03
4.58848699678979059e-03 5.68110280710811596e-03
-7.14399743065312516e-03 9.72374585804538366e-04
1.71431091509011905e-03 -9.60403786300679596e-04
9.32450908086333852e-03 -1.18268432212459852e-03
-5.49954007896249868e-03 1.81892123989518183e-04
9.21149705812528228e-04 1.40770331387117618e-03
-2.45246564771758012e-03 -7.68176826696904047e-04
5.46275769480574977e-03 6.76037174589287637e-03
2.40721726660433118e-03 6.40543178304486122e-04
-4.39854087489370982e-03 3.95975822346049649e-03
-5.75903606705851188e-03 2.53002098508659022e-04
-1.67527405468008504e-04 7.88477754052229179e-04
6.54311530866154723e-03 -3.18307663468206156e-05
8.41879679787055878e-03 3.09471942039964316e-03
1.13395579825234030e-02 3.20987969001630463e-03
-2.46885079908847104e-03 1.09891453543874184e-03
-8.12168650393177600e-03 -1.40303360393197402e-03
-2.79263808938780018e-03 9.66490095287050139e-04
8.20289715970352711e-03 -3.00702268386079659e-04
2.42765819919049177e-05 7.34047018123407981e-04
3.05864499455881216e-03 -3.01835576203425939e-03
-3.46985517133991360e-03 -6.58045081390136021e-03
2.74636506047351353e-04 -1.38575144701669683e-03
1.15804309603689624e-02 3.69608453002471301e-03
5.08575925571863596e-03 3.82901315675794390e-03
3.96835327214339981e-03 1.46451147557398855e-03
9.48426064308606487e-03 1.28472258767084110e-03
5.19824140843682617e-03 -3.50477857054517280e-03
-2.19669800527983903e-03 -2.92260906887388929e-03
1.09325891617787028e-02 -1.90582541197808239e-03
-4.60308666732148295e-03 -6.23661130081308752e-03
1.36286342136326065e-03 3.80420352305011627e-04
3.57067385594204544e-04 -3.16102739732246341e-03
1.76020889681469768e-03 8.69752932749530590e-03
9.14124471251729471e-04 -5.26330435904211798e-03
3.08073885509367617e-04 -1.54352694422853464e-04
2.90481109957155389e-03 -5.37467441394311705e-03
2.10408816514625913e-03 -1.35219479106195718e-03
-2.68284663589238997e-03 1.47498012087973962e-04
-4.18686365377563419e-03 -5.26713559652323797e-03
-2.89034814959542247e-03 2.62110393926288715e-03
-9.11386486168636392e-03 1.46288343155360039e-02
1.81667589839451418e-03 6.44637216277000637e-03
1.14096187749024593e-04 -3.16019262962593606e-03
-1.60401823640314058e-04 -2.99110908780811672e-03
5.24508387483431284e-03 -7.34973950457515519e-04
1.41023788973808849e-03 -7.04455545089623710e-03
7.26822918826222262e-04 1.76137831974010478e-02
3.51662120192551119e-03 2.92675981006285633e-03
2.02090169033603429e-03 -9.64265751627767280e-05
6.46661750355562778e-03 -1.10490634679592326e-03
1.37289126879979384e-03 7.75522445728671784e-03
-2.27774796186798138e-06 -5.22871492640419183e-03
2.30492760608495308e-03 -1.19114835882295545e-03
3.65276335023602232e-03 -2.91719309086943014e-04
1.96484229377491462e-03 -2.94046830359731559e-03
3.66056196931183056e-03 4.25491866716963454e-03
7.18121728080452128e-03 5.17644155717852180e-04
5.17116019274139853e-03 8.91621435895127191e-03
6.12577759071203463e-03 5.32861270757363070e-04
1.45298144663744762e-03 -3.21040250622135889e-03
-8.26903612450339068e-04 7.82925429224587150e-04
8.12058072226506250e-03 3.15372237159240775e-03
7.94545395138169597e-04 5.20717248748759189e-04
4.43642605318944963e-03 4.62575244669961817e-04
3.17560604873702579e-03 4.64450668220057952e-03
1.34243798359912476e-04 1.59441110058084791e-03
6.60855624353216906e-03 -2.04941434651607695e-03
1.02354695074429835e-03 -8.59965546740036895e-04
4.31593938716155930e-03 6.59651334043800160e-03
1.01590431676348899e-02 5.57253163772970512e-04
2.29295539414016208e-03 5.53844174607918266e-03
7.25684844080886054e-03 5.80482130411165507e-03
6.19065625129353470e-03 7.09192918145331967e-03
2.48015293263336356e-03 1.42885075265936322e-02
9.72680752823412535e-03 -5.00614363165631342e-03
9.47982251351060790e-03 1.64664252576291977e-03
7.78640430866042732e-03 9.54761841837557107e-03
2.75028537349990580e-03 -6.74618403175159583e-03
3.04590164496509712e-03 4.88748018037126093e-03
1.33058570462356714e-04 1.09481595567746453e-03
6.28635828613710763e-03 -5.34812290313579821e-03
1.29386290941958804e-02 -6.70877379272579848e-05
2.51050350900119002e-03 -2.89665809741851627e-03
-3.43804785671792843e-03 3.87743921586498896e-03
-1.94356447720938491e-03 2.08373452734636130e-03
2.46397380125258506e-03 -7.35065287299595770e-03
-6.28103546668903694e-04 2.84293975302655870e-03
1.04303808936310038e-02 -6.65799609961307409e-03
6.21119688769780024e-03 6.27042926425979558e-03
6.28510516075893137e-03 -1.18375507363324304e-03
4.17455724133954705e-03 -4.95595676633194242e-03
-3.03514911609170592e-04 -3.15593121054543683e-03
9.65808636632800761e-03 3.88511089646834899e-03
3.68593189078531545e-04 -2.02429973794705917e-03
2.00191329885208817e-03 6.78496272304269545e-03
4.37378496090422807e-03 -1.45892775613870726e-03
1.22262666351533114e-02 -4.69048489222608899e-03
5.87722900015008316e-04 -9.19188440147163457e-03
4.43065251123513689e-03 -4.69798497710375868e-03
-5.37713357042271284e-04 2.42286880620814788e-03
5.23741941570290146e-04 1.97339516272804954e-03
-8.28044833031793721e-03 -5.34225454973436768e-03
-2.78947626933507935e-03 5.28777455146729313e-03
4.82573795081293042e-04 5.17082010574873964e-04
3.42357395866569334e-03 8.76564206770186552e-03
9.41206303019024443e-03 -2.44542419322791877e-03
3.49513891583837829e-03 -2.61330865629570480e-03
9.05928179097913655e-04 1.85988813502453785e-03
7.72911992756436343e-03 5.36925811858016307e-03
2.26122359317275498e-03 3.32706372662530973e-03
2.29244103908042346e-03 5.31729608203259253e-03
4.20598898191247659e-03 4.21021977729893210e-03
2.17660020697304449e-03 -3.82446561150628396e-03
2.16940019125051606e-04 -9.23541464175346369e-03
8.09975212943028940e-03 -2.22396158068981735e-04
1.78683338881092821e-04 2.25406904627596313e-03
1.75146975878029258e-03 4.65485668183900428e-04
8.38412404772271094e-03 4.26143118500428575e-03
7.22286016006472883e-04 1.09859604340881399e-02
1.23367478184472981e-02 6.40675580478258875e-03
9.70374655922404995e-03 -6.82788414896535589e-03
-1.06471216145874459e-03 -2.33805115985302259e-03
1.64627885164982460e-02 5.07492633368892155e-03
-7.90468741270560979e-03 -5.26476934216526041e-03
-1.44919252498749290e-02 -1.11809862932761160e-03
1.58029374549102414e-03 -4.59373679068360557e-03
7.07357972257066994e-03 7.54156327632163337e-03
4.27567290066542278e-03 -4.35063375008391730e-03
-4.47372072646677870e-03 6.46834780051699833e-03
6.91195157472644650e-04 -1.69947223051551037e-03
-9.93466272415132530e-05 -1.18762886619169228e-02
6.01205564689690809e-03 -1.89196669478040543e-03
7.73745932165048871e-03 4.88072927567150070e-03
-2.07890418028226732e-03 -4.82316414609610441e-03
1.19947565991547923e-02 -5.64059146819307321e-03
-3.14500053215544277e-03 -4.50824267181096881e-03
-1.25764650421589610e-03 -7.65139351945094020e-04
4.79335992198636103e-03 1.29036776739668434e-03
3.05391894710570514e-03 -3.84369152647746426e-03
5.44865604151632908e-03 -1.09205323023014501e-03
1.47080880849311652e-03 -3.11185660451016762e-05
8.88267089425701963e-03 -8.80699888350686231e-05
-1.36748988711430817e-03 -1.65086712214029775e-03
5.77284254641956696e-03 -2.98110623423584846e-03
2.35392988319487470e-03 -2.14569579532862065e-03
2.00723564421567647e-03 1.34933101436383158e-03
2.35209070626526918e-03 2.68155773557438330e-03
3.20165224641054879e-03 1.62065394425640126e-03
-2.82600612561630495e-03 8.79369228584906391e-04
-5.01172309395019619e-04 9.30204747794048919e-05
3.60596825157256115e-03 3.22837167276406262e-03
7.70165793067910886e-04 -1.13584719547448823e-02
1.29839318501794336e-03 -3.47082889830509873e-03
3.18628978444855920e-03 1.55071933077691377e-03
5.80631969772102408e-03 -5.37230121238661124e-03
5.09670273059973072e-03 9.79660074782239465e-04
-6.03138161219010280e-04 -7.87449991404215628e-03
-4.27898261071190094e-03 6.72036217386919326e-04
4.26769026954266269e-03 -7.99218052349046407e-04
-1.11504793605939393e-03 -3.65601092859494390e-03
-4.43811263315555568e-04 2.06310605783773405e-03
-3.66472305556139700e-04 -6.60564248932211853e-03
5.41197833955374928e-03 -2.61853279710375217e-03
-9.52941983872102613e-04 -4.40248128465263320e-05
2.73608031043738901e-03 4.84582739250461955e-03
2.24525065240107659e-03 -1.77541000897588823e-03
-1.44906301706205463e-02 -1.05702361458528461e-03
3.54853553139552113e-03 3.66964776850848932e-03
1.66300082896916543e-03 3.04196617063417921e-03
3.38429979112394403e-03 -3.19755227048919158e-03
4.80352253427039459e-03 1.20703815333299508e-03
2.42175639954671489e-03 -3.51751771085380372e-03
-2.43268857478836417e-03 -1.37775956603762378e-03
2.08916170876833609e-03 1.80779326884489256e-03
-1.30973808969993537e-03 3.11911094098189963e-03
6.86093631224103727e-04 3.44846652402887484e-03
4.37255682897043330e-04 -4.09648348559746214e-03
-5.23211508326909525e-04 -1.70464223849541301e-03
6.67707140857098686e-04 9.77231524624014650e-04
-2.16030368391172172e-04 1.35945210840298356e-03
2.62820659204728154e-03 -2.66697476009668689e-03
1.02585224279998308e-03 6.86777267405507159e-03
8.47868894983325010e-03 2.55040257435930773e-03
3.02704587966162991e-03 -1.76714338209066910e-03
1.54850407454353912e-03 8.65175525828206123e-03
-2.34859003920810444e-03 -1.65873355691300130e-03
-5.90725844580819795e-03 -3.85576639741905388e-03
3.25503198317926351e-03 -1.11611025712444583e-04
1.11682501490644121e-03 2.00645489598654577e-03
4.29853040197528558e-03 -6.24222390833310218e-03
3.23580188790019560e-03 8.40419180865096139e-04
-6.34909091935442781e-04 -2.04113498181252538e-03
-3.84145043648654455e-03 6.12584712745857561e-04
5.99902796002222283e-03 5.89777726139018368e-04
1.99576887429976386e-03 -1.62650842527815344e-03
-1.07701548636446919e-04 -1.40445571513743135e-05
-2.13207993980450618e-03 -2.66565758054093747e-03
3.75478009544456749e-04 4.83025609429280512e-03
1.19206573304001147e-03 4.67040491956122444e-03
5.49143014360014246e-03 1.64772958405432694e-03
-2.20673579835098778e-03 -4.21636335405665540e-03
2.15769874781952505e-03 1.49171221256785532e-03
4.35506930781508553e-03 -4.43811122134998674e-03
5.41740051914664381e-04 2.08887088926133476e-03
8.32527967629174276e-03 4.25401126582676710e-03
8.24090269113947511e-03 2.57514901421558584e-03
-2.74109720660234641e-03 -7.12545692652752881e-03
-2.66003718168516048e-03 -9.34397553266165201e-04
4.36125180031654656e-03 -2.69202642254169492e-03
-3.72509302456452973e-03 -4.22813014128732307e-03
-3.74628905996324084e-03 9.59248407224924464e-04
4.82235389016363262e-03 2.10111522594417718e-03
-1.12108097726447856e-04 -2.62290307567908301e-03
-5.85489859506399882e-04 9.77782697194439724e-04
6.92000097690144162e-03 2.00881344705404306e-04
-2.84901640224025489e-04 3.82908020507238920e-04
2.23513055465478878e-03 2.98469783361006784e-05
3.02476763126555831e-03 3.35035214090746670e-03
-1.80021793187531948e-04 -3.52072726140116848e-03
-4.94723461168409639e-04 -4.43328987076429138e-03
7.51976654048020724e-03 3.25352737661508936e-03
1.44955123247078772e-03 2.41848802385363120e-03
1.55111669934739700e-03 -3.24901101126672974e-03
-3.53044770961360912e-03 -3.33833302104860619e-03
-2.34607389911029073e-03 2.32801710155499655e-03
-7.05498397180067370e-03 -5.65609020939236576e-04
4.69254650592639943e-03 3.03103356900254585e-03
5.19160671694574982e-03 4.22978846453318617e-03
-6.10456380133496748e-03 3.01151092135663965e-03
2.94563427870871402e-03 3.22899400517318762e-03
1.07591199663734595e-04 2.75073648005551481e-04
-1.07047156241908996e-03 -3.05184965649043377e-03
-4.04395967679332708e-04 -6.39922556353375842e-03
3.10216198890701659e-03 2.25823262042765000e-03
5.90485933538797232e-04 -3.01104895424043071e-03
1.11531046834216258e-03 2.86168034230758475e-03
4.08033185805887436e-03 7.33795273553328620e-04
-5.48856828765076962e-03 -2.10788164583137431e-03
1.85611921180177776e-03 -2.83255046746567660e-04
1.64443554819750570e-03 -2.70036089073883497e-04
1.57507933411804753e-03 -1.63353795711199774e-03
-6.03379028041380917e-03 -4.31592534849759924e-04
2.65817038772572561e-04 -4.92867258240700309e-03
6.52309353816051332e-04 1.47333043018759769e-03
1.04761642583712147e-02 -1.37696041013749600e-03
-2.06141352014175064e-03 -1.76886257274547990e-03
3.71977069545380117e-03 1.04053152261182943e-02
5.35713333649045706e-03 7.20092396922042324e-03
5.09178186824224208e-03 -6.80075961736781071e-04
1.67809701191952692e-03 2.36411108234957194e-03
1.25408905887842877e-02 -1.05488092661467628e-03
-1.17087215124672575e-03 -2.97485843530854391e-03
4.31864939585830093e-03 -9.11710578282533333e-04
4.43445107020244006e-03 3.80901098349181602e-03
1.65998162134729232e-02 6.75036234620368138e-03
2.95301951988424620e-03 -8.21674933908868635e-05
1.44203728216001016e-03 -5.05873967215864345e-03
-3.54863507883988738e-03 4.67485900966107225e-03
3.89784311767060222e-03 -3.68940792104104770e-03
4.90877224177854732e-03 2.81506417345002164e-03
-2.33924000071335724e-04 3.37276416775050001e-03
-1.18519410531849490e-03 -1.34469049397012864e-03
4.82235904990282061e-03 6.91837079661671082e-04
2.82035934625188408e-03 1.29391992175269493e-03
2.96427015015812700e-03 3.47238945872661593e-03
8.74380695526205546e-04 7.84061755484906711e-03
7.98167014088482438e-03 1.08860753137108939e-03
5.08662064239007519e-03 4.26541894430306108e-03
8.00478167426667969e-03 6.05829429343832711e-03
1.16950784999449360e-03 -3.88182589195966389e-03
4.71195787421430947e-04 -4.14739682994708092e-03
2.91189420923123688e-03 2.78661312717066578e-03
-1.73051653396788410e-03 -1.78578052893403009e-03
7.96251198976378853e-03 -1.21660117825975601e-03
3.35205616597015685e-03 1.53791813797515093e-03
4.76288680539431811e-03 2.83250550554388098e-03
6.19072093278988291e-04 -1.19003077512941065e-03
4.03700942778058292e-03 1.23931137001665240e-03
1.66010172694372720e-03 -5.45625894829153673e-03
2.08461180373239953e-04 -7.87796552525085389e-03
6.49110683137934380e-03 3.96716787847981294e-03
-4.27979771559601745e-03 4.18786151963380492e-03
-1.21151329438027732e-03 -2.66698672522654211e-03
3.61233971825781987e-04 8.30712997586162600e-04
2.16223799347535625e-03 -4.43463270730379625e-03
9.71258213374865238e-05 -1.41359897136481352e-03
8.49295434177746097e-03 7.52557403247716524e-06
6.87712666291291370e-03 3.14771611395314689e-03
2.57960848598136339e-03 -2.32404300446876740e-03
-3.44874582666282068e-03 -3.59654819272621192e-03
4.71098175568100686e-03 -3.21975454534855583e-03
4.15662983744465465e-03 7.22960682604371278e-04
7.73992131440105410e-03 1.16727163074321449e-03
4.65038813559453396e-03 9.06797620383849312e-03
-9.56614338986840236e-03 7.70595248512628774e-04
5.65369049326773943e-03 -1.37938011245377430e-03
1.69038123065324712e-04 6.60329795240440377e-03
5.31447906377320155e-03 1.46176244963004687e-03
-1.77791847247252299e-03 -9.08421895244281670e-04
3.78256276621167457e-03 -4.12471477095865437e-03
6.37462622872196107e-03 1.67796639077003539e-03
3.01705503109391806e-03 2.03188717251217947e-03
-3.63833339721157624e-03 8.50938617150498282e-03
4.08375949632637687e-03 2.80610636466181729e-03
-1.86056967291749697e-03 -7.80772054381589139e-03
-1.91878979162897419e-04 -4.15109179855854132e-03
1.67629439224421545e-03 -3.51571391024768642e-03
1.08596504327406721e-03 1.19621335164311979e-03
7.55494519546068060e-04 -1.49538226130285930e-03
3.63320738216554645e-03 -4.59372508429048507e-03
7.15402007391614456e-03 -2.76748394127623604e-03
3.92419994337611829e-03 -9.08520318528763054e-04
-9.46325967596732477e-04 -4.46359067501790607e-03
-1.33051914981973740e-03 4.76344801761653842e-03
7.42154302338535416e-05 2.23498133946981861e-03
4.09326631645340246e-03 -4.45634742308365604e-03
1.24435490007506581e-02 -2.74230205754940042e-03
2.20123779663993814e-04 2.29138959837652239e-03
8.19575108516292969e-05 -6.35465105327969598e-03
-7.89552939276736906e-04 6.32242583567241452e-03
1.22291951722271002e-03 1.08280472301021703e-02
2.35304430148971242e-03 -2.93982130468031441e-03
-9.18408838050594964e-04 -8.87282428881249613e-04
3.93926364318987043e-03 1.02101415896249884e-04
4.71067114490392787e-03 -7.03980056311521562e-03
1.73844232900972743e-03 3.34176215615226112e-03
5.31598585331135524e-03 4.64967853409722128e-03
7.80242408296343785e-03 6.98674076681746539e-03
1.08917109797410806e-02 -2.39291716100966962e-03
6.54323447678214001e-03 -7.29856184734071762e-04
5.20975205507833578e-03 -3.40389799583665524e-03
-5.02591855567142021e-04 -3.14964165411066701e-03
-5.69877136926889632e-04 3.54867129745188841e-03
3.53125635577888376e-03 -2.34153265123495389e-03
4.73575035720639245e-03 -3.45331771463520780e-03
1.38521217639042595e-03 -3.47874546740548508e-03
1.75697922968369165e-03 4.65703189172122969e-03
7.41716856853688340e-03 2.24489083056104381e-03
8.38832335246347816e-03 -1.43444955433982032e-03
1.21064425252735350e-03 6.79654951541744552e-03
-3.22585124085667018e-03 -2.40754358133014748e-03
1.13958558638471985e-02 -2.86704612041868570e-03
4.64269056183773746e-03 1.43341677442795852e-04
4.68190280316261795e-03 2.71579989430180402e-04
2.35996069590200852e-04 -7.48444123649059587e-03
9.73025241414337064e-04 -3.82987198547478629e-03
6.50224656327869684e-04 -3.00567308026752304e-03
-4.44389952382008742e-03 -1.02435270373522225e-02
3.19239061705360073e-03 3.65968792965785635e-03
2.64052303359809662e-03 6.79197388259676453e-03
5.44237209726764360e-03 -6.32462794468159444e-03
2.02391310333157812e-03 1.79103749149629537e-03
3.61188905171173219e-03 3.49699044540014228e-03
-3.21728250914449189e-03 -3.70403369411763037e-03
9.39480511614798272e-03 -2.82213818569255689e-04
3.21999570320535486e-03 8.48103941795180956e-03
5.50629321738718182e-03 -5.36648737196604247e-04
-1.01144511237677964e-02 -9.43759822987023933e-03
1.07274653619515435e-04 2.76122579649237094e-04
3.81546870581095246e-03 2.80380664786857589e-03
2.83389626104191966e-03 -5.64090776132987123e-03
-1.88547422661667946e-03 -2.59181061047814715e-03
7.85256506624806838e-03 -4.73713013043060207e-03
4.33259835518707073e-03 -1.48020069493689783e-03
2.72933773525055540e-03 4.96587676845245633e-03
1.00123563908615064e-02 -4.66036880728863071e-03
-4.59283324491834705e-03 -6.36593967853941751e-03
-2.24971973759575516e-03 6.62073611248121347e-04
-1.77683291366068845e-03 9.23679117979416334e-03
1.14987632311408672e-02 -8.88766820350418273e-04
5.67904319757021447e-03 8.48269566538209377e-04
-1.50490714238630478e-03 -6.48974306708889094e-03
3.44089454580053726e-04 3.88906782490610042e-03
6.88311890543336861e-03 1.09432246418760901e-02
-9.79016440787205955e-03 1.19196488155279487e-02
1.52850524968428450e-02 3.22151457370367872e-03
1.13393495836242812e-02 1.43427544035500815e-02
-7.02841469442963378e-03 -1.83915538959355303e-03
1.08913597103276350e-03 7.41435096237362881e-03
5.29840619284861411e-03 -7.68128873041724284e-03
1.84995585335491074e-03 2.90571949439299591e-03
-2.01787541832938342e-03 -5.11471655118057346e-04
3.76006130048147074e-03 3.02428739296844735e-03
-3.27891840610312684e-03 -7.29908830357567373e-03
-1.14158917003956174e-02 3.50619024401633943e-03
7.36524287167118655e-04 -4.48968785760814251e-03
1.51615628802022791e-02 -6.28576801672185975e-03
-2.81035064062266915e-03 4.32671204314699891e-03
5.00299803705671217e-05 -2.62922373557630210e-03
-3.99824890006650205e-04 -5.24189771190140905e-03
6.18539554181632423e-03 1.71430201011312511e-02
5.63427035557563603e-03 2.47110162610395933e-03
7.57765263740825274e-03 3.44441989737576592e-03
7.33522314727874485e-03 -8.15234204573925432e-03
7.16789155128628227e-03 9.37963814223069514e-03
2.46281812292773166e-03 3.85348704819362276e-03
6.57770091095624416e-03 1.46911462225804033e-03
2.11468449195106704e-03 5.90270297552803261e-03
5.26240266920647345e-03 -8.90013086180313842e-03
9.28048624237090905e-03 4.90392810519662149e-03
-4.73831713734777348e-03 3.30400469249463122e-03
8.67877691148055534e-04 -3.46027234100283613e-03
-9.10341880487791286e-03 -3.77310445335526977e-03
-1.63902571762007958e-03 -1.81483741477397897e-03
3.14968319876589211e-03 -4.24749871264872448e-03
4.39322886774892903e-03 2.57279854195087334e-03
2.85430799393925202e-03 1.62293124533109089e-02
-1.10149385376678757e-03 -9.25689490474515715e-03
1.14477567220731911e-02 -1.38324624226497314e-04
2.28072751336216286e-03 2.75505782450251183e-03
4.14990364461118467e-03 1.28055760183702783e-02
1.19076838776507920e-03 -4.25937355483916626e-03
1.31266296347572128e-02 6.00693463788251440e-03
3.29233314118586391e-05 -2.12918317564356153e-03
6.98206281135123254e-03 3.49915156761360351e-03
8.68252869359834793e-04 -2.40386552051834526e-03
-8.18818003464405323e-04 -6.64464117955501730e-03
-2.97749305012156781e-03 -4.82913490585163471e-03
8.80256441621042433e-03 -1.61402356364186519e-03
-2.49400490981422241e-03 6.23056958265925855e-03
-1.42605031343000645e-03 -1.38895331711091810e-03
7.22049889505357607e-03 -3.69218541006167359e-03
-2.71728495738151428e-03 -8.05205213364679033e-03
-2.33071988505836967e-03 1.39481897168238916e-02
4.23006719744095725e-04 3.88427623216373299e-03
-7.19168639202918437e-03 4.53387229071848541e-04
2.41729830859164184e-03 1.41861943520669108e-03
3.87664943746017431e-05 1.24542911040585280e-03
4.86241047745971690e-03 -2.66526074631426085e-03
3.76260230171890478e-05 7.46580050718002527e-03
4.65585527465376802e-03 2.31004807072767446e-03
7.64303577530411221e-04 -3.30355810214102812e-03
-4.39435881916931236e-03 -2.00839972167261805e-03
-3.93225133893022622e-03 -3.49278419743015347e-03
-5.97698256355408322e-03 -3.66605172952883147e-03
3.88802462149111889e-03 5.08969189877500183e-03
1.39940225330481690e-03 -4.44852781172182851e-03
-1.11860539277836490e-03 3.55915918946526693e-03
1.16884591017760355e-02 4.49359973677899982e-03
-3.96960438368627530e-03 1.73591060166079694e-03
-5.93910681883504619e-03 -6.63939260014451225e-03
8.19296884139200502e-04 -1.89816553752642620e-03
-1.42481367545568469e-03 3.05899103670237643e-03
4.51497328563697439e-03 -2.59286311545705141e-03
-5.16536272528086895e-03 4.40673867740825741e-03
1.11300018967340399e-02 -4.17476965647980286e-03
-6.08371479220208566e-03 4.32667824062626070e-03
1.48939426243709962e-03 -8.87208466749277343e-03
-1.52387964290033222e-05 6.64041743128732619e-03
4.00702497207751970e-03 -3.07235696021153316e-03
2.60374402157156947e-03 -3.52783480625098924e-03
-3.04722944258465256e-04 -3.45654970235305522e-03
3.83706365507289950e-03 -6.86467647830934905e-04
-2.31562750738164777e-03 -1.11532864328129673e-04
1.07976654705932065e-02 -2.34999927007124680e-03
1.75664785148107105e-03 1.04395322279841581e-03
8.58160332723609427e-03 -5.08730347641915027e-03
2.90205364670050254e-03 4.93763334525409731e-03
4.51297486141565354e-03 7.00462269117096102e-03
-1.20789126661208836e-04 8.89389216710357970e-04
-3.55732548686685506e-03 1.21184482522085201e-02
4.85256126466084795e-03 8.08765634931002918e-03
1.37982565698076525e-03 -6.28313662038963456e-03
-1.41457791921152697e-03 6.54574935687949428e-04
1.97386245761258319e-04 -7.89265143237885200e-03
-1.10464421086772091e-04 -3.28228417774706566e-03
1.27019733926432500e-03 4.20617362352366381e-03
5.83826970997650564e-03 1.12752275769408146e-03
3.95207342914814536e-03 -8.60041355942305422e-03
5.59202459012710790e-03 2.17196527263546508e-03
6.76554617033116139e-03 3.28451682490763256e-03
7.26489247895060856e-03 2.26601170471425663e-03
1.17633754563155630e-02 3.01698831642485633e-03
8.23296141183853421e-03 -4.86076452659107809e-03
1.63217829668184239e-02 6.94587624169214733e-03
-1.51841910972213049e-03 -1.18524192367949443e-04
-2.73269139151945898e-03 1.13975278639254270e-02
8.33156004894540329e-03 -1.15998411528052511e-03
8.26170437361887187e-03 -7.49296290786373009e-03
-1.44021274697054549e-03 1.91679320033070577e-03
1.80409315114868460e-03 4.12006407489014931e-03
1.37631110764370717e-03 -2.10288900394939174e-03
1.41585012142291249e-03 -2.34902434945943915e-03
2.24717504045311364e-03 8.06380726021726992e-04
4.02030342061226401e-03 2.70198131805312247e-03
6.78415782242550711e-04 3.49822880068479227e-03
9.67183860201662978e-04 8.58069063485129326e-03
-1.17152053997456452e-03 6.60612538282368748e-04
8.08455796707088954e-03 4.05712698613531434e-03
2.01803498895620961e-03 4.81433562154932188e-03
9.06459720585789386e-03 -4.08967240912448942e-03
5.68878042075900256e-04 1.15188254949922554e-03
9.72110921561855163e-05 1.83287614533726956e-03
9.85515819334195501e-04 -8.03173913810669923e-03
-5.21408763563012238e-03 -6.76417258463482942e-04
2.90797771777500432e-03 -4.34991442381243206e-03
1.42945564421981123e-03 -3.38982067427041813e-03
2.15041264607749747e-03 7.12993546426891021e-03
-3.05854690968480067e-03 -2.49662624067737435e-03
-3.44012173235332076e-03 -6.16073255091829832e-03
-2.15013358242442708e-03 4.04020585948599090e-03
9.17138102396585744e-04 4.64862220742759662e-03
1.71106674544794992e-03 1.34414782083275008e-02
4.16847417340796694e-03 5.36609527440511363e-03
9.24086051381741228e-03 1.08999835908841075e-02
-4.35789633739205439e-03 3.60939826719588542e-03
5.05137324240778358e-03 8.26023430559568242e-03
1.03803572900781245e-02 5.16249702716361017e-03
7.22450546449611170e-03 3.73676001990708075e-03
6.91802939763430744e-03 3.94453816581389564e-03
9.80710069950923267e-03 6.98832661685382106e-03
5.06119049662850668e-03 -5.80687271572851577e-03
-2.56307740801189161e-03 7.89694355265070126e-03
-1.68405079519244041e-03 1.78427776943607336e-03
1.04647175014873535e-02 7.62911477398045285e-03
5.07838652795030137e-03 4.86905495906171833e-03
6.73064835195707751e-04 5.22730564264021601e-03
2.62023358331709907e-03 -7.36959302635674580e-04
3.65102998323574681e-03 7.85255335784217426e-03
9.11114667893387145e-03 1.37178943904877042e-03
3.83550901195778412e-03 7.03864069021012135e-03
-8.58222977753658159e-04 6.87385887442737518e-03
4.90779730703416826e-03 1.60198047968342153e-02
1.18844084441282610e-02 6.76733458586195949e-03
-1.05513552649713488e-02 8.75378873202559658e-03
-1.83276488007635898e-03 4.29126811769372628e-03
6.25868153058740939e-03 2.93061411925674836e-03
-1.98116644715291010e-03 6.53044603868602669e-04
-6.45832016899736973e-04 -6.58634896439984786e-03
9.01317024219041793e-03 -3.93627148899517235e-03
-1.52366816858188299e-03 3.83259725790722865e-03
-1.64150817827984669e-03 1.91175544621768607e-03
-3.98927919922003812e-03 2.05760485429010197e-03
3.80647737268812684e-03 4.21675856505269748e-03
6.32101993573859836e-03 1.13613024571925288e-02
6.06133529441040247e-03 1.22361317401936155e-03
1.08890944605826486e-02 5.87261688060992069e-03
3.96021362063511771e-03 5.44527144701721557e-03
4.83064912099352966e-03 1.04930000711342224e-02
2.51752178560409523e-03 3.34774438189719404e-04
4.35744798054165956e-03 7.90863410936315167e-03
6.46606437381877768e-03 4.05450132362968063e-03
6.85420309296929948e-03 2.78929242306879491e-03
5.99485650360537963e-04 5.25511111691502608e-03
4.84427817693219073e-03 1.55728399324102612e-03
5.44798038838255425e-03 -4.54163753101512972e-03
8.16792241694740476e-03 3.07143450563944010e-03
8.05758099874773898e-03 -2.39672502247155776e-03
-2.20023786564695111e-03 9.18263984436599665e-03
5.93573639940476279e-04 2.42703566689751824e-03
4.38923532474009084e-04 -2.65965648563411001e-03
1.30463017557106049e-03 1.60952559704885599e-03
-2.16020709229298400e-04 6.48774892162565838e-03
5.80548343251591822e-03 5.17149367571062037e-03
5.88587652127675869e-03 3.83878953120728893e-05
4.74032887342468266e-03 2.74604675453294679e-03
1.27201185182234289e-03 5.18699772445417855e-03
8.28557473431504841e-03 -1.76601991663455165e-03
-2.95979848612825010e-03 9.76989696535679117e-03
-9.46029644469225848e-04 4.81905945092550841e-03
3.21680851568681685e-03 -6.74385817135114002e-03
8.46740327100110705e-03 -1.75874852194974598e-04
-2.25046651983490343e-03 5.03489915688605863e-03
4.50875878355365325e-03 -3.28783476672140263e-04
-4.98087855545739904e-03 -2.94621013842125427e-04
2.08818557622740065e-03 -1.72181697843958059e-03
7.87495904997360593e-03 -6.76868916811686552e-03
4.35965295097978916e-03 1.69199304822033217e-03
5.47365344754577278e-04 1.84324587518423051e-03
1.51818947454207824e-03 4.67661074371520085e-03
2.44006509562598971e-03 -3.04304020840353824e-03
5.98085015977851443e-03 -2.00645585839115317e-03
3.77847359054301994e-03 1.97920511512546986e-03
5.36945297407656098e-03 2.19501122825798388e-03
-1.49163502780406379e-03 5.00286512963762919e-03
3.27573649692085864e-03 6.07251515470229666e-03
-6.37729942340627999e-03 -4.64599863365725268e-04
6.83850723793434992e-03 4.51931522628371603e-03
-7.21804626524118138e-05 1.95502093085416334e-05
1.23062414995352455e-02 1.71979314030653294e-03
-3.32703698685587849e-03 1.91868448745951951e-03
2.41054206291962557e-03 -2.09441809577565934e-03
1.15293249545190424e-02 1.04303022798677598e-02
6.25136957045325202e-03 1.10998859140275675e-02
-3.66811277172517406e-03 1.44472879636654596e-02
-5.30558915912551343e-03 1.25917660030157256e-02
6.71690085132385824e-03 8.02045736492256606e-03
-7.71417257461968955e-03 7.19608580648689882e-04
-8.50649586665228226e-03 7.98672406110757273e-03
4.31569650808927632e-03 2.24833891831743285e-03
5.20325214033226426e-03 6.11907122939598248e-04
5.58513946783439691e-04 4.55181667831701050e-04
2.68101678074373012e-03 3.30833925893307332e-03
7.71851530652769516e-03 2.66774268659350196e-03
2.24572067162064591e-03 1.19945685435576144e-02
-4.44414996607421227e-04 4.47712081463990351e-03
7.63386790407274713e-03 -3.69048278855270656e-04
-3.02127564478505166e-03 -4.54522148744472988e-03
5.19683417880939698e-03 -6.31144637419887313e-04
3.05592314841466282e-03 1.93712107920514676e-03
7.99232356012657269e-03 5.21282173127227307e-03
4.21154042305842049e-03 3.50897259508255698e-03
-1.31392914813821581e-03 5.03633881892000040e-04
1.08427518076453233e-02 -6.23593239631852880e-03
1.50957181944609987e-03 1.15015540589953058e-02
1.67169565677444164e-03 1.96380071449959049e-03
7.01103805488722566e-03 -1.04753132371584144e-03
7.01967228068259893e-03 -3.57974025179875989e-03
5.26009690089094227e-03 5.15334150074403703e-03
-2.88015835205151810e-04 1.24880522704427853e-03
4.43405561864789431e-03 6.18551956139124729e-03
3.64045668992557568e-03 4.18028805092268523e-03
1.02192520150133853e-03 8.96416401068789517e-03
-1.31693802073632816e-03 -2.72053501698191549e-03
4.02992262708338350e-03 3.29401971135909145e-03
1.03302078573594067e-02 -1.91731402537178978e-03
4.37483925154161235e-03 1.52398616678241505e-02
8.12582489201832056e-03 7.91800509131798842e-03
6.08315074257086575e-03 4.67914686271831901e-03
-1.82558117982563307e-03 2.92145740994665965e-03
1.29565472929593661e-03 1.94540240580278910e-03
1.39027724803895570e-02 -1.18010381491911380e-03
7.40632059922958098e-03 -1.32236443916097552e-03
4.72476592147702545e-03 7.32751131444179648e-03
-5.06450524887554080e-04 3.95229842193846586e-03
1.07110799635871511e-02 -5.42171757218322999e-03
9.57366915983766018e-04 3.75882549902661466e-03
2.49777594931801204e-03 -2.88087793121704749e-03
-2.22742015614491766e-03 -3.14205078674774884e-04
1.32551077638699572e-02 4.80007292276768589e-03
2.82012085591100935e-03 4.83513331730956765e-03
8.15314525171240839e-03 -4.62955612387675863e-03
-9.95025037829668293e-03 -1.97243082316734012e-03
2.00233696302254014e-03 2.92827866159766064e-03
1.43728801793689947e-02 5.94127702557284160e-03
5.99996324309263465e-04 -4.85209972619614176e-03
-3.06326109607003589e-03 -1.98866397633345798e-03
-2.17705797502002439e-03 -5.37191596443921306e-03
2.87418573215865187e-03 2.08406478406041214e-03
3.05083757411163566e-03 -8.13505438999426287e-04
7.34369244172393149e-04 -2.79849106898447109e-03
3.10668856186231907e-03 -1.59591725182569926e-03
-1.14610840011263276e-03 -3.01189882031644980e-04
7.24525631963613662e-04 -4.61178811972427338e-03
9.40281669145890883e-04 2.99274801371399255e-03
2.47183721417285366e-03 -7.89028607654213184e-03
2.05169856412994664e-02 4.85137701403999294e-04
-5.90140017794712167e-03 4.00049309716738073e-05
-4.61194642164760096e-03 -9.50411512586335147e-03
7.57112364771118690e-04 2.55751962837419021e-03
3.38245192890518484e-03 3.22295621839984977e-03
1.68996500581025232e-03 6.30511086342190000e-03
-3.20938802052352264e-04 6.27614834707023936e-03
3.75121703210395258e-04 6.46792096726209187e-03
1.21516262409050035e-04 -2.57195366000467860e-03
5.36527847116253110e-03 -5.50297320449373139e-03
5.23061080625534299e-03 -8.44096949537771236e-04
2.91873568336463961e-03 2.14895004178495197e-03
3.08898474301221764e-03 4.56933711818609516e-03
3.42148563205866814e-03 1.68899159991127922e-03
9.66325041727458920e-04 -3.57024033249206309e-03
-2.74976675409226764e-03 -3.13557534661473760e-03
8.22902461209008666e-03 1.17361327451283616e-02
2.80611980009975092e-03 -7.89934605910298793e-03
1.06427509174952777e-05 -7.35967274599450688e-03
1.45256421107623108e-03 8.75900752949042294e-03
1.22984243198064423e-02 5.83519067833051380e-03
1.99747895015968966e-03 6.29199131086305755e-04
1.34699137819807601e-03 3.35937570125182609e-03
4.96468392904126157e-03 -5.36351250959216791e-03
1.14157326330244068e-02 -3.23352848898223952e-03
3.69330086669593393e-04 -2.79440019952797370e-05
2.90293200599491593e-03 5.45675661016003285e-03
-1.77387018598957951e-03 -6.54319820644410575e-05
3.15875566298927726e-03 -1.75689210965690131e-03
4.83910071781927780e-04 1.51197663091757009e-03
-1.12235486892725295e-03 2.20805014890598219e-03
1.25241198696134657e-03 -2.70853547597660078e-03
2.21427933890573376e-03 -3.78851204488060136e-03
1.30358807876843324e-03 5.92266931629324873e-03
1.11759771608422633e-03 2.00099109446079783e-03
7.05460772796084965e-03 -3.15331107937596999e-03
6.08892170030340615e-03 4.84506422264110287e-04
3.46819764582269796e-03 4.62156660828009743e-04
5.61718594789580895e-03 3.17341051969007850e-03
5.11932533117977987e-03 9.03484623244460894e-04
-1.86685883622261426e-03 -2.92617777125074889e-03
5.79753791243445629e-03 9.42763232293659026e-04
-1.10199903023348086e-03 -2.57763250659746477e-03
2.28975765124038487e-03 -1.42794622542099289e-03
-2.08581662134938502e-03 2.64181128106119947e-03
1.68407441976085436e-03 -2.98684594359387330e-03
6.10064197818024293e-03 9.80690643738582829e-04
-3.80343315102597487e-03 6.60863645530186672e-03
-4.92129126290470533e-03 3.99561158903997786e-03
-2.51227925010014683e-04 -3.09791684856776427e-03
3.58226596753643319e-03 7.49295641947504178e-03
3.14310111067531844e-03 3.28529601804926894e-04
2.34782278951095992e-03 -4.84201447178421712e-03
2.13989168789819901e-03 -4.79949094299762270e-03
-4.57348703177951933e-03 2.42333947340830794e-04
4.79720578709106043e-03 -4.71965011038459527e-03
4.44278999509322130e-03 7.31736860406963859e-04
2.57222374160829799e-03 2.67477581650926331e-03
-5.92696520648142763e-03 -5.84884541449625078e-03
2.76900565525986086e-03 4.25485502746282638e-03
-7.60750841934754369e-04 -5.48560206076128057e-03
4.72940201033336845e-03 -4.35214694564145174e-03
-1.07946074648938289e-04 -3.36502479911811401e-03
-5.77934167296498876e-03 2.80791506619006799e-03
-5.33019079696613832e-03 1.50686832166226146e-04
1.68124340623148380e-03 -6.43647997466461979e-04
2.70830735192535601e-04 1.66479889077666933e-03
5.19459830984789119e-04 4.33088544544339617e-03
-3.72510431668466539e-03 5.51932904345918147e-03
1.80445538352109417e-03 2.25092912877823768e-03
3.85652333819043805e-03 3.41846568111198656e-03
4.66100268033792405e-03 5.11664715063751743e-03
6.44032064305718197e-04 -2.25175860780036687e-03
-8.23634443032783374e-04 6.01797715234464632e-03
-3.43990320896505252e-03 1.17443610892265719e-03
2.98368007900079533e-03 3.82145899733565917e-03
2.14167969487232121e-03 -2.16509237115863158e-03
-1.73084756255629678e-04 3.14843119602046520e-03
5.52305037361542836e-03 -5.18833300666664970e-03
-1.36671443387327953e-03 -1.89687599750456171e-03
4.89817515990374503e-03 -6.23652632630627285e-03
8.08737252696150157e-04 3.10533926186635839e-03
5.37129885732305894e-03 5.91015461262961537e-03
-4.41152150629136978e-03 -4.49309740076362513e-03
1.40961411860394286e-03 4.05109803401877515e-03
3.98005363644554546e-03 -3.77443423669233426e-03
7.58962239705312093e-04 4.10560250252728451e-04
-3.83262899797631252e-03 2.86132810898930869e-03
1.19975661503432789e-03 -8.04629720190946115e-05
-1.50642248252311770e-03 -5.00644590153066522e-03
-2.22030323740473982e-03 2.67160985300849470e-03
4.07851322707813990e-03 2.16144351903594300e-03
1.77752588079906071e-03 2.64920093309422883e-04
2.80302280140536141e-03 8.85966128497324944e-04
1.22049417323619072e-03 -2.71982384212218460e-03
7.08100139820284045e-03 4.05269248125653299e-03
6.00403897639381796e-03 3.18151967959592928e-03
4.10156559386516597e-03 -5.07763482617000928e-03
6.60935726048087098e-03 2.16089651891149910e-03
4.21210500062341175e-03 1.56409372311312462e-03
4.50858434115384947e-03 2.20733334152075668e-03
1.72580185103620777e-03 -9.87393470939925549e-04
6.36748235433991444e-04 5.24558320985293175e-03
3.05318296193238465e-03 -1.50749155755293277e-03
-1.11465141809381381e-04 1.43730856618003036e-03
8.54912808806208521e-04 5.26074836960075862e-04
3.96209551545320237e-03 -3.62550811106072610e-03
-1.46173379897749874e-03 -2.29618345947058076e-03
1.61694398436159335e-03 9.98404125503752314e-03
1.56290587955493394e-03 3.34633931014172116e-03
-2.12230387879167905e-03 4.75307511949106358e-03
4.07212475931412968e-03 -6.52276101252586855e-03
8.36096872936151203e-03 3.01747292218776430e-03
1.33877978517598657e-02 1.89906522091891068e-03
2.21002722903009333e-03 3.30690447121482112e-04
1.35895242650523268e-03 -2.24698658817263719e-03
1.10574159726957652e-02 3.36036492393907218e-03
3.16813596575117422e-03 9.14261825660728434e-05
4.81509476127491877e-03 -2.26297841672737615e-04
-1.21165740994238656e-03 3.58915948292354509e-03
3.07613999994071864e-03 1.19115147379646744e-03
-3.52084964493326515e-03 -1.97967029393883442e-03
-2.30599702415826583e-03 -2.40749072765936053e-04
-3.25218723467317144e-04 1.00602104594863118e-02
9.64680489187898834e-04 -3.23099609635664952e-03
1.01570788461002935e-03 -3.54015861647281969e-03
-1.89503572557248555e-03 -1.93363886140039644e-03
1.43802387508007424e-03 8.71658085556950395e-03
7.47592756875994913e-03 3.71468643916948813e-03
5.28976619196320184e-03 3.54393366676161118e-03
2.94683279101960911e-03 2.00245506785971155e-03
6.27460640889676764e-04 1.91472815648167970e-03
4.95632507560104987e-03 6.48531506354963275e-03
4.27628551380032206e-03 3.00854134671191872e-03
-1.23475099627619218e-02 6.56090059653324179e-03
1.63247538927248879e-03 3.98983262283829007e-03
3.55369955697110293e-03 -6.39208422557662696e-03
-1.32655630705524365e-03 -4.93805704355799319e-03
-3.19413191023319937e-03 5.46121922980015006e-03
4.04389246726062461e-03 -1.10280187111870130e-03
-2.26858148639866308e-03 7.92269677890711753e-03
-2.06756417316738541e-03 7.74780572729044138e-03
-7.42871408618511623e-04 7.54477947373398189e-04
4.38126176433987439e-03 2.60708735764832384e-03
8.35953420080482942e-03 3.06923662707239957e-03
9.66721594797870058e-03 -5.22811507533563116e-03
4.88926802757975489e-03 -4.81677957264063043e-03
8.91965444651332366e-03 -2.27631312888042746e-03
3.87506824461797753e-03 6.33386140424634699e-04
2.97669861008649592e-03 -9.57959579451859305e-03
1.26698909385050641e-03 5.48545349690316743e-03
3.44003612926463810e-03 1.30107776945184283e-03
6.02294758653837501e-03 -3.96173048691044957e-03
-5.13761658102810368e-04 -6.29939784722385963e-03
-2.88807325972886917e-03 5.82894972466182614e-03
-3.46859907444312435e-04 -8.60436848621260429e-03
3.80714154409974616e-03 6.10977300341994812e-03
1.11170635708673325e-02 1.02027328611780117e-02
-1.02145927776226193e-03 6.20372354130098187e-03
6.91293085007332799e-03 2.02582839515750473e-03
3.48320714906434322e-03 3.22226450036121716e-03
8.29790872108642115e-03 7.72392258143987567e-03
1.10143194043711614e-02 5.92032149197621073e-03
6.28243681844551337e-03 5.39940465633292985e-03
4.31829310194325067e-03 5.80627118606494557e-03
2.30200305690484797e-03 5.84097226257871988e-03
1.03963855356643169e-03 7.76847720063763431e-03
9.66441601181901831e-03 3.46963630845154502e-03
8.56409934442513418e-04 3.66134860631259175e-03
1.46473588163285808e-03 -1.83308387993247617e-03
3.18888834370950223e-03 -1.57071232916442699e-03
7.37419200323258684e-03 8.84767193957060674e-03
7.36611964615608520e-03 1.55979454734158866e-02
4.48332313204652042e-03 6.15273007199174365e-03
5.92031332401129519e-03 9.34512564090099994e-03
9.50381125406698189e-03 6.39041532349527222e-03
2.06544233960626955e-03 4.03541953978219761e-04
-1.45193675269409284e-03 -3.25950219276111139e-03
-1.54099413910118604e-03 1.74530280981814007e-03
-5.23039915758813064e-04 3.89431001940555377e-03
4.78208545978515975e-03 1.01194026641068585e-03
3.27863088011955161e-04 -1.52607541789040436e-03
-1.18166835601287638e-03 -1.00523246260401347e-03
4.62902175351306323e-03 3.33357265116069473e-03
-4.18316879476865293e-03 4.24976377433269675e-04
-7.69760057937592026e-03 9.04752811006592252e-03
-7.02154425518617927e-04 -2.64284631935954046e-03
-2.15186169905179619e-03 -9.54594774796824891e-03
-3.05565057065624928e-03 -4.97701237312178028e-03
2.27044187780888005e-03 8.00331314768390305e-03
-1.91496619893055951e-04 -6.98798499806604911e-03
-9.57247926045142264e-03 8.59793442066700102e-03
6.90873410115280025e-03 2.13832143891139973e-03
4.74535660406077281e-03 6.04551080615031841e-04
1.01140080095349339e-03 3.72160938010543309e-03
1.43693333959475176e-02 -6.45144551451476336e-03
-7.94081643457199629e-03 7.23422628593763974e-03
5.70392551505439788e-03 -2.42724624103620671e-03
2.74692271686019550e-03 -2.42058910894533312e-03
1.02946570637245903e-03 5.00218967312568126e-04
2.01389407780797010e-04 5.32930049877391749e-03
5.79619563789915328e-03 -4.83576722923177976e-03
-4.45200005918107346e-03 -5.62521246520130899e-03
-7.45595965007610651e-04 -3.40433572493788845e-03
-1.43593446543416304e-03 -1.38798670546719173e-03
5.98892175829828823e-03 5.48712466851782130e-03
-2.29889956006686189e-04 -2.27419516131344710e-03
9.06681150600199479e-03 6.57228898313595364e-03
-1.00645954315276747e-03 -7.30203741063526271e-03
-1.98630040003924769e-03 -8.15749232896487847e-03
1.17722376747195928e-03 -3.73965637478701268e-03
-1.61112397124744673e-03 -1.11530506615159140e-03
2.39505840021592750e-03 5.74815416380857532e-03
7.69926321945677353e-03 -1.21934959154630152e-03
3.49206398220664252e-03 3.00961083960181279e-03
-5.93889068775041440e-03 1.57737414067194272e-03
-9.97013324922748582e-04 -9.90327933607102482e-04
5.31227802797702188e-03 -7.44511268415641494e-03
5.38191915838872226e-04 -2.78088950213711697e-03
3.59039146959102293e-04 2.82479219804524298e-03
2.34179738849272243e-03 4.50052590227293953e-03
8.75308920705715823e-03 4.51275924492878719e-03
4.56088548246889360e-03 -7.66682441937393991e-04
4.65962142340653213e-03 -9.95474940819329399e-03
1.07318156611029489e-02 -4.00258574840408211e-03
2.53076003730163526e-03 1.94158960035061782e-03
2.30475874716176091e-03 2.97152703237646637e-03
5.54699558809280697e-03 2.18246451249956910e-03
5.37499287545267854e-03 2.83563274113030105e-03
4.97271427605295354e-03 7.19729205464971888e-03
2.26082790445217589e-03 8.58843956860826335e-04
1.01752578460337206e-02 1.10652033732910344e-02
9.41699603348919792e-03 -2.56143261386946805e-03
3.81202550496872366e-03 1.24806594778189527e-02
-8.30083612657810024e-04 5.14156896293527926e-03
8.60784678992959282e-03 1.73342473232638390e-03
8.20520072029766456e-03 1.03776704884105484e-02
1.83198266736729815e-03 6.41262080142308670e-04
3.21111195541458599e-03 3.33735913198582573e-03
3.10170869933668091e-03 9.46763083676114593e-03
4.64250675598291886e-03 1.03366933644384838e-02
-1.13365431478381598e-03 7.44917810505081775e-03
-8.31560608946512966e-04 -1.00645678268970469e-03
4.10771409701825296e-03 -5.02992621885635610e-04
-4.15774923446992489e-03 3.62541137045010965e-03
7.86992997291879187e-03 -1.04204887659577680e-02
8.71255601260696039e-03 -2.44987612929602639e-04
-5.82337482025396033e-03 -5.22769831489232253e-03
8.14328740904161907e-03 -2.79436988575301574e-03
1.03596057319466691e-02 2.57933386128198199e-03
-1.33374008233229434e-03 1.19440315035728665e-03
-1.04046973729837928e-03 -3.46196794202774686e-03
-5.51484858651916324e-03 -5.33227479643387601e-03
3.86053085364186177e-04 -2.20871026068811737e-03
-1.59003574033142903e-03 -3.27778200055732624e-03
1.58068355201843340e-03 -1.33189702812887647e-03
3.11413562028481665e-03 -2.87382894935416747e-03
2.39795885026472533e-03 4.02920764751297632e-03
-1.62859588279080513e-04 -2.07048579922588941e-03
6.76268351377866958e-04 5.04164780071644780e-03
-5.29335297341848587e-03 7.34467401412588171e-03
1.80987114883265275e-04 1.78659585307083335e-03
1.87817444735075955e-03 2.04731609720190492e-03
5.84696747690367606e-03 -4.20398523830519105e-03
-2.53466331716656508e-03 2.35115264720424768e-03
-2.95479622984857462e-03 -1.52103925412614186e-03
2.72131317638538671e-03 -7.54674791924079755e-03
-1.27099982185227035e-03 2.96519893320465466e-03
7.23280584517415042e-03 -4.91717323906668349e-03
1.86491468774054731e-03 -3.17323187654551531e-03
-2.11251255324559645e-04 -3.06007602120913482e-03
2.17760095086148332e-03 4.18000055151431481e-03
3.81890470349196187e-03 -3.43151083993436970e-04
5.57201459114841507e-03 5.24418201397467906e-03
-1.33297761831580302e-03 4.55859423376375663e-03
2.82377423022526965e-03 -9.69867623353301827e-04
9.43565849706714545e-04 3.07461724402259681e-03
1.80868143489693978e-03 -8.15840931881115427e-04
1.19425428684361706e-02 -6.18883915409075818e-03
1.56156704717780358e-03 1.25363971967422036e-03
-5.78062084322506550e-03 -3.78924513343933825e-03
2.23399913675042790e-04 1.90161634897865534e-04
4.75838119229152895e-03 2.60756658796789439e-03
3.83021445767555303e-03 -9.77975210704967648e-04
1.06223924481024215e-03 -3.69293225657777412e-03
-3.50094858924440266e-03 3.56640744002594944e-03
2.10388863984829885e-03 -1.06662993412497261e-03
-1.51538822317962593e-03 -6.67806442822817953e-03
-2.16469806188528818e-03 1.05845394980333255e-03
-5.00474561343627194e-03 1.20628283556421258e-03
-1.69266825998614051e-03 7.12257464677188649e-03
1.69802800253186629e-03 4.51216621081760791e-03
-4.31798613205217150e-03 3.01733624434708664e-03
5.56208676862751574e-03 -6.76746026878857635e-04
5.00940404895895783e-03 -1.61281575600789721e-03
-2.20968890307549678e-03 -3.03710659755794315e-03
6.50463652959800721e-03 2.02452027612612818e-03
6.61020678256207935e-04 -4.24367372496266618e-03
-8.02111302159773322e-04 -4.49330353917796327e-03
-1.44222331888245177e-03 6.05382037449209327e-04
-1.48883439566242803e-03 1.33561466051095143e-03
-3.34285565569015022e-03 5.82309803200379856e-03
3.84762013226985214e-03 1.25511736101677359e-03
4.74476013996604200e-03 -1.70696890226282446e-03
-4.50567214273600927e-03 3.31401620978482008e-03
1.06500523356672979e-02 7.20054121978733197e-03
-9.84616649293790181e-04 1.53880016191340116e-05
7.76219870459897172e-03 -8.34337309101414160e-04
1.25160047173449238e-02 -2.56261219528657394e-03
-1.33599396239257179e-02 -7.13645675530451967e-03
-2.07905783219217155e-03 -5.28946937050328927e-03
-8.83034564519434226e-04 2.32145726964867261e-03
1.64858892615514659e-03 -3.18744333581721636e-03
-3.44275334931012011e-03 -6.04804499642217896e-03
8.25351304041927261e-03 8.29445028328966395e-04
4.15043531426314422e-03 -4.25189099951427043e-04
5.31228182120301929e-04 -1.32506761511727990e-03
-2.69849575857554307e-04 1.80104373435181785e-03
-5.19486039756353671e-03 -9.85936540642568015e-04
-5.39951976395117595e-03 -3.58493207393073251e-03
6.79972379795579316e-03 1.10998084592279600e-03
5.37363852921408838e-03 3.49097844981340576e-03
1.34905261276591255e-03 4.36884580103317501e-04
6.94488896335669539e-03 2.54449555931778493e-04
1.69145705771252372e-03 -3.26663883149543076e-03
2.98360662536034747e-03 -4.54906531750815316e-03
-1.09136006182676223e-03 6.40358747318696886e-04
6.54864879812617085e-03 -8.65510759150492901e-04
-1.50385769883500109e-03 -4.02734668705221320e-04
-2.05588995957032899e-03 -2.61285697597931537e-03
-5.86097945999760391e-03 -3.40932164418686822e-03
-3.58898860299789206e-03 -4.09903221080770448e-03
4.73484769279067512e-04 7.07057934928745878e-03
-4.50010871613973698e-03 -5.81141657360498536e-03
3.85843097775896270e-03 7.49048263451847739e-03
-7.25583482165654495e-03 -4.41435950524182458e-03
1.28222725890676965e-03 6.10780681171590404e-03
8.34035070367736102e-03 -4.50781166148586654e-03
8.84893178823933924e-03 3.85248067022257766e-03
1.40081115720495156e-02 -2.41881335453824784e-03
8.29148228974618470e-03 -7.35461815294549941e-03
1.82947715486163343e-03 -1.89473344788175231e-03
8.88344838217226124e-03 -9.35888840307854200e-03
3.40181573194984392e-03 -2.84730805163462778e-04
1.65167466491020318e-04 8.79297407917825798e-03
4.21067346374484185e-03 -5.69106710020429989e-03
6.35143096652208364e-03 -2.76243258635079907e-03
7.84208205909596098e-03 4.37748111384262360e-03
5.40155112535560446e-03 -2.55287548931000660e-03
2.48722162613945145e-03 -6.73129372871301892e-03
-2.74943366393383707e-03 -7.17158325551607318e-03
3.69578715197766685e-03 -2.37715000971504042e-04
-4.67528590793933000e-03 7.19752280693354562e-03
-2.50153876734269653e-03 6.89385635870615101e-03
-8.63680560292025582e-04 9.90706250598169871e-03
8.51713056641699787e-03 -5.05262153867976332e-04
6.08048574810098313e-03 -2.88351770676232959e-03
-5.20458203701176878e-03 -5.23797526412378683e-03
9.06261733735196778e-03 -2.21012294294279342e-03
6.96838538042463072e-03 2.34393766397934279e-03
3.01476035115804536e-03 4.14288167290172323e-03
-1.95123128666502450e-03 1.72943295071472584e-03
2.83618715593055883e-03 1.07698306440626453e-04
5.76238120493374577e-03 -4.56662529871670192e-03
4.58756831987155479e-03 7.60201377136969178e-04
3.86205261174248646e-03 2.62871560567056470e-03
2.31499716655035256e-03 -1.85229350603942182e-03
1.11076211855311632e-02 2.66730802935175168e-03
-1.52530624634499457e-04 -2.05147946201436312e-03
5.12461241526692909e-03 8.48626039241932167e-03
6.70703465916821801e-03 3.82695986264396755e-03
9.49849150404908152e-03 1.81516623860943221e-02
9.96791986430149365e-03 3.04763044283419245e-03
7.19372200723843603e-03 -8.07214098525986523e-03
4.91286202646906006e-03 -3.94915228488407297e-03
-6.78261777953165310e-03 -4.79509832862465377e-03
9.74440405507629023e-04 1.11031560921636130e-02
5.17468728723022124e-03 4.68882519140921723e-03
6.59429024603260059e-03 6.08381986958206680e-03
4.23509047980592194e-03 -4.83841948938868067e-03
7.78961697927479414e-03 -1.23064696727531687e-03
2.28629613925962700e-03 -3.72602082366841648e-03
-5.41813676135701524e-03 -2.13698931927629610e-03
9.81045282674450955e-04 4.31758880292855852e-03
6.62361388771724128e-03 -3.00952133341100749e-04
2.96136199829731225e-04 4.83187600398142167e-03
4.83520200165568886e-03 7.67317970655249666e-03
1.43040480150590692e-03 4.47110723297540740e-03
2.18068752394957660e-03 4.99361980892988003e-03
7.48619507600847747e-03 -7.02385551419358080e-03
1.04691988721431883e-02 -2.27033401112135616e-03
1.11456924030320435e-03 -1.23750781117905437e-03
3.76154132599543830e-03 3.16682322485578203e-03
-1.14981702210249694e-04 3.43919532796265089e-03
9.55477385306857858e-04 -3.15020774130482127e-03
9.98949588044297648e-03 -2.21584758378052214e-03
3.78739228593981533e-03 4.83829416464420640e-04
4.78258522721748420e-03 -3.34511953147102227e-03
-4.16512928064807810e-05 4.31147035708952069e-03
1.47878483793145634e-03 -4.42642741010134907e-04
8.33850081707053492e-03 -1.15370495454921547e-03
5.67660265310013842e-03 4.61295386344373354e-03
3.94577095559126272e-03 3.97950608222497667e-03
7.64493998904021595e-03 1.60185358953280656e-03
-2.72543504705890778e-04 -5.47197508117007155e-04
-3.44511232596515522e-03 1.65232045752853121e-03
6.81648035878430845e-03 -2.04908612560556922e-03
9.90608332334905715e-04 6.36350889576790531e-04
6.16306741914091310e-04 6.32161201181818868e-03
4.66396858337488583e-03 9.55093373577616152e-03
6.64488803574921072e-03 8.14735537094742057e-03
8.64480969292515632e-03 5.92420149969851285e-04
5.46600427976519018e-03 -6.89434458585899430e-03
4.30454371081012439e-03 -5.79815105336069312e-03
1.05861520155197970e-03 -5.26587406613397051e-04
1.06217340044823861e-03 4.28714121465381768e-03
-3.55907642111833334e-03 -7.99398066922200543e-03
-6.19642457577485994e-03 5.58833930793867987e-04
-2.80629894453486486e-03 1.42635585767465030e-04
1.87411378213920372e-04 3.46538007444678262e-03
-4.78663539527780357e-03 6.29398665204086889e-03
3.88452669049150264e-03 -2.87398575329419809e-04
8.32344120197544245e-03 7.67555498794471824e-04
7.89064493369457179e-03 -3.36132945608976549e-03
1.77354466957635416e-03 5.97812422722980748e-03
3.21276866766187367e-03 1.27765873172789521e-02
5.05249692971683918e-03 5.27578885822329365e-03
1.75596081605459910e-03 -5.95307785580879989e-03
4.77937433093232351e-03 -8.09098249580137742e-03
-2.81147293820204619e-03 -2.24111204730506261e-03
7.78352203654118172e-03 6.58218321716137148e-04
1.28677843008447885e-02 -1.97954670794600043e-03
3.13250410732303277e-03 6.31296914986549055e-03
1.73229200467052251e-02 7.85542791659413903e-03
1.05822141501276737e-02 3.55135984493911046e-03
5.58375989037006911e-03 4.85231276674771492e-03
-1.92620629354532192e-03 -5.13977044964151510e-03
-1.54625827799282538e-03 7.03267742306944795e-05
8.92854286392653299e-04 -3.29816026462343434e-03
8.88818683931134586e-04 -5.46266799258624501e-03
6.10440642773543273e-03 2.07604878998882375e-04
5.84880277703093802e-03 2.69086562391490517e-03
3.28052127034943707e-03 -1.49604957243321758e-04
-1.17724643364903558e-03 -3.41126099886311955e-03
-3.46581154674885719e-03 -5.00490180544750207e-03
2.37749639603463195e-03 4.97264455896408077e-03
3.88464064849556321e-03 -1.09455328914741723e-03
-1.96217064007436640e-03 -5.43777588265529233e-03
9.24569100140762261e-03 1.41154277643806771e-03
5.20474344709766137e-03 2.36772511943813971e-03
1.30081940803938676e-02 8.37108508057789018e-03
9.83764640634241308e-03 3.93410015621338972e-03
4.28686794674066132e-03 -1.02793798048045650e-02
4.36342289344757508e-03 1.09549183967271504e-02
-5.89900635183881680e-03 -5.36362692471800424e-03
-5.68607687078095860e-03 1.00082321647362578e-03
4.89113280368572850e-03 -1.62404119720486366e-03
1.23044546482345960e-03 3.53441057320474342e-04
-2.28020299264664657e-03 -4.01202627046597267e-03
1.69573010805270930e-02 7.98540331168285690e-03
3.82745674422080599e-03 2.63484304797735082e-03
-2.53577260904504220e-03 4.66647354762245344e-03
-6.73976927907935560e-03 4.65514164344436269e-04
1.30574917075926781e-02 5.09448327441678738e-03
3.95631350831842678e-03 1.87266593112509058e-03
2.59357056857315331e-03 -1.61325078481831547e-03
9.97194818470415779e-03 6.15148185535168562e-03
1.20086389704803752e-02 8.10481668218196276e-03
2.91049300144980349e-03 9.37491922399341518e-04
-2.46300422868893885e-03 -2.85186237098914580e-03
6.72471145976627602e-04 -1.71249979597409472e-03
1.18820033952534137e-03 1.78215487647212490e-03
8.35354294382420828e-03 -1.24837542727805579e-04
9.38023883634971078e-03 2.43774236186922177e-03
1.08119671255348035e-02 -1.93956196060221628e-03
7.59361805262585236e-03 1.05976389022750701e-02
1.98800402780766093e-03 -1.80196944563975584e-03
-1.38716227881408223e-03 9.82561362890987944e-03
-1.53108356452040756e-03 -2.59669927639048607e-03
4.47227368514591453e-03 -1.36770907481252937e-04
5.78590230374808885e-05 -2.63575968735474755e-04
-3.75913307983668978e-03 1.71454822914966732e-03
7.26599619373654183e-03 1.99301327443871879e-03
5.92219048764268310e-03 6.17221119136260928e-03
4.84453767441508660e-03 -9.54715027570267002e-04
5.57386501713604682e-03 -4.32704361268142039e-03
7.16568676962211441e-03 6.49491456517532588e-03
-6.31187610930318012e-04 1.41375850871247035e-03
3.64757457765770227e-03 4.07246807183060493e-03
-1.78176695517419425e-03 -4.43290832196595666e-03
4.19397764428757706e-03 -2.55356166113326032e-03
4.33510485612234771e-03 1.77870597620243681e-02
8.53092254322856437e-03 3.94921892069403585e-05
4.61978972720876891e-03 -2.33550356507872519e-03
1.31976429052590972e-03 2.21821972880838420e-04
-5.07602138251294667e-03 1.78603233669487630e-03
4.95512659953804314e-03 1.17208932851969368e-02
1.15669626260327795e-02 4.99327903584423707e-03
-2.95077897787510710e-03 -5.78951802675976433e-04
-1.90617797191821887e-03 -1.44596744556644923e-03
3.30600172740059574e-04 -5.96393459466548499e-03
2.07520407594934597e-03 -6.52282095562461278e-04
-8.37156873301278873e-04 3.81567382263865587e-03
4.75831585789915704e-03 1.76206444699362769e-03
3.19236150078774754e-03 -5.44496303247764789e-04
6.45902677828467627e-05 -3.35399837976337305e-03
1.22128405290945373e-03 4.34851563347412023e-03
3.59138775347140173e-03 -8.78844864801482314e-04
2.01728264460779695e-04 -7.31345593400747809e-04
-2.78997439831429363e-03 7.73587323994114149e-04
-7.78335067074851367e-03 1.65489868154755073e-03
-8.96518737256488292e-04 -5.68109066108799920e-03
4.17553539844522838e-03 -8.25688358813088906e-03
4.14323316372870558e-03 2.29898795201727247e-03
5.55327206941221067e-05 3.67982180529079130e-03
1.98624262367514488e-04 -3.67619973742659570e-03
6.65098588915374878e-03 -2.10943266645812876e-03
-3.83764296417702050e-04 -6.14263746242607513e-03
5.80607994401930328e-03 -5.73679609995504571e-03
6.87900227075575847e-03 3.26340109942386322e-03
-5.13206818420433239e-03 3.57478563237788544e-04
-7.04768261294428733e-04 1.09526369907091202e-03
-5.05931315332601222e-04 1.61088825587511904e-03
-4.84986214487178290e-03 -4.09160306131256361e-03
2.30742699698101875e-04 3.95982762141847654e-03
1.06826508170199900e-03 8.99875334233873745e-05
-1.46089945346305062e-03 -2.85210371440978343e-03
1.65285865405212333e-03 6.38840508109211544e-03
1.21593564739032010e-02 2.28719299096258452e-03
9.68241660302330588e-03 -1.88879622553251377e-03
1.80296601042531234e-03 9.08092343202929067e-04
6.72670087637205344e-03 -6.25796476512085423e-03
4.80124501605678176e-03 -4.01725720941710062e-03
-1.90637218671652997e-03 -1.05109391574132321e-02
5.83190987458991669e-03 -2.27236393811735800e-03
1.20547953661634378e-03 5.70589869367165055e-03
8.88622359524448256e-03 5.40464575108989386e-03
1.08085981527714058e-02 2.60677917788921989e-03
2.94028568982216375e-03 -9.14937059130945494e-03
6.74415076091854949e-03 -3.12608042053211038e-04
6.66076789276002362e-03 4.21854377530986487e-03
-2.61741319528329807e-03 -5.49567091953369986e-04
5.52158182754703048e-04 -1.45994067958658759e-03
3.63751571568713631e-03 1.69275355383981274e-03
-4.12172955708870609e-03 4.70812501973888117e-03
1.99064929178347340e-03 6.20193397507557472e-03
8.04399155951937366e-04 4.58845594056096501e-03
4.57538168139472352e-03 -1.92869666341265171e-05
5.07452487424472562e-03 5.37325126243206708e-04
-1.26340275986372625e-03 -2.68347323689894493e-03
8.87671829428626769e-03 -9.31800957741673718e-04
1.38740819818654803e-03 -1.92460421241832090e-03
4.01157888549913671e-03 4.89617444177385761e-03
4.21968353297266004e-03 2.20240445084479274e-03
3.03344208669823812e-04 -2.54382215750273422e-03
-4.92865241390897713e-04 4.14562562939299606e-03
1.64890611517938329e-03 1.43075996053924816e-03
2.35338135905750929e-03 3.79392014278135585e-03
4.50927159870521954e-03 -3.21080111773784432e-03
3.95914359311966887e-03 -9.11262284046775520e-03
4.36227487150201744e-03 1.18950383949906245e-03
3.88466989033777149e-04 -4.70379663229612138e-03
2.54610707086878256e-04 -2.50066522651121300e-03
6.77878915650238691e-03 5.15504806436378141e-03
2.44124154516456911e-03 5.32484455081559931e-03
4.35060313024398463e-03 8.69258457880353239e-04
2.53013911342002840e-03 -3.88378811440469329e-04
5.20812158864082143e-03 -4.60342742302115217e-03
2.27314383544971032e-03 -2.28422331429453326e-03
8.29037559995242888e-03 -2.54833632252016466e-03
-1.84488892509823785e-03 3.66771430764518047e-03
-7.21103036311006486e-05 -5.38641674976070815e-03
-6.35425004855294344e-03 -5.49274737745427451e-03
8.68918082417671767e-03 -1.10848907298213752e-03
-3.57377856204644899e-03 -7.40189310511402436e-04
6.33721272577411274e-03 -9.65841484540833398e-04
8.30534583319874481e-03 -6.61170320349876712e-04
1.79421949325651891e-04 -3.53973162816141823e-03
-1.50093724242673704e-03 -4.82559618147921938e-03
4.54468978783776397e-03 -3.23780257331224026e-03
9.17128528250677161e-04 -6.34869232588035869e-03
4.01027655637684749e-03 5.91658407023427924e-03
3.46353671482382787e-03 4.66086127259031282e-03
-2.24643256988012793e-03 -4.24568996587557004e-03
-6.52064596010943753e-03 5.01964367984521469e-03
1.31127243495401816e-03 -1.19281593151218182e-02
2.68001017630787545e-03 -3.55577035792361672e-03
1.46147134982139073e-02 -1.28447989863100798e-03
-4.25475314407571241e-04 1.67911122816662367e-03
3.00091682290644802e-03 -4.12019452957525722e-04
1.56158364389792355e-03 -2.39321380913085080e-03
3.35856799361069266e-03 2.89415909436814979e-04
2.06512531586581323e-03 5.61059670900225169e-03
1.06887506230534755e-02 -4.13079344080069782e-03
1.36501869995840196e-02 -5.54322923194642755e-03
5.24108581014001793e-03 4.35016668392324002e-03
4.09238424398185394e-03 1.61132318770845578e-03
3.93964242738127808e-03 3.09672474121783876e-03
-7.50887602732188374e-04 1.96651536750853950e-03
-7.19021139477679736e-03 -7.02814632917432938e-04
1.34407675883562120e-02 -9.26697252459151005e-04
7.04226300298360468e-03 7.89009548168386442e-03
1.21510504905410948e-03 3.78549998223066389e-03
4.08963120130458307e-03 3.63584767929631526e-04
3.50569162407079983e-03 -2.60616131886812555e-03
-1.38714799653580703e-03 2.40814310728246217e-03
8.63277895891092009e-03 -2.68378706806634464e-03
4.99123035386958656e-03 3.28029293388864066e-04
4.27757484366903754e-03 -5.05585509578443913e-04
2.55731449832319498e-03 -1.20302368689232590e-03
6.36515919164886996e-03 -5.44464103664907880e-03
4.19034130616783435e-03 -2.86777814751789468e-03
2.87617142643449347e-03 5.53555408079349455e-04
-1.45738181674855030e-04 -1.34808928873696014e-03
3.60831476103058539e-03 4.00958698636686480e-03
1.74677333993615135e-03 2.68769745634210111e-04
-2.00624342526339004e-03 -1.50421046752790329e-03
3.50234778383609092e-03 -1.54404645771272372e-03
5.00332770862366074e-03 -1.58477354614836204e-03
1.83049632668780054e-03 1.86761821467507647e-03
4.96042982094971503e-03 1.18226713051799507e-04
1.05480920620959363e-02 -4.41384067345293712e-03
1.44334130212669561e-02 7.02989893975502003e-03
1.00075647325895438e-03 1.03096270379138370e-02
9.79202245555926658e-03 1.57058709235077150e-02
1.15915741418120225e-02 7.62641158104701827e-03
6.73940967812212445e-03 1.31684751146244347e-03
2.06282534069036948e-03 -2.73978051687729382e-03
2.98786559716501224e-04 2.26628686735030850e-03
8.23003052661711357e-04 -5.76022436794934849e-03
-2.87385696956978702e-03 3.45593906555851163e-03
1.62924096050740528e-03 3.47297831809628872e-03
1.22462656396765852e-02 2.77795259471563588e-03
9.98650306826026624e-03 -2.33679107278144966e-03
-1.43124352998327147e-03 6.42120323091682353e-04
5.58766243146022233e-04 6.21013403121471221e-04
6.15330003944656364e-03 -7.90193239366561282e-05
-3.84872307973867494e-03 8.45219743585245119e-03
2.45573510003386846e-03 2.55125267636669264e-03
1.10110168495128891e-02 1.24410167165497844e-03
7.89957194583179069e-03 1.98869916986909809e-04
6.36262038941771014e-03 1.25585758837225606e-03
9.32199494944924677e-03 5.33957826370593642e-04
9.91343266496900154e-03 -6.89292229193578165e-04
1.03994507176450798e-02 -6.91143829330283753e-03
6.84890812451147048e-03 -1.80953890288734049e-03
6.64943579860045051e-04 3.76115833311441443e-04
-1.14307099106926761e-03 1.65105095511488436e-03
3.43913848950497909e-03 1.07306821022438927e-03
3.15819236922987908e-03 -5.24283716191113226e-03
-7.98186332490059347e-04 -1.85318790924296354e-03
1.34782571398727249e-02 2.55031577081060203e-03
7.36530648346534530e-03 -4.28405132626446996e-03
7.65689958714318281e-04 3.09410823860557663e-03
1.15026502987355277e-03 5.46305255871890137e-03
1.99002096230465383e-03 -3.15532451017890058e-03
-2.49514395353607216e-04 2.50884308154832427e-03
3.87506942764674015e-03 -9.11059727213828089e-04
6.89722055355277384e-03 -4.48526231372266217e-04
9.59878849174394116e-03 2.62649635300184290e-03
3.12655836522051939e-03 -2.94821291655266316e-03
3.41929792463773700e-03 -1.93419134440202646e-03
1.21026052076114417e-03 8.88269858168778568e-04
8.32854392450570018e-03 1.61477430396214628e-03
1.13336911739026110e-02 2.32895839121686739e-03
8.10703767479968238e-03 4.73971390220737174e-03
1.43084413342072694e-02 -9.47006034546307783e-04
7.91743482522993050e-03 1.29311431045910641e-02
1.11391886082544984e-02 1.94856195311434431e-03
2.22088479099304234e-04 -1.48742546323197373e-03
1.60279115689799991e-03 5.24449849719314104e-03
-7.57182601892446381e-03 -9.08769883148319801e-04
-4.11587434659354406e-03 3.45902287908154494e-03
-2.80532172393373885e-03 4.30390478120427477e-03
5.06133849612561831e-03 8.67431460712855666e-04
1.24551857372977807e-02 -2.21214802111875880e-03
6.74945227651580024e-03 -1.70048991327027246e-03
8.79411566695744579e-03 -2.06275637520704833e-04
8.52673475713788299e-03 4.23401514823032411e-04
8.68887400028000093e-03 2.85876881827136931e-03
1.61549973658340370e-03 3.70767960786061576e-03
3.71333243299764009e-03 -2.69548486352501934e-04
1.79918671518528679e-03 -5.19860241257235657e-03
1.12038019864522335e-02 5.30437508516075698e-03
4.68086605127670998e-03 3.60378725083840669e-03
6.33393976215981206e-03 -2.20790683801340426e-03
3.09587105351346844e-03 3.69809149674568986e-04
7.37238086959233780e-03 5.38249113265292563e-03
4.15685253239050576e-03 -5.02256076173207121e-03
1.58087568028114959e-03 -3.32885329849793698e-03
-3.64945839147749708e-03 4.18807464706735365e-03
1.33474099645746976e-03 3.02665089425472938e-03
2.95197600785192813e-03 4.17859664801117307e-03
-3.15429834212052141e-03 1.21022288116603809e-03
2.73635782051764474e-03 -4.40652933446726959e-04
8.06409442008943454e-04 -4.92067001225570712e-03
-4.28268967579249185e-04 8.56146420131481700e-04
4.38305592183088188e-03 4.33396648868169306e-03
7.71645900756340059e-03 -3.60907500542353901e-03
6.13682340571424911e-03 1.04355382004087689e-02
5.28862286983454270e-03 7.85615415745583500e-04
7.79486869810606161e-03 6.23016601627252465e-03
2.46636639078085364e-03 3.03247312595067821e-03
8.02933768694679903e-03 5.15837279262338928e-03
6.94191068419280303e-03 -1.44498883126323199e-03
9.57262796333677515e-03 4.39506341778458844e-03
3.65182339674751787e-03 -7.19737189992450724e-04
6.02600931664827241e-03 1.65716114280950694e-03
3.86848062552121695e-03 3.23142404148699580e-03
-1.97566250557888864e-03 4.83015983576640280e-03
2.30598082248962199e-03 3.39264587714665708e-03
7.94828810403930101e-03 -4.79419244654247841e-03
5.53612514699515328e-03 -4.68524675889054210e-03
7.76999451978716785e-03 2.67078344939479170e-03
-3.29230802042549276e-03 -8.67206535669976485e-03
4.92951549277386401e-03 1.45369267657875015e-02
5.60255181841047816e-03 9.80325407832720666e-03
-1.04358582861833540e-02 -5.06405949366854364e-03
1.82369096424812795e-03 -8.34614425680971217e-03
3.63240839925036774e-03 9.38860170994591618e-03
8.11093334884996722e-04 3.17038936786929841e-03
7.47731038511963760e-03 -2.80828953318418718e-03
4.63055696023829174e-03 1.25073289310751964e-03
6.72040311198876875e-03 5.97424201566422106e-03
2.00377270805549316e-03 7.18756579755938326e-04
6.58213798498274039e-03 3.70795143704092268e-03
1.79429699292738020e-03 -4.36743937380434672e-03
3.98281417455596636e-03 8.63793482914267346e-04
1.49167243853791306e-02 1.76821322616775871e-04
6.07543633696820424e-03 1.26964951704800696e-02
4.12117411120276923e-03 1.02743429612073382e-02
2.12653060027963824e-03 8.96704230003057129e-03
3.49544125008159710e-03 5.42558630063598533e-03
-1.45947350429670528e-03 -5.18223933132433250e-03
6.99208729038907142e-03 -1.06421365486591784e-03
1.02605723274972385e-02 7.12871842018181386e-03
-1.26579106648757743e-03 -2.79729754046771683e-03
7.88361532187012957e-03 -2.62552705889360213e-03
7.07224126820742930e-03 3.88533964512697170e-05
5.78693929418964362e-03 1.67937124106152767e-02
6.87065621113891727e-03 -1.20999553437520013e-04
6.04880597410893932e-03 -2.36623910400162444e-04
-5.38579999371302867e-03 -2.37299274373325465e-03
7.22846582263133404e-04 7.18484365761938755e-03
8.08434982895693370e-03 5.98738022389703290e-04
6.70253733762338471e-03 1.46391999936625506e-03
4.04423435161965425e-03 4.03553105811914684e-03
-1.54326894618130777e-03 8.31836854484312854e-03
8.78848756154418267e-04 5.52147833888170028e-03
5.19752533397311537e-03 3.79065809845646881e-03
1.45597572571580150e-05 -4.20450493811410416e-03
2.48748546596612343e-04 1.36798391879284897e-02
4.42440218175315270e-04 5.79536238757532175e-03
5.60261499911443236e-03 3.59136164021292559e-03
-2.40528237081449273e-03 -1.51410208779349819e-03
4.36754760209617722e-04 -1.83519032747822531e-03
1.72323079590076464e-03 2.53090861327950629e-03
8.68499285905886126e-03 1.85613603901631881e-03
-2.70053838884256735e-04 -1.94829780685430156e-03
8.68728102862033683e-03 2.30014615514352290e-03
4.94870675094614097e-03 -8.35342266917438528e-03
-3.92982708256108069e-03 -8.99185555478577460e-03
7.33994002229813175e-03 4.57760681924263696e-03
-3.57262385613709398e-03 -3.97190568448330204e-03
4.76819921425451071e-03 -2.22096090404010765e-03
7.74075448050091648e-04 -9.76812510956755955e-06
5.94763058668091454e-03 -1.62206314781258355e-03
-1.56074996830449187e-03 -2.02072870458160645e-03
8.30122835064043586e-03 -1.15188193504428874e-03
1.44050951391706404e-03 4.73663364667849512e-03
6.73361446259224030e-03 -9.84937747738631611e-04
2.18579822781111554e-03 -1.80180122012394165e-03
4.07671493982938917e-03 5.12386434031830446e-03
-1.55505453738404796e-04 -9.29912051486902862e-03
1.27049996344449586e-03 8.62367348160280982e-03
6.77334505528468921e-03 1.06547716055814777e-02
3.23520537126550890e-03 5.55211143194466079e-03
-1.04866586290551663e-03 2.19264495402984579e-04
-2.82609170849708541e-03 -4.29948715567005178e-03
-3.93891502560556593e-04 -1.58021540381242344e-03
1.66455524945113625e-03 1.87647102623532858e-03
1.71970556443012414e-03 -4.99247249361127205e-03
4.96008691288675647e-03 -1.19429839415448455e-03
9.05927728143521988e-03 -3.23529257989918235e-03
5.90818324774314459e-03 9.54065291989355038e-03
6.54645250856130453e-03 9.30925288724841326e-05
1.09108657581673523e-02 2.40813732260452586e-03
7.33766853230043235e-03 -3.99559551229496882e-03
1.31096338648655827e-02 1.86617930790051925e-03
-1.27037659592836333e-04 -3.63878866770320697e-03
2.22125311604002640e-03 -4.79496830876801272e-04
3.98887994599430012e-03 1.20904724422857546e-02
1.01822869263426385e-02 5.34860698607319955e-04
6.82201501463668993e-04 6.15131657557205615e-04
2.85803435143926936e-03 -2.99124684078308327e-03
6.57120720291966449e-03 -5.73680492710488231e-03
5.33849953283117590e-03 7.52746350528397425e-03
2.15279300840999803e-03 -2.82526995868163803e-03
-8.17470533274137080e-05 5.19357130087895122e-03
9.85664914612287626e-04 9.93032514404595338e-04
-3.53247963202484982e-03 9.12468299662929326e-03
-1.64315986607228219e-03 4.73845882891210050e-03
3.33478904237421861e-03 4.62961849212387925e-03
5.47607242076762150e-04 4.17384331437505723e-03
5.60269955824483842e-03 -9.94659076802602423e-04
3.83941349895077855e-03 -9.49657243398792546e-03
1.84888796349045128e-03 7.13547912704215470e-03
7.06035999482037321e-04 -3.60526610115995821e-03
4.37107061499381229e-03 4.50322606386519865e-03
2.31271637425413401e-03 2.74312379178655958e-03
-1.37266747808964204e-03 1.00620258169326700e-03
-1.86670831417845551e-03 1.72751008960590367e-03
4.42573436400723816e-03 2.30808497795007353e-03
-1.43794490792875369e-03 1.49887979979745900e-03
-1.66158588593636283e-03 2.42385123026693169e-03
-4.94644180073416755e-03 1.63572334339237959e-03
-4.78577216990548615e-03 8.82601688933040392e-04
7.30206846163845066e-03 -2.12544028029742343e-03
-6.44936826755146235e-03 6.90291691445727145e-03
2.05533100560733196e-03 9.98891289508523419e-03
3.40647477998384871e-04 -4.19064353558414818e-03
6.46677839981194425e-03 1.38171003926008452e-03
1.03854881353449939e-02 7.20043921555152465e-04
-3.21191380040037515e-03 -6.53325362495910458e-03
2.61772645312226574e-03 6.18381471648100120e-04
1.70494147236457450e-03 -1.24089630296257106e-03
-4.66405852699306540e-04 3.42175810890275834e-03
4.81373536608986716e-03 1.54351304803142047e-03
3.94694119231772146e-03 1.39769656869160068e-03
-3.48726507279471798e-03 -2.63292042099151288e-03
6.37197876646031745e-03 2.68542295632165189e-03
3.13456233079056814e-03 3.38383370730948544e-03
5.78586572366343761e-03 8.03078938707000277e-03
6.86792676718070687e-03 3.14883088939144149e-04
1.79583187317328770e-03 4.73705049377173837e-03
1.99739908927868423e-03 4.45019800292795285e-03
3.95296736177713792e-04 2.91924049420083350e-03
-2.63631779533654142e-03 1.34695239671175568e-02
3.43573417130654856e-03 4.65076613912517294e-03
-6.47195799028956647e-04 2.32835594189153422e-03
-2.15419814843776291e-03 -4.61478115920826212e-03
-4.97632166563913552e-03 -8.55152392004097884e-04
3.13128414894870040e-03 -3.38190394682599523e-04
3.92316671006922180e-03 -6.32782178212025308e-03
7.15856946840649296e-06 3.93431434447291412e-03
3.88462866729999499e-03 1.79034035324928168e-03
1.53314467234300501e-03 4.27874712310186579e-03
-6.81995989306606490e-04 2.99250930258904190e-03
1.10198659590280221e-02 7.09334531612771692e-03
8.52896553956141064e-03 -3.37917199305016579e-03
8.05191521234560961e-03 9.83194046151602413e-03
7.03936863158216575e-03 1.00064179975919271e-03
1.20120488153710849e-03 -1.88387768506874994e-03
1.84405809627126048e-03 1.08172907375387213e-02
-2.34599433944499957e-04 2.62372485400775950e-03
-7.64338765422960731e-04 -5.15471564632888606e-03
7.16359828507140851e-03 1.03687677848654817e-03
6.16407381851642212e-03 -5.48874259569298237e-03
1.49272300036672276e-03 2.24291076934414918e-04
5.13183292348747596e-03 2.32371854273711849e-03
-3.72193274493893460e-03 -7.74986955252547822e-04
4.48567005898971999e-03 3.22467090112079887e-03
-8.86721800539588541e-04 -7.46123206222835608e-03
3.81151701381107462e-03 -3.23030405794820139e-04
1.07806969735482500e-02 6.97435429077880760e-03
2.86468475454064453e-03 -1.33701372615106502e-03
4.92765435424302040e-03 1.44328614043920281e-03
7.36941705904606628e-03 9.00980475788019995e-04
-1.59010108997256815e-04 -1.07020319289388645e-03
-3.56164328845843051e-03 1.28374734481666525e-03
1.77510647687402750e-03 -8.93645731931582603e-04
-3.01972121973972376e-03 1.34508628113634717e-03
-1.11167450503743938e-03 -3.72086032897235922e-04
-1.56715219628860889e-03 -3.51084201637569000e-03
4.35441762144475435e-03 2.20559225227427323e-03
8.21013655769166871e-03 1.79815467707109531e-03
-2.98146966212991691e-03 -2.48406552263462019e-03
5.59872462947631679e-03 1.48714766882838533e-03
1.03086932696899083e-02 2.64536094971896073e-04
2.91413586762676383e-03 7.03819462454755452e-03
4.48791313845240455e-03 4.24718963554886111e-03
1.07551284229205173e-02 3.76803433156150175e-03
5.94710319456986328e-03 1.40264529938034007e-03
-1.76618581323174863e-03 4.26070997915297713e-03
5.74991355096273198e-04 -5.25999336733391082e-03
-1.28179365739467628e-03 1.49598831365268083e-03
4.14073812289031916e-03 -1.14300783722508367e-03
4.64581101590263394e-03 2.14555690516868812e-03
9.04559350031948657e-03 3.97579301587999093e-03
-5.13758613920306637e-04 1.50401060186511966e-03
1.48590986663029085e-03 4.52516189495121360e-03
-4.40125717420275855e-03 4.50459989225663812e-03
1.67796697686915385e-03 7.53344824737724444e-03
1.16173311105414075e-02 3.47116289655679134e-03
1.25394203285038373e-03 3.19382909354373528e-03
1.13855229184371166e-03 -9.29809939362748542e-03
4.18752841603355942e-03 9.97898945376118549e-03
9.72430011133542174e-03 4.85909221699180795e-03
4.06003440476292252e-03 1.15286033469683569e-02
1.51538101324420944e-03 3.86149151870318098e-03
6.42158899273544484e-03 7.85116904069457517e-04
4.95954497151751376e-03 -2.68632150993458390e-03
7.67763256119186142e-03 2.05015353417879092e-03
-3.02872304746513695e-03 -3.99062137345006836e-03
6.18232437002208882e-03 3.16557765119881724e-03
1.03060659326773257e-03 4.00716190874142800e-03
-1.01169489259166469e-03 -1.41190725138877395e-03
4.07389941673735531e-03 -1.19327863366812284e-03
6.78810207550358154e-03 1.07581059484201155e-03
3.73909577353889440e-03 -2.10838395988463935e-03
5.22991242036159251e-03 -7.69834148287826411e-04
-5.77647342448511618e-03 1.42190906285075852e-03
4.34661307965992453e-03 6.90597185517889591e-03
7.29158476435262919e-03 -1.41344774009191914e-03
7.77074175880821533e-03 1.01647055387244622e-02
2.84884749635521848e-03 4.72442033177578654e-03
9.15012083361180467e-04 -2.11512956253877759e-03
6.21787155859737910e-03 -5.13932912762435096e-03
-1.03393536476670831e-03 -2.36007062883159067e-03
-2.55811432768279865e-03 2.10789802717131552e-03
1.13240956948864758e-02 5.68304004878631124e-03
2.46835023705133322e-03 1.41745206931860883e-03
8.90261917992875469e-03 -2.62250686287171790e-04
3.17446485455201346e-03 -1.52272025144943785e-03
5.49807136377560013e-03 6.18291539429081331e-03
-3.82680386407881169e-03 4.24234846823645737e-03
-6.16527483841288609e-03 6.68252278483055621e-03
-2.19618804074439003e-03 3.58184771282015358e-03
-2.49758200887343620e-03 1.86027826300373548e-03
9.79151998838447175e-03 3.90932295759613066e-03
4.89751841553440811e-03 1.48225074481839539e-02
6.07558393057565458e-03 1.00668542561099649e-02
4.44698152735393745e-03 3.86719624496122290e-04
2.94875499732069482e-03 2.03522679155774145e-03
7.28841725230312126e-03 -1.15205899210721373e-03
-3.04818660005334342e-03 5.12245384205337051e-03
4.97275962141630837e-03 3.79683749424500599e-03
-7.09736486038875253e-04 2.12032129797285439e-03
-3.49514994443290939e-03 -1.20092070052275251e-03
1.66375453650389332e-02 2.62116711790665122e-03
5.16290692289212479e-03 2.84890974626996743e-03
-1.61370666013094678e-03 -1.42899103469420140e-03
-4.84489935475796579e-03 -1.89741309806339462e-04
5.36323477525613851e-03 -6.47372057708924323e-03
-8.38763673101198875e-04 2.41155413770153572e-03
-2.54400646760320217e-04 -1.62632317016350096e-03
3.55485927501989277e-03 -1.47619699028372219e-06
-4.43232605766594612e-03 3.58567762264417906e-03
-1.87557601871486332e-03 -6.37108010144415526e-04
6.80516643869196435e-03 -1.76243427063762581e-04
8.48089353481180051e-03 -2.22509311308533974e-03
4.87960774757506457e-03 -6.11838610272705946e-03
-4.90392649613104821e-04 4.49540358125450040e-04
-4.74674727954766564e-05 7.68954639637487065e-03
5.42214145852663084e-03 6.47044327743524859e-03
-4.08111030155569772e-03 5.09122827735336830e-03
2.74591382643471060e-03 -4.98851617489918207e-03
2.74411571841214497e-03 -5.34483788434796624e-03
1.86764287363526426e-03 -4.03017462914771665e-03
5.00697194614917011e-03 -2.80538682561705117e-04
1.01443084017132489e-02 3.75718204090767999e-03
1.14656219737174596e-03 2.53569611268927159e-03
7.57302903344353375e-03 3.21193332410340008e-03
1.46681600603886441e-03 -9.02463627660782665e-04
-2.17577743450286321e-03 -5.65141830998025074e-04
-9.76357154897642375e-03 5.41270391609484890e-03
1.41544423007179277e-02 -2.04066447850291023e-03
6.12418990372528855e-03 -3.23127965917196971e-03
3.09927426794050481e-03 7.13639714266821649e-04
-2.84241206865452987e-03 -8.88020939799233550e-04
1.16125378472218209e-03 -2.43066817320624793e-03
5.67876404111878393e-03 -2.61064255617502079e-03
3.23390891690520255e-03 1.99567423277911089e-03
-4.64280836183857907e-03 1.17107068378858063e-03
-2.07681095865443026e-03 2.54241496315796615e-04
1.18025358310893998e-02 1.12247665006884982e-02
5.31996860054714978e-03 6.82532938754257940e-03
5.29251380982737312e-03 2.20384242746430063e-03
6.35398909548515189e-03 2.51858502859830932e-03
-1.99252350024785958e-03 2.21161028671411483e-03
-3.06883338138510577e-03 3.04173049317597042e-03
-1.92958255728374281e-03 1.70156412030942976e-03
5.38308223692287192e-03 -3.39523864196095973e-03
2.10445607300278328e-03 2.20506595662096861e-03
1.21086663117017466e-02 -2.33942255966234800e-03
6.78136748101088385e-03 6.54533280790829414e-03
-3.47873872189787578e-04 5.20540937583320682e-03
-1.52807602073673336e-04 -1.59738361718600105e-03
-5.19044324974757710e-03 3.49698462022927535e-03
-4.82787209762566838e-03 6.33426937637126576e-03
1.02366051859570061e-02 9.63582785318229545e-04
9.88327953091623287e-03 1.48880904483069537e-03
1.26697628138147892e-02 4.69539627343510887e-03
4.98640737683620373e-03 7.10829573135337775e-03
1.05380624965156801e-02 3.25658643341437742e-03
7.62797593795097161e-03 6.67668103113104681e-03
-1.91801586754005425e-03 5.67023347401588926e-03
-4.62788484841538360e-03 4.15340519102212844e-03
8.71012920662764083e-03 4.35320527244787564e-03
1.06880318462491651e-02 1.01237432955992570e-03
4.83626313343036088e-03 5.43492904976321505e-03
1.10456249424324190e-02 -8.35092980007259324e-04
-4.44482874381185462e-03 -6.26718574683685515e-03
3.12738567875122308e-03 9.94764409243971762e-03
2.10869065709847446e-03 -7.86492580424006564e-04
-5.72969564505736162e-03 -7.40852494233855147e-03
9.75378491834054048e-03 5.94567480657402607e-03
-3.64596124615825965e-03 1.57381890989889590e-02
1.17532838635790986e-02 7.33139951153916839e-03
4.50559507294706954e-04 -7.45740408194068075e-03
4.48506902775045615e-05 4.11869490536795075e-03
1.02611761111095741e-03 7.56910433511988768e-03
3.19352563926663443e-03 2.24763085201787512e-03
3.93490190798243943e-03 -3.42311992917606169e-03
2.43714789441562378e-03 -5.02406812069477061e-03
-5.73194391493743309e-04 -3.27389897726413671e-03
5.21900301294806650e-04 4.01485558343227938e-03
-3.47653052707148783e-03 -1.86147686411080931e-03
3.16772794835863680e-03 4.93838777582901109e-03
-1.49693656542648204e-03 5.97975170611351591e-04
4.32143489855180054e-03 -3.33602930176850375e-03
5.68105360646078885e-03 -4.01507509870124152e-03
2.84858283490037464e-03 2.09657833525134143e-03
4.24464686128334361e-03 1.15634858357536725e-04
3.24927766675863925e-03 1.74112958650543157e-03
4.96505915992677665e-03 5.87285065266624027e-04
-9.04773522534471630e-04 -2.50463985057566016e-03
1.76126713645701925e-03 4.38713937490029481e-03
7.14751534652942160e-03 9.89332454749278049e-03
3.37414067434799745e-03 6.27347381112658940e-03
8.51725560375041733e-03 1.01136368794870549e-02
5.73019541162956333e-03 7.15806469486646516e-03
-2.88643367033057695e-03 -6.48803342593170553e-03
-5.48920780932056918e-03 2.32951059808894070e-03
1.60182861820678244e-03 1.84898483607217451e-03
4.60036664220176404e-05 -7.08971933677798264e-03
6.81758086999805901e-03 2.00131468708747559e-03
-9.45551308980571909e-04 8.50686466891276485e-03
3.23172386000668234e-03 -8.15717940020549079e-03
-1.65043467361209221e-03 6.83243795440047989e-03
1.28456988679101405e-02 1.08461850580434133e-02
8.15489627199939178e-03 4.68506588410964528e-04
6.00241362993166744e-03 -1.77723395873933035e-03
7.19070971201896895e-03 -3.70807714397845128e-03
1.76684207408862003e-03 5.93878777652580379e-03
4.53751264282363682e-03 8.73480228822043001e-03
-3.62722974482027971e-03 4.36373398011558576e-03
2.45003916982203425e-03 8.40510001511170137e-04
1.17234668141010662e-02 2.12636607615258356e-03
5.72219063275183123e-03 -6.63527064823690922e-04
3.67301838973223922e-03 -1.18807351164193671e-03
2.32424940608072592e-03 5.28260189892181746e-04
2.99016000564387422e-05 5.42215645443019857e-04
3.19526764066555306e-03 3.42124026406460295e-03
5.74085625793225533e-03 -5.20416473465490879e-03
1.76932161671380732e-03 7.13389451212877775e-03
5.88044731951509539e-03 7.94136347799017164e-03
4.95933145089973333e-03 -8.87484147785261692e-04
1.00951276487772270e-02 -9.00802746991962128e-04
1.22968327684298811e-02 3.30539526066270456e-03
9.62252438067679600e-03 7.30901874974314390e-03
-2.28606242440432435e-03 -5.68831768950328522e-03
-1.66183690786409632e-04 2.46980345583277692e-03
2.76098523988512661e-03 2.09304740970645952e-03
4.51383153193707799e-04 1.72054013654269968e-03
5.42654903406213258e-03 -2.12715816702806378e-03
-1.91774197788168599e-04 -6.82882867016355952e-03
4.13367881041001861e-03 9.07013378656191713e-04
-1.63250058066192420e-03 -2.40006997154621100e-03
3.95136558216626493e-03 -1.20773790354786843e-03
5.14592635686583364e-04 3.85416301353334488e-03
1.67051688026198346e-03 -1.22848708871184462e-03
1.83975028151640418e-03 -1.00462082400634570e-03
-2.00543005536261932e-03 4.12722446537773079e-03
-2.31103395239102552e-03 4.95518086000416511e-03
9.22066607108832856e-04 -2.73631287295096528e-03
-3.11401330039253138e-04 -6.34068144815181940e-03
1.13426389416766715e-03 -1.38812806576574330e-03
1.40665677835580933e-03 -1.86135463905918183e-03
4.84567783636928075e-03 -1.80050644483216232e-03
-5.25518903624822204e-04 1.58458425344934289e-03
-5.67531057230957758e-03 -6.31881824430036848e-03
9.82018723970381124e-04 -6.03450189444996662e-03
1.52022895886732364e-03 1.40336101199533170e-03
-1.84403947545097070e-03 -2.67397279637597227e-03
6.36580005221301908e-03 3.09219271200855466e-03
-1.31111926808397325e-02 -2.09739937017746963e-03
2.89652492409492833e-03 -4.80199665609668848e-03
7.26562908720478247e-03 2.89086719739231894e-04
1.35692713082293231e-03 2.00419258261437354e-03
5.78741220896254651e-03 3.11013979932534977e-04
1.67128030142530055e-03 1.86045951938311710e-03
1.01743631156786373e-02 7.47609151107549771e-03
2.86504015199299817e-03 3.54491997307306754e-03
8.29591546761214178e-04 -5.57496091715104576e-04
-4.63410449334476261e-03 -8.81549399249111423e-03
-2.08772894136286056e-03 -1.85307609055141982e-03
1.02580639563704131e-04 -5.54473679827218423e-03
3.56342177071700865e-03 -5.36483135441889140e-03
2.05893904793611610e-03 -4.42649120230848188e-03
9.73633306691577133e-03 1.38990729153561218e-03
5.20039109086747713e-03 -9.63099364559042164e-04
3.87564087997693991e-03 1.78139787352473680e-03
3.73559247219026967e-04 -2.84150797138598213e-03
6.12843390135076743e-03 -1.88233260343255307e-04
6.83183769185426951e-03 3.08249953653267792e-03
1.49890550218850739e-03 3.56532296346601281e-03
-2.88368913952565377e-05 3.35583642470416166e-03
-1.88777065546406474e-03 8.54081524063205443e-03
4.57391769806850777e-03 2.94095942762157784e-03
2.51530543524289404e-03 -6.01810451084716820e-03
4.79403905431402544e-03 -3.03680608825017385e-04
9.49155143058998639e-03 -1.09197212237928322e-03
3.59453900831913607e-03 7.02425529349466095e-03
2.51982828323493637e-03 -3.86721421360757076e-03
-3.38273416945929391e-03 -1.52988788779867167e-04
8.21562315567237259e-03 4.93650082499413976e-03
8.45910349080019296e-04 4.46293485485009089e-03
1.24642486314179117e-02 9.97643022013700899e-03
1.74645324748576043e-03 1.15101744610076316e-03
1.19112191795386884e-02 -8.42755187918754495e-04
1.24184628663367835e-02 1.98142167535773342e-03
1.32778901101814431e-03 9.11098970425064728e-03
4.42781988752217331e-03 3.75760132194675762e-03
2.92036153104963028e-03 1.91357703613605256e-03
-5.86418650192564077e-04 -1.60010059713690863e-03
6.27764743731398789e-03 2.40862756402363074e-03
1.00557830572274576e-02 4.35836103664566290e-03
3.60516417076986364e-03 -1.62586191436297936e-03
1.00115533706304077e-02 1.03216622159211006e-03
8.01814714020008049e-03 -1.91026758410857119e-03
2.99139024800755115e-03 7.99021268230924557e-03
5.75704035093851929e-03 1.92476540729827751e-03
6.96113205470787547e-03 4.63699306507692113e-03
-5.20658481512787340e-03 1.16398981581549103e-02
2.65396922289896052e-03 1.30595383555912117e-02
4.37933919941819842e-03 3.64605774019704457e-03
5.65497456125711815e-03 -2.44541992450491132e-03
-2.35545956849626234e-04 5.35785110621414908e-04
-4.41662128305691463e-03 7.55786380487150512e-03
-1.39480846703178172e-03 3.05672145380124364e-03
3.59645554437577333e-03 3.03618871055075310e-04
-2.69616075090246127e-03 -6.99541522635338184e-03
-3.96572960876672917e-03 2.70746869665331293e-03
2.26442841064131237e-03 -1.98223570054240680e-03
-5.70198664390355291e-03 -5.43444512937554434e-04
3.05186429461916375e-03 5.21017454565369294e-03
-1.19503954004328873e-02 5.26710706117150974e-04
6.50967177914350738e-03 -7.07693025162861762e-03
5.39482049158089647e-03 5.49346673790838784e-03
1.73270669766108958e-03 1.51236157876262370e-04
1.01040780985007942e-03 -9.60505260033552911e-04
6.17460316954987314e-03 6.37414542926884736e-03
7.30418083340279595e-03 5.97479771471914368e-03
4.37864804127692867e-03 5.15257445372069300e-03
-4.11232716054155242e-04 3.42650503505082448e-03
3.32393514474548478e-03 5.51843994041269128e-03
2.01830623652628867e-03 1.08780232202364754e-02
2.52449260957130330e-03 1.88524688123074499e-03
-1.48578211907398174e-03 -3.39619751622878422e-03
2.08113329875168288e-03 1.26549756756027675e-03
2.20442870191761130e-03 1.84961850548877457e-04
-2.42859760502023498e-04 3.35831386258724906e-04
1.30808966836151869e-02 -1.96642106017020377e-03
5.14456060558861686e-03 1.29444575103508878e-02
-1.61804661019593322e-03 7.06818260881657105e-03
-6.32776896707674843e-04 1.48555165379186060e-03
9.16600462584862136e-03 2.22403590226788895e-03
3.76354047884687546e-03 2.17266321353930822e-03
8.38880669450030141e-03 -4.34442264891643851e-03
3.76979854651261076e-03 1.26810073765404644e-03
5.00615551977398338e-03 7.52634428710152953e-04
7.45067336575226864e-04 8.08224944373939908e-03
3.74432933195002326e-03 1.14113003199274241e-03
-8.53080579268609973e-03 3.95668342609984108e-03
4.85725273698494643e-03 8.89095241966106342e-03
1.13224579655046217e-02 6.93049313415585681e-03
1.39570653638665526e-02 8.59424257080001509e-03
2.04063544250365943e-03 7.81307723283958082e-03
7.88506179150126607e-03 3.30359534355158116e-03
-7.28646911844311497e-03 7.85947020643348870e-03
4.88972099552666996e-03 1.01825505053609860e-02
6.92788214525984214e-03 -6.98103777266579815e-04
-3.78453671346022126e-03 -4.12259548359132384e-03
1.56229161779391518e-02 -1.14155360474041704e-03
6.20749910442303012e-03 1.01865553476909055e-02
9.58001614374755922e-03 9.86555647949727364e-04
1.08085297590988678e-02 1.03811864154129685e-02
7.60881754097054910e-03 9.74155686199560354e-03
-4.45163284700149787e-04 8.12803077308375116e-03
8.39176451833762859e-04 3.24611028957600117e-03
5.05377268016133415e-03 -6.41196821435667443e-03
1.32843097542576349e-02 3.59595593166358316e-03
9.51952852702061571e-03 8.46022745227109456e-03
5.02457791251481253e-03 2.77588201222347952e-03
2.53423068927619575e-03 1.62098142744940658e-02
1.28233650175823260e-02 6.66730351336624043e-03
-1.71717412441088006e-04 -1.74055054092090160e-03
3.76783479415477478e-03 -7.09047338892158886e-04
4.20751507490567476e-03 1.60886075202674519e-02
-2.05842235380858905e-03 2.26746669214597778e-03
-4.68475528544267609e-03 8.86859408029199922e-03
9.47339631164264792e-04 -3.88268938647908738e-03
-1.25148910754060072e-03 8.08150221804170704e-03
2.19603412476497301e-03 -1.17946657344720953e-03
6.26975109275065769e-04 -4.08287167775715483e-04
-9.87268424460477767e-06 -8.12395720804028054e-03
-8.22633873550963554e-03 7.83403694089482988e-03
-2.28776429723974136e-03 6.33609251536934679e-03
-3.91145097159118198e-03 -6.91124224281036985e-04
6.77469149581480220e-04 -4.46837595946677005e-03
1.02101574051962274e-03 -5.46155048382037170e-03
-1.99204543855618227e-03 -3.97287275215099309e-03
8.13214117347385861e-04 4.60984685713843653e-03
7.24207890800341886e-03 -6.88207307213579023e-03
-5.81215608744724017e-03 -1.29741897476605712e-02
3.44733963565376292e-03 1.72753137193178813e-03
2.37467738614038568e-03 3.69712663047209750e-03
3.37724268472601018e-03 2.17054049280752471e-03
5.15227216221930424e-03 -5.54903084755448747e-03
1.80031221478381734e-04 1.75102341939272627e-03
-4.26356484159219271e-03 -5.50193222986637221e-04
-3.51855468740371220e-03 -1.73772008638265721e-03
2.10954311407920911e-02 8.92757003276909052e-03
4.64921459828605745e-03 -9.54510243697178858e-04
1.17441948978200105e-02 3.89223299935080114e-03
-4.88862261878984881e-03 3.45136085606793670e-03
6.68927844384185118e-03 7.49261471816222054e-03
2.91170953853102854e-03 5.14332706068446055e-03
3.49303517148701883e-03 -9.34268550567583962e-04
7.07833067051954513e-03 -4.71998434050664717e-03
2.93433688169260354e-03 1.41718620759050777e-02
-2.34436597976959505e-03 2.76524996175318795e-03
7.06199539547957417e-03 -2.86470268845601768e-03
3.34997537966106630e-03 2.02649281588539697e-03
-4.18844017677261161e-04 -1.27771031222248532e-03
-1.95743840546313804e-03 3.15153053104900559e-03
7.13562652966507997e-03 5.22983311597947399e-03
-1.47353170012481808e-03 -3.54574506212658545e-03
1.51117985242759413e-02 -4.42658401146034820e-03
4.38456978949906730e-03 7.72101883319496318e-03
1.15153269980706706e-02 7.66477580767715300e-03
5.00609760065437730e-04 1.13253422796228418e-03
5.49143844261178182e-03 -4.16469685909495995e-03
1.40824648285466287e-03 4.45074514029922524e-03
1.60998839989047330e-03 -2.62763421265813394e-03
6.15166903147608413e-03 1.80208005798543065e-03
7.06369130173824938e-03 1.08303250386812353e-02
7.46061503046796005e-03 1.74501721973948309e-03
1.01294087549970227e-02 1.07605617070596817e-02
-1.23106108866361755e-03 -2.55040629570406569e-03
2.77306296203019441e-03 1.03630517438470498e-02
-1.22188683220507779e-03 2.90694851497198033e-03
-2.55933821400345686e-03 -7.46418210374898139e-03
2.10203447193577746e-02 4.78510967583509021e-03
-5.91542980192911495e-03 2.03520382426801878e-02
5.70247100691915944e-03 1.27662319142618930e-02
-3.46483646961380943e-03 1.25064958809802777e-02
3.38930022639432780e-03 -6.15228590081331756e-03
-3.37014005794661949e-03 1.27874525157453036e-02
-1.12718342413391541e-03 4.51005779434690329e-04
9.51972512112803267e-03 1.39856254886006892e-02
1.59603928057686483e-05 8.18770050240333509e-03
-2.53223211981580577e-02 1.77957616524409799e-02
-7.52461087579522382e-03 8.99519712355885404e-03
6.54708353952595471e-04 1.27231497247243548e-02
-1.36468597427999829e-03 -1.19714948329404641e-04
1.07981893820911900e-02 3.79535706998604654e-03
1.04861386299484561e-03 2.66998376309936442e-03
6.50638361004257908e-03 3.45628084968816916e-03
7.58587209241250345e-03 9.43438968856452100e-03
7.83609348393104511e-03 -5.18596780474963118e-03
6.85809187689937101e-03 1.26176336967228006e-02
2.01322052947263417e-03 4.19260648737704820e-03
2.77720636648178150e-03 -5.27289804122554797e-04
2.94714193871501839e-03 -5.86636818902368240e-03
4.55518165776209322e-03 6.29708078673668712e-03
6.07664831415935438e-03 -5.45134314804356177e-03
2.10840452189980541e-03 -1.12442611283914643e-02
4.19855552670937238e-04 -9.94765034297976908e-06
1.14123252481936593e-02 1.16767796865921824e-02
3.53442813602563265e-03 -1.31511970310553301e-03
1.55739952205645959e-03 3.27819172246461175e-03
-3.67959358013051491e-03 5.78484910711921617e-03
-6.33433625977161685e-03 -5.68172831550508824e-04
-3.24089092859513716e-03 4.26439306971967795e-03
4.98032146021888580e-03 7.03351909930183955e-03
9.24204654309588453e-03 -5.01274369870855548e-03
-4.85724525624008086e-03 6.65830804683071632e-03
-7.58800272272755049e-03 -8.30599939831867503e-04
4.74811547593419127e-04 -7.03733632781983112e-03
1.78349548896412262e-03 -5.06492553185258765e-03
2.57504038603895971e-03 2.06116223948167631e-03
-5.57855057245005507e-04 -8.14348335747730641e-03
-6.87824416889914049e-04 -4.07693615239716582e-03
7.38772425874675148e-03 -2.01959394569357648e-03
1.07475754213688900e-02 1.33198867235285318e-02
6.15144709832772876e-03 4.13349888647215804e-03
-2.98907263778895810e-03 3.33961937155404431e-03
6.91857412670554301e-03 -1.97079838823002165e-03
4.95465475220653248e-03 -1.81934107492207521e-06
-3.16301906518591264e-04 7.39409553390949371e-03
2.23753222040346282e-03 2.00838583024082673e-03
-2.63638710972345820e-03 -3.14553796771492805e-03
2.23832439578970253e-03 -8.34842414447603196e-03
-2.20583993566220203e-03 -5.22187685007195084e-04
4.57894051615117322e-04 7.38534943458978889e-03
4.20506928159381562e-03 2.46404951804405942e-04
1.43245318962011408e-03 5.02627018257015192e-03
-9.53416175759665510e-04 -7.13905220844693583e-03
7.33824931359466220e-03 1.33534230315190245e-03
7.80332386789090067e-03 -3.11226334753148546e-03
-7.78462730531176775e-03 -7.08060151802369139e-03
-4.42802632098553139e-03 -8.91170862778038406e-04
-8.98389033852661106e-04 7.30290504086081142e-03
2.40292473784592338e-04 5.23523587376314124e-03
6.52788441285638479e-03 1.69384900343765151e-03
8.30072741446421245e-04 -2.81930271818128190e-03
-7.98288616607809162e-04 4.73226321063931026e-03
-3.12699186609677500e-03 -3.01807591569751895e-03
-4.46714528535334388e-03 1.00232838665966217e-02
9.77082958027327602e-04 2.60826336699727913e-04
-4.10715266050613696e-03 6.11986638044940468e-04
3.75787995152731613e-03 2.66647907734432780e-03
-5.51520464693202542e-04 -5.16242840182423723e-04
-3.87012385538972655e-03 1.97720168113105791e-04
-9.97282526834595206e-04 3.55187855061725585e-03
-8.52917136910359155e-04 1.17792836818763087e-02
-6.56407324650492251e-03 4.04147073646827278e-03
8.24013663613000144e-03 5.14891853365746603e-03
5.08668845682283457e-03 5.60888912771391294e-03
8.73532232154218893e-03 -1.94584991890353804e-03
5.44156983775908893e-03 7.64403671656869056e-03
2.85664752059495508e-03 -3.56174297423677341e-03
4.64716174139035831e-03 -6.84012228635683724e-03
2.44577798228548093e-03 -5.87529497506228751e-03
2.80706292162302608e-03 3.82770635740804690e-03
1.15576597232031862e-02 -2.49656421823871719e-03
1.85078197912629796e-03 -5.10355851366739097e-03
6.04477711363183515e-03 3.43370844992466149e-03
6.65515962953172613e-03 -5.25511873310601668e-04
3.49262234754586006e-03 -2.37212006617374500e-03
-4.00255577405621722e-03 -2.27805568528438585e-03
-2.43214600072065058e-03 3.78139363247644933e-03
-2.38851505735099653e-04 3.19903462102945867e-03
2.64041409440513453e-03 6.52136417795815774e-03
7.56197608559216767e-03 -7.73056116284462683e-04
4.78478319256197496e-03 6.27986573033145583e-03
8.27227359614804078e-03 6.80930367936640434e-03
9.71557405470406532e-03 -6.54993259492319974e-03
8.87882419155185641e-03 -1.08745428547219573e-02
2.47544105631038441e-03 5.46468029933766964e-03
4.92957376243995538e-03 -8.94286591760781562e-03
-1.65333001348566761e-03 2.73631544318122134e-03
-2.02182944205380518e-03 -1.00708657452596535e-03
2.18708235904266704e-03 -1.12985497559940401e-03
2.70036742523841215e-03 -3.11114768316050113e-03
5.12851867290065131e-03 5.82671688066800360e-05
2.01865877333895494e-03 3.68616764221695557e-03
2.31526541897047848e-03 -1.84638615714268254e-03
3.04473812680116545e-03 -1.91627121758561445e-03
4.04844459690411641e-03 1.27194989750373071e-03
2.70733938632294717e-03 7.60065607612921829e-03
4.74228898774144147e-03 -8.88435604189009181e-04
-2.08014772698432437e-04 2.89624203890504871e-03
1.41757446149824154e-03 -3.52706713120955239e-03
1.39588504092669685e-03 -5.47010887893953270e-03
7.81806024264677306e-04 2.43187661200029758e-03
2.24565623014176281e-03 1.24616545491090421e-02
1.62313361903204342e-03 2.96315994887626612e-04
9.21171283722400230e-03 -8.60540079740613768e-04
2.72137420661445204e-03 -1.37998196594936971e-03
3.50754378317261325e-03 -6.00290343233657710e-04
9.70974146769923441e-03 -1.54532680655391683e-03
7.44974342462613633e-03 1.29812131290662634e-03
2.28896738349286663e-03 1.97324960924134731e-03
1.40752041182034540e-03 4.85061454815198176e-03
-9.50170015775080729e-03 2.48462891131540293e-03
-2.33024618343389634e-03 2.55059746801260235e-04
-2.58233701775802040e-03 8.14893169540059636e-03
2.07189641642393173e-04 8.50928804356707144e-04
1.49808479436740194e-03 -3.44260804401303041e-03
1.32716531708954293e-02 -3.43695046808106070e-03
2.88422727750966938e-03 -2.53099717999787956e-03
-4.67603399996960670e-03 2.16380299956724824e-03
-6.17762830658385390e-03 7.27247853989468080e-03
1.69128807188985300e-03 4.35007279425108761e-03
-1.04634233941250984e-02 -4.39042246994611669e-04
-6.87481678537765501e-03 4.60081282995254714e-04
-1.87729301737417408e-03 3.22084655482669010e-03
7.20279606904434839e-03 2.88272715050270955e-03
6.39731701488055471e-03 -4.41714309802817981e-05
-1.11684514106505772e-02 1.06472884082467831e-02
-1.58198119364503842e-04 1.56978994580961942e-02
4.74565868628136402e-03 1.78532056205484915e-02
1.05300167773631648e-02 1.12654119372771477e-02
9.28809592788200356e-03 3.46986017338539432e-04
3.34658397579565238e-03 -3.25518073250149944e-03
7.29340201554053245e-03 2.40665795821377740e-03
9.67522613028738189e-03 -8.28038141789770761e-03
-7.10447345923197215e-04 1.41117961257440257e-02
3.24631149993521648e-03 9.41691879732203807e-03
1.25269258851276998e-02 6.84557380732537537e-04
4.94472253392641298e-03 7.10598237289967669e-03
9.91703268163590494e-03 2.96410739439046441e-03
1.26969197164591933e-02 -2.82154366793107084e-03
1.05348695338536233e-02 -1.57736794010447092e-03
4.50644630532967203e-03 3.66290226252182502e-03
4.27168088729790955e-03 4.38469525325449472e-03
8.78472654520988383e-03 1.03612479399016136e-02
7.12001350384104236e-03 5.96573442082060697e-03
1.84902460023696159e-03 5.52072060154122982e-03
-4.58236756748017868e-03 4.21462683949903969e-03
-5.67085544347741195e-04 1.28234687254200216e-03
7.83286748752073242e-03 1.76532648756843854e-03
1.20591994878655167e-02 1.96042355513459951e-03
-4.67328322856824156e-04 -4.28882644068700417e-03
-1.21477089570313102e-02 2.15036044660342224e-03
5.93420964935089529e-03 -9.14127919150965773e-04
-4.14672498953434060e-04 1.20311110030012301e-03
-1.20046377881614531e-04 7.63783093932613247e-03
5.00334695002406168e-03 -6.94135995876905224e-03
3.57871948189239421e-03 -6.37138948953822060e-03
6.24020448836862598e-03 -2.61148857336578532e-03
1.29532320636862475e-02 1.17777310398256194e-03
2.91429133802016639e-03 -8.62650985494894072e-03
8.37288253795957609e-03 -7.34458978625827149e-03
2.74784885560100866e-03 -1.75571450988738038e-03
-7.49919120967124098e-03 -3.17738354915871740e-03
9.39521042657128456e-03 5.25660536132849764e-03
2.04324715341885031e-03 -9.69655277240780394e-04
5.48333358616994631e-04 1.10606841593149886e-03
6.52998475322237744e-04 -9.30287062599374596e-03
1.75759542013656945e-03 3.20607552126386548e-03
8.66431482781222784e-03 9.87547075729028377e-04
2.99827180238028401e-03 5.80216914288746773e-03
2.58553015375863858e-03 8.27684115742162788e-03
4.61723732429611313e-03 -2.57476910048207250e-03
6.53578041463126133e-03 -6.17873125874342493e-03
3.28112847465317084e-03 -8.63028566435730736e-04
-6.83023557761733725e-03 -6.27685783352553619e-03
-1.49882290577797814e-03 -8.67419997316080243e-03
-2.99389526071433217e-04 -3.23926600029760502e-03
6.96049100101050295e-04 -4.66893930898393001e-03
4.79540259749603077e-03 -4.44947571937018716e-03
-5.25599215693145928e-03 -5.87282863712501862e-03
2.05136788543668330e-03 -5.40030947673220650e-03
5.24950624029573917e-03 -8.23300426309274760e-03
-5.46806763118292804e-03 5.36162061574268784e-03
-1.80953453024005760e-03 6.18256589953371173e-04
2.64140037508206124e-03 2.91469210517866567e-03
-5.05286693288847354e-03 4.25107420147732579e-03
1.08391547763365091e-03 5.48638679143850175e-03
5.99368769911187357e-03 -3.70816584234901544e-03
4.57486370312186897e-04 5.62813070718707828e-03
5.10845393670662350e-03 6.17404298583983384e-04
1.15679003143520347e-02 9.70108986399707829e-03
6.62590527301691514e-03 5.16594568543833187e-03
4.49866368326595246e-03 -3.96600977454509684e-03
9.79486562016345860e-03 1.34570568994623880e-03
3.84289136566432887e-03 -3.29113607346082646e-03
6.57455197013796875e-03 -5.89076475290687893e-03
-1.41647493773402501e-03 -9.02427419069412552e-04
1.26156087735092531e-03 -8.64716204306791546e-03
8.03877501948428198e-03 2.41891691271989024e-03
9.01979623409223698e-03 4.42429824346871579e-03
3.87372730114243346e-03 -7.58055308558280264e-04
8.29995986543627037e-03 4.63969588484070862e-03
4.53497018758290769e-03 -2.29574184012524239e-03
1.45536535898526352e-03 -1.75250817863134784e-03
4.81841947766758691e-03 -3.99671470203284717e-04
-2.39327551739117184e-03 -1.01930709709712451e-03
1.38976529125168064e-05 5.78451352395438750e-03
4.21973444433497782e-03 -5.12517689662643386e-04
1.42146061438458184e-02 -1.71391236973314032e-03
1.07263111863382232e-02 5.77062911853097257e-03
8.54159000487130123e-03 -2.91486022700385107e-03
7.51181737692280249e-03 -5.71286322114621819e-04
1.19672021268515927e-03 -3.78819782694286627e-03
4.03935075313552328e-03 1.37947863349213587e-03
6.34007366504815706e-03 -1.96364517758747118e-03
2.87800200883538007e-03 5.07155825056955414e-03
-8.33588209107335954e-04 -5.91772248308152123e-03
1.17132188240110912e-02 3.03068450744784727e-03
3.86771889078718709e-03 -6.56538952419713669e-03
8.43313349528341215e-03 1.10196231669132264e-03
4.94915712245054453e-03 6.64346140193647697e-03
-2.92542661043171436e-03 1.31750644976680992e-03
-4.43425522992677164e-04 -1.69672549842800379e-03
-2.43571358964448812e-03 -7.56119727539660870e-03
6.00528411807158859e-03 -1.64714560457061214e-03
4.94664274958153075e-03 2.48262726996426172e-03
3.38239630397731269e-03 -5.05299020042799564e-03
1.43495108074879162e-03 3.69996710101810899e-03
-1.19511711409388613e-03 -3.84855471250950291e-03
-1.78593062397610822e-03 -1.63052004000240340e-03
3.80861596027014769e-03 2.75832611829332237e-03
2.19858451097207450e-03 7.78803881624543122e-03
1.12459522494142844e-02 -6.86917716187185161e-03
6.99039765468847246e-03 4.41928361460432184e-03
5.69296488823119694e-03 -4.52791902919998188e-03
-1.57378105227707699e-03 -1.20703203676778476e-05
4.52143881335449749e-03 4.58149951362596657e-03
-7.20939726288059076e-03 2.70147600921628254e-04
-4.67205525359107830e-03 -9.05841922862047136e-03
-1.54863203861281226e-03 -2.08454380672947566e-03
-1.22916126841127947e-04 -1.38001718060523290e-03
3.27279502061743940e-03 -3.43106789832555749e-03
-2.69078319644828470e-03 -3.90522110736363898e-04
-2.09536335656363738e-03 -4.55801499616024716e-03
1.24662183503071954e-03 -9.16931131763554122e-04
8.22164718350837376e-03 -7.70631767464275211e-03
-1.70568890076089981e-03 4.85629214973653210e-03
-1.59359987981120069e-03 1.72860281728942048e-03
3.88661964226865190e-03 3.52292824581965569e-03
1.04622066937039987e-02 1.58510655262785122e-03
1.83615222945501919e-03 4.63722346258415609e-03
9.06539758110447833e-04 -3.90600458947713966e-03
1.80230826643012348e-03 -3.25223191023876583e-03
4.69444017693785524e-03 3.97802101913379870e-03
-8.37083246097141201e-03 8.86173119004781545e-03
5.45866940536329694e-03 1.65680949568152436e-02
6.03327124460425242e-03 3.28805014928579189e-03
6.98259075196685369e-03 -8.50349256618385531e-04
5.20691950864916875e-03 1.06260348414338752e-02
7.08848526979956404e-03 -4.85382177910787232e-03
9.41106174981133463e-03 -1.32351499211731774e-04
5.02251507468684955e-03 -2.38349424697004066e-03
6.52750621706540534e-03 1.04875925467212763e-02
1.16933345205894844e-02 1.51842088270595348e-02
9.45124099754350382e-04 -7.91480926282473428e-03
-2.21652743512211134e-03 -1.51217972881603877e-04
7.83932658664651498e-03 7.88989084647061766e-03
7.35026764433727425e-03 2.09486586498866577e-03
-2.00683039979539972e-03 -1.59945645330034948e-03
-1.24234334143386954e-04 4.38294890845271085e-03
7.56542631857989433e-03 4.06330101283925056e-03
1.27985598699860044e-02 4.52240856376672287e-03
4.38486147416095647e-03 -3.89278797245117263e-04
1.86355850164483924e-04 4.97447418607561889e-03
7.54467942340296144e-03 4.36147613448455845e-03
7.19868286706379628e-03 5.96645887203131782e-03
1.26003410434460308e-02 -3.93834279842589403e-03
6.54710204508722037e-03 5.01855759435018266e-03
1.55466364263803798e-02 -3.95974504934948888e-04
3.86467563911696262e-03 4.41156141224074267e-04
-3.07362646981822847e-03 -5.65368900290758036e-03
3.00879775922355654e-03 -8.54920984791814574e-03
2.48821237150575114e-03 -3.98142261548576140e-03
9.79958697550425582e-04 1.41823526307233551e-03
2.88916930944884158e-03 1.36057727257839949e-03
-6.64005625947530743e-04 2.74830955383736615e-03
1.12507939115765680e-02 2.55130937076625307e-03
6.52952600965703202e-03 -5.72341186941967804e-03
-3.14750305316902849e-03 5.04664622109621177e-03
7.53449663735167394e-03 3.02878358799738966e-03
-2.62981913153487266e-03 -1.96148822229830471e-03
1.20619189067813293e-03 4.63680431897408804e-03
5.04757727395736475e-03 9.40335618779048767e-04
7.12136480229582855e-03 7.95215687209458073e-03
8.80659068126915349e-03 3.36429695246452925e-03
1.10695875147954984e-02 8.11154877066940991e-03
-2.37944514946829364e-03 -4.99275898912841191e-03
4.08883277286052355e-03 2.38489537941400515e-03
3.96326892963209249e-03 6.09907601538710754e-03
-1.38167035855659283e-03 2.85752275789701894e-03
1.49714921074477376e-02 1.06033150400467995e-02
3.13970816626386873e-03 1.20371899928700546e-03
-2.39997649119048960e-03 -8.07152731908133969e-03
-1.79897732648483873e-03 -1.10704725646009220e-03
-1.97127284835431436e-03 4.39559522089664600e-03
1.54288121260510351e-03 -2.61149913062899957e-03
-1.04712588160319441e-02 6.85993288055175717e-04
-2.51227881524934953e-03 -7.80049691355509580e-03
2.28078531692204418e-03 1.02686328827111101e-03
-1.19539263592059308e-03 4.16936404185183802e-03
-1.40950790691774961e-03 -3.84276008585267368e-03
1.61078186462537947e-03 -3.55247143701922698e-03
2.34255569947046166e-03 -3.11566809025240476e-03
3.55358138095618510e-03 -9.21876954625583736e-03
-5.56558224333024605e-03 -7.36994937498892770e-03
2.44264051761745090e-03 -1.13247464838609202e-02
2.26571151634289867e-03 -5.18556364878439082e-04
2.54968633919697716e-03 1.36775315287880899e-03
1.20472341076503543e-02 2.35346849397034992e-03
1.65352938222877981e-03 1.62596712668436360e-03
2.79906509111188919e-03 8.43868343569559418e-04
5.83571940057359042e-03 2.64569555157880606e-03
2.14105819779960823e-03 1.53663538339446930e-05
3.73011002682435179e-03 5.81271948833477978e-03
2.33061225195133623e-03 1.96295032412016060e-03
5.66702367596571112e-04 -3.50171782529369764e-03
1.85711729493399534e-03 3.94437963769623395e-03
6.33433560125453397e-03 3.50254800523220125e-03
1.75483003836602756e-03 3.40677084623212088e-04
-3.99373058726964093e-03 5.05968063707052870e-03
8.17183242667367075e-03 -4.20685847579350437e-03
1.56185030089108271e-03 5.73549389530907464e-03
4.71795073992663499e-03 -2.40463169628601562e-04
1.03397975031389970e-02 -2.88776051356736752e-03
4.36238954092648453e-03 4.56759941819073582e-03
2.15709707114295152e-03 7.83334303060051647e-03
7.27749613845102457e-03 -9.56747748380978175e-03
1.30723788949753273e-02 3.79884001422523118e-03
8.98851064798582115e-03 -3.76631518473681320e-03
3.72941389538309753e-03 4.91785834697345669e-03
2.46531762974860902e-03 2.05410436266665643e-03
-4.33339878763059662e-03 -2.39829703815093442e-03
3.70243985302571958e-03 -4.16386767385666656e-03
9.01768853391020017e-03 -3.07590484523073736e-03
-1.33207674862796682e-04 1.81898317297636704e-04
8.42932291472801333e-03 7.26301943174185484e-03
4.09554826358315624e-03 1.41322274459923644e-03
-5.25050218945596978e-03 7.78325462037325264e-03
9.49235414983867895e-04 2.58084722345877605e-03
5.67412327580444752e-03 3.33675279439117145e-03
-5.84403951367252279e-04 7.51807065270961635e-03
4.25644314019698981e-03 3.45775803000201607e-03
8.84405391388533128e-03 -5.20112068491321040e-03
5.68571436263599038e-03 5.35466133205672514e-03
1.31409959873692440e-03 -4.56595175318172224e-03
9.75538649421106401e-03 7.82586401603849006e-03
7.05874395443342739e-03 7.98148323803542746e-03
5.66454800977674641e-03 5.37120075076629160e-03
8.97641477495734683e-03 -6.45579555593691918e-03
2.45840913971895336e-03 7.04347715328216932e-03
1.66113598673611335e-02 -7.37453404773405746e-03
6.80327748380165492e-03 3.37002326998202262e-03
4.52024993191430836e-03 1.55738514787120176e-02
-2.86053106488821885e-03 1.08836530174317506e-02
1.78430568264032093e-03 3.13267550796688882e-06
-1.56691681770397377e-03 -2.52893293885019096e-03
-3.77078143385154189e-03 1.80725693658611024e-03
-3.93296905578887582e-03 -2.59138791930909294e-03
4.91527272376762747e-03 -2.55660587003859281e-03
3.69173092102753966e-03 6.33150529554570539e-03
-1.81855935726202007e-03 1.78359146444628455e-03
-2.12384320752469994e-03 5.51593618406040574e-03
8.75657732507718022e-03 6.08340414508096779e-03
4.10231910493347781e-03 -2.03920073071634737e-03
-6.38885544459037740e-06 -2.05194350225043533e-03
2.51599570850754520e-03 -1.81335224005177952e-03
3.19670342482364150e-03 4.81089018244582143e-03
3.19777313809134706e-03 2.95585569824550511e-03
2.68636588724629859e-03 1.68019060908949870e-03
6.01620538729179342e-03 1.45114272341279353e-03
4.62935488278750371e-04 5.96035764420333944e-03
7.42133781306977391e-03 5.62477928303886134e-03
2.40936827247904091e-03 1.34475129797131041e-02
6.63729500733748010e-03 1.30658355018031932e-03
1.24228005953133762e-02 3.24007663237613729e-03
4.91886229079625901e-03 3.10150265620892554e-04
1.28943948599589166e-02 -8.30345688762427645e-04
4.09861205212582597e-03 -2.39166730576908029e-03
2.41422691910124672e-03 -1.59295221992140500e-03
2.05027466392562795e-04 -5.80014410143355700e-03
1.13786490265985565e-03 1.01775486062010492e-02
6.32288510430436754e-03 7.68004602554875088e-03
5.22591136928108029e-03 1.01710380208219829e-03
6.09669725182410659e-03 3.91228941929103614e-03
9.69601883518089909e-03 3.91109513086697249e-03
2.77616751775078361e-03 2.08185273202632012e-03
5.13085292389512705e-03 -1.36613652804717304e-03
7.49687170078366071e-03 4.09529128696597793e-03
5.62323029781440498e-03 -1.46113669825138708e-03
1.46964538601621082e-02 8.30107249881082560e-03
6.73671969937833948e-03 1.47394823048810700e-03
5.59945693588997494e-03 1.01169047054620199e-02
1.93239968325290652e-03 3.46025286182296741e-04
1.12091952558438478e-02 6.10967277704710116e-03
6.64115483050595028e-03 -3.59153608386924639e-03
6.69244132262254016e-03 6.09373250391962145e-03
2.18528899433577872e-03 1.07600652322112703e-03
2.44599513198001141e-03 3.69596694940091354e-03
3.64823242435504411e-03 -7.46459315387790201e-04
1.03469999064390913e-02 1.83364766709970470e-02
3.92093249854168820e-03 -4.28517279581286294e-03
7.48050590321715052e-03 1.89311869303744086e-02
2.19563063349342575e-03 5.26201091898337650e-03
1.74600316667619204e-03 9.91610252170459748e-03
2.19239134152207811e-03 -8.64968317552286883e-03
-5.96560369785763310e-04 -5.88409437374461455e-03
5.16472740379904632e-03 -3.05247905076933912e-03
4.33874175168373621e-03 2.40465463761833703e-03
4.04392263650931155e-03 -3.69918274267073738e-04
-1.24994018904789144e-03 -1.01818138156458174e-03
-1.87103839151319448e-03 -4.48110914216725675e-03
5.69621276325871142e-03 1.80904667834837305e-03
3.23370998888634735e-03 -3.18396714677246810e-03
-1.11245146793446611e-03 6.31079698612148875e-03
7.04274513489309972e-03 -1.60343774209860618e-03
9.88810157005806482e-03 1.08331372800258372e-02
3.71834503995165013e-03 6.23355019923084279e-03
-3.63331095142950143e-03 6.26188034542606714e-03
8.45138046352727872e-03 7.73849861318986511e-03
-9.13455243809398209e-04 8.17839029610421646e-03
-1.78107838785289256e-03 -1.37720879017992643e-02
1.11645034196065007e-03 1.10040895805179131e-03
1.25013978222216415e-03 -3.29547485777727288e-03
1.38402361171139428e-03 6.15048206773885497e-03
1.56484205624420731e-03 -3.17396630035006542e-03
5.86089485663944011e-03 9.24181226291243929e-04
4.86695823966048959e-03 -6.63290288974043366e-03
8.48405232975152530e-03 6.17481569962088309e-03
-2.22259560506133649e-03 -2.31858533891311346e-03
2.09169923479007001e-03 1.60211908947876180e-03
7.06213781654784975e-03 -3.32803823736960418e-03
4.13703596797873954e-03 2.85886418947513612e-03
-2.23782684839622312e-03 -2.85386695071376990e-03
9.75137875849637660e-04 5.61555806320459747e-03
8.36871692763995617e-03 3.46443019105183202e-03
4.81941578650362402e-03 1.13987338471383884e-02
2.65710383571253744e-03 -9.89699548526811607e-03
-3.01028081420563537e-03 2.52690912890082484e-03
4.44174970598901989e-03 4.78880737571430338e-03
3.80976298550646806e-03 2.66328171035803984e-04
4.46040674859451980e-03 -3.74080099716391119e-04
-1.02858968940823590e-03 -9.17794572396575330e-04
7.78493718728148830e-04 -5.41306120943276566e-03
-4.10686510972255289e-04 -2.55387185204967006e-03
3.21308648003713329e-03 2.00236716077379414e-03
4.37435824077773983e-03 4.42247536155688636e-03
-3.07275729959806789e-03 2.90435727527209309e-03
-2.22510567052950888e-03 3.09720447522326666e-03
3.23731610358843607e-03 2.41831082323925228e-03
2.62633853079961887e-03 -5.46738681643578234e-04
7.78618138386063586e-04 -1.88411950812472097e-03
2.73580192475121565e-03 5.38214173422000772e-03
5.51740654710971938e-03 2.17253534998630747e-03
6.89279006485466611e-03 1.19029820424233529e-03
1.30420376327819334e-03 -2.80931042021518576e-03
8.21824718110365435e-03 5.97420173867836777e-03
-2.64277128263120222e-04 -6.13839077010221341e-03
7.06283113145891699e-03 7.95343812232588050e-04
-4.61683603049293199e-03 6.96375689577368069e-03
5.91904777902906368e-03 2.18310923433370470e-03
1.63976133073034827e-03 -5.30796905664142598e-03
6.86904215421572234e-03 2.33239202666485970e-02
3.24912032558261977e-03 -2.77140494705199096e-03
2.56209034620635779e-03 8.53966485014129827e-03
-2.10467425325971372e-04 4.98387354494693111e-03
1.28450567638676303e-03 5.97731913823873386e-03
-3.59300641066559153e-03 6.90964068176397935e-03
3.21586739253657602e-03 4.96877346281041077e-03
3.57464590708604256e-04 1.46887273207208327e-03
2.83363943198557816e-03 1.56892079192040936e-03
1.71430654495631648e-03 1.91182522657486046e-03
3.88933032619066549e-03 -3.07803372254728327e-03
-1.16159806292189644e-03 -4.47902907282973859e-03
6.69419056928248664e-03 -1.29779381131848136e-02
2.69295901869448214e-03 7.50063072305076129e-04
-3.71090978124143176e-04 1.49206806417712589e-03
6.66506303869693513e-03 2.77028990909606969e-03
2.19294816978924095e-03 8.33617225682976512e-03
4.08074582512110880e-03 6.47918092726668289e-04
7.68866638844509665e-03 1.22115079513840444e-02
2.54182276890167064e-03 1.35354116903651199e-03
4.11486190992897249e-03 2.48877696527998555e-03
7.85314400204901184e-04 4.97481680514545287e-03
8.72684359685324020e-03 9.32004064784610784e-04
4.87678047605887171e-05 3.59622738154163511e-03
7.51528048014844536e-03 -3.14626085174366671e-04
4.80444087315177928e-03 -7.90547278672661070e-04
1.01257929900108231e-02 1.27802662029033801e-02
5.60696629772320081e-03 -6.73965649753182489e-03
4.91856485146062797e-03 1.56536711628186046e-03
8.62195750795067585e-03 -2.38498500279444876e-03
6.01440334549962433e-03 1.07428733399813538e-02
1.01103460370255225e-02 -2.76064397091567697e-03
2.04479600881095217e-03 7.55118356906216235e-03
1.26045797163159053e-02 1.08545325137663091e-02
-5.48876922097646814e-03 3.95838280794143325e-03
5.96935602096718837e-03 -2.12053932923312520e-04
7.15515526830585568e-03 1.23528423150767713e-02
-6.92839354093440028e-03 8.77441056191157051e-04
7.71272680825521410e-03 2.02471917349583211e-02
-9.26055186334990080e-03 4.27663105938394690e-03
2.43846132140168256e-04 1.09854270302832211e-02
7.38657572746135183e-03 1.59477002000935758e-02
6.02653883694144639e-03 1.57794496540638197e-03
3.78826341370063413e-03 4.16868512871925584e-03
9.50544824444212941e-03 6.17155331146815572e-03
4.50478622459141945e-03 5.88888532390629930e-03
4.27120175821313949e-03 -1.23692607259948649e-03
6.41242081092979407e-03 1.02990640407258135e-02
1.69219541695200155e-02 -4.36485295644815224e-03
5.30129500069090667e-03 -5.87201090712874407e-03
-6.29263333275979601e-03 9.34000386468947924e-03
9.77691654236753811e-03 3.66885796914535314e-03
2.66477160573149515e-03 2.48287327756487519e-03
-5.79540625591726884e-04 -1.44210124603179530e-03
6.28512178725405476e-04 3.87814359701097551e-03
7.26729254365739499e-03 1.03032775976149207e-02
1.60232192885859017e-03 1.86314879195566946e-03
6.75554243451877059e-03 6.96615180972874354e-03
4.64065406947736236e-03 -2.30020297372681435e-05
-3.15838627241175462e-03 7.85696002762679112e-03
4.85129407261903917e-03 7.04433144192450917e-03
5.65429914456511314e-03 1.07176470074262942e-02
5.19122746458865018e-03 3.57101031063527391e-03
5.50822169551829638e-03 5.33698861957250005e-03
2.72539506397216115e-03 -3.30733384452845105e-03
-4.59213699534216906e-03 -7.75061080869363702e-03
4.22979405792812263e-03 -2.74867382908055647e-03
3.56145209432808538e-03 2.71323458814775502e-03
7.98490092934952059e-03 7.04389790588400878e-04
4.49999913163329646e-03 1.15415109181118297e-03
-1.31058797544521028e-03 5.12037625954474794e-03
-1.42186043703302224e-03 1.46770686619433401e-02
7.41837920220803342e-03 2.87489287386908038e-04
5.78949811707097414e-03 5.80618970026244158e-03
7.45836488467056368e-03 7.70820419086937474e-03
-2.34458817065502385e-04 9.86128545297966334e-03
5.45599738327496534e-03 7.61451089238827147e-03
1.09611327937239374e-02 4.77840079281048949e-03
3.82791488479177237e-03 2.24953094847505416e-03
8.89200368240736921e-03 1.03343353098301997e-03
1.53631020531846680e-03 2.88091448458112354e-03
5.87213761194762228e-03 -3.50125919131121649e-03
2.29497778187736810e-03 -3.68107430366075572e-04
5.26150273157567454e-03 1.29646990301053398e-02
6.02245493272701021e-03 -1.47547657328720035e-03
1.17046357939356162e-03 -2.30609691485995265e-03
9.21844043123732672e-04 2.06040397625002324e-03
-8.00182188061299149e-03 -1.00033115903075589e-02
1.31567584501845721e-03 1.51174060956463675e-03
4.92346837396748487e-03 6.62634013533142021e-03
3.86161016288010103e-03 6.33763204934023605e-03
-2.52233576476336820e-03 7.44616983452910629e-03
5.89435491122494194e-03 -5.41204708315460269e-03
9.88167616678760699e-03 -4.31797650538812258e-04
3.95014812743201514e-03 6.57998323742564140e-04
-3.38232195993882741e-03 2.47780095003064795e-03
-6.29485728689379610e-03 -1.09596788468177249e-03
3.02135618946450290e-03 -7.30327844686791839e-03
5.06626480029021952e-03 1.02859941795989136e-03
-1.55904362245932386e-03 -6.83468760577739688e-04
-1.96251981980651068e-03 -1.10947336122214630e-03
-8.15325408998729948e-04 -5.25155899211622416e-03
1.52845172845215765e-03 1.68268195230524410e-03
3.54751395996342860e-03 9.57595497823172069e-03
8.41865062034115666e-03 2.40197377824865861e-03
3.97979081915766485e-03 6.04100520174166451e-03
1.82399163830611376e-03 8.38347435281802320e-03
5.34019715203119024e-03 1.63708529117497902e-03
2.17663543488247129e-03 -1.08579106382219819e-03
6.26673052833331013e-03 3.26370439512231689e-03
2.16711733937831981e-03 -3.78017776557681333e-03
8.92300203557886036e-03 4.93154066242346752e-03
3.33761138507372192e-03 -2.40738089662676262e-03
-1.53920115543524695e-03 4.97749678947081737e-03
-2.43215883349009749e-03 -1.83760444049122298e-03
5.87803274478825803e-03 -4.36353200488383101e-03
-2.71416707899702157e-03 4.61356175116187355e-03
2.77741736736302966e-03 -3.93518934809011876e-03
-6.12275875334829402e-05 -4.77892263041329243e-03
1.96859936974985023e-03 1.13436968830334835e-02
1.00772754238804239e-02 5.63300837821337219e-03
1.25709549661636288e-02 1.34042329247197902e-03
7.78140638320401219e-03 4.26510403282970556e-03
1.17496780195839971e-02 1.09256369176265258e-02
7.31457084511642763e-03 -4.10264336840852895e-03
6.94613005741031349e-03 8.95657146974090414e-03
-9.64716052893836370e-03 3.29369126167442352e-03
6.80892699889948296e-03 -9.45007394887409369e-03
1.80530305411541274e-03 1.07092922658697637e-03
3.69714684715567927e-04 1.57332948680559198e-03
5.79305325835006643e-03 -4.74126540115346606e-03
5.41824635395086844e-03 1.69145717015655242e-03
-1.77279967533864940e-03 6.11670934003243679e-03
1.48245305003315026e-03 7.49108912801962987e-04
-5.53905606767446206e-03 -8.97248143688419986e-03
3.09852947179517502e-03 4.01107792805263305e-03
4.37653153451666999e-03 7.22376852398567623e-03
1.18438439752822054e-02 3.93259073194167819e-04
1.23155546023024851e-02 -6.30875680080954151e-03
3.27699205249609628e-03 -2.88172117508387791e-05
3.96842102674685449e-03 -1.64405338829162165e-04
-4.57033066055855409e-03 1.09296608052714302e-02
1.93234989595331358e-03 1.87880490491296659e-03
8.35199155787816512e-03 2.89858064567575591e-03
7.17015707418286723e-03 9.92710582631614775e-04
1.10519546533585124e-02 -5.67570114229017531e-03
1.40458305806865388e-03 -8.65339245782121885e-04
-8.02890931085272256e-04 7.46557297557696922e-03
8.01110096068365128e-04 5.98380827032419464e-03
-4.13304799490875167e-03 3.74324032021127774e-03
1.88123021478438278e-04 -1.84316643469246543e-03
5.91659728695363707e-03 8.49857602313393128e-03
2.69632605565390789e-03 1.01729073182447744e-03
6.25958355828648647e-03 2.42090963850228344e-04
7.86015930223487626e-03 3.42932949829423449e-03
4.71546735705073109e-03 1.19207328470819396e-03
9.91517135656897440e-03 -4.16700781657715000e-04
4.54382977965834753e-03 2.35118308711026449e-05
4.18584958885019620e-03 -1.47018249334150350e-03
4.49923855137843512e-03 5.09622361140589421e-03
1.25672735886813358e-03 -5.63990723548693290e-04
1.58552665899272288e-03 4.07447418853609539e-03
8.54540510502399368e-03 -5.22690187111638123e-03
4.94168367014305270e-03 1.41419092172893456e-03
7.90183026547257826e-03 1.88654357978222773e-03
-1.31196182612811378e-03 4.27534226203002323e-03
6.18794684490861849e-03 -3.04270009102319740e-03
-5.99231912601316287e-03 8.80289509621081864e-03
5.53952846391586335e-03 9.60360471984803010e-03
4.82558036235235070e-03 1.55602238034644293e-03
5.94992179676036032e-03 -6.67669739666916853e-03
7.55837389496334146e-03 2.94607249866166935e-03
5.32199371065541268e-04 -1.43986142734857663e-03
2.40245383866176214e-03 -1.60332314654582802e-03
6.02347807502227016e-03 -5.04175355337245674e-03
4.87027738822792822e-03 1.23261666596802006e-02
9.46762929758600789e-03 2.05989969470582283e-03
6.86887060851950997e-03 -2.26174769916350372e-03
-2.87094840757127709e-04 5.41110766867835061e-03
5.35703445586681141e-03 1.46881106656776908e-03
3.06791574371836732e-03 5.03694002233345817e-03
4.24602360136350828e-03 -2.70538561018085705e-03
1.91383088726338152e-03 4.03173994015244581e-03
7.22127104848264002e-04 1.77305816017973698e-03
7.39331024612749615e-03 1.65047266511499056e-02
3.86422723877506398e-03 9.28143327817169267e-03
1.28718136257090377e-02 8.98850593996754731e-03
-8.17237805426919667e-04 6.11064021492830917e-03
9.75698096949695511e-03 8.81022739805820479e-03
1.05254928002068322e-02 9.74219357430874261e-03
6.66582017486274693e-03 6.02855060299385855e-03
5.76467303445806194e-03 8.26472283427676785e-03
9.00335886428869567e-03 4.57359115058876119e-03
7.65518404175077188e-03 -3.22439804981758697e-03
7.67136326152673218e-03 5.09375026454911110e-03
1.21583195226335943e-03 2.72289092484821662e-03
1.21094059652949813e-02 8.86594452890934227e-03
2.58506828557236506e-03 1.73054406325440983e-03
-8.28838612754082861e-03 3.25976449143900024e-03
1.93974120050049680e-02 7.48738522912134608e-03
1.28703716591756379e-02 -7.50711956761835643e-03
2.79689421510360015e-03 8.24887807705580755e-04
9.67196581220109569e-03 -3.31752166410462061e-03
2.64632919376392439e-03 6.48058067060619774e-05
3.59248254399837557e-03 -2.25708778821705723e-03
2.10219658527642300e-03 -1.65086037627266632e-03
6.78676573549746344e-03 -1.82966529634611915e-03
7.77098059972395130e-03 -1.15798344684135929e-03
9.15177452942596802e-03 6.35941813618889061e-04
1.02977993079476100e-02 2.41726068800616903e-03
7.19954015993356372e-03 5.32123747060280513e-04
6.82807376979730016e-03 2.63107999633877378e-03
8.72424639663756454e-03 3.35676907500988275e-03
2.11564976520880847e-03 6.74683439330290777e-03
3.18088228135939705e-03 1.09550562388799101e-02
6.25362645255843515e-03 6.07829254189403909e-03
5.32469129311619483e-03 1.85039653928022597e-03
6.88412207903594826e-03 -2.04053803203766088e-03
7.51134616488178739e-03 6.23851257114770540e-03
5.67123505853025719e-03 2.74788306669079309e-03
7.56513138080626771e-03 -2.74431406520693954e-04
1.04033848923894313e-02 -8.64521286041794348e-04
1.35050338911392519e-03 8.44930975835556271e-03
-2.56869035154868100e-03 1.50675823799481892e-03
4.45606068834322744e-03 3.66770857990915324e-03
4.97114128665864050e-03 -1.11485565862513283e-03
8.98164316668477458e-03 7.37606904318127525e-03
7.42277104196942088e-03 -7.67250666869051610e-03
5.20791658332553625e-03 6.24743322352861070e-03
1.14700452003037578e-02 -3.95919540263519731e-03
-2.72938431207321011e-04 4.96832639831946022e-03
4.32731824034760654e-03 -9.49318599246009621e-03
-2.04789685434100376e-03 -4.96789737922118287e-03
-2.10507330971702444e-03 2.54585854222469724e-03
-8.20553014144056602e-04 4.66036298044691238e-03
4.25279667182294242e-03 2.80648251204348390e-03
2.05842497511232172e-03 -3.46447764249075774e-03
7.79166041079897963e-03 -7.18126847218438728e-03
1.23953326923873040e-03 1.24320645934514955e-03
6.53001229927774231e-03 -3.97588738819775085e-03
3.79567847465469091e-04 4.46507546193180421e-03
3.39604927993141046e-03 7.86582431251795812e-03
-3.34150132046749562e-03 6.26466467638308070e-04
9.46994276568653985e-04 -1.93404101873021600e-03
-2.61625784186440315e-03 1.10068090938573050e-03
-2.23764834876020828e-03 -1.22474370028841312e-03
-1.72842598743523147e-03 2.30376088536560220e-03
1.27445845867093567e-03 1.38363773143365936e-02
9.25941762885054351e-03 6.43389121853838765e-03
1.19245786369203011e-02 -3.13500605642267911e-03
4.76083911893698981e-03 3.60381701005071421e-03
9.29140817328362109e-03 -2.31144723585801487e-03
5.88397295609325351e-03 -7.20717410859551626e-04
9.04231932450928928e-03 2.89360872636685142e-03
1.01272093348834420e-02 -1.73194650665862092e-03
7.45950367189659406e-03 -4.20904709651838101e-04
1.02214420966280379e-02 9.29062979191754186e-03
4.22334524776492564e-04 5.45507453369890958e-03
-7.30762449759950455e-04 4.42240735253025558e-03
5.81506352035855885e-03 1.48451531655072622e-03
-1.09389687204918462e-03 4.00579589687101272e-03
-5.40347989541408759e-03 4.18481072588282451e-04
1.04950863762477715e-02 -6.62543702648798680e-03
-4.66496788780304257e-04 1.79909054539457167e-03
6.29398588662063736e-03 -2.81286489142401966e-03
-3.20776015765492951e-03 -1.83463906569264544e-03
2.98981697582775385e-03 -1.68498855906384524e-03
2.54734497789967053e-03 1.77008582769571027e-04
7.13917644926687339e-03 -1.84267603494974049e-03
2.95483576227651345e-03 6.62688874981922499e-03
-4.51533961150237494e-03 3.20189874612375296e-03
5.90374899853444556e-03 -8.93673067984131122e-04
7.91350054537995687e-03 3.39940527742063842e-03
9.61931575830720503e-03 -1.89226986009712939e-03
7.07085924702285408e-03 2.91108519660129459e-03
3.64701696677380489e-04 1.12241081078179872e-02
-2.50939121374702716e-03 6.47164633524079796e-03
-5.28536038843066287e-03 3.00160503055061961e-04
4.41983725703100816e-04 -2.55795416646956934e-03
8.64249518060173326e-03 -6.78517524607726713e-03
3.05600567923392007e-03 2.99436372139101278e-03
8.39038306995278961e-03 -2.76552558066118278e-03
5.62757069265342608e-03 4.21033362006195764e-03
3.48224983348811769e-03 -1.19575492557260905e-03
1.26554626237213009e-03 2.41689392048855239e-03
5.29388251957713368e-03 -6.19293940382749635e-03
8.01333255696386366e-03 4.03758698824374998e-03
4.35978989469388341e-03 -6.13932700543664590e-03
8.28440137158893176e-03 9.87743677473695847e-03
3.73940565323140810e-03 1.65144773714648004e-03
2.25481256875499983e-03 7.35056175323634941e-03
8.22613925425558050e-03 -5.21792229363551505e-03
-2.99947223242266270e-03 3.83895712145993070e-03
4.14927865568645235e-03 7.72308260483837040e-03
4.30763006035132616e-03 1.30297375761986751e-02
-1.91714154889358643e-03 6.79025349136126982e-03
8.78676790936474585e-03 1.00957785128998941e-02
5.88426214487032962e-03 3.71097765805512804e-03
-7.75762435293857644e-04 1.78262944636821711e-03
7.13706122484624415e-03 6.60272257519678180e-03
4.64783924104752218e-03 -3.48718959460644386e-03
3.49089779400645322e-03 9.32322223191058702e-04
2.51047990184995965e-03 -6.51854134742547303e-03
1.24324094504905730e-03 8.11649090883782842e-03
3.73748027396184762e-03 5.99510604752055525e-03
-4.43145460622490234e-03 -4.95320083524192472e-03
-6.13232291329167140e-03 9.61973126560572087e-03
1.11035303843104345e-02 8.79896321542504752e-03
1.43741870557454929e-03 -2.92355877931955218e-03
-5.24776075018467281e-03 -3.75532521978844906e-03
3.51430761842014511e-04 -6.09250367295930523e-04
2.97778547896594367e-04 1.14334877234926694e-02
1.81738838664446505e-02 1.26074154210786878e-02
8.48932171119119901e-03 -1.26113975263235237e-03
6.74946638813144276e-03 5.74103367472528561e-03
5.06177566688631106e-03 1.63939034285897241e-02
4.94697872009115715e-03 8.82134908905619214e-03
5.07733513271175791e-03 6.79426697535982869e-03
1.19527769051966243e-04 3.70991001429960866e-03
1.11770234982045483e-02 -9.88441259844993455e-04
7.76274231727546934e-03 -4.17099837575714717e-03
1.27436345090708894e-03 2.61778449565849012e-03
9.41967267219760186e-03 1.65325340010452019e-03
3.22107937447291401e-03 3.65714539080377139e-03
-5.17159497227926367e-04 1.65875993293212038e-04
3.17106756250241668e-03 2.23145566107455732e-03
3.40379704158286526e-03 -2.81144610544511141e-03
7.78435756144365675e-03 1.28333776853171207e-02
7.54116258127765938e-03 3.36354316826223149e-03
4.19802871808626962e-03 4.50030384861974282e-03
9.73356594249510237e-03 4.36864634275637245e-04
8.03482310234762166e-03 6.66153271445807729e-03
4.41048538273208952e-03 1.06708553592407968e-02
-6.22310483511769735e-04 7.76024495430703218e-03
4.48322430654937362e-03 3.39090724738929337e-03
5.39572046898316362e-03 7.19149604954408880e-03
1.25961820777574993e-02 4.36542707516094242e-03
5.83887536331179503e-03 3.98143531131394789e-03
6.27900454564566616e-03 5.69579059501269889e-03
-3.49589185516179044e-03 5.77426119715226515e-03
-2.53277162926967636e-03 1.04086522161627275e-02
2.92966625180786724e-04 2.98690628634668194e-04
7.37628420800469625e-03 3.97871334377604110e-04
1.01606718513875694e-02 -6.68284611776958303e-04
4.79251484031307465e-03 1.10911478716763691e-02
6.97008807145435647e-03 1.89474102420207949e-03
9.49830653317693119e-03 1.18114603837728115e-02
1.55695306247630410e-03 7.94545049155519559e-03
3.57427791527030502e-04 8.12954828891525316e-03
9.69987909169724161e-03 1.46582252467571308e-02
1.96134025710177975e-03 6.98406659272534595e-03
3.27323500758874971e-03 2.90705255783872858e-03
-1.77669593553274763e-03 5.83766068538781827e-03
5.42912809076931228e-03 -1.81427483872340328e-03
1.88698375720132276e-03 1.05677328309102328e-02
2.87278332449385741e-03 3.20164476673365402e-03
-1.20217394911606434e-03 8.77175106924833921e-03
7.64074072170766415e-03 7.89181710049768718e-03
4.91313096405938086e-03 1.21817846831311413e-02
3.25478960961905154e-03 -1.74488761908814564e-03
-1.91158889226569610e-03 4.20381372760351285e-03
8.00107521209453623e-03 7.39702463441603130e-03
-1.77829190523502755e-03 -2.38642219719655251e-03
-2.78224110504959963e-03 5.19799524287540681e-03
1.27377162348039355e-03 3.04952601895352700e-03
-3.10093761220918548e-03 -3.27058273210364730e-05
1.66980227028672856e-04 1.08083275705055256e-03
8.85751648542562262e-03 7.42620220544863360e-03
1.05553806602505951e-03 -2.26616292350119604e-03
2.60085036496320900e-03 -5.34272556633399662e-04
-2.67949504093843976e-03 -6.50533624929262345e-03
3.08637115665771769e-03 -9.99136893049110434e-04
7.45447360132337009e-03 -2.43117494986506240e-03
2.88367302310348636e-03 -5.35183213573729288e-03
8.30851881166330165e-03 -5.57745521059008383e-03
9.46692071692348779e-03 -1.27068120864768622e-03
8.50953211347726252e-03 7.94139464651168886e-03
-8.04120970681583688e-04 3.27349296518466898e-03
6.86631557402204214e-03 -3.44952675605557488e-04
1.13738443330383722e-03 6.52966064803713053e-03
-3.40812473625594055e-03 8.47508868623942160e-04
3.31725189188645467e-03 9.27629050063679024e-04
1.01831840064726328e-02 -6.47437687724979234e-03
2.26837726282832098e-03 2.74238746548412484e-05
1.09930197286298194e-02 3.32771356717128080e-03
-1.49140102785255343e-03 -1.38660752776078753e-04
7.87933900658224426e-03 -3.07485937089585189e-03
3.32616927846704925e-03 -5.21610367488641122e-04
4.66746443472885152e-03 1.53328454193277946e-03
2.62057061615705985e-03 -2.51489446595821661e-03
1.03843623996968844e-02 8.89387021044178022e-03
4.17470953069319813e-03 -7.98176326903061659e-03
2.79824824639624253e-03 -2.94778092825114316e-03
3.50314467617951529e-03 -2.26394845404417509e-03
9.35380781397975210e-03 -1.18441661054915592e-03
-3.01897390688209101e-03 4.09494301492247838e-03
1.98250492345007547e-03 1.01011436890847371e-02
-2.95775606552895485e-03 3.36345690426886933e-03
5.39871523245062396e-03 1.28695658888285016e-03
1.39724518885400040e-02 1.88434669468468701e-03
6.28869970832574184e-03 6.05917159970253364e-03
3.27773168284508590e-03 3.16247650915506533e-03
2.52207735718890883e-03 -4.88299694060593918e-03
-3.63629410529961320e-03 5.99920108332731381e-03
3.14816824451766980e-03 8.58159154494300691e-03
1.05812256781253333e-02 8.87667354770854808e-04
7.12168441545024591e-03 2.25460531341905267e-03
4.77326770946452303e-03 -1.87288809885609656e-03
9.35659388264252143e-03 1.19643392258975741e-02
1.22276543795448878e-02 3.73435311985734696e-04
1.40651811647318249e-03 6.81903872755976539e-03
4.91616603867953226e-03 1.09418546418322601e-02
-1.69857343533733702e-03 8.93445405615901460e-03
1.19489130352500801e-04 8.28048608192310902e-03
1.14063435803903913e-02 4.41730954066221933e-03
9.32019305318746577e-03 2.96075305470035405e-03
-1.96093274403158100e-03 1.15371802001152293e-02
2.75242001019228169e-03 4.70181530593913842e-03
3.75165369437793338e-03 4.63057947287123968e-03
6.61602711951609062e-04 1.41608127420992866e-02
4.25711554725052756e-03 1.80534869126922938e-02
4.79818720369565733e-03 -2.36856707286223775e-03
5.38560291897313952e-03 2.32765128544973922e-02
6.71570460213148906e-03 6.25840286789962948e-03
1.54088309592062041e-02 -4.83415995469965308e-04
3.25438708925284348e-03 -6.99161115840863713e-04
3.28154576271845683e-03 -5.77614063808792877e-03
7.19424888469305263e-03 3.43294685322989655e-03
2.67538190933926156e-03 -3.63212180427471181e-03
-6.98950272493406577e-04 -7.05520003659321909e-03
-3.52944984814523507e-03 1.35701429742042415e-04
6.51508982160814518e-03 8.49963289321377380e-03
1.05776662347169086e-02 3.48468324822631464e-03
-1.29365780460743334e-03 2.56872523032179246e-03
-1.49282486921457859e-03 -9.90873756394089825e-03
2.18988850251882567e-03 -7.79930641619330095e-03
5.55115935557398601e-04 -7.67621659873226128e-03
-2.49061316735210486e-03 4.77594077781877369e-04
5.19540173817671994e-03 -6.06913167684698315e-03
1.47774837849683899e-03 1.05326537976814637e-02
-4.66613155037575496e-04 2.25443830063893798e-02
1.54285290859923780e-02 -2.74314277345462766e-03
1.00080105101101133e-02 9.42344862597435488e-03
1.19175747786883154e-02 3.66049958066045787e-03
7.48142487264536176e-03 2.21632779332865074e-03
5.07482254732877485e-03 -2.45295000499042102e-03
3.96019454171656939e-03 -3.07871345673336105e-03
9.58548846196025789e-03 2.89221071840353987e-03
1.61822362876228878e-03 2.14613616881941180e-02
3.20150211370173049e-04 -1.94068536826046958e-03
-1.55036686004420151e-03 4.36587114368107345e-03
1.34811431968683525e-02 9.85454534248310886e-03
-1.60773389576726773e-03 6.19667730754004751e-03
-1.54426033332071455e-03 3.44178980617044269e-03
4.74568137723316123e-03 5.69269717229729452e-03
1.57495813535415523e-02 2.61952460962942661e-03
5.24245156362195507e-03 6.61479418782236206e-03
4.38443439810963509e-03 -6.21349198371467983e-03
8.68571961557779680e-03 5.05097730811665665e-04
1.02097635153863050e-02 5.48115112359223548e-04
9.99266783002215019e-03 8.86616065430807267e-03
-1.41556041605006002e-03 -1.10226475710091879e-03
1.54279627009104602e-03 8.31718834154818176e-03
1.13788946057494528e-02 1.30364187941410330e-03
4.19164594981899161e-03 1.38153095255733743e-02
5.09163718947306353e-03 -6.70597889390726117e-03
6.22522311300565279e-03 1.05061528168842871e-02
-4.55691997546625593e-03 9.27719687868453803e-03
-1.06533608015715459e-02 9.02840100263042032e-03
3.42688016771326752e-03 3.78965266930726371e-04
-3.75050653244928412e-03 6.94775959982051050e-03
6.03165603472954892e-03 7.44209762204240885e-03
-8.91639116443616875e-03 9.53294480082279676e-03
1.25510090012321100e-02 4.43519978854624384e-03
5.11489486707532998e-03 8.57028164785369161e-03
3.18694616043764317e-03 1.30630271601913702e-02
-4.29743542370949333e-03 2.35380520016840273e-03
3.00671759542671564e-03 4.58444802235656243e-03
3.82801521086144218e-06 8.27111377940886435e-04
7.74304460410658087e-03 8.22156069757678208e-03
-7.32376494219761243e-03 1.96732203916406764e-02
6.57387212783507643e-03 1.10112982744549719e-02
5.12484312283275571e-03 9.79965994459542494e-03
7.81620349455279008e-03 1.45562833467342782e-02
-3.54505960846074222e-05 1.01645917641330994e-02
-4.07534952239472885e-03 5.49426399443552014e-03
7.26235332163102047e-03 1.09921118980987886e-02
-6.28436007933604567e-03 -6.96261595054921412e-03
-6.33197641847043323e-03 4.80529666097304249e-03
6.44190334754613219e-03 2.47855357965686036e-03
-4.15254498739203292e-03 -2.13391855099451981e-03
1.25911727279160997e-03 4.86974671958486337e-03
3.54993292484122140e-03 2.72900141592950308e-03
4.02803748117676070e-03 6.70993701498731783e-03
-5.35885138097482762e-03 -1.16002005248488330e-03
-3.40318256754375921e-03 3.71030614297376566e-03
1.99185988854722442e-03 -7.04677754775625588e-03
-1.07856838409283416e-03 2.33688749155512663e-03
5.59713499900003821e-03 -5.63146587019670332e-03
-2.84323911248668968e-03 4.09883959726492757e-03
-6.26234492234939693e-04 -4.30427288028817009e-03
-5.07865699639944903e-03 -6.79300404183252621e-03
4.25224492273978526e-03 -3.74980412408395082e-03
5.86884257310083934e-03 -7.92952654848625392e-03
8.93067795685937096e-03 3.61779778046826582e-03
-1.32142666187735924e-03 1.60735805539887790e-03
2.96768696321002409e-03 3.34911831671897645e-03
2.46115857298693976e-03 4.83042127721591569e-03
4.86644194284987348e-04 -3.47649458182449928e-03
3.82217877034970327e-04 -6.16994136745792170e-03
8.81971472354672707e-03 5.97507642213291040e-03
4.34074506423584149e-03 -6.05181777989286396e-03
-3.62194363033971464e-04 5.01886946169965553e-03
-4.90888741771699187e-03 2.64959883652643620e-03
9.33460179792120273e-03 5.75087838245535304e-03
-1.25364554897647805e-03 1.96074742566347895e-03
3.27190754970552080e-03 2.48302183856847396e-03
6.64895941269933767e-03 8.53862524787425367e-04
1.56557842508384852e-03 1.37656977453334273e-02
-1.67936083778904557e-03 -2.70456393652167325e-03
-5.61975687606557995e-04 -3.86348180499939547e-03
1.02660395819048015e-03 -5.87160716766685700e-03
9.06658705389758526e-03 -2.68981490576789125e-03
2.62538806780957716e-03 -4.69210403306118216e-03
7.37800543125974838e-03 1.53074165731118873e-03
-2.42851230887060950e-03 3.55962355597609506e-03
-4.30007895654260384e-04 -1.49696728848650973e-04
6.64208861055745267e-03 -2.53673963139557221e-03
7.51556230913891839e-03 6.96141430563934540e-03
-2.09799066658851886e-03 2.01872425241414162e-03
9.52150817670969151e-04 2.02833229361810627e-03
-3.35554091912642922e-03 1.70885390619693713e-03
-9.12673548227473205e-04 3.37884938090750753e-03
4.72146519815242003e-03 3.88422003454169272e-03
5.80963581962660406e-03 8.41099778546143713e-03
4.85847961212517148e-03 -3.70341338382514313e-03
7.45801434546557521e-03 2.88141232893517106e-03
3.61151672958503643e-03 9.14535693880696651e-03
2.56436261324475417e-03 5.68494113322695702e-03
4.90462931313103822e-03 1.82396676897159533e-04
-3.11359933293754070e-03 -2.11220257550966779e-03
1.29616992205983453e-03 2.37162245422899821e-04
-1.19329333517221572e-03 1.63167384345863711e-02
5.97770961933598820e-03 1.32678186758355618e-02
3.81064747848007881e-03 4.86688656009212108e-03
-8.51846291471319329e-03 6.69896315159577548e-03
7.13083929702178036e-03 -4.16826356936046086e-03
-5.91811287282316672e-03 1.16735711011256679e-05
7.69429699676037800e-03 1.12829901124746005e-02
-2.81266386042810981e-03 8.05543021259206237e-04
-1.10356291924935263e-02 1.90954656686461374e-02
5.60102711084850460e-03 2.87647545186382834e-04
1.32844280371562269e-03 6.59782658146124395e-03
2.06418972955495672e-04 8.35592278731523384e-03
9.70374121018853855e-03 5.53741231843246900e-03
4.60257375069103667e-03 -3.60942196643557721e-03
2.35807403457579745e-03 2.09373735490346125e-03
3.33595829423719188e-03 -2.60974311877200382e-03
-5.17508867825427869e-03 -6.94484791149334833e-03
5.56383350646473367e-03 2.66452644103085676e-03
-2.15044610304044280e-03 3.28597150776563591e-03
-7.52074707614284424e-05 -5.05122268793353844e-03
2.47244010667936219e-03 -3.80964959364538764e-03
1.95821607554694374e-03 5.72586868138912162e-03
6.69131087990463939e-03 -6.32573142682366259e-03
7.97059051604390710e-04 -3.66898423406892063e-03
3.61834562841482606e-03 -2.91085575007602468e-03
-9.87730770722683243e-05 7.00540419654436652e-03
1.18672276933496973e-03 3.70869297790150541e-03
3.23929294248797347e-03 -7.51212555368708200e-03
2.95882101787032841e-03 1.07114217659414596e-03
4.95787662697691738e-03 1.00185870046903599e-02
-1.81943468395598059e-03 2.77983701479775141e-03
1.31478229121898362e-03 6.49656257619380230e-04
4.01962179504183198e-03 -6.23995422879962836e-03
-5.36333966938235072e-03 -5.41670483467087717e-03
7.95655477987332262e-04 -3.37668643495838035e-03
3.35987654527797504e-03 -3.70744628518640843e-03
-1.46556626577128190e-03 -1.11066596559510826e-03
1.22278688851707026e-03 -4.70999117723887306e-03
1.07112518598301266e-03 4.92896911283558121e-03
2.45210026739826762e-03 1.34926580937846957e-04
-1.65915034205137753e-03 -3.13861945918801621e-03
1.05830243955465949e-03 2.03687702092842201e-04
-2.49960543064001953e-03 2.11596897717752615e-03
3.16120046956719141e-03 3.99192171693084005e-03
7.82220130290748293e-03 2.08485595357567333e-03
-1.70487867215882312e-03 9.60035100923017394e-03
-1.57940085706636483e-03 -1.01480569684194428e-04
3.22308870337793081e-03 1.29716797604086478e-03
-6.82482837779544078e-04 -8.68738198803692928e-03
-2.84453342937385570e-04 -2.04190343984792704e-03
-2.20014612422514150e-03 6.15289079986426450e-03
5.67920462731710211e-03 5.31956048641347903e-03
-4.78190818224566612e-03 3.02117140909682457e-03
-4.83742586558915701e-03 -2.67584972111398374e-03
9.27286047594512441e-03 -7.73862160009017655e-03
1.27845065714027942e-02 -4.59650703969937714e-03
4.99141062346266685e-03 3.44587456895074831e-03
4.59456774933097913e-03 3.32614020581133629e-03
-6.64086729091009024e-03 -8.89407568193002242e-03
2.71837958970591988e-03 5.53900645379942162e-04
-3.09684016961570734e-03 2.99492544323943545e-03
1.57558999008908826e-03 -2.39846776516486077e-03
4.06920678116422501e-03 4.10662212673074210e-03
-2.07758586529375490e-03 -4.28012613091838679e-03
-1.58794615803166351e-03 -1.40491414374447439e-03
-2.82102369919530558e-03 3.60086916324585296e-04
6.63217618938789690e-03 9.00320988585798102e-04
1.35509025961545022e-03 -5.88741472535155193e-03
-5.28539027789962611e-03 1.00466481937724703e-02
5.88661338679875076e-03 -2.18525977171242329e-03
1.02694055964196521e-03 -1.11449991744217575e-03
4.15102475172470994e-03 6.19734867058491777e-04
-4.79623426138436892e-03 -2.23366611563458831e-03
2.90046032687785909e-03 8.75786030569733823e-03
5.04169431564240305e-03 5.77230795982924729e-03
1.44561112143781994e-03 3.13862421472341387e-04
7.36728948876769728e-03 -1.23664700335007825e-03
-5.25200652355920991e-03 -6.68397684216010066e-04
-8.87303915942605492e-04 -2.70786726936613409e-03
-3.54886741013017400e-03 -4.16413541174239909e-03
1.80422656489773767e-03 3.76833607851125236e-03
3.56337841048710901e-04 5.42232913647361348e-04
8.75037017735829335e-03 1.56076001566256067e-03
6.88841268152183333e-04 -1.22924433300888500e-03
6.32611526646254863e-04 2.25803223621946682e-03
9.75998288743927696e-04 -3.87076579664115579e-03
3.20213200007637023e-03 -2.20339444116384787e-04
6.03771922108746690e-04 -4.91004103658117513e-03
-2.20905039430961767e-03 -2.97962690362444955e-03
3.77843447689971005e-03 -3.74926186914195181e-03
7.98474981417649984e-03 -5.22157824550909303e-04
1.12483005153313264e-03 -5.61447663999741289e-03
9.02856889233887017e-03 -1.65148311102270083e-03
4.62929060770845603e-04 1.68304912627031608e-03
6.08948016612384079e-03 -3.35170320356705485e-03
5.25665554856005052e-03 5.60884424718822907e-03
9.32275548056692507e-03 3.64143847438142291e-03
2.87570794433334017e-03 5.00866257358751265e-04
2.90430022193013211e-03 -3.98086132481516482e-03
1.94098395112801735e-03 8.20309685347738078e-03
1.23398473341243750e-02 2.00645289439138012e-03
-8.44272168489404581e-04 -6.95536804246585849e-04
3.27831122624112035e-03 -3.47318286199773014e-03
-5.81097500362657247e-03 -3.63937952993030438e-03
9.04284153591730644e-03 -1.14611034982218195e-03
3.82592824801777616e-03 3.41684468758564211e-03
6.90451225784158382e-03 7.76402083183278229e-03
1.01978575567964920e-02 -1.17065545169180510e-03
7.33795323452448699e-03 1.05746915477435382e-03
-1.38035850728781065e-03 -2.14949283923400502e-03
4.10234376490583794e-03 -4.21606092847760881e-03
9.65537483285718121e-04 2.72442107885153672e-03
5.65554102565915973e-03 4.96332353632518517e-03
6.89612563929441159e-04 3.21528408265280615e-03
-7.97853644287004234e-04 3.89194178474307250e-03
8.58369250502071315e-03 -3.59904586694380401e-03
1.17025821688795419e-02 3.73961550896904351e-03
1.22286695655673561e-02 2.95201183444251741e-04
7.67008006431932517e-03 -3.54979011529367883e-03
2.83004014510792028e-03 4.37114677194028992e-04
-7.04617660279071613e-03 2.49225461993298489e-03
4.45743970115069534e-03 3.67332942993779405e-03
8.82693984984751626e-05 3.35780972362493028e-04
-2.73294407409355568e-03 9.19652024560153468e-04
3.73724477141835001e-03 -4.21910112802177401e-03
-1.36821996683310853e-03 -2.40021458058929486e-03
-2.31994034949250865e-03 -2.28391474682433128e-03
5.97911598348611559e-03 -6.76106223976006161e-03
3.01569163192532286e-03 -1.63799694295847786e-03
2.38858933455157393e-03 -2.83869074947421538e-03
-2.14231594969678486e-03 2.09677117051954454e-03
4.58987095215206110e-05 -2.73637836271112007e-03
3.91932634002014040e-03 -7.17132291471719798e-04
3.13370767436667525e-03 -4.34507368847634329e-03
-1.36500855019514050e-04 -5.54582757931138394e-04
4.41164393144671818e-03 5.91316584670212894e-04
9.68305966230335793e-04 6.07978061666673581e-03
1.82198360437213166e-03 7.32843127686367592e-03
-5.64557406220778275e-03 9.02330295592242843e-03
9.38082917086565694e-03 1.02200772093830958e-04
1.31574036332711194e-02 8.71240224531165224e-03
-1.06650913755255462e-02 -8.36752357639941775e-03
-1.76540727804720991e-03 -1.24646724764148459e-03
-3.87065791003796600e-03 2.46231752255434181e-04
-2.67882453367613779e-03 -2.54673716059665390e-03
7.95599846474763332e-03 -2.36196463869792986e-03
3.32081571148773545e-03 7.98516358161356458e-03
6.15928029342007431e-03 1.98978510629418178e-03
7.08146629270276808e-03 2.24333623248439747e-03
1.25592393111561185e-03 2.03357842027846380e-03
4.24459105874497832e-03 -6.77095964663820653e-03
-5.34770503821516228e-03 -8.74397854732539477e-04
3.78613989903724742e-03 1.67429302655559224e-03
5.97739644355425957e-03 -8.12301202149638582e-04
4.27537495538058635e-04 5.03203233632081980e-03
4.83059131101323466e-03 -5.34461205568880198e-03
8.45504899817305783e-03 -4.72307799955783896e-04
-6.80959082375132293e-04 6.80776893309466237e-04
2.39838083753831852e-03 5.94744527233724476e-03
-4.38271891877462828e-03 2.41828389344429101e-03
-5.30246833423002415e-03 -2.02994786069000217e-03
-4.33025973066930754e-03 -1.95408401744247067e-03
5.12991587759490872e-03 -5.85631434781735440e-03
-1.16171952294225685e-03 6.41745514675931203e-04
1.09172365098956746e-02 2.80339985452511585e-03
-3.80014782765731110e-04 -3.47443513814074722e-03
1.58199143403486191e-03 -5.53627146733190641e-03
-5.91172886935232233e-04 -4.69427140945320211e-03
7.08164571541562617e-03 2.73327189361105300e-03
1.18957097209434299e-03 4.01188663017224695e-03
7.67010430800007994e-03 -5.32636573914138504e-04
3.48298236229207820e-03 -4.10749167175621186e-03
2.05243309288450021e-03 -2.21517107766974752e-03
9.21134167353010458e-03 -1.58146244313896157e-03
-2.78829493861557304e-03 8.72971369971215069e-04
-4.36632066015167717e-03 3.19010064799314349e-03
-2.76432479721592074e-03 -4.32742597646684855e-03
-1.81899302923016026e-03 6.84149071866235617e-04
2.56501192873202690e-03 7.52478285462728630e-03
6.68593768788055751e-03 -1.42040498493232873e-03
6.01047512041402807e-03 1.91398319591977385e-03
1.98282889311419746e-03 -3.15758568467490756e-03
1.73828159529476720e-03 -1.39202533113995169e-03
4.30797539928424837e-03 -1.31153003914523609e-03
-7.37680047691347245e-03 4.69745108529199314e-03
3.33868901382313810e-03 9.24259828292785419e-03
3.31600003633104271e-03 -7.68985131805472334e-03
-9.81699052279015095e-05 1.07038776286147159e-03
9.81611331972712846e-04 -7.10935014488131827e-03
-1.52378487069840772e-03 1.64153719959886043e-03
8.09186871904037097e-03 2.41843535614046177e-03
4.18417112660021654e-05 -1.53748043352509899e-03
6.34371278269920996e-04 -7.48820277978169604e-03
-4.01925435133606603e-03 -6.18883138017214170e-03
4.01720191593659282e-03 7.50561174466729596e-05
-5.46528447102872118e-03 -2.35500396969258197e-04
3.25458059973581047e-03 -4.11751968066752271e-04
-2.62679727015920073e-03 -2.36840268790461427e-03
-1.05319149567434985e-02 -7.89866411645723417e-03
-9.31877094748760604e-04 1.45790928484246696e-03
5.25712550820550163e-03 3.12408009971337322e-05
9.38259919636010541e-03 -3.68826278144110875e-03
1.25721704294120256e-02 -8.60973567839905967e-04
-3.26779849423765485e-03 -4.02338933550639485e-03
5.57999348239950066e-03 -4.40210506606007398e-03
-1.42764669712921468e-03 7.79708899815191700e-04
1.80624230060806405e-03 -1.27679543690825768e-04
5.12891802547328721e-03 -7.78928096455608170e-03
-3.51448058272136156e-03 -5.74265105967842679e-03
1.31442021615781469e-03 3.27768378972443340e-03
9.29081257873908863e-03 -1.57418181669239450e-03
3.31976912396044843e-03 -2.01000895620193250e-03
-1.56205986661500131e-03 1.01366512997109002e-02
-2.38431353600779923e-03 2.90402919562264756e-04
-1.15539595717752304e-03 1.84854699245653358e-03
3.14809433406978327e-03 -2.27783167219789166e-03
-1.78563486159579226e-05 -3.12521804004568761e-03
-2.14350731306942131e-03 -9.66784489565409438e-03
2.01743128852891222e-03 -6.03172952313706882e-03
2.09103248669606457e-03 -5.98091527678352476e-03
9.60506441486793511e-03 8.80482011651641250e-03
7.79966953455815248e-03 9.40090091177537938e-03
-6.16640505549610751e-03 -8.54055681540789456e-04
-3.95792070613684537e-03 -7.46350030664085649e-06
9.99170491377850654e-03 -1.21213695458588446e-03
4.46593880430303978e-04 -3.88534012741527856e-03
1.17461620865854082e-02 6.05681921307488474e-03
-8.72314270075581484e-04 -5.28334323904301566e-03
-5.69223897921242433e-03 4.84993864780213901e-03
-9.16679846790195360e-04 -5.11266088902137972e-03
5.47790292828801047e-03 4.11409670928573803e-03
7.41918490373526598e-03 -2.51745226942548788e-03
-4.66041510800941760e-03 1.01587539567488342e-02
7.05200030341025449e-03 -2.74638548130505316e-03
-3.20034234735030749e-03 -2.33651862852642762e-03
-1.90112028133041021e-03 -1.65798320372208784e-03
3.01729483244815187e-03 -4.48326512561386149e-03
-2.43388609338348813e-03 3.08191746245158093e-03
-5.19603648842480387e-04 2.24597414191028298e-03
-2.20716032488913068e-04 2.12073818098152019e-03
1.20283710654126063e-03 -1.57073665486427250e-03
6.58275145025153437e-03 -2.28112162026405593e-03
4.28779345953402263e-03 -5.85234532205782063e-03
5.15573221855878186e-03 -3.54467276051342504e-04
3.52731290496771394e-03 2.57723998741940605e-03
-1.35026789602975890e-03 3.53288892460309697e-04
-1.72773207631335217e-03 -2.69172699133910301e-03
-4.42563782774409186e-04 5.88466936850304614e-03
7.03690647275484818e-03 1.58223646130687041e-03
1.10352334388131028e-03 5.50836568682812160e-03
-4.34447421899072494e-03 -5.67413067619013545e-03
-3.53832137605283219e-03 1.12833755515220294e-03
1.36879963706508356e-02 -1.21345660685450297e-03
-2.01495588274048978e-03 -3.96700678795434188e-03
-5.06581897775131452e-03 -4.41955548671700733e-03
-5.28388628979788578e-04 -1.53417881984796466e-03
7.04108041352423213e-03 3.09927774007870199e-03
8.09752973965486233e-04 -7.93806414323635929e-04
1.27350778066756976e-03 -3.86426834751292308e-03
3.98259612299271056e-04 -1.84231274653490250e-03
8.58845482554065377e-03 1.35460339378138013e-02
-1.07141118787375993e-03 6.92851876170653795e-03
1.28409857109773179e-02 -3.61188078899514747e-03
1.03795172348667229e-02 9.33527093943769572e-03
-1.77769669685709335e-03 2.49626462874829322e-03
3.73807752254502919e-03 1.71159012647677314e-02
3.47063401756184673e-03 6.49162037019074181e-03
7.69521916458725148e-03 5.62262742268579072e-03
6.24895678908825823e-03 1.99534918937974799e-03
1.34788657727001235e-03 -1.77604306178234155e-03
3.16188917145570052e-03 3.39878626592593491e-03
3.27609905851577923e-03 -3.00337315337337882e-03
-6.96208403512149610e-04 3.68797472459852539e-03
2.17089978383309349e-03 4.53001136880046458e-03
4.33881153916026649e-03 3.98748366557067583e-03
3.13613405281933100e-03 1.84419077209032299e-03
2.31789204111213388e-03 2.81105663328019059e-03
7.38193656618398725e-03 1.82132036523790890e-03
4.47206826119092311e-03 4.82078331856068340e-03
6.77759734412757345e-03 -1.20671943822742633e-03
1.80978292632419358e-03 -6.13570798543563870e-04
6.50941467657753861e-03 -2.22331913067213768e-03
4.19101841394125228e-04 8.17916461334280975e-03
7.60602997534957220e-03 -1.98710662127773866e-03
5.24604890953019563e-03 1.92800030177840806e-03
8.08855253321163451e-04 8.13775785050958704e-03
3.99973609674600036e-03 1.55561437856869753e-03
5.80789762902344012e-04 -4.57622053189526718e-03
-4.60996726863155144e-03 -8.56259106687468053e-04
8.31395374541155432e-04 5.64240431529980510e-04
1.43956660152930595e-03 -2.37870582946719941e-03
2.62599497143454520e-03 1.07075785249122245e-03
8.68084373839143365e-03 3.88714674966433166e-03
-8.05008628689339372e-04 1.21795315310838353e-03
1.00148704051575381e-02 -7.54949059150634896e-04
1.58658037669813512e-03 3.35736340504005394e-03
6.61324916272018615e-03 9.45912891406290395e-04
4.33435258280253169e-04 -7.69333100549434638e-04
-7.76340226320489622e-03 7.70879917704806947e-03
7.81623061130146644e-03 7.21243228392750690e-03
2.25346548167448872e-04 2.27257205510543285e-03
-1.37486767191448813e-03 4.73180642071991796e-03
1.40150614446892256e-03 2.96682039946489454e-03
9.10044970898187151e-03 3.06165801178600152e-03
3.74658278491968441e-03 7.49014551649526076e-04
-2.48181830523692233e-03 6.09403562800557314e-03
-9.00117956636754465e-03 2.49864105651244990e-03
1.55608133587091229e-02 3.81242067548047273e-03
1.15705303324568909e-02 7.27572495667179377e-03
-2.32679955442998765e-03 9.76068981726729325e-03
9.88156027084201131e-03 9.56361953017786925e-03
5.42524030726792596e-03 -4.73216871415890489e-03
-2.50642701966392401e-03 -1.82077944192921806e-03
3.89699713538532114e-03 5.59235525154105993e-03
-6.37489849375407445e-03 1.45936614437182198e-04
6.55262768772807338e-03 -1.92910588730940105e-03
-2.40805168269707121e-03 1.34579593164163612e-03
1.59642031145591545e-04 6.15841367554071251e-03
5.87507342269776717e-03 -1.64263647372755593e-03
3.54629238880746272e-03 2.05342776847287521e-03
7.62679347127762867e-03 -5.55920681545095472e-03
-3.72017677676777766e-03 1.85530961909998252e-03
8.30352079738232748e-04 -1.07306042068695887e-02
-2.88421024303962565e-03 3.99236493683677741e-03
4.01288674958044135e-03 2.64978388057624100e-03
4.53812406136747289e-03 4.69783546921515006e-04
1.78017470789936351e-03 2.68598147692532480e-03
3.86166370074997236e-03 1.04005387959027538e-03
6.40277500733693519e-03 1.31174267639633541e-02
4.74683712866457667e-03 1.88430501292491631e-03
4.07488292644566253e-03 1.39888643454700581e-03
8.87367476063282237e-04 -3.36703099726473382e-04
3.24448393223563140e-03 2.69938327241183275e-03
-4.74830802659905805e-04 -3.40888574566949355e-03
3.99898619733284749e-03 3.02490997172315734e-03
3.03425022636164563e-03 1.40106312917237128e-03
8.03108402332643190e-04 -5.21303371946089510e-03
7.43162484573933919e-03 4.25803997811397461e-04
2.83981382511004415e-03 5.64294211518729869e-03
7.28367209253928671e-03 -3.22025160757817086e-03
1.14691325540740709e-03 4.48091787558625981e-03
5.30595004792187505e-03 -7.52339158046867675e-04
-1.39957704241211499e-03 -1.66325755096754526e-03
4.58875821211912518e-04 6.69160930196744524e-03
3.45518880955847678e-03 2.56681872908966343e-03
4.26661646566528149e-03 1.14040490075300802e-03
3.80860727181129210e-03 -1.40636910958036201e-05
2.82899245845911074e-03 -4.92858262758453895e-03
4.79318716242392584e-03 5.01000782765184845e-03
6.85635004681914382e-03 -7.21384552118112515e-03
6.47439713356713197e-04 -4.86778917440884324e-03
4.97716293886417156e-03 6.57160761681510695e-03
-1.74494221911404047e-03 -1.88047086993325041e-03
2.66798365786537683e-03 5.54163992787773635e-04
3.54380379047704351e-03 8.69373484096179483e-03
5.62461689236436147e-04 -5.55771874624848457e-03
2.39589713162398354e-03 6.84241009978672158e-03
-1.12623887062704127e-03 8.87989029394399294e-04
5.14402478176316600e-03 -6.17762230578891135e-03
-4.20643810641625586e-03 1.79693542569121225e-03
-1.97827753546796063e-04 -4.10276904042234519e-03
2.13931611173279060e-03 1.57026650048216056e-03
-4.84022867553327105e-03 1.12758693396574315e-03
3.27524353608231455e-03 -2.08065012912730593e-03
8.07911140127854678e-03 8.76472736739969394e-03
5.39384577578184716e-03 4.37334104468147661e-03
-4.80936689612501656e-04 1.30915616754650522e-03
1.70089478760079789e-04 7.97479359005000624e-03
-6.79650418675079460e-03 2.42077157222772305e-03
1.12196670662362379e-02 1.31372523751703222e-02
3.48673318672559993e-03 1.18311416947278446e-02
1.07721384723970855e-02 5.12982524478911841e-04
-2.30583412472688430e-03 1.19086663791299185e-02
4.10776440569627765e-03 1.16821814048566047e-02
8.96690103272187490e-03 2.66114525844396389e-03
1.04487029280687788e-02 -2.48387502014641359e-03
1.71594332688895582e-02 1.03788719956354573e-02
6.45523785545785295e-03 3.72229085117490189e-03
-3.93066776112707163e-03 2.98214255139625474e-03
8.95541116766157379e-03 9.30370977958781690e-04
9.25691050756950740e-03 -1.13561892061661484e-04
9.45398161781989027e-04 5.37831165691620046e-03
6.04841146939113540e-03 -3.98669271406692192e-03
-4.36619384913371076e-05 1.37348324479663001e-03
5.18804523389971087e-03 -5.81171157000399691e-03
8.02922592444813986e-04 4.06664502404228533e-03
1.45723191418471679e-02 1.06280377127232462e-03
-2.72596062322217518e-03 9.31250202372711148e-04
4.25774631425723110e-03 1.30004044654201539e-02
3.48768912623558447e-03 -1.58774924123780258e-03
5.16502688623044545e-03 1.59261052488026897e-02
1.79584174848779784e-03 -5.54222142066700899e-03
2.91934595162457499e-03 2.52404518427310348e-02
9.84623720957677161e-03 4.93105861446592464e-03
5.44530115126674440e-03 9.31534238365642510e-03
-4.82934560579567629e-03 6.84234912369787612e-04
7.44238392957432323e-03 -4.31286784949975761e-03
-5.40218036461181765e-03 -3.77933884424886887e-03
1.68125115755432195e-03 -2.26867789886678805e-03
6.97876474212533442e-04 -8.23104656780561101e-04
5.25851469978439335e-04 -3.96280174455725456e-03
9.62314612351943487e-04 4.48022194741278922e-03
5.57419723784718588e-03 5.64692425951660894e-03
6.57094085937356878e-03 -4.00997170278503609e-03
-1.60882171498055509e-03 1.03060774652297439e-02
4.54614433942637265e-03 3.67144870339159010e-03
2.73281956870669680e-03 -1.36044847321118502e-04
1.06571664590392641e-02 6.35100898361728831e-03
3.93827977650135458e-04 9.00726322377776167e-03
-1.84179258781904266e-03 -5.07545135097034732e-03
6.31809678801391501e-03 1.93152010773242839e-03
4.93309881446286468e-03 -1.16621443956310233e-03
9.21103634963499687e-03 9.36011090837429380e-03
2.04925612757015296e-03 1.16749372132865406e-03
2.31600610978157295e-03 7.41994434840604873e-04
2.50863680196799750e-03 3.66143012877490634e-03
5.85978468669758057e-03 6.33707424211575761e-04
-1.47078418328542345e-03 -9.94179511672894358e-04
4.55977745534483139e-03 1.76937677568228292e-02
5.51064362399319909e-03 -8.29571007271766390e-04
2.15774731992134588e-04 1.22773145256534297e-02
-7.49584433407965846e-04 1.01963079453943522e-03
1.21038411861490464e-02 -2.88857380525068532e-03
1.05204890339064076e-04 7.90953258403998688e-03
-7.50115265302158871e-03 5.04537549039355861e-04
1.12724803980128289e-03 3.85161814604942116e-04
5.58014996938139499e-03 1.53198568766684949e-03
-1.33171725695856755e-03 5.33759819983226579e-04
9.00197253681768277e-03 3.69953608015969400e-04
3.52685922031558720e-03 -2.18152240536951918e-03
-2.85016698985256830e-03 -3.71720098248702526e-03
3.50523106883701870e-03 -3.34335334562886177e-03
2.17411652311352193e-03 -4.09961416405988689e-03
1.14282040316992075e-03 6.89705985411758014e-03
2.00487677542507403e-03 6.01372017182047209e-04
7.56373818804580243e-03 5.25797671070419963e-03
8.44365153739926955e-04 6.51313162973284846e-03
-2.51022845250385739e-04 -1.71641729124702501e-03
1.20602959958966607e-02 2.83755236080982052e-03
-3.64331884565991145e-03 1.22889807007593461e-02
8.47082126025269257e-03 2.31913592083466064e-03
4.85552084131603279e-03 3.10360727059660240e-03
-3.81194880158224319e-03 -1.39950329864754058e-03
3.69663708045468936e-03 -1.28357077044239818e-03
9.11495797871382692e-03 4.67687787498708048e-03
-1.15997003547477369e-03 -1.31653433494564919e-03
6.50240841313699325e-04 -8.44128179717115561e-03
-1.71414278536666898e-04 1.30059479960384394e-04
5.67752652541844271e-03 6.19234332726813653e-03
3.36614756402541480e-03 6.60235739013628059e-03
7.93883044220687270e-03 4.13051046199414823e-03
4.11831076738612863e-03 2.08549932249915129e-03
7.76631043715625847e-03 1.07298837457265751e-02
5.65358460916290644e-03 -3.65627074482442749e-03
5.13593019710991035e-03 1.95196859948559148e-02
4.54183013306575824e-03 2.13967228369201651e-03
5.94763197125149599e-03 2.14811495184182976e-03
6.55136256970535302e-04 4.57898071464202597e-03
4.23617966994421172e-03 -9.14742103441061084e-03
4.62180276475289680e-03 3.64194957189674460e-03
3.34046090566876737e-03 2.59129104183102119e-03
-1.79687781937068816e-03 -1.66928471419774721e-03
1.56905379485799100e-03 -5.90472187554052803e-03
-1.00292291275480604e-03 -4.29713725795526080e-03
3.43079713392076746e-03 -1.89032173001558329e-03
2.28595565736806330e-03 9.76221522978660259e-04
2.52419056390275082e-04 1.12333653238814698e-03
8.70621465078768794e-03 -1.62322599887578032e-03
-1.17893198895702572e-02 8.29940077360787586e-03
2.54305208055547512e-03 4.18042391851289937e-03
4.25296148277997960e-03 2.06161108445158166e-03
6.13223754698628137e-03 1.68613065247420757e-03
1.65985619304826111e-03 2.46390730412006506e-03
2.33941706428026849e-03 1.59511660801713918e-03
1.05188254806380978e-02 3.36792136930847471e-03
1.36908786374856438e-03 -8.84680361801921966e-04
-4.49261512989797534e-03 3.44411108981657792e-03
4.23934409612972650e-03 -2.86108254220582151e-03
2.55839383157318917e-04 -2.33333075896655084e-03
-1.41033023257079032e-03 1.44578190924336825e-03
-4.16491948440048457e-03 4.37378380228898266e-03
6.93306790517489880e-03 2.58121418946339817e-03
-1.14911152685382117e-04 8.99490156589420435e-03
6.31029417664941573e-03 1.90730182358667144e-03
2.13456312852831122e-04 6.40084821028258019e-03
-4.27518752275284769e-03 9.86069298639702732e-03
1.33897167173674674e-03 -1.30975176660873618e-03
-9.13714698484177808e-03 3.99165377456175367e-03
7.58776419043490080e-03 1.26034191658351887e-02
3.69587584437495054e-03 -1.09548370666653341e-03
4.09351376439664062e-03 -3.71288031395852845e-03
-2.90869225490468638e-03 2.70818994884982874e-03
1.47528992194693037e-02 7.78353067279447929e-04
-6.54123831340892945e-03 -2.34237255976358890e-03
-6.49068201720334487e-03 9.02576797601071894e-03
1.60124522908322272e-03 1.07651457248298197e-02
5.15492363402650800e-03 -5.85075161861973395e-03
1.29187982288623453e-03 -4.62366291501761176e-04
1.02110225955075618e-02 5.92394338880815590e-03
8.32859422805175970e-03 2.90597361703580056e-03
-1.95328454166015467e-03 1.09030877373523186e-02
-8.97296869069256695e-03 4.48719506187615982e-03
1.06612160679389993e-02 6.43555637070258521e-03
2.44401900308462844e-03 -1.46910576415099046e-02
4.46408913453445657e-03 1.97239021744174264e-02
1.99589361256947420e-03 -5.09272378278742381e-03
1.55986543831726889e-03 -3.99270378895921242e-03
1.23745042419480555e-03 -2.84092947344997656e-03
4.76009999773323138e-03 1.31503072505798190e-02
5.55790159004916715e-03 4.47541952555257846e-03
1.66446727282418099e-03 1.05750510799355662e-03
2.88736689077976174e-03 -2.34395606317405254e-04
-4.66757556839187055e-04 8.53822516603756562e-03
2.97314741126984651e-03 2.07238794891742594e-04
9.42347740926579268e-03 1.43668694216362320e-02
4.63512361060500113e-03 9.40578988418115333e-04
6.97563552493587515e-03 1.39428135285177661e-02
6.61154978078684619e-03 -4.48002696852134539e-03
4.33837357324718970e-03 1.17543658778150664e-02
1.46920714462286609e-02 4.53359746558001529e-04
-1.42769262818894186e-02 2.03891129884830255e-02
5.58335632154098593e-03 1.21257422848024578e-02
7.60684149778122990e-03 5.92322211851271929e-03
2.71235817165294034e-03 -3.97800114323748882e-03
3.23928083686156939e-03 -4.12468636790171757e-03
1.90435001156193584e-03 -6.61080288537340289e-03
8.59625006806134795e-03 2.57120206398620725e-03
1.08101169440714831e-03 -2.45663708310950673e-05
7.26008646909401777e-03 -8.85248899341789346e-04
3.88162640058796384e-03 -5.40915314426702984e-04
4.44633903621500983e-03 3.25678841006051900e-03
1.21848879828019931e-03 -3.50027840804612023e-03
-3.59402421076821237e-04 2.28077409111729747e-03
2.44394541215891062e-03 -2.53666214696812026e-03
9.26116903270929673e-03 -1.95265386564645767e-03
2.00500720664291464e-03 -3.65443977350603027e-03
1.75210395875152400e-03 -2.77808370864901510e-03
-2.30711795386706955e-03 -9.96745359621513567e-03
2.46052536184529665e-03 2.58668052247292869e-03
6.46805346451412213e-03 -1.40988207075427581e-03
5.79751932434821593e-03 -6.87618676552199546e-04
7.17138392426929644e-03 8.70155768521291479e-04
2.21168032438256041e-04 -8.70209626418773363e-03
2.00346508234375970e-03 -1.40641376773265178e-03
2.31302614252978283e-03 7.71279080929863480e-03
-2.61355714730313309e-03 -3.82421150493397061e-03
-3.21980273776161690e-03 2.68318107692241481e-03
2.46318060626608869e-03 -4.32184346332851153e-03
1.67323666030840174e-03 -5.34630065043897526e-03
2.76615105330183051e-03 -1.37248599245759929e-03
2.24932482833588646e-03 1.37508907322186490e-03
5.60848364585939466e-03 -4.35301613168826394e-03
1.84412426567070521e-03 1.64582797813189741e-03
4.47660650509096227e-03 -4.81994756118281787e-03
3.36161266494324883e-03 5.17408673206928328e-03
7.18206163970939570e-03 9.05112823808716140e-03
9.68508257888612244e-03 -6.62961696166405119e-04
4.44469035363200394e-04 8.05029168452268094e-03
-6.27363388251810355e-03 -8.18119371087807842e-03
2.70177356775629226e-03 4.65350560234890822e-03
-2.44288758925377547e-03 7.09544509587109549e-03
3.53149475316717103e-03 5.63959790335130402e-03
1.92204241060971105e-03 -8.78899316987018274e-04
1.00978042767256738e-02 -4.03092292335765860e-04
6.21365875368612951e-03 -1.09015153601658477e-03
6.85841818028993296e-03 4.35482251438462122e-03
5.55725121114517343e-03 -3.72586887446919694e-03
3.99918162439125407e-03 3.73500159041554800e-03
-2.78445294273923366e-03 1.61174051543449583e-02
7.99018016221435192e-04 1.19757838007989448e-02
-1.62065313790246842e-03 -1.52416224942673742e-03
2.71954035975933094e-04 1.00498198004526419e-03
1.08717257921173774e-02 -7.18107115516070614e-04
-3.36970824758653362e-05 -1.03941683453459208e-03
3.70332868706677205e-03 -6.06979241949438721e-03
5.94253360847418581e-03 -3.69898063588922012e-04
1.64583026699735048e-03 -3.28297321401239657e-03
2.46743415171974062e-03 6.08269255500530523e-05
3.76238449738254196e-03 4.88546127335168310e-04
4.27664759224668806e-03 5.00487925810486089e-04
3.74465635851050369e-03 -9.95041784688209183e-03
2.38427744394415289e-03 -3.26662972402456432e-03
5.29610027154695483e-03 -7.50155576596850632e-04
-1.10819257098592329e-03 -3.31969918935320842e-04
-1.13771807628608012e-03 -2.39779380417806318e-03
1.40691503409981814e-03 -2.61450599309984459e-03
-1.56573348135467393e-03 1.60705935847148046e-03
1.22164595435462955e-03 -8.64008021033254789e-03
-7.21297488906298950e-03 4.34693878800687401e-03
-5.35969597759691535e-04 1.69559356476357533e-03
1.04655970556413735e-02 9.36841492130639894e-05
4.81710873760600542e-03 -5.69236536698378755e-03
1.03240720659152204e-03 -4.82119701744144775e-03
2.34732692389013481e-03 -8.90807049233575086e-03
-1.10958159568877099e-03 4.16875943236152263e-03
2.76165214313239772e-04 -4.46596091755577103e-06
-3.39630966154403453e-03 3.56122215871144216e-03
5.01199505672619752e-03 -1.48392538150244149e-03
1.23645414292796883e-03 1.09292318394974062e-03
1.14069169941970086e-03 8.69695258885221285e-04
-1.05876120503818464e-03 -1.10190776455297307e-03
1.15956083984899046e-02 2.56215366515699433e-03
7.92606848927483384e-03 -7.21445145224558645e-04
6.14200776017337618e-03 -4.78818542017315097e-03
1.15494911632695366e-03 2.72267871165971604e-03
1.17619298265100023e-03 -2.66631200158433477e-03
3.91254315726489305e-03 1.16692085647522939e-02
5.57773988332378734e-03 3.11612457674056813e-03
-1.48957142745616104e-03 -5.88579169255638141e-04
5.02196055485017341e-03 -7.71124679798712641e-04
4.89434294157314355e-03 -4.63521485119421789e-03
-2.04762453966863574e-04 2.71556668232662780e-04
2.15263527551815166e-03 9.14361660482415541e-04
6.41777933991937149e-03 -1.26260697380745687e-03
5.86409031130038453e-03 1.12282658716512983e-03
1.27337533106617359e-03 8.78779346566617632e-04
3.01694443412882634e-03 2.79246480497056648e-03
4.08797407514427478e-03 4.84826706586960910e-03
5.33973744074334958e-03 7.59913154054953988e-04
6.30787209491591883e-03 -5.97728009938436962e-04
2.57750469938190828e-03 2.28593505818930082e-03
3.12240269801811535e-03 2.83044194683046901e-03
-2.31395604396603095e-04 5.55135390386072691e-03
4.87648662661796170e-03 8.96395833740534255e-03
-3.29800703430551973e-03 4.69996512927194163e-03
9.81500357909524494e-03 7.75784487002923427e-03
7.26591114216819465e-03 5.41796026394926727e-03
-9.85551062503648833e-04 -4.76462325641454579e-03
-2.88905195041156684e-03 4.34961311582157326e-03
7.72615199137696978e-03 9.36755581623731175e-03
-1.81977824591999225e-03 8.74117855261216138e-03
5.76606603550594912e-03 -3.67274738834296203e-03
3.67168159124805441e-03 -1.45679003025388828e-02
-2.04495934791681586e-03 2.88510906356645458e-04
6.84834440166334248e-03 4.91558535019634684e-03
3.15892783094432611e-03 5.72983078935108796e-03
1.28630286098098505e-02 -8.99374164098113880e-04
-6.04856026568693613e-04 7.86760545492361241e-03
6.06442997547503634e-03 -4.40373096274349150e-03
1.89742189309851576e-03 -5.99912393972680189e-03
-3.46895191611323525e-03 5.85542481967767699e-03
4.08874737229717941e-03 -3.00956814567434694e-03
9.57478091731699468e-03 -3.44184357377819812e-03
-2.22207365474438997e-03 -1.69945885258166509e-04
1.22564085280512658e-02 1.05320472322620248e-02
3.81219106020387567e-03 -5.63400264983615617e-03
-5.34301852433911179e-03 -1.35271685674759616e-03
2.41223907667432796e-03 2.85774629423394362e-03
7.86581808213389876e-03 -9.09861394624569982e-04
1.23657254156436299e-02 -1.26178732711627385e-03
3.71832884714196977e-03 -3.82054194960414943e-03
-4.08251736052337409e-03 -8.38906340932362495e-05
1.85788516665051943e-03 -5.04590794333637741e-03
-7.57627652919671494e-03 -2.19983057210516950e-03
3.84298728871918177e-03 2.13558147533185862e-03
-2.44529131146513281e-03 -7.24557500376126840e-04
-5.07022739231308204e-04 3.94265591751894514e-03
8.59197639683921522e-04 -8.53252660169577862e-03
8.24672594982477428e-03 1.25486895520238737e-03
4.51859117775337514e-03 1.57280011281588647e-03
1.06247516660641075e-03 4.22921441541516171e-04
-4.78944118708346783e-04 1.88211999146127248e-04
2.74394908476898293e-03 -1.88601724534530487e-03
5.56867509340942986e-03 -1.01272378156332509e-02
1.48824168507108359e-03 -3.72170506166709494e-05
7.37194169181930987e-04 -1.12398715831469979e-03
3.67250889569394490e-03 -5.59889280679449000e-03
2.44885022068921151e-03 4.84481607007549407e-03
7.63204400713866481e-03 -1.30773702322294462e-03
1.38488205811021763e-03 -3.00259441673471762e-04
-4.55098086560079117e-03 -3.41488368455839398e-03
4.20344943530269726e-03 -1.53403585423402965e-03
2.13141152883500979e-03 1.33505105993217388e-03
3.78272246371188234e-03 5.76363004261222934e-03
1.04908140691945210e-02 -6.59692453024619124e-03
-1.40614415855591364e-03 -6.03254921040875412e-04
7.00443643233873790e-03 3.98074627369364030e-04
-6.43090211646861910e-03 -6.04171792031589407e-03
4.40485639415698869e-03 3.39574951894907164e-03
6.46852832438227351e-04 5.49446675195738518e-03
7.17954585481077844e-03 4.26532745406217433e-03
-8.70068205711074100e-03 -3.96206379884902083e-03
4.22733206362538912e-03 -4.23016411813860460e-03
2.06005209941045739e-04 -3.31437746141515128e-04
3.90837243707710044e-03 -3.24811096444579863e-03
-1.32490163710864608e-03 -9.82598396747557225e-04
-2.87145832272751780e-03 -1.32067575893515441e-03
2.93658048815175887e-03 4.98083751493095042e-04
5.43930930989379967e-03 -1.00068854564570112e-02
2.49438355403893515e-03 5.28061257147087459e-03
6.23174133175486821e-03 4.46965876107889137e-03
4.97788721321924376e-03 -1.51320692315485487e-03
3.31883078697441970e-03 6.49254559432492929e-03
9.80247963668811131e-03 -1.68119130015202982e-03
3.45195636119916081e-03 -1.47221596892369673e-03
7.89296235450268058e-03 5.94895640597520228e-03
6.18104741393276052e-04 1.98479802295246704e-03
-2.27917138136293166e-03 8.40229559349449959e-04
-2.21362115368633344e-03 6.64325766870622978e-03
5.01173437244331718e-04 -4.32656746231560151e-03
9.26601331792137155e-03 3.80003025915005149e-03
-3.62203884758825539e-03 2.23571339768915186e-03
4.61786653046919633e-03 -2.29891058746744138e-03
-4.39407310197594339e-03 -2.59342757806850857e-03
1.44765879406690279e-02 5.30571167474807193e-03
-1.45598930008655801e-03 -6.40793723353577562e-03
1.25842105342397811e-02 -8.83532902829942774e-04
8.07305824080485515e-04 -2.09964060828443004e-03
1.10957894877269855e-02 6.33536302470000690e-03
1.83458115020241719e-03 -6.09551088034499759e-03
2.61198886225709253e-03 4.35792801415632765e-03
6.27623591893602777e-03 -2.58863756447913528e-03
-1.12652307517856400e-02 1.75336391720927617e-03
-1.51924588651529760e-03 3.23692800285551533e-03
5.30181490013346534e-04 -7.86695086527959726e-04
2.09863106984327450e-03 1.00905503152971896e-03
-4.89068049633099855e-03 -3.30763633652840549e-03
2.08250656704475883e-03 -2.57894898714935723e-03
-1.02976423654168927e-04 -3.43254910628393783e-03
2.57833412012667493e-03 -2.02469431640841602e-03
-2.10959887371804265e-03 -6.21117150840807142e-03
2.72604709252120088e-03 4.67302608115129341e-03
-1.56445353085788970e-03 1.61801540158828237e-03
5.00787564980755082e-03 -4.92876928979689086e-03
-1.57184335972410908e-03 7.69652807441809864e-03
6.49181292797725799e-03 -4.50125237408392949e-03
7.08491275269700592e-04 -2.85239653491271882e-03
3.31016053953841691e-03 5.74414218784776083e-05
-6.38625798508680835e-03 6.90750418111065953e-03
3.66996155960692396e-03 -1.95016206373656612e-04
5.22685834561899525e-03 -3.49495389636625626e-03
8.09364614543640719e-03 -3.67815846145898902e-03
3.91454276974036175e-03 2.61079688436238007e-03
2.89320956879183730e-03 -1.59701089149543720e-03
-3.45100845983515648e-04 -9.36839170393978732e-04
-5.06594741440806549e-03 8.96138632641779384e-03
9.04120088150596295e-03 7.11850998554126521e-03
-7.67809776980234952e-03 -6.34887068207751464e-03
6.95229076870944492e-03 2.82839076252741541e-03
1.04314971390442228e-03 -8.39409732395245416e-04
-2.85002674601533054e-03 4.92621643783146441e-03
3.44877792523331887e-03 3.16364027952130032e-03
5.51644687211343913e-03 2.94568174060258568e-03
2.89540557038405052e-03 -1.50064039719929247e-03
6.06938017955895720e-03 -5.29558908794543638e-03
2.25845709891342884e-03 -1.04892155747705212e-03
6.31222509906349902e-03 -3.70971463249433883e-03
7.62531771712235840e-03 -1.43163867133669614e-03
-4.63668560670369139e-03 -1.05459922247238928e-02
-3.65335485166318590e-05 -1.49509835323810764e-03
6.40984888359884611e-03 -5.94737088324206499e-03
1.44601243034401779e-03 6.46466476791080977e-03
-4.63356863918083176e-03 8.99453499477025965e-04
7.00985518453573625e-03 2.14566104357317641e-03
-4.07414673320514141e-03 1.00350192883265506e-03
5.19614818187450356e-03 6.14672331700400094e-03
6.66650926425598183e-03 2.26530128382950498e-03
4.71775541448071767e-03 1.96524193151934338e-03
-4.79300549839995187e-03 -2.26083513080536924e-03
-7.23901494506707516e-03 -1.92136722658252357e-03
1.53798407007430249e-02 5.04290601685304738e-03
-5.05068538038267421e-03 1.42411307455821189e-03
6.80595874887705583e-03 -2.86171367789911498e-03
2.07707077521854244e-03 -7.79543701161567121e-04
1.05849077764179518e-02 1.28682040724450858e-02
1.49044372201421246e-03 4.72213841704745806e-03
5.48039328551918389e-03 -1.25558204242616120e-03
8.01911765478648987e-03 -8.79445817964040542e-04
1.26676205675665975e-03 6.45003252397119680e-03
5.11928053860823302e-03 4.97988179300953306e-04
8.14189509253635500e-03 9.56870507336808097e-03
1.07317188890364654e-02 -5.86737322236327227e-03
-8.77043211238774656e-03 9.90400009889803694e-03
2.85323561803651170e-03 -4.71778486426212632e-04
-2.82769955214154378e-03 7.80475106996247566e-04
-1.50966685985210380e-03 4.07463884978664752e-03
3.76209668794604468e-03 6.93445220928205503e-03
3.16830679902457748e-03 3.38396396318262679e-03
-4.36382604727191686e-04 -6.65799134026407173e-04
6.92608770880590030e-03 -4.34702668398040826e-03
-4.98457355909725521e-04 8.45375436649355009e-04
3.00821874125550750e-03 -4.85269100451785323e-04
3.70353026229074773e-03 8.74589765513299026e-03
3.69430055311523653e-03 -7.71828897816176623e-03
1.01601468542794724e-03 1.18163257967325379e-03
9.72502945818452466e-03 5.21450779021810640e-03
-3.25205796873393252e-03 1.77517247160310270e-03
6.45979306762430429e-04 -1.68979464547165540e-03
-2.90279127481115132e-03 2.03950098907704647e-03
5.20246549134156279e-03 2.07154002522953826e-03
-4.41798770257229023e-03 3.52545087311192116e-03
6.00991644685375682e-03 -1.77920076362645703e-04
-3.10463361441921937e-03 -8.12656789312067563e-04
6.84058989939855758e-03 1.46249914881759683e-03
7.65033066870274888e-03 1.09570611794431935e-02
4.45749826908899398e-03 2.29419854313049230e-03
1.27804896227698382e-02 8.49516592199660477e-03
1.56817757113819487e-04 1.49448797718582473e-03
5.55903407401108461e-03 5.28431463657299139e-03
1.12063181820443551e-02 1.24732880941594618e-03
1.58033579735129413e-03 4.92556721120652498e-03
7.02604308429132136e-03 2.60523118338570458e-03
3.54725515282150244e-03 3.59823983675473889e-03
-2.50436719346033235e-03 -1.85413384156049772e-03
5.27306206899340237e-03 1.45428252125277325e-03
9.48312498413984248e-05 5.78762378757072347e-03
1.08382481321376151e-02 2.54524520583390050e-03
1.88810374515364487e-03 1.70097681797515689e-03
1.98683333060544745e-03 2.71921736836590712e-04
6.25303770149334293e-03 -3.44031310584830448e-03
3.71088173383865832e-03 5.33752176444577797e-03
9.03259309462989962e-03 2.11879997707982047e-03
7.15862996129860117e-03 8.58361870634313968e-03
1.07026091379410653e-03 1.05186724902865490e-02
2.94665842576391068e-03 7.92969644671616750e-03
-2.73051972974062236e-03 6.31876810836699658e-03
-3.62975835957984666e-03 1.01967564711350524e-02
6.89478188692736228e-03 9.68311889639378136e-03
1.61186776293213122e-03 1.13483061406256438e-02
8.83383821587214839e-03 -9.12850796261555921e-04
8.61234114531327782e-03 6.08280833009624926e-03
-3.68728265839487600e-03 1.29572730277903170e-02
9.84651485678374920e-04 5.91739011254164247e-03
5.75658609493246137e-03 -1.78795421764209274e-03
1.35254527662045827e-02 -7.68559874725912012e-03
2.21263597429441773e-04 8.45075822424637586e-03
-1.06185550951413835e-03 1.53061674815819660e-02
1.68952820302962874e-02 -1.42723834444114374e-03
5.54287951013814843e-03 8.16346604345331156e-03
4.92850758226879865e-03 7.08638728996058634e-03
1.72686501503485530e-02 1.89230614107335294e-03
6.18965970390631358e-03 -3.73299085972939731e-03
-3.21234179250197210e-03 -5.18852853703445811e-03
3.08368383665366371e-03 6.01353707192655001e-03
6.50072910393381578e-03 8.69420312066453323e-03
1.07290305277158641e-03 -3.56183121381595160e-03
6.12459424567410576e-03 1.68321337598833533e-02
1.51263431178064300e-02 7.99370255362855629e-03
-9.00925730842286874e-04 1.31489723683444002e-02
2.11271280175957376e-03 -3.46477078959099918e-03
1.09534560680173611e-02 1.20635068893160200e-02
4.76082558439439377e-03 -4.83532891194887965e-04
-2.08358953238056178e-03 4.95066863186139489e-03
-2.39565183837156005e-03 1.33382559008982278e-03
-4.25262749763665251e-03 -1.51114101262430234e-03
-6.31435423021280780e-05 -1.04438092743204189e-02
3.07779150872757772e-03 3.43942721877955665e-03
3.88982693522565894e-03 2.07266029634767040e-03
4.37552041391355007e-03 5.46940675875648603e-03
5.79759896195456304e-03 -4.60812693770323595e-03
3.64014015452534265e-03 1.12204907120273009e-03
4.91929482206090226e-03 4.40143551166774852e-03
4.26489929660118887e-03 -5.19863126068008299e-03
1.71083954127623046e-03 -4.03376098176647362e-03
-2.08334029049505763e-03 2.02745269023453262e-03
-5.88259655765075405e-03 -9.85029003039106232e-03
-1.98118982717599562e-03 -9.05874458936538340e-03
-3.86161808284866005e-03 -6.78983469364493318e-04
5.77349719127025207e-03 5.19394956781760782e-03
7.18869180018590244e-03 -4.98897301514673267e-03
5.74911828273274184e-04 1.59513655567014795e-03
8.69953893486452579e-03 1.96532529201568894e-03
1.01539730025853930e-03 8.68762079341709077e-03
1.80263389886008043e-03 1.87098707264362718e-03
1.89448339754161180e-03 -7.87816252798482358e-03
4.68704775096229383e-03 2.34841622816176843e-04
4.98059220719362233e-03 7.16806545058323950e-03
1.39264307505004826e-03 7.15391143803656860e-03
1.53661216474537741e-03 1.62493518873289204e-03
1.24566605531561828e-03 4.72458783388609270e-03
4.21198031032243327e-03 1.05932608672123057e-05
-5.41986656723632537e-03 -4.80979736127975198e-03
1.36433169324269490e-02 5.87289881892838397e-03
4.80790822774013020e-03 -2.71523145572661511e-03
2.99434828812793642e-03 7.36275725557874669e-03
-7.00673684929689427e-04 4.26377385820072598e-03
2.93666155787155334e-03 1.55853026952109037e-03
-2.05125222314515940e-03 4.83234665867501509e-03
-2.62246779120313672e-03 1.34690821822662527e-02
-5.67998005426363032e-03 2.19989613936743145e-03
-4.83522980744672138e-03 -6.84509418019272828e-03
8.62871879661719111e-03 1.33302040881994629e-03
5.12466864754375449e-03 1.02481535925991636e-02
3.01137384715782341e-03 -3.46477867424449960e-03
1.19970473101949724e-02 -4.66619268176264763e-03
-7.13529177092834567e-03 6.53950228316790057e-03
5.27660078392400752e-03 9.01666555642642066e-03
6.04698788518066507e-03 9.17723514368116305e-03
-3.67538478464774204e-03 2.36482107606288718e-02
1.50634019538139919e-02 -3.53307566995453553e-03
9.72108568466835757e-03 4.03590167680132131e-03
-1.09212678903372520e-03 4.78365658831197971e-03
1.30294259168645685e-03 2.26354471520205918e-03
-2.77754890477143433e-03 3.38508876489492221e-03
-4.83494428920461326e-03 -3.97887460923609644e-04
2.78916377339922389e-03 -3.93321695991665746e-04
1.48452511694783466e-02 1.90551919198618420e-02
2.67103873173444748e-03 3.46432780401080467e-03
5.25096165304862316e-03 1.33431046138909326e-02
-3.46531599209602258e-03 -6.55953097288926399e-03
7.44019481598127020e-03 7.47068391967243336e-03
1.10549824122236698e-02 7.34251659838230323e-03
5.08775837864622877e-05 2.79663744408942677e-02
9.74331659390527058e-03 1.12108388129600750e-02
-2.07482822643187299e-02 2.01821892929636981e-02
5.87515736010889105e-04 -4.75345255778783678e-03
9.23100259824937569e-03 -7.26527303867943643e-03
1.33114106554693126e-03 6.60618034229076140e-03
-2.64588944652821090e-03 -5.08155124560076207e-03
-4.69563381169354208e-04 3.15098034047020135e-03
2.00983437554220974e-04 -3.11706953377169273e-03
-1.47976587356816449e-03 -4.73371017281772836e-03
2.37022385208856970e-03 -2.17635399244589739e-03
4.34604269635699252e-03 1.14756767265261454e-03
2.64389890131555777e-03 5.28440042073542726e-03
-5.14826733932945754e-03 -2.83659768885206973e-03
5.49245175225946672e-04 2.23731454377524501e-04
7.10391051329037956e-03 2.68647382976731301e-03
-2.27426805904502698e-03 -1.36577340901158326e-04
-2.96925464012081112e-03 2.72063857600297844e-03
8.93894444774292595e-04 5.87077775255478041e-03
9.09966651082497191e-03 -6.48830951784579255e-03
9.95461479914743798e-03 7.65099012012773836e-03
-3.61549103664129381e-04 -5.13974548097568922e-03
-2.51443006455219541e-03 1.05280516392435471e-02
5.75531450652792213e-04 3.79416119238563455e-04
-2.69754411064573787e-03 2.75326132887217332e-03
4.61087047678695582e-03 3.51708604896301680e-03
7.46367078006628364e-03 9.03327682593769825e-03
5.02348653217059727e-03 -8.52751024440093902e-03
1.54321240833798579e-03 1.59104870840543963e-02
1.14189308617089948e-02 -1.20328990727756142e-03
2.03775251063852440e-03 1.09021095159511552e-02
5.02529803634922060e-03 3.93057431289459223e-03
2.50012155421356318e-03 1.03435065519998943e-02
6.13383539480215519e-03 5.52023186283336163e-03
7.69839510073294067e-04 1.29131703588963691e-03
7.92284724721118404e-03 -4.02268897596573007e-03
4.87306912523227317e-03 5.93932088076764772e-03
-4.18188548169279133e-03 3.17557171599575864e-03
5.17458609139837857e-03 1.78682665294087827e-03
2.65079162567350085e-03 -8.09494820571143490e-04
4.68616959785340698e-03 2.14964202247807648e-03
4.20448021656651214e-03 4.74176915375482642e-03
-5.00558585777823115e-03 6.71676535196532101e-03
7.62008631331399702e-03 6.49698785807088525e-03
-6.84580161830939337e-04 6.16680886838865110e-03
2.40265033227047339e-03 -7.63955472683810333e-05
-1.83431502893835718e-04 1.42136800623943668e-02
-5.40710052614752721e-03 4.47739395837317995e-03
-5.02291267614252395e-03 2.53236950920552066e-03
2.22023049860912882e-04 3.11580041486868818e-03
3.97509457909217545e-03 8.00453315058634839e-03
4.34061549625851684e-03 -1.09887630289469710e-03
5.44572258373966390e-05 7.00492371816913758e-03
6.98112464898634905e-03 9.47925767850579283e-03
4.41216919596674334e-03 5.44729872451108019e-03
-1.03355055131961956e-03 3.33370285781334642e-03
4.60163049818487855e-03 -2.40204248564032967e-03
4.76065917797491040e-03 -3.06396031533953108e-03
-1.42425381992830141e-04 5.13000768538211804e-03
4.32673296491975588e-03 6.75599283129873617e-03
1.25594275990785469e-02 9.67534172701661060e-03
4.61341966558274051e-03 1.01833334935173651e-02
-4.69865375577566396e-03 2.22205818751732747e-03
7.13410218752629204e-03 -3.31080124079255098e-04
-2.96263776210144852e-03 -6.39782429196563687e-04
-3.14143045295833887e-04 3.18477699937682983e-03
1.04574232774960968e-03 2.01043655375856764e-02
1.12198953296311008e-02 5.30954730648321074e-03
-5.44384051084274151e-03 -7.22290912611442577e-03
-7.73972970553494176e-04 -1.97448143083083600e-03
-1.75814120354855601e-03 6.23695660434673486e-04
-4.23961042286779069e-03 1.20029537235594045e-03
3.18011881580107687e-03 -1.03873978687678316e-02
1.91344041474172683e-03 -3.69019678500925787e-03
-3.09568038999228278e-03 5.69686598118167211e-03
2.44730345932089128e-03 -1.21749544323521067e-05
-2.82915495836273331e-03 -1.61088610514892880e-03
5.78806159874884125e-04 1.47428535469108541e-03
1.80387957229842196e-03 6.47941406748729284e-03
-2.75308949536101069e-03 2.23503770064818492e-03
-1.89863128017102160e-03 -7.02706041143187480e-04
-2.22836005982017136e-03 1.17806202089006523e-02
7.09426624635575449e-03 -1.20272435477398985e-02
-9.22776237969261809e-03 1.04972860070130618e-04
1.56274996740358801e-03 4.81974374331709497e-03
3.65056283087381375e-03 -1.91930714023131710e-03
-2.55107113349450172e-03 1.07671841839891206e-04
4.55964314481118599e-03 -6.09196753153014130e-03
6.37483846938781060e-03 3.53418705668549857e-03
5.30112199265280869e-03 -3.22905291991129779e-03
2.77031751434887361e-04 9.00507145176712384e-04
1.00077119594786049e-02 -1.34748703044156899e-04
-2.98277743546824896e-03 1.22829467192660576e-02
2.48769227770985783e-03 2.67357613844069249e-03
6.53603404878746758e-03 -4.42688438160276053e-03
5.16372997974035193e-03 2.97516017629962000e-03
4.40419185362136371e-03 1.93322532014898307e-03
-2.28807619589513258e-03 -1.09500905603362193e-02
6.83216455815279238e-04 1.44816545192506998e-02
2.02933570646259302e-03 2.12947677055154048e-03
8.35134441862848270e-03 -9.79625763132187027e-04
4.36531801219943675e-03 8.46007861890723579e-04
5.93543066702250603e-03 3.61880047566500926e-03
1.95670837513739005e-03 -1.17727757712009894e-02
6.45337344431485670e-04 1.35291531378816336e-02
-2.03229864706111311e-03 7.78976831122042170e-03
1.04095117472534256e-02 -6.17215842307440934e-03
-3.84132983181302698e-03 3.21500905045030757e-03
1.99127646329693006e-03 8.54034550891982769e-03
1.45533644983813007e-03 -7.68532826248024235e-03
2.63397216948530345e-03 5.10072018065571391e-03
-2.76545413169896302e-03 4.09697410044663254e-03
6.96117509931855772e-03 1.05052704342909198e-02
9.56402534813523275e-03 -4.88474184201151927e-03
-8.20601163261751830e-03 1.66542141591793091e-02
7.97898446408804030e-03 -4.05153556449862264e-04
3.58013624993001010e-03 3.92778267726455726e-03
-2.22378154304072847e-03 2.73529394696814775e-03
-2.65559554552275735e-03 6.11502750827456944e-03
-5.36587672825042817e-03 9.23411873033367324e-03
-1.42901080747199669e-03 -8.49711126441676269e-03
5.39890854218899856e-03 -1.73379383744398240e-03
3.39414845507029442e-03 1.18803909017792947e-02
1.67148495483364427e-04 7.90033492281054170e-03
-6.49354507540957115e-05 3.12954382858985237e-03
-5.57285502306629089e-03 -9.92516245809815095e-03
7.17253257254357626e-04 1.82800099242009344e-02
7.59618072818278329e-03 -4.62339703891824841e-03
-6.49889198541577385e-03 1.87499681904568505e-02
7.15168320567030440e-03 1.90590377753271159e-02
-2.50988731218718224e-02 1.00145258312617658e-03
7.26485799397023641e-03 8.62932204100828361e-03
2.71641996840239069e-03 2.05888569728610851e-03
-4.41451366220701861e-04 -2.71096817952802939e-03
2.45625014507644185e-03 9.68625998756499247e-04
3.40740471056125843e-03 1.64283727114042572e-03
-3.64041268483326647e-03 -2.27690825770603946e-03
1.29051314361148563e-03 -1.97426321998425561e-03
1.21521160932855886e-03 -4.16072141167347052e-03
-5.10891515754614443e-04 -6.84947052376833586e-03
-9.68235202049569799e-04 4.04082729763118910e-03
2.79674377108669880e-03 6.72686155123274239e-03
7.00238864875547731e-03 -2.75454169983902191e-03
-2.94079735847606501e-03 -2.84075391477209283e-03
-1.00757484377687239e-03 -6.98150790458455014e-04
5.46621532454706800e-04 -2.56754531672270000e-04
5.34434687743672119e-03 -2.01342555604811175e-03
-8.34625279797106961e-03 -5.07784959649566769e-03
-9.67449132597349507e-03 3.78149257910870068e-03
3.29738251421243279e-03 6.74940730481253179e-03
8.66211989918150142e-04 3.21641644525884210e-03
5.09310992376623382e-03 1.82618498289132953e-03
4.18024660307859735e-04 3.44189825288859297e-03
-1.16392887153368989e-03 4.55374237137071494e-03
3.00636804711636434e-03 -4.93400751039289355e-03
1.00784664396001717e-02 4.25562492819060462e-03
9.28013946155686669e-04 -1.14580912259007743e-03
-2.38768604988270325e-04 -2.87314401716515493e-03
2.29899602626300456e-03 -4.31291003269236323e-03
5.59797822155166675e-03 -5.77569260901734938e-03
8.06418707820618025e-04 1.26164184581487146e-03
-1.26614060920791807e-03 1.12405373412074712e-03
1.36894109112655382e-03 7.36587856420873157e-04
-3.51511561820015131e-03 -5.33914995091132414e-03
-6.31851306780998375e-03 8.40084742016688276e-04
-1.08884887243528928e-03 8.64757676487679962e-03
6.38087145516146557e-03 -1.80695814001811971e-03
5.92132194020545538e-03 7.00285376520344533e-05
-3.38691752288372290e-04 -5.05537987415242019e-03
-8.73231803504767199e-04 4.23606351564232830e-03
2.87581838031452524e-04 -8.48688482714172131e-04
-7.56847446761556211e-03 8.47146883490628930e-03
-7.87451460847936628e-04 1.87699155624207340e-03
-1.63384892303378124e-05 -2.39961061434373207e-03
5.20707068960632891e-03 -2.61817840045795551e-03
-6.75349335593280597e-04 3.54514568292721086e-03
5.70144225591452582e-03 1.72327574762663771e-03
4.73871979019527614e-03 2.13021657302733336e-03
-7.59834693981891406e-04 -1.36244747039356777e-03
1.04709325302661943e-02 -9.28340464624655137e-03
-5.28750214509069501e-03 -1.12306528173757632e-03
-1.46252686128496372e-03 -1.77463012540340199e-03
-7.18378282117389222e-04 -1.21011620366070463e-03
-2.27622266606798424e-03 2.63535348453493865e-03
1.22525830976487468e-03 6.20726200203368904e-04
3.47427475150106175e-03 4.11342970551403092e-03
-1.22895770316239564e-03 4.74588292047410133e-03
-3.75757677091909537e-03 -1.93426530548073501e-03
4.99337465164506351e-03 1.32752546498825772e-03
1.98046799725699364e-03 1.80204856446078524e-04
-5.53032422275924647e-03 -6.86418182351384350e-03
2.35148919852594613e-03 -4.83457787585715119e-03
5.52263261328648277e-04 1.14316011598752693e-03
8.98532704573243453e-04 3.29293252999699002e-03
-9.13978385147299873e-04 7.82834261395498610e-03
-1.25621592869592266e-03 1.54999095956644280e-03
6.71276398663003468e-03 -2.16111201856946343e-03
1.75135905933308735e-03 1.54385532284436323e-03
6.95512445530750614e-03 1.01203630851268893e-03
2.56501825963203860e-03 1.40857080510293489e-03
-1.17103052361084586e-03 -4.42918744214485655e-03
7.09058934565597043e-03 -7.77703229919122965e-03
-3.04320579035722129e-03 -3.97665561786775170e-03
2.11105931000108663e-03 4.01590982413693384e-03
3.54301316910035505e-03 8.34931533332858257e-04
1.37936851086907552e-03 -4.51212464513405485e-03
9.82461593560612348e-04 1.46733669096134366e-04
2.47310841370106680e-03 -1.81640605075807917e-03
6.90501180558613465e-04 -7.26433936537435564e-04
3.52806065437024675e-03 -2.11149268513996470e-03
8.60770324745040714e-04 2.68388579642473559e-05
2.60120391940385672e-03 6.92991066244026763e-03
-4.51742170036094522e-03 8.91453512344664994e-03
-5.94091071901707915e-03 8.02284460586942874e-03
-9.49997668352836025e-04 7.87560690645462171e-03
3.51076692261100259e-03 3.20534696398349500e-03
1.19326427108168171e-03 -5.86913330905764960e-03
5.04024324254305402e-03 -3.40838464192779909e-03
8.03895143925430211e-03 -3.16999051214846136e-03
-3.38021841777030960e-03 4.63459418189356761e-03
8.04086200450208552e-03 2.29354054137279094e-03
-1.96403531465793842e-03 -9.70237851971943828e-04
3.26759424705460179e-04 -1.70368825843635031e-03
-2.94069516677523393e-03 4.24957984316603251e-03
3.08787251124484482e-03 -9.79545707245260472e-04
-3.87908588938961837e-03 -3.07153639501569087e-03
2.61569308883092752e-03 -3.12392583538739343e-03
1.61231111517904616e-03 3.94574182023778568e-03
2.53502816141720115e-03 -3.77590491281188517e-03
-2.51528680177461657e-04 5.46490157878007539e-03
-6.47150837637525383e-03 -2.97662034063746628e-03
-1.92643985684495616e-03 -2.11542707402650619e-04
-1.18538970809957162e-03 -1.79360501153149536e-03
8.95951988191550849e-03 2.20697622176049216e-03
1.00036379610060389e-04 -6.76758645422389799e-03
-9.14931100331851238e-04 3.66229706530541094e-03
4.04773063266284858e-03 2.50318765059355779e-03
-1.64736839910561224e-03 -3.45005025065010622e-05
3.23817140692261450e-04 -4.62274443317605473e-03
-9.29276410955768260e-04 1.71102660991086231e-03
3.25711355703443492e-03 -7.15532349299905380e-03
5.45528850089453590e-03 -3.87429023464238437e-03
3.04376549149835496e-03 -3.06329286872122431e-03
3.61972521999458403e-03 -1.47027667453427779e-03
-3.04987524632751835e-03 -2.70755434877120423e-03
4.14504888342514394e-03 1.11003010762110443e-03
5.64253475559338587e-03 -9.10565570120884537e-04
-5.16071428191898756e-03 -1.75656074763287358e-04
2.02561789313562748e-03 5.49882757010699413e-03
-1.54313108290432869e-03 -7.86342973340240398e-05
3.21970670284667032e-03 -3.49350247535835890e-03
3.54073208884739905e-03 -6.58131904981386004e-03
1.75415670588516389e-03 -8.12044357690205713e-03
3.80809672777520118e-03 -6.64281312611157606e-03
-1.24297748139751574e-02 -2.16689484165713894e-04
-3.98768173031747216e-03 5.38673835871190227e-04
-2.82010765578468098e-03 1.22774694499424675e-03
1.12009637290091616e-02 -5.83775555530594015e-03
4.47268110590877573e-03 3.53389457588276085e-03
4.38542755218364853e-03 6.04065035849341275e-03
8.81560480020550721e-03 6.17711198643421111e-04
6.58538288780281811e-03 3.49149459121501004e-03
-2.67986985905468772e-03 1.05912291104043950e-03
3.97926294474771052e-03 -4.19339461618986056e-04
-9.82504848715643701e-04 -3.24004231987514314e-03
9.06043363113138121e-03 1.78877901792316545e-03
7.64421646252336131e-03 -4.22102220413070762e-03
7.10228720208656156e-03 1.68987482445943438e-03
-2.83877871824843482e-03 8.44732771553254741e-03
2.39876336407933519e-03 8.11949723514235333e-03
1.93480377585915353e-03 -3.24370879895216299e-04
5.35161196303097445e-03 1.00161672693889481e-03
6.67803073663993801e-03 -7.97238425722047832e-03
3.29210230575708316e-03 -3.15175269262194403e-03
-2.45023146493771439e-03 3.05605215528319949e-05
-1.59760541466926918e-03 -1.07954334730061825e-03
-1.19475953926209862e-03 -8.69528134946531521e-03
-3.57240426175992574e-03 9.63092029178218983e-03
-9.88799747343640373e-03 2.30677830612800337e-03
-1.24403975306137168e-03 2.84063545553090834e-03
-3.42127262160289930e-03 -2.77882710247539730e-03
5.48879428913821420e-03 2.58758455842746310e-03
9.09395776855534584e-03 -3.40666750446688889e-04
-3.45771731211031450e-03 8.04965174300441809e-03
-1.68616283681935833e-03 5.72390718290849854e-03
-4.49869972386848782e-03 -2.48433787669116593e-03
-4.16302086784662607e-03 6.87459901051457739e-03
2.36238980201336360e-03 3.40694506479256778e-03
-1.53214258478214069e-03 2.64340388104861851e-03
-1.33301505302856662e-04 -3.74146645898208513e-03
7.69777054826680657e-03 1.78663790547709781e-03
-1.14219400591311568e-02 -7.28221119467000258e-03
-3.18427845566041741e-03 2.94225641256140114e-03
2.51109923558215332e-03 8.78983471375613043e-03
-2.81388492889102270e-03 -3.43528321943901548e-03
4.65107939045571151e-04 -5.75410068826709507e-03
2.25017035270034691e-03 1.93542804825172303e-03
-1.38209589822251228e-03 -6.67071468623421648e-03
9.27395449328480802e-05 -3.09215847095074261e-03
6.36784884261804235e-04 6.05422163271512274e-03
6.37627697006050691e-03 -2.99479839152392300e-03
6.61385517702589663e-03 5.51260361126738353e-03
3.06858975238717387e-03 1.16380936253570742e-03
5.30699356672774901e-04 6.32232780071003992e-03
-5.33747480150973557e-04 -1.02696981674953473e-03
6.84850972503383594e-03 -2.02266522790208548e-04
5.19132571063283046e-03 -3.72456383766389719e-04
4.86281206744651039e-03 2.50042009573706514e-03
8.32326326640109478e-03 1.89753895801076625e-03
1.48498200587867247e-03 1.27449549071873979e-03
6.42990731368414843e-03 -7.70660405530744844e-03
-3.79148568248510601e-03 2.13835511223744610e-03
-5.34702861898305338e-03 3.24850709419845099e-03
7.72532871932196728e-04 -1.04089762655492041e-03
4.28141317923470214e-03 8.89843468679144076e-04
-6.94689932606411785e-03 -7.37241608754659553e-03
7.96202338938340045e-04 -1.02192221906559303e-02
6.88611893771257002e-03 -7.32091726697503293e-03
-2.05198792659251313e-03 4.09935707732395765e-03
7.92844119850446769e-03 -5.94909978254068699e-04
6.50062478310885900e-03 8.51544458834223653e-03
-8.20386092871664731e-03 3.60858124145662209e-03
6.30645876827897519e-03 -9.14406531681846886e-03
1.82165301410899751e-03 1.54649709960450171e-03
2.17186320256468161e-03 -1.34105771756128675e-03
6.89079359354679601e-03 3.19141257769622530e-03
7.43870143453072633e-03 7.69662454791152605e-03
7.30347720242661026e-03 -3.21956501723109391e-03
8.40468805469183830e-03 -6.36660420810700092e-03
6.13071910851003578e-03 -3.37212765812879239e-04
4.71344419938446967e-03 -1.03201033255077433e-03
-8.68705254681940628e-05 3.26080692855819755e-03
6.57750344277255750e-03 2.34950968900246365e-03
9.00637762251028408e-03 -6.86504408120857095e-03
9.25118456259570003e-03 -5.21388960803826663e-03
4.18244441480459649e-03 -5.75141894289518153e-03
2.15425224562376021e-03 6.79363790621517467e-04
2.19971110128643933e-03 1.25012332097788176e-03
-2.77270666736588011e-04 -6.09160553221400371e-03
2.37509460269014552e-03 1.22188122304679107e-03
-5.59969291357190636e-03 3.73203236008993414e-03
6.37988595072112516e-03 2.81167764847662857e-03
3.64486559673136762e-03 -3.55736275112251011e-04
5.19896366706926183e-03 -2.22222197439248068e-03
5.61921587780002570e-03 2.34349910891722309e-04
7.24056242949697604e-03 7.51081790153970003e-03
4.38986459580763787e-03 1.08314880783893005e-02
-9.22286934682373409e-04 5.80884500435034927e-04
-6.08154462516501734e-03 5.13918786645732508e-03
5.72455458177526552e-04 -1.88899584037419284e-03
1.07648370954813825e-02 -6.06872350838470569e-03
8.94047590096243815e-03 -1.83869014768165209e-03
6.20972153750358295e-03 3.99672961418482461e-03
2.89744484772165448e-03 1.90833829748498379e-03
1.01894324206767816e-02 6.07932924235961899e-04
4.58812377977531587e-03 2.71182148819797955e-03
-4.22449692586507602e-04 1.97720243308943753e-03
3.06763112409683602e-03 9.87441634159005833e-04
-2.43956131801072342e-04 -8.20852269216225004e-04
-3.18762382905458247e-03 -6.37942076065387020e-04
2.29896218919320954e-04 -2.22475755559465747e-03
5.92075011232578736e-03 -4.00173993495495355e-03
5.43068419067295732e-03 -2.71754648726500519e-03
3.18483579016483461e-03 4.34848936860527443e-03
2.49905017840754660e-03 2.87185577646533765e-04
2.86886631516113620e-03 -1.83317631391722918e-03
1.79354671795303971e-03 -5.58265947109565664e-03
3.89336652270068492e-03 -3.46592908961368233e-03
1.69294369119014606e-03 3.31562464225542385e-03
6.99174563846130439e-03 4.10436118159797966e-03
3.03488960923572332e-03 1.94815578637778280e-03
-7.74282386403474780e-05 -1.81240317593945265e-03
-1.66211408268174873e-03 -1.71332991666505331e-03
2.08097656237824944e-03 -8.85134014696931483e-04
8.22177731164936039e-03 1.07322761132615176e-03
-4.35158209006195583e-03 6.37626561532341450e-03
-7.78675306325881875e-03 8.22061539860286590e-04
3.94923009831947645e-03 2.59916466742805960e-03
4.14220824706509200e-03 4.35725677757190302e-03
5.20546566623344194e-03 -1.76588362793668224e-03
-5.05798142020122562e-04 9.88681114724959068e-04
-5.70516755023506468e-03 2.26760086635559820e-03
1.14273499986408972e-02 2.19790149506094833e-03
-8.67330793761258122e-03 7.95422385561105668e-04
2.78487871598667985e-03 -9.00307312219983565e-03
6.45233864086345189e-03 6.21772581457706672e-03
4.94164508309551023e-03 1.12917880157165362e-02
6.13402648763456976e-03 3.11903691661280427e-03
1.73498622614810436e-03 -8.75305562281342500e-03
-5.24009849267512628e-04 3.35843984687166086e-03
6.06352017119576175e-03 2.07843129338358733e-03
6.14518808426470393e-03 -2.01093317521966767e-03
6.52118276689154976e-03 -1.31415862651280383e-03
4.05654817563980575e-03 -5.60998242450023391e-03
5.14606507155772048e-04 -1.35750767033750359e-03
4.02622698981805818e-03 4.18304294541636118e-03
5.27370457184942170e-03 -1.28822630336982834e-03
-8.83243959501946565e-04 3.45421949289902652e-04
1.75362047815012453e-03 -3.60133170136672440e-03
8.67359145545250863e-03 -1.79443986953656200e-03
5.15529561632924703e-03 3.37002393664476933e-03
-6.91300088247494868e-04 1.92107264131135863e-03
-1.13594612726374607e-03 6.01118424181147984e-03
-1.01175667828028153e-02 -2.54613687694115734e-04
-4.60696015899011123e-03 1.02168769601797393e-02
-3.99030042363741639e-03 6.54919089586622656e-03
4.41588277506400374e-03 5.03031960071157348e-03
5.39631228009994184e-03 -1.30651257688086178e-03
1.39170213862280668e-03 1.17722011282243529e-03
-6.68533165387798526e-04 -3.30492278889901910e-03
6.59897845297671530e-03 1.95258512480008884e-03
-8.85154107955093625e-04 3.28969134948610539e-03
1.66125665152520451e-03 5.47005552984632191e-03
-2.41789704118981243e-03 -4.58781685107511467e-03
-1.17981709071834375e-03 -3.25774076842594252e-03
1.09727225404765948e-03 2.56076777663636354e-03
2.41475481426165015e-03 3.72686761698705956e-03
9.87590117465812246e-04 -5.33053677747673781e-03
7.66884647241413905e-04 2.85897207856529705e-03
-8.68073625679650560e-03 9.74344468932256233e-04
4.62428618942371545e-03 3.84963712035282356e-03
-1.02238668448353723e-04 1.53488571253816079e-03
-3.05617457769863940e-03 -5.81457903001311727e-03
6.51449334198278031e-03 3.30523378859689208e-03
1.77710312092105695e-03 -2.30855203301797872e-03
-8.52926319537542096e-04 -3.03451132022354792e-03
-2.59974943790441579e-04 3.91820310083744201e-03
-7.78824163528070174e-03 -2.32251789693728493e-03
4.55363326507725178e-04 -3.64024759557425885e-03
-1.87664619694854348e-05 -6.52356973584623627e-03
-3.33991419522789400e-03 8.34184864205982459e-04
3.40023559226783388e-03 9.47152225571807368e-04
-1.47647062093391769e-03 -2.80346770734104817e-03
4.23732407044402973e-03 -3.23440465413299362e-03
2.92697340890473974e-03 6.57287181425238350e-03
1.43662015674046271e-02 -2.72325989160708765e-03
5.27766551249606464e-03 -2.25604662682753112e-03
1.00680930182766911e-02 3.97990871472521292e-03
4.31532100545007399e-03 -4.70896977757005297e-03
4.18687571595311499e-03 4.74955208963317999e-03
7.26162241997542804e-04 2.52010050588366737e-03
-3.19060542479466473e-03 2.97163390480972324e-03
-9.03728535408364580e-04 -2.80641083904596689e-04
6.99301443146391286e-03 -2.71809016488086259e-04
-4.07428294796514798e-05 -2.05427043119584072e-03
2.03774522009442932e-03 1.05141710155112257e-03
-1.50095347885196954e-03 8.74050642068003713e-04
-1.56014442185468038e-03 5.72595134122785496e-03
3.59832303514177930e-03 -4.95552174525666633e-03
3.81965826937674452e-03 2.07966700229553648e-03
-1.94256092812106380e-03 -1.33192952728648935e-03
2.52328513330680364e-03 5.42296345549084409e-03
7.46554907700192408e-03 -3.26487046039901623e-03
4.44653362058103005e-03 -8.97650272048621314e-03
-2.40402679755194167e-03 -1.26645892761174093e-03
4.75560722295834820e-03 -8.56313594582672958e-04
5.16242781050163697e-03 1.86819436154346671e-03
8.72905739953699737e-03 1.68490008976021974e-04
4.64640680301454338e-03 1.75700575337458002e-03
2.45750974124123124e-03 -5.30745380467994177e-03
3.71756963197450641e-05 -6.40138864907802575e-03
-2.79825297490490484e-03 1.92052318089570265e-03
-2.74819765063170126e-03 -2.31838763509648960e-03
3.31528668045352054e-03 -1.06951587463483618e-03
-5.96771704878029836e-03 7.35192364613455190e-03
-3.92989207474340671e-03 2.09897449979789055e-03
8.52802727767706069e-04 -2.67181834498777171e-03
-2.94796981094351540e-03 8.27213529400638381e-04
4.59034954388130682e-03 -7.11556991457433746e-04
-6.13700100563139964e-04 -7.18999708910958001e-03
1.94222627836559232e-03 -3.04748937973762330e-04
1.86689012883052368e-03 -3.65030870420257657e-03
5.08956015574786851e-03 9.33226624873357375e-04
4.32448328515992915e-03 -4.88078685105527987e-03
-3.19434469696346654e-03 -2.38117018189728082e-03
-9.04121075490934710e-04 3.22483577828436068e-04
9.43844003184997728e-04 -3.42944413613767906e-03
5.01927099683224798e-03 -1.86048248550221406e-03
-7.03174272154085062e-04 -1.12655895295797810e-03
1.07160877854952535e-03 -6.14995591520877023e-03
1.22029655048661316e-03 2.28273001512655210e-03
1.18672957991048898e-02 -8.81318125743627066e-04
2.40098438239102997e-03 1.37949902016422116e-03
1.60197892877157549e-03 2.47505882602609131e-03
1.16567377682105463e-03 -2.59623344201513834e-03
-4.33481342339154477e-03 -8.12221018771145005e-03
-5.91501150774632824e-04 2.15901180957425200e-03
1.73843129719923172e-03 -1.06895730409333639e-03
-3.42871733249099802e-04 1.10671523687165671e-03
6.57791489655137115e-03 -1.20607186144867538e-03
-3.02675526704408813e-03 -7.82358139283036635e-04
6.57736101606969711e-03 1.06747859684676750e-03
-6.35375192614234005e-04 -4.11183981697806848e-03
-4.36076765321614934e-03 2.04417799643149666e-03
3.57847651066189843e-04 1.34042669385279404e-03
1.04573538423114610e-02 -8.15331504272752004e-04
-2.85267251382289233e-03 6.75498092285853769e-03
2.88766132030065332e-03 3.80964803567372320e-03
1.60980013417107181e-03 -5.48902306652322789e-03
3.22238936419557255e-03 3.26055832459228945e-04
5.29913975602041773e-03 -6.25897842560786850e-03
7.96674398483287159e-03 5.70137843165366334e-03
-9.08121127946677004e-05 -7.21043661301980915e-03
1.41248893645569938e-03 -1.93446793210955842e-03
-1.19475523690288341e-03 -9.64759720346750602e-04
4.11821729624199662e-03 -1.40921673070286044e-03
5.02022600256591713e-03 1.47543448656288424e-03
-1.28725809585019681e-03 4.27555101885747357e-03
-2.29372586574497044e-03 -5.16563821571901574e-03
-6.27250871000051627e-03 3.55914857029034559e-03
4.34337735630007608e-03 -3.90469527549225544e-03
2.58471004382792571e-03 -1.71661874344517505e-03
7.73967182201238117e-04 -2.76535993905038628e-03
-2.33537938272456629e-03 2.72659403231824546e-03
4.30669994411087952e-03 2.67531152484715932e-03
7.65652634059984724e-03 -3.81620654894126001e-03
1.73726785814133492e-03 -6.61444840274351409e-03
4.31496558736057644e-03 -1.07358309508365397e-03
-1.31373200604026206e-04 4.38873408494559573e-03
1.76611406185362687e-03 -1.15726867293455805e-03
2.09043332575045964e-03 -1.74937833737835269e-03
1.51382137253465378e-03 -5.22665482579592628e-03
1.04477265080599071e-03 1.43535837056399347e-04
5.54573845140294598e-03 -5.23261208048722819e-03
8.61011806369029950e-03 6.88095818934532453e-03
4.22489275988635615e-03 -3.18003505239894532e-03
2.79054106349185295e-03 -4.63303756050702231e-03
5.97357219474391014e-03 -4.41444942468663046e-03
9.55501467274188707e-03 8.62756555999274338e-03
7.80646509967397335e-03 -1.16453313313280679e-03
-1.59293528522249945e-03 3.06739761952125279e-03
-5.38971256211705739e-03 -7.07898293008514014e-03
2.34160831141737085e-03 -3.62087827776796576e-04
1.00856799891273219e-03 3.48290350516151318e-03
5.81883236131369719e-04 1.70421689974511971e-03
-4.43729956966592361e-04 -4.91575992832594781e-03
7.74151108523061030e-03 1.12221259579526754e-03
5.82002708608666316e-03 -1.80472698605272492e-03
1.14405942215382219e-02 3.24332096613224544e-03
-1.04871746409169022e-03 8.57922520880799629e-03
-5.44762209539652298e-04 8.02076050945107338e-03
-2.05411428444029955e-03 -3.21965173645729578e-03
1.59770192646008329e-02 -7.63087922350907076e-03
-5.80828609257728391e-04 -2.96638114795641505e-03
5.72857115352970025e-03 6.79248179428564697e-04
-3.76818427390137613e-04 -4.70319675288562080e-03
6.62855224517521716e-03 6.51503013997573608e-04
-5.88097342618830107e-03 1.10410652217717373e-02
4.14138654349678051e-04 -4.33622332633870969e-03
-2.35345331607157921e-03 2.34986553035861859e-04
1.16459630642200547e-05 2.96608144179654788e-03
1.55455337423551624e-03 4.35887872406354963e-03
-1.67538320215452371e-03 -1.98451118931849317e-03
2.55645932167531320e-03 -2.50496112830602899e-03
-3.42886446951524602e-04 -2.63453111500362930e-03
-7.46023084817531816e-03 4.36771281402205109e-04
9.98299726757670425e-03 2.58757222537535684e-04
-1.62266270868742448e-03 -5.64789107140201661e-03
2.19817525693946896e-03 -3.86925811735993686e-03
3.84255629542217805e-03 -2.08031845990723236e-03
3.11499236245678423e-03 3.05001191209434063e-03
3.76248754544784500e-03 8.82406942745501044e-05
-2.03151939358022296e-03 -4.35862471708587957e-03
-5.14362766521913196e-04 -5.21572651046524728e-04
8.58720795099144306e-03 -2.28765495895252727e-03
9.03244679079560258e-04 2.03388527699974739e-03
2.41580793744835360e-03 2.17400310090497435e-03
-5.72601654735372095e-03 7.79317344420666150e-03
2.36506965558782521e-04 8.83193754316199259e-03
1.01699777187437253e-03 -1.22028555245520358e-02
3.19773182993522871e-03 7.63998779487423500e-04
8.95845573267497683e-03 -6.38887429650710392e-04
2.17568848398161114e-03 -1.65925883443535831e-03
-1.45691224790195383e-03 9.39892583300820520e-04
1.63519281667384806e-03 8.67462211436925419e-04
-2.38403838450254547e-03 -2.04680541305143253e-03
-2.22806832209828005e-03 2.71147407607763695e-05
6.05288702681830350e-03 -2.34375000434954061e-03
8.01646729503355769e-03 8.07973070139750629e-03
7.99173081211763036e-04 3.87622129110976423e-04
4.38335913462921563e-03 6.73954280494835391e-03
8.43839796814988105e-04 -6.47644647025909671e-03
6.06553900217409250e-03 5.26389710731974621e-04
-1.16521892633238188e-03 1.02070027114460854e-03
2.04169484401486249e-03 -2.70398561731421917e-03
3.67853881055544164e-03 4.36679162694713144e-03
-2.75039641803142350e-04 3.99579786321317340e-03
5.29799424591119276e-03 -5.63058718788363860e-03
8.15329869599850168e-03 3.36661977381215970e-03
5.65650459033527255e-03 3.34997167226158037e-03
4.15485554667313541e-03 4.94185444156987601e-03
7.54178533312163321e-03 -6.49752529639577932e-04
3.84435468155795625e-03 4.47986962711756712e-03
2.77676964306148005e-03 2.33437364712432878e-03
2.82386612023415549e-03 -9.27123594530997359e-03
1.25379216146239716e-03 2.12859294291517753e-04
3.86699106377120117e-03 -3.27578446420120776e-03
2.79189152772437799e-03 9.37215537886493732e-04
1.10506361568210310e-02 -6.24386128743653103e-04
5.03734452572061810e-03 -5.11627526191227137e-03
1.15423869118848298e-02 1.85822696951484746e-03
-6.76402068532540421e-04 3.83975858573173392e-03
1.06913035880683658e-02 1.01089994918224560e-03
-1.85713705387597424e-03 -2.97648486630385694e-03
1.07562207013943336e-02 -6.70637341308059041e-03
-4.49155493531130207e-04 6.25902141150250658e-03
5.43741821450794294e-03 4.22141135258514988e-03
4.27475760184358768e-03 -1.10858639260938354e-03
1.70347104143638776e-03 1.31557272274583726e-05
-1.58177752570204042e-03 -1.30634664181298763e-03
9.76917830717027869e-03 1.26396146497938650e-02
3.00557986107164235e-03 5.44545770168862985e-03
2.52252027656785964e-03 1.31992186647509344e-03
7.29304469101359817e-03 -4.87310497330208092e-03
-5.11716946961812864e-03 -7.26434774797649757e-03
-1.21479423040380297e-03 -6.10613767639480928e-03
5.47837401204688806e-03 4.26397925230970979e-03
8.36555202524958070e-04 -1.50466683023685712e-03
1.04150726928679757e-02 -4.30429032224562288e-04
-3.18260776751561666e-03 -7.51662145320537104e-03
1.34386849876423652e-03 2.67538354578012285e-03
1.27588178987646217e-03 9.38669800409934300e-03
6.66597520418785866e-03 -2.72508407962760400e-03
4.50820387505554768e-03 4.62446030216384640e-03
1.83805415864157144e-03 -5.55520853927009284e-03
-6.78756215022496205e-04 3.75572287943981824e-03
7.12346645172607686e-03 8.33227350056339050e-03
-3.62157964822944342e-03 8.08446618315526028e-03
6.24182465305225288e-03 -6.18358990918666733e-04
-4.54954420541930221e-03 -1.21617434589653232e-03
8.63241091090886578e-03 8.49829131945457569e-04
-7.16234099402730286e-03 -7.57491645497747248e-03
-1.77250830995478656e-03 -2.87678434601973008e-03
1.71803831113710968e-02 3.81477471301907341e-03
2.99800383423601009e-03 1.46896527359304703e-02
6.29725951473734599e-03 -3.37045582509175280e-03
-9.85923360626931840e-04 1.03542513375569378e-03
5.93100578388784487e-03 -8.90662767216406949e-03
1.54632206823089526e-03 1.47984594926168136e-02
5.77811909221777678e-03 -4.82403647957178536e-03
1.08878837921435583e-02 6.50483897184095210e-03
-5.91431682185959533e-03 4.30716941974872061e-03
-8.46202079346997961e-03 9.99575625642667130e-03
1.94675285717558827e-03 1.80792874563778412e-02
1.00924510481826147e-02 3.68867171405665422e-03
1.17758077032644390e-02 -1.37486992666214797e-03
4.83581706195566723e-03 3.05386343678026168e-03
3.76022803616771640e-03 1.23877955640923076e-02
9.94931417406093484e-03 3.37684758198006265e-04
7.32377440539329176e-03 4.60091863558406786e-03
3.65929145612809825e-03 3.33844558595680109e-03
8.28393316015007056e-03 -3.50977759775508149e-03
1.37120074235861939e-03 1.98582383968771764e-03
-2.54532180706796857e-03 -8.68334744019673356e-04
1.53297308725807227e-03 -7.39747960059701417e-03
5.62855066148263642e-03 -3.12915620868470159e-03
1.66383316468611390e-03 1.82264386259602530e-03
-5.61364123324675126e-05 2.37406159563967366e-03
-4.41294074695709531e-04 1.85577331254126914e-03
-3.69607125515591245e-03 -1.14779064026040642e-02
-8.23014307466447131e-03 1.04051912349418050e-02
3.70645982442788366e-03 3.85341722037698536e-03
-1.50594755268358194e-03 1.25540982629470071e-03
-9.04908385587266818e-04 1.88814197561604116e-03
1.92693952088860256e-03 -2.50131162944792259e-03
3.49208231983921683e-03 -6.84978022453190498e-04
5.45616524141042595e-04 1.03076287424828036e-02
3.73880587148246258e-03 1.05019414530510623e-03
6.52630040297311458e-03 4.83623428263021591e-04
1.50082690214229416e-04 -3.26807703003057079e-03
-1.86457666757235477e-03 -1.59944588297027059e-03
-8.77575641463098147e-04 -4.42951176995052751e-03
2.68023286317109954e-03 1.70044337008507765e-03
2.80439371866716101e-03 -4.09918147866861725e-03
-3.34982949138603204e-03 6.37755503625647528e-03
-9.81237266304190413e-03 -3.93312070795724320e-03
3.87834692593547808e-05 7.39995962666373415e-03
1.05531032542514284e-03 7.26261674232713070e-03
7.34773495295856392e-04 -4.45473273277729705e-04
8.18639121137287006e-03 4.26251408294382045e-03
1.27181411390612804e-03 -5.99943435821282886e-03
1.39692465555796650e-02 -4.83535965729914308e-03
-9.63153363011982574e-04 3.30412594594491548e-03
-2.58732015349755380e-03 1.90444427799637476e-03
4.27199575938604515e-03 2.86121647431510778e-03
4.75099388914939670e-03 -8.73804282080680762e-03
2.68672149066174820e-03 7.39061285699101696e-04
-3.73920160007954914e-03 -3.09079263072076053e-03
2.30631080687326026e-03 9.03974710473289455e-04
6.04447784263377128e-03 -3.99688171039228567e-03
-4.05993557952731815e-04 -2.47214631528761735e-03
-2.85940782722312638e-03 7.81998394687723371e-03
1.30984191799881082e-03 7.06902673584419933e-04
-4.74037182413643808e-03 8.09418070773673844e-03
4.95123164190226610e-03 3.34772410323397893e-03
5.76114971588946763e-03 -4.08693072802764935e-03
-6.13323122739667208e-03 5.52775975302206000e-04
-1.05949280749220308e-03 1.28445343295209731e-04
8.29373335543959894e-03 -4.81614254486570966e-03
4.40567570962920388e-03 9.73849553319653164e-04
4.62803961199551115e-03 -1.89919991111941956e-03
-1.92310973264434568e-03 -7.14527052487840333e-03
6.76712271617345602e-03 2.30881529121253334e-03
-8.99165575503732897e-03 4.50297188932089431e-04
-1.98670185359830619e-03 -8.40240226069845046e-03
-6.05619026911555745e-03 -5.45780572851034562e-04
6.01380638176638154e-03 -1.43092752741918387e-03
8.48521940148458213e-03 1.61355747031012857e-03
1.17133206534071194e-02 7.96843918517489485e-04
1.01593993810904833e-02 5.95581783422627874e-03
8.76521560350733420e-03 9.03207379886694812e-03
1.04099307668715866e-02 3.77218694290336158e-03
6.52431907196193033e-04 -3.76817070842234200e-04
-6.39995606377066154e-03 1.48522386335490468e-02
5.32853056791197845e-03 2.45368890426858957e-03
5.95876262444971702e-03 -5.52146633681559716e-03
1.56960738026593050e-03 -4.85621108766821647e-03
5.24622606854263391e-03 -1.56898224073189103e-03
1.83237536346136259e-03 1.39325610765719528e-03
-8.96437276451352732e-04 2.61045013616953555e-03
-3.61034643958882536e-03 9.92520024112023783e-04
3.77207819171337900e-03 1.59856120496228572e-03
-2.12498058303190608e-05 1.50747480864436759e-05
4.12527758723831624e-03 8.35267495142396829e-03
6.05358104945852640e-03 1.79578130107402268e-03
8.01348214480587795e-03 8.19008288481733269e-04
-1.43377436739024834e-04 3.35005747906898937e-03
1.07424857621246112e-02 3.71950253900816923e-03
1.91967077374801515e-03 2.56814733702696776e-03
-1.08218108156330341e-03 7.42352179686885452e-03
6.30921520510207092e-04 3.61711081507595181e-04
-6.95208271003281298e-03 -3.12232229140538362e-03
2.55078692216698013e-03 -6.73960684002031045e-04
-7.50853584387433087e-04 -3.98251495930714017e-03
-2.08213198834366437e-03 4.33638938418401659e-03
-2.36614480295065533e-03 -9.77515352427500359e-04
-5.05442575664958281e-03 -3.42939413365387670e-03
1.06011460438323012e-03 2.21933910528046173e-03
2.91390963153155937e-03 -3.19978205000689573e-03
4.05415081763045321e-03 1.14322199516524656e-02
9.82774035504812042e-04 -1.08058447684919977e-03
1.21527981140249781e-02 4.37816465193256992e-03
2.33928338208937723e-03 1.64172051489307907e-03
7.93101832668730716e-03 -2.79303790772184827e-04
8.20735745737067104e-04 9.42567168010140905e-04
7.26399185821544318e-03 -9.92799013983068331e-04
3.28438202925077527e-04 -1.10707717388899996e-02
3.78418850322052641e-03 1.00707575837938323e-03
2.02222325520361613e-03 -3.00617192385096033e-03
2.56625763859421934e-03 -1.53429924987055657e-03
6.46783039609045052e-04 -1.87571061995558215e-03
6.79722728562050238e-03 2.22539638150793910e-03
4.82340054508254565e-04 -8.50601124181275467e-03
-2.74123696943353451e-03 -1.15583258979110926e-03
3.03775102563957769e-03 4.01837568132218728e-03
-2.18872353740318755e-03 2.98789014303631716e-03
1.24393146629235151e-03 -1.34545395300930096e-03
-2.64675792566965032e-03 1.26661807195970737e-02
5.53366593249338123e-04 -7.36789197394126282e-04
1.05036494047701795e-02 2.86794806700257704e-03
7.73736426197373789e-03 -7.41642376485941550e-03
1.60702722369833011e-02 1.01318743618887906e-02
1.49823038318453016e-02 5.70746007430490265e-03
3.17290406479119307e-03 7.69492932948643779e-03
-4.77523595691446701e-03 3.97068163339305176e-03
-5.07762906786869434e-03 5.55749084742284023e-03
2.14091960759780651e-03 -1.15151311836463825e-02
5.24914046102832599e-03 -5.88588481948200577e-03
1.31932083025259900e-02 2.71167382918969038e-03
2.06382113280510499e-03 1.18827695589584555e-02
8.95987543817222047e-04 6.64012343998295410e-03
3.67567062449147049e-03 1.00759577581971405e-02
7.33834103823027221e-03 8.18107451958551414e-04
1.13755784942370999e-02 8.14481824076387743e-03
4.86330335225192145e-03 7.46900927026644765e-03
6.57766264206378643e-03 1.06283921632376131e-02
6.61112771181540573e-03 1.23475084902287843e-03
3.41755440250577453e-03 7.58344270833658223e-03
2.36777030204367257e-03 4.18933373001810234e-03
1.08022618407031430e-02 7.30346489424939498e-03
-8.13119766626246919e-04 3.69233333204781276e-03
5.74303960120395394e-03 2.19438402126882889e-03
6.43818249298147051e-03 -6.16795491327594664e-04
7.40416026385530383e-03 6.82814174710948303e-03
6.22543687438616069e-03 4.55474354635773335e-03
2.83717415445739612e-04 1.04232173266651639e-02
-2.33668505502470899e-03 8.39197871646802686e-03
-2.80451196007634783e-03 8.74503479703203157e-04
5.37555147962212078e-03 3.46319347486073910e-03
7.63010860072853053e-04 5.85199025142170079e-03
2.55280253506287276e-03 1.31369729948720478e-02
4.34238225203972122e-03 9.13194142434416850e-03
8.15375788357259983e-03 3.09429622239135735e-03
5.15088693595538213e-03 9.44933843029464871e-03
5.63926635977965267e-03 5.97857401274993778e-03
9.93893529686424801e-05 4.70561218939766646e-03
-3.82847722264685912e-03 6.27054840074646024e-03
1.00876057781133991e-04 -6.78815739906218126e-03
1.09374112904727927e-02 -2.11157409047269462e-03
4.86760882173687716e-03 3.40287971791529463e-03
5.39489787085778352e-03 3.90606031899861164e-03
-3.28838912950782901e-03 -3.59625261472814673e-04
1.10021860983042252e-03 -6.32385026501642959e-03
4.91153238748327087e-03 -2.58294828234066631e-03
-2.70084055110945140e-03 -2.03017852995636015e-03
5.33546586694506444e-05 6.88985307500151675e-03
4.77488836169195040e-03 -1.58793914931852956e-03
4.06344288434561975e-03 -9.50364548972716314e-03
4.76323306683379118e-04 -9.48617107087925090e-06
1.16401001290521449e-03 1.32504732550294793e-03
3.53040301466220124e-03 -1.42436606754155703e-03
-9.38727375424983947e-04 1.01282445871068490e-02
3.52165108769712451e-03 1.30017351758224069e-03
7.69940238323979943e-03 -3.29241892750695283e-04
4.65897024731473652e-03 -3.26504517728346119e-04
9.70952547028957041e-04 2.54478071244849035e-03
8.27158590007781580e-03 -1.62269261270190941e-03
1.30224594446497199e-03 -1.34307072318803656e-04
2.07108860833820014e-03 -1.61128678588092541e-03
2.57653416056425298e-03 3.53193398124923672e-04
-9.98860861869165732e-04 6.44393201794581853e-04
4.82872111977374237e-03 4.57563890047464009e-03
2.21166765348804108e-03 -2.35262668843345697e-04
1.28305449844579606e-02 -5.32551861952373484e-03
4.65674710279996140e-03 7.42600716931698501e-03
1.51670499121315562e-02 5.37859012907478985e-03
5.96805933126097303e-03 8.22454197933094114e-03
5.51604794480738559e-03 6.24969438570510422e-03
5.82397973968066911e-03 3.48372338106189665e-03
2.21634621826394306e-03 7.23710333642981884e-03
1.38738354344802341e-03 -2.53387895248506764e-03
2.39233812606243082e-03 -5.48792713141300730e-03
4.04764611337445415e-03 -2.51457350742039431e-03
1.08587059971496456e-02 8.87377304662759388e-03
6.59377498574493810e-03 1.62141463253011597e-02
5.89637912410361127e-03 2.30690702004614180e-03
7.26303725209325162e-03 2.10313414240278053e-03
7.49790791145983626e-03 8.21899631045294537e-04
1.52689461341357470e-03 6.83254039497699014e-03
3.04976183938710185e-05 2.00343243769396427e-03
7.30771202305325988e-03 1.70458799394593275e-03
4.90528255781086560e-03 8.85171453438735566e-03
-3.93782650801515789e-03 5.37249058314615089e-03
6.12488631612487493e-03 -4.21961828870582364e-03
9.97432614422416770e-03 1.87295750180811304e-03
7.19569513279009251e-03 6.29975523119501255e-03
1.91652773182056209e-05 2.67904554081784246e-03
4.38412119929377543e-03 6.28370873665928201e-03
2.43545627693929215e-03 7.04992879482517487e-03
1.62566271275366701e-04 5.53884540484799164e-03
-9.16956689760477488e-04 -4.81618413424800447e-03
4.09381911278362647e-03 2.19615558267867873e-03
9.21962540837176388e-03 7.70457520335534208e-03
5.41113204172983305e-03 1.03713186341070872e-02
1.22581884771069145e-02 1.57383155899463480e-02
1.43590412351298179e-02 4.60771839782391965e-04
-6.02745331338486396e-04 4.56841840794090358e-03
6.15914526598576855e-03 3.22307257687588821e-03
1.21173895594901219e-02 3.24178247445914202e-03
5.39508864582899893e-03 -3.19778387005750179e-03
4.86865152109237746e-03 3.74688373591528781e-03
-3.72432086518287558e-03 3.60369493454313315e-03
1.07413476638353166e-02 3.61304435811823834e-03
1.53556472819899601e-03 5.14606975018051110e-03
-8.69669048939310718e-04 -2.67538046788205839e-03
-9.32759154915504488e-04 -2.96379909981523554e-03
9.82989604577620690e-03 1.60435123249469645e-02
5.47246256947206671e-03 1.57263884547261218e-03
7.64946051306833377e-03 -4.64789060990578734e-03
9.26416471389120665e-03 5.88252021358024769e-03
7.79146182434168298e-03 5.12397201549251013e-03
-7.00124045341296792e-04 5.14368047485586240e-03
-9.50701577889792745e-04 1.56223219984374072e-03
-8.40595152812312037e-04 -1.34076497785267420e-03
7.87999139977615080e-03 1.35464691454125863e-03
1.10328064414257007e-02 -4.60654845622467026e-03
1.02394392731816244e-02 5.45090313930125542e-03
4.89017647116693900e-04 5.27302691209747404e-03
5.90538144538087402e-03 -3.12235369567903306e-03
-4.73760661041268481e-04 2.34985724336618821e-03
2.19668668168896764e-03 2.46376502261965108e-03
3.35065410166215071e-03 5.85868334558732780e-03
7.12593507071743529e-03 -1.81676168432673359e-03
4.79943502317312694e-03 -4.07157816056485065e-03
-3.11721890084571795e-04 1.04771591226770645e-02
4.41662308336506111e-03 -1.93102395501514859e-03
-6.11838867541160620e-04 1.13987303300338354e-04
8.00811706864059010e-03 -8.69981077875205296e-03
3.60904851225484023e-03 -5.27903947498133217e-03
9.76683321669385637e-03 1.38573438217046725e-02
-7.49701321484436915e-04 1.39360080119865556e-02
2.93852136735807835e-03 3.18880490029584693e-03
-2.13187995604466850e-03 -2.35273210313168609e-03
2.89835414395579977e-04 -1.08797623866934614e-02
3.01894739872514981e-03 8.63419772442471783e-03
1.47264402442052189e-02 1.43826851062289120e-02
4.88465424635574526e-03 7.65422652176585023e-03
-1.28356812722276586e-03 5.55130176972930354e-03
-1.02120498267571115e-02 1.80781055789122624e-02
1.37624038403342530e-02 8.96164143511463986e-03
6.52770957341007509e-03 -2.31918336855073837e-03
-3.98965681652406045e-03 -2.92700318839703155e-03
1.42731481503273168e-03 3.37827401750605575e-03
8.86327217726646209e-03 2.91304258472553862e-03
-3.57310207549008910e-04 4.99162085764926888e-03
-2.60288828446540938e-03 7.89579079223083798e-03
3.53773788324326759e-03 3.87266366933723561e-05
9.76535456420072299e-03 -4.15771649671105390e-03
-1.54679628077456269e-03 -1.97159180071358048e-03
4.98407493683098064e-03 3.12703187871492955e-03
3.95732331249662624e-03 5.82639131603152494e-03
5.83511662095684475e-04 8.81332692379462762e-04
-4.04978533623260011e-03 2.55708524132470388e-03
7.67902034306610823e-04 -2.91738281294595886e-03
-3.44226748598986223e-03 -7.26665874584917198e-03
6.90568605201250744e-03 -5.04546178829521838e-03
-1.05263719542269109e-04 -2.81899437848157075e-03
-1.65548543272646723e-03 5.34419487903536007e-05
3.70521739407054249e-03 4.38065140670095693e-03
1.17985006417233255e-02 3.08878143244635138e-03
6.51517295941176668e-03 1.45855219754717057e-03
4.60848454512395155e-03 5.17793506868658056e-03
4.89904966384873113e-03 2.55729351501484932e-03
-5.60651061535479694e-03 -9.33324213761509494e-04
-5.10394392015688309e-04 3.93586938646683731e-04
-1.42169999212358165e-03 -1.31678241020351250e-03
-1.97463629674124452e-03 -1.40227923555388346e-03
-6.07260886215218055e-03 3.42463442053189562e-04
-3.23482927550644735e-04 3.42493766743676631e-03
1.04402957900247822e-02 -2.45299029210300492e-03
-2.15579259525459184e-03 1.04498638331252237e-04
4.44095805462140381e-03 2.56866884209145567e-03
4.75752840108914672e-03 2.78260400681505475e-03
5.94005772273306209e-03 1.73896634521076296e-03
1.41853183210247048e-03 -5.37456730715879169e-03
2.73732175413942064e-03 2.80478899307007789e-03
-1.08113895788930514e-03 2.66104514921933948e-03
1.00275125828425717e-02 1.51773896278285369e-03
2.17083164073402987e-03 -1.44148071124056035e-03
8.67023913956550991e-03 1.15741978576339058e-03
2.56792222895649768e-03 1.42363717531766355e-03
2.62961156004746502e-03 2.01295636267881557e-03
-2.50000310876316622e-03 1.04931896053554155e-03
4.84437346502882699e-03 5.66851274618376810e-03
7.91033658395673585e-03 -4.64575692582132153e-03
4.41200123671645246e-03 -2.39954338320510574e-03
-3.64805950674578557e-04 4.00482060268437731e-03
1.97408152223512616e-03 6.38916891570141636e-03
5.42571729305126559e-03 -2.01611835580006553e-03
-3.54213807428344464e-03 -4.94017638441139259e-03
5.82893664430925596e-03 3.36410927796469998e-03
9.57808991457699543e-03 -3.50166088076894538e-03
4.65374235822118513e-03 4.14965770003753462e-04
1.51756697507080263e-02 1.56263969277347994e-02
7.53363233197414019e-03 2.57594518649255973e-03
-3.36115529005039213e-04 3.18587575626549328e-03
1.31513267958337492e-03 2.04761709159876184e-03
1.31615069266769673e-03 -9.77541299524444310e-03
-5.71739701395015433e-03 6.58099079545759833e-03
5.64253528234415387e-03 4.20020461754765789e-03
8.87147205173298252e-03 1.27161926117872887e-02
2.60014904540498831e-03 6.20631617428778464e-03
4.46022159936742407e-03 -5.27506032636675202e-03
2.15620758834218036e-03 -1.72607685565987780e-03
2.68258482678336053e-03 -3.52778923145523988e-03
8.76957762941973917e-03 4.58291805741690809e-03
1.21244376210628276e-04 -3.04992190189308857e-03
-4.21677543740040157e-04 9.47210531311468672e-03
1.80096456753043162e-04 1.42337168799296066e-03
9.83479870044686030e-04 1.54410303427662344e-03
3.98397830764184082e-03 2.23512952009797573e-03
1.30291014377010564e-03 -2.27445878911165453e-03
-3.82054254300796771e-03 2.25290783679496813e-03
-2.73995681218652549e-03 7.34366613610725133e-04
-7.84717585411462241e-03 -1.42005861686683678e-03
3.28316791993897702e-03 -1.54631619248849351e-03
2.14394962507714849e-03 -3.62471385075801124e-03
2.50828940787512422e-03 -2.46771589324087199e-03
9.48892272413198908e-03 2.88176540439010961e-03
5.85224348863134809e-03 4.58222010702244475e-04
8.22734684223180163e-03 -6.74216638016240260e-04
9.07074178237469650e-03 1.49849020391628913e-03
2.15856457096368163e-04 3.04707662256037100e-03
4.45992407075058127e-03 3.17584937676254099e-03
3.31298905078810952e-03 -8.65350498142557884e-04
5.35437981911959706e-03 9.08189387077178514e-03
1.33798391953891243e-02 -5.28453302761519865e-04
-1.03309285852632753e-04 2.71664231069691916e-03
-1.48732539576604500e-03 -3.24948121675385838e-04
5.90633880240473610e-03 -1.71183855497715237e-03
4.42631181887930512e-03 -7.21367547076338066e-03
4.94093248198455501e-03 9.03758145071352492e-03
6.02129830225176139e-03 -1.67507392549645835e-03
-2.80179410263526598e-03 4.64296335941239823e-03
4.92977181811007914e-03 7.43438115121906624e-03
1.69033008376713503e-03 1.52394938489718457e-03
6.24318339463227762e-03 -2.17368068166283110e-03
4.55349153939225548e-03 -1.49822905327171214e-03
2.44224600674835396e-03 -1.94760631006988269e-03
1.04373973993283778e-03 3.17950877484434943e-03
8.21633608017115213e-03 8.31196870211393344e-05
2.04379714668375800e-03 6.45854582400988940e-03
3.69331531715231913e-03 1.75629122781416987e-04
1.28041076304065242e-03 2.21434526487073900e-03
-8.94572288322391298e-04 5.47475001378345746e-03
-1.95058478088262299e-04 4.54777921885692916e-03
1.14337506727772492e-03 -5.95809730305848183e-03
1.80762898181470498e-03 1.03494427821228738e-02
-3.94552054713586905e-04 -1.87877824914717685e-03
-3.45287000928544462e-03 -1.48207471233598566e-03
8.54204892942089615e-03 8.18528670229932650e-04
1.47447093417220538e-03 -8.33672113019641794e-03
3.75292174203656435e-03 7.50408041313249414e-03
-2.00887746225282245e-03 1.82665220382060797e-03
4.33246967597425685e-03 -7.52853880362608016e-03
6.53754755037760232e-03 1.38638436645009272e-02
4.93825163658321697e-03 3.90937556205583989e-03
3.01718767336037370e-03 8.69039472647895918e-03
1.04222615313278449e-02 1.27936186363430543e-02
-3.95242083243603059e-03 -3.09745366745872242e-03
4.27043709347670064e-04 -5.77813605998404932e-04
4.45761667919433442e-04 -4.69157437320024285e-03
8.34522274071874612e-03 -3.63162371476922000e-03
7.77420989143734736e-03 1.23739466635733927e-02
8.12918989506444811e-03 8.69371351851084759e-03
5.97246563205295830e-03 8.51116521321062386e-03
-6.06843734384168460e-03 2.12723919624928925e-02
9.87610326998330026e-03 3.68069021320135753e-03
9.72958285806368658e-03 -5.55705393421028655e-03
5.03235215176380934e-03 -3.75977125491559370e-03
5.25663458703792656e-03 2.38875410660083828e-03
7.54145844809818791e-04 -1.30833504584693507e-03
9.04484224561469263e-03 -3.54518668410765928e-04
-2.64255061482348858e-03 7.20631299566987932e-03
-1.92694599575329102e-03 4.93753184425053514e-03
6.70634504353750417e-03 -3.31109707608433224e-03
6.12394266310831506e-03 -4.24035014448289390e-03
-3.56997126207703273e-03 4.44187215940216196e-03
3.20712897989147878e-03 1.29783258114115198e-03
3.91346156589678171e-03 3.82354307891114888e-03
3.34518021635336167e-04 7.70751754298161767e-03
-1.57029247855721126e-03 3.94981738999661269e-03
6.87837577498860014e-03 1.96859607792815436e-03
8.91575735575911646e-03 -3.85815922276938757e-04
5.98105694908060686e-03 1.39298336901391619e-02
9.73696296236849397e-03 4.64328112360575928e-03
1.05621697254758840e-02 6.78825144281432549e-03
1.35470153094727833e-02 8.69362916136612145e-03
2.64853068396059439e-03 9.33473030824237722e-03
3.08859649910856894e-05 6.34925191966158580e-03
6.71675711337522876e-03 4.66887538521446217e-03
9.82178664506463310e-04 7.04542928506091126e-03
1.09928900051474709e-02 2.47392279840630627e-03
3.77885550701469392e-03 -1.47691459425274159e-03
4.35486131017505471e-03 1.03917101376234944e-02
1.09210909409325936e-02 7.67204278301940323e-03
3.15500584681187144e-05 5.76534453179952146e-03
3.79355772636746349e-03 9.61600283983295688e-03
8.98699483366514895e-03 1.41310045452019452e-02
2.90709652524714620e-03 -4.32584478806296007e-03
5.11093223860921778e-03 2.62293989485089989e-03
9.98489484631556214e-03 -6.24710196256693818e-03
8.59891587386111406e-03 7.85426393934948036e-03
-2.72439589794993111e-03 2.32734599103353755e-03
7.30434833945147518e-03 9.26404716504037121e-03
3.44463656088216672e-03 -7.32986816142875563e-05
7.45733053771397043e-03 4.92997342536656124e-03
4.94150391863798499e-03 -3.60085310320483812e-03
9.05059264800479012e-03 2.49354161408764461e-03
9.40357485393085099e-03 -2.05965817194365356e-03
2.34349865397646745e-03 1.07887084715152567e-02
6.46507388394829217e-03 1.34775765970717304e-02
-4.94705592820482280e-04 1.23164945006661829e-02
1.11123036326379616e-02 1.46417080700015842e-02
-5.19785674519885948e-04 -2.21754460631372590e-03
1.08069044701270336e-03 4.14635645561581105e-03
-1.05814736569158460e-03 2.07490806018491942e-03
3.05003177517073395e-03 1.19186463692587678e-03
4.56817736114705527e-04 -2.62309018382413540e-03
9.48623775903842392e-03 6.20547616235916314e-03
-2.89236485782632313e-03 4.42275142037084918e-03
8.19324812219562881e-03 1.85252984107193673e-02
7.13348816361148667e-03 1.42686015932383375e-02
6.93550567507913041e-03 -6.06720191652561445e-03
7.74562233051971400e-04 -8.82552574660886357e-04
3.92729345353344268e-03 2.89891065386481059e-03
1.40801325714156461e-03 -4.39603735995541811e-03
1.08981641103697638e-02 1.91487615413792854e-02
4.25619273688912936e-03 5.89512062389884080e-03
3.36866995673024670e-04 1.00830023611386058e-02
-8.95817783190234270e-04 1.68812463484269738e-02
2.42143137113427429e-03 -5.01189291861330564e-03
2.03562135202849104e-03 -4.47111365735929078e-03
1.07827635817289388e-03 -2.24380565619896905e-03
4.25003006138384952e-03 -4.32975219291168584e-03
1.73331729422897761e-03 6.69586148332310289e-03
-4.65355797135250365e-04 3.57690144470358381e-03
1.36769001230372680e-03 7.50650019708541758e-03
-5.26215307300777375e-03 -7.03474425028869765e-03
-2.14040936063935759e-03 2.66577098082753467e-03
1.10541214432142328e-02 8.06712207945379134e-04
-1.26645923002375910e-03 -3.11932867119116969e-03
-2.25517475637030057e-03 -3.48368993804660382e-03
5.76946798149638560e-04 3.48536876412388870e-03
3.87119702461484819e-03 8.50798871593341603e-03
4.76138774381872337e-03 2.24710887013008023e-03
6.93768574030231844e-03 9.96124602935939815e-04
6.87369358822803242e-03 -2.25823033342546255e-03
7.21862867257727289e-03 4.85210327713103164e-03
7.37765588983142892e-04 4.72886497674312144e-03
4.24449827260134967e-03 7.59325844754308362e-03
1.45257902102683138e-03 5.00771504281963438e-03
2.82309833815655616e-03 5.55758152866012937e-03
9.87959095831633704e-04 -4.37635404202035491e-03
3.09611420128016535e-03 1.77979948194188914e-02
1.12619509443465712e-02 -2.69745411753849213e-03
1.26449599617882631e-03 9.86655856518504383e-03
-7.29712623715646474e-03 2.04648965709389955e-03
1.11781281899657435e-02 6.07496125796247281e-03
1.26696833665709135e-03 1.25016393962586667e-02
4.99238696182308875e-03 7.70439786550033631e-03
2.92484286305163535e-03 3.03668906350020289e-03
-1.37457766587548783e-02 1.65700378016094378e-02
-1.70611237554363165e-03 -4.30626576515433668e-03
9.72294445981819119e-03 -6.38808914704188865e-03
7.51091960591557771e-03 2.23850306869500040e-03
5.25086527199532423e-03 4.33965723305033101e-03
4.83827785093117121e-03 -3.86722774447995597e-03
3.66722232503693046e-03 5.95106239442261264e-03
2.25272230296974778e-03 1.30781542200193680e-03
9.00848883921594526e-03 -4.34361314742330855e-04
1.09519793363557806e-02 1.25155794812611748e-03
4.63963947618315463e-03 1.08613831912586101e-02
3.32764101115552236e-03 8.08490088952187533e-03
1.33274739647633420e-03 -2.10684571097537231e-03
5.73394345210491863e-03 1.01839026834314745e-02
5.06227617069501725e-03 5.89910071256700280e-03
3.79989404772286066e-03 4.78948174225020742e-03
7.76602345665820554e-03 8.11917812913643192e-03
7.85342309094032819e-03 -4.75622002525331097e-03
2.51883459000654076e-03 5.28899268677226857e-03
2.17983986026464667e-03 -1.98492080504775409e-04
5.98205009780833439e-03 3.26255361366863117e-03
7.73478154727827525e-03 1.48837640549126966e-02
4.71691545172636586e-03 9.89367036058549053e-03
-2.29805220516811131e-03 9.37721111438497359e-03
-8.58579110611240939e-03 1.37236837846635342e-02
4.69262009628390597e-03 8.17357019699980689e-03
-6.26472395881653207e-03 -5.03696710593120895e-03
-4.74643051199037398e-03 -1.43768706339306358e-03
-3.68335185698281335e-03 8.08700567212779112e-04
-7.40807108350734732e-03 1.43241448859005773e-02
5.93262642654592736e-04 1.44205028296399366e-02
7.87978506237829376e-03 1.13920061326092583e-02
-2.53384412586123153e-02 2.12520613106636294e-02
6.06518512315857607e-04 -8.33107054673281125e-04
4.47639671407890852e-03 5.88194367969573778e-03
1.90194640124947598e-03 2.90779928119347169e-03
3.16625905251536948e-03 3.98211068078411709e-03
-8.09851701416956630e-04 3.79358371509039456e-03
-6.79427314187491479e-04 -2.52452425162005183e-03
3.06147638705560072e-03 -3.98158186965717406e-03
1.91874636523041019e-03 -2.88714961456440879e-03
-2.91238591652899633e-03 -2.86264936890449949e-03
2.49334057806492636e-03 4.38096127740792308e-03
1.07175884577105922e-03 3.25457285530374326e-04
5.75870076946795317e-04 2.64166505242707491e-03
5.31198167067790765e-03 5.73052732825811775e-03
-2.79420563237206630e-03 -2.49761962385939467e-03
-5.83595452978049071e-04 -2.94094981548455661e-03
2.73833624951223863e-03 -2.05837983477505761e-03
1.82974022466876108e-03 3.82044119809206396e-03
-4.00588522480861426e-03 1.06979468666475023e-03
2.15819074807001949e-03 3.41962377005082833e-03
1.39453519571680748e-03 8.00636476375898333e-03
1.39625796392754361e-03 -6.66374977406568487e-03
3.78003471052268522e-03 -1.44084964856890118e-03
5.06396716890337344e-04 2.35133391959243968e-03
-2.74954923847741057e-03 -4.02029425114637257e-03
6.47477924457558803e-03 1.20459541659120734e-04
3.23890375834214213e-03 -5.71022280840253593e-03
8.84823486267066511e-04 1.72100840423079174e-04
-2.96390425776896661e-03 3.82024358370635156e-03
1.03268327026931795e-03 -1.05980781388699194e-03
3.46931200716097472e-05 5.16341785191419284e-03
1.99355189336328361e-03 1.66916079677399165e-05
-1.44412731203156846e-03 -6.52769266163754757e-03
-2.77441846074960238e-03 -1.61105538598588726e-03
-6.98538859060642697e-03 -2.32611055001862629e-03
-2.57141754410750330e-03 7.86134947536034322e-03
-2.92428837416440490e-03 6.53567821175667432e-03
1.00202938810006162e-03 3.85263630044571344e-03
7.32960580288523691e-03 3.02309772198023578e-03
8.54892490818543772e-03 -3.13591350267305871e-03
-3.67801262382536380e-03 -5.20896732795159655e-03
-2.60404758260964809e-04 1.72508356532173330e-03
2.10679748679424260e-03 1.44162289771151021e-03
1.11449012913013680e-03 3.65897674634719757e-03
-7.55769484164838922e-03 4.22800002602699218e-03
-4.86466155397545161e-03 -2.28585291428521622e-03
-1.27202073058649257e-03 -1.71068939969843759e-03
2.94419066972614538e-03 4.66306128741379462e-03
1.01303900741450160e-02 -5.39085705782951178e-03
-2.53253639055837096e-03 -1.75851113749199255e-03
-2.62875534432920359e-03 1.02411594233519608e-02
7.92852615080670130e-04 -1.91865913704508586e-03
6.41050939375532609e-03 7.72007289441862480e-03
9.38152122539332779e-04 -3.37105881705102516e-04
5.61899049723816029e-03 3.29460588410082503e-03
1.57666706433705730e-03 3.00156759252479759e-05
2.82539694885978240e-03 8.68330344496639692e-03
3.06116409310795094e-03 -1.63673453947854488e-03
-6.97526720850395830e-03 -5.22946961617074078e-03
-5.60748961151213195e-03 -6.75270994974529713e-03
-1.09461178800810245e-03 9.81912172631102011e-03
3.04800510232442140e-03 2.09846554253538672e-03
1.41814636812032536e-02 -2.50377115170928458e-03
1.28160682386279463e-03 -3.88621056238520890e-03
-7.25109750780734193e-03 -3.39259696220137403e-03
6.25884176906536024e-03 1.57773815538289446e-03
8.05114563214758688e-03 -2.32409128268157772e-03
1.09304001141233738e-02 4.30926735341185662e-04
1.01270789377129987e-02 2.21034885736199347e-03
1.40013188622050430e-03 1.96211968573228792e-04
2.18122848619862423e-03 -4.36875369460259198e-03
-1.89117110379549637e-03 -6.73902973083629220e-03
3.49611965581194707e-03 1.71646908879718812e-03
1.61916789604461581e-04 1.73661352516123082e-03
-1.23424678854436288e-03 3.31884359748824869e-03
1.34835752433943722e-03 -2.90234228875747282e-03
5.40150004224210917e-03 -4.08674642108715607e-03
-6.77613003441670321e-04 -1.64965731185347003e-03
6.77081533692533606e-03 -1.55587202025226712e-03
-9.56011280792844507e-05 1.07156904479864643e-03
1.73088666886136782e-03 -6.06569439721298988e-03
1.78292393802291288e-03 -4.01344217041878226e-03
-3.00168505017273514e-04 6.60387145336571377e-03
-2.89350759583139033e-03 -1.06710150619453246e-03
7.24519483280623711e-03 -1.94833203931657007e-03
1.56319658593310758e-03 1.60197467960476844e-03
-5.02884050585490194e-03 -4.33061236294640054e-03
4.32963954422279501e-03 -3.58542836147459319e-03
8.12237601676213221e-03 3.49127620505798163e-03
2.77883521696250472e-03 3.29913923232694065e-03
-5.06861482813339252e-03 1.61923634006514144e-03
3.62370549058791368e-03 6.31058566665465906e-03
7.89720092090132920e-03 -1.14051531501929032e-03
-9.36186380449781147e-04 -3.90177248287993956e-03
2.42232400538920948e-03 -2.39459325956791445e-03
-4.89116813077625050e-03 -7.35069369778141093e-03
1.04693134500028363e-02 1.97478765770200916e-03
-5.59150563645819439e-03 3.31347607523733295e-03
-3.85271653301676956e-03 4.53562354717024739e-03
4.19248461934654693e-03 5.80824931098196124e-03
9.15787725637159412e-03 -6.44641099466718766e-03
3.85076610890859898e-03 -6.65450601818199684e-03
-3.32501926284286620e-03 -6.26103290414982416e-03
1.00894495081013218e-02 -1.15871074522444538e-03
6.67139886584932392e-03 1.83987720687460118e-03
-5.25267808707922772e-03 6.24955565911243776e-03
-2.60512211275041108e-03 -2.53124051348433245e-03
-4.71940273706030096e-03 -1.22966368968858639e-03
1.00494134750446201e-02 4.34544715598335698e-03
2.65923415779168977e-03 8.50827594812203687e-04
1.07817347049172143e-02 -9.05226817059982141e-04
6.59411032149072145e-03 2.94136515521414496e-03
5.40729984942241431e-03 8.13880403930576993e-03
-2.44603849677528561e-03 -1.80426842578913262e-03
7.94560932986256713e-03 8.15462766298696851e-03
5.71284465631952034e-03 -3.87753120045625092e-04
1.15495681275841803e-03 -6.39787487571973762e-03
-1.44045523967137800e-03 2.23843008278044935e-04
2.35783935901046418e-03 1.29112357903073509e-02
4.13885210844784548e-03 -1.69505890894835619e-03
5.16827089695989263e-03 8.31884053863309915e-03
1.40095930609465463e-03 -7.29729817450699807e-03
-5.03320837661808910e-03 -8.91702791583004624e-04
-1.12224363373311935e-03 -4.46716929083079174e-03
-2.30265141836248155e-04 1.01135416166475110e-02
-6.00772212145605404e-04 -4.99035254430952105e-03
-8.93425746605070598e-03 -1.19493910585984574e-03
7.65391008762169017e-03 1.70273723457190136e-03
6.35263834025601355e-04 3.47509503525850931e-03
1.23930561472693820e-03 3.93277660677737121e-03
5.54687254856997894e-03 4.84850160358199413e-03
1.27668913069776402e-02 4.87296990009259117e-03
4.43941352921021701e-03 1.54550817304733960e-03
3.94848683310670577e-04 -3.30216409357259825e-03
-3.79002113910874511e-03 -4.67874631331622291e-03
-1.96853309517626505e-03 -3.36368744630493243e-03
3.69440056588363252e-03 6.62820641473052465e-04
5.91235377167668996e-03 -2.24967170256717844e-03
1.66373601495603042e-03 8.58985758388466220e-03
3.01980168250541060e-03 -7.24389335954569698e-04
3.09068798843511842e-03 3.36377081936985742e-04
-7.10234998472934341e-04 -3.43978190605522850e-03
3.88807180971701295e-03 -6.12107560091390817e-03
2.04462031035754438e-03 1.23404882543675818e-03
1.06310345648179326e-03 6.06312261242468887e-03
-9.06572893103470430e-04 -2.50862225751863213e-03
-4.23359274736762568e-03 2.21445414864519276e-03
5.92001316695336954e-03 -8.68548463881280955e-04
3.86492259940293074e-03 -1.83447468818334820e-03
5.07466943885052230e-03 -1.64962707615618821e-03
1.63958887861970670e-03 3.80907780215998743e-03
9.20461064464321056e-04 2.24535185294256600e-03
5.67191027581038804e-03 -4.31247522864314139e-03
4.40902656096527155e-03 -1.46885060396360727e-03
-2.63618917011924090e-03 5.39634861396962474e-03
-2.43228054515875645e-03 4.54542036728266142e-03
1.78508431656501350e-03 -1.19024581500549185e-03
-1.25756056901082784e-03 -2.97553831907574218e-03
-3.64302873548525037e-03 -9.05855131999656719e-03
-1.60856483077832660e-03 -1.54474535776907992e-03
1.06209217185181046e-02 1.08129720931516215e-03
-2.68058964819722651e-03 4.63153451460868951e-03
-7.97687080399172264e-03 -8.92725894406986870e-04
7.58240524026041504e-04 -1.76592758587068642e-03
-2.20336165161766871e-03 2.32867280449422422e-03
4.13620903735222208e-03 5.67200822949525275e-03
1.72231673983515320e-03 2.87615472386192788e-04
5.02922888252772902e-03 -5.26177250099537329e-03
2.04234905625823732e-04 -2.41415005896039505e-03
-3.04916359927726727e-03 1.61903574289385104e-03
6.28640777703500853e-04 8.51051840363970490e-03
1.15196567795031895e-03 8.18311732138557110e-03
2.36912668468558345e-03 -5.48628217242218361e-04
8.08367294823967956e-03 -9.27503996060237770e-03
-2.07201038589304668e-03 4.44551500810781253e-04
9.94413507686598905e-03 -2.32152685937295168e-03
5.43475660795200103e-03 6.74098646924901272e-04
-2.20524734316853528e-03 -2.47250342418656090e-03
2.03700649845027200e-03 -2.90748991009199187e-03
-3.21739309669668433e-03 -5.12364083072574389e-03
-3.26637911209756325e-03 -2.34447163958923432e-03
4.54864312874164733e-03 3.15068803265548033e-03
-7.23056370525809386e-03 -5.64361895292981013e-03
2.59765099609599558e-03 -9.33501102417882110e-05
-1.30366578045012383e-02 7.81364381388355289e-03
-3.32026173341000517e-03 -1.80836880173978836e-03
3.32421220594326461e-03 1.18649545516768280e-02
2.00074595695444706e-03 3.72794067151262058e-04
7.71885916286254095e-03 -6.76430569155515599e-03
1.03319516585306326e-03 -3.60320382316651425e-03
-9.73477859467263180e-03 1.60278493605807808e-02
-7.86962616356014222e-03 -1.16024653619017037e-03
1.24191380463513149e-02 2.10223391145900875e-03
1.04119008959980188e-02 -4.49854025601362662e-03
1.18875579705038977e-03 1.05109003703046547e-03
4.05069497287206554e-03 -2.74232194340555966e-03
1.18968008929792764e-02 4.43143553321762723e-03
-6.21692946234724442e-04 2.11683252284580216e-03
-1.37789242536402821e-03 -1.41836761981749249e-03
-2.12752910783365994e-03 2.30298471596216705e-04
3.60308307333174907e-03 -4.26406984209204149e-04
6.19731007144274770e-03 -3.95754464095570205e-03
6.32237039274098460e-03 2.64439560737623157e-04
3.79798070455848822e-03 -3.52781087170409057e-03
9.21337491666293466e-03 7.54062165606495926e-03
1.68996588981977372e-03 2.30631998334354313e-03
1.88136431312470103e-04 9.05199710998142240e-03
2.61963970339131405e-04 -8.35457728950831074e-04
6.97708904354638407e-03 2.76315006207268968e-03
3.87177949265112399e-03 -3.39916407464063925e-03
8.75527713521057093e-04 -2.93412759946866776e-03
3.69859392017769231e-03 -4.11830393252963535e-03
4.23249501524899669e-03 7.28559199828348377e-03
1.08512241369628122e-03 4.54616589871837491e-04
1.72885185201357818e-03 -8.96085169010043918e-03
4.87257210924013640e-03 7.55727023164947612e-03
-1.41718334455531204e-03 9.09356032999990467e-03
-2.77862801934203535e-04 1.56123866123261440e-03
4.89956825879304014e-04 -1.07786541585851181e-03
-5.47177327450863466e-03 -5.35418112640628340e-03
7.70464428530041878e-03 1.16842257606074810e-02
2.90223231504313723e-03 -4.34029418057731338e-04
6.81870155196079731e-03 2.46704738419401600e-03
1.48509471392077874e-02 -8.57819472962452847e-04
-9.39837708901805971e-03 4.98884702553692525e-03
6.91743419710994021e-04 -1.67565326889643901e-03
-2.13454496418522249e-03 3.53887106821760417e-03
2.40238709314507474e-03 -1.05976522017445034e-03
7.78004130918755546e-03 -2.71810649333497115e-04
-4.55143715965050460e-04 2.29600900456759490e-03
-9.22464093204434198e-04 -1.85890555766313366e-03
6.62645823970915010e-03 -1.47047553263743237e-03
3.46479384187810095e-03 4.00767147498091395e-03
-2.30830224911741542e-03 -3.71536652666571126e-04
-1.37551517807602973e-03 -4.47968677197395446e-03
8.18477587114337102e-03 -2.44993122180470646e-04
3.16564863069461857e-03 1.53811290377970037e-02
7.78695747387281832e-03 -7.02349783156822494e-03
8.26935280691905132e-03 -4.93412276165056812e-03
-2.39959337818653742e-03 6.64846348549875260e-03
-2.79680854944177205e-03 -2.49242342186731692e-04
1.52212138292737219e-04 4.46908700792730297e-03
-1.54101565530062341e-02 2.50930295550991266e-03
4.69054239311131761e-03 6.98989912067609059e-04
7.53704082591487041e-03 7.22085456978804278e-03
4.35264342728366831e-03 1.46589154322901015e-03
-6.32693447619021940e-03 1.70014753615909601e-03
-9.82247265336827708e-04 2.92781115087055975e-03
1.42496926373272478e-03 4.07037188795561760e-03
2.67025391139847886e-03 2.69502502372153535e-03
4.29911058989170848e-03 -1.27861800384219786e-02
2.41293133148015896e-03 -2.57115664076008324e-03
9.97634805539300215e-03 1.54111433530649700e-02
-7.76842078064028316e-03 2.86841874386119288e-03
1.37670604092668229e-02 -1.20597983156527297e-04
-2.05910939295702753e-03 5.04392003005305761e-03
5.26864028915805145e-03 5.46620514528446764e-03
6.06296491727822354e-03 -4.87940117732934067e-03
5.80943412588572940e-03 8.49949454676457092e-04
6.28588522880121035e-03 -3.47583065484716918e-03
3.27124878156272343e-04 -1.02673455517658316e-03
8.09631134566916183e-03 4.49493944039255390e-03
2.29726641088535445e-03 -6.70393355304768276e-03
3.39200781599439342e-03 -7.01642360947834186e-03
5.37908187893768215e-03 8.20559052133959001e-03
5.71595292334837243e-03 -4.59534101618923763e-03
4.77982319976817411e-03 8.06726790906778018e-04
-1.79457560309319981e-03 1.85308775714847088e-03
5.04879289937212265e-03 -1.08391338137392261e-02
7.43941618151873225e-03 -1.31565049804525502e-03
-5.66384389138139968e-04 2.71166498744944374e-03
-1.20213504606647855e-03 -5.54158069882734056e-04
1.53983132853696865e-03 8.57033909365709055e-05
1.27548197693818407e-04 -7.71358233022203946e-04
2.45332157863587669e-03 5.22079083261494520e-03
-8.21016294257121315e-05 1.83014591143911091e-04
4.92320383079140000e-04 -1.77470243432813614e-03
1.41747256850899978e-03 -5.69118619640014071e-04
-1.68126345152193194e-03 -2.71168042450553592e-03
8.15513771546960003e-03 2.29260941753471522e-04
3.14384428210173609e-04 -4.16593409745905606e-03
1.71227394694024545e-03 1.43912624937758454e-03
1.84034371450553583e-03 5.23686374075868315e-03
3.35403697509775538e-04 4.85007387861104665e-03
8.28504962473283887e-04 1.39166484133847429e-03
-2.82013428951034340e-03 3.26140507205112179e-03
-3.63609602897971501e-03 1.85039262729974922e-03
-2.50560085335128132e-03 2.26222269783068163e-03
3.85624085032183804e-03 -1.14225197115228518e-02
-4.66888223122990400e-04 6.30155421650163347e-03
-1.90071913662929093e-03 2.15370755304588853e-03
2.85723440682714375e-03 5.64021778395455784e-04
1.50520086879599039e-03 -2.58509328936988927e-03
5.22637663478497071e-03 8.33977957388550776e-04
3.51415858981126892e-04 -6.09763713398315220e-03
5.02596913837981361e-03 -1.36493518543880478e-03
1.15221244618093086e-03 1.09503145924752559e-04
-2.84610376676356280e-03 4.14447340302174366e-03
8.59449408549083321e-04 3.38091434723089817e-03
-7.64488444581731363e-04 -5.25059711856248543e-03
5.03588700894776458e-03 6.20090454995287158e-03
5.96958753946882871e-04 3.05353267518993984e-03
7.29068150697574288e-03 2.35668013441427777e-03
1.21524551135902669e-02 1.34434374872273660e-03
3.76891634428952503e-03 -2.18507784864107593e-03
5.70170212215631838e-03 -2.79190277366197928e-03
1.70150108294613527e-04 -4.48073897052186747e-03
3.04834468231866872e-03 -1.07662975043471107e-03
-6.64812485368143635e-03 -2.10038352244216195e-03
-1.96479726443210588e-03 -1.14288344622544288e-04
-5.89428941403474706e-03 1.41731123156222903e-02
-6.22299508008973285e-03 1.85203667056796817e-03
1.25509353511882270e-02 -8.41419671326014765e-03
-2.46104491527540553e-05 -8.72631927959591994e-04
6.13598301491436165e-03 -1.81457238928950403e-03
5.77668519836004382e-03 4.79109971068323107e-03
-2.14224440169960909e-03 -3.78280902675938403e-03
-1.83180026174255273e-04 2.61729360192013497e-03
-4.57612379350533748e-03 -1.26603282698894530e-02
-6.09327708438885574e-04 -5.41401169884255049e-03
1.56353813436840329e-02 4.85860276350070890e-03
7.45650178893818901e-03 1.35963156224570099e-03
4.02897015910675966e-03 8.23951371932336234e-04
3.27249621930226229e-03 -7.63885123849463409e-03
3.76085947365963676e-03 -4.15064988073248452e-03
4.98298317832452081e-03 -4.99160858607373189e-03
6.75237823956522255e-03 6.38333250672779191e-03
5.58722016745987968e-03 -3.04385888291147297e-04
-2.86777379444222609e-03 -5.42144734568148889e-03
2.78987943359215122e-03 -4.42988625905990120e-03
1.30551885223209822e-02 -3.85930861868557509e-03
-2.47718366375363711e-03 -8.98045898084466783e-03
1.18084773600481349e-02 8.33793635935711416e-03
4.41357687529812370e-03 -6.22185076665573555e-03
-3.02427466342765827e-03 -1.93622172434554894e-03
2.44037536412031772e-04 -4.58147880108034176e-03
8.38459176346333275e-03 -1.27441262045638326e-03
-1.87756024474682297e-03 -2.67140388672021823e-03
3.09628608232744387e-04 -2.51674601900723311e-03
2.04785649601891976e-03 1.56797771888168543e-03
6.28627038771400418e-03 -2.53653286037577039e-03
6.43938826318584366e-03 9.26267694435580044e-04
-4.47707757814761180e-04 -7.22633125748347693e-04
7.00254298866646082e-03 2.38705080740204099e-03
4.64445791557666424e-03 1.83353300974119508e-03
-4.27140633280110281e-03 7.15232969962426458e-03
5.00602503479203893e-03 -2.63911030812653564e-03
1.35396914662035280e-03 -2.01084473034556475e-03
-9.87370323207422415e-04 5.78006409892220258e-03
3.62940976128178305e-04 -3.79578361677967253e-03
1.01629877563156803e-02 -4.72451692503054761e-03
8.05597105745720944e-03 -4.43967508498054574e-03
1.82589552079362276e-03 1.07760696073874573e-02
2.18385252149144509e-03 7.37869470743337044e-03
7.21597264239167823e-03 -1.39615379125926755e-03
8.07731018898355350e-03 -6.28509047954526126e-03
8.24107574168584864e-03 3.98307489276163423e-03
2.85197371482595954e-03 3.19513186457044251e-03
5.79698137238994320e-03 1.90286544539810783e-03
4.36883620904448232e-03 2.87334758284471178e-03
-1.12535802398696164e-03 1.89981658460287579e-03
8.96954624268661918e-03 -6.13872156492996628e-04
5.80309590179651277e-03 9.58620775359024361e-04
5.73493493681805598e-03 7.03364521246021591e-03
-1.37371144348822803e-03 1.92127584462838119e-03
9.43931310951548301e-03 7.90061036746855620e-03
7.25480509088845694e-03 -1.14457221753752549e-03
3.31134012377938200e-03 1.20425390672232336e-02
7.36390050239558482e-03 7.10690437706471782e-03
5.03206972945298078e-03 -3.06691926218026489e-03
-5.37783522402177430e-03 4.91846689493447248e-04
-3.52491385449894487e-03 -3.71780912059286456e-03
1.08421801379596661e-02 1.10658630931582819e-02
-3.64124473487986537e-03 -3.64577491961999773e-04
8.57416887876032152e-03 -8.77291213130739281e-03
3.68337327373005445e-03 6.43328258422533675e-03
2.05456139698121081e-03 1.28723952375292983e-02
1.60369345606706324e-03 2.47189960480635523e-03
4.51994016915148889e-03 -4.10552137328998746e-03
-9.17260276815449289e-04 -6.38186312136435757e-03
4.01414291729838477e-04 4.85125772325700842e-03
5.15539723819810050e-04 -3.81561344725320304e-03
9.82398989379317314e-03 1.06098766159746141e-02
-3.01939341716848378e-03 7.80284505552764074e-03
-6.31333431443703401e-03 9.92732887661476084e-03
1.24643212994627510e-03 -6.26503399808972950e-03
4.09501188501364827e-03 4.19340172674819312e-03
-3.23972087848887054e-05 -4.48106929359266305e-03
7.09938319362766850e-03 2.19614269488736455e-03
2.60830647056193481e-03 -2.53435626040090069e-03
4.82397855698082998e-03 -4.23594282939616928e-03
5.60822169259357801e-03 1.64456209146307043e-04
5.99532473768403171e-03 5.74021369647629534e-04
1.08212324261728211e-02 4.16311012653818686e-04
6.98617061244591765e-03 1.39053546393136081e-03
4.74782906353569609e-03 -4.95025718794718950e-03
1.08176771946446575e-02 6.83099734197541598e-03
7.64900942704544763e-03 -1.38547648015329003e-03
-1.67934967387092234e-04 1.41992580204735892e-04
2.10093891454505048e-03 8.25245325272755056e-03
-6.18164680761405187e-03 -1.28281621184903266e-03
2.82129484509409476e-03 -1.41768366348218031e-03
-2.39729200005475745e-04 1.82102943980570184e-04
-7.49169595830237196e-04 -5.59953407073069710e-03
1.29112131037691785e-02 -1.16758983482487234e-03
-2.90115492099568247e-03 -2.92566742660882407e-03
6.19143098092681931e-03 -4.18163067750265682e-03
4.68851320307728942e-03 1.24524346987624278e-03
3.53921559053504151e-03 7.92075995817064990e-03
1.04528544274498886e-03 2.35535577594914256e-03
4.39834267225638377e-03 -1.17788641941207924e-03
-1.40749520481715448e-03 2.40216648087249575e-03
9.27978936825286926e-03 7.96082759098244892e-03
4.23886945072095983e-03 1.98949890519402534e-03
6.90687780899745894e-03 4.52007767145882686e-03
-2.61054971285953202e-03 -3.65081404326190280e-03
7.83797538549944536e-03 1.27777712067686706e-03
2.03734741466922616e-03 3.68962237293533630e-03
-4.21932680380218065e-04 8.77775913210546675e-03
2.61520557986624031e-03 9.09885959933147219e-04
4.49566981411652147e-03 -1.00753061358327903e-02
-1.61351326052898403e-03 -7.58097123474803670e-03
6.92069470805659450e-04 -3.25060756669925260e-03
1.83916413003236163e-04 4.37748494729513389e-03
8.35778457373585575e-03 1.31330249080732742e-03
4.41348951759651734e-03 2.84504553575978380e-03
-1.88362492233237018e-03 3.75109444972834827e-03
6.79634588155834853e-03 3.34060739397531927e-04
9.05012133244178195e-03 7.58926989087584341e-04
5.66994402576042646e-03 5.43526350225484716e-03
1.22676810516171783e-02 -3.59320255954322055e-03
-2.20849765573696106e-03 4.32015397701446258e-03
3.95945097067558916e-03 8.38932249946752257e-05
3.08194077481770004e-03 9.90500057732429141e-04
-1.65973309198286754e-03 6.65536283652890057e-03
-5.16818713994643300e-04 -1.34447846919385290e-03
7.17306775154403272e-03 2.40379199765665711e-03
7.77828093390751495e-03 2.46106343487544413e-03
-6.21908522788035614e-03 5.03229184629322163e-03
7.07491572028236086e-03 -6.12748138656773415e-03
9.00789489267824622e-03 9.41426075788604107e-03
4.70131550165046874e-03 -1.33487395778464075e-03
-2.99255982789690261e-03 -7.81302861858814129e-04
-5.31635746601394604e-03 -8.33672398469539021e-03
7.99302583720712043e-03 1.87060817911051183e-02
-7.29244818544784283e-03 -8.20408065421723148e-03
1.14527608514636715e-02 1.17313746704962021e-03
1.33087887269732336e-02 4.31900241600864047e-03
-5.98044782424099475e-03 1.66298688172288427e-02
4.95233486437179383e-03 6.66594214278170573e-04
4.67348292070674919e-03 -5.88059123356419241e-03
1.16969719460960158e-03 -2.15130836257209471e-05
6.16207518679134664e-03 8.92068705147791574e-03
4.43775724054898163e-04 -3.24477372511469816e-03
8.83603843776571240e-04 5.82354413370398533e-03
-7.99883130616083852e-04 -3.17912605293866387e-03
7.31526305947402967e-03 1.33126025298177021e-03
4.12031345570864488e-03 -3.04961199939279880e-03
6.23269784904892724e-03 8.91745526340379131e-03
4.98702698677576731e-03 -7.44307725239277745e-04
5.80239873604539592e-04 1.00638532903135642e-02
2.97894361705241043e-03 7.63463099255802698e-03
-1.72140343906212144e-04 -2.66146804568592483e-03
-6.57842198068675239e-04 -8.33496241449630665e-04
5.53723985970998658e-03 7.36902758982171599e-03
-3.25814760319406488e-03 -5.63311393152721076e-03
9.21399637765207315e-03 1.97340824320615298e-03
3.48541811361194375e-03 -3.98111713885954620e-04
7.66127800219444655e-03 1.08211800914618569e-02
3.10952740611354249e-03 2.99845832285738478e-03
6.28956786396814901e-03 3.28300764746281915e-03
-2.39173838901015381e-04 2.75210305759556644e-03
-2.56324471737722024e-03 7.31359875192135172e-03
6.80955636002788210e-03 1.76682437421994676e-04
5.76242905182930074e-03 1.55623290464831205e-03
1.69174394996465024e-03 -8.89758000913576028e-03
1.42538604102713422e-03 1.04416487423655228e-02
-2.49625446580564389e-03 -1.75600952482033010e-05
6.32436242692005750e-03 4.09197144391311169e-04
-1.81272773877357300e-03 2.17300605510932802e-03
-5.26432564778436807e-03 1.80062882569530340e-02
-6.25944145133978751e-04 3.97773801809072291e-04
-3.09890370453411515e-03 -4.86166352036287216e-03
-1.68530317396142033e-03 -1.66863959351578987e-03
1.73682733236322460e-02 1.51346046911835109e-02
7.81515218408398819e-03 7.34731099065692988e-03
2.21214664850231078e-03 -9.44971712252791647e-03
4.84691545766252271e-03 -1.08584590531349517e-03
4.60312775107609047e-03 7.85053659477291839e-03
7.13148233699309464e-03 2.36938231888269343e-03
9.37433872015233476e-03 6.13326491619102434e-03
3.76138667865161605e-03 5.82909079749491243e-03
-6.48419072539419201e-05 6.12238121118306722e-03
-1.43071757355584564e-04 -6.30572852472105309e-04
3.84139236167700942e-03 9.78421279941700875e-03
5.03652249949803048e-03 -1.46821156066362737e-03
1.24110817229797850e-03 1.07742708684251311e-02
1.42230375110695612e-03 2.52197407501270846e-03
-2.13477196682090891e-04 -4.11544418455413522e-03
1.73822987656138649e-02 -7.84124510026858526e-03
-5.80097671050333000e-03 1.96607681676778077e-02
-8.31975860725494426e-03 -1.06431469086292457e-02
1.34493194468086191e-02 4.37969472758050534e-03
1.97921368051127587e-03 4.17939733755218115e-03
-1.34860102069926354e-03 9.89974288299606993e-03
-6.71708059131048869e-03 -8.17831111495439383e-03
1.14786856983731499e-02 1.50375841236067200e-02
9.60820569138401762e-03 1.33234286097742901e-02
-4.44405540032280933e-03 9.60575306441797602e-03
1.60287497637206164e-02 9.65481296603739464e-03
-8.02432898395100125e-03 1.23798303766522004e-02
3.86325358960298024e-03 -1.55231318189377851e-03
-2.58664595040625708e-02 5.24056778931290389e-03
4.59441109437094559e-03 6.97231794565815032e-04
9.48026837426145866e-03 3.13031980039412371e-03
6.63377159516000733e-03 3.70737556448167511e-03
7.72021362208621421e-03 1.87821721664376278e-03
4.71045076008483245e-03 5.68440962106768217e-03
1.85946066397754944e-03 -5.87587171232410027e-03
2.49612161947545576e-03 1.46639663320385590e-03
-5.37856255319458468e-04 9.99832674613237993e-03
4.72995933976193793e-03 4.15746371246090377e-03
2.12615070090910142e-03 2.04539933370062772e-03
3.30533831794342647e-03 -7.59270191139184685e-03
3.24346203017262516e-03 -3.42306222728575070e-03
8.19075869466065129e-03 2.05879060268179901e-03
4.85398002790781661e-03 -2.04137468787139644e-03
1.86620019676578264e-03 -9.66658370707216023e-04
1.24829056591132712e-03 2.53457545705366083e-03
-4.69892077598567945e-04 1.28909453277744196e-02
-4.26053735048589118e-03 4.09718092343231994e-03
3.98169907655759121e-04 -9.55719929965527385e-04
2.83323019362120929e-03 2.78682891482048573e-03
1.61308286548071883e-03 -8.66927435856513183e-04
3.12543962422773920e-03 -8.50749751954362095e-03
-4.64138100452153547e-04 3.24963127812538449e-03
6.43513176305407410e-04 -2.31684155411855143e-03
-2.06197330992218068e-04 2.02245425607949043e-03
2.26115321056541722e-03 5.18235143058910167e-03
-5.52088571628874799e-05 -1.17961546913512481e-03
-2.47530033864164657e-03 2.06377893652367680e-03
2.82353541310446715e-03 3.67155539675757814e-03
-3.39455145962509828e-04 3.54351202311937530e-03
1.82309206203936747e-03 2.03576265769590727e-03
-8.58533526088583326e-03 -8.11932387297983308e-04
-8.07088358861887656e-04 7.22464749681648102e-03
8.23103712426144388e-04 6.61412620512281425e-04
9.73168552268403354e-03 6.77324979426892088e-03
1.80657695378799027e-03 3.35145614831204282e-03
2.04017675118760029e-03 -1.78639207308591724e-03
5.68216466019935522e-03 -5.22510259314182442e-03
9.90497647497286596e-04 3.11468408591104385e-03
-5.78736487417873171e-03 3.51014466748607019e-05
-1.95309208361997772e-03 6.66248284136851648e-03
-1.62684068780628638e-03 3.92120178089846311e-03
4.83078248025176332e-03 1.79657604749467728e-03
5.93308260247034109e-03 -4.19117503520665801e-03
6.21507758061784553e-04 5.31569970330310251e-03
2.97725015589495826e-03 -2.43270461548659132e-03
3.49708565965827270e-05 5.15083217024708655e-03
3.10152345642388015e-03 4.04837758358311210e-03
2.87145492834483401e-03 -6.38773895805748568e-05
-6.45012309153167405e-03 -4.55117099816418434e-03
1.11899866837976078e-03 4.37152651246908597e-03
-1.37715940711266040e-03 -4.28889335764079388e-05
-2.95415879469062420e-03 -9.06839069990662133e-04
3.04273428050148799e-03 -1.39520319845266123e-03
5.74965037063331335e-03 -4.50541003040993548e-03
1.22829929592755752e-02 3.22374611508628771e-03
5.61726760300105122e-04 -6.38550511089469456e-04
1.39877287714124565e-03 3.49171169490174920e-03
1.33790601282950655e-02 3.88472101444771456e-03
-9.07358484847306697e-03 -9.37926226811460970e-03
-1.98318494728384352e-04 -6.68204621802181986e-03
-5.93255839321618454e-03 -2.97317351931787122e-03
3.35307780650837732e-03 -1.49028355223176142e-03
1.12264697029875200e-02 -2.70772822308554002e-03
8.56819089506424651e-03 7.90194184168362471e-03
7.75081840219177254e-03 -8.32913848672511836e-04
7.22531978996964180e-03 4.21778767893572163e-03
4.06454408447632243e-03 3.12116252910699197e-03
2.78744204080405480e-03 5.59333141363982551e-03
-2.66862475166361772e-03 9.94523023599219042e-03
7.37374169291794054e-03 -1.12957568270983990e-03
-4.31655545372489242e-03 -1.97899354982520930e-03
5.52252660313632196e-03 -3.93101631013129550e-03
-5.89352001326790584e-04 -3.01242393656977765e-03
-3.90197033603791521e-03 2.74991759154098129e-04
5.57167935432196799e-03 -3.74549271517937796e-03
3.61254561915602635e-03 7.97859446754581401e-04
1.07859920976316362e-03 7.77576463011901003e-03
-4.18798411898515036e-03 7.42591839399957005e-03
6.19759454942999440e-03 -1.08573264405767509e-03
7.16821331006317966e-03 -5.23485065080384580e-03
6.01656738020794717e-03 -1.01718893000529308e-03
-2.99855522276033098e-04 2.03200967675388989e-03
8.13680616991301585e-03 1.51721982810887335e-03
-1.23777928235255306e-03 -1.37201892577652100e-03
1.09974456448298498e-04 1.69539453926526897e-03
3.59982022803885743e-03 -8.22959578717983968e-03
-1.65566168852928730e-04 1.46824816706801883e-03
1.79565318365738002e-03 3.70845410498838466e-03
-2.78629106970930407e-03 -3.88736995843593901e-03
6.13286680933249669e-03 2.74579003619357083e-03
1.16675337372851868e-02 1.05669255620135225e-03
1.15835825522078131e-03 -3.63314201238001174e-03
4.66631018458091122e-03 6.62055485357492332e-05
6.52199231454991552e-03 -1.28530903964443606e-03
6.96672373929493449e-03 6.66976953160449641e-03
9.11763516726226894e-03 3.56597918409621390e-03
3.26768368826605912e-03 -7.74543639105267881e-04
8.15941619776281747e-03 -2.00652469273515892e-06
9.36029752951100108e-03 2.12561921616110386e-04
1.29994767971442393e-03 6.89290778424433287e-03
-2.00577123219582371e-03 -4.53766171018172692e-03
6.83258471685474836e-03 1.81702811666636390e-03
1.00261503566432533e-03 6.11665016603896378e-04
8.17452577548944369e-03 3.87067941775674686e-03
1.15863449228776044e-02 -1.50158138495042103e-03
6.39983581749670009e-03 3.21025581401859729e-03
2.27956331252395904e-03 8.01813527747322410e-03
3.59646661360643735e-03 3.38825091811380003e-03
-5.86107332875031826e-03 2.55709354462973224e-03
1.26705698370300959e-02 -3.92984372234839066e-04
3.98694259296358475e-03 -4.95144839302007222e-04
-4.06518341321608981e-03 -3.02526155898401707e-03
-4.69941954359019178e-03 9.63337953123205126e-04
-4.27149184650410779e-03 -1.10112021719759512e-03
1.32871077358483313e-02 4.72542482351003337e-03
4.48449398272147796e-03 -4.75898468807381750e-03
1.41330533279425269e-02 3.35516595659986119e-03
1.16785008956743087e-02 1.06212367517308816e-02
8.97200950165190684e-04 -3.87199846128996302e-03
-1.41598158977417348e-03 6.31714152189557458e-03
8.46989047521473637e-03 -7.37225495580078136e-03
-4.74496157418417309e-03 -7.55572008782066321e-03
6.90194186269808916e-03 7.54533528478186413e-03
7.30332215216861810e-03 4.11265944206107032e-03
6.55839800623532650e-03 7.62693848696549396e-04
1.57143915558059745e-03 1.14504211555921023e-02
9.71749526096244223e-03 1.26735718512813629e-02
4.74904752343849757e-03 5.41869015864377291e-03
8.98185383432560137e-03 2.46879083483619605e-03
3.02917949670409746e-03 4.25687385579414865e-03
3.12135154327758402e-03 3.66637954321467159e-03
2.12792288793410469e-03 1.73102341371926191e-03
3.68377262564606456e-03 -4.49069865508896614e-03
-1.77565171656305829e-03 -6.71509320839724293e-04
-2.82588982560715279e-03 -2.28472852313212971e-04
7.92241958691546413e-03 9.13586292728070276e-04
8.91120295014268329e-03 2.51610007495789087e-03
3.57620373212395393e-03 1.43897438914411925e-03
-7.91885134754211355e-04 -2.08306749788940585e-05
6.71624888106392252e-03 -2.26929799078535131e-03
4.12846368531575398e-04 5.03263624618447303e-03
2.30312336405061237e-03 -1.55073488763159730e-04
-5.67187577275277219e-03 2.05173127149337617e-03
3.36805219537396902e-03 4.19264400988261874e-03
5.93516876267214787e-03 4.51233445455853123e-03
7.08654672338960082e-03 4.18656077649671478e-03
9.20942297380779665e-03 8.03328168948466703e-03
6.95196585200413440e-04 -8.76652799351913641e-03
6.40866314549932720e-03 5.16504246965080252e-03
-2.27166891163593657e-03 -2.95289258684346178e-03
3.65934836351259132e-03 -2.19371209641232106e-04
2.25786318976133092e-03 1.82265628860986948e-03
9.73740477745109814e-03 -1.66740593915693956e-03
-7.87698329657797675e-04 3.02122108151417360e-03
1.07294943679647065e-02 9.26652871277398697e-03
-2.94776555016744381e-04 1.24908486024230526e-03
1.32034088630970828e-03 -3.45244869494252312e-03
1.65794797568518467e-03 -8.40896741022542811e-03
2.64454620303776087e-03 -8.15134740541130173e-04
2.51312012383166777e-03 1.20097842272334277e-03
2.52038196766933001e-03 -2.99438139701038459e-03
9.54683670362255557e-03 2.72248450766349962e-03
4.49736670553019420e-03 3.61709004723850596e-03
8.57202145353200555e-04 -2.16180856142747513e-03
5.54450480358830312e-03 -2.95884066770837157e-03
2.27691644825580870e-03 -1.55094943978637402e-03
5.85578902652192194e-03 3.65546106565632677e-03
7.12181187713273323e-03 -2.20682616166642184e-03
4.92365294471434900e-03 1.08243296638183757e-04
-9.85010283553676338e-04 2.90780714553439280e-03
1.54527598688075866e-02 4.62658853260763947e-03
6.20792429703139262e-03 3.15698805068008893e-03
1.20016218659452245e-03 1.86961732163553685e-03
1.19943554889586149e-03 6.97687187117550190e-04
-5.77697574111600207e-03 -6.83774093469333676e-03
1.86095987302016346e-03 -2.30749118420026924e-03
-8.25251223904659723e-04 1.30464974354962634e-03
-3.60683741445845627e-04 -5.83064607660615641e-03
-1.62567900415539336e-03 3.82626377857376654e-03
-1.32254351555122023e-03 4.78266759912874208e-05
-2.45579465534163683e-04 1.52421119335922092e-03
1.11370109321776781e-02 1.41678647872185758e-04
1.78561215775282492e-03 3.46074825477971732e-03
-3.31284553899412757e-03 -1.01570340786457849e-02
-3.71375379113409029e-03 8.89291330891794039e-03
-9.03883489568897691e-03 -2.51800605938052669e-03
1.97393687847745476e-02 1.41052038433362829e-02
8.18052450032738347e-03 -2.03367443952784431e-03
5.78295659426267435e-03 -2.14916916679883498e-03
7.83413759030795152e-03 1.18345714940835678e-02
3.35707484388950974e-03 -4.68066196925632713e-03
5.30484570585778702e-03 -7.11991933721511385e-04
5.76135209890558074e-03 4.58458424338571875e-03
-8.57877141164361721e-04 1.20523169783671460e-03
-1.18298583207151293e-03 -1.01848776649057855e-04
3.02472043821313250e-04 1.70879271630208188e-03
-1.68868792191760033e-03 4.24645144278265781e-03
7.16484829937490391e-03 -4.90152012149203033e-03
2.03753301713804945e-03 -1.42117070946819191e-03
6.21844805222828388e-03 5.35969415046496376e-04
2.86246267788638686e-03 6.58084930459404329e-03
3.45220052376462401e-03 -1.83763478100221612e-03
2.99986554751217188e-03 7.06948298379654529e-04
3.23356098393533979e-03 2.48044420760163515e-03
-9.90356785886270345e-03 4.25774805752584216e-03
4.05995997254318848e-03 1.46770560970480111e-03
1.09225839905707500e-02 1.88831378939871954e-03
1.05712086169865919e-03 -3.36543558756892663e-03
5.72817157388779644e-03 7.47068526190637107e-03
4.20226002277235885e-03 -1.05244588800656818e-03
4.58509070413156122e-03 6.09657319343496172e-03
-1.36413183615298472e-03 8.04638048318876732e-03
3.38938306214641967e-03 -6.26277183256832883e-03
5.32155876185708750e-03 2.38837981197613427e-03
6.00360060601509357e-03 -2.21278675537431519e-03
6.03685805590163053e-03 1.71137907285797970e-03
7.20065303214317918e-03 5.25069564457272039e-03
-4.64387752092962434e-03 -5.95229490628166116e-03
4.43796011443732801e-03 5.73255091950990864e-03
2.04128826726841014e-03 -1.44528334685082660e-03
-5.53057018626296974e-03 2.84967436711863677e-04
-2.56064542504118634e-04 4.88524701572977393e-03
-2.85369078600392111e-03 6.56749520989834915e-03
2.08233495569140397e-03 -2.51814648902552686e-03
-2.32601191552690148e-03 1.84466230430252107e-03
4.24244441307031640e-03 7.10550760056772104e-03
1.73611100128219890e-02 5.41773776597927279e-03
-2.29827228342487609e-03 4.79090181301035974e-03
-6.26784900683019291e-04 2.44916101746810774e-03
1.14495252420297542e-02 9.78287499114239732e-04
6.73987761564232186e-03 1.61333435573988884e-03
3.62800704778903395e-03 2.28731628767930894e-03
1.42904950953272360e-02 4.16589694836544400e-03
-1.88397268422555754e-04 -1.73907142320045929e-03
1.68267524029445400e-04 8.92256277994390654e-03
-3.90086577773367032e-03 1.61972499360107870e-03
1.50886595824092809e-03 -1.40926356934023972e-02
8.06077005137479860e-03 3.06628630567768899e-03
1.08735782628029262e-03 1.47942358352028298e-02
1.74291471488672851e-03 5.17800260556748083e-03
-5.10830276501533873e-03 -3.93412617602271596e-03
2.23699158484468204e-03 -2.09402544763523325e-04
1.92321405313858416e-03 1.57368104869813168e-02
3.94518727847951913e-03 -7.26513688354400462e-03
1.13261522402742162e-02 1.02663258242138150e-03
3.56313584998313275e-03 1.03054743947329185e-02
-2.83428844507696738e-03 1.69227354331218591e-02
-5.25088091175603903e-03 -3.71770539770326048e-03
1.33298738197959489e-02 8.77201039287119760e-03
9.71655338307856470e-03 1.17553980351575073e-02
-5.16019090398908697e-03 -2.83380464567840884e-03
4.26176069462715166e-03 1.10298345372552911e-02
8.69175529061324940e-03 -4.88634043575082808e-03
6.70338829966609512e-03 2.74220902942698972e-03
-2.48858004319852458e-02 1.99848156972945515e-02
6.64726817824147758e-03 5.48742293989700619e-03
7.92478749561453810e-03 -1.03433623008397093e-04
5.37520905092093732e-03 2.24462651347270072e-04
2.02575686149034616e-03 -8.37856740432382611e-04
4.77713841451371697e-03 7.66126003154736068e-03
2.88260972584311170e-03 1.01274948057421075e-02
6.82475564874223967e-03 1.88234714412366345e-03
1.97979925363730557e-03 5.73970032974406141e-03
7.32931761952718835e-03 -5.15416741222431921e-03
2.66473031705595931e-03 -2.38421938777419115e-03
1.59061743459752245e-05 -6.34484117732093521e-03
-1.37006404142799043e-03 -4.23248277472706644e-03
6.93610371884311513e-03 9.45503603935733336e-03
-4.23662621000644134e-03 8.57398730917694786e-03
-2.50536226194590997e-03 2.00949834548516063e-03
1.42215885982214661e-03 2.54652867930010808e-04
2.30433136008096912e-03 8.56629926919909648e-03
6.02240529211633523e-03 6.15083762097490169e-05
7.80185907853136237e-03 -9.16133574865287716e-03
1.10902873147781349e-02 3.07469061044313152e-03
8.62975528605040669e-03 -1.41907715318700446e-03
-4.93772835999908908e-04 -3.74531536450407963e-03
3.85149017765878780e-03 1.34185995484670901e-03
1.85508769230617382e-03 4.42791025303777299e-04
8.81690377133408456e-04 5.64691189180167689e-03
-1.06719021887596919e-03 -5.90313680409382344e-03
3.67383241265014380e-03 -6.93721776683692629e-04
5.80241510650523779e-03 -5.76089726980343986e-04
-3.23768855460146139e-03 -2.22425068502669996e-03
4.22972863016655206e-03 -3.63802961324346955e-03
3.34433433391304101e-04 7.34547488284797295e-03
1.02103268793485406e-02 1.98004982552265436e-03
-1.17664901545238231e-03 3.69646383915086217e-03
5.27205378682149041e-03 7.08069091032779920e-04
1.21834831378063533e-02 -2.72962513222081661e-03
1.19634182319482123e-02 -4.63282718128081930e-04
-8.46753608804258094e-04 7.67103735783156420e-03
3.75395123945099305e-03 -5.82377013558113468e-03
3.19262350279604515e-03 2.80197244891955844e-03
-5.99324458312833035e-03 -7.94590083870182684e-04
7.30474666629038743e-03 7.45947292193655832e-03
1.59607184239986474e-02 5.68130831259213657e-03
7.42812295810112069e-03 -2.61793422563925612e-03
1.70177809443419433e-03 4.67669688919762280e-03
6.54859145413294076e-03 1.09358571031372923e-02
1.99615686323215613e-03 -6.96478349753222202e-04
7.29625273605234411e-04 2.24758848865862053e-03
1.22092916641317918e-02 -3.09370339703928399e-03
8.00095526527806050e-03 -2.88114887914959301e-03
1.75907938591413158e-03 4.10773084711095124e-03
4.16978433122650472e-03 3.31091576021204717e-03
6.57138806257167966e-03 -2.57514631599992669e-03
1.10110904112666486e-02 4.05874107779389387e-04
8.04275381122357934e-03 -3.27384390917368493e-03
1.02231651998074425e-02 2.62032067060354252e-03
1.00799325298083203e-02 7.33800535130042526e-03
-8.86700440047722728e-03 2.05306184148544698e-03
2.67912722177583414e-03 1.35138036527828018e-03
-3.45412853200659795e-03 3.44030380172305169e-03
1.00713697734879822e-02 -3.08277578148257380e-03
6.22482356058035816e-03 2.01578519301907205e-03
1.16738325757487424e-02 5.08895659518766082e-03
9.69340895544673620e-03 8.43961335596637822e-03
-3.35508029776229342e-03 2.21113693804166275e-02
4.61145639274200981e-03 -1.09719138145019735e-03
2.41207197522112565e-03 3.54993259882642638e-03
2.90628535033266413e-03 -2.65444053797905160e-03
1.09678105863863910e-03 -4.79168254608063071e-04
7.81223203488558542e-03 6.98281390584146958e-03
3.13051343816883425e-03 7.58302436376415059e-03
6.23989348127656010e-03 1.52336248031017911e-04
2.08865489064561771e-03 -4.38850983705913605e-03
9.67972324820333754e-03 -3.92061043335705395e-03
3.71276822473315784e-03 -1.42422070242859545e-03
9.12525946151230140e-04 1.43775334748258063e-03
3.70011347800974517e-03 1.12597400394588926e-03
6.71026483246169123e-03 3.60548326513350200e-03
1.68457876726646645e-03 2.71078046988095552e-04
7.70501571714699105e-03 -2.70975374827689018e-03
9.35177697036051851e-03 5.84243501094752933e-03
5.81671151509599495e-03 -7.78418861323567322e-03
1.00085062182241214e-02 1.26729010746415142e-03
3.32852207454943476e-03 1.06237827803080855e-02
7.70719741489323418e-03 5.56889783465345720e-03
2.97891948942657090e-03 4.18125896772175289e-05
-3.47139383124218416e-03 -1.54349215524495864e-03
-1.53241414026040090e-03 -9.09774002969642565e-04
1.25679678809409705e-02 9.15801887063857553e-03
1.18242609774975912e-03 5.11571995855182420e-03
1.21855367256467964e-02 2.58118518400705878e-04
5.82525918190776528e-04 -1.29033524352096629e-03
6.67364791951857651e-04 1.17321690367773873e-02
6.16572994203284388e-04 1.28617956701234867e-03
1.04140405629168896e-02 6.99078507221055634e-03
-2.29211480189423595e-03 -4.34729003469510895e-03
-1.46167787611832333e-04 1.15303557139724514e-02
5.87256560966221020e-03 -1.74226372260410792e-04
1.05646669854308657e-02 4.93836108929963588e-03
3.84174416748803886e-03 4.15234467172004990e-03
2.95597308024569136e-03 4.46943182516010892e-03
-4.05931723559178892e-03 1.02623276182676262e-02
-1.87094825228031740e-03 5.53358884489177534e-03
6.27289958976518479e-03 9.57297260005323183e-03
1.05501955240777656e-02 4.44973600671122980e-03
1.07287996475587972e-02 4.27102626482595178e-03
2.87264734329798930e-03 3.44755661508248760e-03
5.55639382532831586e-03 5.73331988056435902e-03
4.53676996086502943e-03 4.15857689882613828e-03
5.46962670162846280e-03 1.06910337694739628e-02
1.13743998059015663e-02 1.35379230438236742e-02
-1.98055410588091627e-03 6.34300982396004791e-03
-4.84789574528587171e-03 1.75136462414866093e-02
4.65580637756321091e-03 2.28808619725168931e-03
2.32660383339942326e-03 -5.00658389433175036e-03
7.13118384837984221e-03 -5.47866380603781716e-03
-4.31511104142362923e-03 1.04341248902919508e-02
8.90448520664719086e-03 6.73091383025230944e-03
1.09187569752880031e-02 4.90869901823810968e-03
9.25797644683134732e-03 1.09070822554423932e-02
-1.14559767951457944e-02 1.74396791595011237e-02
-4.51651892443769108e-03 -2.09698135256076567e-03
8.76177780072290129e-03 7.32489595390304650e-03
8.30996561940983147e-03 3.67650773685563150e-03
-2.06284276458653607e-03 8.86774865598742579e-03
1.26271041638308136e-02 1.42960158500467227e-02
-6.83829779171649544e-03 2.32077839516002006e-02
2.46764961411789861e-03 2.08004614436369251e-02
-3.05952526570543483e-02 6.46482636296909132e-03
5.87706889476741733e-03 1.92811300222891428e-03
7.27466059614696996e-03 6.48981919507266958e-04
2.93474704719952004e-03 6.29503397133319184e-04
1.68503159690111949e-03 -1.27441426849918900e-03
-1.08429307975172655e-03 1.18916211100168149e-03
6.56128832859724162e-03 5.10864711510421871e-03
-1.70245516570717201e-03 2.01159266421012308e-03
-1.83033386924402936e-03 3.06779572583852590e-03
5.85977890897424868e-03 -1.28180882373435043e-03
9.18169689193792417e-03 8.31080141852884487e-03
2.87839938279844986e-03 1.30215003709116756e-03
8.77010302844196711e-03 4.44786132758856608e-04
3.80276710115690043e-03 1.53299795304353195e-02
-6.20772015249681955e-04 8.08050568666940708e-03
3.29743020231289480e-03 2.68903804023961366e-03
6.48344864759980554e-04 -1.23625613115606607e-03
3.59175066641909038e-03 -3.02868813585050519e-03
9.47794413329239825e-03 8.74452630183606902e-03
5.96153728781579663e-03 3.84566367661311756e-03
5.38165522540403219e-03 1.00687659582841867e-02
4.05540622507983770e-03 -2.08004918878208550e-03
5.01070403821634279e-03 6.56562236772596699e-03
7.01037126601708124e-03 -1.36387508500509656e-03
7.74429464382171153e-04 -3.63222440732744204e-03
1.51636268296799475e-02 -3.91852923214670336e-03
1.11744715797879157e-02 1.01599782089227802e-02
3.67858842734649239e-03 4.55503907954186125e-03
6.49611871141553450e-03 1.26095700983447582e-02
4.73454583555466945e-03 -2.86464882696801102e-03
-1.80628319902157168e-03 -1.81112181832648053e-03
-6.68800578246268439e-03 -8.05837248944039471e-06
7.95411326495754599e-03 9.36647123870057094e-03
2.74626973536776708e-03 -1.13541202875210544e-03
7.02150990415656082e-03 4.01994544189471573e-03
9.43741059106869358e-04 3.62391491311246563e-03
1.52316045215929678e-02 1.10161074150159893e-02
4.90444799657852211e-03 8.07305023611321060e-03
-6.22497865696368716e-04 6.15103582768977437e-03
5.85061651485971595e-03 -2.59558995708495700e-03
-4.59998925602933019e-03 4.14991454610658377e-03
9.30380189139292171e-03 2.38832551096750746e-04
6.70348473915647128e-03 1.19296134438583792e-02
7.25441317309986726e-03 9.22793667654562243e-03
-4.62691649718819428e-03 1.03981067951805835e-02
3.49917054217236626e-03 5.69729447650310552e-03
3.67257502744974861e-03 4.84326132356278482e-03
4.11097028826102294e-03 3.54075230726319740e-03
6.59501610711343833e-03 1.53966155133659008e-02
8.02754525125906268e-03 -1.79125634583191342e-03
-7.12833418137538005e-03 5.54446154678695999e-03
1.52960418911613303e-05 3.22412015697585074e-03
6.37006616438320905e-03 5.76285392601266246e-03
8.72968866575336670e-03 2.91494363216322728e-03
1.98102483098399479e-03 5.08438744307546748e-04
2.76985202407417077e-03 1.22245572707337536e-02
8.31089881689290808e-03 4.36019746138584414e-03
4.00838987897586627e-03 7.84009523268836862e-03
4.17793086643499390e-03 -3.54128197642062303e-03
2.25080351365662592e-03 -7.06228410191252860e-04
-1.08837939155310981e-02 4.08582601940095640e-03
3.61833609888085337e-03 1.47396077921808956e-02
8.83963084947116985e-03 1.32971428898430513e-02
9.32178505732012865e-03 -2.40782768964855698e-03
-5.41938699784570970e-03 2.26150823265537856e-02
2.20388363427875909e-03 7.39771542913874366e-03
2.35704479186110748e-03 -2.83028431241932931e-03
2.08088811142494081e-03 2.89169096887467378e-03
4.26981376106978176e-03 -2.91766530936345126e-04
-9.73170260412538872e-05 -4.86710707331216089e-03
-3.95592500394466740e-03 3.02905285906250469e-03
-5.49422656892675949e-03 4.61892077782173876e-03
1.86976828898476055e-02 -2.04724392467673343e-03
5.59495694653162207e-03 2.98665908449300766e-03
1.08446485327016937e-02 6.75173186297095464e-03
1.49004057774663871e-03 6.22062925969055647e-03
7.74234903237781499e-04 2.75484917222314132e-03
6.89250447769139017e-04 5.19694690706600914e-03
3.63383171538425457e-03 1.18398620605711011e-03
5.00239129157979603e-03 -7.43872367307720547e-03
4.70960784001524680e-03 1.22265217840456415e-02
1.18089030332114119e-02 -7.36057108041358659e-04
3.47629482847461703e-03 1.41738867836685885e-02
-4.49197284204179426e-03 -2.15582510226502858e-03
6.46435656456518289e-03 3.53628060082022576e-03
5.80885183332328480e-03 2.37211297915637583e-04
-2.45769639791723008e-03 1.73255410905837244e-03
7.58263271042179058e-03 -1.85585274418218339e-03
-5.73082880325454392e-03 1.28834870795839079e-02
9.44084871620660439e-03 8.80513606171498715e-03
-6.42792818690032320e-04 8.58675128950310215e-03
-4.65304634509975442e-03 -3.48712817382042673e-03
-1.71981445978170778e-03 1.42400411724655108e-02
-1.05554582454815658e-02 2.84555692793212215e-03
1.36045953405781374e-02 8.84051071279094020e-03
1.34295776939364515e-02 -2.12448726266631490e-03
-2.79377557792286381e-02 1.89697359225481262e-02
5.34073847785132387e-03 -2.34346602235151495e-03
1.19513342489160224e-02 5.59093392451822605e-03
-2.50575959609429608e-03 -7.26087895557927816e-03
1.39073345734844764e-03 1.24069358444973948e-02
2.13138091143809556e-03 1.32025613157626953e-03
-3.71700310530428480e-03 -9.82686114961421608e-03
1.42946993393799140e-02 -6.01497233386092452e-04
7.65676751732858717e-03 1.50863600517568228e-02
3.92389857504404308e-03 4.32821682596960626e-03
-3.64688920464915608e-03 1.69089298807854650e-02
2.78380650742336916e-03 -1.00744280817668119e-02
1.72972096381832237e-03 1.24022861350139135e-02
7.75695935856735973e-03 -1.76194058820966157e-03
-6.85983779947765392e-03 1.83910801000228032e-02
-1.47831501427995874e-03 1.70165091687074742e-02
-1.98448555997885571e-02 1.51180791988159615e-02
-6.56506148519779001e-04 6.65242389447939439e-03
9.34528162801581859e-03 3.50384365372660375e-05
6.05305474369019318e-03 3.82617817544167677e-03
-7.41464290281968266e-03 -3.75283580671903960e-03
9.42135829808480479e-04 2.12274405159411763e-03
1.07559696796976356e-02 6.43211905804694402e-03
-3.35143057483770551e-03 1.60055846474824806e-02
-2.18530409438632243e-02 2.26941037271856071e-02
1.09421631117321422e-03 2.46711704026601362e-03
-8.82477388173564560e-03 2.67273580568759507e-03
-4.46458257090513299e-03 -2.65016808442765633e-03
2.82577372191418832e-03 1.60128745617965640e-02
8.73666590499074143e-03 6.50054953109559762e-03
-3.72798411531594879e-03 1.72060135819028757e-02
-1.02726862399791247e-02 2.91160746436992489e-02
-4.60091583488061867e-02 -4.11496978142137163e-02
