# n_qubits=14; one amplitude per line: real imag; index = sum_k x_k 2^(n-1-k), qubit 0 = most significant bit
0.00000000000000000e+00 0.00000000000000000e+00
1.22070312499998509e-04 -2.78300919451401912e-05
0.00000000000000000e+00 0.00000000000000000e+00
1.22070312499998753e-04 5.35433415858679071e-04
0.00000000000000000e+00 0.00000000000000000e+00
1.22070312500000298e-04 7.67438434591458368e-05
0.00000000000000000e+00 0.00000000000000000e+00
1.22070312500000786e-04 -1.94167512626340925e-04
0.00000000000000000e+00 0.00000000000000000e+00
1.22070312500001437e-04 2.07715446845755106e-05
0.00000000000000000e+00 0.00000000000000000e+00
1.22070312499999756e-04 -7.17383392527027523e-04
0.00000000000000000e+00 0.00000000000000000e+00
1.22070312499999973e-04 1.72131907629644520e-04
0.00000000000000000e+00 0.00000000000000000e+00
1.22070312500000678e-04 -8.65682684811042668e-05
0.00000000000000000e+00 0.00000000000000000e+00
1.22070312500002358e-04 -3.39484476030667531e-06
0.00000000000000000e+00 0.00000000000000000e+00
1.22070312500001437e-04 4.38934980711996013e-03
0.00000000000000000e+00 0.00000000000000000e+00
1.22070312499998889e-04 1.15464338860329951e-04
0.00000000000000000e+00 0.00000000000000000e+00
1.22070312500000569e-04 -1.29054228698898362e-04
0.00000000000000000e+00 0.00000000000000000e+00
1.22070312500000298e-04 4.66311658465180657e-05
0.00000000000000000e+00 0.00000000000000000e+00
1.22070312500000894e-04 -3.19553691685362233e-04
0.00000000000000000e+00 0.00000000000000000e+00
1.22070312500000976e-04 2.72980847404927945e-04
0.00000000000000000e+00 0.00000000000000000e+00
1.22070312500001518e-04 -5.45868376316663282e-05
0.00000000000000000e+00 0.00000000000000000e+00
1.22070312500003551e-04 -1.54600678478589951e-05
0.00000000000000000e+00 0.00000000000000000e+00
1.22070312500000894e-04 9.63848369909436529e-04
0.00000000000000000e+00 0.00000000000000000e+00
1.22070312500000515e-04 9.46259717123708961e-05
0.00000000000000000e+00 0.00000000000000000e+00
1.22070312500000840e-04 -1.57474326806826071e-04
0.00000000000000000e+00 0.00000000000000000e+00
1.22070312500000515e-04 3.33534022751379890e-05
0.00000000000000000e+00 0.00000000000000000e+00
1.22070312500001003e-04 -4.46765852278768240e-04
0.00000000000000000e+00 0.00000000000000000e+00
1.22070312500001518e-04 2.13855750661551302e-04
0.00000000000000000e+00 0.00000000000000000e+00
1.22070312499999661e-04 -6.96785620576120606e-05
0.00000000000000000e+00 0.00000000000000000e+00
1.22070312500000813e-04 8.60446312479014284e-06
0.00000000000000000e+00 0.00000000000000000e+00
1.22070312500000651e-04 -1.73179441619202511e-03
0.00000000000000000e+00 0.00000000000000000e+00
1.22070312500001003e-04 1.40584244371519949e-04
0.00000000000000000e+00 0.00000000000000000e+00
1.22070312500000949e-04 -1.05994532036381058e-04
0.00000000000000000e+00 0.00000000000000000e+00
1.22070312500002168e-04 6.09471142251778099e-05
0.00000000000000000e+00 0.00000000000000000e+00
1.22070312499999092e-04 -2.44493301828746436e-04
0.00000000000000000e+00 0.00000000000000000e+00
1.22070312500001708e-04 3.65507615829247835e-04
0.00000000000000000e+00 0.00000000000000000e+00
1.22070312500001924e-04 -4.07684013916940119e-05
0.00000000000000000e+00 0.00000000000000000e+00
1.22070312500000000e-04 -2.15913360277135420e-05
0.00000000000000000e+00 0.00000000000000000e+00
1.22070312500001870e-04 6.90145397891166927e-04
0.00000000000000000e+00 0.00000000000000000e+00
1.22070312499998333e-04 8.53776925390512448e-05
0.00000000000000000e+00 0.00000000000000000e+00
1.22070312499999580e-04 -1.74532254863085879e-04
0.00000000000000000e+00 0.00000000000000000e+00
1.22070312499998889e-04 2.69941306472828136e-05
0.00000000000000000e+00 0.00000000000000000e+00
1.22070312499998862e-04 -5.52014857916838892e-04
0.00000000000000000e+00 0.00000000000000000e+00
1.22070312499999173e-04 1.91386978347691042e-04
0.00000000000000000e+00 0.00000000000000000e+00
1.22070312500000596e-04 -7.78588037832807505e-05
0.00000000000000000e+00 0.00000000000000000e+00
1.22070312500002168e-04 2.59853490628748888e-06
0.00000000000000000e+00 0.00000000000000000e+00
1.22070312500000325e-04 -5.73444719091366611e-03
0.00000000000000000e+00 0.00000000000000000e+00
1.22070312499999837e-04 1.27380419613851549e-04
0.00000000000000000e+00 0.00000000000000000e+00
1.22070312500003524e-04 -1.16981567803116262e-04
0.00000000000000000e+00 0.00000000000000000e+00
1.22070312500002304e-04 5.36346344046933240e-05
0.00000000000000000e+00 0.00000000000000000e+00
1.22070312499999919e-04 -2.77827216671474133e-04
0.00000000000000000e+00 0.00000000000000000e+00
1.22070312499999593e-04 3.13409004972251025e-04
0.00000000000000000e+00 0.00000000000000000e+00
1.22070312499999078e-04 -4.75454149607704905e-05
0.00000000000000000e+00 0.00000000000000000e+00
1.22070312500000596e-04 -9.40462368963154309e-06
0.00000000000000000e+00 0.00000000000000000e+00
1.22070312499998441e-04 1.58445055172977455e-03
0.00000000000000000e+00 0.00000000000000000e+00
1.22070312499999770e-04 1.04606522274881282e-04
0.00000000000000000e+00 0.00000000000000000e+00
1.22070312500000867e-04 -1.42449637649658286e-04
0.00000000000000000e+00 0.00000000000000000e+00
1.22070312499998387e-04 3.98857174378400208e-05
0.00000000000000000e+00 0.00000000000000000e+00
1.22070312499999959e-04 -3.73596418744903029e-04
0.00000000000000000e+00 0.00000000000000000e+00
1.22070312499998943e-04 2.40556313148687921e-04
0.00000000000000000e+00 0.00000000000000000e+00
1.22070312500000922e-04 -6.19445858593508210e-05
0.00000000000000000e+00 0.00000000000000000e+00
1.22070312500000081e-04 1.46521310385055127e-05
0.00000000000000000e+00 0.00000000000000000e+00
1.22070312500000163e-04 -1.01699617309507413e-03
0.00000000000000000e+00 0.00000000000000000e+00
1.22070312499998726e-04 1.55371755334470711e-04
0.00000000000000000e+00 0.00000000000000000e+00
1.22070312500000298e-04 -9.59064996193773365e-05
0.00000000000000000e+00 0.00000000000000000e+00
1.22070312499999051e-04 6.86273348926266699e-05
0.00000000000000000e+00 0.00000000000000000e+00
1.22070312500001437e-04 -2.17131573259584434e-04
0.00000000000000000e+00 0.00000000000000000e+00
1.22070312500001599e-04 4.35576804519585302e-04
0.00000000000000000e+00 0.00000000000000000e+00
1.22070312500001708e-04 -3.42101807057482635e-05
0.00000000000000000e+00 0.00000000000000000e+00
1.22070312500001681e-04 -2.46952223247550786e-05
0.00000000000000000e+00 0.00000000000000000e+00
1.22070312500000136e-04 6.03402593339329011e-04
0.00000000000000000e+00 0.00000000000000000e+00
1.22070312500001138e-04 8.09904566600122631e-05
0.00000000000000000e+00 0.00000000000000000e+00
1.22070312500002006e-04 -1.83986630133483123e-04
0.00000000000000000e+00 0.00000000000000000e+00
1.22070312499997940e-04 2.38679037998564652e-05
0.00000000000000000e+00 0.00000000000000000e+00
1.22070312500001193e-04 -6.24317967711009625e-04
0.00000000000000000e+00 0.00000000000000000e+00
1.22070312500001952e-04 1.81408214983935258e-04
0.00000000000000000e+00 0.00000000000000000e+00
1.22070312499999349e-04 -8.21416008925934940e-05
0.00000000000000000e+00 0.00000000000000000e+00
1.22070312499999431e-04 -3.97915126937234234e-07
0.00000000000000000e+00 0.00000000000000000e+00
1.22070312499994525e-04 3.74480892659756343e-02
0.00000000000000000e+00 0.00000000000000000e+00
1.22070312499998929e-04 1.21277068001650505e-04
0.00000000000000000e+00 0.00000000000000000e+00
1.22070312499998496e-04 -1.22868745422216727e-04
0.00000000000000000e+00 0.00000000000000000e+00
1.22070312499998076e-04 5.00976210371700456e-05
0.00000000000000000e+00 0.00000000000000000e+00
1.22070312500000759e-04 -2.97442490987587693e-04
0.00000000000000000e+00 0.00000000000000000e+00
1.22070312500001464e-04 2.92007885521626130e-04
0.00000000000000000e+00 0.00000000000000000e+00
1.22070312499998198e-04 -5.10299958757267819e-05
0.00000000000000000e+00 0.00000000000000000e+00
1.22070312499998956e-04 -1.24247805446233203e-05
0.00000000000000000e+00 0.00000000000000000e+00
1.22070312500003984e-04 1.19930980996669936e-03
0.00000000000000000e+00 0.00000000000000000e+00
1.22070312500000867e-04 9.95163767467774932e-05
0.00000000000000000e+00 0.00000000000000000e+00
1.22070312500001247e-04 -1.49735768935436065e-04
0.00000000000000000e+00 0.00000000000000000e+00
1.22070312499999363e-04 3.65955227518675478e-05
0.00000000000000000e+00 0.00000000000000000e+00
1.22070312499997439e-04 -4.07185362397550620e-04
0.00000000000000000e+00 0.00000000000000000e+00
1.22070312500002114e-04 2.26597668731823591e-04
0.00000000000000000e+00 0.00000000000000000e+00
1.22070312500001138e-04 -6.57604346825074032e-05
0.00000000000000000e+00 0.00000000000000000e+00
1.22070312499999485e-04 1.16212302115493824e-05
0.00000000000000000e+00 0.00000000000000000e+00
1.22070312499994416e-04 -1.28223612497060870e-03
0.00000000000000000e+00 0.00000000000000000e+00
1.22070312499999322e-04 1.47758297844292528e-04
0.00000000000000000e+00 0.00000000000000000e+00
1.22070312499999864e-04 -1.00848219093253909e-04
0.00000000000000000e+00 0.00000000000000000e+00
1.22070312500000840e-04 6.47372309042668444e-05
0.00000000000000000e+00 0.00000000000000000e+00
1.22070312500000407e-04 -2.30179156347962253e-04
0.00000000000000000e+00 0.00000000000000000e+00
1.22070312500002196e-04 3.97739918490871449e-04
0.00000000000000000e+00 0.00000000000000000e+00
1.22070312499998306e-04 -3.74645855271115704e-05
0.00000000000000000e+00 0.00000000000000000e+00
1.22070312499999078e-04 -1.85142877663623740e-05
0.00000000000000000e+00 0.00000000000000000e+00
1.22070312500002223e-04 8.04846580213605689e-04
0.00000000000000000e+00 0.00000000000000000e+00
1.22070312500001572e-04 8.99182149150186719e-05
0.00000000000000000e+00 0.00000000000000000e+00
1.22070312499999621e-04 -1.65719050449687332e-04
0.00000000000000000e+00 0.00000000000000000e+00
1.22070312499999268e-04 3.01544847152836777e-05
0.00000000000000000e+00 0.00000000000000000e+00
1.22070312499997804e-04 -4.94160697307296864e-04
0.00000000000000000e+00 0.00000000000000000e+00
1.22070312500000244e-04 2.02164621852092617e-04
0.00000000000000000e+00 0.00000000000000000e+00
1.22070312500000190e-04 -7.37080556297799096e-05
0.00000000000000000e+00 0.00000000000000000e+00
1.22070312500000054e-04 5.59811829496384673e-06
0.00000000000000000e+00 0.00000000000000000e+00
1.22070312499999607e-04 -2.66181606188289639e-03
0.00000000000000000e+00 0.00000000000000000e+00
1.22070312499999688e-04 1.33804684885478498e-04
0.00000000000000000e+00 0.00000000000000000e+00
1.22070312500002575e-04 -1.11365018396788137e-04
0.00000000000000000e+00 0.00000000000000000e+00
1.22070312500002575e-04 5.72487805288929408e-05
0.00000000000000000e+00 0.00000000000000000e+00
1.22070312500000840e-04 -2.60287835936130318e-04
0.00000000000000000e+00 0.00000000000000000e+00
1.22070312499999837e-04 3.37689299490944480e-04
0.00000000000000000e+00 0.00000000000000000e+00
1.22070312500000027e-04 -4.41268385356318311e-05
0.00000000000000000e+00 0.00000000000000000e+00
1.22070312500001003e-04 -6.39586926372908872e-06
0.00000000000000000e+00 0.00000000000000000e+00
1.22070312499999011e-04 2.32981016018543163e-03
0.00000000000000000e+00 0.00000000000000000e+00
1.22070312500002385e-04 1.09915428638528148e-04
0.00000000000000000e+00 0.00000000000000000e+00
1.22070312500000000e-04 -1.35569331607227858e-04
0.00000000000000000e+00 0.00000000000000000e+00
1.22070312499999973e-04 4.32291209446431578e-05
0.00000000000000000e+00 0.00000000000000000e+00
1.22070312500001653e-04 -3.44701924726378037e-04
0.00000000000000000e+00 0.00000000000000000e+00
1.22070312499998523e-04 2.55934151914641870e-04
0.00000000000000000e+00 0.00000000000000000e+00
1.22070312500000949e-04 -5.82226368867636839e-05
0.00000000000000000e+00 0.00000000000000000e+00
1.22070312500000244e-04 1.77009462194444385e-05
0.00000000000000000e+00 0.00000000000000000e+00
1.22070312500001111e-04 -8.41828510697242936e-04
0.00000000000000000e+00 0.00000000000000000e+00
1.22070312500001491e-04 1.63476332552762039e-04
0.00000000000000000e+00 0.00000000000000000e+00
1.22070312499999065e-04 -9.11517952547556519e-05
0.00000000000000000e+00 0.00000000000000000e+00
1.22070312500002467e-04 7.26263170722248047e-05
0.00000000000000000e+00 0.00000000000000000e+00
1.22070312500001653e-04 -2.05175779174215694e-04
0.00000000000000000e+00 0.00000000000000000e+00
1.22070312500001708e-04 4.80678760058871263e-04
0.00000000000000000e+00 0.00000000000000000e+00
1.22070312500002738e-04 -3.10002488814402723e-05
0.00000000000000000e+00 0.00000000000000000e+00
1.22070312500000651e-04 -2.62585192217858920e-05
0.00000000000000000e+00 0.00000000000000000e+00
1.22070312499997357e-04 5.67479112892411747e-04
0.00000000000000000e+00 0.00000000000000000e+00
1.22070312500000081e-04 7.88503179785987932e-05
0.00000000000000000e+00 0.00000000000000000e+00
1.22070312499998536e-04 -1.88980356399985990e-04
0.00000000000000000e+00 0.00000000000000000e+00
1.22070312499999702e-04 2.23162507669165579e-05
0.00000000000000000e+00 0.00000000000000000e+00
1.22070312499998048e-04 -6.67726911186071470e-04
0.00000000000000000e+00 0.00000000000000000e+00
1.22070312500002385e-04 1.76687671585289033e-04
0.00000000000000000e+00 0.00000000000000000e+00
1.22070312500000651e-04 -8.43361682235689998e-05
0.00000000000000000e+00 0.00000000000000000e+00
1.22070312499998116e-04 -1.89609429763023286e-06
0.00000000000000000e+00 0.00000000000000000e+00
1.22070312499996896e-04 7.85887137178879064e-03
0.00000000000000000e+00 0.00000000000000000e+00
1.22070312499999946e-04 1.18336126289070239e-04
0.00000000000000000e+00 0.00000000000000000e+00
1.22070312499995907e-04 -1.25922333788814613e-04
0.00000000000000000e+00 0.00000000000000000e+00
1.22070312499997289e-04 4.83559673279780950e-05
0.00000000000000000e+00 0.00000000000000000e+00
1.22070312500002575e-04 -3.08155580732752041e-04
0.00000000000000000e+00 0.00000000000000000e+00
1.22070312500000894e-04 2.82224432547910711e-04
0.00000000000000000e+00 0.00000000000000000e+00
1.22070312500003497e-04 -5.27989765426061634e-05
0.00000000000000000e+00 0.00000000000000000e+00
1.22070312499998035e-04 -1.39402972158007857e-05
0.00000000000000000e+00 0.00000000000000000e+00
1.22070312500000515e-04 1.06892707975824765e-03
0.00000000000000000e+00 0.00000000000000000e+00
1.22070312500003497e-04 9.70473169994088132e-05
0.00000000000000000e+00 0.00000000000000000e+00
1.22070312499999363e-04 -1.53545318454694196e-04
0.00000000000000000e+00 0.00000000000000000e+00
1.22070312499999268e-04 3.49687634816783248e-05
0.00000000000000000e+00 0.00000000000000000e+00
1.22070312499998645e-04 -4.26127769763875465e-04
0.00000000000000000e+00 0.00000000000000000e+00
1.22070312500000623e-04 2.20085742398935910e-04
0.00000000000000000e+00 0.00000000000000000e+00
1.22070312499998848e-04 -6.77061632045100652e-05
0.00000000000000000e+00 0.00000000000000000e+00
1.22070312499999295e-04 1.01113133191972458e-05
0.00000000000000000e+00 0.00000000000000000e+00
1.22070312500001518e-04 -1.47371174479931852e-03
0.00000000000000000e+00 0.00000000000000000e+00
1.22070312500002927e-04 1.44119298033833242e-04
0.00000000000000000e+00 0.00000000000000000e+00
1.22070312500002060e-04 -1.03394627902984415e-04
0.00000000000000000e+00 0.00000000000000000e+00
1.22070312500001464e-04 6.28302020536244894e-05
0.00000000000000000e+00 0.00000000000000000e+00
1.22070312499999566e-04 -2.37165578126430338e-04
0.00000000000000000e+00 0.00000000000000000e+00
1.22070312499999228e-04 3.81006440111244680e-04
0.00000000000000000e+00 0.00000000000000000e+00
1.22070312499998116e-04 -3.91099982181321304e-05
0.00000000000000000e+00 0.00000000000000000e+00
1.22070312500000569e-04 -2.00497106663314033e-05
0.00000000000000000e+00 0.00000000000000000e+00
1.22070312500001274e-04 7.43210784526133193e-04
0.00000000000000000e+00 0.00000000000000000e+00
1.22070312500002846e-04 8.76279532596085307e-05
0.00000000000000000e+00 0.00000000000000000e+00
1.22070312500001382e-04 -1.70050316589061322e-04
0.00000000000000000e+00 0.00000000000000000e+00
1.22070312499999566e-04 2.85697689535945010e-05
0.00000000000000000e+00 0.00000000000000000e+00
1.22070312500001301e-04 -5.21570938079703064e-04
0.00000000000000000e+00 0.00000000000000000e+00
1.22070312500000000e-04 1.96669250472748537e-04
0.00000000000000000e+00 0.00000000000000000e+00
1.22070312499999106e-04 -7.57676208051242210e-05
0.00000000000000000e+00 0.00000000000000000e+00
1.22070312500003388e-04 4.09770873549790861e-06
0.00000000000000000e+00 0.00000000000000000e+00
1.22070312500002033e-04 -3.63646177795887105e-03
0.00000000000000000e+00 0.00000000000000000e+00
1.22070312500000352e-04 1.30550392957914907e-04
0.00000000000000000e+00 0.00000000000000000e+00
1.22070312499995948e-04 -1.14141067339809256e-04
0.00000000000000000e+00 0.00000000000000000e+00
1.22070312500000678e-04 5.54316368732378205e-05
0.00000000000000000e+00 0.00000000000000000e+00
1.22070312500001924e-04 -2.68820515402137165e-04
0.00000000000000000e+00 0.00000000000000000e+00
1.22070312500000705e-04 3.25152296703930298e-04
0.00000000000000000e+00 0.00000000000000000e+00
1.22070312500000651e-04 -4.58282513914292416e-05
0.00000000000000000e+00 0.00000000000000000e+00
1.22070312499998943e-04 -7.89905179181535352e-06
0.00000000000000000e+00 0.00000000000000000e+00
1.22070312499999864e-04 1.88644935956561004e-03
0.00000000000000000e+00 0.00000000000000000e+00
1.22070312500000000e-04 1.07232358557012876e-04
0.00000000000000000e+00 0.00000000000000000e+00
1.22070312500000705e-04 -1.38961423532666593e-04
0.00000000000000000e+00 0.00000000000000000e+00
1.22070312499998767e-04 4.15504359662294533e-05
0.00000000000000000e+00 0.00000000000000000e+00
1.22070312499999607e-04 -3.58628275427945854e-04
0.00000000000000000e+00 0.00000000000000000e+00
1.22070312500001382e-04 2.48053483892006846e-04
0.00000000000000000e+00 0.00000000000000000e+00
1.22070312500002358e-04 -6.00723721354184720e-05
0.00000000000000000e+00 0.00000000000000000e+00
1.22070312500001301e-04 1.61740598271859177e-05
0.00000000000000000e+00 0.00000000000000000e+00
1.22070312499999526e-04 -9.21299992275327866e-04
0.00000000000000000e+00 0.00000000000000000e+00
1.22070312499998441e-04 1.59359120888690609e-04
0.00000000000000000e+00 0.00000000000000000e+00
1.22070312499998740e-04 -9.35067984232655674e-05
0.00000000000000000e+00 0.00000000000000000e+00
1.22070312499996598e-04 7.06126313705554272e-05
0.00000000000000000e+00 0.00000000000000000e+00
1.22070312499998523e-04 -2.11026850361247789e-04
0.00000000000000000e+00 0.00000000000000000e+00
1.22070312500000542e-04 4.57091471194147954e-04
0.00000000000000000e+00 0.00000000000000000e+00
1.22070312499999011e-04 -3.25999545669029297e-05
0.00000000000000000e+00 0.00000000000000000e+00
1.22070312500001355e-04 -2.31396687822275547e-05
0.00000000000000000e+00 0.00000000000000000e+00
1.22070312500001681e-04 6.43966053882827718e-04
0.00000000000000000e+00 0.00000000000000000e+00
1.22070312500000136e-04 8.31657334283574288e-05
0.00000000000000000e+00 0.00000000000000000e+00
1.22070312500001030e-04 -1.79174289452814083e-04
0.00000000000000000e+00 0.00000000000000000e+00
1.22070312500002954e-04 2.54270213877613086e-05
0.00000000000000000e+00 0.00000000000000000e+00
1.22070312499998238e-04 -5.86036443931223553e-04
0.00000000000000000e+00 0.00000000000000000e+00
1.22070312500000732e-04 1.86304144171641650e-04
0.00000000000000000e+00 0.00000000000000000e+00
1.22070312499998306e-04 -7.99829829878550755e-05
0.00000000000000000e+00 0.00000000000000000e+00
1.22070312500001979e-04 1.10014417983411370e-06
0.00000000000000000e+00 0.00000000000000000e+00
1.22070312500003822e-04 -1.35447348329516982e-02
0.00000000000000000e+00 0.00000000000000000e+00
1.22070312499998265e-04 1.24290611036278098e-04
0.00000000000000000e+00 0.00000000000000000e+00
1.22070312499999729e-04 -1.19889676859809551e-04
0.00000000000000000e+00 0.00000000000000000e+00
1.22070312500002168e-04 5.18569076348918319e-05
0.00000000000000000e+00 0.00000000000000000e+00
1.22070312499999512e-04 -2.87351519276110806e-04
0.00000000000000000e+00 0.00000000000000000e+00
1.22070312500001409e-04 3.02383144000954480e-04
0.00000000000000000e+00 0.00000000000000000e+00
1.22070312499998360e-04 -4.92790735511380266e-05
0.00000000000000000e+00 0.00000000000000000e+00
1.22070312500001328e-04 -1.09130453284587061e-05
0.00000000000000000e+00 0.00000000000000000e+00
1.22070312499999864e-04 1.36544481813799241e-03
0.00000000000000000e+00 0.00000000000000000e+00
1.22070312500002250e-04 1.02035341578452814e-04
0.00000000000000000e+00 0.00000000000000000e+00
1.22070312500000840e-04 -1.46039215073248208e-04
0.00000000000000000e+00 0.00000000000000000e+00
1.22070312499998726e-04 3.82342964662204154e-05
0.00000000000000000e+00 0.00000000000000000e+00
1.22070312499999675e-04 -3.89732846451434553e-04
0.00000000000000000e+00 0.00000000000000000e+00
1.22070312499999539e-04 2.33413211140806956e-04
0.00000000000000000e+00 0.00000000000000000e+00
1.22070312500001274e-04 -6.38402647434494652e-05
0.00000000000000000e+00 0.00000000000000000e+00
1.22070312500000298e-04 1.31346794601947035e-05
0.00000000000000000e+00 0.00000000000000000e+00
1.22070312499999458e-04 -1.13448990049640230e-03
0.00000000000000000e+00 0.00000000000000000e+00
1.22070312499999932e-04 1.51507042825097524e-04
0.00000000000000000e+00 0.00000000000000000e+00
1.22070312499998821e-04 -9.83529274678662433e-05
0.00000000000000000e+00 0.00000000000000000e+00
1.22070312500000352e-04 6.66692458760720201e-05
0.00000000000000000e+00 0.00000000000000000e+00
1.22070312500000678e-04 -2.23508770768862311e-04
0.00000000000000000e+00 0.00000000000000000e+00
1.22070312500000298e-04 4.15867388050024454e-04
0.00000000000000000e+00 0.00000000000000000e+00
1.22070312500000163e-04 -3.58315213503956242e-05
0.00000000000000000e+00 0.00000000000000000e+00
1.22070312500001111e-04 -1.69845701737813058e-05
0.00000000000000000e+00 0.00000000000000000e+00
1.22070312500001491e-04 8.77335195497038508e-04
0.00000000000000000e+00 0.00000000000000000e+00
1.22070312499999078e-04 9.22502623309531903e-05
0.00000000000000000e+00 0.00000000000000000e+00
1.22070312500001138e-04 -1.61529743301857664e-04
0.00000000000000000e+00 0.00000000000000000e+00
1.22070312499999729e-04 3.17488381802196636e-05
0.00000000000000000e+00 0.00000000000000000e+00
1.22070312500001572e-04 -4.69345086244186841e-04
0.00000000000000000e+00 0.00000000000000000e+00
1.22070312500000515e-04 2.07888012606397628e-04
0.00000000000000000e+00 0.00000000000000000e+00
1.22070312499998441e-04 -7.16787899745836734e-05
0.00000000000000000e+00 0.00000000000000000e+00
1.22070312500000922e-04 7.10021770396316261e-06
0.00000000000000000e+00 0.00000000000000000e+00
1.22070312500000922e-04 -2.09869074655686912e-03
0.00000000000000000e+00 0.00000000000000000e+00
1.22070312500001789e-04 1.37147725378165906e-04
0.00000000000000000e+00 0.00000000000000000e+00
1.22070312500000488e-04 -1.08650443547346419e-04
0.00000000000000000e+00 0.00000000000000000e+00
1.22070312499999336e-04 5.90869626462519064e-05
0.00000000000000000e+00 0.00000000000000000e+00
1.22070312500000867e-04 -2.52190339907299636e-04
0.00000000000000000e+00 0.00000000000000000e+00
1.22070312500004201e-04 3.51107479041696743e-04
0.00000000000000000e+00 0.00000000000000000e+00
1.22070312499999905e-04 -4.24404550837806775e-05
0.00000000000000000e+00 0.00000000000000000e+00
1.22070312500000840e-04 -4.89461863178806001e-06
0.00000000000000000e+00 0.00000000000000000e+00
1.22070312499997994e-04 3.04439677834516783e-03
0.00000000000000000e+00 0.00000000000000000e+00
1.22070312500000000e-04 1.12658459626539456e-04
0.00000000000000000e+00 0.00000000000000000e+00
1.22070312500001193e-04 -1.32268462068848029e-04
0.00000000000000000e+00 0.00000000000000000e+00
1.22070312499999648e-04 4.49224610252373218e-05
0.00000000000000000e+00 0.00000000000000000e+00
1.22070312500003063e-04 -3.31708478426334251e-04
0.00000000000000000e+00 0.00000000000000000e+00
1.22070312499999729e-04 2.64231079152426826e-04
0.00000000000000000e+00 0.00000000000000000e+00
1.22070312499997913e-04 -5.63944303662029705e-05
0.00000000000000000e+00 0.00000000000000000e+00
1.22070312499998821e-04 1.92332767407028197e-05
0.00000000000000000e+00 0.00000000000000000e+00
1.22070312499998062e-04 -7.74759360806770610e-04
0.00000000000000000e+00 0.00000000000000000e+00
1.22070312500000759e-04 1.67731140523712252e-04
0.00000000000000000e+00 0.00000000000000000e+00
1.22070312500001084e-04 -8.88395628105870830e-05
0.00000000000000000e+00 0.00000000000000000e+00
1.22070312500001599e-04 7.46696251585640349e-05
0.00000000000000000e+00 0.00000000000000000e+00
1.22070312499997886e-04 -1.99561215985812415e-04
0.00000000000000000e+00 0.00000000000000000e+00
1.22070312500001328e-04 5.06661548981738154e-04
0.00000000000000000e+00 0.00000000000000000e+00
1.22070312500000515e-04 -2.94104836330973030e-05
0.00000000000000000e+00 0.00000000000000000e+00
1.22070312500000976e-04 -2.70432374181444078e-05
0.00000000000000000e+00 0.00000000000000000e+00
1.22070312500000081e-04 5.51012475446087044e-04
0.00000000000000000e+00 0.00000000000000000e+00
1.22070312500000542e-04 7.77929621927123637e-05
0.00000000000000000e+00 0.00000000000000000e+00
1.22070312500001030e-04 -1.91548962448993132e-04
0.00000000000000000e+00 0.00000000000000000e+00
1.22070312500000081e-04 2.15430613554799011e-05
0.00000000000000000e+00 0.00000000000000000e+00
1.22070312500001708e-04 -6.91691907104795929e-04
0.00000000000000000e+00 0.00000000000000000e+00
1.22070312500000054e-04 1.74389821925152153e-04
0.00000000000000000e+00 0.00000000000000000e+00
1.22070312500002114e-04 -8.54474247943379673e-05
0.00000000000000000e+00 0.00000000000000000e+00
1.22070312500000515e-04 -2.64536988269625423e-06
0.00000000000000000e+00 0.00000000000000000e+00
1.22070312499996829e-04 5.63292161573015950e-03
0.00000000000000000e+00 0.00000000000000000e+00
1.22070312499997249e-04 1.16891795699394479e-04
0.00000000000000000e+00 0.00000000000000000e+00
1.22070312499998794e-04 -1.27478246909377616e-04
0.00000000000000000e+00 0.00000000000000000e+00
1.22070312500000271e-04 4.74915078525468370e-05
0.00000000000000000e+00 0.00000000000000000e+00
1.22070312499999919e-04 -3.13764752218716420e-04
0.00000000000000000e+00 0.00000000000000000e+00
1.22070312500003795e-04 2.77538162435688514e-04
0.00000000000000000e+00 0.00000000000000000e+00
1.22070312499999634e-04 -5.36904945362269472e-05
0.00000000000000000e+00 0.00000000000000000e+00
1.22070312500001843e-04 -1.46996210580257343e-05
0.00000000000000000e+00 0.00000000000000000e+00
1.22070312500000651e-04 1.01371056675710731e-03
0.00000000000000000e+00 0.00000000000000000e+00
1.22070312500002656e-04 9.58308124943394905e-05
0.00000000000000000e+00 0.00000000000000000e+00
1.22070312499999729e-04 -1.55494467864681539e-04
0.00000000000000000e+00 0.00000000000000000e+00
1.22070312499999485e-04 3.41596960301137695e-05
0.00000000000000000e+00 0.00000000000000000e+00
1.22070312499998265e-04 -4.36220544255190416e-04
0.00000000000000000e+00 0.00000000000000000e+00
1.22070312500000163e-04 2.16936778843780957e-04
0.00000000000000000e+00 0.00000000000000000e+00
1.22070312500001111e-04 -6.86889575537484142e-05
0.00000000000000000e+00 0.00000000000000000e+00
1.22070312500000244e-04 9.35753383580152420e-06
0.00000000000000000e+00 0.00000000000000000e+00
1.22070312500000461e-04 -1.59242397145670776e-03
0.00000000000000000e+00 0.00000000000000000e+00
1.22070312500000596e-04 1.42339124840589696e-04
0.00000000000000000e+00 0.00000000000000000e+00
1.22070312500000217e-04 -1.04687739302430197e-04
0.00000000000000000e+00 0.00000000000000000e+00
1.22070312500002168e-04 6.18857292268927322e-05
0.00000000000000000e+00 0.00000000000000000e+00
1.22070312500001301e-04 -2.40785095045354649e-04
0.00000000000000000e+00 0.00000000000000000e+00
1.22070312499998157e-04 3.73111688718750405e-04
0.00000000000000000e+00 0.00000000000000000e+00
1.22070312500001030e-04 -3.99375351788551242e-05
0.00000000000000000e+00 0.00000000000000000e+00
1.22070312499999065e-04 -2.08197166713270758e-05
0.00000000000000000e+00 0.00000000000000000e+00
1.22070312499998929e-04 7.15723534046367274e-04
0.00000000000000000e+00 0.00000000000000000e+00
1.22070312500001220e-04 8.64979309283892754e-05
0.00000000000000000e+00 0.00000000000000000e+00
1.22070312499999593e-04 -1.72271880193116436e-04
0.00000000000000000e+00 0.00000000000000000e+00
1.22070312500000000e-04 2.77808496619337688e-05
0.00000000000000000e+00 0.00000000000000000e+00
1.22070312500002114e-04 -5.36382485603571204e-04
0.00000000000000000e+00 0.00000000000000000e+00
1.22070312499998103e-04 1.94002358726033257e-04
0.00000000000000000e+00 0.00000000000000000e+00
1.22070312499998076e-04 -7.68091753713737028e-05
0.00000000000000000e+00 0.00000000000000000e+00
1.22070312499998672e-04 3.34799567236367988e-06
0.00000000000000000e+00 0.00000000000000000e+00
1.22070312500000515e-04 -4.45077074527025843e-03
0.00000000000000000e+00 0.00000000000000000e+00
1.22070312499999417e-04 1.28955132286113935e-04
0.00000000000000000e+00 0.00000000000000000e+00
1.22070312499999770e-04 -1.15553068184880115e-04
0.00000000000000000e+00 0.00000000000000000e+00
1.22070312499999851e-04 5.45306728066698415e-05
0.00000000000000000e+00 0.00000000000000000e+00
1.22070312500002331e-04 -2.73262008827170305e-04
0.00000000000000000e+00 0.00000000000000000e+00
1.22070312499999458e-04 3.19186444613529861e-04
0.00000000000000000e+00 0.00000000000000000e+00
1.22070312500002656e-04 -4.66848183728188140e-05
0.00000000000000000e+00 0.00000000000000000e+00
1.22070312499997981e-04 -8.65151037082914299e-06
0.00000000000000000e+00 0.00000000000000000e+00
1.22070312499999905e-04 1.72237685157214881e-03
0.00000000000000000e+00 0.00000000000000000e+00
1.22070312499999756e-04 1.05912450692836850e-04
0.00000000000000000e+00 0.00000000000000000e+00
1.22070312499998645e-04 -1.40693196091399550e-04
0.00000000000000000e+00 0.00000000000000000e+00
1.22070312499997181e-04 4.07163731507613697e-05
0.00000000000000000e+00 0.00000000000000000e+00
1.22070312499996449e-04 -3.65974669174806417e-04
0.00000000000000000e+00 0.00000000000000000e+00
1.22070312500001572e-04 2.44258873598276365e-04
0.00000000000000000e+00 0.00000000000000000e+00
1.22070312499999566e-04 -6.10056084118181484e-05
0.00000000000000000e+00 0.00000000000000000e+00
1.22070312500000596e-04 1.54125058933576490e-05
0.00000000000000000e+00 0.00000000000000000e+00
1.22070312500001464e-04 -9.66822741022707599e-04
0.00000000000000000e+00 0.00000000000000000e+00
1.22070312500000515e-04 1.57349669364134339e-04
0.00000000000000000e+00 0.00000000000000000e+00
1.22070312500000244e-04 -9.47009374348554744e-05
0.00000000000000000e+00 0.00000000000000000e+00
1.22070312500001843e-04 6.96165095066317963e-05
0.00000000000000000e+00 0.00000000000000000e+00
1.22070312500000976e-04 -2.14046370601629263e-04
0.00000000000000000e+00 0.00000000000000000e+00
1.22070312500000813e-04 4.46092922327074399e-04
0.00000000000000000e+00 0.00000000000000000e+00
1.22070312500000705e-04 -3.34037157911281369e-05
0.00000000000000000e+00 0.00000000000000000e+00
1.22070312500003524e-04 -2.39165105180131069e-05
0.00000000000000000e+00 0.00000000000000000e+00
1.22070312499999078e-04 6.23049135141358259e-04
0.00000000000000000e+00 0.00000000000000000e+00
1.22070312499998929e-04 8.20736079688893149e-05
0.00000000000000000e+00 0.00000000000000000e+00
1.22070312499998902e-04 -1.81558500504762945e-04
0.00000000000000000e+00 0.00000000000000000e+00
1.22070312499998984e-04 2.46464968112032073e-05
0.00000000000000000e+00 0.00000000000000000e+00
1.22070312499997845e-04 -6.04595505316359591e-04
0.00000000000000000e+00 0.00000000000000000e+00
1.22070312499996395e-04 1.83833558919831885e-04
0.00000000000000000e+00 0.00000000000000000e+00
1.22070312499999214e-04 -8.10578943333475519e-05
0.00000000000000000e+00 0.00000000000000000e+00
1.22070312500005285e-04 3.51101307195311389e-07
0.00000000000000000e+00 0.00000000000000000e+00
1.22070312500002846e-04 -4.24412011243279486e-02
0.00000000000000000e+00 0.00000000000000000e+00
1.22070312499996029e-04 1.22774540630781978e-04
0.00000000000000000e+00 0.00000000000000000e+00
1.22070312500008674e-04 -1.21370123783725740e-04
0.00000000000000000e+00 0.00000000000000000e+00
1.22070312500002250e-04 5.09750104122394968e-05
0.00000000000000000e+00 0.00000000000000000e+00
1.22070312500001816e-04 -2.92322867093894757e-04
0.00000000000000000e+00 0.00000000000000000e+00
1.22070312499996761e-04 2.97118037679708011e-04
0.00000000000000000e+00 0.00000000000000000e+00
1.22070312500001952e-04 -5.01523277085988135e-05
0.00000000000000000e+00 0.00000000000000000e+00
1.22070312500002412e-04 -1.16684695985574894e-05
0.00000000000000000e+00 0.00000000000000000e+00
1.22070312499998726e-04 1.27704503731052043e-03
0.00000000000000000e+00 0.00000000000000000e+00
1.22070312500001979e-04 1.00769479518838045e-04
0.00000000000000000e+00 0.00000000000000000e+00
1.22070312500001003e-04 -1.47873753690098015e-04
0.00000000000000000e+00 0.00000000000000000e+00
1.22070312499997181e-04 3.74133686499435143e-05
0.00000000000000000e+00 0.00000000000000000e+00
1.22070312500002006e-04 -3.98284402916791454e-04
0.00000000000000000e+00 0.00000000000000000e+00
1.22070312500000163e-04 2.29966047807079625e-04
0.00000000000000000e+00 0.00000000000000000e+00
1.22070312500000000e-04 -6.47972226158725505e-05
0.00000000000000000e+00 0.00000000000000000e+00
1.22070312500003171e-04 1.23774840260160504e-05
0.00000000000000000e+00 0.00000000000000000e+00
1.22070312500001111e-04 -1.20389258128138069e-03
0.00000000000000000e+00 0.00000000000000000e+00
1.22070312500002683e-04 1.49618573658708226e-04
0.00000000000000000e+00 0.00000000000000000e+00
1.22070312500001274e-04 -9.95943272914657075e-05
0.00000000000000000e+00 0.00000000000000000e+00
1.22070312500001762e-04 6.57000481639098970e-05
0.00000000000000000e+00 0.00000000000000000e+00
1.22070312499999878e-04 -2.26805940182447555e-04
0.00000000000000000e+00 0.00000000000000000e+00
1.22070312500000461e-04 4.06618398448882804e-04
0.00000000000000000e+00 0.00000000000000000e+00
1.22070312499999864e-04 -3.66465493216519420e-05
0.00000000000000000e+00 0.00000000000000000e+00
1.22070312500002250e-04 -1.77487465932645334e-05
0.00000000000000000e+00 0.00000000000000000e+00
1.22070312500000136e-04 8.39561324263080533e-04
0.00000000000000000e+00 0.00000000000000000e+00
1.22070312499998929e-04 9.10789003538577102e-05
0.00000000000000000e+00 0.00000000000000000e+00
1.22070312499998956e-04 -1.63607170661416660e-04
0.00000000000000000e+00 0.00000000000000000e+00
1.22070312499999905e-04 3.09504212341670001e-05
0.00000000000000000e+00 0.00000000000000000e+00
1.22070312500000867e-04 -4.81452613555953600e-04
0.00000000000000000e+00 0.00000000000000000e+00
1.22070312499997981e-04 2.04996829193028544e-04
0.00000000000000000e+00 0.00000000000000000e+00
1.22070312499999173e-04 -7.26897155068523970e-05
0.00000000000000000e+00 0.00000000000000000e+00
1.22070312500000813e-04 6.34892831250134747e-06
0.00000000000000000e+00 0.00000000000000000e+00
1.22070312500001138e-04 -2.34703566655592496e-03
0.00000000000000000e+00 0.00000000000000000e+00
1.22070312499998306e-04 1.35464823265468183e-04
0.00000000000000000e+00 0.00000000000000000e+00
1.22070312499998225e-04 -1.10000226144661920e-04
0.00000000000000000e+00 0.00000000000000000e+00
1.22070312500002006e-04 5.81651844063473255e-05
0.00000000000000000e+00 0.00000000000000000e+00
1.22070312500001789e-04 -2.56186950079046404e-04
0.00000000000000000e+00 0.00000000000000000e+00
1.22070312499998455e-04 3.44282283554899133e-04
0.00000000000000000e+00 0.00000000000000000e+00
1.22070312499999621e-04 -4.32818123546323415e-05
0.00000000000000000e+00 0.00000000000000000e+00
1.22070312500000596e-04 -5.64503095499705053e-06
0.00000000000000000e+00 0.00000000000000000e+00
1.22070312500003361e-04 2.63969521383305462e-03
0.00000000000000000e+00 0.00000000000000000e+00
1.22070312499999309e-04 1.11279272455674656e-04
0.00000000000000000e+00 0.00000000000000000e+00
1.22070312500001789e-04 -1.33907787721951555e-04
0.00000000000000000e+00 0.00000000000000000e+00
1.22070312499999729e-04 4.40739152514604932e-05
0.00000000000000000e+00 0.00000000000000000e+00
1.22070312500002711e-04 -3.38094791643325429e-04
0.00000000000000000e+00 0.00000000000000000e+00
1.22070312500000163e-04 2.60028392555928124e-04
0.00000000000000000e+00 0.00000000000000000e+00
1.22070312499998496e-04 -5.73059005110093423e-05
0.00000000000000000e+00 0.00000000000000000e+00
1.22070312500002927e-04 1.84664002993002065e-05
0.00000000000000000e+00 0.00000000000000000e+00
1.22070312500000271e-04 -8.06933725703554670e-04
0.00000000000000000e+00 0.00000000000000000e+00
1.22070312500000867e-04 1.65586029375995163e-04
0.00000000000000000e+00 0.00000000000000000e+00
1.22070312499998631e-04 -8.99904493754833279e-05
0.00000000000000000e+00 0.00000000000000000e+00
1.22070312500001626e-04 7.36441891491486567e-05
0.00000000000000000e+00 0.00000000000000000e+00
1.22070312499998862e-04 -2.02339945160767308e-04
0.00000000000000000e+00 0.00000000000000000e+00
1.22070312500003226e-04 4.93347985012167526e-04
0.00000000000000000e+00 0.00000000000000000e+00
1.22070312500000298e-04 -3.02041594301430859e-05
0.00000000000000000e+00 0.00000000000000000e+00
1.22070312499997181e-04 -2.54758698154047130e-05
0.00000000000000000e+00 0.00000000000000000e+00
1.22070312500002494e-04 5.84912754768344870e-04
0.00000000000000000e+00 0.00000000000000000e+00
1.22070312500001572e-04 7.99160887746063712e-05
0.00000000000000000e+00 0.00000000000000000e+00
1.22070312500000867e-04 -1.86460091107245717e-04
0.00000000000000000e+00 0.00000000000000000e+00
1.22070312500000054e-04 2.30911767786707725e-05
0.00000000000000000e+00 0.00000000000000000e+00
1.22070312499998563e-04 -6.45318397441352050e-04
0.00000000000000000e+00 0.00000000000000000e+00
1.22070312499999458e-04 1.79026703254944449e-04
0.00000000000000000e+00 0.00000000000000000e+00
1.22070312500004445e-04 -8.32342936719760427e-05
0.00000000000000000e+00 0.00000000000000000e+00
1.22070312499997845e-04 -1.14696152479920266e-06
0.00000000000000000e+00 0.00000000000000000e+00
1.22070312499998469e-04 1.29918579408916136e-02
0.00000000000000000e+00 0.00000000000000000e+00
1.22070312499999444e-04 1.19797742312650413e-04
0.00000000000000000e+00 0.00000000000000000e+00
1.22070312499999471e-04 -1.24385993476893575e-04
0.00000000000000000e+00 0.00000000000000000e+00
1.22070312500000976e-04 4.92246394684267259e-05
0.00000000000000000e+00 0.00000000000000000e+00
1.22070312499998170e-04 -3.02717528350920180e-04
0.00000000000000000e+00 0.00000000000000000e+00
1.22070312500000325e-04 2.87045577949370857e-04
0.00000000000000000e+00 0.00000000000000000e+00
1.22070312499998591e-04 -5.19121781993683138e-05
0.00000000000000000e+00 0.00000000000000000e+00
1.22070312500001247e-04 -1.31820367821446537e-05
0.00000000000000000e+00 0.00000000000000000e+00
1.22070312500002114e-04 1.13041417196087105e-03
0.00000000000000000e+00 0.00000000000000000e+00
1.22070312500000298e-04 9.82757483697116495e-05
0.00000000000000000e+00 0.00000000000000000e+00
1.22070312500001762e-04 -1.51626026166595124e-04
0.00000000000000000e+00 0.00000000000000000e+00
1.22070312499999295e-04 3.57806802081725022e-05
0.00000000000000000e+00 0.00000000000000000e+00
1.22070312499999756e-04 -4.16458298365259450e-04
0.00000000000000000e+00 0.00000000000000000e+00
1.22070312499999024e-04 2.23305158412958482e-04
0.00000000000000000e+00 0.00000000000000000e+00
1.22070312499999973e-04 -6.67300357042856853e-05
0.00000000000000000e+00 0.00000000000000000e+00
1.22070312500001193e-04 1.08658594187550930e-05
0.00000000000000000e+00 0.00000000000000000e+00
1.22070312499998441e-04 -1.37137437726515257e-03
0.00000000000000000e+00 0.00000000000000000e+00
1.22070312500002927e-04 1.45925451715684046e-04
0.00000000000000000e+00 0.00000000000000000e+00
1.22070312499999295e-04 -1.02114888243625305e-04
0.00000000000000000e+00 0.00000000000000000e+00
1.22070312500000488e-04 6.37806595061150594e-05
0.00000000000000000e+00 0.00000000000000000e+00
1.22070312499999377e-04 -2.33631343878143666e-04
0.00000000000000000e+00 0.00000000000000000e+00
1.22070312499998225e-04 3.89209492010435980e-04
0.00000000000000000e+00 0.00000000000000000e+00
1.22070312500000027e-04 -3.82857085958437143e-05
0.00000000000000000e+00 0.00000000000000000e+00
1.22070312500000027e-04 -1.92812551552039863e-05
0.00000000000000000e+00 0.00000000000000000e+00
1.22070312499998821e-04 7.72831492239525915e-04
0.00000000000000000e+00 0.00000000000000000e+00
1.22070312499998414e-04 8.87679744894429690e-05
0.00000000000000000e+00 0.00000000000000000e+00
1.22070312500000867e-04 -1.67866409924901039e-04
0.00000000000000000e+00 0.00000000000000000e+00
1.22070312500000081e-04 2.93609574241790953e-05
0.00000000000000000e+00 0.00000000000000000e+00
1.22070312499999702e-04 -5.07516188200890484e-04
0.00000000000000000e+00 0.00000000000000000e+00
1.22070312499998943e-04 1.99389397400062711e-04
0.00000000000000000e+00 0.00000000000000000e+00
1.22070312499999404e-04 -7.47339697504039520e-05
0.00000000000000000e+00 0.00000000000000000e+00
1.22070312500001409e-04 4.84773070789274635e-06
0.00000000000000000e+00 0.00000000000000000e+00
1.22070312500001409e-04 -3.07384260631125665e-03
0.00000000000000000e+00 0.00000000000000000e+00
1.22070312499999322e-04 1.32166728964839549e-04
0.00000000000000000e+00 0.00000000000000000e+00
1.22070312500002629e-04 -1.12745176570205511e-04
0.00000000000000000e+00 0.00000000000000000e+00
1.22070312500001626e-04 5.63376357401491291e-05
0.00000000000000000e+00 0.00000000000000000e+00
1.22070312499998740e-04 -2.64497453577542318e-04
0.00000000000000000e+00 0.00000000000000000e+00
1.22070312499998726e-04 3.31316402551543325e-04
0.00000000000000000e+00 0.00000000000000000e+00
1.22070312500001816e-04 -4.49756217292300792e-05
0.00000000000000000e+00 0.00000000000000000e+00
1.22070312500001626e-04 -7.14719050997636654e-06
0.00000000000000000e+00 0.00000000000000000e+00
1.22070312499998333e-04 2.08489771932754420e-03
0.00000000000000000e+00 0.00000000000000000e+00
1.22070312500000325e-04 1.08566572546406326e-04
0.00000000000000000e+00 0.00000000000000000e+00
1.22070312499997588e-04 -1.37253676194652702e-04
0.00000000000000000e+00 0.00000000000000000e+00
1.22070312500000000e-04 4.23879900855895494e-05
0.00000000000000000e+00 0.00000000000000000e+00
1.22070312499997818e-04 -3.51542056222979874e-04
0.00000000000000000e+00 0.00000000000000000e+00
1.22070312499998076e-04 2.51943916561999065e-04
0.00000000000000000e+00 0.00000000000000000e+00
1.22070312500001382e-04 -5.91447549009622314e-05
0.00000000000000000e+00 0.00000000000000000e+00
1.22070312500000379e-04 1.69368530661220805e-05
0.00000000000000000e+00 0.00000000000000000e+00
1.22070312500000705e-04 -8.79806959160150514e-04
0.00000000000000000e+00 0.00000000000000000e+00
1.22070312499997886e-04 1.61401025247041960e-04
0.00000000000000000e+00 0.00000000000000000e+00
1.22070312499999810e-04 -9.23238323365027029e-05
0.00000000000000000e+00 0.00000000000000000e+00
1.22070312499999336e-04 7.16158497377338964e-05
0.00000000000000000e+00 0.00000000000000000e+00
1.22070312499998929e-04 -2.08070716865298302e-04
0.00000000000000000e+00 0.00000000000000000e+00
1.22070312499998523e-04 4.68607315525084746e-04
0.00000000000000000e+00 0.00000000000000000e+00
1.22070312500001437e-04 -3.17988232367874378e-05
0.00000000000000000e+00 0.00000000000000000e+00
1.22070312499998333e-04 -2.23646321001889681e-05
0.00000000000000000e+00 0.00000000000000000e+00
1.22070312499999390e-04 6.66282419808804935e-04
0.00000000000000000e+00 0.00000000000000000e+00
1.22070312500000298e-04 8.42670283020575950e-05
0.00000000000000000e+00 0.00000000000000000e+00
1.22070312500000786e-04 -1.76832641355696799e-04
0.00000000000000000e+00 0.00000000000000000e+00
1.22070312499999824e-04 2.62095437219928709e-05
0.00000000000000000e+00 0.00000000000000000e+00
1.22070312500002006e-04 -5.68539511862808499e-04
0.00000000000000000e+00 0.00000000000000000e+00
1.22070312500001003e-04 1.88821439857113176e-04
0.00000000000000000e+00 0.00000000000000000e+00
1.22070312500000569e-04 -7.89166802515854361e-05
0.00000000000000000e+00 0.00000000000000000e+00
1.22070312500000027e-04 1.84926990114592302e-06
0.00000000000000000e+00 0.00000000000000000e+00
1.22070312500000651e-04 -8.05786174565521936e-03
0.00000000000000000e+00 0.00000000000000000e+00
1.22070312500001572e-04 1.25825744159049902e-04
0.00000000000000000e+00 0.00000000000000000e+00
1.22070312500000922e-04 -1.18426966543599952e-04
0.00000000000000000e+00 0.00000000000000000e+00
1.22070312500000867e-04 5.27434144594571782e-05
0.00000000000000000e+00 0.00000000000000000e+00
1.22070312500000813e-04 -2.82521739378514456e-04
0.00000000000000000e+00 0.00000000000000000e+00
1.22070312500000569e-04 3.07810775937947300e-04
0.00000000000000000e+00 0.00000000000000000e+00
1.22070312500002033e-04 -4.84101349228012359e-05
0.00000000000000000e+00 0.00000000000000000e+00
1.22070312500000434e-04 -1.01584493895668424e-05
0.00000000000000000e+00 0.00000000000000000e+00
1.22070312499999431e-04 1.46687359678665530e-03
0.00000000000000000e+00 0.00000000000000000e+00
1.22070312499999228e-04 1.03314255591057115e-04
0.00000000000000000e+00 0.00000000000000000e+00
1.22070312499999336e-04 -1.44231414228350306e-04
0.00000000000000000e+00 0.00000000000000000e+00
1.22070312500002467e-04 3.90583858236965976e-05
0.00000000000000000e+00 0.00000000000000000e+00
1.22070312500001328e-04 -3.81509908297542630e-04
0.00000000000000000e+00 0.00000000000000000e+00
1.22070312499999471e-04 2.36942224384074332e-04
0.00000000000000000e+00 0.00000000000000000e+00
1.22070312500000515e-04 -6.28894289845683546e-05
0.00000000000000000e+00 0.00000000000000000e+00
1.22070312500000461e-04 1.38928754001402569e-05
0.00000000000000000e+00 0.00000000000000000e+00
1.22070312499998469e-04 -1.07257574581713319e-03
0.00000000000000000e+00 0.00000000000000000e+00
1.22070312500001138e-04 1.53424496645677397e-04
0.00000000000000000e+00 0.00000000000000000e+00
1.22070312499999675e-04 -9.71237417728702579e-05
0.00000000000000000e+00 0.00000000000000000e+00
1.22070312499999512e-04 6.76449613889522171e-05
0.00000000000000000e+00 0.00000000000000000e+00
1.22070312500000000e-04 -2.20284865093909763e-04
0.00000000000000000e+00 0.00000000000000000e+00
1.22070312499999078e-04 4.25511315901197561e-04
0.00000000000000000e+00 0.00000000000000000e+00
1.22070312500002873e-04 -3.50194240129419971e-05
0.00000000000000000e+00 0.00000000000000000e+00
1.22070312499999173e-04 -1.62216974699380357e-05
0.00000000000000000e+00 0.00000000000000000e+00
1.22070312499999770e-04 9.18594445585093570e-04
0.00000000000000000e+00 0.00000000000000000e+00
1.22070312500000786e-04 9.34325382733308516e-05
0.00000000000000000e+00 0.00000000000000000e+00
1.22070312499998984e-04 -1.59485779464276336e-04
0.00000000000000000e+00 0.00000000000000000e+00
1.22070312500001193e-04 3.25498075720506640e-05
0.00000000000000000e+00 0.00000000000000000e+00
1.22070312500000325e-04 -4.57795677005594479e-04
0.00000000000000000e+00 0.00000000000000000e+00
1.22070312500001111e-04 2.10840258231040399e-04
0.00000000000000000e+00 0.00000000000000000e+00
1.22070312500002683e-04 -7.06751230475101118e-05
0.00000000000000000e+00 0.00000000000000000e+00
1.22070312500002358e-04 7.85204355777908808e-06
0.00000000000000000e+00 0.00000000000000000e+00
1.22070312499998455e-04 -1.89774306321632055e-03
0.00000000000000000e+00 0.00000000000000000e+00
1.22070312500000596e-04 1.38853992024098589e-04
0.00000000000000000e+00 0.00000000000000000e+00
1.22070312499999797e-04 -1.07315324367927929e-04
0.00000000000000000e+00 0.00000000000000000e+00
1.22070312499999539e-04 6.00142326926195318e-05
0.00000000000000000e+00 0.00000000000000000e+00
1.22070312499999268e-04 -2.48293788411304954e-04
0.00000000000000000e+00 0.00000000000000000e+00
1.22070312499999024e-04 3.58177915879870747e-04
0.00000000000000000e+00 0.00000000000000000e+00
1.22070312500000922e-04 -4.16026799341981228e-05
0.00000000000000000e+00 0.00000000000000000e+00
1.22070312499997981e-04 -4.14457547082838409e-06
0.00000000000000000e+00 0.00000000000000000e+00
1.22070312499999526e-04 3.59534077705535001e-03
0.00000000000000000e+00 0.00000000000000000e+00
1.22070312500004852e-04 1.14053356164063154e-04
0.00000000000000000e+00 0.00000000000000000e+00
1.22070312499998306e-04 -1.30650790954479299e-04
0.00000000000000000e+00 0.00000000000000000e+00
1.22070312500000678e-04 4.57748476361866764e-05
0.00000000000000000e+00 0.00000000000000000e+00
1.22070312500001599e-04 -3.25531639390260678e-04
0.00000000000000000e+00 0.00000000000000000e+00
1.22070312499998428e-04 2.68546907552237937e-04
0.00000000000000000e+00 0.00000000000000000e+00
1.22070312500000623e-04 -5.54881131556112116e-05
0.00000000000000000e+00 0.00000000000000000e+00
1.22070312499999621e-04 2.00016374218271710e-05
0.00000000000000000e+00 0.00000000000000000e+00
1.22070312499998319e-04 -7.44997065969518215e-04
0.00000000000000000e+00 0.00000000000000000e+00
1.22070312499998536e-04 1.69912730925130976e-04
0.00000000000000000e+00 0.00000000000000000e+00
1.22070312499998889e-04 -8.76989093913960486e-05
0.00000000000000000e+00 0.00000000000000000e+00
1.22070312500001952e-04 7.57027878130567489e-05
0.00000000000000000e+00 0.00000000000000000e+00
1.22070312500000867e-04 -1.96837680940432620e-04
0.00000000000000000e+00 0.00000000000000000e+00
1.22070312499998875e-04 5.20670972244222834e-04
0.00000000000000000e+00 0.00000000000000000e+00
1.22070312499999282e-04 -2.86191510343279360e-05
0.00000000000000000e+00 0.00000000000000000e+00
1.22070312500006505e-04 -2.74363933923236532e-05
0.00000000000000000e+00 0.00000000000000000e+00
1.22070312500003307e-04 5.43116618163710387e-04
0.00000000000000000e+00 0.00000000000000000e+00
1.22070312499992031e-04 7.72673841592935186e-05
0.00000000000000000e+00 0.00000000000000000e+00
1.22070312499998319e-04 -1.92851891596664460e-04
0.00000000000000000e+00 0.00000000000000000e+00
1.22070312500000461e-04 2.11570978978356892e-05
0.00000000000000000e+00 0.00000000000000000e+00
1.22070312499999228e-04 -7.04310263430220655e-04
0.00000000000000000e+00 0.00000000000000000e+00
1.22070312500005204e-04 1.73255948834434640e-04
0.00000000000000000e+00 0.00000000000000000e+00
1.22070312499998550e-04 -8.60066352358687924e-05
0.00000000000000000e+00 0.00000000000000000e+00
1.22070312500002196e-04 -3.02007887776809544e-06
0.00000000000000000e+00 0.00000000000000000e+00
1.22070312500006207e-04 4.93403046640250587e-03
0.00000000000000000e+00 0.00000000000000000e+00
1.22070312500003876e-04 1.16175983314152615e-04
0.00000000000000000e+00 0.00000000000000000e+00
1.22070312500001491e-04 -1.28263697614282708e-04
0.00000000000000000e+00 0.00000000000000000e+00
1.22070312500002656e-04 4.70608280556091411e-05
0.00000000000000000e+00 0.00000000000000000e+00
1.22070312499994172e-04 -3.16636187876697566e-04
0.00000000000000000e+00 0.00000000000000000e+00
1.22070312499998577e-04 2.75243741961843575e-04
0.00000000000000000e+00 0.00000000000000000e+00
1.22070312500001003e-04 -5.41380562828998451e-05
0.00000000000000000e+00 0.00000000000000000e+00
1.22070312499987843e-04 -1.50797003500297050e-05
0.00000000000000000e+00 0.00000000000000000e+00
1.22070312499987681e-04 9.88160298146844966e-04
0.00000000000000000e+00 0.00000000000000000e+00
1.22070312500002196e-04 9.52269503174964205e-05
0.00000000000000000e+00 0.00000000000000000e+00
1.22070312500008972e-04 -1.56480504144740297e-04
0.00000000000000000e+00 0.00000000000000000e+00
1.22070312500000352e-04 3.37562071273677882e-05
0.00000000000000000e+00 0.00000000000000000e+00
1.22070312500000298e-04 -4.41434700812769350e-04
0.00000000000000000e+00 0.00000000000000000e+00
1.22070312499997574e-04 2.15387925478527814e-04
0.00000000000000000e+00 0.00000000000000000e+00
1.22070312500001057e-04 -6.91828994626445866e-05
0.00000000000000000e+00 0.00000000000000000e+00
1.22070312500002467e-04 8.98091349036617687e-06
0.00000000000000000e+00 0.00000000000000000e+00
1.22070312500005123e-04 -1.65920328815526391e-03
0.00000000000000000e+00 0.00000000000000000e+00
1.22070312499992465e-04 1.41458565084316891e-04
0.00000000000000000e+00 0.00000000000000000e+00
1.22070312499996476e-04 -1.05339405817982492e-04
0.00000000000000000e+00 0.00000000000000000e+00
1.22070312500004255e-04 6.14156973265933130e-05
0.00000000000000000e+00 0.00000000000000000e+00
1.22070312499994037e-04 -2.42627892257028251e-04
0.00000000000000000e+00 0.00000000000000000e+00
1.22070312499995257e-04 3.69274365930383707e-04
0.00000000000000000e+00 0.00000000000000000e+00
1.22070312499995826e-04 -4.03525469641058258e-05
0.00000000000000000e+00 0.00000000000000000e+00
1.22070312500003226e-04 -2.12053207324461402e-05
0.00000000000000000e+00 0.00000000000000000e+00
1.22070312500002792e-04 7.02708597613927442e-04
0.00000000000000000e+00 0.00000000000000000e+00
1.22070312499999011e-04 8.59366019719641771e-05
0.00000000000000000e+00 0.00000000000000000e+00
1.22070312499992397e-04 -1.73397142217827731e-04
0.00000000000000000e+00 0.00000000000000000e+00
1.22070312500007752e-04 2.73872193981589156e-05
0.00000000000000000e+00 0.00000000000000000e+00
1.22070312499994525e-04 -5.44091788845536329e-04
0.00000000000000000e+00 0.00000000000000000e+00
1.22070312499997913e-04 1.92688335653148148e-04
0.00000000000000000e+00 0.00000000000000000e+00
1.22070312499997859e-04 -7.73329695507460823e-05
0.00000000000000000e+00 0.00000000000000000e+00
1.22070312499994715e-04 2.97323728728611674e-06
0.00000000000000000e+00 0.00000000000000000e+00
1.22070312499993170e-04 -5.01176319077527386e-03
0.00000000000000000e+00 0.00000000000000000e+00
1.22070312500001681e-04 1.28165239754039610e-04
0.00000000000000000e+00 0.00000000000000000e+00
1.22070312499997466e-04 -1.16265230903825261e-04
0.00000000000000000e+00 0.00000000000000000e+00
1.22070312500006397e-04 5.40820446426211308e-05
0.00000000000000000e+00 0.00000000000000000e+00
1.22070312499996639e-04 -2.75528806137361707e-04
0.00000000000000000e+00 0.00000000000000000e+00
1.22070312500004228e-04 3.16274762715187789e-04
0.00000000000000000e+00 0.00000000000000000e+00
1.22070312499993834e-04 -4.71146071407155679e-05
0.00000000000000000e+00 0.00000000000000000e+00
1.22070312499995433e-04 -9.02798159002987499e-06
0.00000000000000000e+00 0.00000000000000000e+00
1.22070312499999905e-04 1.65055289991878490e-03
0.00000000000000000e+00 0.00000000000000000e+00
1.22070312499997086e-04 1.05257759116460242e-04
0.00000000000000000e+00 0.00000000000000000e+00
1.22070312500004472e-04 -1.41568292151846129e-04
0.00000000000000000e+00 0.00000000000000000e+00
1.22070312499996680e-04 4.03006246218597523e-05
0.00000000000000000e+00 0.00000000000000000e+00
1.22070312499999471e-04 -3.69750130020681791e-04
0.00000000000000000e+00 0.00000000000000000e+00
1.22070312499997777e-04 2.42396315183722818e-04
0.00000000000000000e+00 0.00000000000000000e+00
1.22070312499997154e-04 -6.14743717640853785e-05
0.00000000000000000e+00 0.00000000000000000e+00
1.22070312500005069e-04 1.50321748307756884e-05
0.00000000000000000e+00 0.00000000000000000e+00
1.22070312500008972e-04 -9.91284452290446460e-04
0.00000000000000000e+00 0.00000000000000000e+00
1.22070312499997954e-04 1.56356826056806175e-04
0.00000000000000000e+00 0.00000000000000000e+00
1.22070312500001735e-04 -9.53022747368439282e-05
0.00000000000000000e+00 0.00000000000000000e+00
1.22070312500003930e-04 6.91210629989727558e-05
0.00000000000000000e+00 0.00000000000000000e+00
1.22070312500003930e-04 -2.15580613887092845e-04
0.00000000000000000e+00 0.00000000000000000e+00
1.22070312499996029e-04 4.40776614860488353e-04
0.00000000000000000e+00 0.00000000000000000e+00
1.22070312499998550e-04 -3.38066056398348270e-05
0.00000000000000000e+00 0.00000000000000000e+00
1.22070312500041064e-04 -2.43056285759513822e-05
0.00000000000000000e+00 0.00000000000000000e+00
1.22070312500016886e-04 6.13074504421665806e-04
0.00000000000000000e+00 0.00000000000000000e+00
1.22070312500010083e-04 8.15309225707062317e-05
0.00000000000000000e+00 0.00000000000000000e+00
1.22070312499998821e-04 -1.82766988573326882e-04
0.00000000000000000e+00 0.00000000000000000e+00
1.22070312500000840e-04 2.42569629725343913e-05
0.00000000000000000e+00 0.00000000000000000e+00
1.22070312500015802e-04 -6.14304486952154251e-04
0.00000000000000000e+00 0.00000000000000000e+00
1.22070312500014095e-04 1.82615321226522310e-04
0.00000000000000000e+00 0.00000000000000000e+00
1.22070312500007047e-04 -8.15986363781813392e-05
0.00000000000000000e+00 0.00000000000000000e+00
1.22070312499921951e-04 -2.34066895153117528e-08
0.00000000000000000e+00 0.00000000000000000e+00
1.22070312499764931e-04 6.36619764565351520e-01
0.00000000000000000e+00 0.00000000000000000e+00
1.22070312500051608e-04 1.22023508095433410e-04
0.00000000000000000e+00 0.00000000000000000e+00
1.22070312500023907e-04 -1.22117134857293962e-04
0.00000000000000000e+00 0.00000000000000000e+00
1.22070312499989890e-04 5.05357585358599747e-05
0.00000000000000000e+00 0.00000000000000000e+00
1.22070312499986095e-04 -2.94863708897647207e-04
0.00000000000000000e+00 0.00000000000000000e+00
1.22070312500015911e-04 2.94544047081369176e-04
0.00000000000000000e+00 0.00000000000000000e+00
1.22070312500045021e-04 -5.05906038214062819e-05
0.00000000000000000e+00 0.00000000000000000e+00
1.22070312500002683e-04 -1.20465105802017696e-05
0.00000000000000000e+00 0.00000000000000000e+00
1.22070312500030439e-04 1.23696908699486539e-03
0.00000000000000000e+00 0.00000000000000000e+00
1.22070312499994674e-04 1.00141351206602241e-04
0.00000000000000000e+00 0.00000000000000000e+00
1.22070312500005611e-04 -1.48801279534391105e-04
0.00000000000000000e+00 0.00000000000000000e+00
1.22070312499999539e-04 3.70040653957934897e-05
0.00000000000000000e+00 0.00000000000000000e+00
1.22070312499985499e-04 -4.02689840547527814e-04
0.00000000000000000e+00 0.00000000000000000e+00
1.22070312500013173e-04 2.28272195865182267e-04
0.00000000000000000e+00 0.00000000000000000e+00
1.22070312499980295e-04 -6.52780385161259516e-05
0.00000000000000000e+00 0.00000000000000000e+00
1.22070312500008945e-04 1.19992430852215412e-05
0.00000000000000000e+00 0.00000000000000000e+00
1.22070312499961186e-04 -1.24184176351850931e-03
0.00000000000000000e+00 0.00000000000000000e+00
1.22070312499999770e-04 1.48684959944867738e-04
0.00000000000000000e+00 0.00000000000000000e+00
1.22070312500003903e-04 -1.00219694038800047e-04
0.00000000000000000e+00 0.00000000000000000e+00
1.22070312499991625e-04 6.52178504531204659e-05
0.00000000000000000e+00 0.00000000000000000e+00
1.22070312500004228e-04 -2.28482863055406315e-04
0.00000000000000000e+00 0.00000000000000000e+00
1.22070312500014339e-04 4.02134292097691367e-04
0.00000000000000000e+00 0.00000000000000000e+00
1.22070312499986420e-04 -3.70551865052843238e-05
0.00000000000000000e+00 0.00000000000000000e+00
1.22070312500006072e-04 -1.81313427543943720e-05
0.00000000000000000e+00 0.00000000000000000e+00
1.22070312499997710e-04 8.21845430627509647e-04
0.00000000000000000e+00 0.00000000000000000e+00
1.22070312499992112e-04 9.04972376734855045e-05
0.00000000000000000e+00 0.00000000000000000e+00
1.22070312500002711e-04 -1.64658740718831467e-04
0.00000000000000000e+00 0.00000000000000000e+00
1.22070312499991367e-04 3.05521473901704097e-05
0.00000000000000000e+00 0.00000000000000000e+00
1.22070312500004120e-04 -4.87728767590358343e-04
0.00000000000000000e+00 0.00000000000000000e+00
1.22070312499998143e-04 2.03573480204225692e-04
0.00000000000000000e+00 0.00000000000000000e+00
1.22070312499996734e-04 -7.31979488629598134e-05
0.00000000000000000e+00 0.00000000000000000e+00
1.22070312499991123e-04 5.97346694415679343e-06
0.00000000000000000e+00 0.00000000000000000e+00
1.22070312500003226e-04 -2.49455824116318232e-03
0.00000000000000000e+00 0.00000000000000000e+00
1.22070312500002629e-04 1.34631945386565899e-04
0.00000000000000000e+00 0.00000000000000000e+00
1.22070312500001220e-04 -1.10680724036644852e-04
0.00000000000000000e+00 0.00000000000000000e+00
1.22070312500009378e-04 5.77063179270454954e-05
0.00000000000000000e+00 0.00000000000000000e+00
1.22070312500007427e-04 -2.58224085839072815e-04
0.00000000000000000e+00 0.00000000000000000e+00
1.22070312500004798e-04 3.40957543142348827e-04
0.00000000000000000e+00 0.00000000000000000e+00
1.22070312500007345e-04 -4.37038613561983270e-05
0.00000000000000000e+00 0.00000000000000000e+00
1.22070312499998306e-04 -6.02039330488884699e-06
0.00000000000000000e+00 0.00000000000000000e+00
1.22070312499994782e-04 2.47511423908787281e-03
0.00000000000000000e+00 0.00000000000000000e+00
1.22070312500006288e-04 1.10595455093551081e-04
0.00000000000000000e+00 0.00000000000000000e+00
1.22070312500005096e-04 -1.34735746430471770e-04
0.00000000000000000e+00 0.00000000000000000e+00
1.22070312500001979e-04 4.36510546970734147e-05
0.00000000000000000e+00 0.00000000000000000e+00
1.22070312499999688e-04 -3.41370014934539736e-04
0.00000000000000000e+00 0.00000000000000000e+00
1.22070312499993156e-04 2.57967999805773875e-04
0.00000000000000000e+00 0.00000000000000000e+00
1.22070312499992939e-04 -5.77636032572505996e-05
0.00000000000000000e+00 0.00000000000000000e+00
1.22070312499995772e-04 1.80834993140213084e-05
0.00000000000000000e+00 0.00000000000000000e+00
1.22070312500003795e-04 -8.24019783731737981e-04
0.00000000000000000e+00 0.00000000000000000e+00
1.22070312499994159e-04 1.64526819142001615e-04
0.00000000000000000e+00 0.00000000000000000e+00
1.22070312499994836e-04 -9.05698005441031687e-05
0.00000000000000000e+00 0.00000000000000000e+00
1.22070312499989402e-04 7.31343176497844817e-05
0.00000000000000000e+00 0.00000000000000000e+00
1.22070312500002196e-04 -2.03750601259506748e-04
0.00000000000000000e+00 0.00000000000000000e+00
1.22070312500013227e-04 4.86935849097709270e-04
0.00000000000000000e+00 0.00000000000000000e+00
1.22070312500007264e-04 -3.06018980148358130e-05
0.00000000000000000e+00 0.00000000000000000e+00
1.22070312500000867e-04 -2.58669401148208428e-05
0.00000000000000000e+00 0.00000000000000000e+00
1.22070312500004933e-04 5.76069729457790846e-04
0.00000000000000000e+00 0.00000000000000000e+00
1.22070312500002738e-04 7.93821402185147573e-05
0.00000000000000000e+00 0.00000000000000000e+00
1.22070312500002629e-04 -1.87714278713435807e-04
0.00000000000000000e+00 0.00000000000000000e+00
1.22070312500004039e-04 2.27034926853194822e-05
0.00000000000000000e+00 0.00000000000000000e+00
1.22070312500002792e-04 -6.56337833142412591e-04
0.00000000000000000e+00 0.00000000000000000e+00
1.22070312500002602e-04 1.77851959776365780e-04
0.00000000000000000e+00 0.00000000000000000e+00
1.22070312499995921e-04 -8.37840708226401341e-05
0.00000000000000000e+00 0.00000000000000000e+00
1.22070312499998970e-04 -1.52151358782278495e-06
0.00000000000000000e+00 0.00000000000000000e+00
1.22070312499999593e-04 9.79364319393039376e-03
0.00000000000000000e+00 0.00000000000000000e+00
1.22070312499998252e-04 1.19064747406937986e-04
0.00000000000000000e+00 0.00000000000000000e+00
1.22070312499999471e-04 -1.25151747417882761e-04
0.00000000000000000e+00 0.00000000000000000e+00
1.22070312500000922e-04 4.87897708046571794e-05
0.00000000000000000e+00 0.00000000000000000e+00
1.22070312499997737e-04 -3.05415683412569065e-04
0.00000000000000000e+00 0.00000000000000000e+00
1.22070312499995636e-04 2.84617761826696050e-04
0.00000000000000000e+00 0.00000000000000000e+00
1.22070312500000244e-04 -5.23549939336565912e-05
0.00000000000000000e+00 0.00000000000000000e+00
1.22070312500001681e-04 -1.35610377811153345e-05
0.00000000000000000e+00 0.00000000000000000e+00
1.22070312499999011e-04 1.09882159716431500e-03
0.00000000000000000e+00 0.00000000000000000e+00
1.22070312499986569e-04 9.76600251094586578e-05
0.00000000000000000e+00 0.00000000000000000e+00
1.22070312500003307e-04 -1.52581992244488662e-04
0.00000000000000000e+00 0.00000000000000000e+00
1.22070312499998130e-04 3.53743609246189378e-05
0.00000000000000000e+00 0.00000000000000000e+00
1.22070312499997913e-04 -4.21241848739013574e-04
0.00000000000000000e+00 0.00000000000000000e+00
1.22070312500003117e-04 2.21686481746408490e-04
0.00000000000000000e+00 0.00000000000000000e+00
1.22070312500000190e-04 -6.72172749391712463e-05
0.00000000000000000e+00 0.00000000000000000e+00
1.22070312499998509e-04 1.04884869178158531e-05
0.00000000000000000e+00 0.00000000000000000e+00
1.22070312500000352e-04 -1.42071600132638457e-03
0.00000000000000000e+00 0.00000000000000000e+00
1.22070312499994105e-04 1.45019083395797025e-04
0.00000000000000000e+00 0.00000000000000000e+00
1.22070312499998170e-04 -1.02753105625262697e-04
0.00000000000000000e+00 0.00000000000000000e+00
1.22070312500002927e-04 6.33046746790841958e-05
0.00000000000000000e+00 0.00000000000000000e+00
1.22070312499997303e-04 -2.35388006800245537e-04
0.00000000000000000e+00 0.00000000000000000e+00
1.22070312500001816e-04 3.85068272101357200e-04
0.00000000000000000e+00 0.00000000000000000e+00
1.22070312499999268e-04 -3.86974525647892250e-05
0.00000000000000000e+00 0.00000000000000000e+00
1.22070312499999702e-04 -1.96652930084022691e-05
0.00000000000000000e+00 0.00000000000000000e+00
1.22070312500000217e-04 7.57739088224171353e-04
0.00000000000000000e+00 0.00000000000000000e+00
1.22070312500001979e-04 8.81967003708643114e-05
0.00000000000000000e+00 0.00000000000000000e+00
1.22070312500000407e-04 -1.68953726513444897e-04
0.00000000000000000e+00 0.00000000000000000e+00
1.22070312500000488e-04 2.89650752065545778e-05
0.00000000000000000e+00 0.00000000000000000e+00
1.22070312500003253e-04 -5.14452701661657474e-04
0.00000000000000000e+00 0.00000000000000000e+00
1.22070312500001897e-04 1.98022555034048109e-04
0.00000000000000000e+00 0.00000000000000000e+00
1.22070312499998875e-04 -7.52498178365874307e-05
0.00000000000000000e+00 0.00000000000000000e+00
1.22070312499998360e-04 4.47267756633600242e-06
0.00000000000000000e+00 0.00000000000000000e+00
1.22070312499996978e-04 -3.33159745428619021e-03
0.00000000000000000e+00 0.00000000000000000e+00
1.22070312499999621e-04 1.31355892920766317e-04
0.00000000000000000e+00 0.00000000000000000e+00
1.22070312499999187e-04 -1.13441132046024939e-04
0.00000000000000000e+00 0.00000000000000000e+00
1.22070312500003063e-04 5.58840000587800434e-05
0.00000000000000000e+00 0.00000000000000000e+00
1.22070312499996774e-04 -2.66644498929434080e-04
0.00000000000000000e+00 0.00000000000000000e+00
1.22070312500003768e-04 3.28208926340591608e-04
0.00000000000000000e+00 0.00000000000000000e+00
1.22070312499999959e-04 -4.54014501067696199e-05
0.00000000000000000e+00 0.00000000000000000e+00
1.22070312499994321e-04 -7.52305007163560321e-06
0.00000000000000000e+00 0.00000000000000000e+00
1.22070312499997466e-04 1.98073401771308279e-03
0.00000000000000000e+00 0.00000000000000000e+00
1.22070312500000136e-04 1.07897656509382272e-04
0.00000000000000000e+00 0.00000000000000000e+00
1.22070312500004201e-04 -1.38104586104261971e-04
0.00000000000000000e+00 0.00000000000000000e+00
1.22070312500006207e-04 4.19687713025538307e-05
0.00000000000000000e+00 0.00000000000000000e+00
1.22070312499996707e-04 -3.55053548897680486e-04
0.00000000000000000e+00 0.00000000000000000e+00
1.22070312500003388e-04 2.49986478695000416e-04
0.00000000000000000e+00 0.00000000000000000e+00
1.22070312499997913e-04 -5.96078686800796513e-05
0.00000000000000000e+00 0.00000000000000000e+00
1.22070312499999092e-04 1.65552977546452229e-05
0.00000000000000000e+00 0.00000000000000000e+00
1.22070312500003849e-04 -9.00084155216477363e-04
0.00000000000000000e+00 0.00000000000000000e+00
1.22070312499999715e-04 1.60375957915824904e-04
0.00000000000000000e+00 0.00000000000000000e+00
1.22070312499997845e-04 -9.29139341550734820e-05
0.00000000000000000e+00 0.00000000000000000e+00
1.22070312499994471e-04 7.11133440386437464e-05
0.00000000000000000e+00 0.00000000000000000e+00
1.22070312500000027e-04 -2.09540999587225820e-04
0.00000000000000000e+00 0.00000000000000000e+00
1.22070312500001572e-04 4.62782422809319798e-04
0.00000000000000000e+00 0.00000000000000000e+00
1.22070312500001952e-04 -3.21990647427560997e-05
0.00000000000000000e+00 0.00000000000000000e+00
1.22070312499996666e-04 -2.27519288504162016e-05
0.00000000000000000e+00 0.00000000000000000e+00
1.22070312500005828e-04 6.54940567536670452e-04
0.00000000000000000e+00 0.00000000000000000e+00
1.22070312500004852e-04 8.37152223032095122e-05
0.00000000000000000e+00 0.00000000000000000e+00
1.22070312499996463e-04 -1.77998227608801610e-04
0.00000000000000000e+00 0.00000000000000000e+00
1.22070312500001464e-04 2.58180286733813428e-05
0.00000000000000000e+00 0.00000000000000000e+00
1.22070312499996097e-04 -5.77161075400409954e-04
0.00000000000000000e+00 0.00000000000000000e+00
1.22070312500000190e-04 1.87556858958902044e-04
0.00000000000000000e+00 0.00000000000000000e+00
1.22070312499996232e-04 -7.94487670382260010e-05
0.00000000000000000e+00 0.00000000000000000e+00
1.22070312499996693e-04 1.47469315799464696e-06
0.00000000000000000e+00 0.00000000000000000e+00
1.22070312499994850e-04 -1.01045842066096927e-02
0.00000000000000000e+00 0.00000000000000000e+00
1.22070312499995297e-04 1.25055765132856082e-04
0.00000000000000000e+00 0.00000000000000000e+00
1.22070312499998008e-04 -1.19156131490757311e-04
0.00000000000000000e+00 0.00000000000000000e+00
1.22070312500000623e-04 5.22995784189799240e-05
0.00000000000000000e+00 0.00000000000000000e+00
1.22070312500001220e-04 -2.84919336719553675e-04
0.00000000000000000e+00 0.00000000000000000e+00
1.22070312499998699e-04 3.05076151991657153e-04
0.00000000000000000e+00 0.00000000000000000e+00
1.22070312499997289e-04 -4.88440708871075736e-05
0.00000000000000000e+00 0.00000000000000000e+00
1.22070312500002141e-04 -1.05356474540852030e-05
0.00000000000000000e+00 0.00000000000000000e+00
1.22070312499997886e-04 1.41435647489083181e-03
0.00000000000000000e+00 0.00000000000000000e+00
1.22070312500002548e-04 1.02673148487841229e-04
0.00000000000000000e+00 0.00000000000000000e+00
1.22070312500003849e-04 -1.45132017604510398e-04
0.00000000000000000e+00 0.00000000000000000e+00
1.22070312500000515e-04 3.86459409335887283e-05
0.00000000000000000e+00 0.00000000000000000e+00
1.22070312500000949e-04 -3.85581534150085186e-04
0.00000000000000000e+00 0.00000000000000000e+00
1.22070312500004255e-04 2.35167288792222253e-04
0.00000000000000000e+00 0.00000000000000000e+00
1.22070312500002467e-04 -6.33640897523546896e-05
0.00000000000000000e+00 0.00000000000000000e+00
1.22070312500001626e-04 1.35136486748062651e-05
0.00000000000000000e+00 0.00000000000000000e+00
1.22070312500006614e-04 -1.10267489946104524e-03
0.00000000000000000e+00 0.00000000000000000e+00
1.22070312499999255e-04 1.52462096083285308e-04
0.00000000000000000e+00 0.00000000000000000e+00
1.22070312500000786e-04 -9.77368249332491662e-05
0.00000000000000000e+00 0.00000000000000000e+00
1.22070312500002548e-04 6.71562802131661526e-05
0.00000000000000000e+00 0.00000000000000000e+00
1.22070312499993142e-04 -2.21887828607398528e-04
0.00000000000000000e+00 0.00000000000000000e+00
1.22070312500001274e-04 4.20638374999481425e-04
0.00000000000000000e+00 0.00000000000000000e+00
1.22070312499997249e-04 -3.54251111631644487e-05
0.00000000000000000e+00 0.00000000000000000e+00
1.22070312499995528e-04 -1.66029746562615295e-05
0.00000000000000000e+00 0.00000000000000000e+00
1.22070312499992844e-04 8.97499484420893868e-04
0.00000000000000000e+00 0.00000000000000000e+00
1.22070312499999526e-04 9.28400209812710271e-05
0.00000000000000000e+00 0.00000000000000000e+00
1.22070312500001193e-04 -1.60503638800926643e-04
0.00000000000000000e+00 0.00000000000000000e+00
1.22070312499996910e-04 3.21489992864993710e-05
0.00000000000000000e+00 0.00000000000000000e+00
1.22070312500002548e-04 -4.63503111280567535e-04
0.00000000000000000e+00 0.00000000000000000e+00
1.22070312499997371e-04 2.09356368479788300e-04
0.00000000000000000e+00 0.00000000000000000e+00
1.22070312500004527e-04 -7.11760588037117618e-05
0.00000000000000000e+00 0.00000000000000000e+00
1.22070312500002765e-04 7.47605999891465438e-06
0.00000000000000000e+00 0.00000000000000000e+00
1.22070312500006288e-04 -1.99318373528549996e-03
0.00000000000000000e+00 0.00000000000000000e+00
1.22070312499998713e-04 1.37997899798974208e-04
0.00000000000000000e+00 0.00000000000000000e+00
1.22070312499995189e-04 -1.07981072288447643e-04
0.00000000000000000e+00 0.00000000000000000e+00
1.22070312499999607e-04 5.95499037668253701e-05
0.00000000000000000e+00 0.00000000000000000e+00
1.22070312499996246e-04 -2.50229811490471370e-04
0.00000000000000000e+00 0.00000000000000000e+00
1.22070312499998984e-04 3.54611190253528382e-04
0.00000000000000000e+00 0.00000000000000000e+00
1.22070312499996625e-04 -4.20211251178900168e-05
0.00000000000000000e+00 0.00000000000000000e+00
1.22070312500002439e-04 -4.51955445292822301e-06
0.00000000000000000e+00 0.00000000000000000e+00
1.22070312499996219e-04 3.29704207550823381e-03
0.00000000000000000e+00 0.00000000000000000e+00
1.22070312500000108e-04 1.13353920932342874e-04
0.00000000000000000e+00 0.00000000000000000e+00
1.22070312500002196e-04 -1.31456954212826629e-04
0.00000000000000000e+00 0.00000000000000000e+00
1.22070312500001057e-04 4.53481685865365631e-05
0.00000000000000000e+00 0.00000000000000000e+00
1.22070312499997493e-04 -3.28594553171662588e-04
0.00000000000000000e+00 0.00000000000000000e+00
1.22070312500006424e-04 2.66374546670149139e-04
0.00000000000000000e+00 0.00000000000000000e+00
1.22070312500002087e-04 -5.59406346444248794e-05
0.00000000000000000e+00 0.00000000000000000e+00
1.22070312499999200e-04 1.96172676660436455e-05
0.00000000000000000e+00 0.00000000000000000e+00
1.22070312499998089e-04 -7.59594121236389897e-04
0.00000000000000000e+00 0.00000000000000000e+00
1.22070312499999783e-04 1.68817307638527452e-04
0.00000000000000000e+00 0.00000000000000000e+00
1.22070312500000759e-04 -8.82679708750870449e-05
0.00000000000000000e+00 0.00000000000000000e+00
1.22070312500000217e-04 7.51852303450178190e-05
0.00000000000000000e+00 0.00000000000000000e+00
1.22070312500004012e-04 -1.98192665307632258e-04
0.00000000000000000e+00 0.00000000000000000e+00
1.22070312499997561e-04 5.13575846531633476e-04
0.00000000000000000e+00 0.00000000000000000e+00
1.22070312499998103e-04 -2.90145288071476546e-05
0.00000000000000000e+00 0.00000000000000000e+00
1.22070312500001193e-04 -2.66506155158253378e-05
0.00000000000000000e+00 0.00000000000000000e+00
1.22070312499999986e-04 5.59130095325427912e-04
0.00000000000000000e+00 0.00000000000000000e+00
1.22070312500002846e-04 7.83205994268214479e-05
0.00000000000000000e+00 0.00000000000000000e+00
1.22070312499998116e-04 -1.90258518230193547e-04
0.00000000000000000e+00 0.00000000000000000e+00
1.22070312500001789e-04 2.19294429900111452e-05
0.00000000000000000e+00 0.00000000000000000e+00
1.22070312499998265e-04 -6.79504773588397162e-04
0.00000000000000000e+00 0.00000000000000000e+00
1.22070312499999390e-04 1.75533678093697527e-04
0.00000000000000000e+00 0.00000000000000000e+00
1.22070312499999824e-04 -8.48906110535271223e-05
0.00000000000000000e+00 0.00000000000000000e+00
1.22070312500001572e-04 -2.27071070982171038e-06
0.00000000000000000e+00 0.00000000000000000e+00
1.22070312499999119e-04 6.56233360303797291e-03
0.00000000000000000e+00 0.00000000000000000e+00
1.22070312500001762e-04 1.17611826333653504e-04
0.00000000000000000e+00 0.00000000000000000e+00
1.22070312500000732e-04 -1.26697813122753533e-04
0.00000000000000000e+00 0.00000000000000000e+00
1.22070312500003063e-04 4.79232169930628429e-05
0.00000000000000000e+00 0.00000000000000000e+00
1.22070312499997317e-04 -3.10938249325060296e-04
0.00000000000000000e+00 0.00000000000000000e+00
1.22070312499998360e-04 2.79864816367008989e-04
0.00000000000000000e+00 0.00000000000000000e+00
1.22070312500001572e-04 -5.32441390357059563e-05
0.00000000000000000e+00 0.00000000000000000e+00
1.22070312500004120e-04 -1.43198224975303429e-05
0.00000000000000000e+00 0.00000000000000000e+00
1.22070312500000867e-04 1.04059678089018213e-03
0.00000000000000000e+00 0.00000000000000000e+00
1.22070312500005014e-04 9.64375904963252971e-05
0.00000000000000000e+00 0.00000000000000000e+00
1.22070312500001057e-04 -1.54516108471372993e-04
0.00000000000000000e+00 0.00000000000000000e+00
1.22070312499999905e-04 3.45638783424122924e-05
0.00000000000000000e+00 0.00000000000000000e+00
1.22070312499999011e-04 -4.31119478150814776e-04
0.00000000000000000e+00 0.00000000000000000e+00
1.22070312500000163e-04 2.18502614217870659e-04
0.00000000000000000e+00 0.00000000000000000e+00
1.22070312499999580e-04 -6.81967181362382697e-05
0.00000000000000000e+00 0.00000000000000000e+00
1.22070312500000325e-04 9.73433137097208995e-06
0.00000000000000000e+00 0.00000000000000000e+00
1.22070312499996503e-04 -1.53078425481614961e-03
0.00000000000000000e+00 0.00000000000000000e+00
1.22070312500000379e-04 1.43226007416096804e-04
0.00000000000000000e+00 0.00000000000000000e+00
1.22070312499995934e-04 -1.04039492985076560e-04
0.00000000000000000e+00 0.00000000000000000e+00
1.22070312500002250e-04 6.23572255452424620e-05
0.00000000000000000e+00 0.00000000000000000e+00
1.22070312499996680e-04 -2.38964467446301459e-04
0.00000000000000000e+00 0.00000000000000000e+00
1.22070312499998645e-04 3.77021660592525242e-04
0.00000000000000000e+00 0.00000000000000000e+00
1.22070312500002656e-04 -3.95233556884476902e-05
0.00000000000000000e+00 0.00000000000000000e+00
1.22070312500001220e-04 -2.04345159401376704e-05
0.00000000000000000e+00 0.00000000000000000e+00
1.22070312499997872e-04 7.29215276618189363e-04
0.00000000000000000e+00 0.00000000000000000e+00
1.22070312500000894e-04 8.70617057895707206e-05
0.00000000000000000e+00 0.00000000000000000e+00
1.22070312499999295e-04 -1.71156320206540725e-04
0.00000000000000000e+00 0.00000000000000000e+00
1.22070312499997886e-04 2.81750299838040516e-05
0.00000000000000000e+00 0.00000000000000000e+00
1.22070312500001518e-04 -5.28878272797305999e-04
0.00000000000000000e+00 0.00000000000000000e+00
1.22070312499999051e-04 1.95329258480103586e-04
0.00000000000000000e+00 0.00000000000000000e+00
1.22070312500001437e-04 -7.62873995928559117e-05
0.00000000000000000e+00 0.00000000000000000e+00
1.22070312499998848e-04 3.72281713052045712e-06
0.00000000000000000e+00 0.00000000000000000e+00
1.22070312500001924e-04 -4.00265730800686628e-03
0.00000000000000000e+00 0.00000000000000000e+00
1.22070312499996043e-04 1.29750161559487586e-04
0.00000000000000000e+00 0.00000000000000000e+00
1.22070312500000786e-04 -1.14845029977217420e-04
0.00000000000000000e+00 0.00000000000000000e+00
1.22070312500000407e-04 5.49805323567475709e-05
0.00000000000000000e+00 0.00000000000000000e+00
1.22070312500002575e-04 -2.71026135162882301e-04
0.00000000000000000e+00 0.00000000000000000e+00
1.22070312500000407e-04 3.22145219643064939e-04
0.00000000000000000e+00 0.00000000000000000e+00
1.22070312499998279e-04 -4.62560369834388120e-05
0.00000000000000000e+00 0.00000000000000000e+00
1.22070312499996043e-04 -8.27520283346216700e-06
0.00000000000000000e+00 0.00000000000000000e+00
1.22070312499998347e-04 1.80070041710576824e-03
0.00000000000000000e+00 0.00000000000000000e+00
1.22070312500001491e-04 1.06570636990687930e-04
0.00000000000000000e+00 0.00000000000000000e+00
1.22070312500001491e-04 -1.39824266933392797e-04
0.00000000000000000e+00 0.00000000000000000e+00
1.22070312500000840e-04 4.11329734365878388e-05
0.00000000000000000e+00 0.00000000000000000e+00
1.22070312499999200e-04 -3.62268028515370141e-04
0.00000000000000000e+00 0.00000000000000000e+00
1.22070312499996666e-04 2.46144441438798012e-04
0.00000000000000000e+00 0.00000000000000000e+00
1.22070312500000623e-04 -6.05382803151908409e-05
0.00000000000000000e+00 0.00000000000000000e+00
1.22070312499999621e-04 1.57931317200198666e-05
0.00000000000000000e+00 0.00000000000000000e+00
1.22070312500002656e-04 -9.43521618005591263e-04
0.00000000000000000e+00 0.00000000000000000e+00
1.22070312499998672e-04 1.58350396526835130e-04
0.00000000000000000e+00 0.00000000000000000e+00
1.22070312500000461e-04 -9.41024558237990089e-05
0.00000000000000000e+00 0.00000000000000000e+00
1.22070312500000244e-04 7.01136927781197941e-05
0.00000000000000000e+00 0.00000000000000000e+00
1.22070312500003226e-04 -2.12528546185755825e-04
0.00000000000000000e+00 0.00000000000000000e+00
1.22070312500000678e-04 4.51529789801167006e-04
0.00000000000000000e+00 0.00000000000000000e+00
1.22070312499999431e-04 -3.30015018508758833e-05
0.00000000000000000e+00 0.00000000000000000e+00
1.22070312500004716e-04 -2.35278599685218631e-05
0.00000000000000000e+00 0.00000000000000000e+00
1.22070312499998577e-04 6.33341120432701619e-04
0.00000000000000000e+00 0.00000000000000000e+00
1.22070312500000515e-04 8.26185368338630083e-05
0.00000000000000000e+00 0.00000000000000000e+00
1.22070312499994416e-04 -1.80360991187877395e-04
0.00000000000000000e+00 0.00000000000000000e+00
1.22070312500003388e-04 2.50365135315478609e-05
0.00000000000000000e+00 0.00000000000000000e+00
1.22070312499999377e-04 -5.95177166943452562e-04
0.00000000000000000e+00 0.00000000000000000e+00
1.22070312500000894e-04 1.85063106004869880e-04
0.00000000000000000e+00 0.00000000000000000e+00
1.22070312499997452e-04 -8.05193510231869911e-05
0.00000000000000000e+00 0.00000000000000000e+00
1.22070312500002277e-04 7.25615913448901104e-07
0.00000000000000000e+00 0.00000000000000000e+00
1.22070312499993685e-04 -2.05358798195846640e-02
0.00000000000000000e+00 0.00000000000000000e+00
1.22070312499999255e-04 1.23530222389795196e-04
0.00000000000000000e+00 0.00000000000000000e+00
1.22070312500001924e-04 -1.20627656176544966e-04
0.00000000000000000e+00 0.00000000000000000e+00
1.22070312499998347e-04 5.14153892237222712e-05
0.00000000000000000e+00 0.00000000000000000e+00
1.22070312500002304e-04 -2.89819087608370182e-04
0.00000000000000000e+00 0.00000000000000000e+00
1.22070312500001762e-04 2.99730759608734046e-04
0.00000000000000000e+00 0.00000000000000000e+00
1.22070312499998902e-04 -4.97151550721683030e-05
0.00000000000000000e+00 0.00000000000000000e+00
1.22070312499998862e-04 -1.12906502816868833e-05
0.00000000000000000e+00 0.00000000000000000e+00
1.22070312499994308e-04 1.31977882779804839e-03
0.00000000000000000e+00 0.00000000000000000e+00
1.22070312500002982e-04 1.01400797531507237e-04
0.00000000000000000e+00 0.00000000000000000e+00
1.22070312500000596e-04 -1.46953096588977960e-04
0.00000000000000000e+00 0.00000000000000000e+00
1.22070312500001437e-04 3.78234423670777969e-05
0.00000000000000000e+00 0.00000000000000000e+00
1.22070312500000732e-04 -3.93966288135048199e-04
0.00000000000000000e+00 0.00000000000000000e+00
1.22070312499999864e-04 2.31679593468902536e-04
0.00000000000000000e+00 0.00000000000000000e+00
1.22070312500000081e-04 -6.43179702223009385e-05
0.00000000000000000e+00 0.00000000000000000e+00
1.22070312499999471e-04 1.27559603672306854e-05
0.00000000000000000e+00 0.00000000000000000e+00
1.22070312500001084e-04 -1.16817242801488469e-03
0.00000000000000000e+00 0.00000000000000000e+00
1.22070312500001708e-04 1.50559235278854728e-04
0.00000000000000000e+00 0.00000000000000000e+00
1.22070312500003009e-04 -9.89720834211757971e-05
0.00000000000000000e+00 0.00000000000000000e+00
1.22070312500003605e-04 6.61838409447613497e-05
0.00000000000000000e+00 0.00000000000000000e+00
1.22070312499997696e-04 -2.25148026786244114e-04
0.00000000000000000e+00 0.00000000000000000e+00
1.22070312500002168e-04 4.11195101442606318e-04
0.00000000000000000e+00 0.00000000000000000e+00
1.22070312500002168e-04 -3.62386641805054289e-05
0.00000000000000000e+00 0.00000000000000000e+00
1.22070312499997981e-04 -1.73664916138985694e-05
0.00000000000000000e+00 0.00000000000000000e+00
1.22070312500000379e-04 8.58040963318323349e-04
0.00000000000000000e+00 0.00000000000000000e+00
1.22070312500003009e-04 9.16632320765972718e-05
0.00000000000000000e+00 0.00000000000000000e+00
1.22070312500001057e-04 -1.62564213112150293e-04
0.00000000000000000e+00 0.00000000000000000e+00
1.22070312500001599e-04 3.13493151721573688e-05
0.00000000000000000e+00 0.00000000000000000e+00
1.22070312499999309e-04 -4.75326529846584016e-04
0.00000000000000000e+00 0.00000000000000000e+00
1.22070312500003036e-04 2.06434920748226926e-04
0.00000000000000000e+00 0.00000000000000000e+00
1.22070312500004283e-04 -7.21833357449303486e-05
0.00000000000000000e+00 0.00000000000000000e+00
1.22070312500001193e-04 6.72450952206929680e-06
0.00000000000000000e+00 0.00000000000000000e+00
1.22070312499999349e-04 -2.21594766799689067e-03
0.00000000000000000e+00 0.00000000000000000e+00
1.22070312499999661e-04 1.36303391772503191e-04
0.00000000000000000e+00 0.00000000000000000e+00
1.22070312499997845e-04 -1.09323480509696468e-04
0.00000000000000000e+00 0.00000000000000000e+00
1.22070312500002250e-04 5.86253944423645014e-05
0.00000000000000000e+00 0.00000000000000000e+00
1.22070312500000190e-04 -2.54175879507254662e-04
0.00000000000000000e+00 0.00000000000000000e+00
1.22070312500000678e-04 3.47665062689893301e-04
0.00000000000000000e+00 0.00000000000000000e+00
1.22070312500000840e-04 -4.28606805600698532e-05
0.00000000000000000e+00 0.00000000000000000e+00
1.22070312499999634e-04 -5.26977509947418971e-06
0.00000000000000000e+00 0.00000000000000000e+00
1.22070312500002467e-04 2.82766549095021585e-03
0.00000000000000000e+00 0.00000000000000000e+00
1.22070312499997791e-04 1.11966925494000520e-04
0.00000000000000000e+00 0.00000000000000000e+00
1.22070312499998658e-04 -1.33085383278168579e-04
0.00000000000000000e+00 0.00000000000000000e+00
1.22070312500000922e-04 4.44977136514799497e-05
0.00000000000000000e+00 0.00000000000000000e+00
1.22070312499998469e-04 -3.34874760320461842e-04
0.00000000000000000e+00 0.00000000000000000e+00
1.22070312500005421e-04 2.62115892810608640e-04
0.00000000000000000e+00 0.00000000000000000e+00
1.22070312500001355e-04 -5.68495142895203778e-05
0.00000000000000000e+00 0.00000000000000000e+00
1.22070312500003605e-04 1.88496568680512565e-05
0.00000000000000000e+00 0.00000000000000000e+00
1.22070312499999499e-04 -7.90526920365624912e-04
0.00000000000000000e+00 0.00000000000000000e+00
1.22070312499999959e-04 1.66654092564427552e-04
0.00000000000000000e+00 0.00000000000000000e+00
1.22070312500000678e-04 -8.94137129460947314e-05
0.00000000000000000e+00 0.00000000000000000e+00
1.22070312500002331e-04 7.41559515766040234e-05
0.00000000000000000e+00 0.00000000000000000e+00
1.22070312500001301e-04 -2.00943563895272602e-04
0.00000000000000000e+00 0.00000000000000000e+00
1.22070312500002358e-04 4.99921128340498561e-04
0.00000000000000000e+00 0.00000000000000000e+00
1.22070312499996449e-04 -2.98070242466330363e-05
0.00000000000000000e+00 0.00000000000000000e+00
1.22070312499998753e-04 -2.50852999848779024e-05
0.00000000000000000e+00 0.00000000000000000e+00
1.22070312500002114e-04 5.94019653056946837e-04
0.00000000000000000e+00 0.00000000000000000e+00
1.22070312499996720e-04 8.04521865365730073e-05
0.00000000000000000e+00 0.00000000000000000e+00
1.22070312499997642e-04 -1.85217603589603617e-04
0.00000000000000000e+00 0.00000000000000000e+00
1.22070312500002738e-04 2.34793111154507067e-05
0.00000000000000000e+00 0.00000000000000000e+00
1.22070312500002087e-04 -6.34650698249915194e-04
0.00000000000000000e+00 0.00000000000000000e+00
1.22070312500001491e-04 1.80212065903406256e-04
0.00000000000000000e+00 0.00000000000000000e+00
1.22070312500000894e-04 -8.26868118910235688e-05
0.00000000000000000e+00 0.00000000000000000e+00
1.22070312499995907e-04 -7.72431055111910315e-07
0.00000000000000000e+00 0.00000000000000000e+00
1.22070312499998374e-04 1.92912507792938684e-02
0.00000000000000000e+00 0.00000000000000000e+00
1.22070312500005069e-04 1.20535164430959256e-04
0.00000000000000000e+00 0.00000000000000000e+00
1.22070312499999648e-04 -1.23625012370417173e-04
0.00000000000000000e+00 0.00000000000000000e+00
1.22070312500002114e-04 4.96605854640414055e-05
0.00000000000000000e+00 0.00000000000000000e+00
1.22070312499997750e-04 -3.00060119199306509e-04
0.00000000000000000e+00 0.00000000000000000e+00
1.22070312499997791e-04 2.89508678439927237e-04
0.00000000000000000e+00 0.00000000000000000e+00
1.22070312500003442e-04 -5.14705164423529939e-05
0.00000000000000000e+00 0.00000000000000000e+00
1.22070312499998292e-04 -1.28032868274062824e-05
0.00000000000000000e+00 0.00000000000000000e+00
1.22070312499999214e-04 1.16385435980029717e-03
0.00000000000000000e+00 0.00000000000000000e+00
1.22070312499998821e-04 9.88945207684453401e-05
0.00000000000000000e+00 0.00000000000000000e+00
1.22070312500002629e-04 -1.50677318400047695e-04
0.00000000000000000e+00 0.00000000000000000e+00
1.22070312500000163e-04 3.61877309304847419e-05
0.00000000000000000e+00 0.00000000000000000e+00
1.22070312499998862e-04 -4.11773847397957566e-04
0.00000000000000000e+00 0.00000000000000000e+00
1.22070312500004527e-04 2.24942106584915836e-04
0.00000000000000000e+00 0.00000000000000000e+00
1.22070312499997642e-04 -6.62444280445215514e-05
0.00000000000000000e+00 0.00000000000000000e+00
1.22070312500000705e-04 1.12434380890751456e-05
0.00000000000000000e+00 0.00000000000000000e+00
1.22070312500001409e-04 -1.32532069601793649e-03
0.00000000000000000e+00 0.00000000000000000e+00
1.22070312499998550e-04 1.46838492752361367e-04
0.00000000000000000e+00 0.00000000000000000e+00
1.22070312499997574e-04 -1.01479938363148979e-04
0.00000000000000000e+00 0.00000000000000000e+00
1.22070312499998618e-04 6.42581727790025517e-05
0.00000000000000000e+00 0.00000000000000000e+00
1.22070312500002412e-04 -2.31895190127733247e-04
0.00000000000000000e+00 0.00000000000000000e+00
1.22070312500001030e-04 3.93432530527812636e-04
0.00000000000000000e+00 0.00000000000000000e+00
1.22070312500000922e-04 -3.78747562481845888e-05
0.00000000000000000e+00 0.00000000000000000e+00
1.22070312499992641e-04 -1.88975893253122598e-05
0.00000000000000000e+00 0.00000000000000000e+00
1.22070312500000407e-04 7.88521802296113261e-04
0.00000000000000000e+00 0.00000000000000000e+00
1.22070312500002277e-04 8.93418033207065017e-05
0.00000000000000000e+00 0.00000000000000000e+00
1.22070312499997967e-04 -1.66788229473691964e-04
0.00000000000000000e+00 0.00000000000000000e+00
1.22070312499997845e-04 2.97574243349647081e-05
0.00000000000000000e+00 0.00000000000000000e+00
1.22070312499995785e-04 -5.00754400855130404e-04
0.00000000000000000e+00 0.00000000000000000e+00
1.22070312500002819e-04 2.00770007850670300e-04
0.00000000000000000e+00 0.00000000000000000e+00
1.22070312499997628e-04 -7.42200558408659795e-05
0.00000000000000000e+00 0.00000000000000000e+00
1.22070312500000569e-04 5.22287525139361506e-06
0.00000000000000000e+00 0.00000000000000000e+00
1.22070312499995812e-04 -2.85305707615122334e-03
0.00000000000000000e+00 0.00000000000000000e+00
1.22070312499999932e-04 1.32982969706677717e-04
0.00000000000000000e+00 0.00000000000000000e+00
1.22070312500001626e-04 -1.12053154074663326e-04
0.00000000000000000e+00 0.00000000000000000e+00
1.22070312500004418e-04 5.67925578700108078e-05
0.00000000000000000e+00 0.00000000000000000e+00
1.22070312500001057e-04 -2.62378764977523127e-04
0.00000000000000000e+00 0.00000000000000000e+00
1.22070312499998740e-04 3.34476064694217161e-04
0.00000000000000000e+00 0.00000000000000000e+00
1.22070312499998984e-04 -4.45507549470539938e-05
0.00000000000000000e+00 0.00000000000000000e+00
1.22070312500001220e-04 -6.77146595466036324e-06
0.00000000000000000e+00 0.00000000000000000e+00
1.22070312499998997e-04 2.20058127643621383e-03
0.00000000000000000e+00 0.00000000000000000e+00
1.22070312500001843e-04 1.09239148958443130e-04
0.00000000000000000e+00 0.00000000000000000e+00
1.22070312500000217e-04 -1.36408616653692464e-04
0.00000000000000000e+00 0.00000000000000000e+00
1.22070312499996436e-04 4.28081030336680172e-05
0.00000000000000000e+00 0.00000000000000000e+00
1.22070312499999797e-04 -3.48092069908531858e-04
0.00000000000000000e+00 0.00000000000000000e+00
1.22070312500002467e-04 2.53926301628634959e-04
0.00000000000000000e+00 0.00000000000000000e+00
1.22070312499998997e-04 -5.86830158919147784e-05
0.00000000000000000e+00 0.00000000000000000e+00
1.22070312500001843e-04 1.73187333499011631e-05
0.00000000000000000e+00 0.00000000000000000e+00
1.22070312499999458e-04 -8.60407103267287724e-04
0.00000000000000000e+00 0.00000000000000000e+00
1.22070312499998347e-04 1.62434442745659698e-04
0.00000000000000000e+00 0.00000000000000000e+00
1.22070312499997913e-04 -9.17364626736194051e-05
0.00000000000000000e+00 0.00000000000000000e+00
1.22070312499997967e-04 7.21201676269259243e-05
0.00000000000000000e+00 0.00000000000000000e+00
1.22070312499997262e-04 -2.06615731551413793e-04
0.00000000000000000e+00 0.00000000000000000e+00
1.22070312500003578e-04 4.74571047868896042e-04
0.00000000000000000e+00 0.00000000000000000e+00
1.22070312499996788e-04 -3.13992209612499502e-05
0.00000000000000000e+00 0.00000000000000000e+00
1.22070312500000379e-04 -2.19777704937462584e-05
0.00000000000000000e+00 0.00000000000000000e+00
1.22070312499998753e-04 6.78010592479710199e-04
0.00000000000000000e+00 0.00000000000000000e+00
1.22070312500000840e-04 8.48211765661159014e-05
0.00000000000000000e+00 0.00000000000000000e+00
1.22070312499997330e-04 -1.75677369698274007e-04
0.00000000000000000e+00 0.00000000000000000e+00
1.22070312499999065e-04 2.66015749079779556e-05
0.00000000000000000e+00 0.00000000000000000e+00
1.22070312500000894e-04 -5.60160864362172308e-04
0.00000000000000000e+00 0.00000000000000000e+00
1.22070312500002711e-04 1.90098080414683981e-04
0.00000000000000000e+00 0.00000000000000000e+00
1.22070312499997655e-04 -7.83866999674152112e-05
0.00000000000000000e+00 0.00000000000000000e+00
1.22070312499994931e-04 2.22388146460179922e-06
0.00000000000000000e+00 0.00000000000000000e+00
1.22070312499997994e-04 -6.70051953353991130e-03
0.00000000000000000e+00 0.00000000000000000e+00
1.22070312500001409e-04 1.26600608529703042e-04
0.00000000000000000e+00 0.00000000000000000e+00
1.22070312500003253e-04 -1.17702129293887939e-04
0.00000000000000000e+00 0.00000000000000000e+00
1.22070312500000352e-04 5.31884287517129454e-05
0.00000000000000000e+00 0.00000000000000000e+00
1.22070312500003768e-04 -2.80157950583728385e-04
0.00000000000000000e+00 0.00000000000000000e+00
1.22070312500003063e-04 3.10588040697763778e-04
0.00000000000000000e+00 0.00000000000000000e+00
1.22070312499998225e-04 -4.79772536005286976e-05
0.00000000000000000e+00 0.00000000000000000e+00
1.22070312500002846e-04 -9.78144388112664530e-06
0.00000000000000000e+00 0.00000000000000000e+00
1.22070312500001762e-04 1.52341120339087675e-03
0.00000000000000000e+00 0.00000000000000000e+00
1.22070312499998591e-04 1.03958700731720529e-04
0.00000000000000000e+00 0.00000000000000000e+00
1.22070312499999621e-04 -1.43337316539786434e-04
0.00000000000000000e+00 0.00000000000000000e+00
1.22070312499999485e-04 3.94716412603626361e-05
0.00000000000000000e+00 0.00000000000000000e+00
1.22070312500001708e-04 -3.77515621799373200e-04
0.00000000000000000e+00 0.00000000000000000e+00
1.22070312499999837e-04 2.38738426193047546e-04
0.00000000000000000e+00 0.00000000000000000e+00
1.22070312499996693e-04 -6.24162663357679271e-05
0.00000000000000000e+00 0.00000000000000000e+00
1.22070312499998184e-04 1.42723670449893356e-05
0.00000000000000000e+00 0.00000000000000000e+00
1.22070312500001491e-04 -1.04405675294625528e-03
0.00000000000000000e+00 0.00000000000000000e+00
1.22070312499998225e-04 1.54394347952487785e-04
0.00000000000000000e+00 0.00000000000000000e+00
1.22070312499997005e-04 -9.65136443882864395e-05
0.00000000000000000e+00 0.00000000000000000e+00
1.22070312499998929e-04 6.81353070166770933e-05
0.00000000000000000e+00 0.00000000000000000e+00
1.22070312499997005e-04 -2.18699553084883869e-04
0.00000000000000000e+00 0.00000000000000000e+00
1.22070312500001681e-04 4.30489608846596665e-04
0.00000000000000000e+00 0.00000000000000000e+00
1.22070312499996693e-04 -3.46144503551937410e-05
0.00000000000000000e+00 0.00000000000000000e+00
1.22070312499996815e-04 -1.58407310480512444e-05
0.00000000000000000e+00 0.00000000000000000e+00
1.22070312500000623e-04 9.40686458765441907e-04
0.00000000000000000e+00 0.00000000000000000e+00
1.22070312499999160e-04 9.40278448409056887e-05
0.00000000000000000e+00 0.00000000000000000e+00
1.22070312500001762e-04 -1.58476047377884065e-04
0.00000000000000000e+00 0.00000000000000000e+00
1.22070312500000894e-04 3.29512721717416636e-05
0.00000000000000000e+00 0.00000000000000000e+00
1.22070312500000840e-04 -4.52218084818781230e-04
0.00000000000000000e+00 0.00000000000000000e+00
1.22070312499996476e-04 2.12339958054108649e-04
0.00000000000000000e+00 0.00000000000000000e+00
1.22070312499999458e-04 -7.01759637253523267e-05
0.00000000000000000e+00 0.00000000000000000e+00
1.22070312500002575e-04 8.22817554213506603e-06
0.00000000000000000e+00 0.00000000000000000e+00
1.22070312500003117e-04 -1.81099213519940114e-03
0.00000000000000000e+00 0.00000000000000000e+00
1.22070312499999200e-04 1.39716080342627450e-04
0.00000000000000000e+00 0.00000000000000000e+00
1.22070312500002521e-04 -1.06653158013778504e-04
0.00000000000000000e+00 0.00000000000000000e+00
1.22070312500000705e-04 6.04799644539769831e-05
0.00000000000000000e+00 0.00000000000000000e+00
1.22070312500002602e-04 -2.46381778302579989e-04
0.00000000000000000e+00 0.00000000000000000e+00
1.22070312499997954e-04 3.61809440305188405e-04
0.00000000000000000e+00 0.00000000000000000e+00
1.22070312500000217e-04 -4.11851088829491856e-05
0.00000000000000000e+00 0.00000000000000000e+00
1.22070312500000108e-04 -3.76967459986307105e-06
0.00000000000000000e+00 0.00000000000000000e+00
1.22070312500001491e-04 3.95290383800789638e-03
0.00000000000000000e+00 0.00000000000000000e+00
1.22070312500001952e-04 1.14756812760627840e-04
0.00000000000000000e+00 0.00000000000000000e+00
1.22070312499999661e-04 -1.29849904640782853e-04
0.00000000000000000e+00 0.00000000000000000e+00
1.22070312500000840e-04 4.62025095632769250e-05
0.00000000000000000e+00 0.00000000000000000e+00
1.22070312499998929e-04 -3.22518437519943985e-04
0.00000000000000000e+00 0.00000000000000000e+00
1.22070312499999566e-04 2.70748791706178552e-04
0.00000000000000000e+00 0.00000000000000000e+00
1.22070312500001138e-04 -5.50368520573832264e-05
0.00000000000000000e+00 0.00000000000000000e+00
1.22070312500003740e-04 2.03863938154451364e-05
0.00000000000000000e+00 0.00000000000000000e+00
1.22070312500003740e-04 -7.30936590784281477e-04
0.00000000000000000e+00 0.00000000000000000e+00
1.22070312499998482e-04 1.71017550096532188e-04
0.00000000000000000e+00 0.00000000000000000e+00
1.22070312500004391e-04 -8.71323509513308679e-05
0.00000000000000000e+00 0.00000000000000000e+00
1.22070312499998767e-04 7.62223184704197571e-05
0.00000000000000000e+00 0.00000000000000000e+00
1.22070312500002765e-04 -1.95496037025313425e-04
0.00000000000000000e+00 0.00000000000000000e+00
1.22070312499999024e-04 5.27954252772476853e-04
0.00000000000000000e+00 0.00000000000000000e+00
1.22070312500002277e-04 -2.82243416273230351e-05
0.00000000000000000e+00 0.00000000000000000e+00
1.22070312499996680e-04 -2.76331743130260440e-05
0.00000000000000000e+00 0.00000000000000000e+00
1.22070312500001681e-04 5.39248984754754287e-04
0.00000000000000000e+00 0.00000000000000000e+00
1.22070312500000515e-04 7.70053604996434279e-05
0.00000000000000000e+00 0.00000000000000000e+00
1.22070312499998048e-04 -1.93508102516014725e-04
0.00000000000000000e+00 0.00000000000000000e+00
1.22070312499998441e-04 2.09642705051754267e-05
0.00000000000000000e+00 0.00000000000000000e+00
1.22070312500001816e-04 -7.10788443135615075e-04
0.00000000000000000e+00 0.00000000000000000e+00
1.22070312499998130e-04 1.72692708578610696e-04
0.00000000000000000e+00 0.00000000000000000e+00
1.22070312500002114e-04 -8.62871473642131401e-05
0.00000000000000000e+00 0.00000000000000000e+00
1.22070312499999634e-04 -3.20745426636328153e-06
0.00000000000000000e+00 0.00000000000000000e+00
1.22070312499998713e-04 4.64579069766276557e-03
0.00000000000000000e+00 0.00000000000000000e+00
1.22070312500000108e-04 1.15819643211576175e-04
0.00000000000000000e+00 0.00000000000000000e+00
1.22070312500000786e-04 -1.28658324103335235e-04
0.00000000000000000e+00 0.00000000000000000e+00
1.22070312500000596e-04 4.68458704836361781e-05
0.00000000000000000e+00 0.00000000000000000e+00
1.22070312499999946e-04 -3.18089108815954535e-04
0.00000000000000000e+00 0.00000000000000000e+00
1.22070312499998252e-04 2.74108397356201611e-04
0.00000000000000000e+00 0.00000000000000000e+00
1.22070312500000867e-04 -5.43622936676546595e-05
0.00000000000000000e+00 0.00000000000000000e+00
1.22070312499999295e-04 -1.52698476052084215e-05
0.00000000000000000e+00 0.00000000000000000e+00
1.22070312500000488e-04 9.75855265822397270e-04
0.00000000000000000e+00 0.00000000000000000e+00
1.22070312500000217e-04 9.49261025679997398e-05
0.00000000000000000e+00 0.00000000000000000e+00
1.22070312499998035e-04 -1.56976435255763149e-04
0.00000000000000000e+00 0.00000000000000000e+00
1.22070312499999851e-04 3.35547197776307109e-05
0.00000000000000000e+00 0.00000000000000000e+00
1.22070312499999363e-04 -4.44085401177473607e-04
0.00000000000000000e+00 0.00000000000000000e+00
1.22070312499999024e-04 2.14619771937117268e-04
0.00000000000000000e+00 0.00000000000000000e+00
1.22070312500000352e-04 -6.94305145297333858e-05
0.00000000000000000e+00 0.00000000000000000e+00
1.22070312500000732e-04 8.79266751020204340e-06
0.00000000000000000e+00 0.00000000000000000e+00
1.22070312500001274e-04 -1.69472588114597390e-03
0.00000000000000000e+00 0.00000000000000000e+00
1.22070312499999770e-04 1.41020630027793690e-04
0.00000000000000000e+00 0.00000000000000000e+00
1.22070312499998333e-04 -1.05666533973863106e-04
0.00000000000000000e+00 0.00000000000000000e+00
1.22070312500002060e-04 6.11812256463210142e-05
0.00000000000000000e+00 0.00000000000000000e+00
1.22070312499999390e-04 -2.43557742370006057e-04
0.00000000000000000e+00 0.00000000000000000e+00
1.22070312499998021e-04 3.67382295966803122e-04
0.00000000000000000e+00 0.00000000000000000e+00
1.22070312499999078e-04 -4.05603681980227213e-05
0.00000000000000000e+00 0.00000000000000000e+00
1.22070312500000569e-04 -2.13982764805349360e-05
0.00000000000000000e+00 0.00000000000000000e+00
1.22070312500000569e-04 6.96372028251979322e-04
0.00000000000000000e+00 0.00000000000000000e+00
1.22070312500001193e-04 8.56568464514165077e-05
0.00000000000000000e+00 0.00000000000000000e+00
1.22070312499999417e-04 -1.73963457810688218e-04
0.00000000000000000e+00 0.00000000000000000e+00
1.22070312500000705e-04 2.71906078659584612e-05
0.00000000000000000e+00 0.00000000000000000e+00
1.22070312499999675e-04 -5.48026041466460434e-04
0.00000000000000000e+00 0.00000000000000000e+00
1.22070312499998319e-04 1.92036086783650174e-04
0.00000000000000000e+00 0.00000000000000000e+00
1.22070312499996449e-04 -7.75956302975255624e-05
0.00000000000000000e+00 0.00000000000000000e+00
1.22070312500001762e-04 2.78587953791502986e-06
0.00000000000000000e+00 0.00000000000000000e+00
1.22070312500001166e-04 -5.34881748871200106e-03
0.00000000000000000e+00 0.00000000000000000e+00
1.22070312500001437e-04 1.27772199616967442e-04
0.00000000000000000e+00 0.00000000000000000e+00
1.22070312500000678e-04 -1.16622874447790337e-04
0.00000000000000000e+00 0.00000000000000000e+00
1.22070312500000379e-04 5.38581881194723566e-05
0.00000000000000000e+00 0.00000000000000000e+00
1.22070312500000000e-04 -2.76674015857945464e-04
0.00000000000000000e+00 0.00000000000000000e+00
1.22070312500000949e-04 3.14836214871013159e-04
0.00000000000000000e+00 0.00000000000000000e+00
1.22070312499999810e-04 -4.73298829359679641e-05
0.00000000000000000e+00 0.00000000000000000e+00
1.22070312500000298e-04 -9.21628082937554983e-06
0.00000000000000000e+00 0.00000000000000000e+00
1.22070312499998523e-04 1.61683020186956868e-03
0.00000000000000000e+00 0.00000000000000000e+00
1.22070312499998428e-04 1.04931711331376494e-04
0.00000000000000000e+00 0.00000000000000000e+00
1.22070312499998753e-04 -1.42008178507538449e-04
0.00000000000000000e+00 0.00000000000000000e+00
1.22070312499998889e-04 4.00930665095977057e-05
0.00000000000000000e+00 0.00000000000000000e+00
1.22070312500000163e-04 -3.71664292385311503e-04
0.00000000000000000e+00 0.00000000000000000e+00
1.22070312499999119e-04 2.41473522470806253e-04
0.00000000000000000e+00 0.00000000000000000e+00
1.22070312500001789e-04 -6.17092964950193338e-05
0.00000000000000000e+00 0.00000000000000000e+00
1.22070312500001355e-04 1.48421174933285408e-05
0.00000000000000000e+00 0.00000000000000000e+00
1.22070312500001409e-04 -1.00397811838813544e-03
0.00000000000000000e+00 0.00000000000000000e+00
1.22070312500002114e-04 1.55863325997235996e-04
0.00000000000000000e+00 0.00000000000000000e+00
1.22070312499999133e-04 -9.56040242212698209e-05
0.00000000000000000e+00 0.00000000000000000e+00
1.22070312499999106e-04 6.88739852857749274e-05
0.00000000000000000e+00 0.00000000000000000e+00
1.22070312500000027e-04 -2.16353985209640913e-04
0.00000000000000000e+00 0.00000000000000000e+00
1.22070312500001491e-04 4.38162394312256807e-04
0.00000000000000000e+00 0.00000000000000000e+00
1.22070312500000190e-04 -3.40083069366027723e-05
0.00000000000000000e+00 0.00000000000000000e+00
1.22070312500002792e-04 -2.45003654761035665e-05
0.00000000000000000e+00 0.00000000000000000e+00
1.22070312499999973e-04 6.08201588191845870e-04
0.00000000000000000e+00 0.00000000000000000e+00
1.22070312500002250e-04 8.12604136671627575e-05
0.00000000000000000e+00 0.00000000000000000e+00
1.22070312499999092e-04 -1.83375404103666028e-04
0.00000000000000000e+00 0.00000000000000000e+00
1.22070312500000054e-04 2.40623745649209711e-05
0.00000000000000000e+00 0.00000000000000000e+00
1.22070312500003903e-04 -6.19272264823373980e-04
0.00000000000000000e+00 0.00000000000000000e+00
1.22070312500004662e-04 1.82010387651424253e-04
0.00000000000000000e+00 0.00000000000000000e+00
1.22070312500000325e-04 -8.18698393323880411e-05
0.00000000000000000e+00 0.00000000000000000e+00
1.22070312500001599e-04 -2.10660412539229347e-07
0.00000000000000000e+00 0.00000000000000000e+00
1.22070312499967244e-04 7.07354600429828395e-02
0.00000000000000000e+00 0.00000000000000000e+00
1.22070312500002006e-04 1.21649717508353581e-04
0.00000000000000000e+00 0.00000000000000000e+00
1.22070312499994579e-04 -1.22492361668036481e-04
0.00000000000000000e+00 0.00000000000000000e+00
1.22070312499998021e-04 5.03165512700374964e-05
0.00000000000000000e+00 0.00000000000000000e+00
1.22070312499998753e-04 -2.96148301458049208e-04
0.00000000000000000e+00 0.00000000000000000e+00
1.22070312499999973e-04 2.93271292969037273e-04
0.00000000000000000e+00 0.00000000000000000e+00
1.22070312500002412e-04 -5.08101595726927498e-05
0.00000000000000000e+00 0.00000000000000000e+00
1.22070312499999173e-04 -1.22356164814984731e-05
0.00000000000000000e+00 0.00000000000000000e+00
1.22070312500005258e-04 1.21785128002171029e-03
0.00000000000000000e+00 0.00000000000000000e+00
1.22070312499997804e-04 9.98284719669217149e-05
0.00000000000000000e+00 0.00000000000000000e+00
1.22070312500000813e-04 -1.49267647798764872e-04
0.00000000000000000e+00 0.00000000000000000e+00
1.22070312500002467e-04 3.67996996108061749e-05
0.00000000000000000e+00 0.00000000000000000e+00
1.22070312499998740e-04 -4.04926163839430906e-04
0.00000000000000000e+00 0.00000000000000000e+00
1.22070312500001138e-04 2.27432539396030676e-04
0.00000000000000000e+00 0.00000000000000000e+00
1.22070312500001626e-04 -6.55190380119699491e-05
0.00000000000000000e+00 0.00000000000000000e+00
1.22070312500002738e-04 1.18102085976454609e-05
0.00000000000000000e+00 0.00000000000000000e+00
1.22070312499994986e-04 -1.26171871314940216e-03
0.00000000000000000e+00 0.00000000000000000e+00
1.22070312500000325e-04 1.48220765894848587e-04
0.00000000000000000e+00 0.00000000000000000e+00
1.22070312500001084e-04 -1.00533559544681268e-04
0.00000000000000000e+00 0.00000000000000000e+00
1.22070312499999377e-04 6.49773444585431621e-05
0.00000000000000000e+00 0.00000000000000000e+00
1.22070312499999539e-04 -2.29328565487239144e-04
0.00000000000000000e+00 0.00000000000000000e+00
1.22070312500000054e-04 3.99926063061602482e-04
0.00000000000000000e+00 0.00000000000000000e+00
1.22070312500001464e-04 -3.72597901716479720e-05
0.00000000000000000e+00 0.00000000000000000e+00
1.22070312500000732e-04 -1.83227711736615519e-05
0.00000000000000000e+00 0.00000000000000000e+00
1.22070312499999133e-04 8.13259143642306261e-04
0.00000000000000000e+00 0.00000000000000000e+00
1.22070312499999566e-04 9.02073981098018508e-05
0.00000000000000000e+00 0.00000000000000000e+00
1.22070312500002982e-04 -1.65187795082065929e-04
0.00000000000000000e+00 0.00000000000000000e+00
1.22070312499996463e-04 3.03532402124187078e-05
0.00000000000000000e+00 0.00000000000000000e+00
1.22070312500000379e-04 -4.90924892682483385e-04
0.00000000000000000e+00 0.00000000000000000e+00
1.22070312500002196e-04 2.02867255221847773e-04
0.00000000000000000e+00 0.00000000000000000e+00
1.22070312499999336e-04 -7.34527668230763647e-05
0.00000000000000000e+00 0.00000000000000000e+00
1.22070312499995866e-04 5.78577897444927888e-06
0.00000000000000000e+00 0.00000000000000000e+00
1.22070312500000922e-04 -2.57548054629298286e-03
0.00000000000000000e+00 0.00000000000000000e+00
1.22070312500003009e-04 1.34217617494983185e-04
0.00000000000000000e+00 0.00000000000000000e+00
1.22070312499999485e-04 -1.11022393870198712e-04
0.00000000000000000e+00 0.00000000000000000e+00
1.22070312499998807e-04 5.74773839922951063e-05
0.00000000000000000e+00 0.00000000000000000e+00
1.22070312499997804e-04 -2.59252599176139657e-04
0.00000000000000000e+00 0.00000000000000000e+00
1.22070312500000461e-04 3.39316453454429972e-04
0.00000000000000000e+00 0.00000000000000000e+00
1.22070312500001274e-04 -4.39152332347723790e-05
0.00000000000000000e+00 0.00000000000000000e+00
1.22070312500001681e-04 -6.20811663820114440e-06
0.00000000000000000e+00 0.00000000000000000e+00
1.22070312500001084e-04 2.40027081678082432e-03
0.00000000000000000e+00 0.00000000000000000e+00
1.22070312500001952e-04 1.10254970775706314e-04
0.00000000000000000e+00 0.00000000000000000e+00
1.22070312499997696e-04 -1.35151831151098813e-04
0.00000000000000000e+00 0.00000000000000000e+00
1.22070312500000488e-04 4.34399726575796164e-05
0.00000000000000000e+00 0.00000000000000000e+00
1.22070312500000136e-04 -3.43028788514854644e-04
0.00000000000000000e+00 0.00000000000000000e+00
1.22070312500000407e-04 2.56947792310693120e-04
0.00000000000000000e+00 0.00000000000000000e+00
1.22070312500000678e-04 -5.79929528089884359e-05
0.00000000000000000e+00 0.00000000000000000e+00
1.22070312500000569e-04 1.78921797601242706e-05
0.00000000000000000e+00 0.00000000000000000e+00
1.22070312499999986e-04 -8.32830957078708068e-04
0.00000000000000000e+00 0.00000000000000000e+00
1.22070312499998238e-04 1.64000493377361103e-04
0.00000000000000000e+00 0.00000000000000000e+00
1.22070312499999675e-04 -9.08604656423804558e-05
0.00000000000000000e+00 0.00000000000000000e+00
1.22070312499999065e-04 7.28800847376660148e-05
0.00000000000000000e+00 0.00000000000000000e+00
1.22070312499999228e-04 -2.04461359334098737e-04
0.00000000000000000e+00 0.00000000000000000e+00
1.22070312500000813e-04 4.83788284693088626e-04
0.00000000000000000e+00 0.00000000000000000e+00
1.22070312500001626e-04 -3.08009963558774719e-05
0.00000000000000000e+00 0.00000000000000000e+00
1.22070312500000732e-04 -2.60626655446077664e-05
0.00000000000000000e+00 0.00000000000000000e+00
1.22070312499998198e-04 5.71743560471315291e-04
0.00000000000000000e+00 0.00000000000000000e+00
1.22070312499999295e-04 7.91159647293729432e-05
0.00000000000000000e+00 0.00000000000000000e+00
1.22070312499999648e-04 -1.88345819264406072e-04
0.00000000000000000e+00 0.00000000000000000e+00
1.22070312500001084e-04 2.25098169571538166e-05
0.00000000000000000e+00 0.00000000000000000e+00
1.22070312500000542e-04 -6.61985000687090818e-04
0.00000000000000000e+00 0.00000000000000000e+00
1.22070312500000976e-04 1.77268518882872119e-04
0.00000000000000000e+00 0.00000000000000000e+00
1.22070312500000081e-04 -8.40598279251882622e-05
0.00000000000000000e+00 0.00000000000000000e+00
1.22070312500000569e-04 -1.70879992095844867e-06
0.00000000000000000e+00 0.00000000000000000e+00
1.22070312499993820e-04 8.72024922934386791e-03
0.00000000000000000e+00 0.00000000000000000e+00
1.22070312500000379e-04 1.18699893432166394e-04
0.00000000000000000e+00 0.00000000000000000e+00
1.22070312500000027e-04 -1.25536432788483449e-04
0.00000000000000000e+00 0.00000000000000000e+00
1.22070312500001870e-04 4.85727366730797781e-05
0.00000000000000000e+00 0.00000000000000000e+00
1.22070312500000623e-04 -3.06780350758085053e-04
0.00000000000000000e+00 0.00000000000000000e+00
1.22070312500000840e-04 2.83416835237731068e-04
0.00000000000000000e+00 0.00000000000000000e+00
1.22070312500000732e-04 -5.25768385683523569e-05
0.00000000000000000e+00 0.00000000000000000e+00
1.22070312500000136e-04 -1.37506347312556422e-05
0.00000000000000000e+00 0.00000000000000000e+00
1.22070312500000515e-04 1.08367078939106847e-03
0.00000000000000000e+00 0.00000000000000000e+00
1.22070312499997506e-04 9.73532962674506641e-05
0.00000000000000000e+00 0.00000000000000000e+00
1.22070312499999133e-04 -1.53062728897346837e-04
0.00000000000000000e+00 0.00000000000000000e+00
1.22070312499999363e-04 3.51714725705528589e-05
0.00000000000000000e+00 0.00000000000000000e+00
1.22070312499999553e-04 -4.23671802878204868e-04
0.00000000000000000e+00 0.00000000000000000e+00
1.22070312499998604e-04 2.20883890477760925e-04
0.00000000000000000e+00 0.00000000000000000e+00
1.22070312499999228e-04 -6.74615118450551740e-05
0.00000000000000000e+00 0.00000000000000000e+00
1.22070312499999783e-04 1.02998757093124503e-05
0.00000000000000000e+00 0.00000000000000000e+00
1.22070312500001464e-04 -1.44673213681360585e-03
0.00000000000000000e+00 0.00000000000000000e+00
1.22070312499998116e-04 1.44568373394249713e-04
0.00000000000000000e+00 0.00000000000000000e+00
1.22070312499999770e-04 -1.03073451294986130e-04
0.00000000000000000e+00 0.00000000000000000e+00
1.22070312499999810e-04 6.30672503501548162e-05
0.00000000000000000e+00 0.00000000000000000e+00
1.22070312499998292e-04 -2.36274153560129152e-04
0.00000000000000000e+00 0.00000000000000000e+00
1.22070312500001247e-04 3.83027580758637013e-04
0.00000000000000000e+00 0.00000000000000000e+00
1.22070312500001518e-04 -3.89036245492651930e-05
0.00000000000000000e+00 0.00000000000000000e+00
1.22070312500001328e-04 -1.98574538742823248e-05
0.00000000000000000e+00 0.00000000000000000e+00
1.22070312499998265e-04 7.50406436202038151e-04
0.00000000000000000e+00 0.00000000000000000e+00
1.22070312499998821e-04 8.79120126575906819e-05
0.00000000000000000e+00 0.00000000000000000e+00
1.22070312499998170e-04 -1.69500853676123308e-04
0.00000000000000000e+00 0.00000000000000000e+00
1.22070312499999675e-04 2.87673506281830202e-05
0.00000000000000000e+00 0.00000000000000000e+00
1.22070312499998130e-04 -5.17988652707201806e-04
0.00000000000000000e+00 0.00000000000000000e+00
1.22070312499998916e-04 1.97344224721641482e-04
0.00000000000000000e+00 0.00000000000000000e+00
1.22070312499999106e-04 -7.55084736574676682e-05
0.00000000000000000e+00 0.00000000000000000e+00
1.22070312499998970e-04 4.28518305502346208e-06
0.00000000000000000e+00 0.00000000000000000e+00
1.22070312500002331e-04 -3.47736864505203500e-03
0.00000000000000000e+00 0.00000000000000000e+00
1.22070312500000569e-04 1.30952480174500546e-04
0.00000000000000000e+00 0.00000000000000000e+00
1.22070312499999458e-04 -1.13790599261589414e-04
0.00000000000000000e+00 0.00000000000000000e+00
1.22070312499999986e-04 5.56576602711356984e-05
0.00000000000000000e+00 0.00000000000000000e+00
1.22070312499999607e-04 -2.67728846689862978e-04
0.00000000000000000e+00 0.00000000000000000e+00
1.22070312500002385e-04 3.26674337615676298e-04
0.00000000000000000e+00 0.00000000000000000e+00
1.22070312500000434e-04 -4.56147284252824548e-05
0.00000000000000000e+00 0.00000000000000000e+00
1.22070312500000054e-04 -7.71103271448552038e-06
0.00000000000000000e+00 0.00000000000000000e+00
1.22070312500000976e-04 1.93244689078476473e-03
0.00000000000000000e+00 0.00000000000000000e+00
1.22070312500001437e-04 1.07564557892519713e-04
0.00000000000000000e+00 0.00000000000000000e+00
1.22070312500002629e-04 -1.38532259006141154e-04
0.00000000000000000e+00 0.00000000000000000e+00
1.22070312499997601e-04 4.17594938703771886e-05
0.00000000000000000e+00 0.00000000000000000e+00
1.22070312500000081e-04 -3.56832897450852960e-04
0.00000000000000000e+00 0.00000000000000000e+00
1.22070312499999431e-04 2.49016956889411799e-04
0.00000000000000000e+00 0.00000000000000000e+00
1.22070312500000163e-04 -5.98399457610638864e-05
0.00000000000000000e+00 0.00000000000000000e+00
1.22070312500000298e-04 1.63646395912151762e-05
0.00000000000000000e+00 0.00000000000000000e+00
1.22070312500000732e-04 -9.10570691813269951e-04
0.00000000000000000e+00 0.00000000000000000e+00
1.22070312499998916e-04 1.59866518018189261e-04
0.00000000000000000e+00 0.00000000000000000e+00
1.22070312500000651e-04 -9.32100190744868193e-05
0.00000000000000000e+00 0.00000000000000000e+00
1.22070312500000569e-04 7.08627647651697439e-05
0.00000000000000000e+00 0.00000000000000000e+00
1.22070312499999621e-04 -2.10281961806429112e-04
0.00000000000000000e+00 0.00000000000000000e+00
1.22070312499998807e-04 4.59920501471843218e-04
0.00000000000000000e+00 0.00000000000000000e+00
1.22070312500002439e-04 -3.23994280449793639e-05
0.00000000000000000e+00 0.00000000000000000e+00
1.22070312499999065e-04 -2.29457429148991966e-05
0.00000000000000000e+00 0.00000000000000000e+00
1.22070312500000434e-04 6.49408530772417093e-04
0.00000000000000000e+00 0.00000000000000000e+00
1.22070312499998889e-04 8.34401897849275202e-05
0.00000000000000000e+00 0.00000000000000000e+00
1.22070312499999864e-04 -1.78584938891633680e-04
0.00000000000000000e+00 0.00000000000000000e+00
1.22070312500001138e-04 2.56224620819946326e-05
0.00000000000000000e+00 0.00000000000000000e+00
1.22070312499998157e-04 -5.81566328253780651e-04
0.00000000000000000e+00 0.00000000000000000e+00
1.22070312499999905e-04 1.86929030238402127e-04
0.00000000000000000e+00 0.00000000000000000e+00
1.22070312500000651e-04 -7.97156074411927150e-05
0.00000000000000000e+00 0.00000000000000000e+00
1.22070312499999255e-04 1.28741563915632526e-06
0.00000000000000000e+00 0.00000000000000000e+00
1.22070312500005990e-04 -1.15744758263194060e-02
0.00000000000000000e+00 0.00000000000000000e+00
1.22070312499999810e-04 1.24672588707539221e-04
0.00000000000000000e+00 0.00000000000000000e+00
1.22070312500000244e-04 -1.19522353296145877e-04
0.00000000000000000e+00 0.00000000000000000e+00
1.22070312499998807e-04 5.20780981777090030e-05
0.00000000000000000e+00 0.00000000000000000e+00
1.22070312500001952e-04 -2.86131055381470096e-04
0.00000000000000000e+00 0.00000000000000000e+00
1.22070312499999607e-04 3.03724508770628499e-04
0.00000000000000000e+00 0.00000000000000000e+00
1.22070312499999309e-04 -4.90614381241802697e-05
0.00000000000000000e+00 0.00000000000000000e+00
1.22070312499999661e-04 -1.07243209610856351e-05
0.00000000000000000e+00 0.00000000000000000e+00
1.22070312499998360e-04 1.38947363174924039e-03
0.00000000000000000e+00 0.00000000000000000e+00
1.22070312500001653e-04 1.02353834854026690e-04
0.00000000000000000e+00 0.00000000000000000e+00
1.22070312499999973e-04 -1.45584786491868276e-04
0.00000000000000000e+00 0.00000000000000000e+00
1.22070312500001979e-04 3.84400192770823426e-05
0.00000000000000000e+00 0.00000000000000000e+00
1.22070312499999864e-04 -3.87647079114018041e-04
0.00000000000000000e+00 0.00000000000000000e+00
1.22070312500000108e-04 2.34287667834433115e-04
0.00000000000000000e+00 0.00000000000000000e+00
1.22070312500000542e-04 -6.36019869572398690e-05
0.00000000000000000e+00 0.00000000000000000e+00
1.22070312499999973e-04 1.33241323409370472e-05
0.00000000000000000e+00 0.00000000000000000e+00
1.22070312500000054e-04 -1.11835884037773232e-03
0.00000000000000000e+00 0.00000000000000000e+00
1.22070312499998767e-04 1.51983657433500257e-04
0.00000000000000000e+00 0.00000000000000000e+00
1.22070312500001030e-04 -9.80444966615436368e-05
0.00000000000000000e+00 0.00000000000000000e+00
1.22070312500000786e-04 6.69125582835295395e-05
0.00000000000000000e+00 0.00000000000000000e+00
1.22070312500001328e-04 -2.22696031598534943e-04
0.00000000000000000e+00 0.00000000000000000e+00
1.22070312499999607e-04 4.18240343926175903e-04
0.00000000000000000e+00 0.00000000000000000e+00
1.22070312499998143e-04 -3.56282252782338168e-05
0.00000000000000000e+00 0.00000000000000000e+00
1.22070312500000488e-04 -1.67937321497416784e-05
0.00000000000000000e+00 0.00000000000000000e+00
1.22070312499997981e-04 8.87304921918433630e-04
0.00000000000000000e+00 0.00000000000000000e+00
1.22070312500002792e-04 9.25447987252687863e-05
0.00000000000000000e+00 0.00000000000000000e+00
1.22070312500001545e-04 -1.61015652949700387e-04
0.00000000000000000e+00 0.00000000000000000e+00
1.22070312499999228e-04 3.19488384047657582e-05
0.00000000000000000e+00 0.00000000000000000e+00
1.22070312500000352e-04 -4.66406978715856941e-04
0.00000000000000000e+00 0.00000000000000000e+00
1.22070312499999431e-04 2.08620265821011651e-04
0.00000000000000000e+00 0.00000000000000000e+00
1.22070312499999377e-04 -7.14271987680837310e-05
0.00000000000000000e+00 0.00000000000000000e+00
1.22070312499998875e-04 7.28812164062216887e-06
0.00000000000000000e+00 0.00000000000000000e+00
1.22070312500002711e-04 -2.04458184545042903e-03
0.00000000000000000e+00 0.00000000000000000e+00
1.22070312500000407e-04 1.37572077704997578e-04
0.00000000000000000e+00 0.00000000000000000e+00
1.22070312500000136e-04 -1.08315302366815270e-04
0.00000000000000000e+00 0.00000000000000000e+00
1.22070312500000027e-04 5.93182606647159577e-05
0.00000000000000000e+00 0.00000000000000000e+00
1.22070312500002060e-04 -2.51206981237587894e-04
0.00000000000000000e+00 0.00000000000000000e+00
1.22070312499999715e-04 3.52851566802413544e-04
0.00000000000000000e+00 0.00000000000000000e+00
1.22070312500002196e-04 -4.22306788344020142e-05
0.00000000000000000e+00 0.00000000000000000e+00
1.22070312499998414e-04 -4.70707544966700328e-06
0.00000000000000000e+00 0.00000000000000000e+00
1.22070312499996192e-04 3.16569414558804524e-03
0.00000000000000000e+00 0.00000000000000000e+00
1.22070312499999539e-04 1.13005696476675506e-04
0.00000000000000000e+00 0.00000000000000000e+00
1.22070312500000894e-04 -1.31862035795011248e-04
0.00000000000000000e+00 0.00000000000000000e+00
1.22070312500000840e-04 4.51351940781999567e-05
0.00000000000000000e+00 0.00000000000000000e+00
1.22070312499998726e-04 -3.30145056383944989e-04
0.00000000000000000e+00 0.00000000000000000e+00
1.22070312499999553e-04 2.65299239910421806e-04
0.00000000000000000e+00 0.00000000000000000e+00
1.22070312500000298e-04 -5.61673723561345592e-05
0.00000000000000000e+00 0.00000000000000000e+00
1.22070312499999119e-04 1.94252253363664904e-05
0.00000000000000000e+00 0.00000000000000000e+00
1.22070312500001409e-04 -7.67103646718151353e-04
0.00000000000000000e+00 0.00000000000000000e+00
1.22070312499999255e-04 1.68273075685594029e-04
0.00000000000000000e+00 0.00000000000000000e+00
1.22070312499999743e-04 -8.85534488101307198e-05
0.00000000000000000e+00 0.00000000000000000e+00
1.22070312500001518e-04 7.49271850142762614e-05
0.00000000000000000e+00 0.00000000000000000e+00
1.22070312500001626e-04 -1.98875230545608587e-04
0.00000000000000000e+00 0.00000000000000000e+00
1.22070312499998238e-04 5.10096537200846445e-04
0.00000000000000000e+00 0.00000000000000000e+00
1.22070312499998807e-04 -2.92124335436939337e-05
0.00000000000000000e+00 0.00000000000000000e+00
1.22070312499999607e-04 -2.68468602379807295e-05
0.00000000000000000e+00 0.00000000000000000e+00
1.22070312500000163e-04 5.55042975668573659e-04
0.00000000000000000e+00 0.00000000000000000e+00
1.22070312500000488e-04 7.80565220332631201e-05
0.00000000000000000e+00 0.00000000000000000e+00
1.22070312500000136e-04 -1.90902192484285112e-04
0.00000000000000000e+00 0.00000000000000000e+00
1.22070312499998699e-04 2.17361994035724130e-05
0.00000000000000000e+00 0.00000000000000000e+00
1.22070312500001084e-04 -6.85545845305355088e-04
0.00000000000000000e+00 0.00000000000000000e+00
1.22070312500000352e-04 1.74960492556833853e-04
0.00000000000000000e+00 0.00000000000000000e+00
1.22070312499999770e-04 -8.51687199554897108e-05
0.00000000000000000e+00 0.00000000000000000e+00
1.22070312500000867e-04 -2.45803450991148299e-06
0.00000000000000000e+00 0.00000000000000000e+00
1.22070312499996273e-04 6.06222619485571965e-03
0.00000000000000000e+00 0.00000000000000000e+00
1.22070312499999905e-04 1.17251280561240587e-04
0.00000000000000000e+00 0.00000000000000000e+00
1.22070312499998550e-04 -1.27087406828486682e-04
0.00000000000000000e+00 0.00000000000000000e+00
1.22070312499999499e-04 4.77072330164271603e-05
0.00000000000000000e+00 0.00000000000000000e+00
1.22070312500001111e-04 -3.12345953677858966e-04
0.00000000000000000e+00 0.00000000000000000e+00
1.22070312500000054e-04 2.78697415176993755e-04
0.00000000000000000e+00 0.00000000000000000e+00
1.22070312500000705e-04 -5.34671668353447216e-05
0.00000000000000000e+00 0.00000000000000000e+00
1.22070312500000217e-04 -1.45096871526337638e-05
0.00000000000000000e+00 0.00000000000000000e+00
1.22070312500000488e-04 1.02698018483058338e-03
0.00000000000000000e+00 0.00000000000000000e+00
1.22070312499999959e-04 9.61338349849310333e-05
0.00000000000000000e+00 0.00000000000000000e+00
1.22070312499999986e-04 -1.55004335322560065e-04
0.00000000000000000e+00 0.00000000000000000e+00
1.22070312500000325e-04 3.43616999228553698e-05
0.00000000000000000e+00 0.00000000000000000e+00
1.22070312499999404e-04 -4.33656112104510065e-04
0.00000000000000000e+00 0.00000000000000000e+00
1.22070312500000759e-04 2.17717554529396607e-04
0.00000000000000000e+00 0.00000000000000000e+00
1.22070312500000867e-04 -6.84426261633194841e-05
0.00000000000000000e+00 0.00000000000000000e+00
1.22070312499999404e-04 9.54591000353488386e-06
0.00000000000000000e+00 0.00000000000000000e+00
1.22070312500001409e-04 -1.56099954727518457e-03
0.00000000000000000e+00 0.00000000000000000e+00
1.22070312500002141e-04 1.42781770483792030e-04
0.00000000000000000e+00 0.00000000000000000e+00
1.22070312499998469e-04 -1.04363191066740869e-04
0.00000000000000000e+00 0.00000000000000000e+00
1.22070312500000244e-04 6.21212933516681763e-05
0.00000000000000000e+00 0.00000000000000000e+00
1.22070312500000217e-04 -2.39872037265745878e-04
0.00000000000000000e+00 0.00000000000000000e+00
1.22070312500000136e-04 3.75057460582584805e-04
0.00000000000000000e+00 0.00000000000000000e+00
1.22070312500000352e-04 -3.97303420406595360e-05
0.00000000000000000e+00 0.00000000000000000e+00
1.22070312499998834e-04 -2.06270663822631313e-05
0.00000000000000000e+00 0.00000000000000000e+00
1.22070312499998401e-04 7.22408165935863153e-04
0.00000000000000000e+00 0.00000000000000000e+00
1.22070312499999553e-04 8.67795109595108306e-05
0.00000000000000000e+00 0.00000000000000000e+00
1.22070312499999363e-04 -1.71712896616808521e-04
0.00000000000000000e+00 0.00000000000000000e+00
1.22070312499998076e-04 2.79778705298007989e-05
0.00000000000000000e+00 0.00000000000000000e+00
1.22070312499999349e-04 -5.32605266650867199e-04
0.00000000000000000e+00 0.00000000000000000e+00
1.22070312499999200e-04 1.94664185655910694e-04
0.00000000000000000e+00 0.00000000000000000e+00
1.22070312499999824e-04 -7.65480365257691439e-05
0.00000000000000000e+00 0.00000000000000000e+00
1.22070312500001003e-04 3.53539807531664926e-06
0.00000000000000000e+00 0.00000000000000000e+00
1.22070312500000678e-04 -4.21484678002403620e-03
0.00000000000000000e+00 0.00000000000000000e+00
1.22070312499997859e-04 1.29352000768140737e-04
0.00000000000000000e+00 0.00000000000000000e+00
1.22070312499999431e-04 -1.15198536592854193e-04
0.00000000000000000e+00 0.00000000000000000e+00
1.22070312499998550e-04 5.47554478125264609e-05
0.00000000000000000e+00 0.00000000000000000e+00
1.22070312499999553e-04 -2.72140248854628453e-04
0.00000000000000000e+00 0.00000000000000000e+00
1.22070312499999553e-04 3.20659870886095600e-04
0.00000000000000000e+00 0.00000000000000000e+00
1.22070312500000759e-04 -4.64703024817880375e-05
0.00000000000000000e+00 0.00000000000000000e+00
1.22070312499999512e-04 -8.46333659132954769e-06
0.00000000000000000e+00 0.00000000000000000e+00
1.22070312499998184e-04 1.76067216907244031e-03
0.00000000000000000e+00 0.00000000000000000e+00
1.22070312499999078e-04 1.06241104480639189e-04
0.00000000000000000e+00 0.00000000000000000e+00
1.22070312499998834e-04 -1.40257965753386654e-04
0.00000000000000000e+00 0.00000000000000000e+00
1.22070312499999986e-04 4.09245661703946210e-05
0.00000000000000000e+00 0.00000000000000000e+00
1.22070312500001762e-04 -3.64112868828087857e-04
0.00000000000000000e+00 0.00000000000000000e+00
1.22070312499999404e-04 2.45198752555385161e-04
0.00000000000000000e+00 0.00000000000000000e+00
1.22070312500001681e-04 -6.07717659186783794e-05
0.00000000000000000e+00 0.00000000000000000e+00
1.22070312500000678e-04 1.56027814919427839e-05
0.00000000000000000e+00 0.00000000000000000e+00
1.22070312500000407e-04 -9.55032357630687407e-04
0.00000000000000000e+00 0.00000000000000000e+00
1.22070312500000867e-04 1.57849040428737858e-04
0.00000000000000000e+00 0.00000000000000000e+00
1.22070312500000217e-04 -9.44013416449942703e-05
0.00000000000000000e+00 0.00000000000000000e+00
1.22070312500000732e-04 6.98648828916695710e-05
0.00000000000000000e+00 0.00000000000000000e+00
1.22070312500001979e-04 -2.13285424337616248e-04
0.00000000000000000e+00 0.00000000000000000e+00
1.22070312499999444e-04 4.48796024800282871e-04
0.00000000000000000e+00 0.00000000000000000e+00
1.22070312500000651e-04 -3.32025249120220770e-05
0.00000000000000000e+00 0.00000000000000000e+00
1.22070312499997330e-04 -2.37221273146550182e-05
0.00000000000000000e+00 0.00000000000000000e+00
1.22070312499999255e-04 6.28154507232656176e-04
0.00000000000000000e+00 0.00000000000000000e+00
1.22070312500001003e-04 8.23457904583065693e-05
0.00000000000000000e+00 0.00000000000000000e+00
1.22070312499998333e-04 -1.80958384283071968e-04
0.00000000000000000e+00 0.00000000000000000e+00
1.22070312499999458e-04 2.48414442961916527e-05
0.00000000000000000e+00 0.00000000000000000e+00
1.22070312500002494e-04 -5.99850838629843058e-04
0.00000000000000000e+00 0.00000000000000000e+00
1.22070312499999756e-04 1.84446907521781386e-04
0.00000000000000000e+00 0.00000000000000000e+00
1.22070312499995717e-04 -8.07883493090700720e-05
0.00000000000000000e+00 0.00000000000000000e+00
1.22070312499998577e-04 5.38357343491769391e-07
0.00000000000000000e+00 0.00000000000000000e+00
1.22070312500010842e-04 -2.76789410862038551e-02
0.00000000000000000e+00 0.00000000000000000e+00
1.22070312499998794e-04 1.23151796774190707e-04
0.00000000000000000e+00 0.00000000000000000e+00
1.22070312500000217e-04 -1.20998325515057708e-04
0.00000000000000000e+00 0.00000000000000000e+00
1.22070312499999919e-04 5.11950581620806004e-05
0.00000000000000000e+00 0.00000000000000000e+00
1.22070312499997967e-04 -2.91066398375232197e-04
0.00000000000000000e+00 0.00000000000000000e+00
1.22070312500000379e-04 2.98419499721400941e-04
0.00000000000000000e+00 0.00000000000000000e+00
1.22070312500000488e-04 -4.99336042308192531e-05
0.00000000000000000e+00 0.00000000000000000e+00
1.22070312500002331e-04 -1.14795326887390303e-05
0.00000000000000000e+00 0.00000000000000000e+00
1.22070312499998428e-04 1.29806339664541369e-03
0.00000000000000000e+00 0.00000000000000000e+00
1.22070312500000325e-04 1.01084737553235781e-04
0.00000000000000000e+00 0.00000000000000000e+00
1.22070312499997520e-04 -1.47412572407380017e-04
0.00000000000000000e+00 0.00000000000000000e+00
1.22070312499999526e-04 3.76183085822620969e-05
0.00000000000000000e+00 0.00000000000000000e+00
1.22070312499999878e-04 -3.96114598328181850e-04
0.00000000000000000e+00 0.00000000000000000e+00
1.22070312499999580e-04 2.30820335503146114e-04
0.00000000000000000e+00 0.00000000000000000e+00
1.22070312499998441e-04 -6.45574020216453155e-05
0.00000000000000000e+00 0.00000000000000000e+00
1.22070312499999431e-04 1.25666923125393783e-05
0.00000000000000000e+00 0.00000000000000000e+00
1.22070312500000054e-04 -1.18576637537142707e-03
0.00000000000000000e+00 0.00000000000000000e+00
1.22070312500001030e-04 1.50088017395180447e-04
0.00000000000000000e+00 0.00000000000000000e+00
1.22070312500001138e-04 -9.92828171926163128e-05
0.00000000000000000e+00 0.00000000000000000e+00
1.22070312500000108e-04 6.59417441071226369e-05
0.00000000000000000e+00 0.00000000000000000e+00
1.22070312500002656e-04 -2.25974629509960044e-04
0.00000000000000000e+00 0.00000000000000000e+00
1.22070312499999729e-04 4.08894991640510244e-04
0.00000000000000000e+00 0.00000000000000000e+00
1.22070312500000244e-04 -3.64425133554775876e-05
0.00000000000000000e+00 0.00000000000000000e+00
1.22070312499998997e-04 -1.75575769341291376e-05
0.00000000000000000e+00 0.00000000000000000e+00
1.22070312499998889e-04 8.48702600008706572e-04
0.00000000000000000e+00 0.00000000000000000e+00
1.22070312500000054e-04 9.13707307505657451e-05
0.00000000000000000e+00 0.00000000000000000e+00
1.22070312499998970e-04 -1.63084623176827333e-04
0.00000000000000000e+00 0.00000000000000000e+00
1.22070312500001708e-04 3.11497901316170518e-05
0.00000000000000000e+00 0.00000000000000000e+00
1.22070312500001274e-04 -4.78371158549889964e-04
0.00000000000000000e+00 0.00000000000000000e+00
1.22070312500000949e-04 2.05714016179340761e-04
0.00000000000000000e+00 0.00000000000000000e+00
1.22070312499999797e-04 -7.24362951567522384e-05
0.00000000000000000e+00 0.00000000000000000e+00
1.22070312499999797e-04 6.53670349165614188e-06
0.00000000000000000e+00 0.00000000000000000e+00
1.22070312499999038e-04 -2.27961406125698702e-03
0.00000000000000000e+00 0.00000000000000000e+00
1.22070312500000054e-04 1.35883391564963017e-04
0.00000000000000000e+00 0.00000000000000000e+00
1.22070312500001626e-04 -1.09661387033630357e-04
0.00000000000000000e+00 0.00000000000000000e+00
1.22070312500001138e-04 5.83951205697748189e-05
0.00000000000000000e+00 0.00000000000000000e+00
1.22070312499999146e-04 -2.55178190377108069e-04
0.00000000000000000e+00 0.00000000000000000e+00
1.22070312499999770e-04 3.45966319731144840e-04
0.00000000000000000e+00 0.00000000000000000e+00
1.22070312499999824e-04 -4.30711324889302354e-05
0.00000000000000000e+00 0.00000000000000000e+00
1.22070312499998536e-04 -5.45739015977872316e-06
0.00000000000000000e+00 0.00000000000000000e+00
1.22070312499997317e-04 2.73045553965853890e-03
0.00000000000000000e+00 0.00000000000000000e+00
1.22070312499999336e-04 1.11622616692038238e-04
0.00000000000000000e+00 0.00000000000000000e+00
1.22070312499999878e-04 -1.33495895683571008e-04
0.00000000000000000e+00 0.00000000000000000e+00
1.22070312499999228e-04 4.42856965272536465e-05
0.00000000000000000e+00 0.00000000000000000e+00
1.22070312500000163e-04 -3.36477968336299719e-04
0.00000000000000000e+00 0.00000000000000000e+00
1.22070312500001708e-04 2.61068718463867869e-04
0.00000000000000000e+00 0.00000000000000000e+00
1.22070312500000054e-04 -5.70775437269022704e-05
0.00000000000000000e+00 0.00000000000000000e+00
1.22070312499999336e-04 1.86579836538713290e-05
0.00000000000000000e+00 0.00000000000000000e+00
1.22070312499999336e-04 -7.98647992745794301e-04
0.00000000000000000e+00 0.00000000000000000e+00
1.22070312499998821e-04 1.66118946171846558e-04
0.00000000000000000e+00 0.00000000000000000e+00
1.22070312499999471e-04 -8.97017561045217941e-05
0.00000000000000000e+00 0.00000000000000000e+00
1.22070312499999946e-04 7.38998327379143015e-05
0.00000000000000000e+00 0.00000000000000000e+00
1.22070312499999783e-04 -2.01639985393403225e-04
0.00000000000000000e+00 0.00000000000000000e+00
1.22070312499998401e-04 4.96614046362276037e-04
0.00000000000000000e+00 0.00000000000000000e+00
1.22070312500000922e-04 -3.00055169663448119e-05
0.00000000000000000e+00 0.00000000000000000e+00
1.22070312500000081e-04 -2.52805228611198673e-05
0.00000000000000000e+00 0.00000000000000000e+00
1.22070312500001437e-04 5.89432476365660762e-04
0.00000000000000000e+00 0.00000000000000000e+00
1.22070312499999349e-04 8.01838675639111745e-05
0.00000000000000000e+00 0.00000000000000000e+00
1.22070312500000623e-04 -1.85837396555743161e-04
0.00000000000000000e+00 0.00000000000000000e+00
1.22070312499999621e-04 2.32851871609661125e-05
0.00000000000000000e+00 0.00000000000000000e+00
1.22070312500001355e-04 -6.39941654359002629e-04
0.00000000000000000e+00 0.00000000000000000e+00
1.22070312499998984e-04 1.79618046809285330e-04
0.00000000000000000e+00 0.00000000000000000e+00
1.22070312500000298e-04 -8.29602674038042235e-05
0.00000000000000000e+00 0.00000000000000000e+00
1.22070312499999282e-04 -9.59694031559974485e-07
0.00000000000000000e+00 0.00000000000000000e+00
1.22070312499994376e-04 1.55269916284224412e-02
0.00000000000000000e+00 0.00000000000000000e+00
1.22070312499998347e-04 1.20165896599532885e-04
0.00000000000000000e+00 0.00000000000000000e+00
1.22070312500000515e-04 -1.24004910007933578e-04
0.00000000000000000e+00 0.00000000000000000e+00
1.22070312499998116e-04 4.94424770367829784e-05
0.00000000000000000e+00 0.00000000000000000e+00
1.22070312500000461e-04 -3.01383791567765393e-04
0.00000000000000000e+00 0.00000000000000000e+00
1.22070312500001138e-04 2.88272666849684475e-04
0.00000000000000000e+00 0.00000000000000000e+00
1.22070312499999349e-04 -5.16912038754528666e-05
0.00000000000000000e+00 0.00000000000000000e+00
1.22070312499998550e-04 -1.29926308854585617e-05
0.00000000000000000e+00 0.00000000000000000e+00
1.22070312499998821e-04 1.14689329091356555e-03
0.00000000000000000e+00 0.00000000000000000e+00
1.22070312499999878e-04 9.85847512849065633e-05
0.00000000000000000e+00 0.00000000000000000e+00
1.22070312500001464e-04 -1.51150771286969718e-04
0.00000000000000000e+00 0.00000000000000000e+00
1.22070312499999214e-04 3.59841135371829644e-05
0.00000000000000000e+00 0.00000000000000000e+00
1.22070312499997940e-04 -4.14103884439164405e-04
0.00000000000000000e+00 0.00000000000000000e+00
1.22070312499999905e-04 2.24121327353537104e-04
0.00000000000000000e+00 0.00000000000000000e+00
1.22070312499999228e-04 -6.64870290114869948e-05
0.00000000000000000e+00 0.00000000000000000e+00
1.22070312500002602e-04 1.10546225279434872e-05
0.00000000000000000e+00 0.00000000000000000e+00
1.22070312500000813e-04 -1.34795748621714846e-03
0.00000000000000000e+00 0.00000000000000000e+00
1.22070312500000678e-04 1.46381132473204207e-04
0.00000000000000000e+00 0.00000000000000000e+00
1.22070312500000569e-04 -1.01797007183118563e-04
0.00000000000000000e+00 0.00000000000000000e+00
1.22070312500000976e-04 6.40192240652506317e-05
0.00000000000000000e+00 0.00000000000000000e+00
1.22070312500001301e-04 -2.32760727912917565e-04
0.00000000000000000e+00 0.00000000000000000e+00
1.22070312499999702e-04 3.91310628172508387e-04
0.00000000000000000e+00 0.00000000000000000e+00
1.22070312499998970e-04 -3.80801340956137511e-05
0.00000000000000000e+00 0.00000000000000000e+00
1.22070312499996205e-04 -1.90893762225426450e-05
0.00000000000000000e+00 0.00000000000000000e+00
1.22070312500001220e-04 7.80599691688798345e-04
0.00000000000000000e+00 0.00000000000000000e+00
1.22070312499999675e-04 8.90545678209943981e-05
0.00000000000000000e+00 0.00000000000000000e+00
1.22070312500000054e-04 -1.67326186162624138e-04
0.00000000000000000e+00 0.00000000000000000e+00
1.22070312499999282e-04 2.95591172455335090e-05
0.00000000000000000e+00 0.00000000000000000e+00
1.22070312500001057e-04 -5.04113876949383271e-04
0.00000000000000000e+00 0.00000000000000000e+00
1.22070312500001111e-04 2.00077967021407966e-04
0.00000000000000000e+00 0.00000000000000000e+00
1.22070312499999702e-04 -7.44767723087340512e-05
0.00000000000000000e+00 0.00000000000000000e+00
1.22070312499999986e-04 5.03529111093619082e-06
0.00000000000000000e+00 0.00000000000000000e+00
1.22070312499998767e-04 -2.95934452756493578e-03
0.00000000000000000e+00 0.00000000000000000e+00
1.22070312500000136e-04 1.32574169416421777e-04
0.00000000000000000e+00 0.00000000000000000e+00
1.22070312499998618e-04 -1.12398676600736054e-04
0.00000000000000000e+00 0.00000000000000000e+00
1.22070312499999986e-04 5.65649351220021062e-05
0.00000000000000000e+00 0.00000000000000000e+00
1.22070312499998577e-04 -2.63434602403566048e-04
0.00000000000000000e+00 0.00000000000000000e+00
1.22070312499998035e-04 3.32889624845609069e-04
0.00000000000000000e+00 0.00000000000000000e+00
1.22070312500000705e-04 -4.47630688422872699e-05
0.00000000000000000e+00 0.00000000000000000e+00
1.22070312499999390e-04 -6.95931180313063636e-06
0.00000000000000000e+00 0.00000000000000000e+00
1.22070312500000542e-04 2.14118315364832243e-03
0.00000000000000000e+00 0.00000000000000000e+00
1.22070312499998875e-04 1.08902400538987945e-04
0.00000000000000000e+00 0.00000000000000000e+00
1.22070312500000488e-04 -1.36830419899816228e-04
0.00000000000000000e+00 0.00000000000000000e+00
1.22070312500000163e-04 4.25979341160119844e-05
0.00000000000000000e+00 0.00000000000000000e+00
1.22070312500000244e-04 -3.49809480273525185e-04
0.00000000000000000e+00 0.00000000000000000e+00
1.22070312500001030e-04 2.52931958650092110e-04
0.00000000000000000e+00 0.00000000000000000e+00
1.22070312500001247e-04 -5.89137144763193858e-05
0.00000000000000000e+00 0.00000000000000000e+00
1.22070312500001328e-04 1.71277521112313986e-05
0.00000000000000000e+00 0.00000000000000000e+00
1.22070312499998414e-04 -8.70000984196698428e-04
0.00000000000000000e+00 0.00000000000000000e+00
1.22070312499999078e-04 1.61916682645627186e-04
0.00000000000000000e+00 0.00000000000000000e+00
1.22070312499999946e-04 -9.20298078639643873e-05
0.00000000000000000e+00 0.00000000000000000e+00
1.22070312500000786e-04 7.18677809530782419e-05
0.00000000000000000e+00 0.00000000000000000e+00
1.22070312500000569e-04 -2.07341328704394886e-04
0.00000000000000000e+00 0.00000000000000000e+00
1.22070312500000894e-04 4.71571511316005597e-04
0.00000000000000000e+00 0.00000000000000000e+00
1.22070312499999078e-04 -3.15989427611162760e-05
0.00000000000000000e+00 0.00000000000000000e+00
1.22070312500000325e-04 -2.21711474050048197e-05
0.00000000000000000e+00 0.00000000000000000e+00
1.22070312500000434e-04 6.72096979089350458e-04
0.00000000000000000e+00 0.00000000000000000e+00
1.22070312499997303e-04 8.45438080678516661e-05
0.00000000000000000e+00 0.00000000000000000e+00
1.22070312499998685e-04 -1.76253726137915769e-04
0.00000000000000000e+00 0.00000000000000000e+00
1.22070312499996666e-04 2.64054942727980637e-05
0.00000000000000000e+00 0.00000000000000000e+00
1.22070312500000379e-04 -5.64320479666159105e-04
0.00000000000000000e+00 0.00000000000000000e+00
1.22070312499998821e-04 1.89458240420213483e-04
0.00000000000000000e+00 0.00000000000000000e+00
1.22070312499998441e-04 -7.86514282028433307e-05
0.00000000000000000e+00 0.00000000000000000e+00
1.22070312500000732e-04 2.03657088928610388e-06
0.00000000000000000e+00 0.00000000000000000e+00
1.22070312499999200e-04 -7.31678984132066133e-03
0.00000000000000000e+00 0.00000000000000000e+00
1.22070312499999634e-04 1.26212561863344537e-04
0.00000000000000000e+00 0.00000000000000000e+00
1.22070312499999851e-04 -1.18064010220962382e-04
0.00000000000000000e+00 0.00000000000000000e+00
1.22070312500000569e-04 5.29657735074814265e-05
0.00000000000000000e+00 0.00000000000000000e+00
1.22070312499999539e-04 -2.81335666545915917e-04
0.00000000000000000e+00 0.00000000000000000e+00
1.22070312499997967e-04 3.09194012856724143e-04
0.00000000000000000e+00 0.00000000000000000e+00
1.22070312500000596e-04 -4.81935631811607006e-05
0.00000000000000000e+00 0.00000000000000000e+00
1.22070312500000840e-04 -9.96992301861865539e-06
0.00000000000000000e+00 0.00000000000000000e+00
1.22070312500000027e-04 1.49461145948860479e-03
0.00000000000000000e+00 0.00000000000000000e+00
1.22070312500000461e-04 1.03636058521222029e-04
0.00000000000000000e+00 0.00000000000000000e+00
1.22070312499998496e-04 -1.43783557638831082e-04
0.00000000000000000e+00 0.00000000000000000e+00
1.22070312499999526e-04 3.92649115882330019e-05
0.00000000000000000e+00 0.00000000000000000e+00
1.22070312500000136e-04 -3.79503240708026375e-04
0.00000000000000000e+00 0.00000000000000000e+00
1.22070312500000515e-04 2.37837641082038305e-04
0.00000000000000000e+00 0.00000000000000000e+00
1.22070312500000081e-04 -6.26526613956270370e-05
0.00000000000000000e+00 0.00000000000000000e+00
1.22070312500001084e-04 1.40825876437868282e-05
0.00000000000000000e+00 0.00000000000000000e+00
1.22070312500000081e-04 -1.05812664339595928e-03
0.00000000000000000e+00 0.00000000000000000e+00
1.22070312499999268e-04 1.53908484417677511e-04
0.00000000000000000e+00 0.00000000000000000e+00
1.22070312499999648e-04 -9.68183219412991204e-05
0.00000000000000000e+00 0.00000000000000000e+00
1.22070312500000786e-04 6.78899250383739573e-05
0.00000000000000000e+00 0.00000000000000000e+00
1.22070312500000136e-04 -2.19490022789461644e-04
0.00000000000000000e+00 0.00000000000000000e+00
1.22070312499999986e-04 4.27987075125803806e-04
0.00000000000000000e+00 0.00000000000000000e+00
1.22070312500000325e-04 -3.48168485916735740e-05
0.00000000000000000e+00 0.00000000000000000e+00
1.22070312499999905e-04 -1.60311758854189980e-05
0.00000000000000000e+00 0.00000000000000000e+00
1.22070312500000461e-04 9.29511428254097168e-04
0.00000000000000000e+00 0.00000000000000000e+00
1.22070312499998604e-04 9.37298409677313893e-05
0.00000000000000000e+00 0.00000000000000000e+00
1.22070312499998469e-04 -1.58979904798705858e-04
0.00000000000000000e+00 0.00000000000000000e+00
1.22070312499999214e-04 3.27504572595722912e-05
0.00000000000000000e+00 0.00000000000000000e+00
1.22070312499999837e-04 -4.54990935721734911e-04
0.00000000000000000e+00 0.00000000000000000e+00
1.22070312499998929e-04 2.11588114369083940e-04
0.00000000000000000e+00 0.00000000000000000e+00
1.22070312500000190e-04 -7.04253225105777776e-05
0.00000000000000000e+00 0.00000000000000000e+00
1.22070312500000759e-04 8.04009054873890106e-06
0.00000000000000000e+00 0.00000000000000000e+00
1.22070312500000922e-04 -1.85335738490929490e-03
0.00000000000000000e+00 0.00000000000000000e+00
1.22070312499998997e-04 1.39284281727079914e-04
0.00000000000000000e+00 0.00000000000000000e+00
1.22070312500000840e-04 -1.06983796082932501e-04
0.00000000000000000e+00 0.00000000000000000e+00
1.22070312499999580e-04 6.02469222738564187e-05
0.00000000000000000e+00 0.00000000000000000e+00
1.22070312499998984e-04 -2.47334811994430720e-04
0.00000000000000000e+00 0.00000000000000000e+00
1.22070312500000596e-04 3.59985464103033893e-04
0.00000000000000000e+00 0.00000000000000000e+00
1.22070312500001247e-04 -4.13937858045911847e-05
0.00000000000000000e+00 0.00000000000000000e+00
1.22070312499998645e-04 -3.95711571406920833e-06
0.00000000000000000e+00 0.00000000000000000e+00
1.22070312499999268e-04 3.76566223243558198e-03
0.00000000000000000e+00 0.00000000000000000e+00
1.22070312499999634e-04 1.14404578799641609e-04
0.00000000000000000e+00 0.00000000000000000e+00
1.22070312499998740e-04 -1.30249692365412919e-04
0.00000000000000000e+00 0.00000000000000000e+00
1.22070312500001193e-04 4.59885550247482011e-05
0.00000000000000000e+00 0.00000000000000000e+00
1.22070312500000271e-04 -3.24018903960537853e-04
0.00000000000000000e+00 0.00000000000000000e+00
1.22070312499999322e-04 2.69644119141373398e-04
0.00000000000000000e+00 0.00000000000000000e+00
1.22070312499999214e-04 -5.52623259179460131e-05
0.00000000000000000e+00 0.00000000000000000e+00
1.22070312499999255e-04 2.01939667997702677e-05
0.00000000000000000e+00 0.00000000000000000e+00
1.22070312500000678e-04 -7.37901638721983949e-04
0.00000000000000000e+00 0.00000000000000000e+00
1.22070312499999797e-04 1.70463957185999798e-04
0.00000000000000000e+00 0.00000000000000000e+00
1.22070312499999038e-04 -8.74153189907947052e-05
0.00000000000000000e+00 0.00000000000000000e+00
1.22070312499998455e-04 7.59623051772289351e-05
0.00000000000000000e+00 0.00000000000000000e+00
1.22070312500002683e-04 -1.96165205348651620e-04
0.00000000000000000e+00 0.00000000000000000e+00
1.22070312499998306e-04 5.24288619888218805e-04
0.00000000000000000e+00 0.00000000000000000e+00
1.22070312499999526e-04 -2.84216758262343997e-05
0.00000000000000000e+00 0.00000000000000000e+00
1.22070312499999187e-04 -2.72397481155969655e-05
0.00000000000000000e+00 0.00000000000000000e+00
1.22070312500000867e-04 5.47037407637224107e-04
0.00000000000000000e+00 0.00000000000000000e+00
1.22070312500002223e-04 7.75299171484356844e-05
0.00000000000000000e+00 0.00000000000000000e+00
1.22070312499999878e-04 -1.92198853576979422e-04
0.00000000000000000e+00 0.00000000000000000e+00
1.22070312500000163e-04 2.13500278510951015e-05
0.00000000000000000e+00 0.00000000000000000e+00
1.22070312499999485e-04 -6.97945749662454889e-04
0.00000000000000000e+00 0.00000000000000000e+00
1.22070312499999526e-04 1.73821647015224385e-04
0.00000000000000000e+00 0.00000000000000000e+00
1.22070312499999282e-04 -8.57267288034731229e-05
0.00000000000000000e+00 0.00000000000000000e+00
1.22070312499999336e-04 -2.83271771097391221e-06
0.00000000000000000e+00 0.00000000000000000e+00
1.22070312499998116e-04 5.26037632910770266e-03
0.00000000000000000e+00 0.00000000000000000e+00
1.22070312500001545e-04 1.16533365388004796e-04
0.00000000000000000e+00 0.00000000000000000e+00
1.22070312500000298e-04 -1.27870341204279220e-04
0.00000000000000000e+00 0.00000000000000000e+00
1.22070312500002114e-04 4.72760400230753074e-05
0.00000000000000000e+00 0.00000000000000000e+00
1.22070312500000651e-04 -3.15194783373872150e-04
0.00000000000000000e+00 0.00000000000000000e+00
1.22070312499999282e-04 2.76386967726768721e-04
0.00000000000000000e+00 0.00000000000000000e+00
1.22070312500000922e-04 -5.39141237968162828e-05
0.00000000000000000e+00 0.00000000000000000e+00
1.22070312500000407e-04 -1.48896251459559798e-05
0.00000000000000000e+00 0.00000000000000000e+00
1.22070312499998035e-04 1.00077477087418269e-03
0.00000000000000000e+00 0.00000000000000000e+00
1.22070312499998550e-04 9.55285189534343677e-05
0.00000000000000000e+00 0.00000000000000000e+00
1.22070312499996761e-04 -1.55986519597477451e-04
0.00000000000000000e+00 0.00000000000000000e+00
1.22070312499998862e-04 3.39578654888509301e-05
0.00000000000000000e+00 0.00000000000000000e+00
1.22070312500000732e-04 -4.38813246337324699e-04
0.00000000000000000e+00 0.00000000000000000e+00
1.22070312500000136e-04 2.16160248545746258e-04
0.00000000000000000e+00 0.00000000000000000e+00
1.22070312500001220e-04 -6.89357145640659072e-05
0.00000000000000000e+00 0.00000000000000000e+00
1.22070312500000217e-04 9.16920196528985600e-06
0.00000000000000000e+00 0.00000000000000000e+00
1.22070312500000840e-04 -1.62513174540755635e-03
0.00000000000000000e+00 0.00000000000000000e+00
1.22070312499999729e-04 1.41898059879587944e-04
0.00000000000000000e+00 0.00000000000000000e+00
1.22070312499999539e-04 -1.05013142579204783e-04
0.00000000000000000e+00 0.00000000000000000e+00
1.22070312499999458e-04 6.16505312042383056e-05
0.00000000000000000e+00 0.00000000000000000e+00
1.22070312500002060e-04 -2.41703695049804319e-04
0.00000000000000000e+00 0.00000000000000000e+00
1.22070312499998591e-04 3.71184077842949360e-04
0.00000000000000000e+00 0.00000000000000000e+00
1.22070312499998238e-04 -4.01449363896266186e-05
0.00000000000000000e+00 0.00000000000000000e+00
1.22070312499999214e-04 -2.10124677923816790e-05
0.00000000000000000e+00 0.00000000000000000e+00
1.22070312499996747e-04 7.09158074200627619e-04
0.00000000000000000e+00 0.00000000000000000e+00
1.22070312499999065e-04 8.62169623684106996e-05
0.00000000000000000e+00 0.00000000000000000e+00
1.22070312500000027e-04 -1.72833289233436765e-04
0.00000000000000000e+00 0.00000000000000000e+00
1.22070312500001409e-04 2.75839663078981560e-05
0.00000000000000000e+00 0.00000000000000000e+00
1.22070312500000813e-04 -5.40210969935193746e-04
0.00000000000000000e+00 0.00000000000000000e+00
1.22070312500003497e-04 1.93343750893906036e-04
0.00000000000000000e+00 0.00000000000000000e+00
1.22070312499997466e-04 -7.70708188134014058e-05
0.00000000000000000e+00 0.00000000000000000e+00
1.22070312500000515e-04 3.16060903760591901e-06
0.00000000000000000e+00 0.00000000000000000e+00
1.22070312500001762e-04 -4.71464866946442410e-03
0.00000000000000000e+00 0.00000000000000000e+00
1.22070312499999973e-04 1.28559547973250340e-04
0.00000000000000000e+00 0.00000000000000000e+00
1.22070312500001003e-04 -1.15908630893354163e-04
0.00000000000000000e+00 0.00000000000000000e+00
1.22070312499999268e-04 5.43062056454368279e-05
0.00000000000000000e+00 0.00000000000000000e+00
1.22070312500002846e-04 -2.74391499401319366e-04
0.00000000000000000e+00 0.00000000000000000e+00
1.22070312500001572e-04 3.17724791000106529e-04
0.00000000000000000e+00 0.00000000000000000e+00
1.22070312499998265e-04 -4.68995861070291680e-05
0.00000000000000000e+00 0.00000000000000000e+00
1.22070312499999959e-04 -8.83972507059174900e-06
0.00000000000000000e+00 0.00000000000000000e+00
1.22070312499998414e-04 1.68570414519170100e-03
0.00000000000000000e+00 0.00000000000000000e+00
1.22070312499999038e-04 1.05584670576642782e-04
0.00000000000000000e+00 0.00000000000000000e+00
1.22070312500000922e-04 -1.41129968133307527e-04
0.00000000000000000e+00 0.00000000000000000e+00
1.22070312499999810e-04 4.05083930691871021e-05
0.00000000000000000e+00 0.00000000000000000e+00
1.22070312500000434e-04 -3.67853673395447385e-04
0.00000000000000000e+00 0.00000000000000000e+00
1.22070312500000081e-04 2.43324746807995574e-04
0.00000000000000000e+00 0.00000000000000000e+00
1.22070312499997344e-04 -6.12398097165414034e-05
0.00000000000000000e+00 0.00000000000000000e+00
1.22070312499999621e-04 1.52223039854352914e-05
0.00000000000000000e+00 0.00000000000000000e+00
1.22070312500001084e-04 -9.78903141607385691e-04
0.00000000000000000e+00 0.00000000000000000e+00
1.22070312500002114e-04 1.56852269230978408e-04
0.00000000000000000e+00 0.00000000000000000e+00
1.22070312499999661e-04 -9.50012471410562845e-05
0.00000000000000000e+00 0.00000000000000000e+00
1.22070312499996422e-04 6.93685703095082138e-05
0.00000000000000000e+00 0.00000000000000000e+00
1.22070312499999566e-04 -2.14811421474622049e-04
0.00000000000000000e+00 0.00000000000000000e+00
1.22070312500001762e-04 4.43419956872383918e-04
0.00000000000000000e+00 0.00000000000000000e+00
1.22070312500002196e-04 -3.36050756464634053e-05
0.00000000000000000e+00 0.00000000000000000e+00
1.22070312499996503e-04 -2.41110105978999313e-05
0.00000000000000000e+00 0.00000000000000000e+00
1.22070312499996666e-04 6.18023086728124453e-04
0.00000000000000000e+00 0.00000000000000000e+00
1.22070312499997479e-04 8.18019863417370846e-05
0.00000000000000000e+00 0.00000000000000000e+00
1.22070312500002900e-04 -1.82161361358585544e-04
0.00000000000000000e+00 0.00000000000000000e+00
1.22070312500000515e-04 2.44516700460285120e-05
0.00000000000000000e+00 0.00000000000000000e+00
1.22070312499997954e-04 -6.09412819893237869e-04
0.00000000000000000e+00 0.00000000000000000e+00
1.22070312499993156e-04 1.83223037607243184e-04
0.00000000000000000e+00 0.00000000000000000e+00
1.22070312500001193e-04 -8.13279890369996675e-05
0.00000000000000000e+00 0.00000000000000000e+00
1.22070312499998496e-04 1.63846923269706285e-07
0.00000000000000000e+00 0.00000000000000000e+00
1.22070312500032851e-04 -9.09456271511825259e-02
0.00000000000000000e+00 0.00000000000000000e+00
1.22070312499994457e-04 1.22398446779531031e-04
0.00000000000000000e+00 0.00000000000000000e+00
1.22070312500009134e-04 -1.21743057905690269e-04
0.00000000000000000e+00 0.00000000000000000e+00
1.22070312500001437e-04 5.07552443945126275e-05
0.00000000000000000e+00 0.00000000000000000e+00
1.22070312499997520e-04 -2.93588600973399146e-04
0.00000000000000000e+00 0.00000000000000000e+00
1.22070312500001437e-04 2.95826258020160261e-04
0.00000000000000000e+00 0.00000000000000000e+00
1.22070312499999580e-04 -5.03713270538382854e-05
0.00000000000000000e+00 0.00000000000000000e+00
1.22070312499999268e-04 -1.18574619242989297e-05
0.00000000000000000e+00 0.00000000000000000e+00
1.22070312499996503e-04 1.25669062139737407e-03
0.00000000000000000e+00 0.00000000000000000e+00
1.22070312500000813e-04 1.00455018901961755e-04
0.00000000000000000e+00 0.00000000000000000e+00
1.22070312500000651e-04 -1.48336652132732984e-04
0.00000000000000000e+00 0.00000000000000000e+00
1.22070312499999512e-04 3.72086213323417038e-05
0.00000000000000000e+00 0.00000000000000000e+00
1.22070312500001572e-04 -4.00476036474283533e-04
0.00000000000000000e+00 0.00000000000000000e+00
1.22070312499998306e-04 2.29116683394472217e-04
0.00000000000000000e+00 0.00000000000000000e+00
1.22070312500000759e-04 -6.50374340841512814e-05
0.00000000000000000e+00 0.00000000000000000e+00
1.22070312500000190e-04 1.21883345893160490e-05
0.00000000000000000e+00 0.00000000000000000e+00
1.22070312500006803e-04 -1.22257565909866047e-03
0.00000000000000000e+00 0.00000000000000000e+00
1.22070312500000352e-04 1.49150891871838094e-04
0.00000000000000000e+00 0.00000000000000000e+00
1.22070312499998441e-04 -9.99066181022363066e-05
0.00000000000000000e+00 0.00000000000000000e+00
1.22070312500001762e-04 6.54587509855145475e-05
0.00000000000000000e+00 0.00000000000000000e+00
1.22070312499999702e-04 -2.27642003085949560e-04
0.00000000000000000e+00 0.00000000000000000e+00
1.22070312499997439e-04 4.04364952495673798e-04
0.00000000000000000e+00 0.00000000000000000e+00
1.22070312499999661e-04 -3.68507732974371127e-05
0.00000000000000000e+00 0.00000000000000000e+00
1.22070312500001274e-04 -1.79400015474245092e-05
0.00000000000000000e+00 0.00000000000000000e+00
1.22070312499996680e-04 8.30610920208519265e-04
0.00000000000000000e+00 0.00000000000000000e+00
1.22070312500000976e-04 9.07877372119746362e-05
0.00000000000000000e+00 0.00000000000000000e+00
1.22070312499997669e-04 -1.64131871235607615e-04
0.00000000000000000e+00 0.00000000000000000e+00
1.22070312500000434e-04 3.07512073594126920e-05
0.00000000000000000e+00 0.00000000000000000e+00
1.22070312499999770e-04 -4.84571581846682373e-04
0.00000000000000000e+00 0.00000000000000000e+00
1.22070312500000379e-04 2.04283327757591015e-04
0.00000000000000000e+00 0.00000000000000000e+00
1.22070312500004770e-04 -7.29435992521634444e-05
0.00000000000000000e+00 0.00000000000000000e+00
1.22070312499999648e-04 6.16118309350882789e-06
0.00000000000000000e+00 0.00000000000000000e+00
1.22070312500000732e-04 -2.41855516508624304e-03
0.00000000000000000e+00 0.00000000000000000e+00
1.22070312499999851e-04 1.35047677603947924e-04
0.00000000000000000e+00 0.00000000000000000e+00
1.22070312499998360e-04 -1.10340003310148817e-04
0.00000000000000000e+00 0.00000000000000000e+00
1.22070312499999648e-04 5.79355841299780843e-05
0.00000000000000000e+00 0.00000000000000000e+00
1.22070312500000461e-04 -2.57202225844766982e-04
0.00000000000000000e+00 0.00000000000000000e+00
1.22070312500000705e-04 3.42612756176201359e-04
0.00000000000000000e+00 0.00000000000000000e+00
1.22070312499998496e-04 -4.34927215208081639e-05
0.00000000000000000e+00 0.00000000000000000e+00
1.22070312500002819e-04 -5.83269837368157692e-06
0.00000000000000000e+00 0.00000000000000000e+00
1.22070312499998591e-04 2.55476286260251061e-03
0.00000000000000000e+00 0.00000000000000000e+00
1.22070312499999797e-04 1.10936887128225029e-04
0.00000000000000000e+00 0.00000000000000000e+00
1.22070312500001816e-04 -1.34321068308184376e-04
0.00000000000000000e+00 0.00000000000000000e+00
1.22070312499997940e-04 4.38623684357581744e-05
0.00000000000000000e+00 0.00000000000000000e+00
1.22070312500000081e-04 -3.39725412130290972e-04
0.00000000000000000e+00 0.00000000000000000e+00
1.22070312500002792e-04 2.58994843275148299e-04
0.00000000000000000e+00 0.00000000000000000e+00
1.22070312500000298e-04 -5.75345864242446964e-05
0.00000000000000000e+00 0.00000000000000000e+00
1.22070312500000488e-04 1.82749058401630803e-05
0.00000000000000000e+00 0.00000000000000000e+00
1.22070312500001193e-04 -8.15389218646427592e-04
0.00000000000000000e+00 0.00000000000000000e+00
1.22070312499999133e-04 1.65055325779589663e-04
0.00000000000000000e+00 0.00000000000000000e+00
1.22070312500000325e-04 -9.02797963256633904e-05
0.00000000000000000e+00 0.00000000000000000e+00
1.22070312500001328e-04 7.33890182889678861e-05
0.00000000000000000e+00 0.00000000000000000e+00
1.22070312500002358e-04 -2.03043473550428282e-04
0.00000000000000000e+00 0.00000000000000000e+00
1.22070312499999986e-04 4.90122170684661887e-04
0.00000000000000000e+00 0.00000000000000000e+00
1.22070312500001735e-04 -3.04029527434584179e-05
0.00000000000000000e+00 0.00000000000000000e+00
1.22070312499998618e-04 -2.56713418862869526e-05
0.00000000000000000e+00 0.00000000000000000e+00
1.22070312500000759e-04 5.80458990412489276e-04
0.00000000000000000e+00 0.00000000000000000e+00
1.22070312500000759e-04 7.96488472826156437e-05
0.00000000000000000e+00 0.00000000000000000e+00
1.22070312499999539e-04 -1.87085710618941839e-04
0.00000000000000000e+00 0.00000000000000000e+00
1.22070312500000949e-04 2.28972789566779216e-05
0.00000000000000000e+00 0.00000000000000000e+00
1.22070312500001220e-04 -6.50783056888189953e-04
0.00000000000000000e+00 0.00000000000000000e+00
1.22070312500000542e-04 1.78438014440269782e-04
0.00000000000000000e+00 0.00000000000000000e+00
1.22070312499998943e-04 -8.35088937779893234e-05
0.00000000000000000e+00 0.00000000000000000e+00
1.22070312500000623e-04 -1.33423441634538656e-06
0.00000000000000000e+00 0.00000000000000000e+00
1.22070312499995704e-04 1.11683232056355216e-02
0.00000000000000000e+00 0.00000000000000000e+00
1.22070312499999824e-04 1.19430694816186438e-04
0.00000000000000000e+00 0.00000000000000000e+00
1.22070312499999092e-04 -1.24768270140118129e-04
0.00000000000000000e+00 0.00000000000000000e+00
1.22070312499999241e-04 4.90070712314594789e-05
0.00000000000000000e+00 0.00000000000000000e+00
1.22070312499999431e-04 -3.04061451121409815e-04
0.00000000000000000e+00 0.00000000000000000e+00
1.22070312499999634e-04 2.85827309755187699e-04
0.00000000000000000e+00 0.00000000000000000e+00
1.22070312500001681e-04 -5.21334410158719373e-05
0.00000000000000000e+00 0.00000000000000000e+00
1.22070312499999349e-04 -1.33715054395901953e-05
0.00000000000000000e+00 0.00000000000000000e+00
1.22070312499998591e-04 1.11439667441843530e-03
0.00000000000000000e+00 0.00000000000000000e+00
1.22070312500001057e-04 9.79675077320579411e-05
0.00000000000000000e+00 0.00000000000000000e+00
1.22070312499999051e-04 -1.52103095595754108e-04
0.00000000000000000e+00 0.00000000000000000e+00
1.22070312500000054e-04 3.55774297378814173e-05
0.00000000000000000e+00 0.00000000000000000e+00
1.22070312500001409e-04 -4.18837484990698672e-04
0.00000000000000000e+00 0.00000000000000000e+00
1.22070312499998170e-04 2.22493557219325327e-04
0.00000000000000000e+00 0.00000000000000000e+00
1.22070312500000217e-04 -6.69734502880859223e-05
0.00000000000000000e+00 0.00000000000000000e+00
1.22070312500002033e-04 1.06771478516686095e-05
0.00000000000000000e+00 0.00000000000000000e+00
1.22070312499999431e-04 -1.39561251758069625e-03
0.00000000000000000e+00 0.00000000000000000e+00
1.22070312499999729e-04 1.45471439112687472e-04
0.00000000000000000e+00 0.00000000000000000e+00
1.22070312500000190e-04 -1.02433586171541590e-04
0.00000000000000000e+00 0.00000000000000000e+00
1.22070312500000027e-04 6.35424770559096910e-05
0.00000000000000000e+00 0.00000000000000000e+00
1.22070312500000569e-04 -2.34507086979576952e-04
0.00000000000000000e+00 0.00000000000000000e+00
1.22070312500000623e-04 3.87128808936224630e-04
0.00000000000000000e+00 0.00000000000000000e+00
1.22070312499997818e-04 -3.84914810003264164e-05
0.00000000000000000e+00 0.00000000000000000e+00
1.22070312499999634e-04 -1.94732270932388176e-05
0.00000000000000000e+00 0.00000000000000000e+00
1.22070312499998550e-04 7.65212726298507154e-04
0.00000000000000000e+00 0.00000000000000000e+00
1.22070312499998021e-04 8.84820198306719192e-05
0.00000000000000000e+00 0.00000000000000000e+00
1.22070312500000542e-04 -1.68408917680271038e-04
0.00000000000000000e+00 0.00000000000000000e+00
1.22070312500000949e-04 2.91629437753667322e-05
0.00000000000000000e+00 0.00000000000000000e+00
1.22070312500001599e-04 -5.10962175445202533e-04
0.00000000000000000e+00 0.00000000000000000e+00
1.22070312500001843e-04 1.98704269718835794e-04
0.00000000000000000e+00 0.00000000000000000e+00
1.22070312499998116e-04 -7.49916507326834508e-05
0.00000000000000000e+00 0.00000000000000000e+00
1.22070312500000759e-04 4.66019315522954055e-06
0.00000000000000000e+00 0.00000000000000000e+00
1.22070312500001084e-04 -3.19754153905150865e-03
0.00000000000000000e+00 0.00000000000000000e+00
1.22070312499999133e-04 1.31760639670160372e-04
0.00000000000000000e+00 0.00000000000000000e+00
1.22070312500000136e-04 -1.13092659774195097e-04
0.00000000000000000e+00 0.00000000000000000e+00
1.22070312499999173e-04 5.61106579684192471e-05
0.00000000000000000e+00 0.00000000000000000e+00
1.22070312500000136e-04 -2.65567393671169584e-04
0.00000000000000000e+00 0.00000000000000000e+00
1.22070312499999959e-04 3.29756226000539577e-04
0.00000000000000000e+00 0.00000000000000000e+00
1.22070312500000136e-04 -4.51884150136511729e-05
0.00000000000000000e+00 0.00000000000000000e+00
1.22070312499999512e-04 -7.33510296824703297e-06
0.00000000000000000e+00 0.00000000000000000e+00
1.22070312499998834e-04 2.03148630064939459e-03
0.00000000000000000e+00 0.00000000000000000e+00
1.22070312499999621e-04 1.08231659638159580e-04
0.00000000000000000e+00 0.00000000000000000e+00
1.22070312499999024e-04 -1.37678395061714156e-04
0.00000000000000000e+00 0.00000000000000000e+00
1.22070312499999011e-04 4.21782695951869289e-05
0.00000000000000000e+00 0.00000000000000000e+00
1.22070312500000081e-04 -3.53290007789881289e-04
0.00000000000000000e+00 0.00000000000000000e+00
1.22070312500001301e-04 2.50962111056916078e-04
0.00000000000000000e+00 0.00000000000000000e+00
1.22070312500000271e-04 -5.93761390159331596e-05
0.00000000000000000e+00 0.00000000000000000e+00
1.22070312499997655e-04 1.67460352636970683e-05
0.00000000000000000e+00 0.00000000000000000e+00
1.22070312500000027e-04 -8.89832187691088380e-04
0.00000000000000000e+00 0.00000000000000000e+00
1.22070312500000217e-04 1.60887455354714458e-04
0.00000000000000000e+00 0.00000000000000000e+00
1.22070312499999377e-04 -9.26185398419938747e-05
0.00000000000000000e+00 0.00000000000000000e+00
1.22070312500000542e-04 7.13643715666800694e-05
0.00000000000000000e+00 0.00000000000000000e+00
1.22070312500000217e-04 -2.08803929281772003e-04
0.00000000000000000e+00 0.00000000000000000e+00
1.22070312499998970e-04 4.65677825866812932e-04
0.00000000000000000e+00 0.00000000000000000e+00
1.22070312500000027e-04 -3.19988635192392892e-05
0.00000000000000000e+00 0.00000000000000000e+00
1.22070312499998062e-04 -2.25582255807854184e-05
0.00000000000000000e+00 0.00000000000000000e+00
1.22070312499999932e-04 6.60564419860283354e-04
0.00000000000000000e+00 0.00000000000000000e+00
1.22070312500001437e-04 8.39908340978395851e-05
0.00000000000000000e+00 0.00000000000000000e+00
1.22070312500000678e-04 -1.77414135172056984e-04
0.00000000000000000e+00 0.00000000000000000e+00
1.22070312499997222e-04 2.60137222048779218e-05
0.00000000000000000e+00 0.00000000000000000e+00
1.22070312499999146e-04 -5.72819263482917361e-04
0.00000000000000000e+00 0.00000000000000000e+00
1.22070312499999024e-04 1.88187654143740510e-04
0.00000000000000000e+00 0.00000000000000000e+00
1.22070312500002331e-04 -7.91824589219100106e-05
0.00000000000000000e+00 0.00000000000000000e+00
1.22070312500000352e-04 1.66197761804410463e-06
0.00000000000000000e+00 0.00000000000000000e+00
1.22070312500003442e-04 -8.96592170199140767e-03
0.00000000000000000e+00 0.00000000000000000e+00
1.22070312499999864e-04 1.25440147775963983e-04
0.00000000000000000e+00 0.00000000000000000e+00
1.22070312500000461e-04 -1.18791004778317981e-04
0.00000000000000000e+00 0.00000000000000000e+00
1.22070312499999986e-04 5.25213499726005084e-05
0.00000000000000000e+00 0.00000000000000000e+00
1.22070312500000596e-04 -2.83716263988294433e-04
0.00000000000000000e+00 0.00000000000000000e+00
1.22070312499999228e-04 3.06438198693882171e-04
0.00000000000000000e+00 0.00000000000000000e+00
1.22070312499998929e-04 -4.86269703234135220e-05
0.00000000000000000e+00 0.00000000000000000e+00
1.22070312500000922e-04 -1.03470238993020517e-05
0.00000000000000000e+00 0.00000000000000000e+00
1.22070312499998726e-04 1.44013982560259020e-03
0.00000000000000000e+00 0.00000000000000000e+00
1.22070312500001843e-04 1.02993287162106792e-04
0.00000000000000000e+00 0.00000000000000000e+00
1.22070312499999715e-04 -1.44680897216083388e-04
0.00000000000000000e+00 0.00000000000000000e+00
1.22070312499999485e-04 3.88520626947004647e-05
0.00000000000000000e+00 0.00000000000000000e+00
1.22070312499999187e-04 -3.83535909301430111e-04
0.00000000000000000e+00 0.00000000000000000e+00
1.22070312499999621e-04 2.36052124073967188e-04
0.00000000000000000e+00 0.00000000000000000e+00
1.22070312499998591e-04 -6.31265711007902803e-05
0.00000000000000000e+00 0.00000000000000000e+00
1.22070312500000732e-04 1.37032293860537214e-05
0.00000000000000000e+00 0.00000000000000000e+00
1.22070312500001599e-04 -1.08741967123550973e-03
0.00000000000000000e+00 0.00000000000000000e+00
1.22070312499999078e-04 1.52942371530249396e-04
0.00000000000000000e+00 0.00000000000000000e+00
1.22070312500001111e-04 -9.74299080415402937e-05
0.00000000000000000e+00 0.00000000000000000e+00
1.22070312499998834e-04 6.74004138496482613e-05
0.00000000000000000e+00 0.00000000000000000e+00
1.22070312500000651e-04 -2.21084120152259777e-04
0.00000000000000000e+00 0.00000000000000000e+00
1.22070312500000976e-04 4.23061892304328591e-04
0.00000000000000000e+00 0.00000000000000000e+00
1.22070312500001681e-04 -3.52221778063832738e-05
0.00000000000000000e+00 0.00000000000000000e+00
1.22070312500001057e-04 -1.64122967451949564e-05
0.00000000000000000e+00 0.00000000000000000e+00
1.22070312499998319e-04 9.07926625090529666e-04
0.00000000000000000e+00 0.00000000000000000e+00
1.22070312499999973e-04 9.31359328916365347e-05
0.00000000000000000e+00 0.00000000000000000e+00
1.22070312500000325e-04 -1.59993685908369014e-04
0.00000000000000000e+00 0.00000000000000000e+00
1.22070312499999688e-04 3.23493219622028410e-05
0.00000000000000000e+00 0.00000000000000000e+00
1.22070312499999580e-04 -4.60632875435761850e-04
0.00000000000000000e+00 0.00000000000000000e+00
1.22070312500000325e-04 2.10096354509109652e-04
0.00000000000000000e+00 0.00000000000000000e+00
1.22070312499999553e-04 -7.09253676898107167e-05
0.00000000000000000e+00 0.00000000000000000e+00
1.22070312500000976e-04 7.66403367301348252e-06
0.00000000000000000e+00 0.00000000000000000e+00
1.22070312499998821e-04 -1.94429745870199023e-03
0.00000000000000000e+00 0.00000000000000000e+00
1.22070312499999119e-04 1.38425201323717697e-04
0.00000000000000000e+00 0.00000000000000000e+00
1.22070312499998523e-04 -1.07647748035418270e-04
0.00000000000000000e+00 0.00000000000000000e+00
1.22070312500000569e-04 5.97818938180206172e-05
0.00000000000000000e+00 0.00000000000000000e+00
1.22070312500001166e-04 -2.49258767867206049e-04
0.00000000000000000e+00 0.00000000000000000e+00
1.22070312499999837e-04 3.56386566295620951e-04
0.00000000000000000e+00 0.00000000000000000e+00
1.22070312500000976e-04 -4.18117925957052646e-05
0.00000000000000000e+00 0.00000000000000000e+00
1.22070312500001084e-04 -4.33205475527574891e-06
0.00000000000000000e+00 0.00000000000000000e+00
1.22070312499998238e-04 3.43974442513589676e-03
0.00000000000000000e+00 0.00000000000000000e+00
1.22070312500000352e-04 1.13703138858770110e-04
0.00000000000000000e+00 0.00000000000000000e+00
1.22070312499999417e-04 -1.31053208762833633e-04
0.00000000000000000e+00 0.00000000000000000e+00
1.22070312499999458e-04 4.55613859655868629e-05
0.00000000000000000e+00 0.00000000000000000e+00
1.22070312499999160e-04 -3.27056802115336005e-04
0.00000000000000000e+00 0.00000000000000000e+00
1.22070312499999228e-04 2.67457076494156140e-04
0.00000000000000000e+00 0.00000000000000000e+00
1.22070312500000922e-04 -5.57142154889791544e-05
0.00000000000000000e+00 0.00000000000000000e+00
1.22070312499997737e-04 1.98094047028701840e-05
0.00000000000000000e+00 0.00000000000000000e+00
1.22070312500002656e-04 -7.52226602331389021e-04
0.00000000000000000e+00 0.00000000000000000e+00
1.22070312499998767e-04 1.69363853592272262e-04
0.00000000000000000e+00 0.00000000000000000e+00
1.22070312500000623e-04 -8.79831255476796754e-05
0.00000000000000000e+00 0.00000000000000000e+00
1.22070312500001626e-04 7.54437637425551632e-05
0.00000000000000000e+00 0.00000000000000000e+00
1.22070312499998482e-04 -1.97513491568319840e-04
0.00000000000000000e+00 0.00000000000000000e+00
1.22070312499998238e-04 5.17100357041295013e-04
0.00000000000000000e+00 0.00000000000000000e+00
1.22070312500000108e-04 -2.88167683331477863e-05
0.00000000000000000e+00 0.00000000000000000e+00
1.22070312500001789e-04 -2.64545021950837234e-05
0.00000000000000000e+00 0.00000000000000000e+00
1.22070312499998333e-04 5.63275055563765737e-04
0.00000000000000000e+00 0.00000000000000000e+00
1.22070312500000623e-04 7.85851971458356881e-05
0.00000000000000000e+00 0.00000000000000000e+00
1.22070312500001220e-04 -1.89617914506148161e-04
0.00000000000000000e+00 0.00000000000000000e+00
1.22070312500000840e-04 2.21227931115182320e-05
0.00000000000000000e+00 0.00000000000000000e+00
1.22070312500001816e-04 -6.73565996785850901e-04
0.00000000000000000e+00 0.00000000000000000e+00
1.22070312500001193e-04 1.76109397912403877e-04
0.00000000000000000e+00 0.00000000000000000e+00
1.22070312500000922e-04 -8.46130948744683190e-05
0.00000000000000000e+00 0.00000000000000000e+00
1.22070312499999675e-04 -2.08339759985112550e-06
0.00000000000000000e+00 0.00000000000000000e+00
1.22070312499995988e-04 7.15233673826678584e-03
0.00000000000000000e+00 0.00000000000000000e+00
1.22070312500001491e-04 1.17973439424335586e-04
0.00000000000000000e+00 0.00000000000000000e+00
1.22070312499998550e-04 -1.26309458014950741e-04
0.00000000000000000e+00 0.00000000000000000e+00
1.22070312500000813e-04 4.81394612667909860e-05
0.00000000000000000e+00 0.00000000000000000e+00
1.22070312499999851e-04 -3.09541502994084409e-04
0.00000000000000000e+00 0.00000000000000000e+00
1.22070312499999919e-04 2.81040457774860532e-04
0.00000000000000000e+00 0.00000000000000000e+00
1.22070312500000407e-04 -5.30214094861210564e-05
0.00000000000000000e+00 0.00000000000000000e+00
1.22070312500000759e-04 -1.41300261617854204e-05
0.00000000000000000e+00 0.00000000000000000e+00
1.22070312499999444e-04 1.05457421120323911e-03
0.00000000000000000e+00 0.00000000000000000e+00
1.22070312499998780e-04 9.67420831262735543e-05
0.00000000000000000e+00 0.00000000000000000e+00
1.22070312499999106e-04 -1.54029773934036594e-04
0.00000000000000000e+00 0.00000000000000000e+00
1.22070312499999959e-04 3.47662324677775299e-05
0.00000000000000000e+00 0.00000000000000000e+00
1.22070312500002250e-04 -4.28610181090461804e-04
0.00000000000000000e+00 0.00000000000000000e+00
1.22070312500000434e-04 2.19291996989958051e-04
0.00000000000000000e+00 0.00000000000000000e+00
1.22070312499999024e-04 -6.79512312276944356e-05
0.00000000000000000e+00 0.00000000000000000e+00
1.22070312499999553e-04 9.92279884145641653e-06
0.00000000000000000e+00 0.00000000000000000e+00
1.22070312499998469e-04 -1.50170949063229342e-03
0.00000000000000000e+00 0.00000000000000000e+00
1.22070312500000651e-04 1.43671846335855565e-04
0.00000000000000000e+00 0.00000000000000000e+00
1.22070312500000271e-04 -1.03716640203912013e-04
0.00000000000000000e+00 0.00000000000000000e+00
1.22070312499999566e-04 6.25935277839007867e-05
0.00000000000000000e+00 0.00000000000000000e+00
1.22070312500000217e-04 -2.38062332024054448e-04
0.00000000000000000e+00 0.00000000000000000e+00
1.22070312499999512e-04 3.79004561166263257e-04
0.00000000000000000e+00 0.00000000000000000e+00
1.22070312500002060e-04 -3.93165748401371888e-05
0.00000000000000000e+00 0.00000000000000000e+00
1.22070312500000759e-04 -2.02420643618777289e-05
0.00000000000000000e+00 0.00000000000000000e+00
1.22070312500001247e-04 7.36148296312681585e-04
0.00000000000000000e+00 0.00000000000000000e+00
1.22070312500001355e-04 8.73445187667168762e-05
0.00000000000000000e+00 0.00000000000000000e+00
1.22070312500000108e-04 -1.70602132844151428e-04
0.00000000000000000e+00 0.00000000000000000e+00
1.22070312500000434e-04 2.83723290990813389e-05
0.00000000000000000e+00 0.00000000000000000e+00
1.22070312500002114e-04 -5.25200491711827803e-04
0.00000000000000000e+00 0.00000000000000000e+00
1.22070312499999431e-04 1.95997604289373207e-04
0.00000000000000000e+00 0.00000000000000000e+00
1.22070312500001762e-04 -7.60272619039115447e-05
0.00000000000000000e+00 0.00000000000000000e+00
1.22070312499999932e-04 3.91025372234575897e-06
0.00000000000000000e+00 0.00000000000000000e+00
1.22070312500003768e-04 -3.81079138386580677e-03
0.00000000000000000e+00 0.00000000000000000e+00
1.22070312500001382e-04 1.30149622865600897e-04
0.00000000000000000e+00 0.00000000000000000e+00
1.22070312500002304e-04 -1.14492542242977151e-04
0.00000000000000000e+00 0.00000000000000000e+00
1.22070312500000352e-04 5.52059281406633762e-05
0.00000000000000000e+00 0.00000000000000000e+00
1.22070312500001111e-04 -2.69919584648228568e-04
0.00000000000000000e+00 0.00000000000000000e+00
1.22070312500002602e-04 3.23642643257345138e-04
0.00000000000000000e+00 0.00000000000000000e+00
1.22070312500001193e-04 -4.60420204330097059e-05
0.00000000000000000e+00 0.00000000000000000e+00
1.22070312499999282e-04 -8.08710819933476164e-06
0.00000000000000000e+00 0.00000000000000000e+00
1.22070312500000027e-04 1.84258214760510083e-03
0.00000000000000000e+00 0.00000000000000000e+00
1.22070312500000840e-04 1.06901053308936501e-04
0.00000000000000000e+00 0.00000000000000000e+00
1.22070312500001003e-04 -1.39392089531471629e-04
0.00000000000000000e+00 0.00000000000000000e+00
1.22070312500000190e-04 4.13415962625454986e-05
0.00000000000000000e+00 0.00000000000000000e+00
1.22070312499999932e-04 -3.60439908977281190e-04
0.00000000000000000e+00 0.00000000000000000e+00
1.22070312500001111e-04 2.47095998779312692e-04
0.00000000000000000e+00 0.00000000000000000e+00
1.22070312500001491e-04 -6.03051496886292281e-05
0.00000000000000000e+00 0.00000000000000000e+00
1.22070312500000000e-04 1.59835575178568684e-05
0.00000000000000000e+00 0.00000000000000000e+00
1.22070312500001409e-04 -9.32280637598999597e-04
0.00000000000000000e+00 0.00000000000000000e+00
1.22070312500001355e-04 1.58853751891560330e-04
0.00000000000000000e+00 0.00000000000000000e+00
1.22070312500001789e-04 -9.38042760489503526e-05
0.00000000000000000e+00 0.00000000000000000e+00
1.22070312500000434e-04 7.03629414917137616e-05
0.00000000000000000e+00 0.00000000000000000e+00
1.22070312499999959e-04 -2.11775700076474369e-04
0.00000000000000000e+00 0.00000000000000000e+00
1.22070312500000813e-04 4.54294755121001858e-04
0.00000000000000000e+00 0.00000000000000000e+00
1.22070312500000488e-04 -3.28006454529246533e-05
0.00000000000000000e+00 0.00000000000000000e+00
1.22070312500000434e-04 -2.33337074626189457e-05
0.00000000000000000e+00 0.00000000000000000e+00
1.22070312499997506e-04 6.38610954462344406e-04
0.00000000000000000e+00 0.00000000000000000e+00
1.22070312499999648e-04 8.28918501373002544e-05
0.00000000000000000e+00 0.00000000000000000e+00
1.22070312500000678e-04 -1.79766299933779297e-04
0.00000000000000000e+00 0.00000000000000000e+00
1.22070312500000515e-04 2.52317055502536408e-05
0.00000000000000000e+00 0.00000000000000000e+00
1.22070312500001057e-04 -5.90572887122840068e-04
0.00000000000000000e+00 0.00000000000000000e+00
1.22070312499999038e-04 1.85682177198261952e-04
0.00000000000000000e+00 0.00000000000000000e+00
1.22070312500000000e-04 -8.02508965517839706e-05
0.00000000000000000e+00 0.00000000000000000e+00
1.22070312500000298e-04 9.12877898427132091e-07
0.00000000000000000e+00 0.00000000000000000e+00
1.22070312500008863e-04 -1.63232796187661316e-02
0.00000000000000000e+00 0.00000000000000000e+00
1.22070312499998631e-04 1.23909824713215372e-04
0.00000000000000000e+00 0.00000000000000000e+00
1.22070312500001897e-04 -1.20258108897627243e-04
0.00000000000000000e+00 0.00000000000000000e+00
1.22070312500001924e-04 5.16360051835828228e-05
0.00000000000000000e+00 0.00000000000000000e+00
1.22070312500000190e-04 -2.88580829226985720e-04
0.00000000000000000e+00 0.00000000000000000e+00
1.22070312499999241e-04 3.01051934643182444e-04
0.00000000000000000e+00 0.00000000000000000e+00
1.22070312499999404e-04 -4.94969786907670342e-05
0.00000000000000000e+00 0.00000000000000000e+00
1.22070312499997818e-04 -1.11018214652984000e-05
0.00000000000000000e+00 0.00000000000000000e+00
1.22070312499998252e-04 1.34222670040493020e-03
0.00000000000000000e+00 0.00000000000000000e+00
1.22070312500002006e-04 1.01717664010624251e-04
0.00000000000000000e+00 0.00000000000000000e+00
1.22070312499999065e-04 -1.46495314641624888e-04
0.00000000000000000e+00 0.00000000000000000e+00
1.22070312500000163e-04 3.80287712463478147e-05
0.00000000000000000e+00 0.00000000000000000e+00
1.22070312500000163e-04 -3.91839144560291851e-04
0.00000000000000000e+00 0.00000000000000000e+00
1.22070312499999214e-04 2.32543869285962317e-04
0.00000000000000000e+00 0.00000000000000000e+00
1.22070312499997750e-04 -6.40789251490586176e-05
0.00000000000000000e+00 0.00000000000000000e+00
1.22070312499999729e-04 1.29452891095668977e-05
0.00000000000000000e+00 0.00000000000000000e+00
1.22070312500002873e-04 -1.15108755530504551e-03
0.00000000000000000e+00 0.00000000000000000e+00
1.22070312499999336e-04 1.51032239616455584e-04
0.00000000000000000e+00 0.00000000000000000e+00
1.22070312499997954e-04 -9.86621216217753254e-05
0.00000000000000000e+00 0.00000000000000000e+00
1.22070312500001355e-04 6.64263408172837007e-05
0.00000000000000000e+00 0.00000000000000000e+00
1.22070312500000434e-04 -2.24326088273263597e-04
0.00000000000000000e+00 0.00000000000000000e+00
1.22070312499999688e-04 4.13519105121525630e-04
0.00000000000000000e+00 0.00000000000000000e+00
1.22070312500000163e-04 -3.60350005823030213e-05
0.00000000000000000e+00 0.00000000000000000e+00
1.22070312500000379e-04 -1.71754896780723427e-05
0.00000000000000000e+00 0.00000000000000000e+00
1.22070312499998631e-04 8.67582902912574882e-04
0.00000000000000000e+00 0.00000000000000000e+00
1.22070312499999743e-04 9.19564080296635897e-05
0.00000000000000000e+00 0.00000000000000000e+00
1.22070312500001355e-04 -1.62045924945662851e-04
0.00000000000000000e+00 0.00000000000000000e+00
1.22070312499999837e-04 3.15489974793971929e-05
0.00000000000000000e+00 0.00000000000000000e+00
1.22070312500000407e-04 -4.72318057129313921e-04
0.00000000000000000e+00 0.00000000000000000e+00
1.22070312500000840e-04 2.07159575299499011e-04
0.00000000000000000e+00 0.00000000000000000e+00
1.22070312500001870e-04 -7.19308348277165427e-05
0.00000000000000000e+00 0.00000000000000000e+00
1.22070312499999973e-04 6.91234729541140307e-06
0.00000000000000000e+00 0.00000000000000000e+00
1.22070312500000271e-04 -2.15573097777382872e-03
0.00000000000000000e+00 0.00000000000000000e+00
1.22070312499997777e-04 1.36724833235239230e-04
0.00000000000000000e+00 0.00000000000000000e+00
1.22070312500000569e-04 -1.08986501144306327e-04
0.00000000000000000e+00 0.00000000000000000e+00
1.22070312500000027e-04 5.88560078547733980e-05
0.00000000000000000e+00 0.00000000000000000e+00
1.22070312500000190e-04 -2.53179951154964655e-04
0.00000000000000000e+00 0.00000000000000000e+00
1.22070312499998753e-04 3.49378714028928609e-04
0.00000000000000000e+00 0.00000000000000000e+00
1.22070312499999539e-04 -4.26504552095103109e-05
0.00000000000000000e+00 0.00000000000000000e+00
1.22070312500000976e-04 -5.08218488601047678e-06
0.00000000000000000e+00 0.00000000000000000e+00
1.22070312499997520e-04 2.93203839058849957e-03
0.00000000000000000e+00 0.00000000000000000e+00
1.22070312500001111e-04 1.12312204559193198e-04
0.00000000000000000e+00 0.00000000000000000e+00
1.22070312500002358e-04 -1.32676241663425058e-04
0.00000000000000000e+00 0.00000000000000000e+00
1.22070312499999824e-04 4.47099680177999193e-05
0.00000000000000000e+00 0.00000000000000000e+00
1.22070312500000108e-04 -3.33284988884685607e-04
0.00000000000000000e+00 0.00000000000000000e+00
1.22070312500000217e-04 2.63169988421272727e-04
0.00000000000000000e+00 0.00000000000000000e+00
1.22070312500000271e-04 -5.66218104246545077e-05
0.00000000000000000e+00 0.00000000000000000e+00
1.22070312499999756e-04 1.90414209077615792e-05
0.00000000000000000e+00 0.00000000000000000e+00
1.22070312500000488e-04 -7.82565611360124241e-04
0.00000000000000000e+00 0.00000000000000000e+00
1.22070312499999756e-04 1.67191485109596962e-04
0.00000000000000000e+00 0.00000000000000000e+00
1.22070312500000569e-04 -8.91263163556391678e-05
0.00000000000000000e+00 0.00000000000000000e+00
1.22070312500001437e-04 7.44125482004259227e-05
0.00000000000000000e+00 0.00000000000000000e+00
1.22070312500001762e-04 -2.00250650652522409e-04
0.00000000000000000e+00 0.00000000000000000e+00
1.22070312499999092e-04 5.03270024498603447e-04
0.00000000000000000e+00 0.00000000000000000e+00
1.22070312499999661e-04 -2.96086801686505095e-05
0.00000000000000000e+00 0.00000000000000000e+00
1.22070312499999783e-04 -2.48902001506270094e-05
0.00000000000000000e+00 0.00000000000000000e+00
1.22070312499999702e-04 5.98675828385152584e-04
0.00000000000000000e+00 0.00000000000000000e+00
1.22070312499999051e-04 8.07210485953834157e-05
0.00000000000000000e+00 0.00000000000000000e+00
1.22070312500000434e-04 -1.84600689078516863e-04
0.00000000000000000e+00 0.00000000000000000e+00
1.22070312499999878e-04 2.36735496562699131e-05
0.00000000000000000e+00 0.00000000000000000e+00
1.22070312499996734e-04 -6.29443467929593332e-04
0.00000000000000000e+00 0.00000000000000000e+00
1.22070312500001084e-04 1.80808781551367644e-04
0.00000000000000000e+00 0.00000000000000000e+00
1.22070312500001030e-04 -8.24139240693586689e-05
0.00000000000000000e+00 0.00000000000000000e+00
1.22070312500001626e-04 -5.85171714021566109e-07
0.00000000000000000e+00 0.00000000000000000e+00
1.22070312499986908e-04 2.54645958386605434e-02
0.00000000000000000e+00 0.00000000000000000e+00
1.22070312500000732e-04 1.20905552612499525e-04
0.00000000000000000e+00 0.00000000000000000e+00
1.22070312499996436e-04 -1.23246293258388688e-04
0.00000000000000000e+00 0.00000000000000000e+00
1.22070312500002250e-04 4.98789662840785553e-05
0.00000000000000000e+00 0.00000000000000000e+00
1.22070312499998943e-04 -2.98746391594807540e-04
0.00000000000000000e+00 0.00000000000000000e+00
1.22070312500000379e-04 2.90753716277048673e-04
0.00000000000000000e+00 0.00000000000000000e+00
1.22070312499998265e-04 -5.12501143051561188e-05
0.00000000000000000e+00 0.00000000000000000e+00
1.22070312500000108e-04 -1.26140036870489604e-05
0.00000000000000000e+00 0.00000000000000000e+00
1.22070312500000298e-04 1.18131891852444292e-03
0.00000000000000000e+00 0.00000000000000000e+00
1.22070312499997696e-04 9.92050611396908270e-05
0.00000000000000000e+00 0.00000000000000000e+00
1.22070312499999864e-04 -1.50205655060939048e-04
0.00000000000000000e+00 0.00000000000000000e+00
1.22070312499998753e-04 3.63915335975689735e-05
0.00000000000000000e+00 0.00000000000000000e+00
1.22070312500000244e-04 -4.09467799808353608e-04
0.00000000000000000e+00 0.00000000000000000e+00
1.22070312499999892e-04 2.25767539176584844e-04
0.00000000000000000e+00 0.00000000000000000e+00
1.22070312499999702e-04 -6.60022306492537476e-05
0.00000000000000000e+00 0.00000000000000000e+00
1.22070312500000488e-04 1.14323070129893212e-05
0.00000000000000000e+00 0.00000000000000000e+00
1.22070312500000027e-04 -1.30342556204237638e-03
0.00000000000000000e+00 0.00000000000000000e+00
1.22070312500000163e-04 1.47297544020102332e-04
0.00000000000000000e+00 0.00000000000000000e+00
1.22070312499998509e-04 -1.01163677188083882e-04
0.00000000000000000e+00 0.00000000000000000e+00
1.22070312500000922e-04 6.44975077032802443e-05
0.00000000000000000e+00 0.00000000000000000e+00
1.22070312500001030e-04 -2.31034682183391886e-04
0.00000000000000000e+00 0.00000000000000000e+00
1.22070312500000271e-04 3.95575518598923035e-04
0.00000000000000000e+00 0.00000000000000000e+00
1.22070312500001193e-04 -3.76695738063506413e-05
0.00000000000000000e+00 0.00000000000000000e+00
1.22070312500001111e-04 -1.87058934953763271e-05
0.00000000000000000e+00 0.00000000000000000e+00
1.22070312499999322e-04 7.96602482395797557e-04
0.00000000000000000e+00 0.00000000000000000e+00
1.22070312500001328e-04 8.96296845057023285e-05
0.00000000000000000e+00 0.00000000000000000e+00
1.22070312500003497e-04 -1.66252523101311623e-04
0.00000000000000000e+00 0.00000000000000000e+00
1.22070312499999255e-04 2.99558797910198865e-05
0.00000000000000000e+00 0.00000000000000000e+00
1.22070312500000786e-04 -4.97436940520597465e-04
0.00000000000000000e+00 0.00000000000000000e+00
1.22070312499999973e-04 2.01465549484304991e-04
0.00000000000000000e+00 0.00000000000000000e+00
1.22070312499998482e-04 -7.39638177941110585e-05
0.00000000000000000e+00 0.00000000000000000e+00
1.22070312500001003e-04 5.41048401675457480e-06
0.00000000000000000e+00 0.00000000000000000e+00
1.22070312500000840e-04 -2.75412719965672419e-03
0.00000000000000000e+00 0.00000000000000000e+00
1.22070312499999932e-04 1.33393138588265797e-04
0.00000000000000000e+00 0.00000000000000000e+00
1.22070312500001626e-04 -1.11708603242644010e-04
0.00000000000000000e+00 0.00000000000000000e+00
1.22070312499999783e-04 5.70205057482456911e-05
0.00000000000000000e+00 0.00000000000000000e+00
1.22070312499998889e-04 -2.61329867182141231e-04
0.00000000000000000e+00 0.00000000000000000e+00
1.22070312500000081e-04 3.36075896933461988e-04
0.00000000000000000e+00 0.00000000000000000e+00
1.22070312500000678e-04 -4.43386786431702935e-05
0.00000000000000000e+00 0.00000000000000000e+00
1.22070312500001545e-04 -6.58365207213454521e-06
0.00000000000000000e+00 0.00000000000000000e+00
1.22070312500000244e-04 2.26335794033237850e-03
0.00000000000000000e+00 0.00000000000000000e+00
1.22070312499999173e-04 1.09576823185320726e-04
0.00000000000000000e+00 0.00000000000000000e+00
1.22070312500001220e-04 -1.35988257011667834e-04
0.00000000000000000e+00 0.00000000000000000e+00
1.22070312500001274e-04 4.30184981907917008e-05
0.00000000000000000e+00 0.00000000000000000e+00
1.22070312499997561e-04 -3.46389618897434014e-04
0.00000000000000000e+00 0.00000000000000000e+00
1.22070312500000271e-04 2.54927010687599359e-04
0.00000000000000000e+00 0.00000000000000000e+00
1.22070312500001301e-04 -5.84526573063226952e-05
0.00000000000000000e+00 0.00000000000000000e+00
1.22070312500000244e-04 1.75097977346110022e-05
0.00000000000000000e+00 0.00000000000000000e+00
1.22070312500000461e-04 -8.51018465187226565e-04
0.00000000000000000e+00 0.00000000000000000e+00
1.22070312500002412e-04 1.62954320886373312e-04
0.00000000000000000e+00 0.00000000000000000e+00
1.22070312499998387e-04 -9.14437930384084187e-05
0.00000000000000000e+00 0.00000000000000000e+00
1.22070312500001030e-04 7.23730121865178198e-05
0.00000000000000000e+00 0.00000000000000000e+00
1.22070312500000108e-04 -2.05893892538911582e-04
0.00000000000000000e+00 0.00000000000000000e+00
1.22070312499998062e-04 4.77606575373304659e-04
0.00000000000000000e+00 0.00000000000000000e+00
1.22070312500000786e-04 -3.11996567095013580e-05
0.00000000000000000e+00 0.00000000000000000e+00
1.22070312500001897e-04 -2.17845003670645512e-05
0.00000000000000000e+00 0.00000000000000000e+00
1.22070312500001138e-04 6.84025841436192313e-04
0.00000000000000000e+00 0.00000000000000000e+00
1.22070312500001274e-04 8.50991369867960855e-05
0.00000000000000000e+00 0.00000000000000000e+00
1.22070312500000298e-04 -1.75103552415107602e-04
0.00000000000000000e+00 0.00000000000000000e+00
1.22070312500001084e-04 2.67977866808262733e-05
0.00000000000000000e+00 0.00000000000000000e+00
1.22070312499999580e-04 -5.56059400402287088e-04
0.00000000000000000e+00 0.00000000000000000e+00
1.22070312500000596e-04 1.90740984686130411e-04
0.00000000000000000e+00 0.00000000000000000e+00
1.22070312500000488e-04 -7.81224927530270024e-05
0.00000000000000000e+00 0.00000000000000000e+00
1.22070312499999377e-04 2.41120250942875917e-06
0.00000000000000000e+00 0.00000000000000000e+00
1.22070312500003063e-04 -6.17997083844226691e-03
0.00000000000000000e+00 0.00000000000000000e+00
1.22070312500000108e-04 1.26989891859232015e-04
0.00000000000000000e+00 0.00000000000000000e+00
1.22070312500000163e-04 -1.17341317294495704e-04
0.00000000000000000e+00 0.00000000000000000e+00
1.22070312500001599e-04 5.34113818343170477e-05
0.00000000000000000e+00 0.00000000000000000e+00
1.22070312499998238e-04 -2.78988497996011053e-04
0.00000000000000000e+00 0.00000000000000000e+00
1.22070312500000163e-04 3.11992992866788545e-04
0.00000000000000000e+00 0.00000000000000000e+00
1.22070312499999661e-04 -4.77612046890113585e-05
0.00000000000000000e+00 0.00000000000000000e+00
1.22070312499999255e-04 -9.59301107265024245e-06
0.00000000000000000e+00 0.00000000000000000e+00
1.22070312499998631e-04 1.55333513961337997e-03
0.00000000000000000e+00 0.00000000000000000e+00
1.22070312500001193e-04 1.04282187034549715e-04
0.00000000000000000e+00 0.00000000000000000e+00
1.22070312500000813e-04 -1.42892680117180361e-04
0.00000000000000000e+00 0.00000000000000000e+00
1.22070312500002141e-04 3.96785761165805437e-05
0.00000000000000000e+00 0.00000000000000000e+00
1.22070312500000352e-04 -3.75546772395927747e-04
0.00000000000000000e+00 0.00000000000000000e+00
1.22070312499999241e-04 2.39644632418826168e-04
0.00000000000000000e+00 0.00000000000000000e+00
1.22070312500000407e-04 -6.21802418165781997e-05
0.00000000000000000e+00 0.00000000000000000e+00
1.22070312500000000e-04 1.44622145330312575e-05
0.00000000000000000e+00 0.00000000000000000e+00
1.22070312500000081e-04 -1.03035127572016598e-03
0.00000000000000000e+00 0.00000000000000000e+00
1.22070312499998699e-04 1.54882100475865243e-04
0.00000000000000000e+00 0.00000000000000000e+00
1.22070312499999024e-04 -9.62097049824665960e-05
0.00000000000000000e+00 0.00000000000000000e+00
1.22070312500000081e-04 6.83811095541226856e-05
0.00000000000000000e+00 0.00000000000000000e+00
1.22070312499999851e-04 -2.17913416307663363e-04
0.00000000000000000e+00 0.00000000000000000e+00
1.22070312500000271e-04 4.33019365730814918e-04
0.00000000000000000e+00 0.00000000000000000e+00
1.22070312500000922e-04 -3.44122281198636651e-05
0.00000000000000000e+00 0.00000000000000000e+00
1.22070312499998821e-04 -1.56503620157439584e-05
0.00000000000000000e+00 0.00000000000000000e+00
1.22070312499998984e-04 9.52128850365129009e-04
0.00000000000000000e+00 0.00000000000000000e+00
1.22070312500001735e-04 9.43265537837799324e-05
0.00000000000000000e+00 0.00000000000000000e+00
1.22070312500000976e-04 -1.57974192802639836e-04
0.00000000000000000e+00 0.00000000000000000e+00
1.22070312500000976e-04 3.31522534589682880e-05
0.00000000000000000e+00 0.00000000000000000e+00
1.22070312499999946e-04 -4.49476570643694005e-04
0.00000000000000000e+00 0.00000000000000000e+00
1.22070312500000054e-04 2.13095824830358995e-04
0.00000000000000000e+00 0.00000000000000000e+00
1.22070312500000515e-04 -6.99270443506362784e-05
0.00000000000000000e+00 0.00000000000000000e+00
1.22070312500002250e-04 8.41629943492067787e-06
0.00000000000000000e+00 0.00000000000000000e+00
1.22070312500001870e-04 -1.77051224342355119e-03
0.00000000000000000e+00 0.00000000000000000e+00
1.22070312500002087e-04 1.40149397864564837e-04
0.00000000000000000e+00 0.00000000000000000e+00
1.22070312500000949e-04 -1.06323405029877535e-04
0.00000000000000000e+00 0.00000000000000000e+00
1.22070312499998699e-04 6.07133611342721037e-05
0.00000000000000000e+00 0.00000000000000000e+00
1.22070312500000217e-04 -2.45434627822570294e-04
0.00000000000000000e+00 0.00000000000000000e+00
1.22070312499999458e-04 3.63650078170239571e-04
0.00000000000000000e+00 0.00000000000000000e+00
1.22070312500000136e-04 -4.09766478501117073e-05
0.00000000000000000e+00 0.00000000000000000e+00
1.22070312499999675e-04 -3.58225124342620479e-06
0.00000000000000000e+00 0.00000000000000000e+00
1.22070312499997832e-04 4.15971973523242364e-03
0.00000000000000000e+00 0.00000000000000000e+00
1.22070312500001708e-04 1.15110064086262556e-04
0.00000000000000000e+00 0.00000000000000000e+00
1.22070312499999485e-04 -1.29451419492577032e-04
0.00000000000000000e+00 0.00000000000000000e+00
1.22070312499999743e-04 4.64167126894208631e-05
0.00000000000000000e+00 0.00000000000000000e+00
1.22070312500000407e-04 -3.21030084434311574e-04
0.00000000000000000e+00 0.00000000000000000e+00
1.22070312500000108e-04 2.71861006859734438e-04
0.00000000000000000e+00 0.00000000000000000e+00
1.22070312500001464e-04 -5.48116898630308236e-05
0.00000000000000000e+00 0.00000000000000000e+00
1.22070312499998753e-04 2.05789194495133945e-05
0.00000000000000000e+00 0.00000000000000000e+00
1.22070312500000352e-04 -7.24098329380372212e-04
0.00000000000000000e+00 0.00000000000000000e+00
1.22070312500000651e-04 1.71573527553225394e-04
0.00000000000000000e+00 0.00000000000000000e+00
1.22070312499999756e-04 -8.68500018991858158e-05
0.00000000000000000e+00 0.00000000000000000e+00
1.22070312500000922e-04 7.64828303427292301e-05
0.00000000000000000e+00 0.00000000000000000e+00
1.22070312500000922e-04 -1.94830148506192210e-04
0.00000000000000000e+00 0.00000000000000000e+00
1.22070312500000136e-04 5.31668849598950551e-04
0.00000000000000000e+00 0.00000000000000000e+00
1.22070312500000488e-04 -2.80271473589003822e-05
0.00000000000000000e+00 0.00000000000000000e+00
1.22070312499998306e-04 -2.77316159733325612e-05
0.00000000000000000e+00 0.00000000000000000e+00
1.22070312500000515e-04 5.37334759293461211e-04
0.00000000000000000e+00 0.00000000000000000e+00
1.22070312499999837e-04 7.68745388207985899e-05
0.00000000000000000e+00 0.00000000000000000e+00
1.22070312500000542e-04 -1.93837406017923961e-04
0.00000000000000000e+00 0.00000000000000000e+00
1.22070312499999878e-04 2.08678949600724256e-05
0.00000000000000000e+00 0.00000000000000000e+00
1.22070312499998496e-04 -7.14071123242627516e-04
0.00000000000000000e+00 0.00000000000000000e+00
1.22070312499999377e-04 1.72412004347196365e-04
0.00000000000000000e+00 0.00000000000000000e+00
1.22070312500001166e-04 -8.64276315925218037e-05
0.00000000000000000e+00 0.00000000000000000e+00
1.22070312499999661e-04 -3.30114756993318140e-06
0.00000000000000000e+00 0.00000000000000000e+00
1.22070312499998441e-04 4.51393367856938767e-03
0.00000000000000000e+00 0.00000000000000000e+00
1.22070312499999932e-04 1.15641861953989466e-04
0.00000000000000000e+00 0.00000000000000000e+00
1.22070312499999011e-04 -1.28856116133588858e-04
0.00000000000000000e+00 0.00000000000000000e+00
1.22070312499998889e-04 4.67384866392842949e-05
0.00000000000000000e+00 0.00000000000000000e+00
1.22070312499999648e-04 -3.18819933320711811e-04
0.00000000000000000e+00 0.00000000000000000e+00
1.22070312500000271e-04 2.73543653405965571e-04
0.00000000000000000e+00 0.00000000000000000e+00
1.22070312500001626e-04 -5.44745272219226208e-05
0.00000000000000000e+00 0.00000000000000000e+00
1.22070312499999228e-04 -1.53649485445230860e-05
0.00000000000000000e+00 0.00000000000000000e+00
1.22070312499999905e-04 9.69815235675484727e-04
0.00000000000000000e+00 0.00000000000000000e+00
1.22070312500000244e-04 9.47759477769797415e-05
0.00000000000000000e+00 0.00000000000000000e+00
1.22070312500001111e-04 -1.57225135104022547e-04
0.00000000000000000e+00 0.00000000000000000e+00
1.22070312500000623e-04 3.34540398681174830e-05
0.00000000000000000e+00 0.00000000000000000e+00
1.22070312499999864e-04 -4.45421875880774637e-04
0.00000000000000000e+00 0.00000000000000000e+00
1.22070312500000515e-04 2.14237247077646282e-04
0.00000000000000000e+00 0.00000000000000000e+00
1.22070312499999810e-04 -6.95544840923335665e-05
0.00000000000000000e+00 0.00000000000000000e+00
1.22070312499999986e-04 8.69856017437239357e-06
0.00000000000000000e+00 0.00000000000000000e+00
1.22070312500001220e-04 -1.71306065545766251e-03
0.00000000000000000e+00 0.00000000000000000e+00
1.22070312499999607e-04 1.40802244167349003e-04
0.00000000000000000e+00 0.00000000000000000e+00
1.22070312500000027e-04 -1.05830423953590355e-04
0.00000000000000000e+00 0.00000000000000000e+00
1.22070312499999336e-04 6.10641250241329703e-05
0.00000000000000000e+00 0.00000000000000000e+00
1.22070312499999119e-04 -2.44024804874530137e-04
0.00000000000000000e+00 0.00000000000000000e+00
1.22070312499997913e-04 3.66442797739580204e-04
0.00000000000000000e+00 0.00000000000000000e+00
1.22070312500000542e-04 -4.06643582184335154e-05
0.00000000000000000e+00 0.00000000000000000e+00
1.22070312499998441e-04 -2.14947932172196211e-05
0.00000000000000000e+00 0.00000000000000000e+00
1.22070312499999471e-04 6.93245152128773873e-04
0.00000000000000000e+00 0.00000000000000000e+00
1.22070312499998889e-04 8.55171944976765378e-05
0.00000000000000000e+00 0.00000000000000000e+00
1.22070312500000244e-04 -1.74247544968896982e-04
0.00000000000000000e+00 0.00000000000000000e+00
1.22070312500000136e-04 2.70923525338225525e-05
0.00000000000000000e+00 0.00000000000000000e+00
1.22070312499998726e-04 -5.50013557340358131e-04
0.00000000000000000e+00 0.00000000000000000e+00
1.22070312499999458e-04 1.91711141621658582e-04
0.00000000000000000e+00 0.00000000000000000e+00
1.22070312500000407e-04 -7.77271527768332000e-05
0.00000000000000000e+00 0.00000000000000000e+00
1.22070312499998916e-04 2.69220563757513139e-06
0.00000000000000000e+00 0.00000000000000000e+00
1.22070312499999837e-04 -5.53492682203509615e-03
0.00000000000000000e+00 0.00000000000000000e+00
1.22070312500000108e-04 1.27576152592972369e-04
0.00000000000000000e+00 0.00000000000000000e+00
1.22070312499999932e-04 -1.16802089504843503e-04
0.00000000000000000e+00 0.00000000000000000e+00
1.22070312499999295e-04 5.37463735152059508e-05
0.00000000000000000e+00 0.00000000000000000e+00
1.22070312499999051e-04 -2.77249611820441452e-04
0.00000000000000000e+00 0.00000000000000000e+00
1.22070312500001572e-04 3.14121201492313445e-04
0.00000000000000000e+00 0.00000000000000000e+00
1.22070312500001301e-04 -4.74376168276961931e-05
0.00000000000000000e+00 0.00000000000000000e+00
1.22070312499999282e-04 -9.31044675054195647e-06
0.00000000000000000e+00 0.00000000000000000e+00
1.22070312499999200e-04 1.60047757031392943e-03
0.00000000000000000e+00 0.00000000000000000e+00
1.22070312500000108e-04 1.04769009769877316e-04
0.00000000000000000e+00 0.00000000000000000e+00
1.22070312499999200e-04 -1.42228710823721574e-04
0.00000000000000000e+00 0.00000000000000000e+00
1.22070312499999404e-04 3.99893659243877683e-05
0.00000000000000000e+00 0.00000000000000000e+00
1.22070312500000705e-04 -3.72628093729284490e-04
0.00000000000000000e+00 0.00000000000000000e+00
1.22070312499998347e-04 2.41014223327591182e-04
0.00000000000000000e+00 0.00000000000000000e+00
1.22070312499999675e-04 -6.18268954757662521e-05
0.00000000000000000e+00 0.00000000000000000e+00
1.22070312500000271e-04 1.47471154639525365e-05
0.00000000000000000e+00 0.00000000000000000e+00
1.22070312500000488e-04 -1.01044582110128137e-03
0.00000000000000000e+00 0.00000000000000000e+00
1.22070312500000000e-04 1.55617300343709468e-04
0.00000000000000000e+00 0.00000000000000000e+00
1.22070312500001355e-04 -9.57551709285259792e-05
0.00000000000000000e+00 0.00000000000000000e+00
1.22070312500000542e-04 6.87506068160593055e-05
0.00000000000000000e+00 0.00000000000000000e+00
1.22070312500000976e-04 -2.16742249762470518e-04
0.00000000000000000e+00 0.00000000000000000e+00
1.22070312499999675e-04 4.36866050809132293e-04
0.00000000000000000e+00 0.00000000000000000e+00
1.22070312499999160e-04 -3.41092221889271029e-05
0.00000000000000000e+00 0.00000000000000000e+00
1.22070312500004906e-04 -2.45977788426293856e-05
0.00000000000000000e+00 0.00000000000000000e+00
1.22070312499999824e-04 6.05792957534164660e-04
0.00000000000000000e+00 0.00000000000000000e+00
1.22070312500002683e-04 8.11253663615648849e-05
0.00000000000000000e+00 0.00000000000000000e+00
1.22070312500002304e-04 -1.83680664410629599e-04
0.00000000000000000e+00 0.00000000000000000e+00
1.22070312500000136e-04 2.39651245409441791e-05
0.00000000000000000e+00 0.00000000000000000e+00
1.22070312500002087e-04 -6.21785260009393164e-04
0.00000000000000000e+00 0.00000000000000000e+00
1.22070312500002439e-04 1.81708957564015076e-04
0.00000000000000000e+00 0.00000000000000000e+00
1.22070312499999390e-04 -8.20056500989911310e-05
0.00000000000000000e+00 0.00000000000000000e+00
1.22070312499998577e-04 -3.04287590726525067e-07
0.00000000000000000e+00 0.00000000000000000e+00
1.22070312499978953e-04 4.89706502915543129e-02
0.00000000000000000e+00 0.00000000000000000e+00
1.22070312500004798e-04 1.21463250556369583e-04
0.00000000000000000e+00 0.00000000000000000e+00
1.22070312499997032e-04 -1.22680408482331196e-04
0.00000000000000000e+00 0.00000000000000000e+00
1.22070312499998943e-04 5.02070516217094457e-05
0.00000000000000000e+00 0.00000000000000000e+00
1.22070312500002954e-04 -2.96794189511916595e-04
0.00000000000000000e+00 0.00000000000000000e+00
1.22070312500000298e-04 2.92638427730537200e-04
0.00000000000000000e+00 0.00000000000000000e+00
1.22070312500001003e-04 -5.09200425569837552e-05
0.00000000000000000e+00 0.00000000000000000e+00
1.22070312500000623e-04 -1.23301911855164493e-05
0.00000000000000000e+00 0.00000000000000000e+00
1.22070312499999864e-04 1.20851014957101301e-03
0.00000000000000000e+00 0.00000000000000000e+00
1.22070312499998780e-04 9.96723266305015533e-05
0.00000000000000000e+00 0.00000000000000000e+00
1.22070312499999160e-04 -1.49501488503301928e-04
0.00000000000000000e+00 0.00000000000000000e+00
1.22070312499999634e-04 3.66975876420144875e-05
0.00000000000000000e+00 0.00000000000000000e+00
1.22070312499998821e-04 -4.06052881165074779e-04
0.00000000000000000e+00 0.00000000000000000e+00
1.22070312500000894e-04 2.27014508644812567e-04
0.00000000000000000e+00 0.00000000000000000e+00
1.22070312500000949e-04 -6.56396865680598774e-05
0.00000000000000000e+00 0.00000000000000000e+00
1.22070312500000461e-04 1.17157124490596888e-05
0.00000000000000000e+00 0.00000000000000000e+00
1.22070312499997168e-04 -1.27189543603432810e-03
0.00000000000000000e+00 0.00000000000000000e+00
1.22070312499999363e-04 1.47989316857887078e-04
0.00000000000000000e+00 0.00000000000000000e+00
1.22070312499998062e-04 -1.00690789782865490e-04
0.00000000000000000e+00 0.00000000000000000e+00
1.22070312499996829e-04 6.48572387570534677e-05
0.00000000000000000e+00 0.00000000000000000e+00
1.22070312499999214e-04 -2.29753246968553132e-04
0.00000000000000000e+00 0.00000000000000000e+00
1.22070312500001382e-04 3.98830251619214642e-04
0.00000000000000000e+00 0.00000000000000000e+00
1.22070312500000081e-04 -3.73621638111706818e-05
0.00000000000000000e+00 0.00000000000000000e+00
1.22070312500000705e-04 -1.84185183881937657e-05
0.00000000000000000e+00 0.00000000000000000e+00
1.22070312499998618e-04 8.09031480154180291e-04
0.00000000000000000e+00 0.00000000000000000e+00
1.22070312499999810e-04 9.00627246907859293e-05
0.00000000000000000e+00 0.00000000000000000e+00
1.22070312499999837e-04 -1.65453146626510443e-04
0.00000000000000000e+00 0.00000000000000000e+00
1.22070312499998862e-04 3.02538435730826945e-05
0.00000000000000000e+00 0.00000000000000000e+00
1.22070312499999024e-04 -4.92537788061604719e-04
0.00000000000000000e+00 0.00000000000000000e+00
1.22070312500000298e-04 2.02515491506649733e-04
0.00000000000000000e+00 0.00000000000000000e+00
1.22070312500000732e-04 -7.35803522139841579e-05
0.00000000000000000e+00 0.00000000000000000e+00
1.22070312499999526e-04 5.69194527899847546e-06
0.00000000000000000e+00 0.00000000000000000e+00
1.22070312499999986e-04 -2.61793823788615630e-03
0.00000000000000000e+00 0.00000000000000000e+00
1.22070312500000000e-04 1.34010977342305176e-04
0.00000000000000000e+00 0.00000000000000000e+00
1.22070312499999038e-04 -1.11193586446172146e-04
0.00000000000000000e+00 0.00000000000000000e+00
1.22070312499999404e-04 5.73630410636572958e-05
0.00000000000000000e+00 0.00000000000000000e+00
1.22070312499998482e-04 -2.59769372710064227e-04
0.00000000000000000e+00 0.00000000000000000e+00
1.22070312500000732e-04 3.38501146103591252e-04
0.00000000000000000e+00 0.00000000000000000e+00
1.22070312499999526e-04 -4.40210066210147284e-05
0.00000000000000000e+00 0.00000000000000000e+00
1.22070312500001437e-04 -6.30198923378541319e-06
0.00000000000000000e+00 0.00000000000000000e+00
1.22070312499997303e-04 2.36451708199771678e-03
0.00000000000000000e+00 0.00000000000000000e+00
1.22070312499999377e-04 1.10085082279000833e-04
0.00000000000000000e+00 0.00000000000000000e+00
1.22070312500000136e-04 -1.35360403838207888e-04
0.00000000000000000e+00 0.00000000000000000e+00
1.22070312499998401e-04 4.33345180958782537e-05
0.00000000000000000e+00 0.00000000000000000e+00
1.22070312500001111e-04 -3.43863549166015096e-04
0.00000000000000000e+00 0.00000000000000000e+00
1.22070312499999363e-04 2.56440155492883304e-04
0.00000000000000000e+00 0.00000000000000000e+00
1.22070312500000136e-04 -5.81077529188341022e-05
0.00000000000000000e+00 0.00000000000000000e+00
1.22070312500000352e-04 1.77965522980080277e-05
0.00000000000000000e+00 0.00000000000000000e+00
1.22070312500000298e-04 -8.37306066047203523e-04
0.00000000000000000e+00 0.00000000000000000e+00
1.22070312500001003e-04 1.63738143337442091e-04
0.00000000000000000e+00 0.00000000000000000e+00
1.22070312499998469e-04 -9.10060471562710915e-05
0.00000000000000000e+00 0.00000000000000000e+00
1.22070312499998943e-04 7.27531429036103991e-05
0.00000000000000000e+00 0.00000000000000000e+00
1.22070312500000108e-04 -2.04818109557000383e-04
0.00000000000000000e+00 0.00000000000000000e+00
1.22070312499999688e-04 4.82228811549427559e-04
0.00000000000000000e+00 0.00000000000000000e+00
1.22070312499999309e-04 -3.09006032757987541e-05
0.00000000000000000e+00 0.00000000000000000e+00
1.22070312499998577e-04 -2.61605762867879944e-05
0.00000000000000000e+00 0.00000000000000000e+00
1.22070312499999526e-04 5.69603705609987446e-04
0.00000000000000000e+00 0.00000000000000000e+00
1.22070312500000054e-04 7.89830754383417569e-05
0.00000000000000000e+00 0.00000000000000000e+00
1.22070312500000407e-04 -1.88662711741078459e-04
0.00000000000000000e+00 0.00000000000000000e+00
1.22070312500000596e-04 2.24130202325397583e-05
0.00000000000000000e+00 0.00000000000000000e+00
1.22070312500000379e-04 -6.64843962984286311e-04
0.00000000000000000e+00 0.00000000000000000e+00
1.22070312499999756e-04 1.76977772287528642e-04
0.00000000000000000e+00 0.00000000000000000e+00
1.22070312499999458e-04 -8.41979249780492673e-05
0.00000000000000000e+00 0.00000000000000000e+00
1.22070312500000190e-04 -1.80244604872823155e-06
0.00000000000000000e+00 0.00000000000000000e+00
1.22070312499994674e-04 8.26718847110471944e-03
0.00000000000000000e+00 0.00000000000000000e+00
1.22070312500000434e-04 1.18517874417396892e-04
0.00000000000000000e+00 0.00000000000000000e+00
1.22070312499999688e-04 -1.25729230861573201e-04
0.00000000000000000e+00 0.00000000000000000e+00
1.22070312500001545e-04 4.84643189962743711e-05
0.00000000000000000e+00 0.00000000000000000e+00
1.22070312499999661e-04 -3.07466637362487820e-04
0.00000000000000000e+00 0.00000000000000000e+00
1.22070312499999593e-04 2.82819574438175213e-04
0.00000000000000000e+00 0.00000000000000000e+00
1.22070312499999458e-04 -5.26878707863432996e-05
0.00000000000000000e+00 0.00000000000000000e+00
1.22070312500000922e-04 -1.38454577238178432e-05
0.00000000000000000e+00 0.00000000000000000e+00
1.22070312499998672e-04 1.07624908407428512e-03
0.00000000000000000e+00 0.00000000000000000e+00
1.22070312500000217e-04 9.72002131985192546e-05
0.00000000000000000e+00 0.00000000000000000e+00
1.22070312500002277e-04 -1.53303791252125187e-04
0.00000000000000000e+00 0.00000000000000000e+00
1.22070312499999322e-04 3.50700956924426390e-05
0.00000000000000000e+00 0.00000000000000000e+00
1.22070312500000813e-04 -4.24896507968705855e-04
0.00000000000000000e+00 0.00000000000000000e+00
1.22070312499999648e-04 2.20484263583617482e-04
0.00000000000000000e+00 0.00000000000000000e+00
1.22070312499998428e-04 -6.75837855802195752e-05
0.00000000000000000e+00 0.00000000000000000e+00
1.22070312499999404e-04 1.02055884686037679e-05
0.00000000000000000e+00 0.00000000000000000e+00
1.22070312500001247e-04 -1.46009818441035066e-03
0.00000000000000000e+00 0.00000000000000000e+00
1.22070312499999783e-04 1.44343632072293793e-04
0.00000000000000000e+00 0.00000000000000000e+00
1.22070312499999322e-04 -1.03233935435299349e-04
0.00000000000000000e+00 0.00000000000000000e+00
1.22070312499999431e-04 6.29486793234206439e-05
0.00000000000000000e+00 0.00000000000000000e+00
1.22070312500001057e-04 -2.36719202912709348e-04
0.00000000000000000e+00 0.00000000000000000e+00
1.22070312500001166e-04 3.82014584794424764e-04
0.00000000000000000e+00 0.00000000000000000e+00
1.22070312499999702e-04 -3.90067860939563663e-05
0.00000000000000000e+00 0.00000000000000000e+00
1.22070312500000651e-04 -1.99535702184996122e-05
0.00000000000000000e+00 0.00000000000000000e+00
1.22070312499998292e-04 7.46791728531505427e-04
0.00000000000000000e+00 0.00000000000000000e+00
1.22070312499999160e-04 8.77699046328150070e-05
0.00000000000000000e+00 0.00000000000000000e+00
1.22070312499999404e-04 -1.69775292068351431e-04
0.00000000000000000e+00 0.00000000000000000e+00
1.22070312499999973e-04 2.86685419957150432e-05
0.00000000000000000e+00 0.00000000000000000e+00
1.22070312499998401e-04 -5.19773945814005632e-04
0.00000000000000000e+00 0.00000000000000000e+00
1.22070312500001030e-04 1.97006319846365733e-04
0.00000000000000000e+00 0.00000000000000000e+00
1.22070312500000108e-04 -7.56379856517699407e-05
0.00000000000000000e+00 0.00000000000000000e+00
1.22070312500000000e-04 4.19144342663535263e-06
0.00000000000000000e+00 0.00000000000000000e+00
1.22070312500002304e-04 -3.55513833233622647e-03
0.00000000000000000e+00 0.00000000000000000e+00
1.22070312499999864e-04 1.30751271401920762e-04
0.00000000000000000e+00 0.00000000000000000e+00
1.22070312500001382e-04 -1.13965707821247006e-04
0.00000000000000000e+00 0.00000000000000000e+00
1.22070312500001518e-04 5.55446091314262772e-05
0.00000000000000000e+00 0.00000000000000000e+00
1.22070312500000054e-04 -2.68273760979922114e-04
0.00000000000000000e+00 0.00000000000000000e+00
1.22070312500001653e-04 3.25911758769223468e-04
0.00000000000000000e+00 0.00000000000000000e+00
1.22070312500001870e-04 -4.57214592382939025e-05
0.00000000000000000e+00 0.00000000000000000e+00
1.22070312499999349e-04 -7.80503764287687708e-06
0.00000000000000000e+00 0.00000000000000000e+00
1.22070312499999648e-04 1.90917223922030914e-03
0.00000000000000000e+00 0.00000000000000000e+00
1.22070312500000515e-04 1.07398346140070468e-04
0.00000000000000000e+00 0.00000000000000000e+00
1.22070312500000027e-04 -1.38746654202785588e-04
0.00000000000000000e+00 0.00000000000000000e+00
1.22070312500000407e-04 4.16549375603830467e-05
0.00000000000000000e+00 0.00000000000000000e+00
1.22070312499999959e-04 -3.57728568726009620e-04
0.00000000000000000e+00 0.00000000000000000e+00
1.22070312499998387e-04 2.48534468116568962e-04
0.00000000000000000e+00 0.00000000000000000e+00
1.22070312499999986e-04 -5.99561151689370633e-05
0.00000000000000000e+00 0.00000000000000000e+00
1.22070312499998658e-04 1.62693399683557093e-05
0.00000000000000000e+00 0.00000000000000000e+00
1.22070312500000271e-04 -9.15904469562476946e-04
0.00000000000000000e+00 0.00000000000000000e+00
1.22070312500000298e-04 1.59612565025360351e-04
0.00000000000000000e+00 0.00000000000000000e+00
1.22070312499997330e-04 -9.33583217053132909e-05
0.00000000000000000e+00 0.00000000000000000e+00
1.22070312500000136e-04 7.07376424809919350e-05
0.00000000000000000e+00 0.00000000000000000e+00
1.22070312499999526e-04 -2.10653913124850246e-04
0.00000000000000000e+00 0.00000000000000000e+00
1.22070312499999729e-04 4.58501911322762310e-04
0.00000000000000000e+00 0.00000000000000000e+00
1.22070312500000108e-04 -3.24996708320330656e-05
0.00000000000000000e+00 0.00000000000000000e+00
1.22070312500000461e-04 -2.30426918101229386e-05
0.00000000000000000e+00 0.00000000000000000e+00
1.22070312499999837e-04 6.46676235425812851e-04
0.00000000000000000e+00 0.00000000000000000e+00
1.22070312499998726e-04 8.33028897803704191e-05
0.00000000000000000e+00 0.00000000000000000e+00
1.22070312499999810e-04 -1.78879282977271369e-04
0.00000000000000000e+00 0.00000000000000000e+00
1.22070312499998943e-04 2.55247260628200300e-05
0.00000000000000000e+00 0.00000000000000000e+00
1.22070312499998591e-04 -5.83793187718196550e-04
0.00000000000000000e+00 0.00000000000000000e+00
1.22070312500000894e-04 1.86616220851652033e-04
0.00000000000000000e+00 0.00000000000000000e+00
1.22070312499999743e-04 -7.98492281423567187e-05
0.00000000000000000e+00 0.00000000000000000e+00
1.22070312499998374e-04 1.19377920715849593e-06
0.00000000000000000e+00 0.00000000000000000e+00
1.22070312500006343e-04 -1.24823427184040017e-02
0.00000000000000000e+00 0.00000000000000000e+00
1.22070312500000217e-04 1.24481450491867242e-04
0.00000000000000000e+00 0.00000000000000000e+00
1.22070312500001003e-04 -1.19705876939642478e-04
0.00000000000000000e+00 0.00000000000000000e+00
1.22070312499999837e-04 5.19674667945899869e-05
0.00000000000000000e+00 0.00000000000000000e+00
1.22070312500002006e-04 -2.86740187909231478e-04
0.00000000000000000e+00 0.00000000000000000e+00
1.22070312499999024e-04 3.03052549315520098e-04
0.00000000000000000e+00 0.00000000000000000e+00
1.22070312499999729e-04 -4.91702222188990828e-05
0.00000000000000000e+00 0.00000000000000000e+00
1.22070312500000379e-04 -1.08186767304294545e-05
0.00000000000000000e+00 0.00000000000000000e+00
1.22070312499999377e-04 1.37735525010491988e-03
0.00000000000000000e+00 0.00000000000000000e+00
1.22070312499999661e-04 1.02194485962855044e-04
0.00000000000000000e+00 0.00000000000000000e+00
1.22070312499999553e-04 -1.45811792617300817e-04
0.00000000000000000e+00 0.00000000000000000e+00
1.22070312500002060e-04 3.83371330944626520e-05
0.00000000000000000e+00 0.00000000000000000e+00
1.22070312500000434e-04 -3.88687415856882215e-04
0.00000000000000000e+00 0.00000000000000000e+00
1.22070312499999851e-04 2.33849797058434828e-04
0.00000000000000000e+00 0.00000000000000000e+00
1.22070312500000108e-04 -6.37210781505374282e-05
0.00000000000000000e+00 0.00000000000000000e+00
1.22070312500000569e-04 1.32293980266403655e-05
0.00000000000000000e+00 0.00000000000000000e+00
1.22070312500003117e-04 -1.12636728926299536e-03
0.00000000000000000e+00 0.00000000000000000e+00
1.22070312499998672e-04 1.51745122916887611e-04
0.00000000000000000e+00 0.00000000000000000e+00
1.22070312499999946e-04 -9.81986169137672333e-05
0.00000000000000000e+00 0.00000000000000000e+00
1.22070312499999892e-04 6.67908510256340940e-05
0.00000000000000000e+00 0.00000000000000000e+00
1.22070312500000596e-04 -2.23101831538706914e-04
0.00000000000000000e+00 0.00000000000000000e+00
1.22070312500000054e-04 4.17050756932171428e-04
0.00000000000000000e+00 0.00000000000000000e+00
1.22070312499999133e-04 -3.57298504946025361e-05
0.00000000000000000e+00 0.00000000000000000e+00
1.22070312499999715e-04 -1.68891410361229900e-05
0.00000000000000000e+00 0.00000000000000000e+00
1.22070312499998035e-04 8.82292424580728338e-04
0.00000000000000000e+00 0.00000000000000000e+00
1.22070312499999648e-04 9.23974450315008712e-05
0.00000000000000000e+00 0.00000000000000000e+00
1.22070312499999106e-04 -1.61272437660665992e-04
0.00000000000000000e+00 0.00000000000000000e+00
1.22070312499999715e-04 3.18488182812632617e-05
0.00000000000000000e+00 0.00000000000000000e+00
1.22070312499998306e-04 -4.67871713865568512e-04
0.00000000000000000e+00 0.00000000000000000e+00
1.22070312499998048e-04 2.08253660138285629e-04
0.00000000000000000e+00 0.00000000000000000e+00
1.22070312500000298e-04 -7.15529378160892126e-05
0.00000000000000000e+00 0.00000000000000000e+00
1.22070312500001084e-04 7.19416542545032075e-06
0.00000000000000000e+00 0.00000000000000000e+00
1.22070312499999241e-04 -2.07128420221422156e-03
0.00000000000000000e+00 0.00000000000000000e+00
1.22070312500000623e-04 1.37359718421514157e-04
0.00000000000000000e+00 0.00000000000000000e+00
1.22070312500000569e-04 -1.08482758738049544e-04
0.00000000000000000e+00 0.00000000000000000e+00
1.22070312499999539e-04 5.92025686362747112e-05
0.00000000000000000e+00 0.00000000000000000e+00
1.22070312500002250e-04 -2.51697882998901860e-04
0.00000000000000000e+00 0.00000000000000000e+00
1.22070312499998794e-04 3.51977594361360159e-04
0.00000000000000000e+00 0.00000000000000000e+00
1.22070312500001843e-04 -4.23355390586283492e-05
0.00000000000000000e+00 0.00000000000000000e+00
1.22070312500000027e-04 -4.80084421214418589e-06
0.00000000000000000e+00 0.00000000000000000e+00
1.22070312499996598e-04 3.10386268234894144e-03
0.00000000000000000e+00 0.00000000000000000e+00
1.22070312500001111e-04 1.12831954965827015e-04
0.00000000000000000e+00 0.00000000000000000e+00
1.22070312499998374e-04 -1.32065080307796197e-04
0.00000000000000000e+00 0.00000000000000000e+00
1.22070312500001138e-04 4.50287974580392970e-05
0.00000000000000000e+00 0.00000000000000000e+00
1.22070312500000434e-04 -3.30925142021242728e-04
0.00000000000000000e+00 0.00000000000000000e+00
1.22070312499998956e-04 2.64764271054901141e-04
0.00000000000000000e+00 0.00000000000000000e+00
1.22070312499999905e-04 -5.62808612146828909e-05
0.00000000000000000e+00 0.00000000000000000e+00
1.22070312499999797e-04 1.93292393825309121e-05
0.00000000000000000e+00 0.00000000000000000e+00
1.22070312500000759e-04 -7.70912962426984036e-04
0.00000000000000000e+00 0.00000000000000000e+00
1.22070312499999363e-04 1.68001822074853130e-04
0.00000000000000000e+00 0.00000000000000000e+00
1.22070312499999770e-04 -8.86964260852383463e-05
0.00000000000000000e+00 0.00000000000000000e+00
1.22070312500000759e-04 7.47983445634657022e-05
0.00000000000000000e+00 0.00000000000000000e+00
1.22070312500000325e-04 -1.99217793933983539e-04
0.00000000000000000e+00 0.00000000000000000e+00
1.22070312499998943e-04 5.08373557061490475e-04
0.00000000000000000e+00 0.00000000000000000e+00
1.22070312500000271e-04 -2.93114403510277748e-05
0.00000000000000000e+00 0.00000000000000000e+00
1.22070312500000949e-04 -2.69450322046684639e-05
0.00000000000000000e+00 0.00000000000000000e+00
1.22070312499999756e-04 5.53020723102546578e-04
0.00000000000000000e+00 0.00000000000000000e+00
1.22070312500001003e-04 7.79246775915234935e-05
0.00000000000000000e+00 0.00000000000000000e+00
1.22070312499999905e-04 -1.91225188918439675e-04
0.00000000000000000e+00 0.00000000000000000e+00
1.22070312500001274e-04 2.16396172494465021e-05
0.00000000000000000e+00 0.00000000000000000e+00
1.22070312499999743e-04 -6.88605580314919936e-04
0.00000000000000000e+00 0.00000000000000000e+00
1.22070312499998970e-04 1.74674844081307198e-04
0.00000000000000000e+00 0.00000000000000000e+00
1.22070312499998591e-04 -8.53079976811716334e-05
0.00000000000000000e+00 0.00000000000000000e+00
1.22070312500000163e-04 -2.55170069454757444e-06
0.00000000000000000e+00 0.00000000000000000e+00
1.22070312499994958e-04 5.83969790253371143e-03
0.00000000000000000e+00 0.00000000000000000e+00
1.22070312500000081e-04 1.17071405915113606e-04
0.00000000000000000e+00 0.00000000000000000e+00
1.22070312499998482e-04 -1.27282670583558048e-04
0.00000000000000000e+00 0.00000000000000000e+00
1.22070312499999810e-04 4.75993381754303497e-05
0.00000000000000000e+00 0.00000000000000000e+00
1.22070312499999593e-04 -3.13053957576655596e-04
0.00000000000000000e+00 0.00000000000000000e+00
1.22070312499998116e-04 2.78116775932685039e-04
0.00000000000000000e+00 0.00000000000000000e+00
1.22070312499999824e-04 -5.35787930946473296e-05
0.00000000000000000e+00 0.00000000000000000e+00
1.22070312500000217e-04 -1.46046453908123762e-05
0.00000000000000000e+00 0.00000000000000000e+00
1.22070312500000054e-04 1.02030284167137350e-03
0.00000000000000000e+00 0.00000000000000000e+00
1.22070312500001030e-04 9.59822323671018278e-05
0.00000000000000000e+00 0.00000000000000000e+00
1.22070312499999878e-04 -1.55249162541413560e-04
0.00000000000000000e+00 0.00000000000000000e+00
1.22070312500000298e-04 3.42606762341762748e-05
0.00000000000000000e+00 0.00000000000000000e+00
1.22070312500000515e-04 -4.34934824169719010e-04
0.00000000000000000e+00 0.00000000000000000e+00
1.22070312499999892e-04 2.17326633610516375e-04
0.00000000000000000e+00 0.00000000000000000e+00
1.22070312499999702e-04 -6.85657387973555733e-05
0.00000000000000000e+00 0.00000000000000000e+00
1.22070312499999038e-04 9.45171632613035647e-06
0.00000000000000000e+00 0.00000000000000000e+00
1.22070312500001870e-04 -1.57655611739551281e-03
0.00000000000000000e+00 0.00000000000000000e+00
1.22070312500000705e-04 1.42560249416115979e-04
0.00000000000000000e+00 0.00000000000000000e+00
1.22070312499998956e-04 -1.04525358610682117e-04
0.00000000000000000e+00 0.00000000000000000e+00
1.22070312499999648e-04 6.20034654038211359e-05
0.00000000000000000e+00 0.00000000000000000e+00
1.22070312499999864e-04 -2.40327876785568280e-04
0.00000000000000000e+00 0.00000000000000000e+00
1.22070312499998360e-04 3.74082287951556236e-04
0.00000000000000000e+00 0.00000000000000000e+00
1.22070312499999390e-04 -3.98339126812054695e-05
0.00000000000000000e+00 0.00000000000000000e+00
1.22070312499999499e-04 -2.07233789844092656e-05
0.00000000000000000e+00 0.00000000000000000e+00
1.22070312500000244e-04 7.19050749641666391e-04
0.00000000000000000e+00 0.00000000000000000e+00
1.22070312500000434e-04 8.66386443025415285e-05
0.00000000000000000e+00 0.00000000000000000e+00
1.22070312500000108e-04 -1.71992086369823988e-04
0.00000000000000000e+00 0.00000000000000000e+00
1.22070312499998956e-04 2.78793428396863297e-05
0.00000000000000000e+00 0.00000000000000000e+00
1.22070312500000949e-04 -5.34487533638575108e-04
0.00000000000000000e+00 0.00000000000000000e+00
1.22070312499999349e-04 1.94332868135816539e-04
0.00000000000000000e+00 0.00000000000000000e+00
1.22070312500001084e-04 -7.66785430421041228e-05
0.00000000000000000e+00 0.00000000000000000e+00
1.22070312500000217e-04 3.44169484756961108e-06
0.00000000000000000e+00 0.00000000000000000e+00
1.22070312500004499e-04 -4.32959976227209956e-03
0.00000000000000000e+00 0.00000000000000000e+00
1.22070312500000298e-04 1.29153405498745328e-04
0.00000000000000000e+00 0.00000000000000000e+00
1.22070312500000515e-04 -1.15375673884126736e-04
0.00000000000000000e+00 0.00000000000000000e+00
1.22070312499999607e-04 5.46430217233375099e-05
0.00000000000000000e+00 0.00000000000000000e+00
1.22070312500000623e-04 -2.72700167814535774e-04
0.00000000000000000e+00 0.00000000000000000e+00
1.22070312499998550e-04 3.19921676862423019e-04
0.00000000000000000e+00 0.00000000000000000e+00
1.22070312500000379e-04 -4.65775290376948823e-05
0.00000000000000000e+00 0.00000000000000000e+00
1.22070312499999878e-04 -8.55741842222952192e-06
0.00000000000000000e+00 0.00000000000000000e+00
1.22070312499997764e-04 1.74131501565259164e-03
0.00000000000000000e+00 0.00000000000000000e+00
1.22070312499998374e-04 1.06076668062946643e-04
0.00000000000000000e+00 0.00000000000000000e+00
1.22070312500000027e-04 -1.40475388848047199e-04
0.00000000000000000e+00 0.00000000000000000e+00
1.22070312500001274e-04 4.08204429616496929e-05
0.00000000000000000e+00 0.00000000000000000e+00
1.22070312499999770e-04 -3.65041633865833930e-04
0.00000000000000000e+00 0.00000000000000000e+00
1.22070312499999986e-04 2.44728090463937982e-04
0.00000000000000000e+00 0.00000000000000000e+00
1.22070312500002548e-04 -6.08886424341354275e-05
0.00000000000000000e+00 0.00000000000000000e+00
1.22070312500000705e-04 1.55076344226766744e-05
0.00000000000000000e+00 0.00000000000000000e+00
1.22070312500001843e-04 -9.60891957322523730e-04
0.00000000000000000e+00 0.00000000000000000e+00
1.22070312499998916e-04 1.57599107651680478e-04
0.00000000000000000e+00 0.00000000000000000e+00
1.22070312499999946e-04 -9.45510505477058829e-05
0.00000000000000000e+00 0.00000000000000000e+00
1.22070312500000163e-04 6.97406417813530434e-05
0.00000000000000000e+00 0.00000000000000000e+00
1.22070312500002006e-04 -2.13665386684637091e-04
0.00000000000000000e+00 0.00000000000000000e+00
1.22070312499999634e-04 4.47440673875758484e-04
0.00000000000000000e+00 0.00000000000000000e+00
1.22070312499999390e-04 -3.33030993020214290e-05
0.00000000000000000e+00 0.00000000000000000e+00
1.22070312500000732e-04 -2.38193043705284354e-05
0.00000000000000000e+00 0.00000000000000000e+00
1.22070312500000840e-04 6.25591787318704041e-04
0.00000000000000000e+00 0.00000000000000000e+00
1.22070312500001166e-04 8.22096289172412006e-05
0.00000000000000000e+00 0.00000000000000000e+00
1.22070312500000027e-04 -1.81258100664198933e-04
0.00000000000000000e+00 0.00000000000000000e+00
1.22070312500000054e-04 2.47439553993677871e-05
0.00000000000000000e+00 0.00000000000000000e+00
1.22070312499997547e-04 -6.02214195480958682e-04
0.00000000000000000e+00 0.00000000000000000e+00
1.22070312499999661e-04 1.84139878403179695e-04
0.00000000000000000e+00 0.00000000000000000e+00
1.22070312499998170e-04 -8.09230532955010936e-05
0.00000000000000000e+00 0.00000000000000000e+00
1.22070312499996883e-04 4.44729063720022873e-07
0.00000000000000000e+00 0.00000000000000000e+00
1.22070312500016507e-04 -3.35061555663235255e-02
0.00000000000000000e+00 0.00000000000000000e+00
1.22070312499999946e-04 1.22963022968510200e-04
0.00000000000000000e+00 0.00000000000000000e+00
1.22070312500003036e-04 -1.21184083101662010e-04
0.00000000000000000e+00 0.00000000000000000e+00
1.22070312500000054e-04 5.10849989720764207e-05
0.00000000000000000e+00 0.00000000000000000e+00
1.22070312500000488e-04 -2.91693481328895185e-04
0.00000000000000000e+00 0.00000000000000000e+00
1.22070312500001762e-04 2.97767551228969259e-04
0.00000000000000000e+00 0.00000000000000000e+00
1.22070312499998482e-04 -5.00429315832007576e-05
0.00000000000000000e+00 0.00000000000000000e+00
1.22070312500001545e-04 -1.15739942737548651e-05
0.00000000000000000e+00 0.00000000000000000e+00
1.22070312499997954e-04 1.28746920392357558e-03
0.00000000000000000e+00 0.00000000000000000e+00
1.22070312499998862e-04 1.00927008576662104e-04
0.00000000000000000e+00 0.00000000000000000e+00
1.22070312500000352e-04 -1.47642949137132299e-04
0.00000000000000000e+00 0.00000000000000000e+00
1.22070312500001057e-04 3.75158144619972372e-05
0.00000000000000000e+00 0.00000000000000000e+00
1.22070312500000298e-04 -3.97196793073550459e-04
0.00000000000000000e+00 0.00000000000000000e+00
1.22070312499999309e-04 2.30392573321884568e-04
0.00000000000000000e+00 0.00000000000000000e+00
1.22070312499999309e-04 -6.46772635896958374e-05
0.00000000000000000e+00 0.00000000000000000e+00
1.22070312499999756e-04 1.24720807556796314e-05
0.00000000000000000e+00 0.00000000000000000e+00
1.22070312500000434e-04 -1.19476144243714543e-03
0.00000000000000000e+00 0.00000000000000000e+00
1.22070312499999011e-04 1.49853074523438097e-04
0.00000000000000000e+00 0.00000000000000000e+00
1.22070312499999553e-04 -9.94384749277673529e-05
0.00000000000000000e+00 0.00000000000000000e+00
1.22070312499999444e-04 6.58208461570663469e-05
0.00000000000000000e+00 0.00000000000000000e+00
1.22070312499998956e-04 -2.26389693597820715e-04
0.00000000000000000e+00 0.00000000000000000e+00
1.22070312499998441e-04 4.07753778736723608e-04
0.00000000000000000e+00 0.00000000000000000e+00
1.22070312499999119e-04 -3.65445079136070413e-05
0.00000000000000000e+00 0.00000000000000000e+00
1.22070312499998347e-04 -1.76531511616128072e-05
0.00000000000000000e+00 0.00000000000000000e+00
1.22070312500001382e-04 8.44107720906563585e-04
0.00000000000000000e+00 0.00000000000000000e+00
1.22070312500000461e-04 9.12247319162459735e-05
0.00000000000000000e+00 0.00000000000000000e+00
1.22070312499998726e-04 -1.63345628765767278e-04
0.00000000000000000e+00 0.00000000000000000e+00
1.22070312499999878e-04 3.10500862351061827e-05
0.00000000000000000e+00 0.00000000000000000e+00
1.22070312499999715e-04 -4.79907240225312635e-04
0.00000000000000000e+00 0.00000000000000000e+00
1.22070312500000081e-04 2.05354959998908776e-04
0.00000000000000000e+00 0.00000000000000000e+00
1.22070312499999593e-04 -7.25629475612710390e-05
0.00000000000000000e+00 0.00000000000000000e+00
1.22070312499998984e-04 6.44281210137902874e-06
0.00000000000000000e+00 0.00000000000000000e+00
1.22070312500001138e-04 -2.31283497941197095e-03
0.00000000000000000e+00 0.00000000000000000e+00
1.22070312499998862e-04 1.35673929007885539e-04
0.00000000000000000e+00 0.00000000000000000e+00
1.22070312500000407e-04 -1.09830689674960124e-04
0.00000000000000000e+00 0.00000000000000000e+00
1.22070312499998916e-04 5.82801103884960373e-05
0.00000000000000000e+00 0.00000000000000000e+00
1.22070312499999621e-04 -2.55681759943765638e-04
0.00000000000000000e+00 0.00000000000000000e+00
1.22070312499999404e-04 3.45122475752987522e-04
0.00000000000000000e+00 0.00000000000000000e+00
1.22070312500000054e-04 -4.31764438445677424e-05
0.00000000000000000e+00 0.00000000000000000e+00
1.22070312499999770e-04 -5.55120728500174527e-06
0.00000000000000000e+00 0.00000000000000000e+00
1.22070312499999688e-04 2.68430999399137723e-03
0.00000000000000000e+00 0.00000000000000000e+00
1.22070312500000108e-04 1.11450824357654294e-04
0.00000000000000000e+00 0.00000000000000000e+00
1.22070312500001626e-04 -1.33701668693167637e-04
0.00000000000000000e+00 0.00000000000000000e+00
1.22070312500000542e-04 4.41797764951971529e-05
0.00000000000000000e+00 0.00000000000000000e+00
1.22070312500000271e-04 -3.37284666785665559e-04
0.00000000000000000e+00 0.00000000000000000e+00
1.22070312499999607e-04 2.60547703966824799e-04
0.00000000000000000e+00 0.00000000000000000e+00
1.22070312500000407e-04 -5.71916810894070360e-05
0.00000000000000000e+00 0.00000000000000000e+00
1.22070312500000379e-04 1.85621808044368549e-05
0.00000000000000000e+00 0.00000000000000000e+00
1.22070312500000705e-04 -8.02769962799109371e-04
0.00000000000000000e+00 0.00000000000000000e+00
1.22070312499999322e-04 1.65852210102855277e-04
0.00000000000000000e+00 0.00000000000000000e+00
1.22070312500002412e-04 -8.98460212535393812e-05
0.00000000000000000e+00 0.00000000000000000e+00
1.22070312500000786e-04 7.37719516951984734e-05
0.00000000000000000e+00 0.00000000000000000e+00
1.22070312500000515e-04 -2.01989521104370070e-04
0.00000000000000000e+00 0.00000000000000000e+00
1.22070312499998347e-04 4.94975936919126304e-04
0.00000000000000000e+00 0.00000000000000000e+00
1.22070312499998265e-04 -3.01048194112149824e-05
0.00000000000000000e+00 0.00000000000000000e+00
1.22070312500000651e-04 -2.53781807636552649e-05
0.00000000000000000e+00 0.00000000000000000e+00
1.22070312499998455e-04 5.87164278346874891e-04
0.00000000000000000e+00 0.00000000000000000e+00
1.22070312500000271e-04 8.00499108271086874e-05
0.00000000000000000e+00 0.00000000000000000e+00
1.22070312500000271e-04 -1.86148379678166179e-04
0.00000000000000000e+00 0.00000000000000000e+00
1.22070312500000190e-04 2.31881678365901278e-05
0.00000000000000000e+00 0.00000000000000000e+00
1.22070312500001653e-04 -6.42619171072820821e-04
0.00000000000000000e+00 0.00000000000000000e+00
1.22070312500000867e-04 1.79322041894631361e-04
0.00000000000000000e+00 0.00000000000000000e+00
1.22070312500000054e-04 -8.30972090012413293e-05
0.00000000000000000e+00 0.00000000000000000e+00
1.22070312500000244e-04 -1.05332715848681290e-06
0.00000000000000000e+00 0.00000000000000000e+00
1.22070312499993495e-04 1.41467549505311652e-02
0.00000000000000000e+00 0.00000000000000000e+00
1.22070312499999621e-04 1.19981680686355211e-04
0.00000000000000000e+00 0.00000000000000000e+00
1.22070312500000163e-04 -1.24195303054644896e-04
0.00000000000000000e+00 0.00000000000000000e+00
1.22070312499998401e-04 4.93335244908596758e-05
0.00000000000000000e+00 0.00000000000000000e+00
1.22070312500000515e-04 -3.02049394354710055e-04
0.00000000000000000e+00 0.00000000000000000e+00
1.22070312500000542e-04 2.87658013473793197e-04
0.00000000000000000e+00 0.00000000000000000e+00
1.22070312500001138e-04 -5.18016550761064178e-05
0.00000000000000000e+00 0.00000000000000000e+00
1.22070312499998699e-04 -1.30873260463671954e-05
0.00000000000000000e+00 0.00000000000000000e+00
1.22070312500000569e-04 1.13859478560045702e-03
0.00000000000000000e+00 0.00000000000000000e+00
1.22070312499997886e-04 9.84301542751068949e-05
0.00000000000000000e+00 0.00000000000000000e+00
1.22070312499998997e-04 -1.51388172695532809e-04
0.00000000000000000e+00 0.00000000000000000e+00
1.22070312500000298e-04 3.58823739400818747e-05
0.00000000000000000e+00 0.00000000000000000e+00
1.22070312500001274e-04 -4.15278019752263943e-04
0.00000000000000000e+00 0.00000000000000000e+00
1.22070312499998591e-04 2.23712669268112896e-04
0.00000000000000000e+00 0.00000000000000000e+00
1.22070312500000325e-04 -6.66084815070932271e-05
0.00000000000000000e+00 0.00000000000000000e+00
1.22070312500000894e-04 1.09602344737452938e-05
0.00000000000000000e+00 0.00000000000000000e+00
1.22070312500000027e-04 -1.35956591344296566e-03
0.00000000000000000e+00 0.00000000000000000e+00
1.22070312499999051e-04 1.46153082867010232e-04
0.00000000000000000e+00 0.00000000000000000e+00
1.22070312500000867e-04 -1.01955845894859213e-04
0.00000000000000000e+00 0.00000000000000000e+00
1.22070312499999919e-04 6.38998938944483359e-05
0.00000000000000000e+00 0.00000000000000000e+00
1.22070312499999024e-04 -2.33195398077839009e-04
0.00000000000000000e+00 0.00000000000000000e+00
1.22070312499999404e-04 3.90257484034904796e-04
0.00000000000000000e+00 0.00000000000000000e+00
1.22070312499999322e-04 -3.81828966860104651e-05
0.00000000000000000e+00 0.00000000000000000e+00
1.22070312499999092e-04 -1.91853041238662680e-05
0.00000000000000000e+00 0.00000000000000000e+00
1.22070312499999553e-04 7.76696637053136594e-04
0.00000000000000000e+00 0.00000000000000000e+00
1.22070312499998523e-04 8.89111911031645460e-05
0.00000000000000000e+00 0.00000000000000000e+00
1.22070312499999661e-04 -1.67596013605953142e-04
0.00000000000000000e+00 0.00000000000000000e+00
1.22070312499999417e-04 2.94600189948872188e-05
0.00000000000000000e+00 0.00000000000000000e+00
1.22070312499999417e-04 -5.05809626138848637e-04
0.00000000000000000e+00 0.00000000000000000e+00
1.22070312500000786e-04 1.99733250146631497e-04
0.00000000000000000e+00 0.00000000000000000e+00
1.22070312499998726e-04 -7.46053107477512832e-05
0.00000000000000000e+00 0.00000000000000000e+00
1.22070312499998916e-04 4.94150799768745123e-06
0.00000000000000000e+00 0.00000000000000000e+00
1.22070312499999377e-04 -3.01550886911799163e-03
0.00000000000000000e+00 0.00000000000000000e+00
1.22070312499999200e-04 1.32370279755059919e-04
0.00000000000000000e+00 0.00000000000000000e+00
1.22070312500000623e-04 -1.12571804044087783e-04
0.00000000000000000e+00 0.00000000000000000e+00
1.22070312499999946e-04 5.64512451202436204e-05
0.00000000000000000e+00 0.00000000000000000e+00
1.22070312500000434e-04 -2.63965146598764281e-04
0.00000000000000000e+00 0.00000000000000000e+00
1.22070312500000407e-04 3.32101372312594231e-04
0.00000000000000000e+00 0.00000000000000000e+00
1.22070312499999973e-04 -4.48693153240613634e-05
0.00000000000000000e+00 0.00000000000000000e+00
1.22070312500000596e-04 -7.05324699345433341e-06
0.00000000000000000e+00 0.00000000000000000e+00
1.22070312499999824e-04 2.11266686218065155e-03
0.00000000000000000e+00 0.00000000000000000e+00
1.22070312500000352e-04 1.08734371824133243e-04
0.00000000000000000e+00 0.00000000000000000e+00
1.22070312499999756e-04 -1.37041865822784255e-04
0.00000000000000000e+00 0.00000000000000000e+00
1.22070312499999200e-04 4.24929340742136191e-05
0.00000000000000000e+00 0.00000000000000000e+00
1.22070312499999417e-04 -3.50673859513272860e-04
0.00000000000000000e+00 0.00000000000000000e+00
1.22070312500000325e-04 2.52437154034461722e-04
0.00000000000000000e+00 0.00000000000000000e+00
1.22070312500000488e-04 -5.90291918431840932e-05
0.00000000000000000e+00 0.00000000000000000e+00
1.22070312500000434e-04 1.70322923739486995e-05
0.00000000000000000e+00 0.00000000000000000e+00
1.22070312500000867e-04 -8.74877019880169701e-04
0.00000000000000000e+00 0.00000000000000000e+00
1.22070312499999851e-04 1.61658592061707701e-04
0.00000000000000000e+00 0.00000000000000000e+00
1.22070312499999173e-04 -9.21767349560952842e-05
0.00000000000000000e+00 0.00000000000000000e+00
1.22070312499999851e-04 7.17417585642853771e-05
0.00000000000000000e+00 0.00000000000000000e+00
1.22070312500001030e-04 -2.07705546839850993e-04
0.00000000000000000e+00 0.00000000000000000e+00
1.22070312500001138e-04 4.70085035848818674e-04
0.00000000000000000e+00 0.00000000000000000e+00
1.22070312500000108e-04 -3.16988630938689378e-05
0.00000000000000000e+00 0.00000000000000000e+00
1.22070312500000515e-04 -2.22678762170633211e-05
0.00000000000000000e+00 0.00000000000000000e+00
1.22070312499998536e-04 6.69177475597311174e-04
0.00000000000000000e+00 0.00000000000000000e+00
1.22070312499997764e-04 8.44053447920204173e-05
0.00000000000000000e+00 0.00000000000000000e+00
1.22070312499999526e-04 -1.76542862665447721e-04
0.00000000000000000e+00 0.00000000000000000e+00
1.22070312499998292e-04 2.63075028025767794e-05
0.00000000000000000e+00 0.00000000000000000e+00
1.22070312499999864e-04 -5.66422488127157203e-04
0.00000000000000000e+00 0.00000000000000000e+00
1.22070312499999390e-04 1.89139461752239641e-04
0.00000000000000000e+00 0.00000000000000000e+00
1.22070312499999444e-04 -7.87839885754095155e-05
0.00000000000000000e+00 0.00000000000000000e+00
1.22070312500000352e-04 1.94291925195505476e-06
0.00000000000000000e+00 0.00000000000000000e+00
1.22070312500001870e-04 -7.66947014336335706e-03
0.00000000000000000e+00 0.00000000000000000e+00
1.22070312499998509e-04 1.26018999869898342e-04
0.00000000000000000e+00 0.00000000000000000e+00
1.22070312500000623e-04 -1.18245353551698582e-04
0.00000000000000000e+00 0.00000000000000000e+00
1.22070312500000488e-04 5.28545570613012206e-05
0.00000000000000000e+00 0.00000000000000000e+00
1.22070312500000271e-04 -2.81927652455116857e-04
0.00000000000000000e+00 0.00000000000000000e+00
1.22070312499997967e-04 3.08501053785090293e-04
0.00000000000000000e+00 0.00000000000000000e+00
1.22070312500001545e-04 -4.83018161883749396e-05
0.00000000000000000e+00 0.00000000000000000e+00
1.22070312499999702e-04 -1.00641802433479507e-05
0.00000000000000000e+00 0.00000000000000000e+00
1.22070312499998943e-04 1.48061350587354963e-03
0.00000000000000000e+00 0.00000000000000000e+00
1.22070312500000027e-04 1.03475052445562752e-04
0.00000000000000000e+00 0.00000000000000000e+00
1.22070312500000678e-04 -1.44007283317755411e-04
0.00000000000000000e+00 0.00000000000000000e+00
1.22070312499998089e-04 3.91616232971197820e-05
0.00000000000000000e+00 0.00000000000000000e+00
1.22070312499999417e-04 -3.80504175753703842e-04
0.00000000000000000e+00 0.00000000000000000e+00
1.22070312499998699e-04 2.37389264948729419e-04
0.00000000000000000e+00 0.00000000000000000e+00
1.22070312499998862e-04 -6.27709984993039610e-05
0.00000000000000000e+00 0.00000000000000000e+00
1.22070312499999214e-04 1.39877231852963697e-05
0.00000000000000000e+00 0.00000000000000000e+00
1.22070312500000298e-04 -1.06530283709868915e-03
0.00000000000000000e+00 0.00000000000000000e+00
1.22070312499998916e-04 1.53666256883253495e-04
0.00000000000000000e+00 0.00000000000000000e+00
1.22070312500000542e-04 -9.69709388129943870e-05
0.00000000000000000e+00 0.00000000000000000e+00
1.22070312499999878e-04 6.77673910614953913e-05
0.00000000000000000e+00 0.00000000000000000e+00
1.22070312499999228e-04 -2.19886894868444972e-04
0.00000000000000000e+00 0.00000000000000000e+00
1.22070312499998807e-04 4.26745876357251328e-04
0.00000000000000000e+00 0.00000000000000000e+00
1.22070312499999377e-04 -3.49181140800817663e-05
0.00000000000000000e+00 0.00000000000000000e+00
1.22070312499998699e-04 -1.61264270253453222e-05
0.00000000000000000e+00 0.00000000000000000e+00
1.22070312499998482e-04 9.24021246022313112e-04
0.00000000000000000e+00 0.00000000000000000e+00
1.22070312499999011e-04 9.35811022153922078e-05
0.00000000000000000e+00 0.00000000000000000e+00
1.22070312499998333e-04 -1.59232589070710189e-04
0.00000000000000000e+00 0.00000000000000000e+00
1.22070312500000623e-04 3.26501118344965185e-05
0.00000000000000000e+00 0.00000000000000000e+00
1.22070312499999621e-04 -4.56389284955045153e-04
0.00000000000000000e+00 0.00000000000000000e+00
1.22070312500000108e-04 2.11213690061985308e-04
0.00000000000000000e+00 0.00000000000000000e+00
1.22070312499999539e-04 -7.05501674132712279e-05
0.00000000000000000e+00 0.00000000000000000e+00
1.22070312499998916e-04 7.94606235898761254e-06
0.00000000000000000e+00 0.00000000000000000e+00
1.22070312500001138e-04 -1.87528873052377073e-03
0.00000000000000000e+00 0.00000000000000000e+00
1.22070312499999621e-04 1.39068948882845294e-04
0.00000000000000000e+00 0.00000000000000000e+00
1.22070312500000759e-04 -1.07149448626382259e-04
0.00000000000000000e+00 0.00000000000000000e+00
1.22070312499999011e-04 6.01305335268530837e-05
0.00000000000000000e+00 0.00000000000000000e+00
1.22070312499998713e-04 -2.47813553611542453e-04
0.00000000000000000e+00 0.00000000000000000e+00
1.22070312500000298e-04 3.59079650928448616e-04
0.00000000000000000e+00 0.00000000000000000e+00
1.22070312500000515e-04 -4.14982056357643655e-05
0.00000000000000000e+00 0.00000000000000000e+00
1.22070312500000271e-04 -4.05084320681589820e-06
0.00000000000000000e+00 0.00000000000000000e+00
1.22070312499999187e-04 3.67853319249045055e-03
0.00000000000000000e+00 0.00000000000000000e+00
1.22070312499997127e-04 1.14228841441900862e-04
0.00000000000000000e+00 0.00000000000000000e+00
1.22070312499999702e-04 -1.30450077281286486e-04
0.00000000000000000e+00 0.00000000000000000e+00
1.22070312500000786e-04 4.58816705263551531e-05
0.00000000000000000e+00 0.00000000000000000e+00
1.22070312499999187e-04 -3.24773728220913735e-04
0.00000000000000000e+00 0.00000000000000000e+00
1.22070312499999892e-04 2.69094585779774888e-04
0.00000000000000000e+00 0.00000000000000000e+00
1.22070312500001301e-04 -5.53751802574081254e-05
0.00000000000000000e+00 0.00000000000000000e+00
1.22070312499999688e-04 2.00977899672977336e-05
0.00000000000000000e+00 0.00000000000000000e+00
1.22070312500001328e-04 -7.41432825106322986e-04
0.00000000000000000e+00 0.00000000000000000e+00
1.22070312500000569e-04 1.70188049336033242e-04
0.00000000000000000e+00 0.00000000000000000e+00
1.22070312499999905e-04 -8.75570361842828535e-05
0.00000000000000000e+00 0.00000000000000000e+00
1.22070312499999065e-04 7.58324846690675768e-05
0.00000000000000000e+00 0.00000000000000000e+00
1.22070312499999851e-04 -1.96501028007667604e-04
0.00000000000000000e+00 0.00000000000000000e+00
1.22070312500000352e-04 5.22473858058088744e-04
0.00000000000000000e+00 0.00000000000000000e+00
1.22070312500000000e-04 -2.85203957366075576e-05
0.00000000000000000e+00 0.00000000000000000e+00
1.22070312500001193e-04 -2.73380538650732343e-05
0.00000000000000000e+00 0.00000000000000000e+00
1.22070312500000027e-04 5.45070298982981314e-04
0.00000000000000000e+00 0.00000000000000000e+00
1.22070312500002114e-04 7.73985868176931723e-05
0.00000000000000000e+00 0.00000000000000000e+00
1.22070312499999675e-04 -1.92524977606455628e-04
0.00000000000000000e+00 0.00000000000000000e+00
1.22070312500000894e-04 2.12535499925343355e-05
0.00000000000000000e+00 0.00000000000000000e+00
1.22070312500003117e-04 -7.01113987972934861e-04
0.00000000000000000e+00 0.00000000000000000e+00
1.22070312500001355e-04 1.73538489513339820e-04
0.00000000000000000e+00 0.00000000000000000e+00
1.22070312499995745e-04 -8.58666065126842404e-05
0.00000000000000000e+00 0.00000000000000000e+00
1.22070312500000217e-04 -2.92639657185718887e-06
0.00000000000000000e+00 0.00000000000000000e+00
1.22070312499993170e-04 5.09198286286679461e-03
0.00000000000000000e+00 0.00000000000000000e+00
1.22070312499998333e-04 1.16354543714114345e-04
0.00000000000000000e+00 0.00000000000000000e+00
1.22070312499998116e-04 -1.28066861148627481e-04
0.00000000000000000e+00 0.00000000000000000e+00
1.22070312499999431e-04 4.71684021483809204e-05
0.00000000000000000e+00 0.00000000000000000e+00
1.22070312500001382e-04 -3.15914055069554966e-04
0.00000000000000000e+00 0.00000000000000000e+00
1.22070312500000515e-04 2.75814364243130109e-04
0.00000000000000000e+00 0.00000000000000000e+00
1.22070312500003930e-04 -5.40260520322673031e-05
0.00000000000000000e+00 0.00000000000000000e+00
1.22070312500002819e-04 -1.49846538000704477e-05
0.00000000000000000e+00 0.00000000000000000e+00
1.22070312499996869e-04 9.94428125778715893e-04
0.00000000000000000e+00 0.00000000000000000e+00
1.22070312499999228e-04 9.53776442741124724e-05
0.00000000000000000e+00 0.00000000000000000e+00
1.22070312500001138e-04 -1.56233269412925650e-04
0.00000000000000000e+00 0.00000000000000000e+00
1.22070312500000623e-04 3.38570148587316068e-05
0.00000000000000000e+00 0.00000000000000000e+00
1.22070312500001762e-04 -4.40120348944665596e-04
0.00000000000000000e+00 0.00000000000000000e+00
1.22070312499997547e-04 2.15773563475359141e-04
0.00000000000000000e+00 0.00000000000000000e+00
1.22070312499999986e-04 -6.90592533850864493e-05
0.00000000000000000e+00 0.00000000000000000e+00
1.22070312500002114e-04 9.07505235969812056e-06
0.00000000000000000e+00 0.00000000000000000e+00
1.22070312499999038e-04 -1.64199175974138935e-03
0.00000000000000000e+00 0.00000000000000000e+00
1.22070312500000325e-04 1.41678116865012250e-04
0.00000000000000000e+00 0.00000000000000000e+00
1.22070312500000488e-04 -1.05176166394457346e-04
0.00000000000000000e+00 0.00000000000000000e+00
1.22070312499997208e-04 6.15330688692399365e-05
0.00000000000000000e+00 0.00000000000000000e+00
1.22070312500001409e-04 -2.42165090538767750e-04
0.00000000000000000e+00 0.00000000000000000e+00
1.22070312499997683e-04 3.70227000695671701e-04
0.00000000000000000e+00 0.00000000000000000e+00
1.22070312499999770e-04 -4.02487154255301428e-05
0.00000000000000000e+00 0.00000000000000000e+00
1.22070312499999200e-04 -2.11088814732665389e-05
0.00000000000000000e+00 0.00000000000000000e+00
1.22070312499997872e-04 7.05919032835442537e-04
0.00000000000000000e+00 0.00000000000000000e+00
1.22070312500002006e-04 8.60767063556777050e-05
0.00000000000000000e+00 0.00000000000000000e+00
1.22070312500001301e-04 -1.73114909070443959e-04
0.00000000000000000e+00 0.00000000000000000e+00
1.22070312499998834e-04 2.74855758642239297e-05
0.00000000000000000e+00 0.00000000000000000e+00
1.22070312500003388e-04 -5.42144769585960651e-04
0.00000000000000000e+00 0.00000000000000000e+00
1.22070312499998780e-04 1.93015645845030174e-04
0.00000000000000000e+00 0.00000000000000000e+00
1.22070312499999404e-04 -7.72018306008834775e-05
0.00000000000000000e+00 0.00000000000000000e+00
1.22070312500000027e-04 3.06692135711221121e-06
0.00000000000000000e+00 0.00000000000000000e+00
1.22070312500007996e-04 -4.85867078374252297e-03
0.00000000000000000e+00 0.00000000000000000e+00
1.22070312499999946e-04 1.28362234854153542e-04
0.00000000000000000e+00 0.00000000000000000e+00
1.22070312499998591e-04 -1.16086800847451911e-04
0.00000000000000000e+00 0.00000000000000000e+00
1.22070312499997371e-04 5.41940869793219347e-05
0.00000000000000000e+00 0.00000000000000000e+00
1.22070312500000569e-04 -2.74959170352547194e-04
0.00000000000000000e+00 0.00000000000000000e+00
1.22070312500003605e-04 3.16998332803729538e-04
0.00000000000000000e+00 0.00000000000000000e+00
1.22070312500001924e-04 -4.70070648701938239e-05
0.00000000000000000e+00 0.00000000000000000e+00
1.22070312499999905e-04 -8.93384804661264022e-06
0.00000000000000000e+00 0.00000000000000000e+00
1.22070312499997981e-04 1.66794432993576966e-03
0.00000000000000000e+00 0.00000000000000000e+00
1.22070312500001789e-04 1.05421106576665007e-04
0.00000000000000000e+00 0.00000000000000000e+00
1.22070312499997696e-04 -1.41348935500033873e-04
0.00000000000000000e+00 0.00000000000000000e+00
1.22070312500000732e-04 4.04044824725496591e-05
0.00000000000000000e+00 0.00000000000000000e+00
1.22070312499999471e-04 -3.68799704438018175e-04
0.00000000000000000e+00 0.00000000000000000e+00
1.22070312500000271e-04 2.42859822633362580e-04
0.00000000000000000e+00 0.00000000000000000e+00
1.22070312499999187e-04 -6.13570455263925268e-05
0.00000000000000000e+00 0.00000000000000000e+00
1.22070312499998604e-04 1.51272303724769450e-05
0.00000000000000000e+00 0.00000000000000000e+00
1.22070312500006803e-04 -9.85055481204180324e-04
0.00000000000000000e+00 0.00000000000000000e+00
1.22070312500001952e-04 1.56604303892279444e-04
0.00000000000000000e+00 0.00000000000000000e+00
1.22070312499999526e-04 -9.51516709534170772e-05
0.00000000000000000e+00 0.00000000000000000e+00
1.22070312499997154e-04 6.92447628117749713e-05
0.00000000000000000e+00 0.00000000000000000e+00
1.22070312500001220e-04 -2.15195497663152037e-04
0.00000000000000000e+00 0.00000000000000000e+00
1.22070312499999336e-04 4.42094614577711827e-04
0.00000000000000000e+00 0.00000000000000000e+00
1.22070312500001599e-04 -3.37058193031407357e-05
0.00000000000000000e+00 0.00000000000000000e+00
1.22070312499994498e-04 -2.42083047856929634e-05
0.00000000000000000e+00 0.00000000000000000e+00
1.22070312499992383e-04 6.15539226135600496e-04
0.00000000000000000e+00 0.00000000000000000e+00
1.22070312499998916e-04 8.16663849113958613e-05
0.00000000000000000e+00 0.00000000000000000e+00
1.22070312499989944e-04 -1.82463827803987607e-04
0.00000000000000000e+00 0.00000000000000000e+00
1.22070312499997913e-04 2.43543016119787745e-05
0.00000000000000000e+00 0.00000000000000000e+00
1.22070312499997289e-04 -6.11849250750781822e-04
0.00000000000000000e+00 0.00000000000000000e+00
1.22070312499993007e-04 1.82918830188679370e-04
0.00000000000000000e+00 0.00000000000000000e+00
1.22070312500000949e-04 -8.14632434423403584e-05
0.00000000000000000e+00 0.00000000000000000e+00
1.22070312500005177e-04 7.02200755735671528e-08
0.00000000000000000e+00 0.00000000000000000e+00
1.22070312500064049e-04 -2.12206567382504041e-01
0.00000000000000000e+00 0.00000000000000000e+00
1.22070312499973423e-04 1.22210833484800801e-04
0.00000000000000000e+00 0.00000000000000000e+00
1.22070312500012577e-04 -1.21929953089639401e-04
0.00000000000000000e+00 0.00000000000000000e+00
1.22070312500016507e-04 5.06454665433724778e-05
0.00000000000000000e+00 0.00000000000000000e+00
1.22070312499995528e-04 -2.94224976308344113e-04
0.00000000000000000e+00 0.00000000000000000e+00
1.22070312499982246e-04 2.95183963495075088e-04
0.00000000000000000e+00 0.00000000000000000e+00
1.22070312499998916e-04 -5.04809306623997363e-05
0.00000000000000000e+00 0.00000000000000000e+00
1.22070312500001328e-04 -1.19519791537955039e-05
0.00000000000000000e+00 0.00000000000000000e+00
1.22070312499984509e-04 1.24675260909518971e-03
0.00000000000000000e+00 0.00000000000000000e+00
1.22070312499998604e-04 1.00298086218929072e-04
0.00000000000000000e+00 0.00000000000000000e+00
1.22070312499997737e-04 -1.48568748972169648e-04
0.00000000000000000e+00 0.00000000000000000e+00
1.22070312499997249e-04 3.71063195183866907e-05
0.00000000000000000e+00 0.00000000000000000e+00
1.22070312500002277e-04 -4.01580145572392804e-04
0.00000000000000000e+00 0.00000000000000000e+00
1.22070312499999471e-04 2.28693832896774120e-04
0.00000000000000000e+00 0.00000000000000000e+00
1.22070312500000190e-04 -6.51576870486683776e-05
0.00000000000000000e+00 0.00000000000000000e+00
1.22070312499996720e-04 1.20937816529771322e-05
0.00000000000000000e+00 0.00000000000000000e+00
1.22070312500017808e-04 -1.23213413483269554e-03
0.00000000000000000e+00 0.00000000000000000e+00
1.22070312500009541e-04 1.48917707927301345e-04
0.00000000000000000e+00 0.00000000000000000e+00
1.22070312500005096e-04 -1.00063057652771250e-04
0.00000000000000000e+00 0.00000000000000000e+00
1.22070312499996110e-04 6.53382512705749885e-05
0.00000000000000000e+00 0.00000000000000000e+00
1.22070312500004283e-04 -2.28061830613438080e-04
0.00000000000000000e+00 0.00000000000000000e+00
1.22070312500000027e-04 4.03246796412626231e-04
0.00000000000000000e+00 0.00000000000000000e+00
1.22070312500002304e-04 -3.69529561707854944e-05
0.00000000000000000e+00 0.00000000000000000e+00
1.22070312500000081e-04 -1.80356613093904027e-05
0.00000000000000000e+00 0.00000000000000000e+00
1.22070312499995040e-04 8.26205423701000929e-04
0.00000000000000000e+00 0.00000000000000000e+00
1.22070312499999526e-04 9.06424047196190553e-05
0.00000000000000000e+00 0.00000000000000000e+00
1.22070312500000027e-04 -1.64395033868976377e-04
0.00000000000000000e+00 0.00000000000000000e+00
1.22070312499999458e-04 3.06516582063029873e-05
0.00000000000000000e+00 0.00000000000000000e+00
1.22070312499993278e-04 -4.86145352840387551e-04
0.00000000000000000e+00 0.00000000000000000e+00
1.22070312500000623e-04 2.03927949210917618e-04
0.00000000000000000e+00 0.00000000000000000e+00
1.22070312499999038e-04 -7.30707156694621859e-05
0.00000000000000000e+00 0.00000000000000000e+00
1.22070312500000922e-04 6.06732144075967015e-06
0.00000000000000000e+00 0.00000000000000000e+00
1.22070312500002168e-04 -2.45597028925118336e-03
0.00000000000000000e+00 0.00000000000000000e+00
1.22070312500001328e-04 1.34839635386396994e-04
0.00000000000000000e+00 0.00000000000000000e+00
1.22070312500000678e-04 -1.10510245382573036e-04
0.00000000000000000e+00 0.00000000000000000e+00
1.22070312499999038e-04 5.78209093823503050e-05
0.00000000000000000e+00 0.00000000000000000e+00
1.22070312499995921e-04 -2.57712328516151242e-04
0.00000000000000000e+00 0.00000000000000000e+00
1.22070312499993888e-04 3.41783372383642114e-04
0.00000000000000000e+00 0.00000000000000000e+00
1.22070312499999390e-04 -4.35982625191044280e-05
0.00000000000000000e+00 0.00000000000000000e+00
1.22070312500001626e-04 -5.92654234463197150e-06
0.00000000000000000e+00 0.00000000000000000e+00
1.22070312500000651e-04 2.51430941134414120e-03
0.00000000000000000e+00 0.00000000000000000e+00
1.22070312499999553e-04 1.10766052298725913e-04
0.00000000000000000e+00 0.00000000000000000e+00
1.22070312499997737e-04 -1.34528232112676624e-04
0.00000000000000000e+00 0.00000000000000000e+00
1.22070312499995880e-04 4.37566825180238408e-05
0.00000000000000000e+00 0.00000000000000000e+00
1.22070312500002060e-04 -3.40545954042794188e-04
0.00000000000000000e+00 0.00000000000000000e+00
1.22070312500001924e-04 2.58480587701587433e-04
0.00000000000000000e+00 0.00000000000000000e+00
1.22070312500001870e-04 -5.76490533635380518e-05
0.00000000000000000e+00 0.00000000000000000e+00
1.22070312499999336e-04 1.81791916455504355e-05
0.00000000000000000e+00 0.00000000000000000e+00
1.22070312500003334e-04 -8.19682276549089581e-04
0.00000000000000000e+00 0.00000000000000000e+00
1.22070312499995379e-04 1.64790798849913248e-04
0.00000000000000000e+00 0.00000000000000000e+00
1.22070312500000596e-04 -9.04247160511646649e-05
0.00000000000000000e+00 0.00000000000000000e+00
1.22070312500005692e-04 7.32616093479414104e-05
0.00000000000000000e+00 0.00000000000000000e+00
1.22070312500000759e-04 -2.03396585557895522e-04
0.00000000000000000e+00 0.00000000000000000e+00
1.22070312500000732e-04 4.88524119702979354e-04
0.00000000000000000e+00 0.00000000000000000e+00
1.22070312499998469e-04 -3.05024063149809457e-05
0.00000000000000000e+00 0.00000000000000000e+00
1.22070312499999973e-04 -2.57691251656831092e-05
0.00000000000000000e+00 0.00000000000000000e+00
1.22070312499999621e-04 5.78256386200153970e-04
0.00000000000000000e+00 0.00000000000000000e+00
1.22070312499997696e-04 7.95154271257759781e-05
0.00000000000000000e+00 0.00000000000000000e+00
1.22070312499999837e-04 -1.87399624607157567e-04
0.00000000000000000e+00 0.00000000000000000e+00
1.22070312499998848e-04 2.28003719401860158e-05
0.00000000000000000e+00 0.00000000000000000e+00
1.22070312500002196e-04 -6.53549040030545515e-04
0.00000000000000000e+00 0.00000000000000000e+00
1.22070312499998238e-04 1.78144659118102390e-04
0.00000000000000000e+00 0.00000000000000000e+00
1.22070312499999268e-04 -8.36464099884648004e-05
0.00000000000000000e+00 0.00000000000000000e+00
1.22070312500000298e-04 -1.42787316199000371e-06
0.00000000000000000e+00 0.00000000000000000e+00
1.22070312499995392e-04 1.04359137705879058e-02
0.00000000000000000e+00 0.00000000000000000e+00
1.22070312500000894e-04 1.19247584017636449e-04
0.00000000000000000e+00 0.00000000000000000e+00
1.22070312499998238e-04 -1.24959858236155382e-04
0.00000000000000000e+00 0.00000000000000000e+00
1.22070312500002060e-04 4.88983876366191723e-05
0.00000000000000000e+00 0.00000000000000000e+00
1.22070312500001355e-04 -3.04737270778402487e-04
0.00000000000000000e+00 0.00000000000000000e+00
1.22070312500001111e-04 2.85221451975774948e-04
0.00000000000000000e+00 0.00000000000000000e+00
1.22070312499997561e-04 -5.22441811112926466e-05
0.00000000000000000e+00 0.00000000000000000e+00
1.22070312500000623e-04 -1.34662635920845129e-05
0.00000000000000000e+00 0.00000000000000000e+00
1.22070312500000569e-04 1.10655499143832471e-03
0.00000000000000000e+00 0.00000000000000000e+00
1.22070312500000542e-04 9.78136719341845829e-05
0.00000000000000000e+00 0.00000000000000000e+00
1.22070312499999228e-04 -1.52342314721339077e-04
0.00000000000000000e+00 0.00000000000000000e+00
1.22070312500001274e-04 3.54758726990755160e-05
0.00000000000000000e+00 0.00000000000000000e+00
1.22070312499999743e-04 -4.20036494105347933e-04
0.00000000000000000e+00 0.00000000000000000e+00
1.22070312500001491e-04 2.22089456374418014e-04
0.00000000000000000e+00 0.00000000000000000e+00
1.22070312500000244e-04 -6.70953112187667344e-05
0.00000000000000000e+00 0.00000000000000000e+00
1.22070312500002196e-04 1.05828111123566756e-05
0.00000000000000000e+00 0.00000000000000000e+00
1.22070312499997371e-04 -1.40805321342757622e-03
0.00000000000000000e+00 0.00000000000000000e+00
1.22070312499999621e-04 1.45245054843928047e-04
0.00000000000000000e+00 0.00000000000000000e+00
1.22070312500000163e-04 -1.02593242915289892e-04
0.00000000000000000e+00 0.00000000000000000e+00
1.22070312500002765e-04 6.34235284851502197e-05
0.00000000000000000e+00 0.00000000000000000e+00
1.22070312500001789e-04 -2.34946896676304831e-04
0.00000000000000000e+00 0.00000000000000000e+00
1.22070312499997127e-04 3.86096041176781058e-04
0.00000000000000000e+00 0.00000000000000000e+00
1.22070312500000515e-04 -3.85944418089114127e-05
0.00000000000000000e+00 0.00000000000000000e+00
1.22070312499998441e-04 -1.95692482428707567e-05
0.00000000000000000e+00 0.00000000000000000e+00
1.22070312499999065e-04 7.61458028888467369e-04
0.00000000000000000e+00 0.00000000000000000e+00
1.22070312500000949e-04 8.83392809171748799e-05
0.00000000000000000e+00 0.00000000000000000e+00
1.22070312500001924e-04 -1.68681033387838155e-04
0.00000000000000000e+00 0.00000000000000000e+00
1.22070312499999377e-04 2.90639914241262970e-05
0.00000000000000000e+00 0.00000000000000000e+00
1.22070312499999756e-04 -5.12701816360836091e-04
0.00000000000000000e+00 0.00000000000000000e+00
1.22070312499998319e-04 1.98362987548328644e-04
0.00000000000000000e+00 0.00000000000000000e+00
1.22070312499999837e-04 -7.51206733575601933e-05
0.00000000000000000e+00 0.00000000000000000e+00
1.22070312499999119e-04 4.56643267070600974e-06
0.00000000000000000e+00 0.00000000000000000e+00
1.22070312500002196e-04 -3.26319520474601050e-03
0.00000000000000000e+00 0.00000000000000000e+00
1.22070312499999688e-04 1.31558099012808196e-04
0.00000000000000000e+00 0.00000000000000000e+00
1.22070312500000081e-04 -1.13266771910383577e-04
0.00000000000000000e+00 0.00000000000000000e+00
1.22070312499997791e-04 5.59972891397866163e-05
0.00000000000000000e+00 0.00000000000000000e+00
1.22070312500000732e-04 -2.66105045846963637e-04
0.00000000000000000e+00 0.00000000000000000e+00
1.22070312500000108e-04 3.28980976998575396e-04
0.00000000000000000e+00 0.00000000000000000e+00
1.22070312499999946e-04 -4.52949022457058040e-05
0.00000000000000000e+00 0.00000000000000000e+00
1.22070312500000596e-04 -7.42907213342204790e-06
0.00000000000000000e+00 0.00000000000000000e+00
1.22070312499997981e-04 2.00579034988931926e-03
0.00000000000000000e+00 0.00000000000000000e+00
1.22070312500000678e-04 1.08064544681427905e-04
0.00000000000000000e+00 0.00000000000000000e+00
1.22070312499998143e-04 -1.37891305957709050e-04
0.00000000000000000e+00 0.00000000000000000e+00
1.22070312499998753e-04 4.20734927578497167e-05
0.00000000000000000e+00 0.00000000000000000e+00
1.22070312500001437e-04 -3.54169816126524153e-04
0.00000000000000000e+00 0.00000000000000000e+00
1.22070312500001979e-04 2.50473527164564089e-04
0.00000000000000000e+00 0.00000000000000000e+00
1.22070312500001816e-04 -5.94919605378391311e-05
0.00000000000000000e+00 0.00000000000000000e+00
1.22070312500002846e-04 1.66506565317677173e-05
0.00000000000000000e+00 0.00000000000000000e+00
1.22070312499999255e-04 -8.94929348005907115e-04
0.00000000000000000e+00 0.00000000000000000e+00
1.22070312500001409e-04 1.60631448513873015e-04
0.00000000000000000e+00 0.00000000000000000e+00
1.22070312499997696e-04 -9.27661509107341036e-05
0.00000000000000000e+00 0.00000000000000000e+00
1.22070312499999878e-04 7.12388016218620682e-05
0.00000000000000000e+00 0.00000000000000000e+00
1.22070312500000813e-04 -2.09171980081066699e-04
0.00000000000000000e+00 0.00000000000000000e+00
1.22070312499998482e-04 4.64225901656280422e-04
0.00000000000000000e+00 0.00000000000000000e+00
1.22070312499998780e-04 -3.20989439423406570e-05
0.00000000000000000e+00 0.00000000000000000e+00
1.22070312500001247e-04 -2.26550634291606351e-05
0.00000000000000000e+00 0.00000000000000000e+00
1.22070312499998618e-04 6.57740872827052145e-04
0.00000000000000000e+00 0.00000000000000000e+00
1.22070312499999837e-04 8.38529555955897009e-05
0.00000000000000000e+00 0.00000000000000000e+00
1.22070312500000352e-04 -1.77705855303583092e-04
0.00000000000000000e+00 0.00000000000000000e+00
1.22070312499998685e-04 2.59158595063343694e-05
0.00000000000000000e+00 0.00000000000000000e+00
1.22070312500001057e-04 -5.74982326563648659e-04
0.00000000000000000e+00 0.00000000000000000e+00
1.22070312499998943e-04 1.87871884245248872e-04
0.00000000000000000e+00 0.00000000000000000e+00
1.22070312500004364e-04 -7.93155466221614298e-05
0.00000000000000000e+00 0.00000000000000000e+00
1.22070312500000569e-04 1.56833446525396701e-06
0.00000000000000000e+00 0.00000000000000000e+00
1.22070312500002412e-04 -9.50126489213167814e-03
0.00000000000000000e+00 0.00000000000000000e+00
1.22070312500001572e-04 1.25247805208428243e-04
0.00000000000000000e+00 0.00000000000000000e+00
1.22070312499997954e-04 -1.18973431662536337e-04
0.00000000000000000e+00 0.00000000000000000e+00
1.22070312500002873e-04 5.24104276806043048e-05
0.00000000000000000e+00 0.00000000000000000e+00
1.22070312499998875e-04 -2.84316725760317465e-04
0.00000000000000000e+00 0.00000000000000000e+00
1.22070312499997018e-04 3.05755867014408567e-04
0.00000000000000000e+00 0.00000000000000000e+00
1.22070312500002250e-04 -4.87354873656301258e-05
0.00000000000000000e+00 0.00000000000000000e+00
1.22070312500000081e-04 -1.04413294893854407e-05
0.00000000000000000e+00 0.00000000000000000e+00
1.22070312499998591e-04 1.42713255136682005e-03
0.00000000000000000e+00 0.00000000000000000e+00
1.22070312500001301e-04 1.02833114401031247e-04
0.00000000000000000e+00 0.00000000000000000e+00
1.22070312500001518e-04 -1.44906252043825086e-04
0.00000000000000000e+00 0.00000000000000000e+00
1.22070312499999092e-04 3.87489767222164952e-05
0.00000000000000000e+00 0.00000000000000000e+00
1.22070312499999824e-04 -3.84556250366837379e-04
0.00000000000000000e+00 0.00000000000000000e+00
1.22070312499997737e-04 2.35609051488808104e-04
0.00000000000000000e+00 0.00000000000000000e+00
1.22070312499998496e-04 -6.32452832337620683e-05
0.00000000000000000e+00 0.00000000000000000e+00
1.22070312499999919e-04 1.36084309254475903e-05
0.00000000000000000e+00 0.00000000000000000e+00
1.22070312500000000e-04 -1.09499480693121473e-03
0.00000000000000000e+00 0.00000000000000000e+00
1.22070312499998170e-04 1.52702003405386680e-04
0.00000000000000000e+00 0.00000000000000000e+00
1.22070312499989388e-04 -9.75832723968247863e-05
0.00000000000000000e+00 0.00000000000000000e+00
1.22070312499997547e-04 6.72782954310635124e-05
0.00000000000000000e+00 0.00000000000000000e+00
1.22070312499999146e-04 -2.21485415145746066e-04
0.00000000000000000e+00 0.00000000000000000e+00
1.22070312499999214e-04 4.21846921833611804e-04
0.00000000000000000e+00 0.00000000000000000e+00
1.22070312500000461e-04 -3.53236219647592165e-05
0.00000000000000000e+00 0.00000000000000000e+00
1.22070312500001030e-04 -1.65076258121257397e-05
0.00000000000000000e+00 0.00000000000000000e+00
1.22070312500001301e-04 9.02683484799101190e-04
0.00000000000000000e+00 0.00000000000000000e+00
1.22070312500000163e-04 9.29878904916663361e-05
0.00000000000000000e+00 0.00000000000000000e+00
1.22070312499998848e-04 -1.60248405626357225e-04
0.00000000000000000e+00 0.00000000000000000e+00
1.22070312500000732e-04 3.22491403289217843e-05
0.00000000000000000e+00 0.00000000000000000e+00
1.22070312499998279e-04 -4.62063826876142234e-04
0.00000000000000000e+00 0.00000000000000000e+00
1.22070312500000596e-04 2.09725873937341347e-04
0.00000000000000000e+00 0.00000000000000000e+00
1.22070312500000596e-04 -7.10506572894258553e-05
0.00000000000000000e+00 0.00000000000000000e+00
1.22070312500001681e-04 7.57004236557321069e-06
0.00000000000000000e+00 0.00000000000000000e+00
1.22070312500000325e-04 -1.96843828267247644e-03
0.00000000000000000e+00 0.00000000000000000e+00
1.22070312499999241e-04 1.38211365025359964e-04
0.00000000000000000e+00 0.00000000000000000e+00
1.22070312500000623e-04 -1.07814297262121421e-04
0.00000000000000000e+00 0.00000000000000000e+00
1.22070312500000867e-04 5.96658553068493041e-05
0.00000000000000000e+00 0.00000000000000000e+00
1.22070312499999580e-04 -2.49743527805210586e-04
0.00000000000000000e+00 0.00000000000000000e+00
1.22070312499999932e-04 3.55496895487285899e-04
0.00000000000000000e+00 0.00000000000000000e+00
1.22070312500001247e-04 -4.19164312909731262e-05
0.00000000000000000e+00 0.00000000000000000e+00
1.22070312500002629e-04 -4.42580199709253791e-06
0.00000000000000000e+00 0.00000000000000000e+00
1.22070312499998184e-04 3.36688383340157755e-03
0.00000000000000000e+00 0.00000000000000000e+00
1.22070312500001220e-04 1.13528405343466774e-04
0.00000000000000000e+00 0.00000000000000000e+00
1.22070312500000623e-04 -1.31254915003570986e-04
0.00000000000000000e+00 0.00000000000000000e+00
1.22070312499998970e-04 4.54547468285548586e-05
0.00000000000000000e+00 0.00000000000000000e+00
1.22070312499999512e-04 -3.27824093929114484e-04
0.00000000000000000e+00 0.00000000000000000e+00
1.22070312499997804e-04 2.66914903839684397e-04
0.00000000000000000e+00 0.00000000000000000e+00
1.22070312500003280e-04 -5.58273853557340842e-05
0.00000000000000000e+00 0.00000000000000000e+00
1.22070312499999702e-04 1.97133242851720787e-05
0.00000000000000000e+00 0.00000000000000000e+00
1.22070312500002683e-04 -7.55892866078243823e-04
0.00000000000000000e+00 0.00000000000000000e+00
1.22070312499999566e-04 1.69090290283128178e-04
0.00000000000000000e+00 0.00000000000000000e+00
1.22070312499999729e-04 -8.81254693507045562e-05
0.00000000000000000e+00 0.00000000000000000e+00
1.22070312500001220e-04 7.53144358728918069e-05
0.00000000000000000e+00 0.00000000000000000e+00
1.22070312499998753e-04 -1.97852656282204947e-04
0.00000000000000000e+00 0.00000000000000000e+00
1.22070312500001247e-04 5.15332395728062913e-04
0.00000000000000000e+00 0.00000000000000000e+00
1.22070312500000651e-04 -2.89156306053627179e-05
0.00000000000000000e+00 0.00000000000000000e+00
1.22070312499999160e-04 -2.65525424962151145e-05
0.00000000000000000e+00 0.00000000000000000e+00
1.22070312499999892e-04 5.61195267683740309e-04
0.00000000000000000e+00 0.00000000000000000e+00
1.22070312500000271e-04 7.84528330717512045e-05
0.00000000000000000e+00 0.00000000000000000e+00
1.22070312500000705e-04 -1.89937834115176690e-04
0.00000000000000000e+00 0.00000000000000000e+00
1.22070312500000000e-04 2.20261046715065211e-05
0.00000000000000000e+00 0.00000000000000000e+00
1.22070312500000922e-04 -6.76522763152260392e-04
0.00000000000000000e+00 0.00000000000000000e+00
1.22070312500000271e-04 1.75821219999166639e-04
0.00000000000000000e+00 0.00000000000000000e+00
1.22070312499999770e-04 -8.47517790737583346e-05
0.00000000000000000e+00 0.00000000000000000e+00
1.22070312499998414e-04 -2.17705287372590165e-06
0.00000000000000000e+00 0.00000000000000000e+00
1.22070312499996273e-04 6.84464827367499678e-03
0.00000000000000000e+00 0.00000000000000000e+00
1.22070312500000867e-04 1.17792499061856822e-04
0.00000000000000000e+00 0.00000000000000000e+00
1.22070312499998170e-04 -1.26503481227805304e-04
0.00000000000000000e+00 0.00000000000000000e+00
1.22070312499999146e-04 4.80313064997843419e-05
0.00000000000000000e+00 0.00000000000000000e+00
1.22070312499999526e-04 -3.10238514830216768e-04
0.00000000000000000e+00 0.00000000000000000e+00
1.22070312500000190e-04 2.80451601254597300e-04
0.00000000000000000e+00 0.00000000000000000e+00
1.22070312500000352e-04 -5.31327370825732592e-05
0.00000000000000000e+00 0.00000000000000000e+00
1.22070312499999959e-04 -1.42249158478674095e-05
0.00000000000000000e+00 0.00000000000000000e+00
1.22070312499999309e-04 1.04753949711979336e-03
0.00000000000000000e+00 0.00000000000000000e+00
1.22070312500000569e-04 9.65897444143212888e-05
0.00000000000000000e+00 0.00000000000000000e+00
1.22070312500000623e-04 -1.54272705494791658e-04
0.00000000000000000e+00 0.00000000000000000e+00
1.22070312500000515e-04 3.46650333680321949e-05
0.00000000000000000e+00 0.00000000000000000e+00
1.22070312499999892e-04 -4.29861440940901220e-04
0.00000000000000000e+00 0.00000000000000000e+00
1.22070312499999783e-04 2.18896762757539719e-04
0.00000000000000000e+00 0.00000000000000000e+00
1.22070312499998943e-04 -6.80739221819966423e-05
0.00000000000000000e+00 0.00000000000000000e+00
1.22070312499998374e-04 9.82855928684076588e-06
0.00000000000000000e+00 0.00000000000000000e+00
1.22070312499998211e-04 -1.51610838974123576e-03
0.00000000000000000e+00 0.00000000000000000e+00
1.22070312500001681e-04 1.43448725955300119e-04
0.00000000000000000e+00 0.00000000000000000e+00
1.22070312500000081e-04 -1.03877961233974072e-04
0.00000000000000000e+00 0.00000000000000000e+00
1.22070312499998441e-04 6.24753302850404748e-05
0.00000000000000000e+00 0.00000000000000000e+00
1.22070312500000407e-04 -2.38512723756112926e-04
0.00000000000000000e+00 0.00000000000000000e+00
1.22070312499998604e-04 3.78010756073826398e-04
0.00000000000000000e+00 0.00000000000000000e+00
1.22070312500000786e-04 -3.94199396562597672e-05
0.00000000000000000e+00 0.00000000000000000e+00
1.22070312499999932e-04 -2.03382778543915377e-05
0.00000000000000000e+00 0.00000000000000000e+00
1.22070312499998414e-04 7.32665828470305670e-04
0.00000000000000000e+00 0.00000000000000000e+00
1.22070312500001057e-04 8.72030347997000259e-05
0.00000000000000000e+00 0.00000000000000000e+00
1.22070312499998658e-04 -1.70878929019786053e-04
0.00000000000000000e+00 0.00000000000000000e+00
1.22070312499996720e-04 2.82736620164788052e-05
0.00000000000000000e+00 0.00000000000000000e+00
1.22070312499999322e-04 -5.27033292863252414e-04
0.00000000000000000e+00 0.00000000000000000e+00
1.22070312500000840e-04 1.95663020556826667e-04
0.00000000000000000e+00 0.00000000000000000e+00
1.22070312500000352e-04 -7.61572685090969109e-05
0.00000000000000000e+00 0.00000000000000000e+00
1.22070312499999173e-04 3.81653317907015887e-06
0.00000000000000000e+00 0.00000000000000000e+00
1.22070312500001626e-04 -3.90437092898043804e-03
0.00000000000000000e+00 0.00000000000000000e+00
1.22070312499999228e-04 1.29949729132786915e-04
0.00000000000000000e+00 0.00000000000000000e+00
1.22070312499999824e-04 -1.14668659129109088e-04
0.00000000000000000e+00 0.00000000000000000e+00
1.22070312500000271e-04 5.50931912371140580e-05
0.00000000000000000e+00 0.00000000000000000e+00
1.22070312499999932e-04 -2.70471919655462291e-04
0.00000000000000000e+00 0.00000000000000000e+00
1.22070312499999932e-04 3.22892412468736762e-04
0.00000000000000000e+00 0.00000000000000000e+00
1.22070312500000759e-04 -4.61489976798086534e-05
0.00000000000000000e+00 0.00000000000000000e+00
1.22070312499999837e-04 -8.18115068201730419e-06
0.00000000000000000e+00 0.00000000000000000e+00
1.22070312499998699e-04 1.82140163077532048e-03
0.00000000000000000e+00 0.00000000000000000e+00
1.22070312500000488e-04 1.06735734354522491e-04
0.00000000000000000e+00 0.00000000000000000e+00
1.22070312500001084e-04 -1.39607988683090374e-04
0.00000000000000000e+00 0.00000000000000000e+00
1.22070312500001274e-04 4.12372578223368290e-05
0.00000000000000000e+00 0.00000000000000000e+00
1.22070312499999390e-04 -3.61351893427224499e-04
0.00000000000000000e+00 0.00000000000000000e+00
1.22070312499999973e-04 2.46619482863259852e-04
0.00000000000000000e+00 0.00000000000000000e+00
1.22070312500000732e-04 -6.04216707489803548e-05
0.00000000000000000e+00 0.00000000000000000e+00
1.22070312499998848e-04 1.58883351138928504e-05
0.00000000000000000e+00 0.00000000000000000e+00
1.22070312500000461e-04 -9.37868007379654843e-04
0.00000000000000000e+00 0.00000000000000000e+00
1.22070312499999864e-04 1.58601823406133853e-04
0.00000000000000000e+00 0.00000000000000000e+00
1.22070312500000786e-04 -9.39532779247422614e-05
0.00000000000000000e+00 0.00000000000000000e+00
1.22070312500000217e-04 7.02382621356809333e-05
0.00000000000000000e+00 0.00000000000000000e+00
1.22070312500000596e-04 -2.12151621363618350e-04
0.00000000000000000e+00 0.00000000000000000e+00
1.22070312499999173e-04 4.52908338319707936e-04
0.00000000000000000e+00 0.00000000000000000e+00
1.22070312499999688e-04 -3.29010528910353309e-05
0.00000000000000000e+00 0.00000000000000000e+00
1.22070312499999200e-04 -2.34307694240146285e-05
0.00000000000000000e+00 0.00000000000000000e+00
1.22070312499999146e-04 6.35965508609177507e-04
0.00000000000000000e+00 0.00000000000000000e+00
1.22070312499998672e-04 8.27551224287853608e-05
0.00000000000000000e+00 0.00000000000000000e+00
1.22070312500001653e-04 -1.80063309152498821e-04
0.00000000000000000e+00 0.00000000000000000e+00
1.22070312500001626e-04 2.51340941283238592e-05
0.00000000000000000e+00 0.00000000000000000e+00
1.22070312500000651e-04 -5.92866451353620764e-04
0.00000000000000000e+00 0.00000000000000000e+00
1.22070312499999024e-04 1.85372281076598465e-04
0.00000000000000000e+00 0.00000000000000000e+00
1.22070312500000027e-04 -8.03850559927601758e-05
0.00000000000000000e+00 0.00000000000000000e+00
1.22070312499999973e-04 8.19246423973569586e-07
0.00000000000000000e+00 0.00000000000000000e+00
1.22070312500007345e-04 -1.81888632744980384e-02
0.00000000000000000e+00 0.00000000000000000e+00
1.22070312500000136e-04 1.23719876008610187e-04
0.00000000000000000e+00 0.00000000000000000e+00
1.22070312500000190e-04 -1.20442742707005214e-04
0.00000000000000000e+00 0.00000000000000000e+00
1.22070312499999200e-04 5.15256614919547439e-05
0.00000000000000000e+00 0.00000000000000000e+00
1.22070312499998414e-04 -2.89198833404085060e-04
0.00000000000000000e+00 0.00000000000000000e+00
1.22070312499998726e-04 3.00390100328428225e-04
0.00000000000000000e+00 0.00000000000000000e+00
1.22070312499998509e-04 -4.96060328804312191e-05
0.00000000000000000e+00 0.00000000000000000e+00
1.22070312500001681e-04 -1.11962292316280498e-05
0.00000000000000000e+00 0.00000000000000000e+00
1.22070312499998089e-04 1.33090890562985258e-03
0.00000000000000000e+00 0.00000000000000000e+00
1.22070312500000922e-04 1.01559129672447213e-04
0.00000000000000000e+00 0.00000000000000000e+00
1.22070312500001464e-04 -1.46723994602037555e-04
0.00000000000000000e+00 0.00000000000000000e+00
1.22070312499999241e-04 3.79260823421211950e-05
0.00000000000000000e+00 0.00000000000000000e+00
1.22070312499999593e-04 -3.92900090745689076e-04
0.00000000000000000e+00 0.00000000000000000e+00
1.22070312499999824e-04 2.32111101148652185e-04
0.00000000000000000e+00 0.00000000000000000e+00
1.22070312500000325e-04 -6.41983994738109750e-05
0.00000000000000000e+00 0.00000000000000000e+00
1.22070312499999824e-04 1.28506170949293305e-05
0.00000000000000000e+00 0.00000000000000000e+00
1.22070312500002358e-04 -1.15956775334375524e-03
0.00000000000000000e+00 0.00000000000000000e+00
1.22070312500000298e-04 1.50795513367443291e-04
0.00000000000000000e+00 0.00000000000000000e+00
1.22070312499998116e-04 -9.88170062960569640e-05
0.00000000000000000e+00 0.00000000000000000e+00
1.22070312499999851e-04 6.63050403674607402e-05
0.00000000000000000e+00 0.00000000000000000e+00
1.22070312499999634e-04 -2.24736477216007499e-04
0.00000000000000000e+00 0.00000000000000000e+00
1.22070312499999011e-04 4.12354092654190069e-04
0.00000000000000000e+00 0.00000000000000000e+00
1.22070312499999011e-04 -3.61368092600540164e-05
0.00000000000000000e+00 0.00000000000000000e+00
1.22070312500001952e-04 -1.72709802825285983e-05
0.00000000000000000e+00 0.00000000000000000e+00
1.22070312499996409e-04 8.62786069469582799e-04
0.00000000000000000e+00 0.00000000000000000e+00
1.22070312499999593e-04 9.18097354927270939e-05
0.00000000000000000e+00 0.00000000000000000e+00
1.22070312499998807e-04 -1.62304804756006866e-04
0.00000000000000000e+00 0.00000000000000000e+00
1.22070312499999038e-04 3.14491365970859474e-05
0.00000000000000000e+00 0.00000000000000000e+00
1.22070312500000054e-04 -4.73817815247368549e-04
0.00000000000000000e+00 0.00000000000000000e+00
1.22070312499999797e-04 2.06796777236552845e-04
0.00000000000000000e+00 0.00000000000000000e+00
1.22070312500000325e-04 -7.20570281267134333e-05
0.00000000000000000e+00 0.00000000000000000e+00
1.22070312500000569e-04 6.81842438512195121e-06
0.00000000000000000e+00 0.00000000000000000e+00
1.22070312500000732e-04 -2.18542589199470548e-03
0.00000000000000000e+00 0.00000000000000000e+00
1.22070312499997832e-04 1.36513931759746642e-04
0.00000000000000000e+00 0.00000000000000000e+00
1.22070312499999349e-04 -1.09154875269962417e-04
0.00000000000000000e+00 0.00000000000000000e+00
1.22070312499998089e-04 5.87406585913410800e-05
0.00000000000000000e+00 0.00000000000000000e+00
1.22070312499999553e-04 -2.53677121625672374e-04
0.00000000000000000e+00 0.00000000000000000e+00
1.22070312499999485e-04 3.48520012068638952e-04
0.00000000000000000e+00 0.00000000000000000e+00
1.22070312499999078e-04 -4.27555396472114045e-05
0.00000000000000000e+00 0.00000000000000000e+00
1.22070312500001870e-04 -5.17597694237110258e-06
0.00000000000000000e+00 0.00000000000000000e+00
1.22070312499998048e-04 2.87890795491465516e-03
0.00000000000000000e+00 0.00000000000000000e+00
1.22070312500001626e-04 1.12139443385986284e-04
0.00000000000000000e+00 0.00000000000000000e+00
1.22070312500000434e-04 -1.32880641671793921e-04
0.00000000000000000e+00 0.00000000000000000e+00
1.22070312500000922e-04 4.46038110920666994e-05
0.00000000000000000e+00 0.00000000000000000e+00
1.22070312500000542e-04 -3.34078206077289966e-04
0.00000000000000000e+00 0.00000000000000000e+00
1.22070312499998455e-04 2.62642070866301593e-04
0.00000000000000000e+00 0.00000000000000000e+00
1.22070312500001193e-04 -5.67356217710943939e-05
0.00000000000000000e+00 0.00000000000000000e+00
1.22070312500001572e-04 1.89455274742746899e-05
0.00000000000000000e+00 0.00000000000000000e+00
1.22070312499999038e-04 -7.86526593893029438e-04
0.00000000000000000e+00 0.00000000000000000e+00
1.22070312500000678e-04 1.66922507026952038e-04
0.00000000000000000e+00 0.00000000000000000e+00
1.22070312499999295e-04 -8.92699340505466677e-05
0.00000000000000000e+00 0.00000000000000000e+00
1.22070312499999864e-04 7.42841900063782076e-05
0.00000000000000000e+00 0.00000000000000000e+00
1.22070312500003226e-04 -2.00596670604716982e-04
0.00000000000000000e+00 0.00000000000000000e+00
1.22070312499998374e-04 5.01590299253403091e-04
0.00000000000000000e+00 0.00000000000000000e+00
1.22070312500002114e-04 -2.97078336961982741e-05
0.00000000000000000e+00 0.00000000000000000e+00
1.22070312500001952e-04 -2.49877347521621343e-05
0.00000000000000000e+00 0.00000000000000000e+00
1.22070312499998604e-04 5.96339017587756864e-04
0.00000000000000000e+00 0.00000000000000000e+00
1.22070312500001897e-04 8.05865494981276680e-05
0.00000000000000000e+00 0.00000000000000000e+00
1.22070312500000217e-04 -1.84908787963358122e-04
0.00000000000000000e+00 0.00000000000000000e+00
1.22070312500000732e-04 2.35764159990975988e-05
0.00000000000000000e+00 0.00000000000000000e+00
1.22070312500003822e-04 -6.32036743600832918e-04
0.00000000000000000e+00 0.00000000000000000e+00
1.22070312499998225e-04 1.80510085336347111e-04
0.00000000000000000e+00 0.00000000000000000e+00
1.22070312499998956e-04 -8.25502972096108726e-05
0.00000000000000000e+00 0.00000000000000000e+00
1.22070312500001816e-04 -6.78800985237810366e-07
0.00000000000000000e+00 0.00000000000000000e+00
1.22070312499990771e-04 2.19521796785803434e-02
0.00000000000000000e+00 0.00000000000000000e+00
1.22070312500001572e-04 1.20720218050596143e-04
0.00000000000000000e+00 0.00000000000000000e+00
1.22070312499997994e-04 -1.23435505953130520e-04
0.00000000000000000e+00 0.00000000000000000e+00
1.22070312500000407e-04 4.97697417288455840e-05
0.00000000000000000e+00 0.00000000000000000e+00
1.22070312499999038e-04 -2.99402019705700387e-04
0.00000000000000000e+00 0.00000000000000000e+00
1.22070312500001572e-04 2.90130062543037578e-04
0.00000000000000000e+00 0.00000000000000000e+00
1.22070312499998970e-04 -5.13602798111887349e-05
0.00000000000000000e+00 0.00000000000000000e+00
1.22070312500000949e-04 -1.27086377000261815e-05
0.00000000000000000e+00 0.00000000000000000e+00
1.22070312500001057e-04 1.17252230692014669e-03
0.00000000000000000e+00 0.00000000000000000e+00
1.22070312499998780e-04 9.90496943220255940e-05
0.00000000000000000e+00 0.00000000000000000e+00
1.22070312499997859e-04 -1.50441263810483514e-04
0.00000000000000000e+00 0.00000000000000000e+00
1.22070312500001409e-04 3.62896090290566083e-05
0.00000000000000000e+00 0.00000000000000000e+00
1.22070312499999255e-04 -4.10617848814978485e-04
0.00000000000000000e+00 0.00000000000000000e+00
1.22070312499999431e-04 2.25354238498116233e-04
0.00000000000000000e+00 0.00000000000000000e+00
1.22070312499999675e-04 -6.61232790346306238e-05
0.00000000000000000e+00 0.00000000000000000e+00
1.22070312499999322e-04 1.13378658237166014e-05
0.00000000000000000e+00 0.00000000000000000e+00
1.22070312500000542e-04 -1.31428272529705370e-03
0.00000000000000000e+00 0.00000000000000000e+00
1.22070312500000461e-04 1.47067806292046604e-04
0.00000000000000000e+00 0.00000000000000000e+00
1.22070312500001166e-04 -1.01321707106019978e-04
0.00000000000000000e+00 0.00000000000000000e+00
1.22070312499999837e-04 6.43777918359305485e-05
0.00000000000000000e+00 0.00000000000000000e+00
1.22070312499999268e-04 -2.31464310422822313e-04
0.00000000000000000e+00 0.00000000000000000e+00
1.22070312500000163e-04 3.94501368623579099e-04
0.00000000000000000e+00 0.00000000000000000e+00
1.22070312500002223e-04 -3.77721406793537018e-05
0.00000000000000000e+00 0.00000000000000000e+00
1.22070312500000081e-04 -1.88017300873714336e-05
0.00000000000000000e+00 0.00000000000000000e+00
1.22070312499999200e-04 7.92542022707559170e-04
0.00000000000000000e+00 0.00000000000000000e+00
1.22070312499999986e-04 8.94856629818719854e-05
0.00000000000000000e+00 0.00000000000000000e+00
1.22070312500001301e-04 -1.66520096038920358e-04
0.00000000000000000e+00 0.00000000000000000e+00
1.22070312500000136e-04 2.98566334483881104e-05
0.00000000000000000e+00 0.00000000000000000e+00
1.22070312500001111e-04 -4.99090469111567511e-04
0.00000000000000000e+00 0.00000000000000000e+00
1.22070312499998455e-04 2.01117339204196584e-04
0.00000000000000000e+00 0.00000000000000000e+00
1.22070312500002792e-04 -7.40918771738431972e-05
0.00000000000000000e+00 0.00000000000000000e+00
1.22070312499997967e-04 5.31667650047574044e-06
0.00000000000000000e+00 0.00000000000000000e+00
1.22070312500001789e-04 -2.80272105939004734e-03
0.00000000000000000e+00 0.00000000000000000e+00
1.22070312499999729e-04 1.33187882523723748e-04
0.00000000000000000e+00 0.00000000000000000e+00
1.22070312500000244e-04 -1.11880757554601602e-04
0.00000000000000000e+00 0.00000000000000000e+00
1.22070312500000623e-04 5.69064910572783704e-05
0.00000000000000000e+00 0.00000000000000000e+00
1.22070312500001382e-04 -2.61853453217648999e-04
0.00000000000000000e+00 0.00000000000000000e+00
1.22070312499998523e-04 3.35274295717787269e-04
0.00000000000000000e+00 0.00000000000000000e+00
1.22070312499999200e-04 -4.44446871835061467e-05
0.00000000000000000e+00 0.00000000000000000e+00
1.22070312500000352e-04 -6.67755507340601783e-06
0.00000000000000000e+00 0.00000000000000000e+00
1.22070312500000407e-04 2.23152950893559018e-03
0.00000000000000000e+00 0.00000000000000000e+00
1.22070312500000596e-04 1.09407870008176048e-04
0.00000000000000000e+00 0.00000000000000000e+00
1.22070312500000922e-04 -1.36198256969393192e-04
0.00000000000000000e+00 0.00000000000000000e+00
1.22070312499999553e-04 4.29132722475850450e-05
0.00000000000000000e+00 0.00000000000000000e+00
1.22070312499998984e-04 -3.47238987226984228e-04
0.00000000000000000e+00 0.00000000000000000e+00
1.22070312500001166e-04 2.54425856288811305e-04
0.00000000000000000e+00 0.00000000000000000e+00
1.22070312500000407e-04 -5.85677942140154327e-05
0.00000000000000000e+00 0.00000000000000000e+00
1.22070312499998699e-04 1.74142550894085396e-05
0.00000000000000000e+00 0.00000000000000000e+00
1.22070312500001952e-04 -8.55687545481624871e-04
0.00000000000000000e+00 0.00000000000000000e+00
1.22070312500003713e-04 1.62694116096558431e-04
0.00000000000000000e+00 0.00000000000000000e+00
1.22070312500000732e-04 -9.15900436436446020e-05
0.00000000000000000e+00 0.00000000000000000e+00
1.22070312499998862e-04 7.22465325187881386e-05
0.00000000000000000e+00 0.00000000000000000e+00
1.22070312500001247e-04 -2.06254344317116601e-04
0.00000000000000000e+00 0.00000000000000000e+00
1.22070312499999743e-04 4.76084271494493436e-04
0.00000000000000000e+00 0.00000000000000000e+00
1.22070312500000027e-04 -3.12994192122147258e-05
0.00000000000000000e+00 0.00000000000000000e+00
1.22070312500000623e-04 -2.18811221447091244e-05
0.00000000000000000e+00 0.00000000000000000e+00
1.22070312500002521e-04 6.81005347682798502e-04
0.00000000000000000e+00 0.00000000000000000e+00
1.22070312499999892e-04 8.49600825860316139e-05
0.00000000000000000e+00 0.00000000000000000e+00
1.22070312500000705e-04 -1.75390144880785008e-04
0.00000000000000000e+00 0.00000000000000000e+00
1.22070312499997506e-04 2.66996643362561823e-05
0.00000000000000000e+00 0.00000000000000000e+00
1.22070312500000407e-04 -5.58102941152398410e-04
0.00000000000000000e+00 0.00000000000000000e+00
1.22070312499999349e-04 1.90419147952523707e-04
0.00000000000000000e+00 0.00000000000000000e+00
1.22070312499999648e-04 -7.82545314064894096e-05
0.00000000000000000e+00 0.00000000000000000e+00
1.22070312499999282e-04 2.31754062317427864e-06
0.00000000000000000e+00 0.00000000000000000e+00
1.22070312500000515e-04 -6.42973031188483635e-03
0.00000000000000000e+00 0.00000000000000000e+00
1.22070312500000949e-04 1.26795095127884297e-04
0.00000000000000000e+00 0.00000000000000000e+00
1.22070312499999295e-04 -1.17521590080579941e-04
0.00000000000000000e+00 0.00000000000000000e+00
1.22070312500001166e-04 5.32998679602990984e-05
0.00000000000000000e+00 0.00000000000000000e+00
1.22070312499998672e-04 -2.79572197157165823e-04
0.00000000000000000e+00 0.00000000000000000e+00
1.22070312499999729e-04 3.11289142817907315e-04
0.00000000000000000e+00 0.00000000000000000e+00
1.22070312500000705e-04 -4.78691966541352015e-05
0.00000000000000000e+00 0.00000000000000000e+00
1.22070312499999404e-04 -9.68722174225479732e-06
0.00000000000000000e+00 0.00000000000000000e+00
1.22070312499998970e-04 1.53822856442429961e-03
0.00000000000000000e+00 0.00000000000000000e+00
1.22070312500000732e-04 1.04120338069551573e-04
0.00000000000000000e+00 0.00000000000000000e+00
1.22070312499999566e-04 -1.43114798416173628e-04
0.00000000000000000e+00 0.00000000000000000e+00
1.22070312500000569e-04 3.95750829605057743e-05
0.00000000000000000e+00 0.00000000000000000e+00
1.22070312500000352e-04 -3.76528868144592344e-04
0.00000000000000000e+00 0.00000000000000000e+00
1.22070312499998862e-04 2.39190848346004683e-04
0.00000000000000000e+00 0.00000000000000000e+00
1.22070312500002494e-04 -6.22982078824865668e-05
0.00000000000000000e+00 0.00000000000000000e+00
1.22070312499999444e-04 1.43672822200250865e-05
0.00000000000000000e+00 0.00000000000000000e+00
1.22070312499999743e-04 -1.03715935732645050e-03
0.00000000000000000e+00 0.00000000000000000e+00
1.22070312499997588e-04 1.54637987259286994e-04
0.00000000000000000e+00 0.00000000000000000e+00
1.22070312499998455e-04 -9.63615826741356062e-05
0.00000000000000000e+00 0.00000000000000000e+00
1.22070312499999810e-04 6.82581555756597456e-05
0.00000000000000000e+00 0.00000000000000000e+00
1.22070312500000596e-04 -2.18305945541274690e-04
0.00000000000000000e+00 0.00000000000000000e+00
1.22070312500000976e-04 4.31751055961347339e-04
0.00000000000000000e+00 0.00000000000000000e+00
1.22070312499997669e-04 -3.45133173112170558e-05
0.00000000000000000e+00 0.00000000000000000e+00
1.22070312500000569e-04 -1.57455371150894479e-05
0.00000000000000000e+00 0.00000000000000000e+00
1.22070312500001003e-04 9.46373634950047971e-04
0.00000000000000000e+00 0.00000000000000000e+00
1.22070312500000569e-04 9.41771109344690792e-05
0.00000000000000000e+00 0.00000000000000000e+00
1.22070312500000840e-04 -1.58224870629300582e-04
0.00000000000000000e+00 0.00000000000000000e+00
1.22070312499999444e-04 3.30517419464374063e-05
0.00000000000000000e+00 0.00000000000000000e+00
1.22070312500000596e-04 -4.50843444741765855e-04
0.00000000000000000e+00 0.00000000000000000e+00
1.22070312500002033e-04 2.12717386318002317e-04
0.00000000000000000e+00 0.00000000000000000e+00
1.22070312500000678e-04 -7.00514492575177270e-05
0.00000000000000000e+00 0.00000000000000000e+00
1.22070312499999553e-04 8.32223257001837628e-06
0.00000000000000000e+00 0.00000000000000000e+00
1.22070312499999255e-04 -1.79052448588544509e-03
0.00000000000000000e+00 0.00000000000000000e+00
1.22070312500000922e-04 1.39932548612379187e-04
0.00000000000000000e+00 0.00000000000000000e+00
1.22070312499998726e-04 -1.06488171205433430e-04
0.00000000000000000e+00 0.00000000000000000e+00
1.22070312499999851e-04 6.05966183624161698e-05
0.00000000000000000e+00 0.00000000000000000e+00
1.22070312499999417e-04 -2.45907471349753623e-04
0.00000000000000000e+00 0.00000000000000000e+00
1.22070312500000542e-04 3.62727661752122038e-04
0.00000000000000000e+00 0.00000000000000000e+00
1.22070312499998875e-04 -4.10808514626891870e-05
0.00000000000000000e+00 0.00000000000000000e+00
1.22070312500001057e-04 -3.67596075721049011e-06
0.00000000000000000e+00 0.00000000000000000e+00
1.22070312499999051e-04 4.05367798462331723e-03
0.00000000000000000e+00 0.00000000000000000e+00
1.22070312500000054e-04 1.14933310873674207e-04
0.00000000000000000e+00 0.00000000000000000e+00
1.22070312499999580e-04 -1.29650499760039240e-04
0.00000000000000000e+00 0.00000000000000000e+00
1.22070312500000569e-04 4.63095799628190143e-05
0.00000000000000000e+00 0.00000000000000000e+00
1.22070312499998740e-04 -3.21772756432062775e-04
0.00000000000000000e+00 0.00000000000000000e+00
1.22070312499998902e-04 2.71303951312321697e-04
0.00000000000000000e+00 0.00000000000000000e+00
1.22070312500000867e-04 -5.49242321085614610e-05
0.00000000000000000e+00 0.00000000000000000e+00
1.22070312500001003e-04 2.04826442438165159e-05
0.00000000000000000e+00 0.00000000000000000e+00
1.22070312500000298e-04 -7.27501831134294932e-04
0.00000000000000000e+00 0.00000000000000000e+00
1.22070312499999892e-04 1.71295239631184760e-04
0.00000000000000000e+00 0.00000000000000000e+00
1.22070312499999322e-04 -8.69910992619029721e-05
0.00000000000000000e+00 0.00000000000000000e+00
1.22070312499999756e-04 7.63525119179706636e-05
0.00000000000000000e+00 0.00000000000000000e+00
1.22070312500001057e-04 -1.95162684495001748e-04
0.00000000000000000e+00 0.00000000000000000e+00
1.22070312500001735e-04 5.29805368488248649e-04
0.00000000000000000e+00 0.00000000000000000e+00
1.22070312500002711e-04 -2.81257270691072849e-05
0.00000000000000000e+00 0.00000000000000000e+00
1.22070312500005800e-04 -2.75347668305238140e-05
0.00000000000000000e+00 0.00000000000000000e+00
1.22070312499999173e-04 5.41176225880676668e-04
0.00000000000000000e+00 0.00000000000000000e+00
1.22070312499998130e-04 7.71363088330405768e-05
0.00000000000000000e+00 0.00000000000000000e+00
1.22070312500000623e-04 -1.93179598807364210e-04
0.00000000000000000e+00 0.00000000000000000e+00
1.22070312499998238e-04 2.10606714432670835e-05
0.00000000000000000e+00 0.00000000000000000e+00
1.22070312499999322e-04 -7.07534953668970189e-04
0.00000000000000000e+00 0.00000000000000000e+00
1.22070312500000922e-04 1.72974022633870284e-04
0.00000000000000000e+00 0.00000000000000000e+00
1.22070312500000922e-04 -8.61468153827294462e-05
0.00000000000000000e+00 0.00000000000000000e+00
1.22070312500001545e-04 -3.11376473912863957e-06
0.00000000000000000e+00 0.00000000000000000e+00
1.22070312500002792e-04 4.78557708827837252e-03
0.00000000000000000e+00 0.00000000000000000e+00
1.22070312500000894e-04 1.15997683406278732e-04
0.00000000000000000e+00 0.00000000000000000e+00
1.22070312499999078e-04 -1.28460851598707432e-04
0.00000000000000000e+00 0.00000000000000000e+00
1.22070312499999024e-04 4.69533175616118021e-05
0.00000000000000000e+00 0.00000000000000000e+00
1.22070312500001789e-04 -3.17361199755366110e-04
0.00000000000000000e+00 0.00000000000000000e+00
1.22070312499997791e-04 2.74675089950395814e-04
0.00000000000000000e+00 0.00000000000000000e+00
1.22070312499999471e-04 -5.42501367580856610e-05
0.00000000000000000e+00 0.00000000000000000e+00
1.22070312499999539e-04 -1.51747649127414390e-05
0.00000000000000000e+00 0.00000000000000000e+00
1.22070312500000379e-04 9.81969821577831229e-04
0.00000000000000000e+00 0.00000000000000000e+00
1.22070312500000434e-04 9.50764365820850547e-05
0.00000000000000000e+00 0.00000000000000000e+00
1.22070312499999783e-04 -1.56728225515505298e-04
0.00000000000000000e+00 0.00000000000000000e+00
1.22070312499999837e-04 3.36554421488984018e-05
0.00000000000000000e+00 0.00000000000000000e+00
1.22070312499998076e-04 -4.42756363975849610e-04
0.00000000000000000e+00 0.00000000000000000e+00
1.22070312500000732e-04 2.15003329856196896e-04
0.00000000000000000e+00 0.00000000000000000e+00
1.22070312500001762e-04 -6.93066530821378113e-05
0.00000000000000000e+00 0.00000000000000000e+00
1.22070312500000732e-04 8.88678524470608204e-06
0.00000000000000000e+00 0.00000000000000000e+00
1.22070312499999512e-04 -1.67677746041248457e-03
0.00000000000000000e+00 0.00000000000000000e+00
1.22070312499999797e-04 1.41239403236934221e-04
0.00000000000000000e+00 0.00000000000000000e+00
1.22070312499997845e-04 -1.05502861470252779e-04
0.00000000000000000e+00 0.00000000000000000e+00
1.22070312500001220e-04 6.12984163331485474e-05
0.00000000000000000e+00 0.00000000000000000e+00
1.22070312500000623e-04 -2.43092107190216267e-04
0.00000000000000000e+00 0.00000000000000000e+00
1.22070312500000379e-04 3.68326141575923277e-04
0.00000000000000000e+00 0.00000000000000000e+00
1.22070312500000542e-04 -4.04564311674741745e-05
0.00000000000000000e+00 0.00000000000000000e+00
1.22070312500001166e-04 -2.13017856935915589e-05
0.00000000000000000e+00 0.00000000000000000e+00
1.22070312500001111e-04 6.99526387514559731e-04
0.00000000000000000e+00 0.00000000000000000e+00
1.22070312500001193e-04 8.57966488068916382e-05
0.00000000000000000e+00 0.00000000000000000e+00
1.22070312499999024e-04 -1.73679991014413776e-04
0.00000000000000000e+00 0.00000000000000000e+00
1.22070312500001057e-04 2.72888967764306213e-05
0.00000000000000000e+00 0.00000000000000000e+00
1.22070312499997791e-04 -5.46052166048663096e-04
0.00000000000000000e+00 0.00000000000000000e+00
1.22070312499998631e-04 1.92361817049674198e-04
0.00000000000000000e+00 0.00000000000000000e+00
1.22070312499999282e-04 -7.74642360027200138e-05
0.00000000000000000e+00 0.00000000000000000e+00
1.22070312499999783e-04 2.87955671768720623e-06
0.00000000000000000e+00 0.00000000000000000e+00
1.22070312499996720e-04 -5.17481079720369733e-03
0.00000000000000000e+00 0.00000000000000000e+00
1.22070312500002656e-04 1.27968561673475693e-04
0.00000000000000000e+00 0.00000000000000000e+00
1.22070312499999892e-04 -1.16443921842846479e-04
0.00000000000000000e+00 0.00000000000000000e+00
1.22070312500001437e-04 5.39700784257150798e-05
0.00000000000000000e+00 0.00000000000000000e+00
1.22070312499999106e-04 -2.76100417648223395e-04
0.00000000000000000e+00 0.00000000000000000e+00
1.22070312500000867e-04 3.15554062699457884e-04
0.00000000000000000e+00 0.00000000000000000e+00
1.22070312500001030e-04 -4.72222131015336688e-05
0.00000000000000000e+00 0.00000000000000000e+00
1.22070312499997154e-04 -9.12212581342323591e-06
0.00000000000000000e+00 0.00000000000000000e+00
1.22070312499999946e-04 1.63351849104268116e-03
0.00000000000000000e+00 0.00000000000000000e+00
1.22070312500001247e-04 1.05094627574489819e-04
0.00000000000000000e+00 0.00000000000000000e+00
1.22070312499998414e-04 -1.41788039386560804e-04
0.00000000000000000e+00 0.00000000000000000e+00
1.22070312500001111e-04 4.01968193548651645e-05
0.00000000000000000e+00 0.00000000000000000e+00
1.22070312499998658e-04 -3.70704981961322171e-04
0.00000000000000000e+00 0.00000000000000000e+00
1.22070312500000136e-04 2.41934217450437015e-04
0.00000000000000000e+00 0.00000000000000000e+00
1.22070312499997113e-04 -6.15917886724758106e-05
0.00000000000000000e+00 0.00000000000000000e+00
1.22070312499999187e-04 1.49371372433372591e-05
0.00000000000000000e+00 0.00000000000000000e+00
1.22070312499998347e-04 -9.97591503050160268e-04
0.00000000000000000e+00 0.00000000000000000e+00
1.22070312499998523e-04 1.56109833998008111e-04
0.00000000000000000e+00 0.00000000000000000e+00
1.22070312500000217e-04 -9.54530589920264558e-05
0.00000000000000000e+00 0.00000000000000000e+00
1.22070312499999837e-04 6.89974705853177466e-05
0.00000000000000000e+00 0.00000000000000000e+00
1.22070312500003740e-04 -2.15966774831573413e-04
0.00000000000000000e+00 0.00000000000000000e+00
1.22070312500000190e-04 4.39465895333099646e-04
0.00000000000000000e+00 0.00000000000000000e+00
1.22070312499998929e-04 -3.39074348023153264e-05
0.00000000000000000e+00 0.00000000000000000e+00
1.22070312500009893e-04 -2.44029820966648203e-05
0.00000000000000000e+00 0.00000000000000000e+00
1.22070312499996449e-04 6.10628698362450438e-04
0.00000000000000000e+00 0.00000000000000000e+00
1.22070312500002575e-04 8.13955989465968573e-05
0.00000000000000000e+00 0.00000000000000000e+00
1.22070312500004743e-04 -1.83070846417938662e-04
0.00000000000000000e+00 0.00000000000000000e+00
1.22070312499996531e-04 2.41596539994955911e-05
0.00000000000000000e+00 0.00000000000000000e+00
1.22070312500006885e-04 -6.16778749983687359e-04
0.00000000000000000e+00 0.00000000000000000e+00
1.22070312500003930e-04 1.82312507962214296e-04
0.00000000000000000e+00 0.00000000000000000e+00
1.22070312500000949e-04 -8.17341682170047521e-05
0.00000000000000000e+00 0.00000000000000000e+00
1.22070312500015423e-04 -1.17033482201887088e-07
0.00000000000000000e+00 0.00000000000000000e+00
1.22070312499966363e-04 1.27323915462365100e-01
0.00000000000000000e+00 0.00000000000000000e+00
1.22070312499992194e-04 1.21836469729611019e-04
0.00000000000000000e+00 0.00000000000000000e+00
1.22070312499989592e-04 -1.22304604088725873e-04
0.00000000000000000e+00 0.00000000000000000e+00
1.22070312499999566e-04 5.04261201765109085e-05
0.00000000000000000e+00 0.00000000000000000e+00
1.22070312500000651e-04 -2.95504812618703808e-04
0.00000000000000000e+00 0.00000000000000000e+00
1.22070312499996151e-04 2.93906494847208594e-04
0.00000000000000000e+00 0.00000000000000000e+00
1.22070312499999458e-04 -5.07003467262406811e-05
0.00000000000000000e+00 0.00000000000000000e+00
1.22070312499999729e-04 -1.21410563179147748e-05
0.00000000000000000e+00 0.00000000000000000e+00
1.22070312500007210e-04 1.22733646922128540e-03
0.00000000000000000e+00 0.00000000000000000e+00
1.22070312499996246e-04 9.99848133077722954e-05
0.00000000000000000e+00 0.00000000000000000e+00
1.22070312499998333e-04 -1.49034245310630868e-04
0.00000000000000000e+00 0.00000000000000000e+00
1.22070312500002033e-04 3.69018588110535135e-05
0.00000000000000000e+00 0.00000000000000000e+00
1.22070312500003280e-04 -4.03805165212549940e-04
0.00000000000000000e+00 0.00000000000000000e+00
1.22070312500001274e-04 2.27851766589753479e-04
0.00000000000000000e+00 0.00000000000000000e+00
1.22070312500001057e-04 -6.53984887493846322e-05
0.00000000000000000e+00 0.00000000000000000e+00
1.22070312499998834e-04 1.19047187715915824e-05
0.00000000000000000e+00 0.00000000000000000e+00
1.22070312499989185e-04 -1.25170207543338278e-03
0.00000000000000000e+00 0.00000000000000000e+00
1.22070312499999661e-04 1.48452646430037409e-04
0.00000000000000000e+00 0.00000000000000000e+00
1.22070312499999932e-04 -1.00376527816695545e-04
0.00000000000000000e+00 0.00000000000000000e+00
1.22070312499993983e-04 6.50975482699390557e-05
0.00000000000000000e+00 0.00000000000000000e+00
1.22070312499999675e-04 -2.28905106104099741e-04
0.00000000000000000e+00 0.00000000000000000e+00
1.22070312499998509e-04 4.01027395509254072e-04
0.00000000000000000e+00 0.00000000000000000e+00
1.22070312500002358e-04 -3.71574644543309286e-05
0.00000000000000000e+00 0.00000000000000000e+00
1.22070312500000190e-04 -1.82270460024634659e-05
0.00000000000000000e+00 0.00000000000000000e+00
1.22070312500000244e-04 8.17530234566338698e-04
0.00000000000000000e+00 0.00000000000000000e+00
1.22070312500001491e-04 9.03522356206861750e-05
0.00000000000000000e+00 0.00000000000000000e+00
1.22070312499999485e-04 -1.64922993786287438e-04
0.00000000000000000e+00 0.00000000000000000e+00
1.22070312499999553e-04 3.04526747718634382e-05
0.00000000000000000e+00 0.00000000000000000e+00
1.22070312499998062e-04 -4.89321916891712104e-04
0.00000000000000000e+00 0.00000000000000000e+00
1.22070312499999417e-04 2.03219916834766561e-04
0.00000000000000000e+00 0.00000000000000000e+00
1.22070312499995270e-04 -7.33252991436035312e-05
0.00000000000000000e+00 0.00000000000000000e+00
1.22070312500001518e-04 5.87961949244802832e-06
0.00000000000000000e+00 0.00000000000000000e+00
1.22070312499997384e-04 -2.53437509229839826e-03
0.00000000000000000e+00 0.00000000000000000e+00
1.22070312500000136e-04 1.34424606467028844e-04
0.00000000000000000e+00 0.00000000000000000e+00
1.22070312500000488e-04 -1.10851439966852880e-04
0.00000000000000000e+00 0.00000000000000000e+00
1.22070312500000027e-04 5.75918095386408459e-05
0.00000000000000000e+00 0.00000000000000000e+00
1.22070312499999688e-04 -2.58737506482587464e-04
0.00000000000000000e+00 0.00000000000000000e+00
1.22070312499999512e-04 3.40135244684766083e-04
0.00000000000000000e+00 0.00000000000000000e+00
1.22070312499999295e-04 -4.38095182040277030e-05
0.00000000000000000e+00 0.00000000000000000e+00
1.22070312499998780e-04 -6.11425136566329935e-06
0.00000000000000000e+00 0.00000000000000000e+00
1.22070312500001247e-04 2.43711949389682813e-03
0.00000000000000000e+00 0.00000000000000000e+00
1.22070312499998875e-04 1.10425094816962767e-04
0.00000000000000000e+00 0.00000000000000000e+00
1.22070312500001599e-04 -1.34943612396684767e-04
0.00000000000000000e+00 0.00000000000000000e+00
1.22070312499999715e-04 4.35454848008372556e-05
0.00000000000000000e+00 0.00000000000000000e+00
1.22070312500002900e-04 -3.42197618467230747e-04
0.00000000000000000e+00 0.00000000000000000e+00
1.22070312499999566e-04 2.57457070888489792e-04
0.00000000000000000e+00 0.00000000000000000e+00
1.22070312500000813e-04 -5.78782363305197737e-05
0.00000000000000000e+00 0.00000000000000000e+00
1.22070312500000596e-04 1.79878287255189803e-05
0.00000000000000000e+00 0.00000000000000000e+00
1.22070312499999837e-04 -8.28402439295503187e-04
0.00000000000000000e+00 0.00000000000000000e+00
1.22070312500001545e-04 1.64263384649927601e-04
0.00000000000000000e+00 0.00000000000000000e+00
1.22070312499997005e-04 -9.07150502566647030e-05
0.00000000000000000e+00 0.00000000000000000e+00
1.22070312499999349e-04 7.30071428831827575e-05
0.00000000000000000e+00 0.00000000000000000e+00
1.22070312500000894e-04 -2.04105524546968820e-04
0.00000000000000000e+00 0.00000000000000000e+00
1.22070312500003334e-04 4.85357267504542777e-04
0.00000000000000000e+00 0.00000000000000000e+00
1.22070312500000352e-04 -3.07014279820365594e-05
0.00000000000000000e+00 0.00000000000000000e+00
1.22070312499998807e-04 -2.59647868642361432e-05
0.00000000000000000e+00 0.00000000000000000e+00
1.22070312500000027e-04 5.73898845068981467e-04
0.00000000000000000e+00 0.00000000000000000e+00
1.22070312500001193e-04 7.92489862047449409e-05
0.00000000000000000e+00 0.00000000000000000e+00
1.22070312500001301e-04 -1.88029675929853957e-04
0.00000000000000000e+00 0.00000000000000000e+00
1.22070312500001599e-04 2.26066410662182814e-05
0.00000000000000000e+00 0.00000000000000000e+00
1.22070312500002467e-04 -6.59149722871263974e-04
0.00000000000000000e+00 0.00000000000000000e+00
1.22070312500000678e-04 1.77559913874019115e-04
0.00000000000000000e+00 0.00000000000000000e+00
1.22070312500000623e-04 -8.39218766709934067e-05
0.00000000000000000e+00 0.00000000000000000e+00
1.22070312499998713e-04 -1.61515580406865328e-06
0.00000000000000000e+00 0.00000000000000000e+00
1.22070312499995650e-04 9.22583515243783833e-03
0.00000000000000000e+00 0.00000000000000000e+00
1.22070312499999363e-04 1.18882184154085404e-04
0.00000000000000000e+00 0.00000000000000000e+00
1.22070312499997601e-04 -1.25343938621904277e-04
0.00000000000000000e+00 0.00000000000000000e+00
1.22070312499998956e-04 4.86812205464081865e-05
0.00000000000000000e+00 0.00000000000000000e+00
1.22070312499999878e-04 -3.06096704778426054e-04
0.00000000000000000e+00 0.00000000000000000e+00
1.22070312499998089e-04 2.84016226989291728e-04
0.00000000000000000e+00 0.00000000000000000e+00
1.22070312499999824e-04 -5.24658796851400460e-05
0.00000000000000000e+00 0.00000000000000000e+00
1.22070312500000407e-04 -1.36558281222733959e-05
0.00000000000000000e+00 0.00000000000000000e+00
1.22070312500000054e-04 1.09119425496738659e-03
0.00000000000000000e+00 0.00000000000000000e+00
1.22070312499997886e-04 9.75065667294484429e-05
0.00000000000000000e+00 0.00000000000000000e+00
1.22070312500000217e-04 -1.52822129766858630e-04
0.00000000000000000e+00 0.00000000000000000e+00
1.22070312500001708e-04 3.52728942649014389e-05
0.00000000000000000e+00 0.00000000000000000e+00
1.22070312500000136e-04 -4.22453600828419016e-04
0.00000000000000000e+00 0.00000000000000000e+00
1.22070312499998387e-04 2.21284628161633038e-04
0.00000000000000000e+00 0.00000000000000000e+00
1.22070312499999688e-04 -6.73393417231112746e-05
0.00000000000000000e+00 0.00000000000000000e+00
1.22070312499999864e-04 1.03941751546053251e-05
0.00000000000000000e+00 0.00000000000000000e+00
1.22070312500001708e-04 -1.43360689734455698e-03
0.00000000000000000e+00 0.00000000000000000e+00
1.22070312499998726e-04 1.44793523374996737e-04
0.00000000000000000e+00 0.00000000000000000e+00
1.22070312499999377e-04 -1.02913174888740177e-04
0.00000000000000000e+00 0.00000000000000000e+00
1.22070312499999797e-04 6.31859153848360995e-05
0.00000000000000000e+00 0.00000000000000000e+00
1.22070312499999065e-04 -2.35830423648877450e-04
0.00000000000000000e+00 0.00000000000000000e+00
1.22070312500000407e-04 3.84045464306006091e-04
0.00000000000000000e+00 0.00000000000000000e+00
1.22070312499999526e-04 -3.88005134256053631e-05
0.00000000000000000e+00 0.00000000000000000e+00
1.22070312499999797e-04 -1.97613615115817541e-05
0.00000000000000000e+00 0.00000000000000000e+00
1.22070312499999417e-04 7.54055391634570913e-04
0.00000000000000000e+00 0.00000000000000000e+00
1.22070312499999702e-04 8.80542777608589987e-05
0.00000000000000000e+00 0.00000000000000000e+00
1.22070312499999810e-04 -1.69226999218785780e-04
0.00000000000000000e+00 0.00000000000000000e+00
1.22070312500000298e-04 2.88661949865500294e-05
0.00000000000000000e+00 0.00000000000000000e+00
1.22070312499998563e-04 -5.16214942800408572e-04
0.00000000000000000e+00 0.00000000000000000e+00
1.22070312499996707e-04 1.97682968607937125e-04
0.00000000000000000e+00 0.00000000000000000e+00
1.22070312500002575e-04 -7.53790844946317752e-05
0.00000000000000000e+00 0.00000000000000000e+00
1.22070312500000081e-04 4.37892773135213491e-06
0.00000000000000000e+00 0.00000000000000000e+00
1.22070312500001328e-04 -3.40292466741440444e-03
0.00000000000000000e+00 0.00000000000000000e+00
1.22070312499999526e-04 1.31154020328437608e-04
0.00000000000000000e+00 0.00000000000000000e+00
1.22070312500002331e-04 -1.13615740916918627e-04
0.00000000000000000e+00 0.00000000000000000e+00
1.22070312500000894e-04 5.57707905081622894e-05
0.00000000000000000e+00 0.00000000000000000e+00
1.22070312500000244e-04 -2.67185762620077085e-04
0.00000000000000000e+00 0.00000000000000000e+00
1.22070312500000922e-04 3.27440053372082276e-04
0.00000000000000000e+00 0.00000000000000000e+00
1.22070312500000759e-04 -4.55080587740913596e-05
0.00000000000000000e+00 0.00000000000000000e+00
1.22070312500000163e-04 -7.61703689470483251e-06
0.00000000000000000e+00 0.00000000000000000e+00
1.22070312499999092e-04 1.95629368740561681e-03
0.00000000000000000e+00 0.00000000000000000e+00
1.22070312499999444e-04 1.07730994464734275e-04
0.00000000000000000e+00 0.00000000000000000e+00
1.22070312499999878e-04 -1.38318236714371967e-04
0.00000000000000000e+00 0.00000000000000000e+00
1.22070312500000596e-04 4.18641050622996306e-05
0.00000000000000000e+00 0.00000000000000000e+00
1.22070312500000867e-04 -3.55941233466533676e-04
0.00000000000000000e+00 0.00000000000000000e+00
1.22070312500000407e-04 2.49500957851416232e-04
0.00000000000000000e+00 0.00000000000000000e+00
1.22070312499998401e-04 -5.97238636763944853e-05
0.00000000000000000e+00 0.00000000000000000e+00
1.22070312500000217e-04 1.64599588139034559e-05
0.00000000000000000e+00 0.00000000000000000e+00
1.22070312499999377e-04 -9.05297598998966316e-04
0.00000000000000000e+00 0.00000000000000000e+00
1.22070312500000651e-04 1.60120981700906362e-04
0.00000000000000000e+00 0.00000000000000000e+00
1.22070312500000434e-04 -9.30618900506236120e-05
0.00000000000000000e+00 0.00000000000000000e+00
1.22070312499999729e-04 7.09879985188646820e-05
0.00000000000000000e+00 0.00000000000000000e+00
1.22070312499999864e-04 -2.09910992065618946e-04
0.00000000000000000e+00 0.00000000000000000e+00
1.22070312500000922e-04 4.61347314170195799e-04
0.00000000000000000e+00 0.00000000000000000e+00
1.22070312500000813e-04 -3.22992260627978252e-05
0.00000000000000000e+00 0.00000000000000000e+00
1.22070312500000271e-04 -2.28488219703553112e-05
0.00000000000000000e+00 0.00000000000000000e+00
1.22070312499999024e-04 6.52163214942992641e-04
0.00000000000000000e+00 0.00000000000000000e+00
1.22070312499999675e-04 8.35776338296228638e-05
0.00000000000000000e+00 0.00000000000000000e+00
1.22070312499999539e-04 -1.78291254622310965e-04
0.00000000000000000e+00 0.00000000000000000e+00
1.22070312500001030e-04 2.57202295754202157e-05
0.00000000000000000e+00 0.00000000000000000e+00
1.22070312500000000e-04 -5.79355683826745052e-04
0.00000000000000000e+00 0.00000000000000000e+00
1.22070312500001138e-04 1.87242575284677081e-04
0.00000000000000000e+00 0.00000000000000000e+00
1.22070312499999932e-04 -7.95821205256990247e-05
0.00000000000000000e+00 0.00000000000000000e+00
1.22070312499999512e-04 1.38105358603525730e-06
0.00000000000000000e+00 0.00000000000000000e+00
1.22070312500005042e-04 -1.07897052978654373e-02
0.00000000000000000e+00 0.00000000000000000e+00
1.22070312499999431e-04 1.24864026610820863e-04
0.00000000000000000e+00 0.00000000000000000e+00
1.22070312499999051e-04 -1.19339105091429296e-04
0.00000000000000000e+00 0.00000000000000000e+00
1.22070312500000217e-04 5.21888019853308899e-05
0.00000000000000000e+00 0.00000000000000000e+00
1.22070312500000488e-04 -2.85524109138119168e-04
0.00000000000000000e+00 0.00000000000000000e+00
1.22070312499998672e-04 3.04399037807472767e-04
0.00000000000000000e+00 0.00000000000000000e+00
1.22070312499998374e-04 -4.89527210768387095e-05
0.00000000000000000e+00 0.00000000000000000e+00
1.22070312500001247e-04 -1.06299779068203412e-05
0.00000000000000000e+00 0.00000000000000000e+00
1.22070312499998536e-04 1.40180547170155206e-03
0.00000000000000000e+00 0.00000000000000000e+00
1.22070312500000108e-04 1.02513388834262666e-04
0.00000000000000000e+00 0.00000000000000000e+00
1.22070312500000542e-04 -1.45358195288412313e-04
0.00000000000000000e+00 0.00000000000000000e+00
1.22070312500000190e-04 3.85429551710480685e-05
0.00000000000000000e+00 0.00000000000000000e+00
1.22070312500002873e-04 -3.86611797868600211e-04
0.00000000000000000e+00 0.00000000000000000e+00
1.22070312500000244e-04 2.34726829666561976e-04
0.00000000000000000e+00 0.00000000000000000e+00
1.22070312500000786e-04 -6.34829909091132671e-05
0.00000000000000000e+00 0.00000000000000000e+00
1.22070312500000407e-04 1.34188825184939378e-05
0.00000000000000000e+00 0.00000000000000000e+00
1.22070312500001708e-04 -1.11046215460266530e-03
0.00000000000000000e+00 0.00000000000000000e+00
1.22070312500001084e-04 1.52222647958672727e-04
0.00000000000000000e+00 0.00000000000000000e+00
1.22070312500000271e-04 -9.78905661783854787e-05
0.00000000000000000e+00 0.00000000000000000e+00
1.22070312499998943e-04 6.70343679217934774e-05
0.00000000000000000e+00 0.00000000000000000e+00
1.22070312499999621e-04 -2.22291365695169408e-04
0.00000000000000000e+00 0.00000000000000000e+00
1.22070312499999919e-04 4.19436199582219485e-04
0.00000000000000000e+00 0.00000000000000000e+00
1.22070312499999566e-04 -3.55266455510766228e-05
0.00000000000000000e+00 0.00000000000000000e+00
1.22070312500000434e-04 -1.66983433959788735e-05
0.00000000000000000e+00 0.00000000000000000e+00
1.22070312499999417e-04 8.92373622968874528e-04
0.00000000000000000e+00 0.00000000000000000e+00
1.22070312499998170e-04 9.26923238840782210e-05
0.00000000000000000e+00 0.00000000000000000e+00
1.22070312499999444e-04 -1.60759387287378610e-04
0.00000000000000000e+00 0.00000000000000000e+00
1.22070312499997899e-04 3.20488986925112528e-05
0.00000000000000000e+00 0.00000000000000000e+00
1.22070312499998713e-04 -4.64950803358790731e-04
0.00000000000000000e+00 0.00000000000000000e+00
1.22070312499999566e-04 2.08987833858684192e-04
0.00000000000000000e+00 0.00000000000000000e+00
1.22070312499999810e-04 -7.13015725304079169e-05
0.00000000000000000e+00 0.00000000000000000e+00
1.22070312500001030e-04 7.38208646119095080e-06
0.00000000000000000e+00 0.00000000000000000e+00
1.22070312500003198e-04 -2.01855685004313909e-03
0.00000000000000000e+00 0.00000000000000000e+00
1.22070312500000732e-04 1.37784804429010255e-04
0.00000000000000000e+00 0.00000000000000000e+00
1.22070312499999377e-04 -1.08148073770537973e-04
0.00000000000000000e+00 0.00000000000000000e+00
1.22070312499998834e-04 5.94340389639318197e-05
0.00000000000000000e+00 0.00000000000000000e+00
1.22070312499999973e-04 -2.50717626693530747e-04
0.00000000000000000e+00 0.00000000000000000e+00
1.22070312500000786e-04 3.53729423104221798e-04
0.00000000000000000e+00 0.00000000000000000e+00
1.22070312500000244e-04 -4.21258742433114862e-05
0.00000000000000000e+00 0.00000000000000000e+00
1.22070312499999797e-04 -4.61331223352666323e-06
0.00000000000000000e+00 0.00000000000000000e+00
1.22070312499996815e-04 3.23003526307157019e-03
0.00000000000000000e+00 0.00000000000000000e+00
1.22070312500000488e-04 1.13179684888245775e-04
0.00000000000000000e+00 0.00000000000000000e+00
1.22070312499999797e-04 -1.31659327454049506e-04
0.00000000000000000e+00 0.00000000000000000e+00
1.22070312500001653e-04 4.52416510621178220e-05
0.00000000000000000e+00 0.00000000000000000e+00
1.22070312499999864e-04 -3.29368200408683431e-04
0.00000000000000000e+00 0.00000000000000000e+00
1.22070312499999431e-04 2.65835995249376691e-04
0.00000000000000000e+00 0.00000000000000000e+00
1.22070312500001166e-04 -5.60539635720491163e-05
0.00000000000000000e+00 0.00000000000000000e+00
1.22070312499999919e-04 1.95212347236740250e-05
0.00000000000000000e+00 0.00000000000000000e+00
1.22070312500000488e-04 -7.63330875570889986e-04
0.00000000000000000e+00 0.00000000000000000e+00
1.22070312500000867e-04 1.68544903491494880e-04
0.00000000000000000e+00 0.00000000000000000e+00
1.22070312500001464e-04 -8.84106305510422362e-05
0.00000000000000000e+00 0.00000000000000000e+00
1.22070312500000461e-04 7.50561468336208586e-05
0.00000000000000000e+00 0.00000000000000000e+00
1.22070312500002304e-04 -1.98533522202778637e-04
0.00000000000000000e+00 0.00000000000000000e+00
1.22070312500000922e-04 5.11830597263624744e-04
0.00000000000000000e+00 0.00000000000000000e+00
1.22070312500000325e-04 -2.91134630745277326e-05
0.00000000000000000e+00 0.00000000000000000e+00
1.22070312500002060e-04 -2.67487213857544414e-05
0.00000000000000000e+00 0.00000000000000000e+00
1.22070312499999444e-04 5.57079382560068189e-04
0.00000000000000000e+00 0.00000000000000000e+00
1.22070312499998333e-04 7.81884958630072889e-05
0.00000000000000000e+00 0.00000000000000000e+00
1.22070312499999661e-04 -1.90579969973532693e-04
0.00000000000000000e+00 0.00000000000000000e+00
1.22070312500001138e-04 2.18328079422522555e-05
0.00000000000000000e+00 0.00000000000000000e+00
1.22070312499999837e-04 -6.82512356324524276e-04
0.00000000000000000e+00 0.00000000000000000e+00
1.22070312500000081e-04 1.75246769755634446e-04
0.00000000000000000e+00 0.00000000000000000e+00
1.22070312499999837e-04 -8.50295912137261707e-05
0.00000000000000000e+00 0.00000000000000000e+00
1.22070312499999621e-04 -2.36437121844546285e-06
0.00000000000000000e+00 0.00000000000000000e+00
1.22070312499996558e-04 6.30237801813542282e-03
0.00000000000000000e+00 0.00000000000000000e+00
1.22070312499999471e-04 1.17431420434266728e-04
0.00000000000000000e+00 0.00000000000000000e+00
1.22070312499998875e-04 -1.26892454666242404e-04
0.00000000000000000e+00 0.00000000000000000e+00
1.22070312499999092e-04 4.78151925605185309e-05
0.00000000000000000e+00 0.00000000000000000e+00
1.22070312499999255e-04 -3.11640723290765732e-04
0.00000000000000000e+00 0.00000000000000000e+00
1.22070312499999078e-04 2.79280091512343516e-04
0.00000000000000000e+00 0.00000000000000000e+00
1.22070312500000786e-04 -5.33556155512406892e-05
0.00000000000000000e+00 0.00000000000000000e+00
1.22070312500001816e-04 -1.44147462270096988e-05
0.00000000000000000e+00 0.00000000000000000e+00
1.22070312499999255e-04 1.03374426154835422e-03
0.00000000000000000e+00 0.00000000000000000e+00
1.22070312500000678e-04 9.62856208575404451e-05
0.00000000000000000e+00 0.00000000000000000e+00
1.22070312499999932e-04 -1.54759984524525327e-04
0.00000000000000000e+00 0.00000000000000000e+00
1.22070312500001545e-04 3.44627672431813714e-05
0.00000000000000000e+00 0.00000000000000000e+00
1.22070312499999973e-04 -4.32384349425582665e-04
0.00000000000000000e+00 0.00000000000000000e+00
1.22070312500002548e-04 2.18109546441719912e-04
0.00000000000000000e+00 0.00000000000000000e+00
1.22070312499999932e-04 -6.83196193699350812e-05
0.00000000000000000e+00 0.00000000000000000e+00
1.22070312499999499e-04 9.64011498085160095e-06
0.00000000000000000e+00 0.00000000000000000e+00
1.22070312499999797e-04 -1.54574517248447793e-03
0.00000000000000000e+00 0.00000000000000000e+00
1.22070312499998943e-04 1.43003689372315037e-04
0.00000000000000000e+00 0.00000000000000000e+00
1.22070312500001437e-04 -1.04201236060785679e-04
0.00000000000000000e+00 0.00000000000000000e+00
1.22070312499999173e-04 6.22392133165641180e-05
0.00000000000000000e+00 0.00000000000000000e+00
1.22070312500000081e-04 -2.39417569724999425e-04
0.00000000000000000e+00 0.00000000000000000e+00
1.22070312500000976e-04 3.76037240167963985e-04
0.00000000000000000e+00 0.00000000000000000e+00
1.22070312500000867e-04 -3.96268230965423024e-05
0.00000000000000000e+00 0.00000000000000000e+00
1.22070312499999986e-04 -2.05307787418214804e-05
0.00000000000000000e+00 0.00000000000000000e+00
1.22070312499999770e-04 7.25796199999651187e-04
0.00000000000000000e+00 0.00000000000000000e+00
1.22070312499999322e-04 8.69205313158914988e-05
0.00000000000000000e+00 0.00000000000000000e+00
1.22070312499999133e-04 -1.71434308652496369e-04
0.00000000000000000e+00 0.00000000000000000e+00
1.22070312499998821e-04 2.80764328664047181e-05
0.00000000000000000e+00 0.00000000000000000e+00
1.22070312499999851e-04 -5.30735555501323604e-04
0.00000000000000000e+00 0.00000000000000000e+00
1.22070312499999499e-04 1.94996314644984995e-04
0.00000000000000000e+00 0.00000000000000000e+00
1.22070312499999119e-04 -7.64176554873725346e-05
0.00000000000000000e+00 0.00000000000000000e+00
1.22070312499998550e-04 3.62910546612065925e-06
0.00000000000000000e+00 0.00000000000000000e+00
1.22070312500002548e-04 -4.10601492102038047e-03
0.00000000000000000e+00 0.00000000000000000e+00
1.22070312499999349e-04 1.29550919113846668e-04
0.00000000000000000e+00 0.00000000000000000e+00
1.22070312500001301e-04 -1.15021655544974161e-04
0.00000000000000000e+00 0.00000000000000000e+00
1.22070312500000407e-04 5.48679512861874926e-05
0.00000000000000000e+00 0.00000000000000000e+00
1.22070312499999621e-04 -2.71582241445904803e-04
0.00000000000000000e+00 0.00000000000000000e+00
1.22070312500000542e-04 3.21401045491063358e-04
0.00000000000000000e+00 0.00000000000000000e+00
1.22070312500000542e-04 -4.63631385239584678e-05
0.00000000000000000e+00 0.00000000000000000e+00
1.22070312500000488e-04 -8.36926476583029012e-06
0.00000000000000000e+00 0.00000000000000000e+00
1.22070312499999444e-04 1.78046239553690403e-03
0.00000000000000000e+00 0.00000000000000000e+00
1.22070312499999580e-04 1.06405760578342503e-04
0.00000000000000000e+00 0.00000000000000000e+00
1.22070312500000651e-04 -1.40040925536888416e-04
0.00000000000000000e+00 0.00000000000000000e+00
1.22070312500001708e-04 4.10287429407066163e-05
0.00000000000000000e+00 0.00000000000000000e+00
1.22070312500001491e-04 -3.63188343727277076e-04
0.00000000000000000e+00 0.00000000000000000e+00
1.22070312500000867e-04 2.45670867116355523e-04
0.00000000000000000e+00 0.00000000000000000e+00
1.22070312499999336e-04 -6.06549786254879843e-05
0.00000000000000000e+00 0.00000000000000000e+00
1.22070312499999743e-04 1.56979472185631499e-05
0.00000000000000000e+00 0.00000000000000000e+00
1.22070312500001762e-04 -9.49242661246043479e-04
0.00000000000000000e+00 0.00000000000000000e+00
1.22070312499999756e-04 1.58099469462117976e-04
0.00000000000000000e+00 0.00000000000000000e+00
1.22070312500001003e-04 -9.42518102340506042e-05
0.00000000000000000e+00 0.00000000000000000e+00
1.22070312499999729e-04 6.99892331271462464e-05
0.00000000000000000e+00 0.00000000000000000e+00
1.22070312500001030e-04 -2.12906479011955410e-04
0.00000000000000000e+00 0.00000000000000000e+00
1.22070312499999688e-04 4.50159041164842203e-04
0.00000000000000000e+00 0.00000000000000000e+00
1.22070312500000298e-04 -3.31019924764568873e-05
0.00000000000000000e+00 0.00000000000000000e+00
1.22070312499999688e-04 -2.36249792230515891e-05
0.00000000000000000e+00 0.00000000000000000e+00
1.22070312499995894e-04 6.30737536450744641e-04
0.00000000000000000e+00 0.00000000000000000e+00
1.22070312500001437e-04 8.24820929706279689e-05
0.00000000000000000e+00 0.00000000000000000e+00
1.22070312499997425e-04 -1.80659348680128261e-04
0.00000000000000000e+00 0.00000000000000000e+00
1.22070312500000271e-04 2.49389636305693493e-05
0.00000000000000000e+00 0.00000000000000000e+00
1.22070312499999322e-04 -5.97505229751489554e-04
0.00000000000000000e+00 0.00000000000000000e+00
1.22070312499998279e-04 1.84754649106963384e-04
0.00000000000000000e+00 0.00000000000000000e+00
1.22070312500000325e-04 -8.06537820069730405e-05
0.00000000000000000e+00 0.00000000000000000e+00
1.22070312499999078e-04 6.31986256680212198e-07
0.00000000000000000e+00 0.00000000000000000e+00
1.22070312500002765e-04 -2.35782994271083596e-02
0.00000000000000000e+00 0.00000000000000000e+00
1.22070312499998604e-04 1.23340862947051322e-04
0.00000000000000000e+00 0.00000000000000000e+00
1.22070312500001518e-04 -1.20812850160165487e-04
0.00000000000000000e+00 0.00000000000000000e+00
1.22070312500000488e-04 5.13051881799337031e-05
0.00000000000000000e+00 0.00000000000000000e+00
1.22070312500001193e-04 -2.90441604883850425e-04
0.00000000000000000e+00 0.00000000000000000e+00
1.22070312500000515e-04 2.99073897646523913e-04
0.00000000000000000e+00 0.00000000000000000e+00
1.22070312499998956e-04 -4.98243454581223229e-05
0.00000000000000000e+00 0.00000000000000000e+00
1.22070312499998699e-04 -1.13850847294000575e-05
0.00000000000000000e+00 0.00000000000000000e+00
1.22070312499998591e-04 1.30883182233745214e-03
0.00000000000000000e+00 0.00000000000000000e+00
1.22070312499998536e-04 1.01242667015299565e-04
0.00000000000000000e+00 0.00000000000000000e+00
1.22070312499999214e-04 -1.47182622042106587e-04
0.00000000000000000e+00 0.00000000000000000e+00
1.22070312500001491e-04 3.77208511655836038e-05
0.00000000000000000e+00 0.00000000000000000e+00
1.22070312500001166e-04 -3.95037777075499155e-04
0.00000000000000000e+00 0.00000000000000000e+00
1.22070312499999851e-04 2.31249340242525988e-04
0.00000000000000000e+00 0.00000000000000000e+00
1.22070312499999634e-04 -6.44376376521545277e-05
0.00000000000000000e+00 0.00000000000000000e+00
1.22070312499999214e-04 1.26613188114230717e-05
0.00000000000000000e+00 0.00000000000000000e+00
1.22070312500000434e-04 -1.17690435062767543e-03
0.00000000000000000e+00 0.00000000000000000e+00
1.22070312499999092e-04 1.50323403802015755e-04
0.00000000000000000e+00 0.00000000000000000e+00
1.22070312500000569e-04 -9.91273535388619242e-05
0.00000000000000000e+00 0.00000000000000000e+00
1.22070312499998672e-04 6.60627422806162100e-05
0.00000000000000000e+00 0.00000000000000000e+00
1.22070312500000190e-04 -2.25560742400788444e-04
0.00000000000000000e+00 0.00000000000000000e+00
1.22070312499999715e-04 4.10042083573577097e-04
0.00000000000000000e+00 0.00000000000000000e+00
1.22070312500000922e-04 -3.63405654950887383e-05
0.00000000000000000e+00 0.00000000000000000e+00
1.22070312500001138e-04 -1.74620237913435153e-05
0.00000000000000000e+00 0.00000000000000000e+00
1.22070312499998645e-04 8.53346746740446548e-04
0.00000000000000000e+00 0.00000000000000000e+00
1.22070312499999959e-04 9.15168973168556756e-05
0.00000000000000000e+00 0.00000000000000000e+00
1.22070312500001464e-04 -1.62824151940552098e-04
0.00000000000000000e+00 0.00000000000000000e+00
1.22070312500001464e-04 3.12495330638517727e-05
0.00000000000000000e+00 0.00000000000000000e+00
1.22070312499999458e-04 -4.76844283189802639e-04
0.00000000000000000e+00 0.00000000000000000e+00
1.22070312500001030e-04 2.06074001749662473e-04
0.00000000000000000e+00 0.00000000000000000e+00
1.22070312500000163e-04 -7.23097579865973860e-05
0.00000000000000000e+00 0.00000000000000000e+00
1.22070312500000244e-04 6.63060259473969987e-06
0.00000000000000000e+00 0.00000000000000000e+00
1.22070312499999621e-04 -2.24733136708737133e-03
0.00000000000000000e+00 0.00000000000000000e+00
1.22070312500000759e-04 1.36093212097846881e-04
0.00000000000000000e+00 0.00000000000000000e+00
1.22070312499999553e-04 -1.09492317538465751e-04
0.00000000000000000e+00 0.00000000000000000e+00
1.22070312499997899e-04 5.85102151782090392e-05
0.00000000000000000e+00 0.00000000000000000e+00
1.22070312500000271e-04 -2.54676233004137752e-04
0.00000000000000000e+00 0.00000000000000000e+00
1.22070312499999702e-04 3.46813840348481192e-04
0.00000000000000000e+00 0.00000000000000000e+00
1.22070312499999024e-04 -4.29658781174211362e-05
0.00000000000000000e+00 0.00000000000000000e+00
1.22070312500001328e-04 -5.36357946827738745e-06
0.00000000000000000e+00 0.00000000000000000e+00
1.22070312499997954e-04 2.77821206565118757e-03
0.00000000000000000e+00 0.00000000000000000e+00
1.22070312500000054e-04 1.11794650167184231e-04
0.00000000000000000e+00 0.00000000000000000e+00
1.22070312499999431e-04 -1.33290467581081051e-04
0.00000000000000000e+00 0.00000000000000000e+00
1.22070312499998645e-04 4.43916755213333855e-05
0.00000000000000000e+00 0.00000000000000000e+00
1.22070312500000678e-04 -3.35674673660084257e-04
0.00000000000000000e+00 0.00000000000000000e+00
1.22070312500001247e-04 2.61591445054780664e-04
0.00000000000000000e+00 0.00000000000000000e+00
1.22070312499998536e-04 -5.69634882009519106e-05
0.00000000000000000e+00 0.00000000000000000e+00
1.22070312500000678e-04 1.87538089681802463e-05
0.00000000000000000e+00 0.00000000000000000e+00
1.22070312500001111e-04 -7.94567184678640365e-04
0.00000000000000000e+00 0.00000000000000000e+00
1.22070312499999986e-04 1.66386239637545297e-04
0.00000000000000000e+00 0.00000000000000000e+00
1.22070312500001735e-04 -8.95576534832942344e-05
0.00000000000000000e+00 0.00000000000000000e+00
1.22070312500000352e-04 7.40278325928944101e-05
0.00000000000000000e+00 0.00000000000000000e+00
1.22070312499999892e-04 -2.01291334244444006e-04
0.00000000000000000e+00 0.00000000000000000e+00
1.22070312499999146e-04 4.98262410650840990e-04
0.00000000000000000e+00 0.00000000000000000e+00
1.22070312500001247e-04 -2.99062519574442082e-05
0.00000000000000000e+00 0.00000000000000000e+00
1.22070312499999119e-04 -2.51828959780557495e-05
0.00000000000000000e+00 0.00000000000000000e+00
1.22070312499999715e-04 5.91717537444180481e-04
0.00000000000000000e+00 0.00000000000000000e+00
1.22070312500002141e-04 8.03179593462915585e-05
0.00000000000000000e+00 0.00000000000000000e+00
1.22070312500000678e-04 -1.85527138825840012e-04
0.00000000000000000e+00 0.00000000000000000e+00
1.22070312500001355e-04 2.33822348783523064e-05
0.00000000000000000e+00 0.00000000000000000e+00
1.22070312500000705e-04 -6.37285583323030525e-04
0.00000000000000000e+00 0.00000000000000000e+00
1.22070312500001166e-04 1.79914720605544161e-04
0.00000000000000000e+00 0.00000000000000000e+00
1.22070312500000352e-04 -8.28234684949320473e-05
0.00000000000000000e+00 0.00000000000000000e+00
1.22070312499999743e-04 -8.66062033823980923e-07
0.00000000000000000e+00 0.00000000000000000e+00
1.22070312499998523e-04 1.72056511102487292e-02
0.00000000000000000e+00 0.00000000000000000e+00
1.22070312499999634e-04 1.20350390898043546e-04
0.00000000000000000e+00 0.00000000000000000e+00
1.22070312499998631e-04 -1.23814813418192209e-04
0.00000000000000000e+00 0.00000000000000000e+00
1.22070312500000027e-04 4.95514972973314343e-05
0.00000000000000000e+00 0.00000000000000000e+00
1.22070312500000298e-04 -3.00720704854467525e-04
0.00000000000000000e+00 0.00000000000000000e+00
1.22070312499999471e-04 2.88889550873480422e-04
0.00000000000000000e+00 0.00000000000000000e+00
1.22070312499999715e-04 -5.15808243973972147e-05
0.00000000000000000e+00 0.00000000000000000e+00
1.22070312500000434e-04 -1.28979511841878193e-05
0.00000000000000000e+00 0.00000000000000000e+00
1.22070312500000651e-04 1.15531226479723072e-03
0.00000000000000000e+00 0.00000000000000000e+00
1.22070312499999892e-04 9.87395399363467631e-05
0.00000000000000000e+00 0.00000000000000000e+00
1.22070312500001301e-04 -1.50913820374834034e-04
0.00000000000000000e+00 0.00000000000000000e+00
1.22070312499998509e-04 3.60858991502969605e-05
0.00000000000000000e+00 0.00000000000000000e+00
1.22070312499999187e-04 -4.12935843216341385e-04
0.00000000000000000e+00 0.00000000000000000e+00
1.22070312499999797e-04 2.24531138003450527e-04
0.00000000000000000e+00 0.00000000000000000e+00
1.22070312499999336e-04 -6.63656779471659950e-05
0.00000000000000000e+00 0.00000000000000000e+00
1.22070312499999743e-04 1.11490236951142584e-05
0.00000000000000000e+00 0.00000000000000000e+00
1.22070312500000027e-04 -1.33654404200245994e-03
0.00000000000000000e+00 0.00000000000000000e+00
1.22070312499999553e-04 1.46609601958243117e-04
0.00000000000000000e+00 0.00000000000000000e+00
1.22070312500001464e-04 -1.01638371531022640e-04
0.00000000000000000e+00 0.00000000000000000e+00
1.22070312499999499e-04 6.41386502745448789e-05
0.00000000000000000e+00 0.00000000000000000e+00
1.22070312499998577e-04 -2.32327327283366966e-04
0.00000000000000000e+00 0.00000000000000000e+00
1.22070312499999512e-04 3.92368963758163859e-04
0.00000000000000000e+00 0.00000000000000000e+00
1.22070312500000461e-04 -3.79774206683488615e-05
0.00000000000000000e+00 0.00000000000000000e+00
1.22070312499998645e-04 -1.89934713300496314e-05
0.00000000000000000e+00 0.00000000000000000e+00
1.22070312499999919e-04 7.84541221291810325e-04
0.00000000000000000e+00 0.00000000000000000e+00
1.22070312500000081e-04 8.91981050805211163e-05
0.00000000000000000e+00 0.00000000000000000e+00
1.22070312500000732e-04 -1.67056925485085792e-04
0.00000000000000000e+00 0.00000000000000000e+00
1.22070312499998130e-04 2.96582523131536530e-05
0.00000000000000000e+00 0.00000000000000000e+00
1.22070312499998780e-04 -5.02428836214313364e-04
0.00000000000000000e+00 0.00000000000000000e+00
1.22070312499999038e-04 2.00423551693030454e-04
0.00000000000000000e+00 0.00000000000000000e+00
1.22070312499999119e-04 -7.43483541129456860e-05
0.00000000000000000e+00 0.00000000000000000e+00
1.22070312500000705e-04 5.12908015853126750e-06
0.00000000000000000e+00 0.00000000000000000e+00
1.22070312499998238e-04 -2.90523071062951483e-03
0.00000000000000000e+00 0.00000000000000000e+00
1.22070312500000515e-04 1.32778399036343609e-04
0.00000000000000000e+00 0.00000000000000000e+00
1.22070312500000569e-04 -1.12225793517582159e-04
0.00000000000000000e+00 0.00000000000000000e+00
1.22070312500001762e-04 5.66787059651713398e-05
0.00000000000000000e+00 0.00000000000000000e+00
1.22070312500000027e-04 -2.62905811628881254e-04
0.00000000000000000e+00 0.00000000000000000e+00
1.22070312500001653e-04 3.33681181720005748e-04
0.00000000000000000e+00 0.00000000000000000e+00
1.22070312499999986e-04 -4.46568821083574217e-05
0.00000000000000000e+00 0.00000000000000000e+00
1.22070312499999973e-04 -6.86538482738968562e-06
0.00000000000000000e+00 0.00000000000000000e+00
1.22070312499999512e-04 2.17047719370382650e-03
0.00000000000000000e+00 0.00000000000000000e+00
1.22070312499999295e-04 1.09070659359969250e-04
0.00000000000000000e+00 0.00000000000000000e+00
1.22070312500001247e-04 -1.36619337237790361e-04
0.00000000000000000e+00 0.00000000000000000e+00
1.22070312500000054e-04 4.27029903795395194e-05
0.00000000000000000e+00 0.00000000000000000e+00
1.22070312500001030e-04 -3.48948892370482650e-04
0.00000000000000000e+00 0.00000000000000000e+00
1.22070312499999973e-04 2.53428338474546988e-04
0.00000000000000000e+00 0.00000000000000000e+00
1.22070312499999946e-04 -5.87983225693782739e-05
0.00000000000000000e+00 0.00000000000000000e+00
1.22070312500001301e-04 1.72232323968795327e-05
0.00000000000000000e+00 0.00000000000000000e+00
1.22070312499999011e-04 -8.65177967205980848e-04
0.00000000000000000e+00 0.00000000000000000e+00
1.22070312499999377e-04 1.62175298902658861e-04
0.00000000000000000e+00 0.00000000000000000e+00
1.22070312499999268e-04 -9.18830505920112265e-05
0.00000000000000000e+00 0.00000000000000000e+00
1.22070312500001545e-04 7.19939172062916303e-05
0.00000000000000000e+00 0.00000000000000000e+00
1.22070312500000136e-04 -2.06978058314976352e-04
0.00000000000000000e+00 0.00000000000000000e+00
1.22070312499999634e-04 4.73066821730587994e-04
0.00000000000000000e+00 0.00000000000000000e+00
1.22070312500000108e-04 -3.14990620972634930e-05
0.00000000000000000e+00 0.00000000000000000e+00
1.22070312500000732e-04 -2.20744455388920406e-05
0.00000000000000000e+00 0.00000000000000000e+00
1.22070312499999905e-04 6.75041244754861266e-04
0.00000000000000000e+00 0.00000000000000000e+00
1.22070312500000325e-04 8.46824185265019616e-05
0.00000000000000000e+00 0.00000000000000000e+00
1.22070312499999864e-04 -1.75965229301809677e-04
0.00000000000000000e+00 0.00000000000000000e+00
1.22070312499999065e-04 2.65035182640724287e-05
0.00000000000000000e+00 0.00000000000000000e+00
1.22070312500001355e-04 -5.62233324850588143e-04
0.00000000000000000e+00 0.00000000000000000e+00
1.22070312499998184e-04 1.89777778941905033e-04
0.00000000000000000e+00 0.00000000000000000e+00
1.22070312500001193e-04 -7.85189987833575701e-05
0.00000000000000000e+00 0.00000000000000000e+00
1.22070312500000949e-04 2.13022492340562062e-06
0.00000000000000000e+00 0.00000000000000000e+00
1.22070312500000352e-04 -6.99511165704922930e-03
0.00000000000000000e+00 0.00000000000000000e+00
1.22070312499999648e-04 1.26406431096366310e-04
0.00000000000000000e+00 0.00000000000000000e+00
1.22070312499999864e-04 -1.17882935738354282e-04
0.00000000000000000e+00 0.00000000000000000e+00
1.22070312499999078e-04 5.30770640026017823e-05
0.00000000000000000e+00 0.00000000000000000e+00
1.22070312500000407e-04 -2.80745769832273283e-04
0.00000000000000000e+00 0.00000000000000000e+00
1.22070312500000732e-04 3.09889669625202930e-04
0.00000000000000000e+00 0.00000000000000000e+00
1.22070312499999756e-04 -4.80853757141067492e-05
0.00000000000000000e+00 0.00000000000000000e+00
1.22070312500000515e-04 -9.87567760223836356e-06
0.00000000000000000e+00 0.00000000000000000e+00
1.22070312500001545e-04 1.50887481285015622e-03
0.00000000000000000e+00 0.00000000000000000e+00
1.22070312499999810e-04 1.03797274416454928e-04
0.00000000000000000e+00 0.00000000000000000e+00
1.22070312499999864e-04 -1.43560235831062430e-04
0.00000000000000000e+00 0.00000000000000000e+00
1.22070312499998062e-04 3.93682508561712710e-05
0.00000000000000000e+00 0.00000000000000000e+00
1.22070312499998062e-04 -3.78507067745732621e-04
0.00000000000000000e+00 0.00000000000000000e+00
1.22070312499999878e-04 2.38287359308039868e-04
0.00000000000000000e+00 0.00000000000000000e+00
1.22070312499999309e-04 -6.25344174240660510e-05
0.00000000000000000e+00 0.00000000000000000e+00
1.22070312499999458e-04 1.41774688916418241e-05
0.00000000000000000e+00 0.00000000000000000e+00
1.22070312500000298e-04 -1.05104524000274317e-03
0.00000000000000000e+00 0.00000000000000000e+00
1.22070312500000081e-04 1.54151180890936150e-04
0.00000000000000000e+00 0.00000000000000000e+00
1.22070312500000461e-04 -9.66658906388169259e-05
0.00000000000000000e+00 0.00000000000000000e+00
1.22070312500000976e-04 6.80125635972957576e-05
0.00000000000000000e+00 0.00000000000000000e+00
1.22070312499999851e-04 -2.19094243852920278e-04
0.00000000000000000e+00 0.00000000000000000e+00
1.22070312500001057e-04 4.29234967365311028e-04
0.00000000000000000e+00 0.00000000000000000e+00
1.22070312500000244e-04 -3.47156273994008263e-05
0.00000000000000000e+00 0.00000000000000000e+00
1.22070312500000407e-04 -1.59359439322562206e-05
0.00000000000000000e+00 0.00000000000000000e+00
1.22070312499997818e-04 9.35066115769015815e-04
0.00000000000000000e+00 0.00000000000000000e+00
1.22070312499999485e-04 9.38787550143735426e-05
0.00000000000000000e+00 0.00000000000000000e+00
1.22070312500000488e-04 -1.58727724835786878e-04
0.00000000000000000e+00 0.00000000000000000e+00
1.22070312500000922e-04 3.28508439907561068e-05
0.00000000000000000e+00 0.00000000000000000e+00
1.22070312500001193e-04 -4.53600558878797537e-04
0.00000000000000000e+00 0.00000000000000000e+00
1.22070312500000949e-04 2.11963535556469659e-04
0.00000000000000000e+00 0.00000000000000000e+00
1.22070312499999770e-04 -7.03005880456157968e-05
0.00000000000000000e+00 0.00000000000000000e+00
1.22070312500001599e-04 8.13412823909088264e-06
0.00000000000000000e+00 0.00000000000000000e+00
1.22070312500000136e-04 -1.83193094033549464e-03
0.00000000000000000e+00 0.00000000000000000e+00
1.22070312500000325e-04 1.39499991798143030e-04
0.00000000000000000e+00 0.00000000000000000e+00
1.22070312499999458e-04 -1.06818366092878173e-04
0.00000000000000000e+00 0.00000000000000000e+00
1.22070312499999986e-04 6.03633991704402163e-05
0.00000000000000000e+00 0.00000000000000000e+00
1.22070312500000027e-04 -2.46857556046062938e-04
0.00000000000000000e+00 0.00000000000000000e+00
1.22070312500000190e-04 3.60895384204498314e-04
0.00000000000000000e+00 0.00000000000000000e+00
1.22070312500000461e-04 -4.12894202753349572e-05
0.00000000000000000e+00 0.00000000000000000e+00
1.22070312500000000e-04 -3.86339288195425720e-06
0.00000000000000000e+00 0.00000000000000000e+00
1.22070312500000163e-04 3.85701419688556837e-03
0.00000000000000000e+00 0.00000000000000000e+00
1.22070312500001762e-04 1.14580568988043710e-04
0.00000000000000000e+00 0.00000000000000000e+00
1.22070312500000190e-04 -1.30049635164600929e-04
0.00000000000000000e+00 0.00000000000000000e+00
1.22070312500001545e-04 4.60955013105449133e-05
0.00000000000000000e+00 0.00000000000000000e+00
1.22070312500000407e-04 -3.23267146905697425e-04
0.00000000000000000e+00 0.00000000000000000e+00
1.22070312500000027e-04 2.70195517728636205e-04
0.00000000000000000e+00 0.00000000000000000e+00
1.22070312500000108e-04 -5.51495499226360030e-05
0.00000000000000000e+00 0.00000000000000000e+00
1.22070312499999756e-04 2.02901680416449408e-05
0.00000000000000000e+00 0.00000000000000000e+00
1.22070312499999919e-04 -7.34403045024734492e-04
0.00000000000000000e+00 0.00000000000000000e+00
1.22070312500001464e-04 1.70740456695650869e-04
0.00000000000000000e+00 0.00000000000000000e+00
1.22070312499999824e-04 -8.72737573872692100e-05
0.00000000000000000e+00 0.00000000000000000e+00
1.22070312499999539e-04 7.60922496674103785e-05
0.00000000000000000e+00 0.00000000000000000e+00
1.22070312499999377e-04 -1.95830209502002173e-04
0.00000000000000000e+00 0.00000000000000000e+00
1.22070312499999146e-04 5.26115377623750696e-04
0.00000000000000000e+00 0.00000000000000000e+00
1.22070312500000976e-04 -2.83229911681175799e-05
0.00000000000000000e+00 0.00000000000000000e+00
1.22070312500000271e-04 -2.71414760108969724e-05
0.00000000000000000e+00 0.00000000000000000e+00
1.22070312500001409e-04 5.49018085378398654e-04
0.00000000000000000e+00 0.00000000000000000e+00
1.22070312500000271e-04 7.76613754927253874e-05
0.00000000000000000e+00 0.00000000000000000e+00
1.22070312500000163e-04 -1.91873516266056365e-04
0.00000000000000000e+00 0.00000000000000000e+00
1.22070312499999349e-04 2.14465315974082247e-05
0.00000000000000000e+00 0.00000000000000000e+00
1.22070312500001030e-04 -6.94805177525676396e-04
0.00000000000000000e+00 0.00000000000000000e+00
1.22070312500002087e-04 1.74105423696450213e-04
0.00000000000000000e+00 0.00000000000000000e+00
1.22070312500000027e-04 -8.55870016997700912e-05
0.00000000000000000e+00 0.00000000000000000e+00
1.22070312499999959e-04 -2.73904218471530712e-06
0.00000000000000000e+00 0.00000000000000000e+00
1.22070312499997493e-04 5.44028174410757324e-03
0.00000000000000000e+00 0.00000000000000000e+00
1.22070312500000623e-04 1.16712449120552505e-04
0.00000000000000000e+00 0.00000000000000000e+00
1.22070312499998604e-04 -1.27674136787725228e-04
0.00000000000000000e+00 0.00000000000000000e+00
1.22070312499999593e-04 4.73837418631755763e-05
0.00000000000000000e+00 0.00000000000000000e+00
1.22070312500001437e-04 -3.14478354978305519e-04
0.00000000000000000e+00 0.00000000000000000e+00
1.22070312500000759e-04 2.76961563426039541e-04
0.00000000000000000e+00 0.00000000000000000e+00
1.22070312499999946e-04 -5.38022713676176986e-05
0.00000000000000000e+00 0.00000000000000000e+00
1.22070312500001220e-04 -1.47946142708562242e-05
0.00000000000000000e+00 0.00000000000000000e+00
1.22070312500001979e-04 1.00720173713490031e-03
0.00000000000000000e+00 0.00000000000000000e+00
1.22070312500001681e-04 9.56795748585896074e-05
0.00000000000000000e+00 0.00000000000000000e+00
1.22070312500000705e-04 -1.55740252983683423e-04
0.00000000000000000e+00 0.00000000000000000e+00
1.22070312499999322e-04 3.40587591638610862e-05
0.00000000000000000e+00 0.00000000000000000e+00
1.22070312500000244e-04 -4.37513331655923479e-04
0.00000000000000000e+00 0.00000000000000000e+00
1.22070312499998970e-04 2.16547985416782663e-04
0.00000000000000000e+00 0.00000000000000000e+00
1.22070312499999892e-04 -6.88122827149271029e-05
0.00000000000000000e+00 0.00000000000000000e+00
1.22070312499998631e-04 9.26336241976561641e-06
0.00000000000000000e+00 0.00000000000000000e+00
1.22070312500000081e-04 -1.60861256621598787e-03
0.00000000000000000e+00 0.00000000000000000e+00
1.22070312500000651e-04 1.42118395434202849e-04
0.00000000000000000e+00 0.00000000000000000e+00
1.22070312499999905e-04 -1.04850333753919318e-04
0.00000000000000000e+00 0.00000000000000000e+00
1.22070312499999634e-04 6.17680845753412462e-05
0.00000000000000000e+00 0.00000000000000000e+00
1.22070312499999038e-04 -2.41243698850208071e-04
0.00000000000000000e+00 0.00000000000000000e+00
1.22070312500000271e-04 3.72145629652749260e-04
0.00000000000000000e+00 0.00000000000000000e+00
1.22070312499999864e-04 -4.00412096945806947e-05
0.00000000000000000e+00 0.00000000000000000e+00
1.22070312500000569e-04 -2.09160795662147222e-05
0.00000000000000000e+00 0.00000000000000000e+00
1.22070312499999295e-04 7.12426109619378623e-04
0.00000000000000000e+00 0.00000000000000000e+00
1.22070312500000190e-04 8.63573704217036593e-05
0.00000000000000000e+00 0.00000000000000000e+00
1.22070312500000298e-04 -1.72552280379563314e-04
0.00000000000000000e+00 0.00000000000000000e+00
1.22070312499998997e-04 2.76823908625958364e-05
0.00000000000000000e+00 0.00000000000000000e+00
1.22070312499999675e-04 -5.38290253461498397e-04
0.00000000000000000e+00 0.00000000000000000e+00
1.22070312499999228e-04 1.93672654086157400e-04
0.00000000000000000e+00 0.00000000000000000e+00
1.22070312500000678e-04 -7.69399338495084132e-05
0.00000000000000000e+00 0.00000000000000000e+00
1.22070312499999404e-04 3.25430043920234592e-06
0.00000000000000000e+00 0.00000000000000000e+00
1.22070312500002168e-04 -4.57891380105633541e-03
0.00000000000000000e+00 0.00000000000000000e+00
1.22070312499997899e-04 1.28757180114762502e-04
0.00000000000000000e+00 0.00000000000000000e+00
1.22070312500000623e-04 -1.15730720264035323e-04
0.00000000000000000e+00 0.00000000000000000e+00
1.22070312500000352e-04 5.44184008510395628e-05
0.00000000000000000e+00 0.00000000000000000e+00
1.22070312499998672e-04 -2.73825782470844034e-04
0.00000000000000000e+00 0.00000000000000000e+00
1.22070312499999919e-04 3.18454155490445847e-04
0.00000000000000000e+00 0.00000000000000000e+00
1.22070312500001166e-04 -4.67921706686425369e-05
0.00000000000000000e+00 0.00000000000000000e+00
1.22070312499999512e-04 -8.74561254947927947e-06
0.00000000000000000e+00 0.00000000000000000e+00
1.22070312499999892e-04 1.70384419725233809e-03
0.00000000000000000e+00 0.00000000000000000e+00
1.22070312499999702e-04 1.05748451740079105e-04
0.00000000000000000e+00 0.00000000000000000e+00
1.22070312499999241e-04 -1.40911388759367790e-04
0.00000000000000000e+00 0.00000000000000000e+00
1.22070312499999377e-04 4.06123565743143496e-05
0.00000000000000000e+00 0.00000000000000000e+00
1.22070312500000000e-04 -3.66912005378971953e-04
0.00000000000000000e+00 0.00000000000000000e+00
1.22070312500000217e-04 2.43791094762468825e-04
0.00000000000000000e+00 0.00000000000000000e+00
1.22070312500001355e-04 -6.11226640922487506e-05
0.00000000000000000e+00 0.00000000000000000e+00
1.22070312500000000e-04 1.53173957866875382e-05
0.00000000000000000e+00 0.00000000000000000e+00
1.22070312499999715e-04 -9.72826020908717018e-04
0.00000000000000000e+00 0.00000000000000000e+00
1.22070312499999824e-04 1.57100723807422632e-04
0.00000000000000000e+00 0.00000000000000000e+00
1.22070312499998821e-04 -9.48510028006839913e-05
0.00000000000000000e+00 0.00000000000000000e+00
1.22070312500000054e-04 6.94924857786967056e-05
0.00000000000000000e+00 0.00000000000000000e+00
1.22070312500001247e-04 -2.14428380664083548e-04
0.00000000000000000e+00 0.00000000000000000e+00
1.22070312500000163e-04 4.44752704846582169e-04
0.00000000000000000e+00 0.00000000000000000e+00
1.22070312500000894e-04 -3.35043745242372354e-05
0.00000000000000000e+00 0.00000000000000000e+00
1.22070312499999282e-04 -2.40137458845935255e-05
0.00000000000000000e+00 0.00000000000000000e+00
1.22070312499995921e-04 6.20526312948447255e-04
0.00000000000000000e+00 0.00000000000000000e+00
1.22070312499997818e-04 8.19377272358288197e-05
0.00000000000000000e+00 0.00000000000000000e+00
1.22070312499998306e-04 -1.81859586499874689e-04
0.00000000000000000e+00 0.00000000000000000e+00
1.22070312499998021e-04 2.45490684029514260e-05
0.00000000000000000e+00 0.00000000000000000e+00
1.22070312499997913e-04 -6.06994976316696674e-04
0.00000000000000000e+00 0.00000000000000000e+00
1.22070312499997818e-04 1.83527946255168222e-04
0.00000000000000000e+00 0.00000000000000000e+00
1.22070312500002087e-04 -8.11928727907723717e-05
0.00000000000000000e+00 0.00000000000000000e+00
1.22070312500000976e-04 2.57473963771925336e-07
0.00000000000000000e+00 0.00000000000000000e+00
1.22070312500013227e-04 -5.78744389361364742e-02
0.00000000000000000e+00 0.00000000000000000e+00
1.22070312499994958e-04 1.22586348865229370e-04
0.00000000000000000e+00 0.00000000000000000e+00
1.22070312500001924e-04 -1.21556448428281879e-04
0.00000000000000000e+00 0.00000000000000000e+00
1.22070312499996869e-04 5.08650922853301634e-05
0.00000000000000000e+00 0.00000000000000000e+00
1.22070312500004147e-04 -2.92954569122933785e-04
0.00000000000000000e+00 0.00000000000000000e+00
1.22070312500000379e-04 2.96470944697828983e-04
0.00000000000000000e+00 0.00000000000000000e+00
1.22070312499998821e-04 -5.02617928007653093e-05
0.00000000000000000e+00 0.00000000000000000e+00
1.22070312500000678e-04 -1.17629587773250080e-05
0.00000000000000000e+00 0.00000000000000000e+00
1.22070312499995582e-04 1.26678682429544657e-03
0.00000000000000000e+00 0.00000000000000000e+00
1.22070312500000759e-04 1.00612149814919373e-04
0.00000000000000000e+00 0.00000000000000000e+00
1.22070312499998347e-04 -1.48104987531418893e-04
0.00000000000000000e+00 0.00000000000000000e+00
1.22070312500001518e-04 3.73109709914996548e-05
0.00000000000000000e+00 0.00000000000000000e+00
1.22070312500000434e-04 -3.99377469893297742e-04
0.00000000000000000e+00 0.00000000000000000e+00
1.22070312499999878e-04 2.29540753103980437e-04
0.00000000000000000e+00 0.00000000000000000e+00
1.22070312499999878e-04 -6.49172793603988431e-05
0.00000000000000000e+00 0.00000000000000000e+00
1.22070312500002792e-04 1.22829020087917457e-05
0.00000000000000000e+00 0.00000000000000000e+00
1.22070312500004798e-04 -1.21316291403979724e-03
0.00000000000000000e+00 0.00000000000000000e+00
1.22070312500000136e-04 1.49384513279695783e-04
0.00000000000000000e+00 0.00000000000000000e+00
1.22070312500001816e-04 -9.97503748326846785e-05
0.00000000000000000e+00 0.00000000000000000e+00
1.22070312500002006e-04 6.55793498617909495e-05
0.00000000000000000e+00 0.00000000000000000e+00
1.22070312500002060e-04 -2.27223374816192572e-04
0.00000000000000000e+00 0.00000000000000000e+00
1.22070312499997479e-04 4.05488804850518986e-04
0.00000000000000000e+00 0.00000000000000000e+00
1.22070312500000217e-04 -3.67486377320350350e-05
0.00000000000000000e+00 0.00000000000000000e+00
1.22070312500000325e-04 -1.78443633486415193e-05
0.00000000000000000e+00 0.00000000000000000e+00
1.22070312500000976e-04 8.35062641502581655e-04
0.00000000000000000e+00 0.00000000000000000e+00
1.22070312499999444e-04 9.09332356048119238e-05
0.00000000000000000e+00 0.00000000000000000e+00
1.22070312499999553e-04 -1.63869250827128842e-04
0.00000000000000000e+00 0.00000000000000000e+00
1.22070312500001572e-04 3.08507949888529845e-05
0.00000000000000000e+00 0.00000000000000000e+00
1.22070312499998455e-04 -4.83007364939265309e-04
0.00000000000000000e+00 0.00000000000000000e+00
1.22070312499999431e-04 2.04639619769195360e-04
0.00000000000000000e+00 0.00000000000000000e+00
1.22070312500000894e-04 -7.28165993010256371e-05
0.00000000000000000e+00 0.00000000000000000e+00
1.22070312500000596e-04 6.25505201365535949e-06
0.00000000000000000e+00 0.00000000000000000e+00
1.22070312499999688e-04 -2.38226015728019991e-03
0.00000000000000000e+00 0.00000000000000000e+00
1.22070312500000352e-04 1.35256073181353657e-04
0.00000000000000000e+00 0.00000000000000000e+00
1.22070312499998021e-04 -1.10169997127360357e-04
0.00000000000000000e+00 0.00000000000000000e+00
1.22070312500000217e-04 5.80503423958308464e-05
0.00000000000000000e+00 0.00000000000000000e+00
1.22070312499998807e-04 -2.56693769215690822e-04
0.00000000000000000e+00 0.00000000000000000e+00
1.22070312499998997e-04 3.43445718501005006e-04
0.00000000000000000e+00 0.00000000000000000e+00
1.22070312499999864e-04 -4.33872381897341749e-05
0.00000000000000000e+00 0.00000000000000000e+00
1.22070312500000976e-04 -5.73886128085405015e-06
0.00000000000000000e+00 0.00000000000000000e+00
1.22070312500000217e-04 2.59653622288504764e-03
0.00000000000000000e+00 0.00000000000000000e+00
1.22070312500000976e-04 1.11107960280290458e-04
0.00000000000000000e+00 0.00000000000000000e+00
1.22070312499999946e-04 -1.34114253886550194e-04
0.00000000000000000e+00 0.00000000000000000e+00
1.22070312500001084e-04 4.39681126226619184e-05
0.00000000000000000e+00 0.00000000000000000e+00
1.22070312500000651e-04 -3.38908365745215975e-04
0.00000000000000000e+00 0.00000000000000000e+00
1.22070312499999011e-04 2.59510775286267545e-04
0.00000000000000000e+00 0.00000000000000000e+00
1.22070312500001518e-04 -5.74202022147647583e-05
0.00000000000000000e+00 0.00000000000000000e+00
1.22070312500000678e-04 1.83706420179964464e-05
0.00000000000000000e+00 0.00000000000000000e+00
1.22070312499999173e-04 -8.11139925281361839e-04
0.00000000000000000e+00 0.00000000000000000e+00
1.22070312499998591e-04 1.65320401946552074e-04
0.00000000000000000e+00 0.00000000000000000e+00
1.22070312499999322e-04 -9.01350409168814046e-05
0.00000000000000000e+00 0.00000000000000000e+00
1.22070312500001437e-04 7.35165447850308405e-05
0.00000000000000000e+00 0.00000000000000000e+00
1.22070312500002358e-04 -2.02691261367358733e-04
0.00000000000000000e+00 0.00000000000000000e+00
1.22070312499999851e-04 4.91730094558968413e-04
0.00000000000000000e+00 0.00000000000000000e+00
1.22070312500000813e-04 -3.03035371614012709e-05
0.00000000000000000e+00 0.00000000000000000e+00
1.22070312500000840e-04 -2.55735901462632043e-05
0.00000000000000000e+00 0.00000000000000000e+00
1.22070312500001653e-04 5.82677719812634714e-04
0.00000000000000000e+00 0.00000000000000000e+00
1.22070312500000705e-04 7.97824010461742187e-05
0.00000000000000000e+00 0.00000000000000000e+00
1.22070312499999959e-04 -1.86772533772502875e-04
0.00000000000000000e+00 0.00000000000000000e+00
1.22070312499999878e-04 2.29942138607940204e-05
0.00000000000000000e+00 0.00000000000000000e+00
1.22070312500000759e-04 -6.48039601791101537e-04
0.00000000000000000e+00 0.00000000000000000e+00
1.22070312500000461e-04 1.78732028296873358e-04
0.00000000000000000e+00 0.00000000000000000e+00
1.22070312500000081e-04 -8.33715218018851056e-05
0.00000000000000000e+00 0.00000000000000000e+00
1.22070312500000379e-04 -1.24059724068566404e-06
0.00000000000000000e+00 0.00000000000000000e+00
1.22070312499997317e-04 1.20112802972319761e-02
0.00000000000000000e+00 0.00000000000000000e+00
1.22070312500000081e-04 1.19614080635752534e-04
0.00000000000000000e+00 0.00000000000000000e+00
1.22070312499999377e-04 -1.24576982196806439e-04
0.00000000000000000e+00 0.00000000000000000e+00
1.22070312499998956e-04 4.91158217787437745e-05
0.00000000000000000e+00 0.00000000000000000e+00
1.22070312499999959e-04 -3.03388208813330155e-04
0.00000000000000000e+00 0.00000000000000000e+00
1.22070312500001464e-04 2.86435347577370563e-04
0.00000000000000000e+00 0.00000000000000000e+00
1.22070312500001355e-04 -5.20227734456651575e-05
0.00000000000000000e+00 0.00000000000000000e+00
1.22070312499999634e-04 -1.32767632080946636e-05
0.00000000000000000e+00 0.00000000000000000e+00
1.22070312499999661e-04 1.12234894607162665e-03
0.00000000000000000e+00 0.00000000000000000e+00
1.22070312500000271e-04 9.81215330332592324e-05
0.00000000000000000e+00 0.00000000000000000e+00
1.22070312500000271e-04 -1.51864333273273624e-04
0.00000000000000000e+00 0.00000000000000000e+00
1.22070312499998902e-04 3.56790321908841086e-05
0.00000000000000000e+00 0.00000000000000000e+00
1.22070312500001166e-04 -4.17644770018586005e-04
0.00000000000000000e+00 0.00000000000000000e+00
1.22070312500000705e-04 2.22898789486450680e-04
0.00000000000000000e+00 0.00000000000000000e+00
1.22070312500000596e-04 -6.68516918740523676e-05
0.00000000000000000e+00 0.00000000000000000e+00
1.22070312500000081e-04 1.07714972492742580e-05
0.00000000000000000e+00 0.00000000000000000e+00
1.22070312500000542e-04 -1.38338810742850418e-03
0.00000000000000000e+00 0.00000000000000000e+00
1.22070312500001193e-04 1.45698237601449407e-04
0.00000000000000000e+00 0.00000000000000000e+00
1.22070312500000651e-04 -1.02274134808748640e-04
0.00000000000000000e+00 0.00000000000000000e+00
1.22070312499998848e-04 6.36615206448538213e-05
0.00000000000000000e+00 0.00000000000000000e+00
1.22070312499999526e-04 -2.34068571452703770e-04
0.00000000000000000e+00 0.00000000000000000e+00
1.22070312499998387e-04 3.88166613160178565e-04
0.00000000000000000e+00 0.00000000000000000e+00
1.22070312499999688e-04 -3.83885699816706796e-05
0.00000000000000000e+00 0.00000000000000000e+00
1.22070312499998997e-04 -1.93772294378585684e-05
0.00000000000000000e+00 0.00000000000000000e+00
1.22070312499999295e-04 7.69003703116317213e-04
0.00000000000000000e+00 0.00000000000000000e+00
1.22070312499999675e-04 8.86249175435755798e-05
0.00000000000000000e+00 0.00000000000000000e+00
1.22070312500000759e-04 -1.68137377239545625e-04
0.00000000000000000e+00 0.00000000000000000e+00
1.22070312499999986e-04 2.92619323965593106e-05
0.00000000000000000e+00 0.00000000000000000e+00
1.22070312500000840e-04 -5.09233668915191028e-04
0.00000000000000000e+00 0.00000000000000000e+00
1.22070312499998821e-04 1.99046405133454892e-04
0.00000000000000000e+00 0.00000000000000000e+00
1.22070312499999363e-04 -7.48627496379891645e-05
0.00000000000000000e+00 0.00000000000000000e+00
1.22070312499999349e-04 4.75395913068647987e-06
0.00000000000000000e+00 0.00000000000000000e+00
1.22070312499998726e-04 -3.13447397931135600e-03
0.00000000000000000e+00 0.00000000000000000e+00
1.22070312500000379e-04 1.31963515962748353e-04
0.00000000000000000e+00 0.00000000000000000e+00
1.22070312500000027e-04 -1.12918794904296173e-04
0.00000000000000000e+00 0.00000000000000000e+00
1.22070312500002223e-04 5.62241067624569369e-05
0.00000000000000000e+00 0.00000000000000000e+00
1.22070312500001030e-04 -2.65031532769466989e-04
0.00000000000000000e+00 0.00000000000000000e+00
1.22070312499998238e-04 3.30534694180019135e-04
0.00000000000000000e+00 0.00000000000000000e+00
1.22070312500000027e-04 -4.50819882336831834e-05
0.00000000000000000e+00 0.00000000000000000e+00
1.22070312499999173e-04 -7.24114246434384444e-06
0.00000000000000000e+00 0.00000000000000000e+00
1.22070312499999173e-04 2.05784670957995242e-03
0.00000000000000000e+00 0.00000000000000000e+00
1.22070312500000623e-04 1.08399002039174063e-04
0.00000000000000000e+00 0.00000000000000000e+00
1.22070312500000569e-04 -1.37465852208332168e-04
0.00000000000000000e+00 0.00000000000000000e+00
1.22070312499999810e-04 4.22831019818940411e-05
0.00000000000000000e+00 0.00000000000000000e+00
1.22070312499999837e-04 -3.52414096776267668e-04
0.00000000000000000e+00 0.00000000000000000e+00
1.22070312499997086e-04 2.51452238221732262e-04
0.00000000000000000e+00 0.00000000000000000e+00
1.22070312500001409e-04 -5.92604038811853166e-05
0.00000000000000000e+00 0.00000000000000000e+00
1.22070312500001193e-04 1.68414340689414624e-05
0.00000000000000000e+00 0.00000000000000000e+00
1.22070312500000867e-04 -8.84791706742282108e-04
0.00000000000000000e+00 0.00000000000000000e+00
1.22070312499999580e-04 1.61143980306712798e-04
0.00000000000000000e+00 0.00000000000000000e+00
1.22070312500000623e-04 -9.24711004747776706e-05
0.00000000000000000e+00 0.00000000000000000e+00
1.22070312500001708e-04 7.14900541720533939e-05
0.00000000000000000e+00 0.00000000000000000e+00
1.22070312500000081e-04 -2.08436842948606744e-04
0.00000000000000000e+00 0.00000000000000000e+00
1.22070312500001030e-04 4.67138271498649164e-04
0.00000000000000000e+00 0.00000000000000000e+00
1.22070312499997791e-04 -3.18988233313496360e-05
0.00000000000000000e+00 0.00000000000000000e+00
1.22070312499999092e-04 -2.24614151796331562e-05
0.00000000000000000e+00 0.00000000000000000e+00
1.22070312499999580e-04 6.63411502555669532e-04
0.00000000000000000e+00 0.00000000000000000e+00
1.22070312500000244e-04 8.41288582021902122e-05
0.00000000000000000e+00 0.00000000000000000e+00
1.22070312499999810e-04 -1.77123064692439290e-04
0.00000000000000000e+00 0.00000000000000000e+00
1.22070312499999187e-04 2.61116168997898485e-05
0.00000000000000000e+00 0.00000000000000000e+00
1.22070312499999946e-04 -5.70671714855329471e-04
0.00000000000000000e+00 0.00000000000000000e+00
1.22070312499998292e-04 1.88504171670349631e-04
0.00000000000000000e+00 0.00000000000000000e+00
1.22070312500001626e-04 -7.90495035829044294e-05
0.00000000000000000e+00 0.00000000000000000e+00
1.22070312499999986e-04 1.75562272659284856e-06
0.00000000000000000e+00 0.00000000000000000e+00
1.22070312499999986e-04 -8.48767845626779288e-03
0.00000000000000000e+00 0.00000000000000000e+00
1.22070312499999119e-04 1.25632793777573652e-04
0.00000000000000000e+00 0.00000000000000000e+00
1.22070312500001708e-04 -1.18608850012754627e-04
0.00000000000000000e+00 0.00000000000000000e+00
1.22070312500000515e-04 5.26323454977935286e-05
0.00000000000000000e+00 0.00000000000000000e+00
1.22070312500000027e-04 -2.83117939223747543e-04
0.00000000000000000e+00 0.00000000000000000e+00
1.22070312499999160e-04 3.07123162976441987e-04
0.00000000000000000e+00 0.00000000000000000e+00
1.22070312500000244e-04 -4.85185195718733643e-05
0.00000000000000000e+00 0.00000000000000000e+00
1.22070312499999851e-04 -1.02527305704670369e-05
0.00000000000000000e+00 0.00000000000000000e+00
1.22070312499997601e-04 1.45338464630790894e-03
0.00000000000000000e+00 0.00000000000000000e+00
1.22070312499998970e-04 1.03153667361350162e-04
0.00000000000000000e+00 0.00000000000000000e+00
1.22070312499999566e-04 -1.44455951737017767e-04
0.00000000000000000e+00 0.00000000000000000e+00
1.22070312500001979e-04 3.89551990090845706e-05
0.00000000000000000e+00 0.00000000000000000e+00
1.22070312500000081e-04 -3.82520474105968694e-04
0.00000000000000000e+00 0.00000000000000000e+00
1.22070312499999499e-04 2.36496512905982735e-04
0.00000000000000000e+00 0.00000000000000000e+00
1.22070312499999797e-04 -6.30079531014970598e-05
0.00000000000000000e+00 0.00000000000000000e+00
1.22070312499999621e-04 1.37980441723516072e-05
0.00000000000000000e+00 0.00000000000000000e+00
1.22070312500001464e-04 -1.07994734671944671e-03
0.00000000000000000e+00 0.00000000000000000e+00
1.22070312500000325e-04 1.53183202070402037e-04
0.00000000000000000e+00 0.00000000000000000e+00
1.22070312500000759e-04 -9.72767313415924106e-05
0.00000000000000000e+00 0.00000000000000000e+00
1.22070312500001247e-04 6.75226357437575322e-05
0.00000000000000000e+00 0.00000000000000000e+00
1.22070312500000325e-04 -2.20683938500211492e-04
0.00000000000000000e+00 0.00000000000000000e+00
1.22070312500000813e-04 4.24283339203142208e-04
0.00000000000000000e+00 0.00000000000000000e+00
1.22070312500000000e-04 -3.51207785387804841e-05
0.00000000000000000e+00 0.00000000000000000e+00
1.22070312499999634e-04 -1.63169873371923044e-05
0.00000000000000000e+00 0.00000000000000000e+00
1.22070312499999282e-04 9.13229929392816932e-04
0.00000000000000000e+00 0.00000000000000000e+00
1.22070312499999485e-04 9.32841486590556024e-05
0.00000000000000000e+00 0.00000000000000000e+00
1.22070312499999512e-04 -1.59739477800346458e-04
0.00000000000000000e+00 0.00000000000000000e+00
1.22070312500000678e-04 3.24495443289690250e-05
0.00000000000000000e+00 0.00000000000000000e+00
1.22070312500002304e-04 -4.59210183131763541e-04
0.00000000000000000e+00 0.00000000000000000e+00
1.22070312500000000e-04 2.10467814497757017e-04
0.00000000000000000e+00 0.00000000000000000e+00
1.22070312500001138e-04 -7.08001897078959985e-05
0.00000000000000000e+00 0.00000000000000000e+00
1.22070312500001301e-04 7.75803403310991543e-06
0.00000000000000000e+00 0.00000000000000000e+00
1.22070312500000217e-04 -1.92073934327350606e-03
0.00000000000000000e+00 0.00000000000000000e+00
1.22070312499999390e-04 1.38639409914704446e-04
0.00000000000000000e+00 0.00000000000000000e+00
1.22070312499999824e-04 -1.07481423954527310e-04
0.00000000000000000e+00 0.00000000000000000e+00
1.22070312499998848e-04 5.98980195349016112e-05
0.00000000000000000e+00 0.00000000000000000e+00
1.22070312499999553e-04 -2.48775523958104296e-04
0.00000000000000000e+00 0.00000000000000000e+00
1.22070312499999661e-04 3.57280230424724678e-04
0.00000000000000000e+00 0.00000000000000000e+00
1.22070312500001138e-04 -4.17072088655275199e-05
0.00000000000000000e+00 0.00000000000000000e+00
1.22070312500000786e-04 -4.23831261675648064e-06
0.00000000000000000e+00 0.00000000000000000e+00
1.22070312499998021e-04 3.51582399442162442e-03
0.00000000000000000e+00 0.00000000000000000e+00
1.22070312499999228e-04 1.13878122218114613e-04
0.00000000000000000e+00 0.00000000000000000e+00
1.22070312500001111e-04 -1.30851834431438630e-04
0.00000000000000000e+00 0.00000000000000000e+00
1.22070312499999363e-04 4.56680861754241816e-05
0.00000000000000000e+00 0.00000000000000000e+00
1.22070312499999173e-04 -3.26292657340797353e-04
0.00000000000000000e+00 0.00000000000000000e+00
1.22070312499999593e-04 2.68001074439531007e-04
0.00000000000000000e+00 0.00000000000000000e+00
1.22070312500001708e-04 -5.56011248276170523e-05
0.00000000000000000e+00 0.00000000000000000e+00
1.22070312500000081e-04 1.99055090410731518e-05
0.00000000000000000e+00 0.00000000000000000e+00
1.22070312500001626e-04 -7.48594831867919162e-04
0.00000000000000000e+00 0.00000000000000000e+00
1.22070312500000000e-04 1.69637999743528945e-04
0.00000000000000000e+00 0.00000000000000000e+00
1.22070312500000461e-04 -8.78409390371050588e-05
0.00000000000000000e+00 0.00000000000000000e+00
1.22070312500001166e-04 7.55732142802343607e-05
0.00000000000000000e+00 0.00000000000000000e+00
1.22070312500000298e-04 -1.97175167627415836e-04
0.00000000000000000e+00 0.00000000000000000e+00
1.22070312499999309e-04 5.18879844149258826e-04
0.00000000000000000e+00 0.00000000000000000e+00
1.22070312499999526e-04 -2.87179418546876895e-05
0.00000000000000000e+00 0.00000000000000000e+00
1.22070312500000976e-04 -2.63564944807727984e-05
0.00000000000000000e+00 0.00000000000000000e+00
1.22070312500000190e-04 5.65369617143804404e-04
0.00000000000000000e+00 0.00000000000000000e+00
1.22070312500000352e-04 7.87176919981088109e-05
0.00000000000000000e+00 0.00000000000000000e+00
1.22070312499999621e-04 -1.89298756297451358e-04
0.00000000000000000e+00 0.00000000000000000e+00
1.22070312500001437e-04 2.22195084349731379e-05
0.00000000000000000e+00 0.00000000000000000e+00
1.22070312500001111e-04 -6.70634151851605105e-04
0.00000000000000000e+00 0.00000000000000000e+00
1.22070312499999499e-04 1.76398214286093482e-04
0.00000000000000000e+00 0.00000000000000000e+00
1.22070312500000217e-04 -8.44745580569195682e-05
0.00000000000000000e+00 0.00000000000000000e+00
1.22070312500001491e-04 -1.98974477791267069e-06
0.00000000000000000e+00 0.00000000000000000e+00
1.22070312499996896e-04 7.48898117952075549e-03
0.00000000000000000e+00 0.00000000000000000e+00
1.22070312500001681e-04 1.18154648229572485e-04
0.00000000000000000e+00 0.00000000000000000e+00
1.22070312499998523e-04 -1.26115742521573762e-04
0.00000000000000000e+00 0.00000000000000000e+00
1.22070312500000813e-04 4.82476814805674260e-05
0.00000000000000000e+00 0.00000000000000000e+00
1.22070312500001030e-04 -3.08847197141469713e-04
0.00000000000000000e+00 0.00000000000000000e+00
1.22070312500000759e-04 2.81631397614482424e-04
0.00000000000000000e+00 0.00000000000000000e+00
1.22070312500000813e-04 -5.29101560410714011e-05
0.00000000000000000e+00 0.00000000000000000e+00
1.22070312499999187e-04 -1.40351533231243420e-05
0.00000000000000000e+00 0.00000000000000000e+00
1.22070312500000298e-04 1.06170277237347950e-03
0.00000000000000000e+00 0.00000000000000000e+00
1.22070312499999146e-04 9.68946071485987285e-05
0.00000000000000000e+00 0.00000000000000000e+00
1.22070312500000623e-04 -1.53787312135907788e-04
0.00000000000000000e+00 0.00000000000000000e+00
1.22070312500000271e-04 3.48674757895971638e-05
0.00000000000000000e+00 0.00000000000000000e+00
1.22070312499999458e-04 -4.27365642519314851e-04
0.00000000000000000e+00 0.00000000000000000e+00
1.22070312500000407e-04 2.19688321874101836e-04
0.00000000000000000e+00 0.00000000000000000e+00
1.22070312499998997e-04 -6.78286449945531033e-05
0.00000000000000000e+00 0.00000000000000000e+00
1.22070312500000027e-04 1.00170501478701102e-05
0.00000000000000000e+00 0.00000000000000000e+00
1.22070312500001409e-04 -1.48757977387340735e-03
0.00000000000000000e+00 0.00000000000000000e+00
1.22070312500000840e-04 1.43895369909504480e-04
0.00000000000000000e+00 0.00000000000000000e+00
1.22070312500001220e-04 -1.03555529293396052e-04
0.00000000000000000e+00 0.00000000000000000e+00
1.22070312499999539e-04 6.27118182903736965e-05
0.00000000000000000e+00 0.00000000000000000e+00
1.22070312500000488e-04 -2.37613285662537451e-04
0.00000000000000000e+00 0.00000000000000000e+00
1.22070312500000000e-04 3.80003110765210603e-04
0.00000000000000000e+00 0.00000000000000000e+00
1.22070312499998482e-04 -3.92132610805250365e-05
0.00000000000000000e+00 0.00000000000000000e+00
1.22070312499999485e-04 -2.01458753400114337e-05
0.00000000000000000e+00 0.00000000000000000e+00
1.22070312499998591e-04 7.39663129169292662e-04
0.00000000000000000e+00 0.00000000000000000e+00
1.22070312499999756e-04 8.74861581123467108e-05
0.00000000000000000e+00 0.00000000000000000e+00
1.22070312500000000e-04 -1.70325929442600202e-04
0.00000000000000000e+00 0.00000000000000000e+00
1.22070312499999322e-04 2.84710313664486694e-05
0.00000000000000000e+00 0.00000000000000000e+00
1.22070312500000054e-04 -5.23379747015668430e-04
0.00000000000000000e+00 0.00000000000000000e+00
1.22070312499999783e-04 1.96333013110723098e-04
0.00000000000000000e+00 0.00000000000000000e+00
1.22070312499999349e-04 -7.58973794460324376e-05
0.00000000000000000e+00 0.00000000000000000e+00
1.22070312500000027e-04 4.00397887095052165e-06
0.00000000000000000e+00 0.00000000000000000e+00
1.22070312500001274e-04 -3.72158836850044030e-03
0.00000000000000000e+00 0.00000000000000000e+00
1.22070312500001166e-04 1.30349843793922627e-04
0.00000000000000000e+00 0.00000000000000000e+00
1.22070312500001870e-04 -1.14316678563925069e-04
0.00000000000000000e+00 0.00000000000000000e+00
1.22070312500000840e-04 5.53187432812561860e-05
0.00000000000000000e+00 0.00000000000000000e+00
1.22070312499998414e-04 -2.69369119939795660e-04
0.00000000000000000e+00 0.00000000000000000e+00
1.22070312499999756e-04 3.24395931462504784e-04
0.00000000000000000e+00 0.00000000000000000e+00
1.22070312500001708e-04 -4.59351050633309666e-05
0.00000000000000000e+00 0.00000000000000000e+00
1.22070312499999214e-04 -7.99307527329427719e-06
0.00000000000000000e+00 0.00000000000000000e+00
1.22070312499997669e-04 1.86425883459844042e-03
0.00000000000000000e+00 0.00000000000000000e+00
1.22070312500000271e-04 1.07066594495242457e-04
0.00000000000000000e+00 0.00000000000000000e+00
1.22070312500001355e-04 -1.39176568229316001e-04
0.00000000000000000e+00 0.00000000000000000e+00
1.22070312500000190e-04 4.14459889221124736e-05
0.00000000000000000e+00 0.00000000000000000e+00
1.22070312499999743e-04 -3.59532045956260959e-04
0.00000000000000000e+00 0.00000000000000000e+00
1.22070312500001897e-04 2.47573996625950071e-04
0.00000000000000000e+00 0.00000000000000000e+00
1.22070312500000054e-04 -6.01887168964729990e-05
0.00000000000000000e+00 0.00000000000000000e+00
1.22070312500000488e-04 1.60787990496706285e-05
0.00000000000000000e+00 0.00000000000000000e+00
1.22070312500000705e-04 -9.26758344812696373e-04
0.00000000000000000e+00 0.00000000000000000e+00
1.22070312499999553e-04 1.59106183782989265e-04
0.00000000000000000e+00 0.00000000000000000e+00
1.22070312499998387e-04 -9.36554497100627106e-05
0.00000000000000000e+00 0.00000000000000000e+00
1.22070312499998807e-04 7.04877311388620096e-05
0.00000000000000000e+00 0.00000000000000000e+00
1.22070312499999729e-04 -2.11400777881361499e-04
0.00000000000000000e+00 0.00000000000000000e+00
1.22070312500000488e-04 4.55689109407261903e-04
0.00000000000000000e+00 0.00000000000000000e+00
1.22070312500000705e-04 -3.27002793927431417e-05
0.00000000000000000e+00 0.00000000000000000e+00
1.22070312500000813e-04 -2.32366739575649567e-05
0.00000000000000000e+00 0.00000000000000000e+00
1.22070312499999580e-04 6.41277715608529783e-04
0.00000000000000000e+00 0.00000000000000000e+00
1.22070312499998821e-04 8.30287203424338871e-05
0.00000000000000000e+00 0.00000000000000000e+00
1.22070312500000108e-04 -1.79469960904985707e-04
0.00000000000000000e+00 0.00000000000000000e+00
1.22070312500000813e-04 2.53293479268481742e-05
0.00000000000000000e+00 0.00000000000000000e+00
1.22070312500000922e-04 -5.88296281328805825e-04
0.00000000000000000e+00 0.00000000000000000e+00
1.22070312499999282e-04 1.85992797261114065e-04
0.00000000000000000e+00 0.00000000000000000e+00
1.22070312499999092e-04 -8.01168723374156308e-05
0.00000000000000000e+00 0.00000000000000000e+00
1.22070312499998672e-04 1.00651044698602238e-06
0.00000000000000000e+00 0.00000000000000000e+00
1.22070312500004798e-04 -1.48047754878925554e-02
0.00000000000000000e+00 0.00000000000000000e+00
1.22070312499999322e-04 1.24100069416840854e-04
0.00000000000000000e+00 0.00000000000000000e+00
1.22070312500000705e-04 -1.20073753897718193e-04
0.00000000000000000e+00 0.00000000000000000e+00
1.22070312500000651e-04 5.17464204979651109e-05
0.00000000000000000e+00 0.00000000000000000e+00
1.22070312500000651e-04 -2.87965062132818582e-04
0.00000000000000000e+00 0.00000000000000000e+00
1.22070312499999309e-04 3.01716277508885659e-04
0.00000000000000000e+00 0.00000000000000000e+00
1.22070312499999607e-04 -4.93879923114496917e-05
0.00000000000000000e+00 0.00000000000000000e+00
1.22070312500001572e-04 -1.10074268688362548e-05
0.00000000000000000e+00 0.00000000000000000e+00
1.22070312499998672e-04 1.35373701514529651e-03
0.00000000000000000e+00 0.00000000000000000e+00
1.22070312500001084e-04 1.01876401120493779e-04
0.00000000000000000e+00 0.00000000000000000e+00
1.22070312500001843e-04 -1.46267055274395549e-04
0.00000000000000000e+00 0.00000000000000000e+00
1.22070312500000949e-04 3.81315092356571600e-05
0.00000000000000000e+00 0.00000000000000000e+00
1.22070312500001599e-04 -3.90783409640472492e-04
0.00000000000000000e+00 0.00000000000000000e+00
1.22070312499999471e-04 2.32977903923114218e-04
0.00000000000000000e+00 0.00000000000000000e+00
1.22070312500000949e-04 -6.39595469910562926e-05
0.00000000000000000e+00 0.00000000000000000e+00
1.22070312499999187e-04 1.30399765262575093e-05
0.00000000000000000e+00 0.00000000000000000e+00
1.22070312500003090e-04 -1.14272914248289906e-03
0.00000000000000000e+00 0.00000000000000000e+00
1.22070312500000651e-04 1.51269415581482494e-04
0.00000000000000000e+00 0.00000000000000000e+00
1.22070312500001193e-04 -9.85074288584197346e-05
0.00000000000000000e+00 0.00000000000000000e+00
1.22070312499999241e-04 6.65477425635031979e-05
0.00000000000000000e+00 0.00000000000000000e+00
1.22070312500001789e-04 -2.23916854574419965e-04
0.00000000000000000e+00 0.00000000000000000e+00
1.22070312499999580e-04 4.14690187271187709e-04
0.00000000000000000e+00 0.00000000000000000e+00
1.22070312499998523e-04 -3.59332379960638183e-05
0.00000000000000000e+00 0.00000000000000000e+00
1.22070312499999553e-04 -1.70800196814788647e-05
0.00000000000000000e+00 0.00000000000000000e+00
1.22070312499999499e-04 8.72432319853060296e-04
0.00000000000000000e+00 0.00000000000000000e+00
1.22070312499998130e-04 9.21032501532854919e-05
0.00000000000000000e+00 0.00000000000000000e+00
1.22070312499999783e-04 -1.61787571763729639e-04
0.00000000000000000e+00 0.00000000000000000e+00
1.22070312500000217e-04 3.16488979600546401e-05
0.00000000000000000e+00 0.00000000000000000e+00
1.22070312500001030e-04 -4.70827174224351306e-04
0.00000000000000000e+00 0.00000000000000000e+00
1.22070312499999065e-04 2.07523319045432880e-04
0.00000000000000000e+00 0.00000000000000000e+00
1.22070312500000488e-04 -7.18047555445346433e-05
0.00000000000000000e+00 0.00000000000000000e+00
1.22070312499999932e-04 7.00627836449575994e-06
0.00000000000000000e+00 0.00000000000000000e+00
1.22070312500000081e-04 -2.12682974021722324e-03
0.00000000000000000e+00 0.00000000000000000e+00
1.22070312500001057e-04 1.36936097379550405e-04
0.00000000000000000e+00 0.00000000000000000e+00
1.22070312499999187e-04 -1.08818357460162043e-04
0.00000000000000000e+00 0.00000000000000000e+00
1.22070312500000813e-04 5.89714424628383696e-05
0.00000000000000000e+00 0.00000000000000000e+00
1.22070312500000976e-04 -2.52684359946563964e-04
0.00000000000000000e+00 0.00000000000000000e+00
1.22070312500000163e-04 3.50241194348583393e-04
0.00000000000000000e+00 0.00000000000000000e+00
1.22070312499999702e-04 -4.25454270779385049e-05
0.00000000000000000e+00 0.00000000000000000e+00
1.22070312499998862e-04 -4.98839881945076512e-06
0.00000000000000000e+00 0.00000000000000000e+00
1.22070312499998699e-04 2.98716316260530740e-03
0.00000000000000000e+00 0.00000000000000000e+00
1.22070312500000461e-04 1.12485209732287098e-04
0.00000000000000000e+00 0.00000000000000000e+00
1.22070312500000569e-04 -1.32472182158988050e-04
0.00000000000000000e+00 0.00000000000000000e+00
1.22070312500000407e-04 4.48161846037302709e-05
0.00000000000000000e+00 0.00000000000000000e+00
1.22070312500000407e-04 -3.32495086888924204e-04
0.00000000000000000e+00 0.00000000000000000e+00
1.22070312499998496e-04 2.63699654739961301e-04
0.00000000000000000e+00 0.00000000000000000e+00
1.22070312500000163e-04 -5.65080800296921510e-05
0.00000000000000000e+00 0.00000000000000000e+00
1.22070312499998902e-04 1.91373372895282671e-05
0.00000000000000000e+00 0.00000000000000000e+00
1.22070312500000461e-04 -7.78643390582946932e-04
0.00000000000000000e+00 0.00000000000000000e+00
1.22070312500000894e-04 1.67461028906942881e-04
0.00000000000000000e+00 0.00000000000000000e+00
1.22070312499999770e-04 -8.89828594217479426e-05
0.00000000000000000e+00 0.00000000000000000e+00
1.22070312499999553e-04 7.45410264778334654e-05
0.00000000000000000e+00 0.00000000000000000e+00
1.22070312500000000e-04 -1.99905500339183690e-04
0.00000000000000000e+00 0.00000000000000000e+00
1.22070312500000136e-04 5.04960406492832494e-04
0.00000000000000000e+00 0.00000000000000000e+00
1.22070312499998956e-04 -2.95095635266595688e-05
0.00000000000000000e+00 0.00000000000000000e+00
1.22070312500000840e-04 -2.47926960511459937e-05
0.00000000000000000e+00 0.00000000000000000e+00
1.22070312499999715e-04 6.01030285819158174e-04
0.00000000000000000e+00 0.00000000000000000e+00
1.22070312500002683e-04 8.08556841938278930e-05
0.00000000000000000e+00 0.00000000000000000e+00
1.22070312499999268e-04 -1.84293304081464793e-04
0.00000000000000000e+00 0.00000000000000000e+00
1.22070312499999322e-04 2.37707122141037613e-05
0.00000000000000000e+00 0.00000000000000000e+00
1.22070312500002467e-04 -6.26870623800952808e-04
0.00000000000000000e+00 0.00000000000000000e+00
1.22070312500001572e-04 1.81108157209110911e-04
0.00000000000000000e+00 0.00000000000000000e+00
1.22070312499998306e-04 -8.22776920900513504e-05
0.00000000000000000e+00 0.00000000000000000e+00
1.22070312500002304e-04 -4.91543131313374922e-07
0.00000000000000000e+00 0.00000000000000000e+00
1.22070312499991259e-04 3.03150634085971350e-02
0.00000000000000000e+00 0.00000000000000000e+00
1.22070312500001328e-04 1.21091168975487326e-04
0.00000000000000000e+00 0.00000000000000000e+00
1.22070312499997425e-04 -1.23057373381738896e-04
0.00000000000000000e+00 0.00000000000000000e+00
1.22070312500000325e-04 4.99882593224732272e-05
0.00000000000000000e+00 0.00000000000000000e+00
1.22070312499995623e-04 -2.98093220204373596e-04
0.00000000000000000e+00 0.00000000000000000e+00
1.22070312500002304e-04 2.91379652837383141e-04
0.00000000000000000e+00 0.00000000000000000e+00
1.22070312499998943e-04 -5.11400197259643464e-05
0.00000000000000000e+00 0.00000000000000000e+00
1.22070312500001626e-04 -1.25193846735343843e-05
0.00000000000000000e+00 0.00000000000000000e+00
1.22070312500001247e-04 1.19024709140441959e-03
0.00000000000000000e+00 0.00000000000000000e+00
1.22070312499999106e-04 9.93606217658636869e-05
0.00000000000000000e+00 0.00000000000000000e+00
1.22070312499999512e-04 -1.49970490613085587e-04
0.00000000000000000e+00 0.00000000000000000e+00
1.22070312499998889e-04 3.64935047878195198e-05
0.00000000000000000e+00 0.00000000000000000e+00
1.22070312499999106e-04 -4.08323653222276387e-04
0.00000000000000000e+00 0.00000000000000000e+00
1.22070312499998970e-04 2.26182014087475961e-04
0.00000000000000000e+00 0.00000000000000000e+00
1.22070312499999187e-04 -6.58812826208386937e-05
0.00000000000000000e+00 0.00000000000000000e+00
1.22070312500000461e-04 1.15267617709083238e-05
0.00000000000000000e+00 0.00000000000000000e+00
1.22070312499999770e-04 -1.29274478730503363e-03
0.00000000000000000e+00 0.00000000000000000e+00
1.22070312500000542e-04 1.47527707385676889e-04
0.00000000000000000e+00 0.00000000000000000e+00
1.22070312500001193e-04 -1.01005848039729395e-04
0.00000000000000000e+00 0.00000000000000000e+00
1.22070312499997791e-04 6.46173206396425038e-05
0.00000000000000000e+00 0.00000000000000000e+00
1.22070312499998550e-04 -2.30606299461848176e-04
0.00000000000000000e+00 0.00000000000000000e+00
1.22070312499998862e-04 3.96655021423974834e-04
0.00000000000000000e+00 0.00000000000000000e+00
1.22070312500001328e-04 -3.75670554739310125e-05
0.00000000000000000e+00 0.00000000000000000e+00
1.22070312500000108e-04 -1.86100794285830579e-05
0.00000000000000000e+00 0.00000000000000000e+00
1.22070312500000271e-04 8.00703793394957528e-04
0.00000000000000000e+00 0.00000000000000000e+00
1.22070312499999756e-04 8.97738683352697998e-05
0.00000000000000000e+00 0.00000000000000000e+00
1.22070312500000569e-04 -1.65985508591405350e-04
0.00000000000000000e+00 0.00000000000000000e+00
1.22070312499998929e-04 3.00551635006567385e-05
0.00000000000000000e+00 0.00000000000000000e+00
1.22070312500000461e-04 -4.95793715895832864e-04
0.00000000000000000e+00 0.00000000000000000e+00
1.22070312500000542e-04 2.01814642442672360e-04
0.00000000000000000e+00 0.00000000000000000e+00
1.22070312499999580e-04 -7.38358773847669044e-05
0.00000000000000000e+00 0.00000000000000000e+00
1.22070312499999133e-04 5.50429791123554770e-06
0.00000000000000000e+00 0.00000000000000000e+00
1.22070312499998509e-04 -2.70718653571266855e-03
0.00000000000000000e+00 0.00000000000000000e+00
1.22070312500000190e-04 1.33598739005582386e-04
0.00000000000000000e+00 0.00000000000000000e+00
1.22070312500000027e-04 -1.11536690426584093e-04
0.00000000000000000e+00 0.00000000000000000e+00
1.22070312500000407e-04 5.71346021646893060e-05
0.00000000000000000e+00 0.00000000000000000e+00
1.22070312500000298e-04 -2.60807997768072914e-04
0.00000000000000000e+00 0.00000000000000000e+00
1.22070312500000325e-04 3.36880890679321977e-04
0.00000000000000000e+00 0.00000000000000000e+00
1.22070312500001626e-04 -4.42327291518338273e-05
0.00000000000000000e+00 0.00000000000000000e+00
1.22070312500000217e-04 -6.48975683938176360e-06
0.00000000000000000e+00 0.00000000000000000e+00
1.22070312500000136e-04 2.29610470201680947e-03
0.00000000000000000e+00 0.00000000000000000e+00
1.22070312500000298e-04 1.09746009168443310e-04
0.00000000000000000e+00 0.00000000000000000e+00
1.22070312500000136e-04 -1.35778615612130391e-04
0.00000000000000000e+00 0.00000000000000000e+00
1.22070312500000759e-04 4.31237810330979785e-05
0.00000000000000000e+00 0.00000000000000000e+00
1.22070312500000434e-04 -3.45543939721126999e-04
0.00000000000000000e+00 0.00000000000000000e+00
1.22070312499998699e-04 2.55429773114141387e-04
0.00000000000000000e+00 0.00000000000000000e+00
1.22070312499999973e-04 -5.83376049400045435e-05
0.00000000000000000e+00 0.00000000000000000e+00
1.22070312499999471e-04 1.76053614048175801e-05
0.00000000000000000e+00 0.00000000000000000e+00
1.22070312500001003e-04 -8.46399051471278694e-04
0.00000000000000000e+00 0.00000000000000000e+00
1.22070312499999539e-04 1.63215059055303672e-04
0.00000000000000000e+00 0.00000000000000000e+00
1.22070312500000867e-04 -9.12977103956970375e-05
0.00000000000000000e+00 0.00000000000000000e+00
1.22070312500000027e-04 7.24996069355670833e-05
0.00000000000000000e+00 0.00000000000000000e+00
1.22070312500001057e-04 -2.05534372166883602e-04
0.00000000000000000e+00 0.00000000000000000e+00
1.22070312500001491e-04 4.79138043289037603e-04
0.00000000000000000e+00 0.00000000000000000e+00
1.22070312500000894e-04 -3.10999333126611049e-05
0.00000000000000000e+00 0.00000000000000000e+00
1.22070312499999309e-04 -2.16879050362173092e-05
0.00000000000000000e+00 0.00000000000000000e+00
1.22070312499999092e-04 6.87072410588460852e-04
0.00000000000000000e+00 0.00000000000000000e+00
1.22070312499999512e-04 8.52383401701480850e-05
0.00000000000000000e+00 0.00000000000000000e+00
1.22070312499999349e-04 -1.74817589879188237e-04
0.00000000000000000e+00 0.00000000000000000e+00
1.22070312500000298e-04 2.68959420737509920e-05
0.00000000000000000e+00 0.00000000000000000e+00
1.22070312500000786e-04 -5.54030089482908990e-04
0.00000000000000000e+00 0.00000000000000000e+00
1.22070312499999173e-04 1.91063593763024639e-04
0.00000000000000000e+00 0.00000000000000000e+00
1.22070312499998469e-04 -7.79905836604825924e-05
0.00000000000000000e+00 0.00000000000000000e+00
1.22070312499999404e-04 2.50486723368806093e-06
0.00000000000000000e+00 0.00000000000000000e+00
1.22070312500000325e-04 -5.94888263674941877e-03
0.00000000000000000e+00 0.00000000000000000e+00
1.22070312499999417e-04 1.27184999695890624e-04
0.00000000000000000e+00 0.00000000000000000e+00
1.22070312500000786e-04 -1.17161310134664205e-04
0.00000000000000000e+00 0.00000000000000000e+00
1.22070312499999526e-04 5.35229705801646601e-05
0.00000000000000000e+00 0.00000000000000000e+00
1.22070312500000813e-04 -2.78406841629415226e-04
0.00000000000000000e+00 0.00000000000000000e+00
1.22070312500001003e-04 3.12699607864648911e-04
0.00000000000000000e+00 0.00000000000000000e+00
1.22070312500000190e-04 -4.76532775196093092e-05
0.00000000000000000e+00 0.00000000000000000e+00
1.22070312500001274e-04 -9.49881175939722245e-06
0.00000000000000000e+00 0.00000000000000000e+00
1.22070312499999431e-04 1.56873949829631847e-03
0.00000000000000000e+00 0.00000000000000000e+00
1.22070312499999919e-04 1.04444248233399702e-04
0.00000000000000000e+00 0.00000000000000000e+00
1.22070312499999485e-04 -1.42670960305525272e-04
0.00000000000000000e+00 0.00000000000000000e+00
1.22070312500000759e-04 3.97821208888435857e-05
0.00000000000000000e+00 0.00000000000000000e+00
1.22070312500000813e-04 -3.74569300502692118e-04
0.00000000000000000e+00 0.00000000000000000e+00
1.22070312499999146e-04 2.40099785106748676e-04
0.00000000000000000e+00 0.00000000000000000e+00
1.22070312500000217e-04 -6.20623678910103426e-05
0.00000000000000000e+00 0.00000000000000000e+00
1.22070312499999051e-04 1.45571641003750102e-05
0.00000000000000000e+00 0.00000000000000000e+00
1.22070312500000352e-04 -1.02363077664713179e-03
0.00000000000000000e+00 0.00000000000000000e+00
1.22070312499998862e-04 1.55126689274338864e-04
0.00000000000000000e+00 0.00000000000000000e+00
1.22070312500001626e-04 -9.60580108010610623e-05
0.00000000000000000e+00 0.00000000000000000e+00
1.22070312500001545e-04 6.85041692326689416e-05
0.00000000000000000e+00 0.00000000000000000e+00
1.22070312499999444e-04 -2.17521960499035566e-04
0.00000000000000000e+00 0.00000000000000000e+00
1.22070312500000488e-04 4.34294595814589126e-04
0.00000000000000000e+00 0.00000000000000000e+00
1.22070312499999200e-04 -3.43111826337567818e-05
0.00000000000000000e+00 0.00000000000000000e+00
1.22070312499999946e-04 -1.55552056324799660e-05
0.00000000000000000e+00 0.00000000000000000e+00
1.22070312500000271e-04 9.57953340245952826e-04
0.00000000000000000e+00 0.00000000000000000e+00
1.22070312500000054e-04 9.44761738791236185e-05
0.00000000000000000e+00 0.00000000000000000e+00
1.22070312500000542e-04 -1.57724012118786101e-04
0.00000000000000000e+00 0.00000000000000000e+00
1.22070312500000054e-04 3.32528068536805746e-05
0.00000000000000000e+00 0.00000000000000000e+00
1.22070312500000136e-04 -4.48117395304887503e-04
0.00000000000000000e+00 0.00000000000000000e+00
1.22070312500000515e-04 2.13475278099797637e-04
0.00000000000000000e+00 0.00000000000000000e+00
1.22070312500001924e-04 -6.98027487139836407e-05
0.00000000000000000e+00 0.00000000000000000e+00
1.22070312500000271e-04 8.51037624908611657e-06
0.00000000000000000e+00 0.00000000000000000e+00
1.22070312499999959e-04 -1.75094035301279162e-03
0.00000000000000000e+00 0.00000000000000000e+00
1.22070312499999417e-04 1.40366629361664838e-04
0.00000000000000000e+00 0.00000000000000000e+00
1.22070312500001111e-04 -1.06158858851370714e-04
0.00000000000000000e+00 0.00000000000000000e+00
1.22070312500000488e-04 6.08301930086398919e-05
0.00000000000000000e+00 0.00000000000000000e+00
1.22070312500000108e-04 -2.44963240404830814e-04
0.00000000000000000e+00 0.00000000000000000e+00
1.22070312499999824e-04 3.64576719465699176e-04
0.00000000000000000e+00 0.00000000000000000e+00
1.22070312499999851e-04 -4.08724978810655831e-05
0.00000000000000000e+00 0.00000000000000000e+00
1.22070312500001409e-04 -3.48854594796637825e-06
0.00000000000000000e+00 0.00000000000000000e+00
1.22070312499999404e-04 4.27145332642903282e-03
0.00000000000000000e+00 0.00000000000000000e+00
1.22070312500000163e-04 1.15287073160250911e-04
0.00000000000000000e+00 0.00000000000000000e+00
1.22070312500001138e-04 -1.29252662812721377e-04
0.00000000000000000e+00 0.00000000000000000e+00
1.22070312500000705e-04 4.65239079236674902e-05
0.00000000000000000e+00 0.00000000000000000e+00
1.22070312500000759e-04 -3.20290402480716870e-04
0.00000000000000000e+00 0.00000000000000000e+00
1.22070312499999539e-04 2.72419968736128081e-04
0.00000000000000000e+00 0.00000000000000000e+00
1.22070312500001274e-04 -5.46992251081305402e-05
0.00000000000000000e+00 0.00000000000000000e+00
1.22070312500000190e-04 2.06752195554346013e-05
0.00000000000000000e+00 0.00000000000000000e+00
1.22070312500000027e-04 -7.20725656813227256e-04
0.00000000000000000e+00 0.00000000000000000e+00
1.22070312500000081e-04 1.71852416127396518e-04
0.00000000000000000e+00 0.00000000000000000e+00
1.22070312499998360e-04 -8.67090584446663558e-05
0.00000000000000000e+00 0.00000000000000000e+00
1.22070312499998455e-04 7.66132740782784306e-05
0.00000000000000000e+00 0.00000000000000000e+00
1.22070312499999946e-04 -1.94498425672586840e-04
0.00000000000000000e+00 0.00000000000000000e+00
1.22070312499998740e-04 5.33544822635041304e-04
0.00000000000000000e+00 0.00000000000000000e+00
1.22070312500000190e-04 -2.79286023623169415e-05
0.00000000000000000e+00 0.00000000000000000e+00
1.22070312499999228e-04 -2.77808496619346599e-05
0.00000000000000000e+00 0.00000000000000000e+00
1.22070312500001274e-04 5.36382485603571746e-04
0.00000000000000000e+00 0.00000000000000000e+00
1.22070312500000705e-04 7.68091753713694202e-05
0.00000000000000000e+00 0.00000000000000000e+00
1.22070312500000217e-04 -1.94002358726032715e-04
0.00000000000000000e+00 0.00000000000000000e+00
1.22070312499999946e-04 2.08197166713276280e-05
0.00000000000000000e+00 0.00000000000000000e+00
1.22070312499998265e-04 -7.15723534046366406e-04
0.00000000000000000e+00 0.00000000000000000e+00
1.22070312500000271e-04 1.72271880193114945e-04
0.00000000000000000e+00 0.00000000000000000e+00
1.22070312500000922e-04 -8.64979309283883945e-05
0.00000000000000000e+00 0.00000000000000000e+00
1.22070312499997981e-04 -3.34799567236254062e-06
0.00000000000000000e+00 0.00000000000000000e+00
1.22070312499998279e-04 4.45077074527023935e-03
0.00000000000000000e+00 0.00000000000000000e+00
1.22070312500002385e-04 1.15553068184880427e-04
0.00000000000000000e+00 0.00000000000000000e+00
1.22070312500001247e-04 -1.28955132286114776e-04
0.00000000000000000e+00 0.00000000000000000e+00
1.22070312499999593e-04 4.66848183728171132e-05
0.00000000000000000e+00 0.00000000000000000e+00
1.22070312499999024e-04 -3.19186444613527747e-04
0.00000000000000000e+00 0.00000000000000000e+00
1.22070312500002954e-04 2.73262008827167161e-04
0.00000000000000000e+00 0.00000000000000000e+00
1.22070312499998780e-04 -5.45306728066701532e-05
0.00000000000000000e+00 0.00000000000000000e+00
1.22070312499998929e-04 -1.54125058933615657e-05
0.00000000000000000e+00 0.00000000000000000e+00
1.22070312499998441e-04 9.66822741022704130e-04
0.00000000000000000e+00 0.00000000000000000e+00
1.22070312499998401e-04 9.47009374348538617e-05
0.00000000000000000e+00 0.00000000000000000e+00
1.22070312499999295e-04 -1.57349669364128999e-04
0.00000000000000000e+00 0.00000000000000000e+00
1.22070312500000949e-04 3.34037157911238407e-05
0.00000000000000000e+00 0.00000000000000000e+00
1.22070312500000244e-04 -4.46092922327072502e-04
0.00000000000000000e+00 0.00000000000000000e+00
1.22070312499998414e-04 2.14046370601626634e-04
0.00000000000000000e+00 0.00000000000000000e+00
1.22070312499999878e-04 -6.96165095066257384e-05
0.00000000000000000e+00 0.00000000000000000e+00
1.22070312500001220e-04 8.65151037082960886e-06
0.00000000000000000e+00 0.00000000000000000e+00
1.22070312500002141e-04 -1.72237685157214187e-03
0.00000000000000000e+00 0.00000000000000000e+00
1.22070312499998536e-04 1.40693196091400878e-04
0.00000000000000000e+00 0.00000000000000000e+00
1.22070312499997832e-04 -1.05912450692833068e-04
0.00000000000000000e+00 0.00000000000000000e+00
1.22070312499997710e-04 6.10056084118178367e-05
0.00000000000000000e+00 0.00000000000000000e+00
1.22070312499999444e-04 -2.44258873598280160e-04
0.00000000000000000e+00 0.00000000000000000e+00
1.22070312499998428e-04 3.65974669174801647e-04
0.00000000000000000e+00 0.00000000000000000e+00
1.22070312500000705e-04 -4.07163731507586185e-05
0.00000000000000000e+00 0.00000000000000000e+00
1.22070312500000786e-04 -2.15430613554822457e-05
0.00000000000000000e+00 0.00000000000000000e+00
1.22070312499997479e-04 6.91691907104795820e-04
0.00000000000000000e+00 0.00000000000000000e+00
1.22070312500000922e-04 8.54474247943393361e-05
0.00000000000000000e+00 0.00000000000000000e+00
1.22070312499999621e-04 -1.74389821925150309e-04
0.00000000000000000e+00 0.00000000000000000e+00
1.22070312500000000e-04 2.70432374181435642e-05
0.00000000000000000e+00 0.00000000000000000e+00
1.22070312500000000e-04 -5.51012475446086285e-04
0.00000000000000000e+00 0.00000000000000000e+00
1.22070312499999878e-04 1.91548962448993484e-04
0.00000000000000000e+00 0.00000000000000000e+00
1.22070312500001193e-04 -7.77929621927088400e-05
0.00000000000000000e+00 0.00000000000000000e+00
1.22070312499998401e-04 2.64536988270183067e-06
0.00000000000000000e+00 0.00000000000000000e+00
1.22070312500000542e-04 -5.63292161573014129e-03
0.00000000000000000e+00 0.00000000000000000e+00
1.22070312499999892e-04 1.27478246909377562e-04
0.00000000000000000e+00 0.00000000000000000e+00
1.22070312499997289e-04 -1.16891795699395522e-04
0.00000000000000000e+00 0.00000000000000000e+00
1.22070312499999824e-04 5.36904945362248737e-05
0.00000000000000000e+00 0.00000000000000000e+00
1.22070312499999038e-04 -2.77538162435689165e-04
0.00000000000000000e+00 0.00000000000000000e+00
1.22070312500000894e-04 3.13764752218720160e-04
0.00000000000000000e+00 0.00000000000000000e+00
1.22070312500001870e-04 -4.74915078525470945e-05
0.00000000000000000e+00 0.00000000000000000e+00
1.22070312499998211e-04 -9.35753383580292858e-06
0.00000000000000000e+00 0.00000000000000000e+00
1.22070312500000434e-04 1.59242397145670104e-03
0.00000000000000000e+00 0.00000000000000000e+00
1.22070312499998807e-04 1.04687739302426511e-04
0.00000000000000000e+00 0.00000000000000000e+00
1.22070312499997452e-04 -1.42339124840590319e-04
0.00000000000000000e+00 0.00000000000000000e+00
1.22070312499999363e-04 3.99375351788556866e-05
0.00000000000000000e+00 0.00000000000000000e+00
1.22070312500000705e-04 -3.73111688718746448e-04
0.00000000000000000e+00 0.00000000000000000e+00
1.22070312499998848e-04 2.40785095045353809e-04
0.00000000000000000e+00 0.00000000000000000e+00
1.22070312500000894e-04 -6.18857292268910517e-05
0.00000000000000000e+00 0.00000000000000000e+00
1.22070312499998319e-04 1.46996210580284533e-05
0.00000000000000000e+00 0.00000000000000000e+00
1.22070312500000244e-04 -1.01371056675710601e-03
0.00000000000000000e+00 0.00000000000000000e+00
1.22070312499998794e-04 1.55494467864684304e-04
0.00000000000000000e+00 0.00000000000000000e+00
1.22070312500001409e-04 -9.58308124943437189e-05
0.00000000000000000e+00 0.00000000000000000e+00
1.22070312500001166e-04 6.86889575537484955e-05
0.00000000000000000e+00 0.00000000000000000e+00
1.22070312500000407e-04 -2.16936778843780957e-04
0.00000000000000000e+00 0.00000000000000000e+00
1.22070312499998984e-04 4.36220544255184019e-04
0.00000000000000000e+00 0.00000000000000000e+00
1.22070312499997628e-04 -3.41596960301149012e-05
0.00000000000000000e+00 0.00000000000000000e+00
1.22070312500005042e-04 -2.46464968112018588e-05
0.00000000000000000e+00 0.00000000000000000e+00
1.22070312500001897e-04 6.04595505316365554e-04
0.00000000000000000e+00 0.00000000000000000e+00
1.22070312500003361e-04 8.10578943333532305e-05
0.00000000000000000e+00 0.00000000000000000e+00
1.22070312499997330e-04 -1.83833558919836709e-04
0.00000000000000000e+00 0.00000000000000000e+00
1.22070312499998062e-04 2.39165105180140725e-05
0.00000000000000000e+00 0.00000000000000000e+00
1.22070312500001870e-04 -6.23049135141365198e-04
0.00000000000000000e+00 0.00000000000000000e+00
1.22070312500002711e-04 1.81558500504764192e-04
0.00000000000000000e+00 0.00000000000000000e+00
1.22070312500000434e-04 -8.20736079688867942e-05
0.00000000000000000e+00 0.00000000000000000e+00
1.22070312500000922e-04 -3.51101307200494436e-07
0.00000000000000000e+00 0.00000000000000000e+00
1.22070312499976378e-04 4.24412011243278028e-02
0.00000000000000000e+00 0.00000000000000000e+00
1.22070312500001653e-04 1.21370123783728031e-04
0.00000000000000000e+00 0.00000000000000000e+00
1.22070312499999905e-04 -1.22774540630777044e-04
0.00000000000000000e+00 0.00000000000000000e+00
1.22070312500001545e-04 5.01523277085952628e-05
0.00000000000000000e+00 0.00000000000000000e+00
1.22070312499997479e-04 -2.97118037679709691e-04
0.00000000000000000e+00 0.00000000000000000e+00
1.22070312500003226e-04 2.92322867093895407e-04
0.00000000000000000e+00 0.00000000000000000e+00
1.22070312500000027e-04 -5.09750104122434473e-05
0.00000000000000000e+00 0.00000000000000000e+00
1.22070312500000759e-04 -1.23774840260171820e-05
0.00000000000000000e+00 0.00000000000000000e+00
1.22070312500001355e-04 1.20389258128137636e-03
0.00000000000000000e+00 0.00000000000000000e+00
1.22070312499997845e-04 9.95943272914659108e-05
0.00000000000000000e+00 0.00000000000000000e+00
1.22070312500000379e-04 -1.49618573658707061e-04
0.00000000000000000e+00 0.00000000000000000e+00
1.22070312500004798e-04 3.66465493216484726e-05
0.00000000000000000e+00 0.00000000000000000e+00
1.22070312500000244e-04 -4.06618398448881449e-04
0.00000000000000000e+00 0.00000000000000000e+00
1.22070312499995717e-04 2.26805940182448585e-04
0.00000000000000000e+00 0.00000000000000000e+00
1.22070312500001355e-04 -6.57000481639077963e-05
0.00000000000000000e+00 0.00000000000000000e+00
1.22070312500000379e-04 1.16684695985582466e-05
0.00000000000000000e+00 0.00000000000000000e+00
1.22070312499998767e-04 -1.27704503731051696e-03
0.00000000000000000e+00 0.00000000000000000e+00
1.22070312499999404e-04 1.47873753690093922e-04
0.00000000000000000e+00 0.00000000000000000e+00
1.22070312499998970e-04 -1.00769479518837449e-04
0.00000000000000000e+00 0.00000000000000000e+00
1.22070312500000678e-04 6.47972226158761554e-05
0.00000000000000000e+00 0.00000000000000000e+00
1.22070312499996883e-04 -2.29966047807079706e-04
0.00000000000000000e+00 0.00000000000000000e+00
1.22070312499996449e-04 3.98284402916786846e-04
0.00000000000000000e+00 0.00000000000000000e+00
1.22070312499997750e-04 -3.74133686499412646e-05
0.00000000000000000e+00 0.00000000000000000e+00
1.22070312499999621e-04 -1.84664002992995696e-05
0.00000000000000000e+00 0.00000000000000000e+00
1.22070312499999648e-04 8.06933725703551309e-04
0.00000000000000000e+00 0.00000000000000000e+00
1.22070312499994687e-04 8.99904493754809834e-05
0.00000000000000000e+00 0.00000000000000000e+00
1.22070312499999512e-04 -1.65586029375999148e-04
0.00000000000000000e+00 0.00000000000000000e+00
1.22070312499998319e-04 3.02041594301467281e-05
0.00000000000000000e+00 0.00000000000000000e+00
1.22070312499997669e-04 -4.93347985012164490e-04
0.00000000000000000e+00 0.00000000000000000e+00
1.22070312499998238e-04 2.02339945160764299e-04
0.00000000000000000e+00 0.00000000000000000e+00
1.22070312499998130e-04 -7.36441891491470169e-05
0.00000000000000000e+00 0.00000000000000000e+00
1.22070312500001952e-04 5.64503095499593076e-06
0.00000000000000000e+00 0.00000000000000000e+00
1.22070312500001030e-04 -2.63969521383304422e-03
0.00000000000000000e+00 0.00000000000000000e+00
1.22070312499997886e-04 1.33907787721950796e-04
0.00000000000000000e+00 0.00000000000000000e+00
1.22070312499998807e-04 -1.11279272455674940e-04
0.00000000000000000e+00 0.00000000000000000e+00
1.22070312499997913e-04 5.73059005110099928e-05
0.00000000000000000e+00 0.00000000000000000e+00
1.22070312499999837e-04 -2.60028392555928395e-04
0.00000000000000000e+00 0.00000000000000000e+00
1.22070312500001301e-04 3.38094791643324508e-04
0.00000000000000000e+00 0.00000000000000000e+00
1.22070312499997533e-04 -4.40739152514618010e-05
0.00000000000000000e+00 0.00000000000000000e+00
1.22070312500002467e-04 -6.34892831250219027e-06
0.00000000000000000e+00 0.00000000000000000e+00
1.22070312500001708e-04 2.34703566655591065e-03
0.00000000000000000e+00 0.00000000000000000e+00
1.22070312499997235e-04 1.10000226144657705e-04
0.00000000000000000e+00 0.00000000000000000e+00
1.22070312499997425e-04 -1.35464823265468725e-04
0.00000000000000000e+00 0.00000000000000000e+00
1.22070312500000515e-04 4.32818123546319078e-05
0.00000000000000000e+00 0.00000000000000000e+00
1.22070312499996381e-04 -3.44282283554896422e-04
0.00000000000000000e+00 0.00000000000000000e+00
1.22070312499998794e-04 2.56186950079047488e-04
0.00000000000000000e+00 0.00000000000000000e+00
1.22070312500001274e-04 -5.81651844063447573e-05
0.00000000000000000e+00 0.00000000000000000e+00
1.22070312499998021e-04 1.77487465932623311e-05
0.00000000000000000e+00 0.00000000000000000e+00
1.22070312499999892e-04 -8.39561324263078473e-04
0.00000000000000000e+00 0.00000000000000000e+00
1.22070312499999837e-04 1.63607170661418016e-04
0.00000000000000000e+00 0.00000000000000000e+00
1.22070312500000596e-04 -9.10789003538554470e-05
0.00000000000000000e+00 0.00000000000000000e+00
1.22070312500001789e-04 7.26897155068501473e-05
0.00000000000000000e+00 0.00000000000000000e+00
1.22070312499999566e-04 -2.04996829193031011e-04
0.00000000000000000e+00 0.00000000000000000e+00
1.22070312499997791e-04 4.81452613555956961e-04
0.00000000000000000e+00 0.00000000000000000e+00
1.22070312500001355e-04 -3.09504212341673186e-05
0.00000000000000000e+00 0.00000000000000000e+00
1.22070312499995948e-04 -2.62095437219887611e-05
0.00000000000000000e+00 0.00000000000000000e+00
1.22070312499997168e-04 5.68539511862802861e-04
0.00000000000000000e+00 0.00000000000000000e+00
1.22070312499997411e-04 7.89166802515849211e-05
0.00000000000000000e+00 0.00000000000000000e+00
1.22070312499997086e-04 -1.88821439857112525e-04
0.00000000000000000e+00 0.00000000000000000e+00
1.22070312499998713e-04 2.23646321001889308e-05
0.00000000000000000e+00 0.00000000000000000e+00
1.22070312500000000e-04 -6.66282419808803092e-04
0.00000000000000000e+00 0.00000000000000000e+00
1.22070312499999336e-04 1.76832641355695905e-04
0.00000000000000000e+00 0.00000000000000000e+00
1.22070312500000434e-04 -8.42670283020587740e-05
0.00000000000000000e+00 0.00000000000000000e+00
1.22070312499998807e-04 -1.84926990114656190e-06
0.00000000000000000e+00 0.00000000000000000e+00
1.22070312499996341e-04 8.05786174565518987e-03
0.00000000000000000e+00 0.00000000000000000e+00
1.22070312499999187e-04 1.18426966543600453e-04
0.00000000000000000e+00 0.00000000000000000e+00
1.22070312500002927e-04 -1.25825744159050362e-04
0.00000000000000000e+00 0.00000000000000000e+00
1.22070312500003171e-04 4.84101349228018254e-05
0.00000000000000000e+00 0.00000000000000000e+00
1.22070312499998387e-04 -3.07810775937946487e-04
0.00000000000000000e+00 0.00000000000000000e+00
1.22070312499998523e-04 2.82521739378514402e-04
0.00000000000000000e+00 0.00000000000000000e+00
1.22070312499997330e-04 -5.27434144594555112e-05
0.00000000000000000e+00 0.00000000000000000e+00
1.22070312499997926e-04 -1.38928754001397453e-05
0.00000000000000000e+00 0.00000000000000000e+00
1.22070312500000217e-04 1.07257574581712473e-03
0.00000000000000000e+00 0.00000000000000000e+00
1.22070312499996802e-04 9.71237417728756789e-05
0.00000000000000000e+00 0.00000000000000000e+00
1.22070312499999349e-04 -1.53424496645677559e-04
0.00000000000000000e+00 0.00000000000000000e+00
1.22070312499998441e-04 3.50194240129383651e-05
0.00000000000000000e+00 0.00000000000000000e+00
1.22070312499998713e-04 -4.25511315901193603e-04
0.00000000000000000e+00 0.00000000000000000e+00
1.22070312499995636e-04 2.20284865093910089e-04
0.00000000000000000e+00 0.00000000000000000e+00
1.22070312500000434e-04 -6.76449613889521222e-05
0.00000000000000000e+00 0.00000000000000000e+00
1.22070312499998848e-04 1.01584493895688346e-05
0.00000000000000000e+00 0.00000000000000000e+00
1.22070312500000136e-04 -1.46687359678664836e-03
0.00000000000000000e+00 0.00000000000000000e+00
1.22070312499999621e-04 1.44231414228348110e-04
0.00000000000000000e+00 0.00000000000000000e+00
1.22070312499998130e-04 -1.03314255591062401e-04
0.00000000000000000e+00 0.00000000000000000e+00
1.22070312500000596e-04 6.28894289845673924e-05
0.00000000000000000e+00 0.00000000000000000e+00
1.22070312500000976e-04 -2.36942224384075172e-04
0.00000000000000000e+00 0.00000000000000000e+00
1.22070312500001437e-04 3.81509908297543335e-04
0.00000000000000000e+00 0.00000000000000000e+00
1.22070312500000949e-04 -3.90583858236956015e-05
0.00000000000000000e+00 0.00000000000000000e+00
1.22070312499997411e-04 -2.00016374218289532e-05
0.00000000000000000e+00 0.00000000000000000e+00
1.22070312499995433e-04 7.44997065969514962e-04
0.00000000000000000e+00 0.00000000000000000e+00
1.22070312499997967e-04 8.76989093913955607e-05
0.00000000000000000e+00 0.00000000000000000e+00
1.22070312500000569e-04 -1.69912730925128185e-04
0.00000000000000000e+00 0.00000000000000000e+00
1.22070312499999051e-04 2.86191510343271330e-05
0.00000000000000000e+00 0.00000000000000000e+00
1.22070312499999431e-04 -5.20670972244220774e-04
0.00000000000000000e+00 0.00000000000000000e+00
1.22070312499996829e-04 1.96837680940431970e-04
0.00000000000000000e+00 0.00000000000000000e+00
1.22070312499999675e-04 -7.57027878130579009e-05
0.00000000000000000e+00 0.00000000000000000e+00
1.22070312499997899e-04 4.14457547082718553e-06
0.00000000000000000e+00 0.00000000000000000e+00
1.22070312499999444e-04 -3.59534077705533700e-03
0.00000000000000000e+00 0.00000000000000000e+00
1.22070312499997046e-04 1.30650790954478215e-04
0.00000000000000000e+00 0.00000000000000000e+00
1.22070312499998753e-04 -1.14053356164062626e-04
0.00000000000000000e+00 0.00000000000000000e+00
1.22070312500002765e-04 5.54881131556117198e-05
0.00000000000000000e+00 0.00000000000000000e+00
1.22070312499998265e-04 -2.68546907552235552e-04
0.00000000000000000e+00 0.00000000000000000e+00
1.22070312499998970e-04 3.25531639390259973e-04
0.00000000000000000e+00 0.00000000000000000e+00
1.22070312500002439e-04 -4.57748476361861478e-05
0.00000000000000000e+00 0.00000000000000000e+00
1.22070312499999390e-04 -7.85204355777831728e-06
0.00000000000000000e+00 0.00000000000000000e+00
1.22070312499995866e-04 1.89774306321631447e-03
0.00000000000000000e+00 0.00000000000000000e+00
1.22070312500001301e-04 1.07315324367928674e-04
0.00000000000000000e+00 0.00000000000000000e+00
1.22070312500002006e-04 -1.38853992024096827e-04
0.00000000000000000e+00 0.00000000000000000e+00
1.22070312500001735e-04 4.16026799341963067e-05
0.00000000000000000e+00 0.00000000000000000e+00
1.22070312500001138e-04 -3.58177915879872048e-04
0.00000000000000000e+00 0.00000000000000000e+00
1.22070312499996571e-04 2.48293788411304574e-04
0.00000000000000000e+00 0.00000000000000000e+00
1.22070312499998685e-04 -6.00142326926181494e-05
0.00000000000000000e+00 0.00000000000000000e+00
1.22070312499999661e-04 1.62216974699364162e-05
0.00000000000000000e+00 0.00000000000000000e+00
1.22070312500001545e-04 -9.18594445585092269e-04
0.00000000000000000e+00 0.00000000000000000e+00
1.22070312500000027e-04 1.59485779464277203e-04
0.00000000000000000e+00 0.00000000000000000e+00
1.22070312500002196e-04 -9.34325382733341178e-05
0.00000000000000000e+00 0.00000000000000000e+00
1.22070312499999228e-04 7.06751230475089869e-05
0.00000000000000000e+00 0.00000000000000000e+00
1.22070312500000163e-04 -2.10840258231037825e-04
0.00000000000000000e+00 0.00000000000000000e+00
1.22070312499999295e-04 4.57795677005592093e-04
0.00000000000000000e+00 0.00000000000000000e+00
1.22070312500001626e-04 -3.25498075720490512e-05
0.00000000000000000e+00 0.00000000000000000e+00
1.22070312499998008e-04 -2.30911767786724158e-05
0.00000000000000000e+00 0.00000000000000000e+00
1.22070312499996924e-04 6.45318397441348472e-04
0.00000000000000000e+00 0.00000000000000000e+00
1.22070312499999607e-04 8.32342936719744571e-05
0.00000000000000000e+00 0.00000000000000000e+00
1.22070312499998848e-04 -1.79026703254944720e-04
0.00000000000000000e+00 0.00000000000000000e+00
1.22070312499996422e-04 2.54758698154034221e-05
0.00000000000000000e+00 0.00000000000000000e+00
1.22070312499997533e-04 -5.84912754768344544e-04
0.00000000000000000e+00 0.00000000000000000e+00
1.22070312499998821e-04 1.86460091107244226e-04
0.00000000000000000e+00 0.00000000000000000e+00
1.22070312499999661e-04 -7.99160887746053954e-05
0.00000000000000000e+00 0.00000000000000000e+00
1.22070312499997357e-04 1.14696152479548651e-06
0.00000000000000000e+00 0.00000000000000000e+00
1.22070312500006559e-04 -1.29918579408915685e-02
0.00000000000000000e+00 0.00000000000000000e+00
1.22070312499998780e-04 1.24385993476892762e-04
0.00000000000000000e+00 0.00000000000000000e+00
1.22070312499999051e-04 -1.19797742312650806e-04
0.00000000000000000e+00 0.00000000000000000e+00
1.22070312500002277e-04 5.19121781993666604e-05
0.00000000000000000e+00 0.00000000000000000e+00
1.22070312500004825e-04 -2.87045577949368417e-04
0.00000000000000000e+00 0.00000000000000000e+00
1.22070312499995351e-04 3.02717528350920559e-04
0.00000000000000000e+00 0.00000000000000000e+00
1.22070312499999715e-04 -4.92246394684317133e-05
0.00000000000000000e+00 0.00000000000000000e+00
1.22070312499998699e-04 -1.08658594187547254e-05
0.00000000000000000e+00 0.00000000000000000e+00
1.22070312499998862e-04 1.37137437726514910e-03
0.00000000000000000e+00 0.00000000000000000e+00
1.22070312500001382e-04 1.02114888243625711e-04
0.00000000000000000e+00 0.00000000000000000e+00
1.22070312499999797e-04 -1.45925451715683694e-04
0.00000000000000000e+00 0.00000000000000000e+00
1.22070312500000678e-04 3.82857085958434907e-05
0.00000000000000000e+00 0.00000000000000000e+00
1.22070312499999634e-04 -3.89209492010433866e-04
0.00000000000000000e+00 0.00000000000000000e+00
1.22070312499999485e-04 2.33631343878144615e-04
0.00000000000000000e+00 0.00000000000000000e+00
1.22070312500002629e-04 -6.37806595061147748e-05
0.00000000000000000e+00 0.00000000000000000e+00
1.22070312500000298e-04 1.31820367821462851e-05
0.00000000000000000e+00 0.00000000000000000e+00
1.22070312500002087e-04 -1.13041417196086823e-03
0.00000000000000000e+00 0.00000000000000000e+00
1.22070312499997832e-04 1.51626026166596343e-04
0.00000000000000000e+00 0.00000000000000000e+00
1.22070312499999783e-04 -9.82757483697146175e-05
0.00000000000000000e+00 0.00000000000000000e+00
1.22070312500000705e-04 6.67300357042858886e-05
0.00000000000000000e+00 0.00000000000000000e+00
1.22070312500001193e-04 -2.23305158412956368e-04
0.00000000000000000e+00 0.00000000000000000e+00
1.22070312500000840e-04 4.16458298365258853e-04
0.00000000000000000e+00 0.00000000000000000e+00
1.22070312499999377e-04 -3.57806802081751585e-05
0.00000000000000000e+00 0.00000000000000000e+00
1.22070312499999309e-04 -1.69368530661192548e-05
0.00000000000000000e+00 0.00000000000000000e+00
1.22070312499998414e-04 8.79806959160145527e-04
0.00000000000000000e+00 0.00000000000000000e+00
1.22070312499999119e-04 9.23238323365016458e-05
0.00000000000000000e+00 0.00000000000000000e+00
1.22070312500000894e-04 -1.61401025247038545e-04
0.00000000000000000e+00 0.00000000000000000e+00
1.22070312499998929e-04 3.17988232367881628e-05
0.00000000000000000e+00 0.00000000000000000e+00
1.22070312500001003e-04 -4.68607315525085234e-04
0.00000000000000000e+00 0.00000000000000000e+00
1.22070312499998103e-04 2.08070716865296486e-04
0.00000000000000000e+00 0.00000000000000000e+00
1.22070312500001870e-04 -7.16158497377364578e-05
0.00000000000000000e+00 0.00000000000000000e+00
1.22070312499998943e-04 7.14719050997407363e-06
0.00000000000000000e+00 0.00000000000000000e+00
1.22070312500001708e-04 -2.08489771932753466e-03
0.00000000000000000e+00 0.00000000000000000e+00
1.22070312500000623e-04 1.37253676194652757e-04
0.00000000000000000e+00 0.00000000000000000e+00
1.22070312500000623e-04 -1.08566572546407275e-04
0.00000000000000000e+00 0.00000000000000000e+00
1.22070312499998143e-04 5.91447549009591143e-05
0.00000000000000000e+00 0.00000000000000000e+00
1.22070312500003822e-04 -2.51943916561998414e-04
0.00000000000000000e+00 0.00000000000000000e+00
1.22070312499999051e-04 3.51542056222978899e-04
0.00000000000000000e+00 0.00000000000000000e+00
1.22070312500000678e-04 -4.23879900855891022e-05
0.00000000000000000e+00 0.00000000000000000e+00
1.22070312499999336e-04 -4.84773070789170534e-06
0.00000000000000000e+00 0.00000000000000000e+00
1.22070312499997032e-04 3.07384260631124928e-03
0.00000000000000000e+00 0.00000000000000000e+00
1.22070312500001193e-04 1.12745176570208804e-04
0.00000000000000000e+00 0.00000000000000000e+00
1.22070312500000163e-04 -1.32166728964841284e-04
0.00000000000000000e+00 0.00000000000000000e+00
1.22070312500002412e-04 4.49756217292321121e-05
0.00000000000000000e+00 0.00000000000000000e+00
1.22070312499999580e-04 -3.31316402551543650e-04
0.00000000000000000e+00 0.00000000000000000e+00
1.22070312499998970e-04 2.64497453577539337e-04
0.00000000000000000e+00 0.00000000000000000e+00
1.22070312500000759e-04 -5.63376357401463508e-05
0.00000000000000000e+00 0.00000000000000000e+00
1.22070312499999512e-04 1.92812551552036644e-05
0.00000000000000000e+00 0.00000000000000000e+00
1.22070312500001518e-04 -7.72831492239524397e-04
0.00000000000000000e+00 0.00000000000000000e+00
1.22070312499998658e-04 1.67866409924902069e-04
0.00000000000000000e+00 0.00000000000000000e+00
1.22070312500002060e-04 -8.87679744894428335e-05
0.00000000000000000e+00 0.00000000000000000e+00
1.22070312499999946e-04 7.47339697504057409e-05
0.00000000000000000e+00 0.00000000000000000e+00
1.22070312500000271e-04 -1.99389397400062305e-04
0.00000000000000000e+00 0.00000000000000000e+00
1.22070312499996070e-04 5.07516188200890592e-04
0.00000000000000000e+00 0.00000000000000000e+00
1.22070312499999322e-04 -2.93609574241804302e-05
0.00000000000000000e+00 0.00000000000000000e+00
1.22070312499999512e-04 -2.69941306472779584e-05
0.00000000000000000e+00 0.00000000000000000e+00
1.22070312499998699e-04 5.52014857916837700e-04
0.00000000000000000e+00 0.00000000000000000e+00
1.22070312499999783e-04 7.78588037832832712e-05
0.00000000000000000e+00 0.00000000000000000e+00
1.22070312499997289e-04 -1.91386978347688548e-04
0.00000000000000000e+00 0.00000000000000000e+00
1.22070312499998956e-04 2.15913360277136132e-05
0.00000000000000000e+00 0.00000000000000000e+00
1.22070312500001328e-04 -6.90145397891163566e-04
0.00000000000000000e+00 0.00000000000000000e+00
1.22070312499999255e-04 1.74532254863084903e-04
0.00000000000000000e+00 0.00000000000000000e+00
1.22070312499998360e-04 -8.53776925390524103e-05
0.00000000000000000e+00 0.00000000000000000e+00
1.22070312500001545e-04 -2.59853490628591594e-06
0.00000000000000000e+00 0.00000000000000000e+00
1.22070312499994809e-04 5.73444719091364876e-03
0.00000000000000000e+00 0.00000000000000000e+00
1.22070312500001816e-04 1.16981567803115639e-04
0.00000000000000000e+00 0.00000000000000000e+00
1.22070312499999743e-04 -1.27380419613852146e-04
0.00000000000000000e+00 0.00000000000000000e+00
1.22070312499999295e-04 4.75454149607726386e-05
0.00000000000000000e+00 0.00000000000000000e+00
1.22070312500002602e-04 -3.13409004972246309e-04
0.00000000000000000e+00 0.00000000000000000e+00
1.22070312499999675e-04 2.77827216671477711e-04
0.00000000000000000e+00 0.00000000000000000e+00
1.22070312500000379e-04 -5.36346344046912031e-05
0.00000000000000000e+00 0.00000000000000000e+00
1.22070312500001979e-04 -1.46521310385083350e-05
0.00000000000000000e+00 0.00000000000000000e+00
1.22070312499998265e-04 1.01699617309506762e-03
0.00000000000000000e+00 0.00000000000000000e+00
1.22070312499999011e-04 9.59064996193772010e-05
0.00000000000000000e+00 0.00000000000000000e+00
1.22070312500000000e-04 -1.55371755334469871e-04
0.00000000000000000e+00 0.00000000000000000e+00
1.22070312500002900e-04 3.42101807057477620e-05
0.00000000000000000e+00 0.00000000000000000e+00
1.22070312500001437e-04 -4.35576804519580911e-04
0.00000000000000000e+00 0.00000000000000000e+00
1.22070312500002467e-04 2.17131573259584325e-04
0.00000000000000000e+00 0.00000000000000000e+00
1.22070312499997466e-04 -6.86273348926229429e-05
0.00000000000000000e+00 0.00000000000000000e+00
1.22070312499999593e-04 9.40462368963037588e-06
0.00000000000000000e+00 0.00000000000000000e+00
1.22070312499998753e-04 -1.58445055172976761e-03
0.00000000000000000e+00 0.00000000000000000e+00
1.22070312499998509e-04 1.42449637649658773e-04
0.00000000000000000e+00 0.00000000000000000e+00
1.22070312499999512e-04 -1.04606522274882678e-04
0.00000000000000000e+00 0.00000000000000000e+00
1.22070312499997493e-04 6.19445858593513767e-05
0.00000000000000000e+00 0.00000000000000000e+00
1.22070312500000136e-04 -2.40556313148690659e-04
0.00000000000000000e+00 0.00000000000000000e+00
1.22070312499998008e-04 3.73596418744902487e-04
0.00000000000000000e+00 0.00000000000000000e+00
1.22070312500000163e-04 -3.98857174378402173e-05
0.00000000000000000e+00 0.00000000000000000e+00
1.22070312499995636e-04 -2.07715446845779602e-05
0.00000000000000000e+00 0.00000000000000000e+00
1.22070312499999675e-04 7.17383392527022861e-04
0.00000000000000000e+00 0.00000000000000000e+00
1.22070312500001030e-04 8.65682684811020306e-05
0.00000000000000000e+00 0.00000000000000000e+00
1.22070312499998902e-04 -1.72131907629643571e-04
0.00000000000000000e+00 0.00000000000000000e+00
1.22070312499999187e-04 2.78300919451412280e-05
0.00000000000000000e+00 0.00000000000000000e+00
1.22070312499998889e-04 -5.35433415858676360e-04
0.00000000000000000e+00 0.00000000000000000e+00
1.22070312499998591e-04 1.94167512626339272e-04
0.00000000000000000e+00 0.00000000000000000e+00
1.22070312499999241e-04 -7.67438434591462298e-05
0.00000000000000000e+00 0.00000000000000000e+00
1.22070312499999553e-04 3.39484476030569402e-06
0.00000000000000000e+00 0.00000000000000000e+00
1.22070312500000786e-04 -4.38934980711994712e-03
0.00000000000000000e+00 0.00000000000000000e+00
1.22070312499997899e-04 1.29054228698895841e-04
0.00000000000000000e+00 0.00000000000000000e+00
1.22070312499997222e-04 -1.15464338860327362e-04
0.00000000000000000e+00 0.00000000000000000e+00
1.22070312500001328e-04 5.45868376316656167e-05
0.00000000000000000e+00 0.00000000000000000e+00
1.22070312499999688e-04 -2.72980847404925668e-04
0.00000000000000000e+00 0.00000000000000000e+00
1.22070312499999851e-04 3.19553691685361854e-04
0.00000000000000000e+00 0.00000000000000000e+00
1.22070312499999173e-04 -4.66311658465202883e-05
0.00000000000000000e+00 0.00000000000000000e+00
1.22070312499997832e-04 -8.60446312479150317e-06
0.00000000000000000e+00 0.00000000000000000e+00
1.22070312499996639e-04 1.73179441619201817e-03
0.00000000000000000e+00 0.00000000000000000e+00
1.22070312499998157e-04 1.05994532036379933e-04
0.00000000000000000e+00 0.00000000000000000e+00
1.22070312500000217e-04 -1.40584244371515774e-04
0.00000000000000000e+00 0.00000000000000000e+00
1.22070312500000298e-04 4.07684013916964649e-05
0.00000000000000000e+00 0.00000000000000000e+00
1.22070312499999444e-04 -3.65507615829248052e-04
0.00000000000000000e+00 0.00000000000000000e+00
1.22070312499998319e-04 2.44493301828746924e-04
0.00000000000000000e+00 0.00000000000000000e+00
1.22070312500002494e-04 -6.09471142251767257e-05
0.00000000000000000e+00 0.00000000000000000e+00
1.22070312500000163e-04 1.54600678478583277e-05
0.00000000000000000e+00 0.00000000000000000e+00
1.22070312500001409e-04 -9.63848369909434143e-04
0.00000000000000000e+00 0.00000000000000000e+00
1.22070312500000840e-04 1.57474326806822303e-04
0.00000000000000000e+00 0.00000000000000000e+00
1.22070312499999986e-04 -9.46259717123709097e-05
0.00000000000000000e+00 0.00000000000000000e+00
1.22070312500000488e-04 6.96785620576135649e-05
0.00000000000000000e+00 0.00000000000000000e+00
1.22070312500000434e-04 -2.13855750661547778e-04
0.00000000000000000e+00 0.00000000000000000e+00
1.22070312500000081e-04 4.46765852278765638e-04
0.00000000000000000e+00 0.00000000000000000e+00
1.22070312499996680e-04 -3.33534022751346145e-05
0.00000000000000000e+00 0.00000000000000000e+00
1.22070312499997791e-04 -2.38679037998541037e-05
0.00000000000000000e+00 0.00000000000000000e+00
1.22070312499996327e-04 6.24317967710999542e-04
0.00000000000000000e+00 0.00000000000000000e+00
1.22070312500000759e-04 8.21416008925910816e-05
0.00000000000000000e+00 0.00000000000000000e+00
1.22070312500000054e-04 -1.81408214983935366e-04
0.00000000000000000e+00 0.00000000000000000e+00
1.22070312499997140e-04 2.46952223247559968e-05
0.00000000000000000e+00 0.00000000000000000e+00
1.22070312499996978e-04 -6.03402593339319795e-04
0.00000000000000000e+00 0.00000000000000000e+00
1.22070312500001464e-04 1.83986630133480981e-04
0.00000000000000000e+00 0.00000000000000000e+00
1.22070312499999187e-04 -8.09904566600150007e-05
0.00000000000000000e+00 0.00000000000000000e+00
1.22070312500001735e-04 3.97915126934883082e-07
0.00000000000000000e+00 0.00000000000000000e+00
1.22070312500016480e-04 -3.74480892659755094e-02
0.00000000000000000e+00 0.00000000000000000e+00
1.22070312500000298e-04 1.22868745422217269e-04
0.00000000000000000e+00 0.00000000000000000e+00
1.22070312500004039e-04 -1.21277068001651142e-04
0.00000000000000000e+00 0.00000000000000000e+00
1.22070312499996002e-04 5.10299958757241121e-05
0.00000000000000000e+00 0.00000000000000000e+00
1.22070312500002168e-04 -2.92007885521622769e-04
0.00000000000000000e+00 0.00000000000000000e+00
1.22070312500001735e-04 2.97442490987585525e-04
0.00000000000000000e+00 0.00000000000000000e+00
1.22070312499998279e-04 -5.00976210371685006e-05
0.00000000000000000e+00 0.00000000000000000e+00
1.22070312499999458e-04 -1.16212302115475630e-05
0.00000000000000000e+00 0.00000000000000000e+00
1.22070312500000488e-04 1.28223612497060263e-03
0.00000000000000000e+00 0.00000000000000000e+00
1.22070312499999797e-04 1.00848219093253326e-04
0.00000000000000000e+00 0.00000000000000000e+00
1.22070312500000542e-04 -1.47758297844292257e-04
0.00000000000000000e+00 0.00000000000000000e+00
1.22070312500002223e-04 3.74645855271123768e-05
0.00000000000000000e+00 0.00000000000000000e+00
1.22070312500000108e-04 -3.97739918490871720e-04
0.00000000000000000e+00 0.00000000000000000e+00
1.22070312500001626e-04 2.30179156347958322e-04
0.00000000000000000e+00 0.00000000000000000e+00
1.22070312499997547e-04 -6.47372309042728076e-05
0.00000000000000000e+00 0.00000000000000000e+00
1.22070312499999431e-04 1.24247805446198492e-05
0.00000000000000000e+00 0.00000000000000000e+00
1.22070312499999593e-04 -1.19930980996670023e-03
0.00000000000000000e+00 0.00000000000000000e+00
1.22070312499996829e-04 1.49735768935435685e-04
0.00000000000000000e+00 0.00000000000000000e+00
1.22070312500001355e-04 -9.95163767467818300e-05
0.00000000000000000e+00 0.00000000000000000e+00
1.22070312500000379e-04 6.57604346825078640e-05
0.00000000000000000e+00 0.00000000000000000e+00
1.22070312500000271e-04 -2.26597668731825543e-04
0.00000000000000000e+00 0.00000000000000000e+00
1.22070312500000244e-04 4.07185362397550132e-04
0.00000000000000000e+00 0.00000000000000000e+00
1.22070312499998482e-04 -3.65955227518717423e-05
0.00000000000000000e+00 0.00000000000000000e+00
1.22070312500002982e-04 -1.77009462194444385e-05
0.00000000000000000e+00 0.00000000000000000e+00
1.22070312499999607e-04 8.41828510697239249e-04
0.00000000000000000e+00 0.00000000000000000e+00
1.22070312500000732e-04 9.11517952547529549e-05
0.00000000000000000e+00 0.00000000000000000e+00
1.22070312500000949e-04 -1.63476332552762012e-04
0.00000000000000000e+00 0.00000000000000000e+00
1.22070312499998875e-04 3.10002488814428405e-05
0.00000000000000000e+00 0.00000000000000000e+00
1.22070312500000786e-04 -4.80678760058868878e-04
0.00000000000000000e+00 0.00000000000000000e+00
1.22070312500000623e-04 2.05175779174210382e-04
0.00000000000000000e+00 0.00000000000000000e+00
1.22070312500000894e-04 -7.26263170722249945e-05
0.00000000000000000e+00 0.00000000000000000e+00
1.22070312499999160e-04 6.39586926372736077e-06
0.00000000000000000e+00 0.00000000000000000e+00
1.22070312500002683e-04 -2.32981016018542599e-03
0.00000000000000000e+00 0.00000000000000000e+00
1.22070312499999092e-04 1.35569331607228129e-04
0.00000000000000000e+00 0.00000000000000000e+00
1.22070312500001030e-04 -1.09915428638529260e-04
0.00000000000000000e+00 0.00000000000000000e+00
1.22070312499998780e-04 5.82226368867631215e-05
0.00000000000000000e+00 0.00000000000000000e+00
1.22070312500000054e-04 -2.55934151914644797e-04
0.00000000000000000e+00 0.00000000000000000e+00
1.22070312499999892e-04 3.44701924726380313e-04
0.00000000000000000e+00 0.00000000000000000e+00
1.22070312499999566e-04 -4.32291209446422498e-05
0.00000000000000000e+00 0.00000000000000000e+00
1.22070312499999295e-04 -5.59811829496081690e-06
0.00000000000000000e+00 0.00000000000000000e+00
1.22070312499997235e-04 2.66181606188289205e-03
0.00000000000000000e+00 0.00000000000000000e+00
1.22070312500004174e-04 1.11365018396786253e-04
0.00000000000000000e+00 0.00000000000000000e+00
1.22070312500000705e-04 -1.33804684885478823e-04
0.00000000000000000e+00 0.00000000000000000e+00
1.22070312500002819e-04 4.41268385356317024e-05
0.00000000000000000e+00 0.00000000000000000e+00
1.22070312499996138e-04 -3.37689299490944101e-04
0.00000000000000000e+00 0.00000000000000000e+00
1.22070312500002602e-04 2.60287835936127607e-04
0.00000000000000000e+00 0.00000000000000000e+00
1.22070312500001626e-04 -5.72487805288922360e-05
0.00000000000000000e+00 0.00000000000000000e+00
1.22070312500000434e-04 1.85142877663621132e-05
0.00000000000000000e+00 0.00000000000000000e+00
1.22070312500002602e-04 -8.04846580213608182e-04
0.00000000000000000e+00 0.00000000000000000e+00
1.22070312499999228e-04 1.65719050449683348e-04
0.00000000000000000e+00 0.00000000000000000e+00
1.22070312500003009e-04 -8.99182149150169101e-05
0.00000000000000000e+00 0.00000000000000000e+00
1.22070312499998875e-04 7.37080556297805872e-05
0.00000000000000000e+00 0.00000000000000000e+00
1.22070312499999417e-04 -2.02164621852094081e-04
0.00000000000000000e+00 0.00000000000000000e+00
1.22070312499997954e-04 4.94160697307297839e-04
0.00000000000000000e+00 0.00000000000000000e+00
1.22070312499998875e-04 -3.01544847152832135e-05
0.00000000000000000e+00 0.00000000000000000e+00
1.22070312500004662e-04 -2.54270213877639615e-05
0.00000000000000000e+00 0.00000000000000000e+00
1.22070312499999187e-04 5.86036443931225830e-04
0.00000000000000000e+00 0.00000000000000000e+00
1.22070312499998577e-04 7.99829829878619195e-05
0.00000000000000000e+00 0.00000000000000000e+00
1.22070312500001681e-04 -1.86304144171640349e-04
0.00000000000000000e+00 0.00000000000000000e+00
1.22070312499999851e-04 2.31396687822279952e-05
0.00000000000000000e+00 0.00000000000000000e+00
1.22070312500006207e-04 -6.43966053882825658e-04
0.00000000000000000e+00 0.00000000000000000e+00
1.22070312500003551e-04 1.79174289452809312e-04
0.00000000000000000e+00 0.00000000000000000e+00
1.22070312500000623e-04 -8.31657334283560329e-05
0.00000000000000000e+00 0.00000000000000000e+00
1.22070312500000136e-04 -1.10014417983560194e-06
0.00000000000000000e+00 0.00000000000000000e+00
1.22070312499991557e-04 1.35447348329516479e-02
0.00000000000000000e+00 0.00000000000000000e+00
1.22070312500001003e-04 1.19889676859807952e-04
0.00000000000000000e+00 0.00000000000000000e+00
1.22070312499997669e-04 -1.24290611036276228e-04
0.00000000000000000e+00 0.00000000000000000e+00
1.22070312499999349e-04 4.92790735511398223e-05
0.00000000000000000e+00 0.00000000000000000e+00
1.22070312500004174e-04 -3.02383144000954046e-04
0.00000000000000000e+00 0.00000000000000000e+00
1.22070312500000813e-04 2.87351519276109885e-04
0.00000000000000000e+00 0.00000000000000000e+00
1.22070312500000488e-04 -5.18569076348916963e-05
0.00000000000000000e+00 0.00000000000000000e+00
1.22070312499999675e-04 -1.31346794601930839e-05
0.00000000000000000e+00 0.00000000000000000e+00
1.22070312499999051e-04 1.13448990049639666e-03
0.00000000000000000e+00 0.00000000000000000e+00
1.22070312499999566e-04 9.83529274678645628e-05
0.00000000000000000e+00 0.00000000000000000e+00
1.22070312500001681e-04 -1.51507042825096061e-04
0.00000000000000000e+00 0.00000000000000000e+00
1.22070312500001138e-04 3.58315213503962543e-05
0.00000000000000000e+00 0.00000000000000000e+00
1.22070312500001409e-04 -4.15867388050020768e-04
0.00000000000000000e+00 0.00000000000000000e+00
1.22070312499999526e-04 2.23508770768861200e-04
0.00000000000000000e+00 0.00000000000000000e+00
1.22070312500000569e-04 -6.66692458760686048e-05
0.00000000000000000e+00 0.00000000000000000e+00
1.22070312500001166e-04 1.09130453284580352e-05
0.00000000000000000e+00 0.00000000000000000e+00
1.22070312500000407e-04 -1.36544481813798482e-03
0.00000000000000000e+00 0.00000000000000000e+00
1.22070312499997655e-04 1.46039215073246771e-04
0.00000000000000000e+00 0.00000000000000000e+00
1.22070312499999715e-04 -1.02035341578448531e-04
0.00000000000000000e+00 0.00000000000000000e+00
1.22070312499997818e-04 6.38402647434505494e-05
0.00000000000000000e+00 0.00000000000000000e+00
1.22070312500000352e-04 -2.33413211140801968e-04
0.00000000000000000e+00 0.00000000000000000e+00
1.22070312499999160e-04 3.89732846451432873e-04
0.00000000000000000e+00 0.00000000000000000e+00
1.22070312500001437e-04 -3.82342964662175220e-05
0.00000000000000000e+00 0.00000000000000000e+00
1.22070312499999743e-04 -1.92332767407048628e-05
0.00000000000000000e+00 0.00000000000000000e+00
1.22070312500001138e-04 7.74759360806765514e-04
0.00000000000000000e+00 0.00000000000000000e+00
1.22070312500000651e-04 8.88395628105870830e-05
0.00000000000000000e+00 0.00000000000000000e+00
1.22070312500000163e-04 -1.67731140523708810e-04
0.00000000000000000e+00 0.00000000000000000e+00
1.22070312499999363e-04 2.94104836330970421e-05
0.00000000000000000e+00 0.00000000000000000e+00
1.22070312500001274e-04 -5.06661548981737178e-04
0.00000000000000000e+00 0.00000000000000000e+00
1.22070312500001464e-04 1.99561215985809921e-04
0.00000000000000000e+00 0.00000000000000000e+00
1.22070312500000379e-04 -7.46696251585634522e-05
0.00000000000000000e+00 0.00000000000000000e+00
1.22070312500000759e-04 4.89461863179019708e-06
0.00000000000000000e+00 0.00000000000000000e+00
1.22070312499997994e-04 -3.04439677834515915e-03
0.00000000000000000e+00 0.00000000000000000e+00
1.22070312500002141e-04 1.32268462068847270e-04
0.00000000000000000e+00 0.00000000000000000e+00
1.22070312500001816e-04 -1.12658459626535567e-04
0.00000000000000000e+00 0.00000000000000000e+00
1.22070312500000488e-04 5.63944303662005717e-05
0.00000000000000000e+00 0.00000000000000000e+00
1.22070312499998984e-04 -2.64231079152425470e-04
0.00000000000000000e+00 0.00000000000000000e+00
1.22070312499997588e-04 3.31708478426328884e-04
0.00000000000000000e+00 0.00000000000000000e+00
1.22070312499999106e-04 -4.49224610252358243e-05
0.00000000000000000e+00 0.00000000000000000e+00
1.22070312500002141e-04 -7.10021770396323206e-06
0.00000000000000000e+00 0.00000000000000000e+00
1.22070312500002467e-04 2.09869074655686131e-03
0.00000000000000000e+00 0.00000000000000000e+00
1.22070312499999417e-04 1.08650443547349645e-04
0.00000000000000000e+00 0.00000000000000000e+00
1.22070312499999526e-04 -1.37147725378165635e-04
0.00000000000000000e+00 0.00000000000000000e+00
1.22070312499999743e-04 4.24404550837778925e-05
0.00000000000000000e+00 0.00000000000000000e+00
1.22070312500001247e-04 -3.51107479041697557e-04
0.00000000000000000e+00 0.00000000000000000e+00
1.22070312500001762e-04 2.52190339907298281e-04
0.00000000000000000e+00 0.00000000000000000e+00
1.22070312499998672e-04 -5.90869626462484979e-05
0.00000000000000000e+00 0.00000000000000000e+00
1.22070312500000651e-04 1.69845701737822748e-05
0.00000000000000000e+00 0.00000000000000000e+00
1.22070312499999607e-04 -8.77335195497034172e-04
0.00000000000000000e+00 0.00000000000000000e+00
1.22070312500003415e-04 1.61529743301858612e-04
0.00000000000000000e+00 0.00000000000000000e+00
1.22070312500000976e-04 -9.22502623309518757e-05
0.00000000000000000e+00 0.00000000000000000e+00
1.22070312499999675e-04 7.16787899745829145e-05
0.00000000000000000e+00 0.00000000000000000e+00
1.22070312500001952e-04 -2.07888012606395188e-04
0.00000000000000000e+00 0.00000000000000000e+00
1.22070312500000434e-04 4.69345086244183913e-04
0.00000000000000000e+00 0.00000000000000000e+00
1.22070312500000651e-04 -3.17488381802180238e-05
0.00000000000000000e+00 0.00000000000000000e+00
1.22070312500005692e-04 -2.23162507669196580e-05
0.00000000000000000e+00 0.00000000000000000e+00
1.22070312500001897e-04 6.67726911186069302e-04
0.00000000000000000e+00 0.00000000000000000e+00
1.22070312499997642e-04 8.43361682235690404e-05
0.00000000000000000e+00 0.00000000000000000e+00
1.22070312499999783e-04 -1.76687671585289629e-04
0.00000000000000000e+00 0.00000000000000000e+00
1.22070312499998902e-04 2.62585192217844452e-05
0.00000000000000000e+00 0.00000000000000000e+00
1.22070312500003551e-04 -5.67479112892409470e-04
0.00000000000000000e+00 0.00000000000000000e+00
1.22070312499999621e-04 1.88980356399984635e-04
0.00000000000000000e+00 0.00000000000000000e+00
1.22070312500001464e-04 -7.88503179785979530e-05
0.00000000000000000e+00 0.00000000000000000e+00
1.22070312500000623e-04 1.89609429763133612e-06
0.00000000000000000e+00 0.00000000000000000e+00
1.22070312500003063e-04 -7.85887137178876809e-03
0.00000000000000000e+00 0.00000000000000000e+00
1.22070312499996327e-04 1.25922333788816294e-04
0.00000000000000000e+00 0.00000000000000000e+00
1.22070312500000379e-04 -1.18336126289070916e-04
0.00000000000000000e+00 0.00000000000000000e+00
1.22070312499998943e-04 5.27989765426088535e-05
0.00000000000000000e+00 0.00000000000000000e+00
1.22070312499998970e-04 -2.82224432547911253e-04
0.00000000000000000e+00 0.00000000000000000e+00
1.22070312500000054e-04 3.08155580732748192e-04
0.00000000000000000e+00 0.00000000000000000e+00
1.22070312499999770e-04 -4.83559673279768278e-05
0.00000000000000000e+00 0.00000000000000000e+00
1.22070312499999024e-04 -1.01113133191982216e-05
0.00000000000000000e+00 0.00000000000000000e+00
1.22070312500000488e-04 1.47371174479931765e-03
0.00000000000000000e+00 0.00000000000000000e+00
1.22070312500001193e-04 1.03394627902984388e-04
0.00000000000000000e+00 0.00000000000000000e+00
1.22070312500001193e-04 -1.44119298033834435e-04
0.00000000000000000e+00 0.00000000000000000e+00
1.22070312499996666e-04 3.91099982181328148e-05
0.00000000000000000e+00 0.00000000000000000e+00
1.22070312499999783e-04 -3.81006440111245276e-04
0.00000000000000000e+00 0.00000000000000000e+00
1.22070312499998496e-04 2.37165578126431151e-04
0.00000000000000000e+00 0.00000000000000000e+00
1.22070312500001030e-04 -6.28302020536216027e-05
0.00000000000000000e+00 0.00000000000000000e+00
1.22070312500002467e-04 1.39402972157976873e-05
0.00000000000000000e+00 0.00000000000000000e+00
1.22070312499999797e-04 -1.06892707975824461e-03
0.00000000000000000e+00 0.00000000000000000e+00
1.22070312499997113e-04 1.53545318454694982e-04
0.00000000000000000e+00 0.00000000000000000e+00
1.22070312500002087e-04 -9.70473169994056826e-05
0.00000000000000000e+00 0.00000000000000000e+00
1.22070312500002223e-04 6.77061632045066364e-05
0.00000000000000000e+00 0.00000000000000000e+00
1.22070312500000108e-04 -2.20085742398935829e-04
0.00000000000000000e+00 0.00000000000000000e+00
1.22070312500000949e-04 4.26127769763877092e-04
0.00000000000000000e+00 0.00000000000000000e+00
1.22070312499998916e-04 -3.49687634816777150e-05
0.00000000000000000e+00 0.00000000000000000e+00
1.22070312499997561e-04 -1.61740598271908780e-05
0.00000000000000000e+00 0.00000000000000000e+00
1.22070312499999539e-04 9.21299992275325698e-04
0.00000000000000000e+00 0.00000000000000000e+00
1.22070312499998862e-04 9.35067984232654860e-05
0.00000000000000000e+00 0.00000000000000000e+00
1.22070312500000867e-04 -1.59359120888690148e-04
0.00000000000000000e+00 0.00000000000000000e+00
1.22070312500001003e-04 3.25999545669027060e-05
0.00000000000000000e+00 0.00000000000000000e+00
1.22070312499998943e-04 -4.57091471194148496e-04
0.00000000000000000e+00 0.00000000000000000e+00
1.22070312499999512e-04 2.11026850361252451e-04
0.00000000000000000e+00 0.00000000000000000e+00
1.22070312500000596e-04 -7.06126313705524321e-05
0.00000000000000000e+00 0.00000000000000000e+00
1.22070312499999336e-04 7.89905179181691207e-06
0.00000000000000000e+00 0.00000000000000000e+00
1.22070312500001870e-04 -1.88644935956560353e-03
0.00000000000000000e+00 0.00000000000000000e+00
1.22070312500000569e-04 1.38961423532664967e-04
0.00000000000000000e+00 0.00000000000000000e+00
1.22070312499997967e-04 -1.07232358557009596e-04
0.00000000000000000e+00 0.00000000000000000e+00
1.22070312499999593e-04 6.00723721354175301e-05
0.00000000000000000e+00 0.00000000000000000e+00
1.22070312500001057e-04 -2.48053483892007821e-04
0.00000000000000000e+00 0.00000000000000000e+00
1.22070312499997195e-04 3.58628275427946288e-04
0.00000000000000000e+00 0.00000000000000000e+00
1.22070312499998984e-04 -4.15504359662251165e-05
0.00000000000000000e+00 0.00000000000000000e+00
1.22070312499998618e-04 -4.09770873549782560e-06
0.00000000000000000e+00 0.00000000000000000e+00
1.22070312499997696e-04 3.63646177795886325e-03
0.00000000000000000e+00 0.00000000000000000e+00
1.22070312499997547e-04 1.14141067339810598e-04
0.00000000000000000e+00 0.00000000000000000e+00
1.22070312500001111e-04 -1.30550392957914880e-04
0.00000000000000000e+00 0.00000000000000000e+00
1.22070312499999634e-04 4.58282513914278863e-05
0.00000000000000000e+00 0.00000000000000000e+00
1.22070312499999851e-04 -3.25152296703929268e-04
0.00000000000000000e+00 0.00000000000000000e+00
1.22070312500000894e-04 2.68820515402136840e-04
0.00000000000000000e+00 0.00000000000000000e+00
1.22070312499997059e-04 -5.54316368732362281e-05
0.00000000000000000e+00 0.00000000000000000e+00
1.22070312500000163e-04 2.00497106663336294e-05
0.00000000000000000e+00 0.00000000000000000e+00
1.22070312500003009e-04 -7.43210784526131675e-04
0.00000000000000000e+00 0.00000000000000000e+00
1.22070312499998225e-04 1.70050316589059615e-04
0.00000000000000000e+00 0.00000000000000000e+00
1.22070312499999932e-04 -8.76279532596064030e-05
0.00000000000000000e+00 0.00000000000000000e+00
1.22070312500000840e-04 7.57676208051264165e-05
0.00000000000000000e+00 0.00000000000000000e+00
1.22070312500003171e-04 -1.96669250472750949e-04
0.00000000000000000e+00 0.00000000000000000e+00
1.22070312499999783e-04 5.21570938079703931e-04
0.00000000000000000e+00 0.00000000000000000e+00
1.22070312499999024e-04 -2.85697689535974453e-05
0.00000000000000000e+00 0.00000000000000000e+00
1.22070312499992153e-04 -2.73872193981510653e-05
0.00000000000000000e+00 0.00000000000000000e+00
1.22070312499998658e-04 5.44091788845530041e-04
0.00000000000000000e+00 0.00000000000000000e+00
1.22070312500000596e-04 7.73329695507429923e-05
0.00000000000000000e+00 0.00000000000000000e+00
1.22070312499990080e-04 -1.92688335653149883e-04
0.00000000000000000e+00 0.00000000000000000e+00
1.22070312500005828e-04 2.12053207324490370e-05
0.00000000000000000e+00 0.00000000000000000e+00
1.22070312499998848e-04 -7.02708597613931779e-04
0.00000000000000000e+00 0.00000000000000000e+00
1.22070312500011384e-04 1.73397142217828029e-04
0.00000000000000000e+00 0.00000000000000000e+00
1.22070312499991814e-04 -8.59366019719466401e-05
0.00000000000000000e+00 0.00000000000000000e+00
1.22070312499997046e-04 -2.97323728728649790e-06
0.00000000000000000e+00 0.00000000000000000e+00
1.22070312499985689e-04 5.01176319077527212e-03
0.00000000000000000e+00 0.00000000000000000e+00
1.22070312499996043e-04 1.16265230903819840e-04
0.00000000000000000e+00 0.00000000000000000e+00
1.22070312499999268e-04 -1.28165239754034405e-04
0.00000000000000000e+00 0.00000000000000000e+00
1.22070312499995595e-04 4.71146071407165437e-05
0.00000000000000000e+00 0.00000000000000000e+00
1.22070312500011465e-04 -3.16274762715189578e-04
0.00000000000000000e+00 0.00000000000000000e+00
1.22070312500009948e-04 2.75528806137364146e-04
0.00000000000000000e+00 0.00000000000000000e+00
1.22070312500002846e-04 -5.40820446426117186e-05
0.00000000000000000e+00 0.00000000000000000e+00
1.22070312500010083e-04 -1.50321748307618513e-05
0.00000000000000000e+00 0.00000000000000000e+00
1.22070312500008674e-04 9.91284452290433883e-04
0.00000000000000000e+00 0.00000000000000000e+00
1.22070312500002060e-04 9.53022747368547295e-05
0.00000000000000000e+00 0.00000000000000000e+00
1.22070312499994267e-04 -1.56356826056805145e-04
0.00000000000000000e+00 0.00000000000000000e+00
1.22070312499996409e-04 3.38066056398375104e-05
0.00000000000000000e+00 0.00000000000000000e+00
1.22070312500002196e-04 -4.40776614860492852e-04
0.00000000000000000e+00 0.00000000000000000e+00
1.22070312500004120e-04 2.15580613887096802e-04
0.00000000000000000e+00 0.00000000000000000e+00
1.22070312499990039e-04 -6.91210629989654645e-05
0.00000000000000000e+00 0.00000000000000000e+00
1.22070312500002819e-04 9.02798159003420841e-06
0.00000000000000000e+00 0.00000000000000000e+00
1.22070312500008511e-04 -1.65055289991878425e-03
0.00000000000000000e+00 0.00000000000000000e+00
1.22070312500001599e-04 1.41568292151853935e-04
0.00000000000000000e+00 0.00000000000000000e+00
1.22070312500007074e-04 -1.05257759116460825e-04
0.00000000000000000e+00 0.00000000000000000e+00
1.22070312499995677e-04 6.14743717640853650e-05
0.00000000000000000e+00 0.00000000000000000e+00
1.22070312499997357e-04 -2.42396315183711868e-04
0.00000000000000000e+00 0.00000000000000000e+00
1.22070312500007400e-04 3.69750130020689109e-04
0.00000000000000000e+00 0.00000000000000000e+00
1.22070312499997872e-04 -4.03006246218584038e-05
0.00000000000000000e+00 0.00000000000000000e+00
1.22070312499989903e-04 -2.11570978978374849e-05
0.00000000000000000e+00 0.00000000000000000e+00
1.22070312499999228e-04 7.04310263430213391e-04
0.00000000000000000e+00 0.00000000000000000e+00
1.22070312500007752e-04 8.60066352358583840e-05
0.00000000000000000e+00 0.00000000000000000e+00
1.22070312499994091e-04 -1.73255948834436619e-04
0.00000000000000000e+00 0.00000000000000000e+00
1.22070312499995284e-04 2.74363933923205937e-05
0.00000000000000000e+00 0.00000000000000000e+00
1.22070312500003903e-04 -5.43116618163707460e-04
0.00000000000000000e+00 0.00000000000000000e+00
1.22070312500004228e-04 1.92851891596672320e-04
0.00000000000000000e+00 0.00000000000000000e+00
1.22070312500001464e-04 -7.72673841592929088e-05
0.00000000000000000e+00 0.00000000000000000e+00
1.22070312499994213e-04 3.02007887776740765e-06
0.00000000000000000e+00 0.00000000000000000e+00
1.22070312500014447e-04 -4.93403046640250760e-03
0.00000000000000000e+00 0.00000000000000000e+00
1.22070312499995351e-04 1.28263697614285039e-04
0.00000000000000000e+00 0.00000000000000000e+00
1.22070312500004228e-04 -1.16175983314143413e-04
0.00000000000000000e+00 0.00000000000000000e+00
1.22070312499990202e-04 5.41380562829032672e-05
0.00000000000000000e+00 0.00000000000000000e+00
1.22070312499997466e-04 -2.75243741961855339e-04
0.00000000000000000e+00 0.00000000000000000e+00
1.22070312499989754e-04 3.16636187876699030e-04
0.00000000000000000e+00 0.00000000000000000e+00
1.22070312500009053e-04 -4.70608280555949720e-05
0.00000000000000000e+00 0.00000000000000000e+00
1.22070312500003388e-04 -8.98091349037276679e-06
0.00000000000000000e+00 0.00000000000000000e+00
1.22070312499979780e-04 1.65920328815525263e-03
0.00000000000000000e+00 0.00000000000000000e+00
1.22070312500002412e-04 1.05339405817987358e-04
0.00000000000000000e+00 0.00000000000000000e+00
1.22070312499996531e-04 -1.41458565084320929e-04
0.00000000000000000e+00 0.00000000000000000e+00
1.22070312500003686e-04 4.03525469641187007e-05
0.00000000000000000e+00 0.00000000000000000e+00
1.22070312499993956e-04 -3.69274365930388748e-04
0.00000000000000000e+00 0.00000000000000000e+00
1.22070312499999851e-04 2.42627892257034892e-04
0.00000000000000000e+00 0.00000000000000000e+00
1.22070312500003009e-04 -6.14156973265918900e-05
0.00000000000000000e+00 0.00000000000000000e+00
1.22070312500003063e-04 1.50797003500315194e-05
0.00000000000000000e+00 0.00000000000000000e+00
1.22070312499999986e-04 -9.88160298146844099e-04
0.00000000000000000e+00 0.00000000000000000e+00
1.22070312499996639e-04 1.56480504144743089e-04
0.00000000000000000e+00 0.00000000000000000e+00
1.22070312499995934e-04 -9.52269503174947942e-05
0.00000000000000000e+00 0.00000000000000000e+00
1.22070312500006885e-04 6.91828994626417676e-05
0.00000000000000000e+00 0.00000000000000000e+00
1.22070312500000813e-04 -2.15387925478522908e-04
0.00000000000000000e+00 0.00000000000000000e+00
1.22070312500003849e-04 4.41434700812778729e-04
0.00000000000000000e+00 0.00000000000000000e+00
1.22070312500005313e-04 -3.37562071273836921e-05
0.00000000000000000e+00 0.00000000000000000e+00
1.22070312499981636e-04 -2.42569629725090142e-05
0.00000000000000000e+00 0.00000000000000000e+00
1.22070312499992370e-04 6.14304486952049300e-04
0.00000000000000000e+00 0.00000000000000000e+00
1.22070312500003984e-04 8.15986363781511306e-05
0.00000000000000000e+00 0.00000000000000000e+00
1.22070312499993386e-04 -1.82615321226505450e-04
0.00000000000000000e+00 0.00000000000000000e+00
1.22070312500010761e-04 2.43056285759219325e-05
0.00000000000000000e+00 0.00000000000000000e+00
1.22070312499993400e-04 -6.13074504421546869e-04
0.00000000000000000e+00 0.00000000000000000e+00
1.22070312499995514e-04 1.82766988573294952e-04
0.00000000000000000e+00 0.00000000000000000e+00
1.22070312499981853e-04 -8.15309225706938446e-05
0.00000000000000000e+00 0.00000000000000000e+00
1.22070312500056053e-04 2.34066894598006015e-08
0.00000000000000000e+00 0.00000000000000000e+00
1.22070312500213046e-04 -6.36619764565351631e-01
0.00000000000000000e+00 0.00000000000000000e+00
1.22070312499938241e-04 1.22117134857235306e-04
0.00000000000000000e+00 0.00000000000000000e+00
1.22070312499997818e-04 -1.22023508095453251e-04
0.00000000000000000e+00 0.00000000000000000e+00
1.22070312499991868e-04 5.05906038214228769e-05
0.00000000000000000e+00 0.00000000000000000e+00
1.22070312500050199e-04 -2.94544047081340336e-04
0.00000000000000000e+00 0.00000000000000000e+00
1.22070312499957364e-04 2.94863708897620427e-04
0.00000000000000000e+00 0.00000000000000000e+00
1.22070312499970483e-04 -5.05357585358949470e-05
0.00000000000000000e+00 0.00000000000000000e+00
1.22070312500001843e-04 -1.19992430852282582e-05
0.00000000000000000e+00 0.00000000000000000e+00
1.22070312499973410e-04 1.24184176351855549e-03
0.00000000000000000e+00 0.00000000000000000e+00
1.22070312499998292e-04 1.00219694038804845e-04
0.00000000000000000e+00 0.00000000000000000e+00
1.22070312500000108e-04 -1.48684959944906877e-04
0.00000000000000000e+00 0.00000000000000000e+00
1.22070312499995826e-04 3.70551865052806781e-05
0.00000000000000000e+00 0.00000000000000000e+00
1.22070312500005638e-04 -4.02134292097711587e-04
0.00000000000000000e+00 0.00000000000000000e+00
1.22070312499996395e-04 2.28482863055442934e-04
0.00000000000000000e+00 0.00000000000000000e+00
1.22070312500002168e-04 -6.52178504531142860e-05
0.00000000000000000e+00 0.00000000000000000e+00
1.22070312500000379e-04 1.20465105801891912e-05
0.00000000000000000e+00 0.00000000000000000e+00
1.22070312500031713e-04 -1.23696908699492090e-03
0.00000000000000000e+00 0.00000000000000000e+00
1.22070312500007156e-04 1.48801279534370125e-04
0.00000000000000000e+00 0.00000000000000000e+00
1.22070312499982504e-04 -1.00141351206627151e-04
0.00000000000000000e+00 0.00000000000000000e+00
1.22070312499989808e-04 6.52780385161025599e-05
0.00000000000000000e+00 0.00000000000000000e+00
1.22070312499987369e-04 -2.28272195865189342e-04
0.00000000000000000e+00 0.00000000000000000e+00
1.22070312499994931e-04 4.02689840547515888e-04
0.00000000000000000e+00 0.00000000000000000e+00
1.22070312500003469e-04 -3.70040653958111012e-05
0.00000000000000000e+00 0.00000000000000000e+00
1.22070312500000596e-04 -1.80834993140286030e-05
0.00000000000000000e+00 0.00000000000000000e+00
1.22070312500000379e-04 8.24019783731735054e-04
0.00000000000000000e+00 0.00000000000000000e+00
1.22070312500001220e-04 9.05698005441130485e-05
0.00000000000000000e+00 0.00000000000000000e+00
1.22070312500015965e-04 -1.64526819141979660e-04
0.00000000000000000e+00 0.00000000000000000e+00
1.22070312500005123e-04 3.06018980148028126e-05
0.00000000000000000e+00 0.00000000000000000e+00
1.22070312500009134e-04 -4.86935849097713282e-04
0.00000000000000000e+00 0.00000000000000000e+00
1.22070312500003009e-04 2.03750601259511139e-04
0.00000000000000000e+00 0.00000000000000000e+00
1.22070312500012170e-04 -7.31343176497986440e-05
0.00000000000000000e+00 0.00000000000000000e+00
1.22070312500017564e-04 6.02039330490215134e-06
0.00000000000000000e+00 0.00000000000000000e+00
1.22070312500011113e-04 -2.47511423908787498e-03
0.00000000000000000e+00 0.00000000000000000e+00
1.22070312499998279e-04 1.34735746430473776e-04
0.00000000000000000e+00 0.00000000000000000e+00
1.22070312499984618e-04 -1.10595455093545619e-04
0.00000000000000000e+00 0.00000000000000000e+00
1.22070312500001626e-04 5.77636032572457139e-05
0.00000000000000000e+00 0.00000000000000000e+00
1.22070312499987681e-04 -2.57967999805760702e-04
0.00000000000000000e+00 0.00000000000000000e+00
1.22070312499989212e-04 3.41370014934534532e-04
0.00000000000000000e+00 0.00000000000000000e+00
1.22070312499988426e-04 -4.36510546970804349e-05
0.00000000000000000e+00 0.00000000000000000e+00
1.22070312499995121e-04 -5.97346694415621491e-06
0.00000000000000000e+00 0.00000000000000000e+00
1.22070312499997344e-04 2.49455824116316281e-03
0.00000000000000000e+00 0.00000000000000000e+00
1.22070312500000515e-04 1.10680724036636260e-04
0.00000000000000000e+00 0.00000000000000000e+00
1.22070312500002683e-04 -1.34631945386587041e-04
0.00000000000000000e+00 0.00000000000000000e+00
1.22070312499997710e-04 4.37038613562011594e-05
0.00000000000000000e+00 0.00000000000000000e+00
1.22070312499998631e-04 -3.40957543142347906e-04
0.00000000000000000e+00 0.00000000000000000e+00
1.22070312500000081e-04 2.58224085839068099e-04
0.00000000000000000e+00 0.00000000000000000e+00
1.22070312500000759e-04 -5.77063179270394171e-05
0.00000000000000000e+00 0.00000000000000000e+00
1.22070312500009487e-04 1.81313427543895270e-05
0.00000000000000000e+00 0.00000000000000000e+00
1.22070312500001843e-04 -8.21845430627501732e-04
0.00000000000000000e+00 0.00000000000000000e+00
1.22070312499995013e-04 1.64658740718823742e-04
0.00000000000000000e+00 0.00000000000000000e+00
1.22070312500010734e-04 -9.04972376734878626e-05
0.00000000000000000e+00 0.00000000000000000e+00
1.22070312500000108e-04 7.31979488629800338e-05
0.00000000000000000e+00 0.00000000000000000e+00
1.22070312499991706e-04 -2.03573480204210974e-04
0.00000000000000000e+00 0.00000000000000000e+00
1.22070312499980661e-04 4.87728767590361054e-04
0.00000000000000000e+00 0.00000000000000000e+00
1.22070312500009487e-04 -3.05521473901679906e-05
0.00000000000000000e+00 0.00000000000000000e+00
1.22070312500001003e-04 -2.58180286733810311e-05
0.00000000000000000e+00 0.00000000000000000e+00
1.22070312499995812e-04 5.77161075400412556e-04
0.00000000000000000e+00 0.00000000000000000e+00
1.22070312499994633e-04 7.94487670382225045e-05
0.00000000000000000e+00 0.00000000000000000e+00
1.22070312500001409e-04 -1.87556858958903074e-04
0.00000000000000000e+00 0.00000000000000000e+00
1.22070312499994227e-04 2.27519288504203893e-05
0.00000000000000000e+00 0.00000000000000000e+00
1.22070312500002385e-04 -6.54940567536679234e-04
0.00000000000000000e+00 0.00000000000000000e+00
1.22070312500000678e-04 1.77998227608801881e-04
0.00000000000000000e+00 0.00000000000000000e+00
1.22070312500005448e-04 -8.37152223032106506e-05
0.00000000000000000e+00 0.00000000000000000e+00
1.22070312500004120e-04 -1.47469315799355111e-06
0.00000000000000000e+00 0.00000000000000000e+00
1.22070312499978966e-04 1.01045842066096667e-02
0.00000000000000000e+00 0.00000000000000000e+00
1.22070312500001816e-04 1.19156131490760360e-04
0.00000000000000000e+00 0.00000000000000000e+00
1.22070312500006424e-04 -1.25055765132860229e-04
0.00000000000000000e+00 0.00000000000000000e+00
1.22070312499999634e-04 4.88440708871147497e-05
0.00000000000000000e+00 0.00000000000000000e+00
1.22070312500002168e-04 -3.05076151991650268e-04
0.00000000000000000e+00 0.00000000000000000e+00
1.22070312500009920e-04 2.84919336719555031e-04
0.00000000000000000e+00 0.00000000000000000e+00
1.22070312500003524e-04 -5.22995784189873170e-05
0.00000000000000000e+00 0.00000000000000000e+00
1.22070312499999607e-04 -1.35136486748015200e-05
0.00000000000000000e+00 0.00000000000000000e+00
1.22070312500003063e-04 1.10267489946103570e-03
0.00000000000000000e+00 0.00000000000000000e+00
1.22070312500002060e-04 9.77368249332383242e-05
0.00000000000000000e+00 0.00000000000000000e+00
1.22070312500002548e-04 -1.52462096083285146e-04
0.00000000000000000e+00 0.00000000000000000e+00
1.22070312499996680e-04 3.54251111631682028e-05
0.00000000000000000e+00 0.00000000000000000e+00
1.22070312500005258e-04 -4.20638374999480341e-04
0.00000000000000000e+00 0.00000000000000000e+00
1.22070312500005204e-04 2.21887828607394570e-04
0.00000000000000000e+00 0.00000000000000000e+00
1.22070312499996002e-04 -6.71562802131643773e-05
0.00000000000000000e+00 0.00000000000000000e+00
1.22070312500000000e-04 1.05356474540788486e-05
0.00000000000000000e+00 0.00000000000000000e+00
1.22070312499999919e-04 -1.41435647489082943e-03
0.00000000000000000e+00 0.00000000000000000e+00
1.22070312499991245e-04 1.45132017604507606e-04
0.00000000000000000e+00 0.00000000000000000e+00
1.22070312499996314e-04 -1.02673148487844346e-04
0.00000000000000000e+00 0.00000000000000000e+00
1.22070312499994132e-04 6.33640897523546896e-05
0.00000000000000000e+00 0.00000000000000000e+00
1.22070312500001464e-04 -2.35167288792226400e-04
0.00000000000000000e+00 0.00000000000000000e+00
1.22070312499994023e-04 3.85581534150090499e-04
0.00000000000000000e+00 0.00000000000000000e+00
1.22070312500006993e-04 -3.86459409335957620e-05
0.00000000000000000e+00 0.00000000000000000e+00
1.22070312500003551e-04 -1.96172676660447873e-05
0.00000000000000000e+00 0.00000000000000000e+00
1.22070312500001545e-04 7.59594121236385018e-04
0.00000000000000000e+00 0.00000000000000000e+00
1.22070312500002385e-04 8.82679708750897689e-05
0.00000000000000000e+00 0.00000000000000000e+00
1.22070312500003144e-04 -1.68817307638525907e-04
0.00000000000000000e+00 0.00000000000000000e+00
1.22070312499999390e-04 2.90145288071499246e-05
0.00000000000000000e+00 0.00000000000000000e+00
1.22070312500002494e-04 -5.13575846531638572e-04
0.00000000000000000e+00 0.00000000000000000e+00
1.22070312499999959e-04 1.98192665307625292e-04
0.00000000000000000e+00 0.00000000000000000e+00
1.22070312500001599e-04 -7.51852303450205295e-05
0.00000000000000000e+00 0.00000000000000000e+00
1.22070312500001681e-04 4.51955445292102154e-06
0.00000000000000000e+00 0.00000000000000000e+00
1.22070312500008294e-04 -3.29704207550823207e-03
0.00000000000000000e+00 0.00000000000000000e+00
1.22070312499999377e-04 1.31456954212825437e-04
0.00000000000000000e+00 0.00000000000000000e+00
1.22070312499998645e-04 -1.13353920932342887e-04
0.00000000000000000e+00 0.00000000000000000e+00
1.22070312500000813e-04 5.59406346444217827e-05
0.00000000000000000e+00 0.00000000000000000e+00
1.22070312500001030e-04 -2.66374546670145994e-04
0.00000000000000000e+00 0.00000000000000000e+00
1.22070312499992370e-04 3.28594553171659227e-04
0.00000000000000000e+00 0.00000000000000000e+00
1.22070312499992858e-04 -4.53481685865355060e-05
0.00000000000000000e+00 0.00000000000000000e+00
1.22070312500000108e-04 -7.47605999891067840e-06
0.00000000000000000e+00 0.00000000000000000e+00
1.22070312499997439e-04 1.99318373528549388e-03
0.00000000000000000e+00 0.00000000000000000e+00
1.22070312500005014e-04 1.07981072288449676e-04
0.00000000000000000e+00 0.00000000000000000e+00
1.22070312499992777e-04 -1.37997899798972989e-04
0.00000000000000000e+00 0.00000000000000000e+00
1.22070312499995677e-04 4.20211251178965626e-05
0.00000000000000000e+00 0.00000000000000000e+00
1.22070312499996138e-04 -3.54611190253530280e-04
0.00000000000000000e+00 0.00000000000000000e+00
1.22070312500002141e-04 2.50229811490470448e-04
0.00000000000000000e+00 0.00000000000000000e+00
1.22070312500004039e-04 -5.95499037668216702e-05
0.00000000000000000e+00 0.00000000000000000e+00
1.22070312499999851e-04 1.66029746562582363e-05
0.00000000000000000e+00 0.00000000000000000e+00
1.22070312500006099e-04 -8.97499484420884218e-04
0.00000000000000000e+00 0.00000000000000000e+00
1.22070312500002792e-04 1.60503638800929869e-04
0.00000000000000000e+00 0.00000000000000000e+00
1.22070312499996883e-04 -9.28400209812669749e-05
0.00000000000000000e+00 0.00000000000000000e+00
1.22070312500000569e-04 7.11760588037078451e-05
0.00000000000000000e+00 0.00000000000000000e+00
1.22070312499997655e-04 -2.09356368479780603e-04
0.00000000000000000e+00 0.00000000000000000e+00
1.22070312499994105e-04 4.63503111280572685e-04
0.00000000000000000e+00 0.00000000000000000e+00
1.22070312499998360e-04 -3.21489992864948309e-05
0.00000000000000000e+00 0.00000000000000000e+00
1.22070312499998970e-04 -2.27034926853225214e-05
0.00000000000000000e+00 0.00000000000000000e+00
1.22070312499998536e-04 6.56337833142413458e-04
0.00000000000000000e+00 0.00000000000000000e+00
1.22070312499999661e-04 8.37840708226338050e-05
0.00000000000000000e+00 0.00000000000000000e+00
1.22070312499997140e-04 -1.77851959776366457e-04
0.00000000000000000e+00 0.00000000000000000e+00
1.22070312499987816e-04 2.58669401148251694e-05
0.00000000000000000e+00 0.00000000000000000e+00
1.22070312500002223e-04 -5.76069729457786834e-04
0.00000000000000000e+00 0.00000000000000000e+00
1.22070312499997655e-04 1.87714278713431659e-04
0.00000000000000000e+00 0.00000000000000000e+00
1.22070312500004662e-04 -7.93821402185187282e-05
0.00000000000000000e+00 0.00000000000000000e+00
1.22070312500002114e-04 1.52151358781836831e-06
0.00000000000000000e+00 0.00000000000000000e+00
1.22070312500019299e-04 -9.79364319393036600e-03
0.00000000000000000e+00 0.00000000000000000e+00
1.22070312499992695e-04 1.25151747417886908e-04
0.00000000000000000e+00 0.00000000000000000e+00
1.22070312500000108e-04 -1.19064747406939057e-04
0.00000000000000000e+00 0.00000000000000000e+00
1.22070312499997981e-04 5.23549939336543957e-05
0.00000000000000000e+00 0.00000000000000000e+00
1.22070312499997249e-04 -2.84617761826695453e-04
0.00000000000000000e+00 0.00000000000000000e+00
1.22070312499998821e-04 3.05415683412567655e-04
0.00000000000000000e+00 0.00000000000000000e+00
1.22070312500002358e-04 -4.87897708046629663e-05
0.00000000000000000e+00 0.00000000000000000e+00
1.22070312500003578e-04 -1.04884869178192277e-05
0.00000000000000000e+00 0.00000000000000000e+00
1.22070312499993793e-04 1.42071600132639671e-03
0.00000000000000000e+00 0.00000000000000000e+00
1.22070312499999377e-04 1.02753105625259919e-04
0.00000000000000000e+00 0.00000000000000000e+00
1.22070312499999621e-04 -1.45019083395795967e-04
0.00000000000000000e+00 0.00000000000000000e+00
1.22070312499992194e-04 3.86974525647893741e-05
0.00000000000000000e+00 0.00000000000000000e+00
1.22070312499995257e-04 -3.85068272101350695e-04
0.00000000000000000e+00 0.00000000000000000e+00
1.22070312499994687e-04 2.35388006800253072e-04
0.00000000000000000e+00 0.00000000000000000e+00
1.22070312500000894e-04 -6.33046746790817292e-05
0.00000000000000000e+00 0.00000000000000000e+00
1.22070312500004364e-04 1.35610377811194867e-05
0.00000000000000000e+00 0.00000000000000000e+00
1.22070312500003605e-04 -1.09882159716431066e-03
0.00000000000000000e+00 0.00000000000000000e+00
1.22070312499996761e-04 1.52581992244490939e-04
0.00000000000000000e+00 0.00000000000000000e+00
1.22070312499999092e-04 -9.76600251094564894e-05
0.00000000000000000e+00 0.00000000000000000e+00
1.22070312499995677e-04 6.72172749391700808e-05
0.00000000000000000e+00 0.00000000000000000e+00
1.22070312500000081e-04 -2.21686481746411282e-04
0.00000000000000000e+00 0.00000000000000000e+00
1.22070312499994755e-04 4.21241848739012761e-04
0.00000000000000000e+00 0.00000000000000000e+00
1.22070312500003063e-04 -3.53743609246118701e-05
0.00000000000000000e+00 0.00000000000000000e+00
1.22070312500003009e-04 -1.65552977546503763e-05
0.00000000000000000e+00 0.00000000000000000e+00
1.22070312499997479e-04 9.00084155216479315e-04
0.00000000000000000e+00 0.00000000000000000e+00
1.22070312500003957e-04 9.29139341550709206e-05
0.00000000000000000e+00 0.00000000000000000e+00
1.22070312500003578e-04 -1.60375957915822519e-04
0.00000000000000000e+00 0.00000000000000000e+00
1.22070312500004770e-04 3.21990647427577057e-05
0.00000000000000000e+00 0.00000000000000000e+00
1.22070312500001626e-04 -4.62782422809309389e-04
0.00000000000000000e+00 0.00000000000000000e+00
1.22070312500007806e-04 2.09540999587228178e-04
0.00000000000000000e+00 0.00000000000000000e+00
1.22070312500001247e-04 -7.11133440386381221e-05
0.00000000000000000e+00 0.00000000000000000e+00
1.22070312500002385e-04 7.52305007163381597e-06
0.00000000000000000e+00 0.00000000000000000e+00
1.22070312499997791e-04 -1.98073401771308236e-03
0.00000000000000000e+00 0.00000000000000000e+00
1.22070312500005069e-04 1.38104586104259911e-04
0.00000000000000000e+00 0.00000000000000000e+00
1.22070312500004852e-04 -1.07897656509388899e-04
0.00000000000000000e+00 0.00000000000000000e+00
1.22070312500002060e-04 5.96078686800792108e-05
0.00000000000000000e+00 0.00000000000000000e+00
1.22070312499995853e-04 -2.49986478694998410e-04
0.00000000000000000e+00 0.00000000000000000e+00
1.22070312500003198e-04 3.55053548897677992e-04
0.00000000000000000e+00 0.00000000000000000e+00
1.22070312500006343e-04 -4.19687713025537222e-05
0.00000000000000000e+00 0.00000000000000000e+00
1.22070312500004581e-04 -4.47267756633858248e-06
0.00000000000000000e+00 0.00000000000000000e+00
1.22070312499998130e-04 3.33159745428619194e-03
0.00000000000000000e+00 0.00000000000000000e+00
1.22070312500004310e-04 1.13441132046019613e-04
0.00000000000000000e+00 0.00000000000000000e+00
1.22070312500002087e-04 -1.31355892920765612e-04
0.00000000000000000e+00 0.00000000000000000e+00
1.22070312500000705e-04 4.54014501067669094e-05
0.00000000000000000e+00 0.00000000000000000e+00
1.22070312500004608e-04 -3.28208926340588952e-04
0.00000000000000000e+00 0.00000000000000000e+00
1.22070312499998658e-04 2.66644498929433267e-04
0.00000000000000000e+00 0.00000000000000000e+00
1.22070312500000623e-04 -5.58840000587803619e-05
0.00000000000000000e+00 0.00000000000000000e+00
1.22070312500001166e-04 1.96652930083999787e-05
0.00000000000000000e+00 0.00000000000000000e+00
1.22070312499998970e-04 -7.57739088224173196e-04
0.00000000000000000e+00 0.00000000000000000e+00
1.22070312499994321e-04 1.68953726513445656e-04
0.00000000000000000e+00 0.00000000000000000e+00
1.22070312499997547e-04 -8.81967003708630646e-05
0.00000000000000000e+00 0.00000000000000000e+00
1.22070312499995880e-04 7.52498178365879457e-05
0.00000000000000000e+00 0.00000000000000000e+00
1.22070312499994986e-04 -1.98022555034045860e-04
0.00000000000000000e+00 0.00000000000000000e+00
1.22070312499998821e-04 5.14452701661653462e-04
0.00000000000000000e+00 0.00000000000000000e+00
1.22070312499999173e-04 -2.89650752065563667e-05
0.00000000000000000e+00 0.00000000000000000e+00
1.22070312499997330e-04 -2.66015749079794192e-05
0.00000000000000000e+00 0.00000000000000000e+00
1.22070312499999715e-04 5.60160864362175344e-04
0.00000000000000000e+00 0.00000000000000000e+00
1.22070312500003930e-04 7.83866999674160108e-05
0.00000000000000000e+00 0.00000000000000000e+00
1.22070312499999499e-04 -1.90098080414683249e-04
0.00000000000000000e+00 0.00000000000000000e+00
1.22070312500001138e-04 2.19777704937473697e-05
0.00000000000000000e+00 0.00000000000000000e+00
1.22070312500003740e-04 -6.78010592479708139e-04
0.00000000000000000e+00 0.00000000000000000e+00
1.22070312499998265e-04 1.75677369698267393e-04
0.00000000000000000e+00 0.00000000000000000e+00
1.22070312499997154e-04 -8.48211765661150747e-05
0.00000000000000000e+00 0.00000000000000000e+00
1.22070312499997520e-04 -2.22388146459953807e-06
0.00000000000000000e+00 0.00000000000000000e+00
1.22070312499997818e-04 6.70051953353989482e-03
0.00000000000000000e+00 0.00000000000000000e+00
1.22070312500003903e-04 1.17702129293884781e-04
0.00000000000000000e+00 0.00000000000000000e+00
1.22070312499999228e-04 -1.26600608529709385e-04
0.00000000000000000e+00 0.00000000000000000e+00
1.22070312500002765e-04 4.79772536005235680e-05
0.00000000000000000e+00 0.00000000000000000e+00
1.22070312499998048e-04 -3.10588040697762965e-04
0.00000000000000000e+00 0.00000000000000000e+00
1.22070312500001138e-04 2.80157950583726704e-04
0.00000000000000000e+00 0.00000000000000000e+00
1.22070312499996571e-04 -5.31884287517093675e-05
0.00000000000000000e+00 0.00000000000000000e+00
1.22070312499999973e-04 -1.42723670449838620e-05
0.00000000000000000e+00 0.00000000000000000e+00
1.22070312500000136e-04 1.04405675294625268e-03
0.00000000000000000e+00 0.00000000000000000e+00
1.22070312499998225e-04 9.65136443882858160e-05
0.00000000000000000e+00 0.00000000000000000e+00
1.22070312500002114e-04 -1.54394347952487813e-04
0.00000000000000000e+00 0.00000000000000000e+00
1.22070312500001870e-04 3.46144503551933005e-05
0.00000000000000000e+00 0.00000000000000000e+00
1.22070312499996761e-04 -4.30489608846589455e-04
0.00000000000000000e+00 0.00000000000000000e+00
1.22070312499998428e-04 2.18699553084881863e-04
0.00000000000000000e+00 0.00000000000000000e+00
1.22070312500000705e-04 -6.81353070166708456e-05
0.00000000000000000e+00 0.00000000000000000e+00
1.22070312499999363e-04 9.78144388112867140e-06
0.00000000000000000e+00 0.00000000000000000e+00
1.22070312500000515e-04 -1.52341120339087219e-03
0.00000000000000000e+00 0.00000000000000000e+00
1.22070312499999160e-04 1.43337316539786353e-04
0.00000000000000000e+00 0.00000000000000000e+00
1.22070312499999946e-04 -1.03958700731718700e-04
0.00000000000000000e+00 0.00000000000000000e+00
1.22070312500001464e-04 6.24162663357668836e-05
0.00000000000000000e+00 0.00000000000000000e+00
1.22070312500002711e-04 -2.38738426193050283e-04
0.00000000000000000e+00 0.00000000000000000e+00
1.22070312500002683e-04 3.77515621799371683e-04
0.00000000000000000e+00 0.00000000000000000e+00
1.22070312500000352e-04 -3.94716412603611928e-05
0.00000000000000000e+00 0.00000000000000000e+00
1.22070312499999200e-04 -2.03863938154422633e-05
0.00000000000000000e+00 0.00000000000000000e+00
1.22070312499999065e-04 7.30936590784278116e-04
0.00000000000000000e+00 0.00000000000000000e+00
1.22070312499998252e-04 8.71323509513316675e-05
0.00000000000000000e+00 0.00000000000000000e+00
1.22070312500000379e-04 -1.71017550096530020e-04
0.00000000000000000e+00 0.00000000000000000e+00
1.22070312499999797e-04 2.82243416273195250e-05
0.00000000000000000e+00 0.00000000000000000e+00
1.22070312500000407e-04 -5.27954252772475877e-04
0.00000000000000000e+00 0.00000000000000000e+00
1.22070312499999878e-04 1.95496037025313425e-04
0.00000000000000000e+00 0.00000000000000000e+00
1.22070312499999959e-04 -7.62223184704118831e-05
0.00000000000000000e+00 0.00000000000000000e+00
1.22070312499997235e-04 3.76967459986576928e-06
0.00000000000000000e+00 0.00000000000000000e+00
1.22070312500002439e-04 -3.95290383800788684e-03
0.00000000000000000e+00 0.00000000000000000e+00
1.22070312500001681e-04 1.29849904640782826e-04
0.00000000000000000e+00 0.00000000000000000e+00
1.22070312500001464e-04 -1.14756812760626295e-04
0.00000000000000000e+00 0.00000000000000000e+00
1.22070312499999526e-04 5.50368520573823929e-05
0.00000000000000000e+00 0.00000000000000000e+00
1.22070312499998306e-04 -2.70748791706179799e-04
0.00000000000000000e+00 0.00000000000000000e+00
1.22070312500001003e-04 3.22518437519947996e-04
0.00000000000000000e+00 0.00000000000000000e+00
1.22070312500004418e-04 -4.62025095632723781e-05
0.00000000000000000e+00 0.00000000000000000e+00
1.22070312500002331e-04 -8.22817554213168975e-06
0.00000000000000000e+00 0.00000000000000000e+00
1.22070312499996883e-04 1.81099213519940157e-03
0.00000000000000000e+00 0.00000000000000000e+00
1.22070312499998631e-04 1.06653158013777339e-04
0.00000000000000000e+00 0.00000000000000000e+00
1.22070312499998279e-04 -1.39716080342625282e-04
0.00000000000000000e+00 0.00000000000000000e+00
1.22070312500003713e-04 4.11851088829495447e-05
0.00000000000000000e+00 0.00000000000000000e+00
1.22070312499998889e-04 -3.61809440305187375e-04
0.00000000000000000e+00 0.00000000000000000e+00
1.22070312500003253e-04 2.46381778302579664e-04
0.00000000000000000e+00 0.00000000000000000e+00
1.22070312500001626e-04 -6.04799644539769763e-05
0.00000000000000000e+00 0.00000000000000000e+00
1.22070312500000867e-04 1.58407310480539210e-05
0.00000000000000000e+00 0.00000000000000000e+00
1.22070312499998862e-04 -9.40686458765441148e-04
0.00000000000000000e+00 0.00000000000000000e+00
1.22070312499995338e-04 1.58476047377887778e-04
0.00000000000000000e+00 0.00000000000000000e+00
1.22070312499999078e-04 -9.40278448409040488e-05
0.00000000000000000e+00 0.00000000000000000e+00
1.22070312499999024e-04 7.01759637253485184e-05
0.00000000000000000e+00 0.00000000000000000e+00
1.22070312499999160e-04 -2.12339958054106183e-04
0.00000000000000000e+00 0.00000000000000000e+00
1.22070312499998780e-04 4.52218084818777652e-04
0.00000000000000000e+00 0.00000000000000000e+00
1.22070312500001328e-04 -3.29512721717390141e-05
0.00000000000000000e+00 0.00000000000000000e+00
1.22070312499997615e-04 -2.34793111154508422e-05
0.00000000000000000e+00 0.00000000000000000e+00
1.22070312499996205e-04 6.34650698249907062e-04
0.00000000000000000e+00 0.00000000000000000e+00
1.22070312499999553e-04 8.26868118910224981e-05
0.00000000000000000e+00 0.00000000000000000e+00
1.22070312500003578e-04 -1.80212065903404602e-04
0.00000000000000000e+00 0.00000000000000000e+00
1.22070312500002819e-04 2.50852999848821274e-05
0.00000000000000000e+00 0.00000000000000000e+00
1.22070312499995108e-04 -5.94019653056944994e-04
0.00000000000000000e+00 0.00000000000000000e+00
1.22070312499996354e-04 1.85217603589599985e-04
0.00000000000000000e+00 0.00000000000000000e+00
1.22070312500001952e-04 -8.04521865365718825e-05
0.00000000000000000e+00 0.00000000000000000e+00
1.22070312499996449e-04 7.72431055118515478e-07
0.00000000000000000e+00 0.00000000000000000e+00
1.22070312500013634e-04 -1.92912507792938302e-02
0.00000000000000000e+00 0.00000000000000000e+00
1.22070312500000298e-04 1.23625012370414273e-04
0.00000000000000000e+00 0.00000000000000000e+00
1.22070312500002846e-04 -1.20535164430959785e-04
0.00000000000000000e+00 0.00000000000000000e+00
1.22070312499999715e-04 5.14705164423548913e-05
0.00000000000000000e+00 0.00000000000000000e+00
1.22070312499997655e-04 -2.89508678439929948e-04
0.00000000000000000e+00 0.00000000000000000e+00
1.22070312499997615e-04 3.00060119199303690e-04
0.00000000000000000e+00 0.00000000000000000e+00
1.22070312500000461e-04 -4.96605854640378141e-05
0.00000000000000000e+00 0.00000000000000000e+00
1.22070312500002792e-04 -1.12434380890764974e-05
0.00000000000000000e+00 0.00000000000000000e+00
1.22070312499997764e-04 1.32532069601793432e-03
0.00000000000000000e+00 0.00000000000000000e+00
1.22070312499998021e-04 1.01479938363156365e-04
0.00000000000000000e+00 0.00000000000000000e+00
1.22070312500000000e-04 -1.46838492752361937e-04
0.00000000000000000e+00 0.00000000000000000e+00
1.22070312500002521e-04 3.78747562481841009e-05
0.00000000000000000e+00 0.00000000000000000e+00
1.22070312500001274e-04 -3.93432530527816648e-04
0.00000000000000000e+00 0.00000000000000000e+00
1.22070312499996287e-04 2.31895190127732678e-04
0.00000000000000000e+00 0.00000000000000000e+00
1.22070312499999892e-04 -6.42581727790005459e-05
0.00000000000000000e+00 0.00000000000000000e+00
1.22070312500002006e-04 1.28032868274027807e-05
0.00000000000000000e+00 0.00000000000000000e+00
1.22070312500002060e-04 -1.16385435980029457e-03
0.00000000000000000e+00 0.00000000000000000e+00
1.22070312500003361e-04 1.50677318400045147e-04
0.00000000000000000e+00 0.00000000000000000e+00
1.22070312500003849e-04 -9.88945207684533632e-05
0.00000000000000000e+00 0.00000000000000000e+00
1.22070312500000244e-04 6.62444280445215379e-05
0.00000000000000000e+00 0.00000000000000000e+00
1.22070312500000515e-04 -2.24942106584916188e-04
0.00000000000000000e+00 0.00000000000000000e+00
1.22070312499998401e-04 4.11773847397956915e-04
0.00000000000000000e+00 0.00000000000000000e+00
1.22070312499996287e-04 -3.61877309304861581e-05
0.00000000000000000e+00 0.00000000000000000e+00
1.22070312500000054e-04 -1.73187333499053135e-05
0.00000000000000000e+00 0.00000000000000000e+00
1.22070312500000271e-04 8.60407103267283495e-04
0.00000000000000000e+00 0.00000000000000000e+00
1.22070312500000515e-04 9.17364626736181718e-05
0.00000000000000000e+00 0.00000000000000000e+00
1.22070312499998292e-04 -1.62434442745665498e-04
0.00000000000000000e+00 0.00000000000000000e+00
1.22070312499994742e-04 3.13992209612497808e-05
0.00000000000000000e+00 0.00000000000000000e+00
1.22070312500001111e-04 -4.74571047868892464e-04
0.00000000000000000e+00 0.00000000000000000e+00
1.22070312500000407e-04 2.06615731551417858e-04
0.00000000000000000e+00 0.00000000000000000e+00
1.22070312499999051e-04 -7.21201676269214384e-05
0.00000000000000000e+00 0.00000000000000000e+00
1.22070312499996910e-04 6.77146595466282302e-06
0.00000000000000000e+00 0.00000000000000000e+00
1.22070312499999214e-04 -2.20058127643620906e-03
0.00000000000000000e+00 0.00000000000000000e+00
1.22070312500002412e-04 1.36408616653685850e-04
0.00000000000000000e+00 0.00000000000000000e+00
1.22070312500002358e-04 -1.09239148958440515e-04
0.00000000000000000e+00 0.00000000000000000e+00
1.22070312499995921e-04 5.86830158919125896e-05
0.00000000000000000e+00 0.00000000000000000e+00
1.22070312500004039e-04 -2.53926301628642386e-04
0.00000000000000000e+00 0.00000000000000000e+00
1.22070312500000488e-04 3.48092069908531262e-04
0.00000000000000000e+00 0.00000000000000000e+00
1.22070312500003253e-04 -4.28081030336676920e-05
0.00000000000000000e+00 0.00000000000000000e+00
1.22070312500002575e-04 -5.22287525139911061e-06
0.00000000000000000e+00 0.00000000000000000e+00
1.22070312499995975e-04 2.85305707615121553e-03
0.00000000000000000e+00 0.00000000000000000e+00
1.22070312500006017e-04 1.12053154074663163e-04
0.00000000000000000e+00 0.00000000000000000e+00
1.22070312499995704e-04 -1.32982969706674545e-04
0.00000000000000000e+00 0.00000000000000000e+00
1.22070312499998374e-04 4.45507549470587576e-05
0.00000000000000000e+00 0.00000000000000000e+00
1.22070312499999702e-04 -3.34476064694217378e-04
0.00000000000000000e+00 0.00000000000000000e+00
1.22070312499995257e-04 2.62378764977526109e-04
0.00000000000000000e+00 0.00000000000000000e+00
1.22070312499999593e-04 -5.67925578700100895e-05
0.00000000000000000e+00 0.00000000000000000e+00
1.22070312499998821e-04 1.88975893253133745e-05
0.00000000000000000e+00 0.00000000000000000e+00
1.22070312500001437e-04 -7.88521802296111960e-04
0.00000000000000000e+00 0.00000000000000000e+00
1.22070312499996287e-04 1.66788229473690636e-04
0.00000000000000000e+00 0.00000000000000000e+00
1.22070312500000894e-04 -8.93418033207061900e-05
0.00000000000000000e+00 0.00000000000000000e+00
1.22070312500000976e-04 7.42200558408651800e-05
0.00000000000000000e+00 0.00000000000000000e+00
1.22070312500003849e-04 -2.00770007850668863e-04
0.00000000000000000e+00 0.00000000000000000e+00
1.22070312500001057e-04 5.00754400855132138e-04
0.00000000000000000e+00 0.00000000000000000e+00
1.22070312500001328e-04 -2.97574243349624991e-05
0.00000000000000000e+00 0.00000000000000000e+00
1.22070312499998184e-04 -2.50365135315453367e-05
0.00000000000000000e+00 0.00000000000000000e+00
1.22070312499999458e-04 5.95177166943456574e-04
0.00000000000000000e+00 0.00000000000000000e+00
1.22070312500000054e-04 8.05193510231907858e-05
0.00000000000000000e+00 0.00000000000000000e+00
1.22070312500001409e-04 -1.85063106004873160e-04
0.00000000000000000e+00 0.00000000000000000e+00
1.22070312500001681e-04 2.35278599685234453e-05
0.00000000000000000e+00 0.00000000000000000e+00
1.22070312500001355e-04 -6.33341120432708666e-04
0.00000000000000000e+00 0.00000000000000000e+00
1.22070312500000244e-04 1.80360991187872435e-04
0.00000000000000000e+00 0.00000000000000000e+00
1.22070312499999539e-04 -8.26185368338628321e-05
0.00000000000000000e+00 0.00000000000000000e+00
1.22070312500002954e-04 -7.25615913450091609e-07
0.00000000000000000e+00 0.00000000000000000e+00
1.22070312499985770e-04 2.05358798195846223e-02
0.00000000000000000e+00 0.00000000000000000e+00
1.22070312499999878e-04 1.20627656176542391e-04
0.00000000000000000e+00 0.00000000000000000e+00
1.22070312499999255e-04 -1.23530222389791401e-04
0.00000000000000000e+00 0.00000000000000000e+00
1.22070312499997181e-04 4.97151550721747540e-05
0.00000000000000000e+00 0.00000000000000000e+00
1.22070312499998211e-04 -2.99730759608732961e-04
0.00000000000000000e+00 0.00000000000000000e+00
1.22070312500004201e-04 2.89819087608370073e-04
0.00000000000000000e+00 0.00000000000000000e+00
1.22070312500001545e-04 -5.14153892237232063e-05
0.00000000000000000e+00 0.00000000000000000e+00
1.22070312499999892e-04 -1.27559603672272160e-05
0.00000000000000000e+00 0.00000000000000000e+00
1.22070312500001681e-04 1.16817242801488187e-03
0.00000000000000000e+00 0.00000000000000000e+00
1.22070312499997628e-04 9.89720834211829529e-05
0.00000000000000000e+00 0.00000000000000000e+00
1.22070312499996381e-04 -1.50559235278848954e-04
0.00000000000000000e+00 0.00000000000000000e+00
1.22070312500004960e-04 3.62386641805005567e-05
0.00000000000000000e+00 0.00000000000000000e+00
1.22070312499999661e-04 -4.11195101442598458e-04
0.00000000000000000e+00 0.00000000000000000e+00
1.22070312499996260e-04 2.25148026786240103e-04
0.00000000000000000e+00 0.00000000000000000e+00
1.22070312499998591e-04 -6.61838409447643584e-05
0.00000000000000000e+00 0.00000000000000000e+00
1.22070312499998496e-04 1.12906502816908067e-05
0.00000000000000000e+00 0.00000000000000000e+00
1.22070312500002331e-04 -1.31977882779804015e-03
0.00000000000000000e+00 0.00000000000000000e+00
1.22070312499999715e-04 1.46953096588978773e-04
0.00000000000000000e+00 0.00000000000000000e+00
1.22070312500000325e-04 -1.01400797531509595e-04
0.00000000000000000e+00 0.00000000000000000e+00
1.22070312500000271e-04 6.43179702223009792e-05
0.00000000000000000e+00 0.00000000000000000e+00
1.22070312500001084e-04 -2.31679593468898498e-04
0.00000000000000000e+00 0.00000000000000000e+00
1.22070312499994254e-04 3.93966288135044729e-04
0.00000000000000000e+00 0.00000000000000000e+00
1.22070312499997994e-04 -3.78234423670782170e-05
0.00000000000000000e+00 0.00000000000000000e+00
1.22070312500002385e-04 -1.88496568680497318e-05
0.00000000000000000e+00 0.00000000000000000e+00
1.22070312499998794e-04 7.90526920365623069e-04
0.00000000000000000e+00 0.00000000000000000e+00
1.22070312499999322e-04 8.94137129460954633e-05
0.00000000000000000e+00 0.00000000000000000e+00
1.22070312500005665e-04 -1.66654092564430019e-04
0.00000000000000000e+00 0.00000000000000000e+00
1.22070312499998916e-04 2.98070242466315252e-05
0.00000000000000000e+00 0.00000000000000000e+00
1.22070312500002331e-04 -4.99921128340495308e-04
0.00000000000000000e+00 0.00000000000000000e+00
1.22070312499999349e-04 2.00943563895266829e-04
0.00000000000000000e+00 0.00000000000000000e+00
1.22070312500003686e-04 -7.41559515766010554e-05
0.00000000000000000e+00 0.00000000000000000e+00
1.22070312499997845e-04 5.26977509946919391e-06
0.00000000000000000e+00 0.00000000000000000e+00
1.22070312500002304e-04 -2.82766549095021021e-03
0.00000000000000000e+00 0.00000000000000000e+00
1.22070312500002196e-04 1.33085383278166682e-04
0.00000000000000000e+00 0.00000000000000000e+00
1.22070312499997940e-04 -1.11966925494002092e-04
0.00000000000000000e+00 0.00000000000000000e+00
1.22070312499998604e-04 5.68495142895263883e-05
0.00000000000000000e+00 0.00000000000000000e+00
1.22070312500002656e-04 -2.62115892810607610e-04
0.00000000000000000e+00 0.00000000000000000e+00
1.22070312499998726e-04 3.34874760320461463e-04
0.00000000000000000e+00 0.00000000000000000e+00
1.22070312499999675e-04 -4.44977136514781472e-05
0.00000000000000000e+00 0.00000000000000000e+00
1.22070312500001626e-04 -6.72450952206679043e-06
0.00000000000000000e+00 0.00000000000000000e+00
1.22070312500000081e-04 2.21594766799688677e-03
0.00000000000000000e+00 0.00000000000000000e+00
1.22070312499996178e-04 1.09323480509698420e-04
0.00000000000000000e+00 0.00000000000000000e+00
1.22070312499998834e-04 -1.36303391772506850e-04
0.00000000000000000e+00 0.00000000000000000e+00
1.22070312500001247e-04 4.28606805600660924e-05
0.00000000000000000e+00 0.00000000000000000e+00
1.22070312499997032e-04 -3.47665062689894006e-04
0.00000000000000000e+00 0.00000000000000000e+00
1.22070312499997710e-04 2.54175879507256884e-04
0.00000000000000000e+00 0.00000000000000000e+00
1.22070312500001572e-04 -5.86253944423646912e-05
0.00000000000000000e+00 0.00000000000000000e+00
1.22070312500000705e-04 1.73664916138987389e-05
0.00000000000000000e+00 0.00000000000000000e+00
1.22070312499996653e-04 -8.58040963318322048e-04
0.00000000000000000e+00 0.00000000000000000e+00
1.22070312500003768e-04 1.62564213112146363e-04
0.00000000000000000e+00 0.00000000000000000e+00
1.22070312500000569e-04 -9.16632320765913900e-05
0.00000000000000000e+00 0.00000000000000000e+00
1.22070312500002168e-04 7.21833357449336418e-05
0.00000000000000000e+00 0.00000000000000000e+00
1.22070312499998821e-04 -2.06434920748228227e-04
0.00000000000000000e+00 0.00000000000000000e+00
1.22070312499995975e-04 4.75326529846587973e-04
0.00000000000000000e+00 0.00000000000000000e+00
1.22070312500002033e-04 -3.13493151721541501e-05
0.00000000000000000e+00 0.00000000000000000e+00
1.22070312500001545e-04 -2.19294429900101457e-05
0.00000000000000000e+00 0.00000000000000000e+00
1.22070312500000949e-04 6.79504773588398029e-04
0.00000000000000000e+00 0.00000000000000000e+00
1.22070312499998807e-04 8.48906110535289655e-05
0.00000000000000000e+00 0.00000000000000000e+00
1.22070312500003849e-04 -1.75533678093700834e-04
0.00000000000000000e+00 0.00000000000000000e+00
1.22070312499996422e-04 2.66506155158281296e-05
0.00000000000000000e+00 0.00000000000000000e+00
1.22070312499996043e-04 -5.59130095325424225e-04
0.00000000000000000e+00 0.00000000000000000e+00
1.22070312499997899e-04 1.90258518230195851e-04
0.00000000000000000e+00 0.00000000000000000e+00
1.22070312500001301e-04 -7.83205994268210549e-05
0.00000000000000000e+00 0.00000000000000000e+00
1.22070312500004418e-04 2.27071070982348873e-06
0.00000000000000000e+00 0.00000000000000000e+00
1.22070312500003822e-04 -6.56233360303796250e-03
0.00000000000000000e+00 0.00000000000000000e+00
1.22070312499999783e-04 1.26697813122757165e-04
0.00000000000000000e+00 0.00000000000000000e+00
1.22070312499994118e-04 -1.17611826333650536e-04
0.00000000000000000e+00 0.00000000000000000e+00
1.22070312500002873e-04 5.32441390357067153e-05
0.00000000000000000e+00 0.00000000000000000e+00
1.22070312499998374e-04 -2.79864816367003623e-04
0.00000000000000000e+00 0.00000000000000000e+00
1.22070312500001409e-04 3.10938249325057911e-04
0.00000000000000000e+00 0.00000000000000000e+00
1.22070312499999471e-04 -4.79232169930632562e-05
0.00000000000000000e+00 0.00000000000000000e+00
1.22070312499997696e-04 -9.73433137097304032e-06
0.00000000000000000e+00 0.00000000000000000e+00
1.22070312499997046e-04 1.53078425481614766e-03
0.00000000000000000e+00 0.00000000000000000e+00
1.22070312499996856e-04 1.04039492985080111e-04
0.00000000000000000e+00 0.00000000000000000e+00
1.22070312500001870e-04 -1.43226007416097427e-04
0.00000000000000000e+00 0.00000000000000000e+00
1.22070312500000081e-04 3.95233556884448984e-05
0.00000000000000000e+00 0.00000000000000000e+00
1.22070312500001166e-04 -3.77021660592526326e-04
0.00000000000000000e+00 0.00000000000000000e+00
1.22070312499995419e-04 2.38964467446297068e-04
0.00000000000000000e+00 0.00000000000000000e+00
1.22070312499999837e-04 -6.23572255452443865e-05
0.00000000000000000e+00 0.00000000000000000e+00
1.22070312499998265e-04 1.43198224975313661e-05
0.00000000000000000e+00 0.00000000000000000e+00
1.22070312499997344e-04 -1.04059678089018386e-03
0.00000000000000000e+00 0.00000000000000000e+00
1.22070312499997940e-04 1.54516108471371746e-04
0.00000000000000000e+00 0.00000000000000000e+00
1.22070312500000732e-04 -9.64375904963194966e-05
0.00000000000000000e+00 0.00000000000000000e+00
1.22070312500000813e-04 6.81967181362440566e-05
0.00000000000000000e+00 0.00000000000000000e+00
1.22070312500002982e-04 -2.18502614217870334e-04
0.00000000000000000e+00 0.00000000000000000e+00
1.22070312500001220e-04 4.31119478150817053e-04
0.00000000000000000e+00 0.00000000000000000e+00
1.22070312499997140e-04 -3.45638783424093854e-05
0.00000000000000000e+00 0.00000000000000000e+00
1.22070312499999417e-04 -1.57931317200203816e-05
0.00000000000000000e+00 0.00000000000000000e+00
1.22070312499998604e-04 9.43521618005592456e-04
0.00000000000000000e+00 0.00000000000000000e+00
1.22070312500002467e-04 9.41024558237994155e-05
0.00000000000000000e+00 0.00000000000000000e+00
1.22070312500005069e-04 -1.58350396526830414e-04
0.00000000000000000e+00 0.00000000000000000e+00
1.22070312499999851e-04 3.30015018508742503e-05
0.00000000000000000e+00 0.00000000000000000e+00
1.22070312499999282e-04 -4.51529789801166192e-04
0.00000000000000000e+00 0.00000000000000000e+00
1.22070312500002792e-04 2.12528546185755636e-04
0.00000000000000000e+00 0.00000000000000000e+00
1.22070312500002087e-04 -7.01136927781161078e-05
0.00000000000000000e+00 0.00000000000000000e+00
1.22070312499997804e-04 8.27520283346212634e-06
0.00000000000000000e+00 0.00000000000000000e+00
1.22070312499997886e-04 -1.80070041710577323e-03
0.00000000000000000e+00 0.00000000000000000e+00
1.22070312500003361e-04 1.39824266933396998e-04
0.00000000000000000e+00 0.00000000000000000e+00
1.22070312499999946e-04 -1.06570636990684935e-04
0.00000000000000000e+00 0.00000000000000000e+00
1.22070312499998577e-04 6.05382803151893162e-05
0.00000000000000000e+00 0.00000000000000000e+00
1.22070312499999580e-04 -2.46144441438800017e-04
0.00000000000000000e+00 0.00000000000000000e+00
1.22070312500004825e-04 3.62268028515369490e-04
0.00000000000000000e+00 0.00000000000000000e+00
1.22070312499993928e-04 -4.11329734365872561e-05
0.00000000000000000e+00 0.00000000000000000e+00
1.22070312500003361e-04 -3.72281713051477945e-06
0.00000000000000000e+00 0.00000000000000000e+00
1.22070312499995379e-04 4.00265730800685501e-03
0.00000000000000000e+00 0.00000000000000000e+00
1.22070312499997479e-04 1.14845029977215916e-04
0.00000000000000000e+00 0.00000000000000000e+00
1.22070312500000623e-04 -1.29750161559489185e-04
0.00000000000000000e+00 0.00000000000000000e+00
1.22070312499997195e-04 4.62560369834385206e-05
0.00000000000000000e+00 0.00000000000000000e+00
1.22070312500000298e-04 -3.22145219643064397e-04
0.00000000000000000e+00 0.00000000000000000e+00
1.22070312500004228e-04 2.71026135162884090e-04
0.00000000000000000e+00 0.00000000000000000e+00
1.22070312499996964e-04 -5.49805323567455515e-05
0.00000000000000000e+00 0.00000000000000000e+00
1.22070312500000054e-04 2.04345159401440875e-05
0.00000000000000000e+00 0.00000000000000000e+00
1.22070312500000867e-04 -7.29215276618193809e-04
0.00000000000000000e+00 0.00000000000000000e+00
1.22070312500001057e-04 1.71156320206542270e-04
0.00000000000000000e+00 0.00000000000000000e+00
1.22070312499999241e-04 -8.70617057895686335e-05
0.00000000000000000e+00 0.00000000000000000e+00
1.22070312500000271e-04 7.62873995928530521e-05
0.00000000000000000e+00 0.00000000000000000e+00
1.22070312500000000e-04 -1.95329258480100658e-04
0.00000000000000000e+00 0.00000000000000000e+00
1.22070312500002223e-04 5.28878272797303072e-04
0.00000000000000000e+00 0.00000000000000000e+00
1.22070312500003686e-04 -2.81750299838019780e-05
0.00000000000000000e+00 0.00000000000000000e+00
1.22070312500002277e-04 -2.75839663078948221e-05
0.00000000000000000e+00 0.00000000000000000e+00
1.22070312499999580e-04 5.40210969935194830e-04
0.00000000000000000e+00 0.00000000000000000e+00
1.22070312499997981e-04 7.70708188134013110e-05
0.00000000000000000e+00 0.00000000000000000e+00
1.22070312500002602e-04 -1.93343750893909885e-04
0.00000000000000000e+00 0.00000000000000000e+00
1.22070312500000108e-04 2.10124677923825769e-05
0.00000000000000000e+00 0.00000000000000000e+00
1.22070312500000434e-04 -7.09158074200630329e-04
0.00000000000000000e+00 0.00000000000000000e+00
1.22070312499999905e-04 1.72833289233437741e-04
0.00000000000000000e+00 0.00000000000000000e+00
1.22070312499999228e-04 -8.62169623684104827e-05
0.00000000000000000e+00 0.00000000000000000e+00
1.22070312499999864e-04 -3.16060903760770625e-06
0.00000000000000000e+00 0.00000000000000000e+00
1.22070312499998021e-04 4.71464866946442410e-03
0.00000000000000000e+00 0.00000000000000000e+00
1.22070312500001193e-04 1.15908630893352970e-04
0.00000000000000000e+00 0.00000000000000000e+00
1.22070312499999282e-04 -1.28559547973250692e-04
0.00000000000000000e+00 0.00000000000000000e+00
1.22070312500002060e-04 4.68995861070314990e-05
0.00000000000000000e+00 0.00000000000000000e+00
1.22070312499998604e-04 -3.17724791000106800e-04
0.00000000000000000e+00 0.00000000000000000e+00
1.22070312500000867e-04 2.74391499401319746e-04
0.00000000000000000e+00 0.00000000000000000e+00
1.22070312499999051e-04 -5.43062056454367601e-05
0.00000000000000000e+00 0.00000000000000000e+00
1.22070312500000488e-04 -1.52223039854393148e-05
0.00000000000000000e+00 0.00000000000000000e+00
1.22070312499999566e-04 9.78903141607388293e-04
0.00000000000000000e+00 0.00000000000000000e+00
1.22070312499999919e-04 9.50012471410557560e-05
0.00000000000000000e+00 0.00000000000000000e+00
1.22070312499997832e-04 -1.56852269230978029e-04
0.00000000000000000e+00 0.00000000000000000e+00
1.22070312500000108e-04 3.36050756464608574e-05
0.00000000000000000e+00 0.00000000000000000e+00
1.22070312499997913e-04 -4.43419956872381641e-04
0.00000000000000000e+00 0.00000000000000000e+00
1.22070312499999499e-04 2.14811421474621019e-04
0.00000000000000000e+00 0.00000000000000000e+00
1.22070312500002114e-04 -6.93685703095048799e-05
0.00000000000000000e+00 0.00000000000000000e+00
1.22070312499999322e-04 8.83972507059086301e-06
0.00000000000000000e+00 0.00000000000000000e+00
1.22070312500001545e-04 -1.68570414519170252e-03
0.00000000000000000e+00 0.00000000000000000e+00
1.22070312500001924e-04 1.41129968133309533e-04
0.00000000000000000e+00 0.00000000000000000e+00
1.22070312499997411e-04 -1.05584670576643663e-04
0.00000000000000000e+00 0.00000000000000000e+00
1.22070312500000596e-04 6.12398097165440055e-05
0.00000000000000000e+00 0.00000000000000000e+00
1.22070312500003469e-04 -2.43324746807995222e-04
0.00000000000000000e+00 0.00000000000000000e+00
1.22070312499998116e-04 3.67853673395448144e-04
0.00000000000000000e+00 0.00000000000000000e+00
1.22070312500000976e-04 -4.05083930691848185e-05
0.00000000000000000e+00 0.00000000000000000e+00
1.22070312499998387e-04 -2.13500278510958368e-05
0.00000000000000000e+00 0.00000000000000000e+00
1.22070312499998306e-04 6.97945749662455864e-04
0.00000000000000000e+00 0.00000000000000000e+00
1.22070312499999824e-04 8.57267288034785574e-05
0.00000000000000000e+00 0.00000000000000000e+00
1.22070312500002304e-04 -1.73821647015227231e-04
0.00000000000000000e+00 0.00000000000000000e+00
1.22070312499998076e-04 2.72397481155994490e-05
0.00000000000000000e+00 0.00000000000000000e+00
1.22070312500001979e-04 -5.47037407637225082e-04
0.00000000000000000e+00 0.00000000000000000e+00
1.22070312499998591e-04 1.92198853576978202e-04
0.00000000000000000e+00 0.00000000000000000e+00
1.22070312500001247e-04 -7.75299171484357521e-05
0.00000000000000000e+00 0.00000000000000000e+00
1.22070312499998333e-04 2.83271771097232657e-06
0.00000000000000000e+00 0.00000000000000000e+00
1.22070312500000786e-04 -5.26037632910769919e-03
0.00000000000000000e+00 0.00000000000000000e+00
1.22070312500001247e-04 1.27870341204279464e-04
0.00000000000000000e+00 0.00000000000000000e+00
1.22070312500000976e-04 -1.16533365388008455e-04
0.00000000000000000e+00 0.00000000000000000e+00
1.22070312500004066e-04 5.39141237968160389e-05
0.00000000000000000e+00 0.00000000000000000e+00
1.22070312499997669e-04 -2.76386967726768395e-04
0.00000000000000000e+00 0.00000000000000000e+00
1.22070312500000461e-04 3.15194783373873235e-04
0.00000000000000000e+00 0.00000000000000000e+00
1.22070312499998265e-04 -4.72760400230755242e-05
0.00000000000000000e+00 0.00000000000000000e+00
1.22070312500001572e-04 -9.16920196528859223e-06
0.00000000000000000e+00 0.00000000000000000e+00
1.22070312500001301e-04 1.62513174540755635e-03
0.00000000000000000e+00 0.00000000000000000e+00
1.22070312500001328e-04 1.05013142579205094e-04
0.00000000000000000e+00 0.00000000000000000e+00
1.22070312499999756e-04 -1.41898059879589462e-04
0.00000000000000000e+00 0.00000000000000000e+00
1.22070312499996964e-04 4.01449363896273504e-05
0.00000000000000000e+00 0.00000000000000000e+00
1.22070312500000298e-04 -3.71184077842947897e-04
0.00000000000000000e+00 0.00000000000000000e+00
1.22070312499999539e-04 2.41703695049803804e-04
0.00000000000000000e+00 0.00000000000000000e+00
1.22070312499999566e-04 -6.16505312042380074e-05
0.00000000000000000e+00 0.00000000000000000e+00
1.22070312499999119e-04 1.48896251459566777e-05
0.00000000000000000e+00 0.00000000000000000e+00
1.22070312500000651e-04 -1.00077477087418486e-03
0.00000000000000000e+00 0.00000000000000000e+00
1.22070312499999919e-04 1.55986519597476882e-04
0.00000000000000000e+00 0.00000000000000000e+00
1.22070312500001382e-04 -9.55285189534303968e-05
0.00000000000000000e+00 0.00000000000000000e+00
1.22070312500000867e-04 6.89357145640689159e-05
0.00000000000000000e+00 0.00000000000000000e+00
1.22070312500000867e-04 -2.16160248545744008e-04
0.00000000000000000e+00 0.00000000000000000e+00
1.22070312499999959e-04 4.38813246337324103e-04
0.00000000000000000e+00 0.00000000000000000e+00
1.22070312499998387e-04 -3.39578654888483822e-05
0.00000000000000000e+00 0.00000000000000000e+00
1.22070312500000623e-04 -2.44516700460253339e-05
0.00000000000000000e+00 0.00000000000000000e+00
1.22070312500005394e-04 6.09412819893256951e-04
0.00000000000000000e+00 0.00000000000000000e+00
1.22070312500004825e-04 8.13279890370025542e-05
0.00000000000000000e+00 0.00000000000000000e+00
1.22070312499997872e-04 -1.83223037607251234e-04
0.00000000000000000e+00 0.00000000000000000e+00
1.22070312500000325e-04 2.41110105979010697e-05
0.00000000000000000e+00 0.00000000000000000e+00
1.22070312500001138e-04 -6.18023086728141584e-04
0.00000000000000000e+00 0.00000000000000000e+00
1.22070312500002494e-04 1.82161361358588471e-04
0.00000000000000000e+00 0.00000000000000000e+00
1.22070312499994471e-04 -8.18019863417398358e-05
0.00000000000000000e+00 0.00000000000000000e+00
1.22070312499998956e-04 -1.63846923270896790e-07
0.00000000000000000e+00 0.00000000000000000e+00
1.22070312499949896e-04 9.09456271511824843e-02
0.00000000000000000e+00 0.00000000000000000e+00
1.22070312500002900e-04 1.21743057905687139e-04
0.00000000000000000e+00 0.00000000000000000e+00
1.22070312500001437e-04 -1.22398446779543472e-04
0.00000000000000000e+00 0.00000000000000000e+00
1.22070312500006830e-04 5.03713270538408807e-05
0.00000000000000000e+00 0.00000000000000000e+00
1.22070312500001193e-04 -2.95826258020159664e-04
0.00000000000000000e+00 0.00000000000000000e+00
1.22070312500001464e-04 2.93588600973396273e-04
0.00000000000000000e+00 0.00000000000000000e+00
1.22070312499995975e-04 -5.07552443945141724e-05
0.00000000000000000e+00 0.00000000000000000e+00
1.22070312499998428e-04 -1.21883345893170350e-05
0.00000000000000000e+00 0.00000000000000000e+00
1.22070312500003036e-04 1.22257565909865721e-03
0.00000000000000000e+00 0.00000000000000000e+00
1.22070312500000271e-04 9.99066181022384886e-05
0.00000000000000000e+00 0.00000000000000000e+00
1.22070312499999905e-04 -1.49150891871836143e-04
0.00000000000000000e+00 0.00000000000000000e+00
1.22070312499997588e-04 3.68507732974363673e-05
0.00000000000000000e+00 0.00000000000000000e+00
1.22070312499997235e-04 -4.04364952495675912e-04
0.00000000000000000e+00 0.00000000000000000e+00
1.22070312499998089e-04 2.27642003085952162e-04
0.00000000000000000e+00 0.00000000000000000e+00
1.22070312500003090e-04 -6.54587509855160383e-05
0.00000000000000000e+00 0.00000000000000000e+00
1.22070312500001708e-04 1.18574619243017842e-05
0.00000000000000000e+00 0.00000000000000000e+00
1.22070312499995338e-04 -1.25669062139737017e-03
0.00000000000000000e+00 0.00000000000000000e+00
1.22070312499999932e-04 1.48336652132732822e-04
0.00000000000000000e+00 0.00000000000000000e+00
1.22070312500000976e-04 -1.00455018901959966e-04
0.00000000000000000e+00 0.00000000000000000e+00
1.22070312499997506e-04 6.50374340841492079e-05
0.00000000000000000e+00 0.00000000000000000e+00
1.22070312499998211e-04 -2.29116683394471377e-04
0.00000000000000000e+00 0.00000000000000000e+00
1.22070312500001274e-04 4.00476036474274751e-04
0.00000000000000000e+00 0.00000000000000000e+00
1.22070312500002683e-04 -3.72086213323397522e-05
0.00000000000000000e+00 0.00000000000000000e+00
1.22070312500000434e-04 -1.82749058401629278e-05
0.00000000000000000e+00 0.00000000000000000e+00
1.22070312500000434e-04 8.15389218646427375e-04
0.00000000000000000e+00 0.00000000000000000e+00
1.22070312499998157e-04 9.02797963256628212e-05
0.00000000000000000e+00 0.00000000000000000e+00
1.22070312500001952e-04 -1.65055325779589718e-04
0.00000000000000000e+00 0.00000000000000000e+00
1.22070312500000867e-04 3.04029527434593056e-05
0.00000000000000000e+00 0.00000000000000000e+00
1.22070312499998401e-04 -4.90122170684660803e-04
0.00000000000000000e+00 0.00000000000000000e+00
1.22070312500001437e-04 2.03043473550428119e-04
0.00000000000000000e+00 0.00000000000000000e+00
1.22070312499998889e-04 -7.33890182889691600e-05
0.00000000000000000e+00 0.00000000000000000e+00
1.22070312500001355e-04 5.83269837368540635e-06
0.00000000000000000e+00 0.00000000000000000e+00
1.22070312499997520e-04 -2.55476286260250931e-03
0.00000000000000000e+00 0.00000000000000000e+00
1.22070312499998794e-04 1.34321068308188658e-04
0.00000000000000000e+00 0.00000000000000000e+00
1.22070312499998170e-04 -1.10936887128223755e-04
0.00000000000000000e+00 0.00000000000000000e+00
1.22070312500001355e-04 5.75345864242451978e-05
0.00000000000000000e+00 0.00000000000000000e+00
1.22070312499999092e-04 -2.58994843275144829e-04
0.00000000000000000e+00 0.00000000000000000e+00
1.22070312500000488e-04 3.39725412130290104e-04
0.00000000000000000e+00 0.00000000000000000e+00
1.22070312499998360e-04 -4.38623684357584997e-05
0.00000000000000000e+00 0.00000000000000000e+00
1.22070312499999593e-04 -6.16118309350647484e-06
0.00000000000000000e+00 0.00000000000000000e+00
1.22070312499999431e-04 2.41855516508623870e-03
0.00000000000000000e+00 0.00000000000000000e+00
1.22070312499999648e-04 1.10340003310150240e-04
0.00000000000000000e+00 0.00000000000000000e+00
1.22070312500000379e-04 -1.35047677603946135e-04
0.00000000000000000e+00 0.00000000000000000e+00
1.22070312499999336e-04 4.34927215208059142e-05
0.00000000000000000e+00 0.00000000000000000e+00
1.22070312499998035e-04 -3.42612756176196263e-04
0.00000000000000000e+00 0.00000000000000000e+00
1.22070312499997750e-04 2.57202225844766928e-04
0.00000000000000000e+00 0.00000000000000000e+00
1.22070312499999160e-04 -5.79355841299783621e-05
0.00000000000000000e+00 0.00000000000000000e+00
1.22070312499999471e-04 1.79400015474249157e-05
0.00000000000000000e+00 0.00000000000000000e+00
1.22070312499997710e-04 -8.30610920208517964e-04
0.00000000000000000e+00 0.00000000000000000e+00
1.22070312500002168e-04 1.64131871235609513e-04
0.00000000000000000e+00 0.00000000000000000e+00
1.22070312500001084e-04 -9.07877372119725491e-05
0.00000000000000000e+00 0.00000000000000000e+00
1.22070312500001572e-04 7.29435992521605984e-05
0.00000000000000000e+00 0.00000000000000000e+00
1.22070312499998536e-04 -2.04283327757592343e-04
0.00000000000000000e+00 0.00000000000000000e+00
1.22070312500001355e-04 4.84571581846686493e-04
0.00000000000000000e+00 0.00000000000000000e+00
1.22070312499999458e-04 -3.07512073594179978e-05
0.00000000000000000e+00 0.00000000000000000e+00
1.22070312499997073e-04 -2.60137222048768986e-05
0.00000000000000000e+00 0.00000000000000000e+00
1.22070312499999973e-04 5.72819263482916710e-04
0.00000000000000000e+00 0.00000000000000000e+00
1.22070312500000759e-04 7.91824589219135343e-05
0.00000000000000000e+00 0.00000000000000000e+00
1.22070312500000271e-04 -1.88187654143740781e-04
0.00000000000000000e+00 0.00000000000000000e+00
1.22070312500002141e-04 2.25582255807850355e-05
0.00000000000000000e+00 0.00000000000000000e+00
1.22070312500000569e-04 -6.60564419860282920e-04
0.00000000000000000e+00 0.00000000000000000e+00
1.22070312500003469e-04 1.77414135172056876e-04
0.00000000000000000e+00 0.00000000000000000e+00
1.22070312500000542e-04 -8.39908340978374573e-05
0.00000000000000000e+00 0.00000000000000000e+00
1.22070312499998035e-04 -1.66197761804338593e-06
0.00000000000000000e+00 0.00000000000000000e+00
1.22070312499994349e-04 8.96592170199140420e-03
0.00000000000000000e+00 0.00000000000000000e+00
1.22070312500002168e-04 1.18791004778317507e-04
0.00000000000000000e+00 0.00000000000000000e+00
1.22070312499999743e-04 -1.25440147775964227e-04
0.00000000000000000e+00 0.00000000000000000e+00
1.22070312499999471e-04 4.86269703234137727e-05
0.00000000000000000e+00 0.00000000000000000e+00
1.22070312500001247e-04 -3.06438198693883960e-04
0.00000000000000000e+00 0.00000000000000000e+00
1.22070312500001952e-04 2.83716263988289228e-04
0.00000000000000000e+00 0.00000000000000000e+00
1.22070312499999526e-04 -5.25213499726004610e-05
0.00000000000000000e+00 0.00000000000000000e+00
1.22070312500000813e-04 -1.37032293860551698e-05
0.00000000000000000e+00 0.00000000000000000e+00
1.22070312499997832e-04 1.08741967123550973e-03
0.00000000000000000e+00 0.00000000000000000e+00
1.22070312500002900e-04 9.74299080415447932e-05
0.00000000000000000e+00 0.00000000000000000e+00
1.22070312499998875e-04 -1.52942371530248421e-04
0.00000000000000000e+00 0.00000000000000000e+00
1.22070312500002602e-04 3.52221778063828265e-05
0.00000000000000000e+00 0.00000000000000000e+00
1.22070312500001084e-04 -4.23061892304328700e-04
0.00000000000000000e+00 0.00000000000000000e+00
1.22070312499998387e-04 2.21084120152257148e-04
0.00000000000000000e+00 0.00000000000000000e+00
1.22070312499999444e-04 -6.74004138496498605e-05
0.00000000000000000e+00 0.00000000000000000e+00
1.22070312500000759e-04 1.03470238993022160e-05
0.00000000000000000e+00 0.00000000000000000e+00
1.22070312500000705e-04 -1.44013982560258825e-03
0.00000000000000000e+00 0.00000000000000000e+00
1.22070312499998821e-04 1.44680897216085041e-04
0.00000000000000000e+00 0.00000000000000000e+00
1.22070312500000840e-04 -1.02993287162106927e-04
0.00000000000000000e+00 0.00000000000000000e+00
1.22070312500000379e-04 6.31265711007888031e-05
0.00000000000000000e+00 0.00000000000000000e+00
1.22070312500001735e-04 -2.36052124073965968e-04
0.00000000000000000e+00 0.00000000000000000e+00
1.22070312500001518e-04 3.83535909301429678e-04
0.00000000000000000e+00 0.00000000000000000e+00
1.22070312500000976e-04 -3.88520626946992179e-05
0.00000000000000000e+00 0.00000000000000000e+00
1.22070312499998726e-04 -1.98094047028695030e-05
0.00000000000000000e+00 0.00000000000000000e+00
1.22070312499999675e-04 7.52226602331388045e-04
0.00000000000000000e+00 0.00000000000000000e+00
1.22070312500000163e-04 8.79831255476776696e-05
0.00000000000000000e+00 0.00000000000000000e+00
1.22070312500000352e-04 -1.69363853592274945e-04
0.00000000000000000e+00 0.00000000000000000e+00
1.22070312499998645e-04 2.88167683331487214e-05
0.00000000000000000e+00 0.00000000000000000e+00
1.22070312499998807e-04 -5.17100357041295881e-04
0.00000000000000000e+00 0.00000000000000000e+00
1.22070312500000163e-04 1.97513491568320463e-04
0.00000000000000000e+00 0.00000000000000000e+00
1.22070312499999336e-04 -7.54437637425561797e-05
0.00000000000000000e+00 0.00000000000000000e+00
1.22070312499999078e-04 4.33205475527578618e-06
0.00000000000000000e+00 0.00000000000000000e+00
1.22070312500003524e-04 -3.43974442513589546e-03
0.00000000000000000e+00 0.00000000000000000e+00
1.22070312499999973e-04 1.31053208762832847e-04
0.00000000000000000e+00 0.00000000000000000e+00
1.22070312500001762e-04 -1.13703138858767060e-04
0.00000000000000000e+00 0.00000000000000000e+00
1.22070312500000542e-04 5.57142154889784090e-05
0.00000000000000000e+00 0.00000000000000000e+00
1.22070312499999566e-04 -2.67457076494157333e-04
0.00000000000000000e+00 0.00000000000000000e+00
1.22070312500000949e-04 3.27056802115336222e-04
0.00000000000000000e+00 0.00000000000000000e+00
1.22070312500000678e-04 -4.55613859655891194e-05
0.00000000000000000e+00 0.00000000000000000e+00
1.22070312500001355e-04 -7.66403367301276085e-06
0.00000000000000000e+00 0.00000000000000000e+00
1.22070312499998130e-04 1.94429745870198980e-03
0.00000000000000000e+00 0.00000000000000000e+00
1.22070312500000298e-04 1.07647748035418107e-04
0.00000000000000000e+00 0.00000000000000000e+00
1.22070312499999485e-04 -1.38425201323716694e-04
0.00000000000000000e+00 0.00000000000000000e+00
1.22070312500001003e-04 4.18117925957019646e-05
0.00000000000000000e+00 0.00000000000000000e+00
1.22070312500000949e-04 -3.56386566295621384e-04
0.00000000000000000e+00 0.00000000000000000e+00
1.22070312499999905e-04 2.49258767867204098e-04
0.00000000000000000e+00 0.00000000000000000e+00
1.22070312499999499e-04 -5.97818938180199328e-05
0.00000000000000000e+00 0.00000000000000000e+00
1.22070312499999743e-04 1.64122967451946820e-05
0.00000000000000000e+00 0.00000000000000000e+00
1.22070312500000515e-04 -9.07926625090530967e-04
0.00000000000000000e+00 0.00000000000000000e+00
1.22070312499999932e-04 1.59993685908371941e-04
0.00000000000000000e+00 0.00000000000000000e+00
1.22070312499998469e-04 -9.31359328916376189e-05
0.00000000000000000e+00 0.00000000000000000e+00
1.22070312500000596e-04 7.09253676898110826e-05
0.00000000000000000e+00 0.00000000000000000e+00
1.22070312499999824e-04 -2.10096354509110790e-04
0.00000000000000000e+00 0.00000000000000000e+00
1.22070312499999797e-04 4.60632875435760495e-04
0.00000000000000000e+00 0.00000000000000000e+00
1.22070312500000407e-04 -3.23493219622026986e-05
0.00000000000000000e+00 0.00000000000000000e+00
1.22070312499998306e-04 -2.28972789566762038e-05
0.00000000000000000e+00 0.00000000000000000e+00
1.22070312499998523e-04 6.50783056888186591e-04
0.00000000000000000e+00 0.00000000000000000e+00
1.22070312499999336e-04 8.35088937779875480e-05
0.00000000000000000e+00 0.00000000000000000e+00
1.22070312499999959e-04 -1.78438014440270487e-04
0.00000000000000000e+00 0.00000000000000000e+00
1.22070312499999770e-04 2.56713418862866104e-05
0.00000000000000000e+00 0.00000000000000000e+00
1.22070312499998306e-04 -5.80458990412488409e-04
0.00000000000000000e+00 0.00000000000000000e+00
1.22070312499998618e-04 1.87085710618941975e-04
0.00000000000000000e+00 0.00000000000000000e+00
1.22070312500000217e-04 -7.96488472826167550e-05
0.00000000000000000e+00 0.00000000000000000e+00
1.22070312499998740e-04 1.33423441634712128e-06
0.00000000000000000e+00 0.00000000000000000e+00
1.22070312500007942e-04 -1.11683232056355199e-02
0.00000000000000000e+00 0.00000000000000000e+00
1.22070312500001599e-04 1.24768270140119023e-04
0.00000000000000000e+00 0.00000000000000000e+00
1.22070312500001599e-04 -1.19430694816184866e-04
0.00000000000000000e+00 0.00000000000000000e+00
1.22070312499999214e-04 5.21334410158735026e-05
0.00000000000000000e+00 0.00000000000000000e+00
1.22070312500000108e-04 -2.85827309755188621e-04
0.00000000000000000e+00 0.00000000000000000e+00
1.22070312499997642e-04 3.04061451121411550e-04
0.00000000000000000e+00 0.00000000000000000e+00
1.22070312499999919e-04 -4.90070712314588284e-05
0.00000000000000000e+00 0.00000000000000000e+00
1.22070312500001626e-04 -1.06771478516680945e-05
0.00000000000000000e+00 0.00000000000000000e+00
1.22070312499997981e-04 1.39561251758069777e-03
0.00000000000000000e+00 0.00000000000000000e+00
1.22070312499997750e-04 1.02433586171541630e-04
0.00000000000000000e+00 0.00000000000000000e+00
1.22070312499999702e-04 -1.45471439112688583e-04
0.00000000000000000e+00 0.00000000000000000e+00
1.22070312500001464e-04 3.84914810003268433e-05
0.00000000000000000e+00 0.00000000000000000e+00
1.22070312500000434e-04 -3.87128808936223221e-04
0.00000000000000000e+00 0.00000000000000000e+00
1.22070312500000352e-04 2.34507086979575678e-04
0.00000000000000000e+00 0.00000000000000000e+00
1.22070312499999864e-04 -6.35424770559083629e-05
0.00000000000000000e+00 0.00000000000000000e+00
1.22070312500000434e-04 1.33715054395881980e-05
0.00000000000000000e+00 0.00000000000000000e+00
1.22070312500001409e-04 -1.11439667441843703e-03
0.00000000000000000e+00 0.00000000000000000e+00
1.22070312499999729e-04 1.52103095595753864e-04
0.00000000000000000e+00 0.00000000000000000e+00
1.22070312499998726e-04 -9.79675077320643921e-05
0.00000000000000000e+00 0.00000000000000000e+00
1.22070312500002223e-04 6.69734502880844722e-05
0.00000000000000000e+00 0.00000000000000000e+00
1.22070312499998089e-04 -2.22493557219328986e-04
0.00000000000000000e+00 0.00000000000000000e+00
1.22070312500001030e-04 4.18837484990698130e-04
0.00000000000000000e+00 0.00000000000000000e+00
1.22070312500000379e-04 -3.55774297378836399e-05
0.00000000000000000e+00 0.00000000000000000e+00
1.22070312499998509e-04 -1.67460352636955301e-05
0.00000000000000000e+00 0.00000000000000000e+00
1.22070312499998021e-04 8.89832187691087947e-04
0.00000000000000000e+00 0.00000000000000000e+00
1.22070312499998740e-04 9.26185398419958534e-05
0.00000000000000000e+00 0.00000000000000000e+00
1.22070312499999471e-04 -1.60887455354712019e-04
0.00000000000000000e+00 0.00000000000000000e+00
1.22070312499998794e-04 3.19988635192389097e-05
0.00000000000000000e+00 0.00000000000000000e+00
1.22070312500000949e-04 -4.65677825866813854e-04
0.00000000000000000e+00 0.00000000000000000e+00
1.22070312500000894e-04 2.08803929281772057e-04
0.00000000000000000e+00 0.00000000000000000e+00
1.22070312500000352e-04 -7.13643715666822514e-05
0.00000000000000000e+00 0.00000000000000000e+00
1.22070312500000136e-04 7.33510296825018478e-06
0.00000000000000000e+00 0.00000000000000000e+00
1.22070312500002141e-04 -2.03148630064939285e-03
0.00000000000000000e+00 0.00000000000000000e+00
1.22070312499996558e-04 1.37678395061717029e-04
0.00000000000000000e+00 0.00000000000000000e+00
1.22070312499998591e-04 -1.08231659638158753e-04
0.00000000000000000e+00 0.00000000000000000e+00
1.22070312499997981e-04 5.93761390159348537e-05
0.00000000000000000e+00 0.00000000000000000e+00
1.22070312499998848e-04 -2.50962111056917542e-04
0.00000000000000000e+00 0.00000000000000000e+00
1.22070312499999241e-04 3.53290007789884163e-04
0.00000000000000000e+00 0.00000000000000000e+00
1.22070312500001301e-04 -4.21782695951874236e-05
0.00000000000000000e+00 0.00000000000000000e+00
1.22070312500002846e-04 -4.66019315522853089e-06
0.00000000000000000e+00 0.00000000000000000e+00
1.22070312499997859e-04 3.19754153905150692e-03
0.00000000000000000e+00 0.00000000000000000e+00
1.22070312500000705e-04 1.13092659774197523e-04
0.00000000000000000e+00 0.00000000000000000e+00
1.22070312499999404e-04 -1.31760639670156036e-04
0.00000000000000000e+00 0.00000000000000000e+00
1.22070312499998523e-04 4.51884150136509764e-05
0.00000000000000000e+00 0.00000000000000000e+00
1.22070312499998360e-04 -3.29756226000538222e-04
0.00000000000000000e+00 0.00000000000000000e+00
1.22070312500000976e-04 2.65567393671169963e-04
0.00000000000000000e+00 0.00000000000000000e+00
1.22070312500001735e-04 -5.61106579684172006e-05
0.00000000000000000e+00 0.00000000000000000e+00
1.22070312500001464e-04 1.94732270932397053e-05
0.00000000000000000e+00 0.00000000000000000e+00
1.22070312499998970e-04 -7.65212726298508347e-04
0.00000000000000000e+00 0.00000000000000000e+00
1.22070312500000678e-04 1.68408917680271851e-04
0.00000000000000000e+00 0.00000000000000000e+00
1.22070312500001382e-04 -8.84820198306730712e-05
0.00000000000000000e+00 0.00000000000000000e+00
1.22070312499998347e-04 7.49916507326835999e-05
0.00000000000000000e+00 0.00000000000000000e+00
1.22070312500000786e-04 -1.98704269718834575e-04
0.00000000000000000e+00 0.00000000000000000e+00
1.22070312500000379e-04 5.10962175445202967e-04
0.00000000000000000e+00 0.00000000000000000e+00
1.22070312500000379e-04 -2.91629437753648213e-05
0.00000000000000000e+00 0.00000000000000000e+00
1.22070312500000190e-04 -2.67977866808216553e-05
0.00000000000000000e+00 0.00000000000000000e+00
1.22070312499999824e-04 5.56059400402286221e-04
0.00000000000000000e+00 0.00000000000000000e+00
1.22070312499998577e-04 7.81224927530306887e-05
0.00000000000000000e+00 0.00000000000000000e+00
1.22070312500000542e-04 -1.90740984686131387e-04
0.00000000000000000e+00 0.00000000000000000e+00
1.22070312499999173e-04 2.17845003670628335e-05
0.00000000000000000e+00 0.00000000000000000e+00
1.22070312499998252e-04 -6.84025841436195349e-04
0.00000000000000000e+00 0.00000000000000000e+00
1.22070312499999756e-04 1.75103552415108578e-04
0.00000000000000000e+00 0.00000000000000000e+00
1.22070312499999566e-04 -8.50991369867938629e-05
0.00000000000000000e+00 0.00000000000000000e+00
1.22070312500000352e-04 -2.41120250942760678e-06
0.00000000000000000e+00 0.00000000000000000e+00
1.22070312499997276e-04 6.17997083844226344e-03
0.00000000000000000e+00 0.00000000000000000e+00
1.22070312500001328e-04 1.17341317294495447e-04
0.00000000000000000e+00 0.00000000000000000e+00
1.22070312500000623e-04 -1.26989891859230199e-04
0.00000000000000000e+00 0.00000000000000000e+00
1.22070312500000244e-04 4.77612046890114330e-05
0.00000000000000000e+00 0.00000000000000000e+00
1.22070312499999485e-04 -3.11992992866787515e-04
0.00000000000000000e+00 0.00000000000000000e+00
1.22070312500000054e-04 2.78988497996011540e-04
0.00000000000000000e+00 0.00000000000000000e+00
1.22070312499998753e-04 -5.34113818343159974e-05
0.00000000000000000e+00 0.00000000000000000e+00
1.22070312500000054e-04 -1.44622145330304020e-05
0.00000000000000000e+00 0.00000000000000000e+00
1.22070312499999986e-04 1.03035127572016490e-03
0.00000000000000000e+00 0.00000000000000000e+00
1.22070312500000922e-04 9.62097049824649697e-05
0.00000000000000000e+00 0.00000000000000000e+00
1.22070312500000922e-04 -1.54882100475865406e-04
0.00000000000000000e+00 0.00000000000000000e+00
1.22070312500000081e-04 3.44122281198646680e-05
0.00000000000000000e+00 0.00000000000000000e+00
1.22070312499999634e-04 -4.33019365730813509e-04
0.00000000000000000e+00 0.00000000000000000e+00
1.22070312500000759e-04 2.17913416307662604e-04
0.00000000000000000e+00 0.00000000000000000e+00
1.22070312499999566e-04 -6.83811095541227534e-05
0.00000000000000000e+00 0.00000000000000000e+00
1.22070312499999946e-04 9.59301107264999172e-06
0.00000000000000000e+00 0.00000000000000000e+00
1.22070312499997100e-04 -1.55333513961337781e-03
0.00000000000000000e+00 0.00000000000000000e+00
1.22070312499999106e-04 1.42892680117181635e-04
0.00000000000000000e+00 0.00000000000000000e+00
1.22070312500000759e-04 -1.04282187034549051e-04
0.00000000000000000e+00 0.00000000000000000e+00
1.22070312499999566e-04 6.21802418165762482e-05
0.00000000000000000e+00 0.00000000000000000e+00
1.22070312500000488e-04 -2.39644632418823349e-04
0.00000000000000000e+00 0.00000000000000000e+00
1.22070312499999566e-04 3.75546772395927639e-04
0.00000000000000000e+00 0.00000000000000000e+00
1.22070312500000813e-04 -3.96785761165805573e-05
0.00000000000000000e+00 0.00000000000000000e+00
1.22070312500001952e-04 -2.05789194495155696e-05
0.00000000000000000e+00 0.00000000000000000e+00
1.22070312499999349e-04 7.24098329380369718e-04
0.00000000000000000e+00 0.00000000000000000e+00
1.22070312499999932e-04 8.68500018991852330e-05
0.00000000000000000e+00 0.00000000000000000e+00
1.22070312500001057e-04 -1.71573527553226180e-04
0.00000000000000000e+00 0.00000000000000000e+00
1.22070312500000244e-04 2.80271473588998876e-05
0.00000000000000000e+00 0.00000000000000000e+00
1.22070312500001545e-04 -5.31668849598952178e-04
0.00000000000000000e+00 0.00000000000000000e+00
1.22070312500000379e-04 1.94830148506190909e-04
0.00000000000000000e+00 0.00000000000000000e+00
1.22070312500000542e-04 -7.64828303427297316e-05
0.00000000000000000e+00 0.00000000000000000e+00
1.22070312499999675e-04 3.58225124342745290e-06
0.00000000000000000e+00 0.00000000000000000e+00
1.22070312500002439e-04 -4.15971973523242017e-03
0.00000000000000000e+00 0.00000000000000000e+00
1.22070312500000000e-04 1.29451419492573292e-04
0.00000000000000000e+00 0.00000000000000000e+00
1.22070312500001274e-04 -1.15110064086260198e-04
0.00000000000000000e+00 0.00000000000000000e+00
1.22070312500000407e-04 5.48116898630313521e-05
0.00000000000000000e+00 0.00000000000000000e+00
1.22070312500000678e-04 -2.71861006859737636e-04
0.00000000000000000e+00 0.00000000000000000e+00
1.22070312500000298e-04 3.21030084434311411e-04
0.00000000000000000e+00 0.00000000000000000e+00
1.22070312499998984e-04 -4.64167126894197857e-05
0.00000000000000000e+00 0.00000000000000000e+00
1.22070312500000623e-04 -8.41629943492388473e-06
0.00000000000000000e+00 0.00000000000000000e+00
1.22070312499999743e-04 1.77051224342354772e-03
0.00000000000000000e+00 0.00000000000000000e+00
1.22070312499999349e-04 1.06323405029878402e-04
0.00000000000000000e+00 0.00000000000000000e+00
1.22070312500000705e-04 -1.40149397864565813e-04
0.00000000000000000e+00 0.00000000000000000e+00
1.22070312500001952e-04 4.09766478501120325e-05
0.00000000000000000e+00 0.00000000000000000e+00
1.22070312499999119e-04 -3.63650078170237783e-04
0.00000000000000000e+00 0.00000000000000000e+00
1.22070312500000623e-04 2.45434627822567746e-04
0.00000000000000000e+00 0.00000000000000000e+00
1.22070312499999824e-04 -6.07133611342727610e-05
0.00000000000000000e+00 0.00000000000000000e+00
1.22070312499998821e-04 1.56503620157451951e-05
0.00000000000000000e+00 0.00000000000000000e+00
1.22070312499999173e-04 -9.52128850365128033e-04
0.00000000000000000e+00 0.00000000000000000e+00
1.22070312499999797e-04 1.57974192802642492e-04
0.00000000000000000e+00 0.00000000000000000e+00
1.22070312500000244e-04 -9.43265537837789837e-05
0.00000000000000000e+00 0.00000000000000000e+00
1.22070312499999892e-04 6.99270443506362242e-05
0.00000000000000000e+00 0.00000000000000000e+00
1.22070312500000813e-04 -2.13095824830359266e-04
0.00000000000000000e+00 0.00000000000000000e+00
1.22070312499999634e-04 4.49476570643692703e-04
0.00000000000000000e+00 0.00000000000000000e+00
1.22070312499999390e-04 -3.31522534589686946e-05
0.00000000000000000e+00 0.00000000000000000e+00
1.22070312500000542e-04 -2.36735496562732877e-05
0.00000000000000000e+00 0.00000000000000000e+00
1.22070312499999756e-04 6.29443467929586067e-04
0.00000000000000000e+00 0.00000000000000000e+00
1.22070312500000244e-04 8.24139240693601733e-05
0.00000000000000000e+00 0.00000000000000000e+00
1.22070312499998956e-04 -1.80808781551366397e-04
0.00000000000000000e+00 0.00000000000000000e+00
1.22070312500000190e-04 2.48902001506264131e-05
0.00000000000000000e+00 0.00000000000000000e+00
1.22070312499996951e-04 -5.98675828385148248e-04
0.00000000000000000e+00 0.00000000000000000e+00
1.22070312499998834e-04 1.84600689078516159e-04
0.00000000000000000e+00 0.00000000000000000e+00
1.22070312499999837e-04 -8.07210485953819792e-05
0.00000000000000000e+00 0.00000000000000000e+00
1.22070312499999932e-04 5.85171714023598459e-07
0.00000000000000000e+00 0.00000000000000000e+00
1.22070312500010978e-04 -2.54645958386605295e-02
0.00000000000000000e+00 0.00000000000000000e+00
1.22070312499997276e-04 1.23246293258387875e-04
0.00000000000000000e+00 0.00000000000000000e+00
1.22070312500001518e-04 -1.20905552612500758e-04
0.00000000000000000e+00 0.00000000000000000e+00
1.22070312499998726e-04 5.12501143051557326e-05
0.00000000000000000e+00 0.00000000000000000e+00
1.22070312500002846e-04 -2.90753716277047534e-04
0.00000000000000000e+00 0.00000000000000000e+00
1.22070312500001491e-04 2.98746391594808625e-04
0.00000000000000000e+00 0.00000000000000000e+00
1.22070312500000136e-04 -4.98789662840793752e-05
0.00000000000000000e+00 0.00000000000000000e+00
1.22070312500000000e-04 -1.14323070129896735e-05
0.00000000000000000e+00 0.00000000000000000e+00
1.22070312499999092e-04 1.30342556204237963e-03
0.00000000000000000e+00 0.00000000000000000e+00
1.22070312500000054e-04 1.01163677188087134e-04
0.00000000000000000e+00 0.00000000000000000e+00
1.22070312499996815e-04 -1.47297544020103091e-04
0.00000000000000000e+00 0.00000000000000000e+00
1.22070312500001897e-04 3.76695738063519627e-05
0.00000000000000000e+00 0.00000000000000000e+00
1.22070312499999892e-04 -3.95575518598923306e-04
0.00000000000000000e+00 0.00000000000000000e+00
1.22070312499999404e-04 2.31034682183390503e-04
0.00000000000000000e+00 0.00000000000000000e+00
1.22070312499997561e-04 -6.44975077032800952e-05
0.00000000000000000e+00 0.00000000000000000e+00
1.22070312499998631e-04 1.26140036870455147e-05
0.00000000000000000e+00 0.00000000000000000e+00
1.22070312499999770e-04 -1.18131891852444465e-03
0.00000000000000000e+00 0.00000000000000000e+00
1.22070312499998211e-04 1.50205655060940213e-04
0.00000000000000000e+00 0.00000000000000000e+00
1.22070312500000136e-04 -9.92050611396902443e-05
0.00000000000000000e+00 0.00000000000000000e+00
1.22070312500001816e-04 6.60022306492550351e-05
0.00000000000000000e+00 0.00000000000000000e+00
1.22070312500002033e-04 -2.25767539176585820e-04
0.00000000000000000e+00 0.00000000000000000e+00
1.22070312500001111e-04 4.09467799808355235e-04
0.00000000000000000e+00 0.00000000000000000e+00
1.22070312499999377e-04 -3.63915335975680180e-05
0.00000000000000000e+00 0.00000000000000000e+00
1.22070312500000678e-04 -1.75097977346106634e-05
0.00000000000000000e+00 0.00000000000000000e+00
1.22070312499999458e-04 8.51018465187226457e-04
0.00000000000000000e+00 0.00000000000000000e+00
1.22070312499998292e-04 9.14437930384089743e-05
0.00000000000000000e+00 0.00000000000000000e+00
1.22070312500001220e-04 -1.62954320886369842e-04
0.00000000000000000e+00 0.00000000000000000e+00
1.22070312499999295e-04 3.11996567095013512e-05
0.00000000000000000e+00 0.00000000000000000e+00
1.22070312500000108e-04 -4.77606575373304442e-04
0.00000000000000000e+00 0.00000000000000000e+00
1.22070312500001708e-04 2.05893892538910390e-04
0.00000000000000000e+00 0.00000000000000000e+00
1.22070312500000298e-04 -7.23730121865173048e-05
0.00000000000000000e+00 0.00000000000000000e+00
1.22070312500001274e-04 6.58365207213333395e-06
0.00000000000000000e+00 0.00000000000000000e+00
1.22070312500003280e-04 -2.26335794033238023e-03
0.00000000000000000e+00 0.00000000000000000e+00
1.22070312500000136e-04 1.35988257011668756e-04
0.00000000000000000e+00 0.00000000000000000e+00
1.22070312499997289e-04 -1.09576823185319507e-04
0.00000000000000000e+00 0.00000000000000000e+00
1.22070312499999824e-04 5.84526573063230746e-05
0.00000000000000000e+00 0.00000000000000000e+00
1.22070312499999363e-04 -2.54927010687599630e-04
0.00000000000000000e+00 0.00000000000000000e+00
1.22070312500001897e-04 3.46389618897434122e-04
0.00000000000000000e+00 0.00000000000000000e+00
1.22070312499997669e-04 -4.30184981907900677e-05
0.00000000000000000e+00 0.00000000000000000e+00
1.22070312500001111e-04 -5.41048401675263340e-06
0.00000000000000000e+00 0.00000000000000000e+00
1.22070312499997439e-04 2.75412719965672376e-03
0.00000000000000000e+00 0.00000000000000000e+00
1.22070312499998428e-04 1.11708603242645610e-04
0.00000000000000000e+00 0.00000000000000000e+00
1.22070312499998834e-04 -1.33393138588265201e-04
0.00000000000000000e+00 0.00000000000000000e+00
1.22070312499999119e-04 4.43386786431711812e-05
0.00000000000000000e+00 0.00000000000000000e+00
1.22070312500000379e-04 -3.36075896933461446e-04
0.00000000000000000e+00 0.00000000000000000e+00
1.22070312500000515e-04 2.61329867182141882e-04
0.00000000000000000e+00 0.00000000000000000e+00
1.22070312499999471e-04 -5.70205057482453726e-05
0.00000000000000000e+00 0.00000000000000000e+00
1.22070312500000298e-04 1.87058934953765575e-05
0.00000000000000000e+00 0.00000000000000000e+00
1.22070312499999919e-04 -7.96602482395797774e-04
0.00000000000000000e+00 0.00000000000000000e+00
1.22070312500000949e-04 1.66252523101311135e-04
0.00000000000000000e+00 0.00000000000000000e+00
1.22070312500000732e-04 -8.96296845057026944e-05
0.00000000000000000e+00 0.00000000000000000e+00
1.22070312500002223e-04 7.39638177941128746e-05
0.00000000000000000e+00 0.00000000000000000e+00
1.22070312500001084e-04 -2.01465549484306698e-04
0.00000000000000000e+00 0.00000000000000000e+00
1.22070312499999471e-04 4.97436940520599633e-04
0.00000000000000000e+00 0.00000000000000000e+00
1.22070312500000379e-04 -2.99558797910173928e-05
0.00000000000000000e+00 0.00000000000000000e+00
1.22070312500001193e-04 -2.52317055502552366e-05
0.00000000000000000e+00 0.00000000000000000e+00
1.22070312499999905e-04 5.90572887122843104e-04
0.00000000000000000e+00 0.00000000000000000e+00
1.22070312500000163e-04 8.02508965517855427e-05
0.00000000000000000e+00 0.00000000000000000e+00
1.22070312500001138e-04 -1.85682177198260380e-04
0.00000000000000000e+00 0.00000000000000000e+00
1.22070312499999946e-04 2.33337074626180817e-05
0.00000000000000000e+00 0.00000000000000000e+00
1.22070312500001518e-04 -6.38610954462347875e-04
0.00000000000000000e+00 0.00000000000000000e+00
1.22070312500000217e-04 1.79766299933780923e-04
0.00000000000000000e+00 0.00000000000000000e+00
1.22070312500001626e-04 -8.28918501373015148e-05
0.00000000000000000e+00 0.00000000000000000e+00
1.22070312500000271e-04 -9.12877898427640099e-07
0.00000000000000000e+00 0.00000000000000000e+00
1.22070312499994132e-04 1.63232796187661282e-02
0.00000000000000000e+00 0.00000000000000000e+00
1.22070312499999214e-04 1.20258108897626769e-04
0.00000000000000000e+00 0.00000000000000000e+00
1.22070312499996937e-04 -1.23909824713212634e-04
0.00000000000000000e+00 0.00000000000000000e+00
1.22070312500000379e-04 4.94969786907680033e-05
0.00000000000000000e+00 0.00000000000000000e+00
1.22070312499999566e-04 -3.01051934643182552e-04
0.00000000000000000e+00 0.00000000000000000e+00
1.22070312499999661e-04 2.88580829226988702e-04
0.00000000000000000e+00 0.00000000000000000e+00
1.22070312499998062e-04 -5.16360051835859196e-05
0.00000000000000000e+00 0.00000000000000000e+00
1.22070312499999851e-04 -1.29452891095660236e-05
0.00000000000000000e+00 0.00000000000000000e+00
1.22070312499999932e-04 1.15108755530504486e-03
0.00000000000000000e+00 0.00000000000000000e+00
1.22070312499996747e-04 9.86621216217750273e-05
0.00000000000000000e+00 0.00000000000000000e+00
1.22070312499999593e-04 -1.51032239616454798e-04
0.00000000000000000e+00 0.00000000000000000e+00
1.22070312500001301e-04 3.60350005823016186e-05
0.00000000000000000e+00 0.00000000000000000e+00
1.22070312500001681e-04 -4.13519105121526497e-04
0.00000000000000000e+00 0.00000000000000000e+00
1.22070312500000705e-04 2.24326088273264004e-04
0.00000000000000000e+00 0.00000000000000000e+00
1.22070312499997981e-04 -6.64263408172836736e-05
0.00000000000000000e+00 0.00000000000000000e+00
1.22070312499998021e-04 1.11018214652958978e-05
0.00000000000000000e+00 0.00000000000000000e+00
1.22070312499999864e-04 -1.34222670040492847e-03
0.00000000000000000e+00 0.00000000000000000e+00
1.22070312500000542e-04 1.46495314641624833e-04
0.00000000000000000e+00 0.00000000000000000e+00
1.22070312499999959e-04 -1.01717664010624658e-04
0.00000000000000000e+00 0.00000000000000000e+00
1.22070312499997804e-04 6.40789251490592681e-05
0.00000000000000000e+00 0.00000000000000000e+00
1.22070312499997994e-04 -2.32543869285962046e-04
0.00000000000000000e+00 0.00000000000000000e+00
1.22070312499999810e-04 3.91839144560294291e-04
0.00000000000000000e+00 0.00000000000000000e+00
1.22070312499999675e-04 -3.80287712463449958e-05
0.00000000000000000e+00 0.00000000000000000e+00
1.22070312500000786e-04 -1.90414209077642220e-05
0.00000000000000000e+00 0.00000000000000000e+00
1.22070312500001870e-04 7.82565611360121097e-04
0.00000000000000000e+00 0.00000000000000000e+00
1.22070312499999878e-04 8.91263163556420002e-05
0.00000000000000000e+00 0.00000000000000000e+00
1.22070312500000217e-04 -1.67191485109597206e-04
0.00000000000000000e+00 0.00000000000000000e+00
1.22070312499999837e-04 2.96086801686509025e-05
0.00000000000000000e+00 0.00000000000000000e+00
1.22070312499999160e-04 -5.03270024498601279e-04
0.00000000000000000e+00 0.00000000000000000e+00
1.22070312500000922e-04 2.00250650652523195e-04
0.00000000000000000e+00 0.00000000000000000e+00
1.22070312499998685e-04 -7.44125482004270340e-05
0.00000000000000000e+00 0.00000000000000000e+00
1.22070312500001437e-04 5.08218488600811356e-06
0.00000000000000000e+00 0.00000000000000000e+00
1.22070312500000840e-04 -2.93203839058849740e-03
0.00000000000000000e+00 0.00000000000000000e+00
1.22070312500000379e-04 1.32676241663425031e-04
0.00000000000000000e+00 0.00000000000000000e+00
1.22070312500000813e-04 -1.12312204559195339e-04
0.00000000000000000e+00 0.00000000000000000e+00
1.22070312500000434e-04 5.66218104246557816e-05
0.00000000000000000e+00 0.00000000000000000e+00
1.22070312500002602e-04 -2.63169988421270288e-04
0.00000000000000000e+00 0.00000000000000000e+00
1.22070312500001681e-04 3.33284988884687992e-04
0.00000000000000000e+00 0.00000000000000000e+00
1.22070312500002006e-04 -4.47099680178024943e-05
0.00000000000000000e+00 0.00000000000000000e+00
1.22070312500000488e-04 -6.91234729541078982e-06
0.00000000000000000e+00 0.00000000000000000e+00
1.22070312499998035e-04 2.15573097777382785e-03
0.00000000000000000e+00 0.00000000000000000e+00
1.22070312500000108e-04 1.08986501144307709e-04
0.00000000000000000e+00 0.00000000000000000e+00
1.22070312500000325e-04 -1.36724833235238688e-04
0.00000000000000000e+00 0.00000000000000000e+00
1.22070312500000623e-04 4.26504552095112325e-05
0.00000000000000000e+00 0.00000000000000000e+00
1.22070312500000163e-04 -3.49378714028929910e-04
0.00000000000000000e+00 0.00000000000000000e+00
1.22070312499998536e-04 2.53179951154963463e-04
0.00000000000000000e+00 0.00000000000000000e+00
1.22070312500000081e-04 -5.88560078547716497e-05
0.00000000000000000e+00 0.00000000000000000e+00
1.22070312499999200e-04 1.71754896780732677e-05
0.00000000000000000e+00 0.00000000000000000e+00
1.22070312499999011e-04 -8.67582902912576617e-04
0.00000000000000000e+00 0.00000000000000000e+00
1.22070312500000298e-04 1.62045924945663041e-04
0.00000000000000000e+00 0.00000000000000000e+00
1.22070312499998550e-04 -9.19564080296642131e-05
0.00000000000000000e+00 0.00000000000000000e+00
1.22070312500000217e-04 7.19308348277129242e-05
0.00000000000000000e+00 0.00000000000000000e+00
1.22070312499998875e-04 -2.07159575299497033e-04
0.00000000000000000e+00 0.00000000000000000e+00
1.22070312499999607e-04 4.72318057129314300e-04
0.00000000000000000e+00 0.00000000000000000e+00
1.22070312500000786e-04 -3.15489974793969761e-05
0.00000000000000000e+00 0.00000000000000000e+00
1.22070312499998767e-04 -2.21227931115184963e-05
0.00000000000000000e+00 0.00000000000000000e+00
1.22070312499998387e-04 6.73565996785849166e-04
0.00000000000000000e+00 0.00000000000000000e+00
1.22070312499999607e-04 8.46130948744669095e-05
0.00000000000000000e+00 0.00000000000000000e+00
1.22070312499999688e-04 -1.76109397912405476e-04
0.00000000000000000e+00 0.00000000000000000e+00
1.22070312500000054e-04 2.64545021950845129e-05
0.00000000000000000e+00 0.00000000000000000e+00
1.22070312500001193e-04 -5.63275055563760858e-04
0.00000000000000000e+00 0.00000000000000000e+00
1.22070312499999593e-04 1.89617914506147537e-04
0.00000000000000000e+00 0.00000000000000000e+00
1.22070312499999810e-04 -7.85851971458367994e-05
0.00000000000000000e+00 0.00000000000000000e+00
1.22070312499999241e-04 2.08339759985232151e-06
0.00000000000000000e+00 0.00000000000000000e+00
1.22070312500004445e-04 -7.15233673826678063e-03
0.00000000000000000e+00 0.00000000000000000e+00
1.22070312499998509e-04 1.26309458014950741e-04
0.00000000000000000e+00 0.00000000000000000e+00
1.22070312500001274e-04 -1.17973439424335125e-04
0.00000000000000000e+00 0.00000000000000000e+00
1.22070312500001166e-04 5.30214094861197825e-05
0.00000000000000000e+00 0.00000000000000000e+00
1.22070312500000244e-04 -2.81040457774860424e-04
0.00000000000000000e+00 0.00000000000000000e+00
1.22070312500001382e-04 3.09541502994081699e-04
0.00000000000000000e+00 0.00000000000000000e+00
1.22070312500000027e-04 -4.81394612667918533e-05
0.00000000000000000e+00 0.00000000000000000e+00
1.22070312499999187e-04 -9.92279884145575415e-06
0.00000000000000000e+00 0.00000000000000000e+00
1.22070312499997777e-04 1.50170949063229624e-03
0.00000000000000000e+00 0.00000000000000000e+00
1.22070312499998889e-04 1.03716640203912826e-04
0.00000000000000000e+00 0.00000000000000000e+00
1.22070312499999919e-04 -1.43671846335853532e-04
0.00000000000000000e+00 0.00000000000000000e+00
1.22070312500001355e-04 3.93165748401377377e-05
0.00000000000000000e+00 0.00000000000000000e+00
1.22070312500000488e-04 -3.79004561166262010e-04
0.00000000000000000e+00 0.00000000000000000e+00
1.22070312500002168e-04 2.38062332024054801e-04
0.00000000000000000e+00 0.00000000000000000e+00
1.22070312500001897e-04 -6.25935277838992281e-05
0.00000000000000000e+00 0.00000000000000000e+00
1.22070312499999878e-04 1.41300261617870873e-05
0.00000000000000000e+00 0.00000000000000000e+00
1.22070312500002033e-04 -1.05457421120323889e-03
0.00000000000000000e+00 0.00000000000000000e+00
1.22070312499999878e-04 1.54029773934037434e-04
0.00000000000000000e+00 0.00000000000000000e+00
1.22070312500001464e-04 -9.67420831262721042e-05
0.00000000000000000e+00 0.00000000000000000e+00
1.22070312499999078e-04 6.79512312276984607e-05
0.00000000000000000e+00 0.00000000000000000e+00
1.22070312500001464e-04 -2.19291996989958728e-04
0.00000000000000000e+00 0.00000000000000000e+00
1.22070312499998482e-04 4.28610181090462996e-04
0.00000000000000000e+00 0.00000000000000000e+00
1.22070312500000434e-04 -3.47662324677787158e-05
0.00000000000000000e+00 0.00000000000000000e+00
1.22070312499999011e-04 -1.59835575178565702e-05
0.00000000000000000e+00 0.00000000000000000e+00
1.22070312500000840e-04 9.32280637598998946e-04
0.00000000000000000e+00 0.00000000000000000e+00
1.22070312500000054e-04 9.38042760489515181e-05
0.00000000000000000e+00 0.00000000000000000e+00
1.22070312500000488e-04 -1.58853751891561631e-04
0.00000000000000000e+00 0.00000000000000000e+00
1.22070312499999024e-04 3.28006454529259679e-05
0.00000000000000000e+00 0.00000000000000000e+00
1.22070312499999702e-04 -4.54294755121001750e-04
0.00000000000000000e+00 0.00000000000000000e+00
1.22070312499998726e-04 2.11775700076476429e-04
0.00000000000000000e+00 0.00000000000000000e+00
1.22070312500001301e-04 -7.03629414917128672e-05
0.00000000000000000e+00 0.00000000000000000e+00
1.22070312500001491e-04 8.08710819933880707e-06
0.00000000000000000e+00 0.00000000000000000e+00
1.22070312500001708e-04 -1.84258214760509909e-03
0.00000000000000000e+00 0.00000000000000000e+00
1.22070312500001599e-04 1.39392089531470463e-04
0.00000000000000000e+00 0.00000000000000000e+00
1.22070312499999526e-04 -1.06901053308935932e-04
0.00000000000000000e+00 0.00000000000000000e+00
1.22070312499998753e-04 6.03051496886290112e-05
0.00000000000000000e+00 0.00000000000000000e+00
1.22070312499999322e-04 -2.47095998779315782e-04
0.00000000000000000e+00 0.00000000000000000e+00
1.22070312499997588e-04 3.60439908977281407e-04
0.00000000000000000e+00 0.00000000000000000e+00
1.22070312500000027e-04 -4.13415962625460475e-05
0.00000000000000000e+00 0.00000000000000000e+00
1.22070312500000244e-04 -3.91025372234640949e-06
0.00000000000000000e+00 0.00000000000000000e+00
1.22070312500000244e-04 3.81079138386580590e-03
0.00000000000000000e+00 0.00000000000000000e+00
1.22070312499999702e-04 1.14492542242980268e-04
0.00000000000000000e+00 0.00000000000000000e+00
1.22070312500000786e-04 -1.30149622865598702e-04
0.00000000000000000e+00 0.00000000000000000e+00
1.22070312500000163e-04 4.60420204330078695e-05
0.00000000000000000e+00 0.00000000000000000e+00
1.22070312500000379e-04 -3.23642643257349258e-04
0.00000000000000000e+00 0.00000000000000000e+00
1.22070312499997913e-04 2.69919584648228459e-04
0.00000000000000000e+00 0.00000000000000000e+00
1.22070312500002006e-04 -5.52059281406637963e-05
0.00000000000000000e+00 0.00000000000000000e+00
1.22070312500001599e-04 2.02420643618760721e-05
0.00000000000000000e+00 0.00000000000000000e+00
1.22070312499999377e-04 -7.36148296312683428e-04
0.00000000000000000e+00 0.00000000000000000e+00
1.22070312499999702e-04 1.70602132844150560e-04
0.00000000000000000e+00 0.00000000000000000e+00
1.22070312499999593e-04 -8.73445187667179739e-05
0.00000000000000000e+00 0.00000000000000000e+00
1.22070312500000190e-04 7.60272619039132117e-05
0.00000000000000000e+00 0.00000000000000000e+00
1.22070312499999295e-04 -1.95997604289373099e-04
0.00000000000000000e+00 0.00000000000000000e+00
1.22070312500000379e-04 5.25200491711828887e-04
0.00000000000000000e+00 0.00000000000000000e+00
1.22070312500002548e-04 -2.83723290990825417e-05
0.00000000000000000e+00 0.00000000000000000e+00
1.22070312500000623e-04 -2.71906078659578175e-05
0.00000000000000000e+00 0.00000000000000000e+00
1.22070312499999864e-04 5.48026041466462602e-04
0.00000000000000000e+00 0.00000000000000000e+00
1.22070312500000732e-04 7.75956302975270125e-05
0.00000000000000000e+00 0.00000000000000000e+00
1.22070312500000461e-04 -1.92036086783649036e-04
0.00000000000000000e+00 0.00000000000000000e+00
1.22070312500001220e-04 2.13982764805368063e-05
0.00000000000000000e+00 0.00000000000000000e+00
1.22070312500000352e-04 -6.96372028251979105e-04
0.00000000000000000e+00 0.00000000000000000e+00
1.22070312500001491e-04 1.73963457810688001e-04
0.00000000000000000e+00 0.00000000000000000e+00
1.22070312499998834e-04 -8.56568464514137023e-05
0.00000000000000000e+00 0.00000000000000000e+00
1.22070312499999864e-04 -2.78587953791526237e-06
0.00000000000000000e+00 0.00000000000000000e+00
1.22070312499994037e-04 5.34881748871200453e-03
0.00000000000000000e+00 0.00000000000000000e+00
1.22070312499999295e-04 1.16622874447788413e-04
0.00000000000000000e+00 0.00000000000000000e+00
1.22070312499999349e-04 -1.27772199616968851e-04
0.00000000000000000e+00 0.00000000000000000e+00
1.22070312500000894e-04 4.73298829359653620e-05
0.00000000000000000e+00 0.00000000000000000e+00
1.22070312499999336e-04 -3.14836214871016303e-04
0.00000000000000000e+00 0.00000000000000000e+00
1.22070312500001952e-04 2.76674015857948121e-04
0.00000000000000000e+00 0.00000000000000000e+00
1.22070312500000542e-04 -5.38581881194719365e-05
0.00000000000000000e+00 0.00000000000000000e+00
1.22070312500001328e-04 -1.48421174933283510e-05
0.00000000000000000e+00 0.00000000000000000e+00
1.22070312500002467e-04 1.00397811838813652e-03
0.00000000000000000e+00 0.00000000000000000e+00
1.22070312499999743e-04 9.56040242212731549e-05
0.00000000000000000e+00 0.00000000000000000e+00
1.22070312500000217e-04 -1.55863325997235535e-04
0.00000000000000000e+00 0.00000000000000000e+00
1.22070312499999024e-04 3.40083069366038565e-05
0.00000000000000000e+00 0.00000000000000000e+00
1.22070312500003090e-04 -4.38162394312257186e-04
0.00000000000000000e+00 0.00000000000000000e+00
1.22070312499999119e-04 2.16353985209637552e-04
0.00000000000000000e+00 0.00000000000000000e+00
1.22070312499998414e-04 -6.88739852857766350e-05
0.00000000000000000e+00 0.00000000000000000e+00
1.22070312499997371e-04 9.21628082937708634e-06
0.00000000000000000e+00 0.00000000000000000e+00
1.22070312500000054e-04 -1.61683020186956651e-03
0.00000000000000000e+00 0.00000000000000000e+00
1.22070312499998076e-04 1.42008178507539126e-04
0.00000000000000000e+00 0.00000000000000000e+00
1.22070312499999946e-04 -1.04931711331374177e-04
0.00000000000000000e+00 0.00000000000000000e+00
1.22070312500001409e-04 6.17092964950185748e-05
0.00000000000000000e+00 0.00000000000000000e+00
1.22070312499998740e-04 -2.41473522470807934e-04
0.00000000000000000e+00 0.00000000000000000e+00
1.22070312499997804e-04 3.71664292385310636e-04
0.00000000000000000e+00 0.00000000000000000e+00
1.22070312500000271e-04 -4.00930665096002332e-05
0.00000000000000000e+00 0.00000000000000000e+00
1.22070312500000461e-04 -2.09642705051758468e-05
0.00000000000000000e+00 0.00000000000000000e+00
1.22070312499997940e-04 7.10788443135614207e-04
0.00000000000000000e+00 0.00000000000000000e+00
1.22070312499998198e-04 8.62871473642145225e-05
0.00000000000000000e+00 0.00000000000000000e+00
1.22070312500000732e-04 -1.72692708578610994e-04
0.00000000000000000e+00 0.00000000000000000e+00
1.22070312499998509e-04 2.76331743130206704e-05
0.00000000000000000e+00 0.00000000000000000e+00
1.22070312499999051e-04 -5.39248984754753095e-04
0.00000000000000000e+00 0.00000000000000000e+00
1.22070312499998834e-04 1.93508102516012285e-04
0.00000000000000000e+00 0.00000000000000000e+00
1.22070312499999648e-04 -7.70053604996426825e-05
0.00000000000000000e+00 0.00000000000000000e+00
1.22070312499998048e-04 3.20745426636006620e-06
0.00000000000000000e+00 0.00000000000000000e+00
1.22070312500003253e-04 -4.64579069766276730e-03
0.00000000000000000e+00 0.00000000000000000e+00
1.22070312499996978e-04 1.28658324103337403e-04
0.00000000000000000e+00 0.00000000000000000e+00
1.22070312500001220e-04 -1.15819643211577855e-04
0.00000000000000000e+00 0.00000000000000000e+00
1.22070312499999986e-04 5.43622936676529519e-05
0.00000000000000000e+00 0.00000000000000000e+00
1.22070312500000569e-04 -2.74108397356201286e-04
0.00000000000000000e+00 0.00000000000000000e+00
1.22070312500000163e-04 3.18089108815954155e-04
0.00000000000000000e+00 0.00000000000000000e+00
1.22070312500000434e-04 -4.68458704836362391e-05
0.00000000000000000e+00 0.00000000000000000e+00
1.22070312499999092e-04 -8.79266751020128446e-06
0.00000000000000000e+00 0.00000000000000000e+00
1.22070312499997249e-04 1.69472588114597477e-03
0.00000000000000000e+00 0.00000000000000000e+00
1.22070312499999119e-04 1.05666533973863553e-04
0.00000000000000000e+00 0.00000000000000000e+00
1.22070312499998523e-04 -1.41020630027795669e-04
0.00000000000000000e+00 0.00000000000000000e+00
1.22070312499998753e-04 4.05603681980186895e-05
0.00000000000000000e+00 0.00000000000000000e+00
1.22070312499999512e-04 -3.67382295966803881e-04
0.00000000000000000e+00 0.00000000000000000e+00
1.22070312500000271e-04 2.43557742370005488e-04
0.00000000000000000e+00 0.00000000000000000e+00
1.22070312500001138e-04 -6.11812256463193472e-05
0.00000000000000000e+00 0.00000000000000000e+00
1.22070312499999878e-04 1.52698476052061988e-05
0.00000000000000000e+00 0.00000000000000000e+00
1.22070312499998577e-04 -9.75855265822396837e-04
0.00000000000000000e+00 0.00000000000000000e+00
1.22070312500000894e-04 1.56976435255764071e-04
0.00000000000000000e+00 0.00000000000000000e+00
1.22070312500000678e-04 -9.49261025680000922e-05
0.00000000000000000e+00 0.00000000000000000e+00
1.22070312499999892e-04 6.94305145297323693e-05
0.00000000000000000e+00 0.00000000000000000e+00
1.22070312500001193e-04 -2.14619771937116048e-04
0.00000000000000000e+00 0.00000000000000000e+00
1.22070312500000244e-04 4.44085401177476480e-04
0.00000000000000000e+00 0.00000000000000000e+00
1.22070312500001708e-04 -3.35547197776311785e-05
0.00000000000000000e+00 0.00000000000000000e+00
1.22070312499996002e-04 -2.40623745649170951e-05
0.00000000000000000e+00 0.00000000000000000e+00
1.22070312500000623e-04 6.19272264823359994e-04
0.00000000000000000e+00 0.00000000000000000e+00
1.22070312500002033e-04 8.18698393323883934e-05
0.00000000000000000e+00 0.00000000000000000e+00
1.22070312499999905e-04 -1.82010387651417396e-04
0.00000000000000000e+00 0.00000000000000000e+00
1.22070312499999187e-04 2.45003654761059687e-05
0.00000000000000000e+00 0.00000000000000000e+00
1.22070312500000027e-04 -6.08201588191832642e-04
0.00000000000000000e+00 0.00000000000000000e+00
1.22070312499997750e-04 1.83375404103665622e-04
0.00000000000000000e+00 0.00000000000000000e+00
1.22070312499997777e-04 -8.12604136671611583e-05
0.00000000000000000e+00 0.00000000000000000e+00
1.22070312499996829e-04 2.10660412542945360e-07
0.00000000000000000e+00 0.00000000000000000e+00
1.22070312500036077e-04 -7.07354600429828811e-02
0.00000000000000000e+00 0.00000000000000000e+00
1.22070312500003876e-04 1.22492361668034746e-04
0.00000000000000000e+00 0.00000000000000000e+00
1.22070312500001274e-04 -1.21649717508357606e-04
0.00000000000000000e+00 0.00000000000000000e+00
1.22070312499994213e-04 5.08101595726982656e-05
0.00000000000000000e+00 0.00000000000000000e+00
1.22070312500000732e-04 -2.93271292969026973e-04
0.00000000000000000e+00 0.00000000000000000e+00
1.22070312499998279e-04 2.96148301458046227e-04
0.00000000000000000e+00 0.00000000000000000e+00
1.22070312500003659e-04 -5.03165512700327327e-05
0.00000000000000000e+00 0.00000000000000000e+00
1.22070312500001653e-04 -1.18102085976428029e-05
0.00000000000000000e+00 0.00000000000000000e+00
1.22070312499993644e-04 1.26171871314940671e-03
0.00000000000000000e+00 0.00000000000000000e+00
1.22070312500000894e-04 1.00533559544681755e-04
0.00000000000000000e+00 0.00000000000000000e+00
1.22070312499999228e-04 -1.48220765894849319e-04
0.00000000000000000e+00 0.00000000000000000e+00
1.22070312500000407e-04 3.72597901716468065e-05
0.00000000000000000e+00 0.00000000000000000e+00
1.22070312500000054e-04 -3.99926063061606819e-04
0.00000000000000000e+00 0.00000000000000000e+00
1.22070312500001274e-04 2.29328565487237085e-04
0.00000000000000000e+00 0.00000000000000000e+00
1.22070312499999363e-04 -6.49773444585445851e-05
0.00000000000000000e+00 0.00000000000000000e+00
1.22070312499997303e-04 1.22356164815013666e-05
0.00000000000000000e+00 0.00000000000000000e+00
1.22070312500005746e-04 -1.21785128002171376e-03
0.00000000000000000e+00 0.00000000000000000e+00
1.22070312499997954e-04 1.49267647798767230e-04
0.00000000000000000e+00 0.00000000000000000e+00
1.22070312499998875e-04 -9.98284719669218911e-05
0.00000000000000000e+00 0.00000000000000000e+00
1.22070312500000732e-04 6.55190380119720768e-05
0.00000000000000000e+00 0.00000000000000000e+00
1.22070312500002250e-04 -2.27432539396031950e-04
0.00000000000000000e+00 0.00000000000000000e+00
1.22070312499997466e-04 4.04926163839429225e-04
0.00000000000000000e+00 0.00000000000000000e+00
1.22070312499997140e-04 -3.67996996108067780e-05
0.00000000000000000e+00 0.00000000000000000e+00
1.22070312500002873e-04 -1.78921797601232135e-05
0.00000000000000000e+00 0.00000000000000000e+00
1.22070312500000705e-04 8.32830957078708176e-04
0.00000000000000000e+00 0.00000000000000000e+00
1.22070312499998970e-04 9.08604656423828139e-05
0.00000000000000000e+00 0.00000000000000000e+00
1.22070312499998645e-04 -1.64000493377360778e-04
0.00000000000000000e+00 0.00000000000000000e+00
1.22070312500003876e-04 3.08009963558770653e-05
0.00000000000000000e+00 0.00000000000000000e+00
1.22070312500002683e-04 -4.83788284693087379e-04
0.00000000000000000e+00 0.00000000000000000e+00
1.22070312500003144e-04 2.04461359334096054e-04
0.00000000000000000e+00 0.00000000000000000e+00
1.22070312500000379e-04 -7.28800847376649035e-05
0.00000000000000000e+00 0.00000000000000000e+00
1.22070312500002277e-04 6.20811663820377698e-06
0.00000000000000000e+00 0.00000000000000000e+00
1.22070312500002602e-04 -2.40027081678082779e-03
0.00000000000000000e+00 0.00000000000000000e+00
1.22070312500000759e-04 1.35151831151100602e-04
0.00000000000000000e+00 0.00000000000000000e+00
1.22070312499999160e-04 -1.10254970775704837e-04
0.00000000000000000e+00 0.00000000000000000e+00
1.22070312499998740e-04 5.79929528089889103e-05
0.00000000000000000e+00 0.00000000000000000e+00
1.22070312499999986e-04 -2.56947792310692415e-04
0.00000000000000000e+00 0.00000000000000000e+00
1.22070312500001328e-04 3.43028788514857300e-04
0.00000000000000000e+00 0.00000000000000000e+00
1.22070312500001328e-04 -4.34399726575759098e-05
0.00000000000000000e+00 0.00000000000000000e+00
1.22070312500000867e-04 -5.78577897444735358e-06
0.00000000000000000e+00 0.00000000000000000e+00
1.22070312499998577e-04 2.57548054629298589e-03
0.00000000000000000e+00 0.00000000000000000e+00
1.22070312500002467e-04 1.11022393870201016e-04
0.00000000000000000e+00 0.00000000000000000e+00
1.22070312500000732e-04 -1.34217617494980800e-04
0.00000000000000000e+00 0.00000000000000000e+00
1.22070312500002277e-04 4.39152332347741002e-05
0.00000000000000000e+00 0.00000000000000000e+00
1.22070312500001355e-04 -3.39316453454431490e-04
0.00000000000000000e+00 0.00000000000000000e+00
1.22070312499999119e-04 2.59252599176141717e-04
0.00000000000000000e+00 0.00000000000000000e+00
1.22070312500001572e-04 -5.74773839922959601e-05
0.00000000000000000e+00 0.00000000000000000e+00
1.22070312499998414e-04 1.83227711736616738e-05
0.00000000000000000e+00 0.00000000000000000e+00
1.22070312499999417e-04 -8.13259143642311032e-04
0.00000000000000000e+00 0.00000000000000000e+00
1.22070312499998414e-04 1.65187795082062948e-04
0.00000000000000000e+00 0.00000000000000000e+00
1.22070312499998658e-04 -9.02073981098000483e-05
0.00000000000000000e+00 0.00000000000000000e+00
1.22070312499999065e-04 7.34527668230760124e-05
0.00000000000000000e+00 0.00000000000000000e+00
1.22070312499996815e-04 -2.02867255221846689e-04
0.00000000000000000e+00 0.00000000000000000e+00
1.22070312499998577e-04 4.90924892682485445e-04
0.00000000000000000e+00 0.00000000000000000e+00
1.22070312499995162e-04 -3.03532402124184232e-05
0.00000000000000000e+00 0.00000000000000000e+00
1.22070312500000027e-04 -2.56224620819949714e-05
0.00000000000000000e+00 0.00000000000000000e+00
1.22070312500001518e-04 5.81566328253782603e-04
0.00000000000000000e+00 0.00000000000000000e+00
1.22070312500000054e-04 7.97156074411944091e-05
0.00000000000000000e+00 0.00000000000000000e+00
1.22070312500001138e-04 -1.86929030238402723e-04
0.00000000000000000e+00 0.00000000000000000e+00
1.22070312499997398e-04 2.29457429149021036e-05
0.00000000000000000e+00 0.00000000000000000e+00
1.22070312500000434e-04 -6.49408530772418503e-04
0.00000000000000000e+00 0.00000000000000000e+00
1.22070312499999228e-04 1.78584938891631565e-04
0.00000000000000000e+00 0.00000000000000000e+00
1.22070312500000054e-04 -8.34401897849279946e-05
0.00000000000000000e+00 0.00000000000000000e+00
1.22070312499997940e-04 -1.28741563915791111e-06
0.00000000000000000e+00 0.00000000000000000e+00
1.22070312499991191e-04 1.15744758263194095e-02
0.00000000000000000e+00 0.00000000000000000e+00
1.22070312499998604e-04 1.19522353296145091e-04
0.00000000000000000e+00 0.00000000000000000e+00
1.22070312500000949e-04 -1.24672588707540685e-04
0.00000000000000000e+00 0.00000000000000000e+00
1.22070312499998035e-04 4.90614381241832851e-05
0.00000000000000000e+00 0.00000000000000000e+00
1.22070312499998685e-04 -3.03724508770628066e-04
0.00000000000000000e+00 0.00000000000000000e+00
1.22070312500002982e-04 2.86131055381471289e-04
0.00000000000000000e+00 0.00000000000000000e+00
1.22070312500000163e-04 -5.20780981777076477e-05
0.00000000000000000e+00 0.00000000000000000e+00
1.22070312499999390e-04 -1.33241323409368371e-05
0.00000000000000000e+00 0.00000000000000000e+00
1.22070312500000461e-04 1.11835884037773405e-03
0.00000000000000000e+00 0.00000000000000000e+00
1.22070312499999512e-04 9.80444966615395304e-05
0.00000000000000000e+00 0.00000000000000000e+00
1.22070312499999756e-04 -1.51983657433499552e-04
0.00000000000000000e+00 0.00000000000000000e+00
1.22070312500001681e-04 3.56282252782319939e-05
0.00000000000000000e+00 0.00000000000000000e+00
1.22070312500000054e-04 -4.18240343926176608e-04
0.00000000000000000e+00 0.00000000000000000e+00
1.22070312500000054e-04 2.22696031598537192e-04
0.00000000000000000e+00 0.00000000000000000e+00
1.22070312499998699e-04 -6.69125582835292278e-05
0.00000000000000000e+00 0.00000000000000000e+00
1.22070312499997845e-04 1.07243209610876392e-05
0.00000000000000000e+00 0.00000000000000000e+00
1.22070312500001301e-04 -1.38947363174924039e-03
0.00000000000000000e+00 0.00000000000000000e+00
1.22070312500001084e-04 1.45584786491868682e-04
0.00000000000000000e+00 0.00000000000000000e+00
1.22070312500002060e-04 -1.02353834854029997e-04
0.00000000000000000e+00 0.00000000000000000e+00
1.22070312499997208e-04 6.36019869572369552e-05
0.00000000000000000e+00 0.00000000000000000e+00
1.22070312499999864e-04 -2.34287667834432546e-04
0.00000000000000000e+00 0.00000000000000000e+00
1.22070312500000081e-04 3.87647079114018908e-04
0.00000000000000000e+00 0.00000000000000000e+00
1.22070312500000136e-04 -3.84400192770833454e-05
0.00000000000000000e+00 0.00000000000000000e+00
1.22070312499997520e-04 -1.94252253363654434e-05
0.00000000000000000e+00 0.00000000000000000e+00
1.22070312500000705e-04 7.67103646718146799e-04
0.00000000000000000e+00 0.00000000000000000e+00
1.22070312500000027e-04 8.85534488101296356e-05
0.00000000000000000e+00 0.00000000000000000e+00
1.22070312499998496e-04 -1.68273075685593135e-04
0.00000000000000000e+00 0.00000000000000000e+00
1.22070312499997357e-04 2.92124335436950755e-05
0.00000000000000000e+00 0.00000000000000000e+00
1.22070312500000136e-04 -5.10096537200845686e-04
0.00000000000000000e+00 0.00000000000000000e+00
1.22070312499999485e-04 1.98875230545607476e-04
0.00000000000000000e+00 0.00000000000000000e+00
1.22070312500001545e-04 -7.49271850142749197e-05
0.00000000000000000e+00 0.00000000000000000e+00
1.22070312500001599e-04 4.70707544966626298e-06
0.00000000000000000e+00 0.00000000000000000e+00
1.22070312500000678e-04 -3.16569414558804524e-03
0.00000000000000000e+00 0.00000000000000000e+00
1.22070312499997154e-04 1.31862035795009893e-04
0.00000000000000000e+00 0.00000000000000000e+00
1.22070312499999919e-04 -1.13005696476676333e-04
0.00000000000000000e+00 0.00000000000000000e+00
1.22070312499999770e-04 5.61673723561355892e-05
0.00000000000000000e+00 0.00000000000000000e+00
1.22070312499998875e-04 -2.65299239910419963e-04
0.00000000000000000e+00 0.00000000000000000e+00
1.22070312500000596e-04 3.30145056383944772e-04
0.00000000000000000e+00 0.00000000000000000e+00
1.22070312500001626e-04 -4.51351940781977612e-05
0.00000000000000000e+00 0.00000000000000000e+00
1.22070312500000651e-04 -7.28812164062414669e-06
0.00000000000000000e+00 0.00000000000000000e+00
1.22070312499997276e-04 2.04458184545042772e-03
0.00000000000000000e+00 0.00000000000000000e+00
1.22070312499999404e-04 1.08315302366814538e-04
0.00000000000000000e+00 0.00000000000000000e+00
1.22070312500001681e-04 -1.37572077704996195e-04
0.00000000000000000e+00 0.00000000000000000e+00
1.22070312499999986e-04 4.22306788344001846e-05
0.00000000000000000e+00 0.00000000000000000e+00
1.22070312499998198e-04 -3.52851566802410508e-04
0.00000000000000000e+00 0.00000000000000000e+00
1.22070312499997561e-04 2.51206981237585563e-04
0.00000000000000000e+00 0.00000000000000000e+00
1.22070312500002304e-04 -5.93182606647158425e-05
0.00000000000000000e+00 0.00000000000000000e+00
1.22070312500001924e-04 1.67937321497445550e-05
0.00000000000000000e+00 0.00000000000000000e+00
1.22070312500001762e-04 -8.87304921918433413e-04
0.00000000000000000e+00 0.00000000000000000e+00
1.22070312499999675e-04 1.61015652949701769e-04
0.00000000000000000e+00 0.00000000000000000e+00
1.22070312499999892e-04 -9.25447987252673226e-05
0.00000000000000000e+00 0.00000000000000000e+00
1.22070312500001274e-04 7.14271987680838258e-05
0.00000000000000000e+00 0.00000000000000000e+00
1.22070312500000190e-04 -2.08620265821012817e-04
0.00000000000000000e+00 0.00000000000000000e+00
1.22070312500000894e-04 4.66406978715857212e-04
0.00000000000000000e+00 0.00000000000000000e+00
1.22070312499999648e-04 -3.19488384047665375e-05
0.00000000000000000e+00 0.00000000000000000e+00
1.22070312499999065e-04 -2.25098169571537217e-05
0.00000000000000000e+00 0.00000000000000000e+00
1.22070312499999743e-04 6.61985000687089517e-04
0.00000000000000000e+00 0.00000000000000000e+00
1.22070312499996056e-04 8.40598279251918672e-05
0.00000000000000000e+00 0.00000000000000000e+00
1.22070312499998441e-04 -1.77268518882872552e-04
0.00000000000000000e+00 0.00000000000000000e+00
1.22070312499999892e-04 2.60626655446085524e-05
0.00000000000000000e+00 0.00000000000000000e+00
1.22070312500000705e-04 -5.71743560471315400e-04
0.00000000000000000e+00 0.00000000000000000e+00
1.22070312500000027e-04 1.88345819264404689e-04
0.00000000000000000e+00 0.00000000000000000e+00
1.22070312499997655e-04 -7.91159647293727128e-05
0.00000000000000000e+00 0.00000000000000000e+00
1.22070312500001518e-04 1.70879992095855392e-06
0.00000000000000000e+00 0.00000000000000000e+00
1.22070312500005800e-04 -8.72024922934387138e-03
0.00000000000000000e+00 0.00000000000000000e+00
1.22070312499998550e-04 1.25536432788485671e-04
0.00000000000000000e+00 0.00000000000000000e+00
1.22070312499998360e-04 -1.18699893432168725e-04
0.00000000000000000e+00 0.00000000000000000e+00
1.22070312499999458e-04 5.25768385683551961e-05
0.00000000000000000e+00 0.00000000000000000e+00
1.22070312499998157e-04 -2.83416835237729984e-04
0.00000000000000000e+00 0.00000000000000000e+00
1.22070312499999322e-04 3.06780350758085866e-04
0.00000000000000000e+00 0.00000000000000000e+00
1.22070312500001274e-04 -4.85727366730808691e-05
0.00000000000000000e+00 0.00000000000000000e+00
1.22070312499999512e-04 -1.02998757093123046e-05
0.00000000000000000e+00 0.00000000000000000e+00
1.22070312499997588e-04 1.44673213681360715e-03
0.00000000000000000e+00 0.00000000000000000e+00
1.22070312499999146e-04 1.03073451294985845e-04
0.00000000000000000e+00 0.00000000000000000e+00
1.22070312500000515e-04 -1.44568373394250824e-04
0.00000000000000000e+00 0.00000000000000000e+00
1.22070312500001030e-04 3.89036245492653217e-05
0.00000000000000000e+00 0.00000000000000000e+00
1.22070312499999200e-04 -3.83027580758640157e-04
0.00000000000000000e+00 0.00000000000000000e+00
1.22070312499999810e-04 2.36274153560130670e-04
0.00000000000000000e+00 0.00000000000000000e+00
1.22070312500001057e-04 -6.30672503501569440e-05
0.00000000000000000e+00 0.00000000000000000e+00
1.22070312499998848e-04 1.37506347312556286e-05
0.00000000000000000e+00 0.00000000000000000e+00
1.22070312500002683e-04 -1.08367078939106804e-03
0.00000000000000000e+00 0.00000000000000000e+00
1.22070312500000244e-04 1.53062728897345238e-04
0.00000000000000000e+00 0.00000000000000000e+00
1.22070312500003822e-04 -9.73532962674481840e-05
0.00000000000000000e+00 0.00000000000000000e+00
1.22070312500000515e-04 6.74615118450560278e-05
0.00000000000000000e+00 0.00000000000000000e+00
1.22070312500000732e-04 -2.20883890477759949e-04
0.00000000000000000e+00 0.00000000000000000e+00
1.22070312499999417e-04 4.23671802878205518e-04
0.00000000000000000e+00 0.00000000000000000e+00
1.22070312499999905e-04 -3.51714725705544988e-05
0.00000000000000000e+00 0.00000000000000000e+00
1.22070312499997954e-04 -1.63646395912133635e-05
0.00000000000000000e+00 0.00000000000000000e+00
1.22070312500000542e-04 9.10570691813267241e-04
0.00000000000000000e+00 0.00000000000000000e+00
1.22070312499999973e-04 9.32100190744893537e-05
0.00000000000000000e+00 0.00000000000000000e+00
1.22070312499999810e-04 -1.59866518018189234e-04
0.00000000000000000e+00 0.00000000000000000e+00
1.22070312499998306e-04 3.23994280449812274e-05
0.00000000000000000e+00 0.00000000000000000e+00
1.22070312500000325e-04 -4.59920501471842026e-04
0.00000000000000000e+00 0.00000000000000000e+00
1.22070312500001843e-04 2.10281961806429817e-04
0.00000000000000000e+00 0.00000000000000000e+00
1.22070312500002223e-04 -7.08627647651703809e-05
0.00000000000000000e+00 0.00000000000000000e+00
1.22070312499999688e-04 7.71103271448531031e-06
0.00000000000000000e+00 0.00000000000000000e+00
1.22070312500001979e-04 -1.93244689078476647e-03
0.00000000000000000e+00 0.00000000000000000e+00
1.22070312499998550e-04 1.38532259006141534e-04
0.00000000000000000e+00 0.00000000000000000e+00
1.22070312499999661e-04 -1.07564557892518507e-04
0.00000000000000000e+00 0.00000000000000000e+00
1.22070312499998767e-04 5.98399457610650044e-05
0.00000000000000000e+00 0.00000000000000000e+00
1.22070312499999905e-04 -2.49016956889413588e-04
0.00000000000000000e+00 0.00000000000000000e+00
1.22070312499999932e-04 3.56832897450854803e-04
0.00000000000000000e+00 0.00000000000000000e+00
1.22070312500001924e-04 -4.17594938703758469e-05
0.00000000000000000e+00 0.00000000000000000e+00
1.22070312499998862e-04 -4.28518305502427693e-06
0.00000000000000000e+00 0.00000000000000000e+00
1.22070312499995257e-04 3.47736864505203240e-03
0.00000000000000000e+00 0.00000000000000000e+00
1.22070312499998889e-04 1.13790599261591555e-04
0.00000000000000000e+00 0.00000000000000000e+00
1.22070312500000217e-04 -1.30952480174499218e-04
0.00000000000000000e+00 0.00000000000000000e+00
1.22070312500002060e-04 4.56147284252802321e-05
0.00000000000000000e+00 0.00000000000000000e+00
1.22070312500001084e-04 -3.26674337615675918e-04
0.00000000000000000e+00 0.00000000000000000e+00
1.22070312499999458e-04 2.67728846689862490e-04
0.00000000000000000e+00 0.00000000000000000e+00
1.22070312500001138e-04 -5.56576602711369927e-05
0.00000000000000000e+00 0.00000000000000000e+00
1.22070312500001491e-04 1.98574538742835852e-05
0.00000000000000000e+00 0.00000000000000000e+00
1.22070312500001220e-04 -7.50406436202039127e-04
0.00000000000000000e+00 0.00000000000000000e+00
1.22070312500001409e-04 1.69500853676121628e-04
0.00000000000000000e+00 0.00000000000000000e+00
1.22070312499999458e-04 -8.79120126575887981e-05
0.00000000000000000e+00 0.00000000000000000e+00
1.22070312499999892e-04 7.55084736574674243e-05
0.00000000000000000e+00 0.00000000000000000e+00
1.22070312499999133e-04 -1.97344224721641374e-04
0.00000000000000000e+00 0.00000000000000000e+00
1.22070312499999390e-04 5.17988652707203215e-04
0.00000000000000000e+00 0.00000000000000000e+00
1.22070312499999471e-04 -2.87673506281826509e-05
0.00000000000000000e+00 0.00000000000000000e+00
1.22070312500001301e-04 -2.64054942727976876e-05
0.00000000000000000e+00 0.00000000000000000e+00
1.22070312499998157e-04 5.64320479666158455e-04
0.00000000000000000e+00 0.00000000000000000e+00
1.22070312499999051e-04 7.86514282028439541e-05
0.00000000000000000e+00 0.00000000000000000e+00
1.22070312500001382e-04 -1.89458240420212562e-04
0.00000000000000000e+00 0.00000000000000000e+00
1.22070312500000542e-04 2.21711474050042539e-05
0.00000000000000000e+00 0.00000000000000000e+00
1.22070312499999864e-04 -6.72096979089350892e-04
0.00000000000000000e+00 0.00000000000000000e+00
1.22070312500002629e-04 1.76253726137916500e-04
0.00000000000000000e+00 0.00000000000000000e+00
1.22070312499998401e-04 -8.45438080678507446e-05
0.00000000000000000e+00 0.00000000000000000e+00
1.22070312499999336e-04 -2.03657088928620934e-06
0.00000000000000000e+00 0.00000000000000000e+00
1.22070312499993508e-04 7.31678984132066480e-03
0.00000000000000000e+00 0.00000000000000000e+00
1.22070312500001193e-04 1.18064010220962802e-04
0.00000000000000000e+00 0.00000000000000000e+00
1.22070312499999011e-04 -1.26212561863343371e-04
0.00000000000000000e+00 0.00000000000000000e+00
1.22070312499999743e-04 4.81935631811600636e-05
0.00000000000000000e+00 0.00000000000000000e+00
1.22070312500000190e-04 -3.09194012856723439e-04
0.00000000000000000e+00 0.00000000000000000e+00
1.22070312499998984e-04 2.81335666545916351e-04
0.00000000000000000e+00 0.00000000000000000e+00
1.22070312499999824e-04 -5.29657735074838524e-05
0.00000000000000000e+00 0.00000000000000000e+00
1.22070312499998997e-04 -1.40825876437851494e-05
0.00000000000000000e+00 0.00000000000000000e+00
1.22070312499996774e-04 1.05812664339595907e-03
0.00000000000000000e+00 0.00000000000000000e+00
1.22070312500000434e-04 9.68183219412975348e-05
0.00000000000000000e+00 0.00000000000000000e+00
1.22070312500000163e-04 -1.53908484417674936e-04
0.00000000000000000e+00 0.00000000000000000e+00
1.22070312500001220e-04 3.48168485916731607e-05
0.00000000000000000e+00 0.00000000000000000e+00
1.22070312499999431e-04 -4.27987075125802288e-04
0.00000000000000000e+00 0.00000000000000000e+00
1.22070312499999837e-04 2.19490022789462159e-04
0.00000000000000000e+00 0.00000000000000000e+00
1.22070312499999024e-04 -6.78899250383739573e-05
0.00000000000000000e+00 0.00000000000000000e+00
1.22070312500001464e-04 9.96992301861776262e-06
0.00000000000000000e+00 0.00000000000000000e+00
1.22070312500002982e-04 -1.49461145948860479e-03
0.00000000000000000e+00 0.00000000000000000e+00
1.22070312499998794e-04 1.43783557638832194e-04
0.00000000000000000e+00 0.00000000000000000e+00
1.22070312499999417e-04 -1.03636058521222423e-04
0.00000000000000000e+00 0.00000000000000000e+00
1.22070312499999295e-04 6.26526613956269963e-05
0.00000000000000000e+00 0.00000000000000000e+00
1.22070312500001193e-04 -2.37837641082037790e-04
0.00000000000000000e+00 0.00000000000000000e+00
1.22070312499999648e-04 3.79503240708027297e-04
0.00000000000000000e+00 0.00000000000000000e+00
1.22070312499997994e-04 -3.92649115882315043e-05
0.00000000000000000e+00 0.00000000000000000e+00
1.22070312499999187e-04 -2.01939667997708335e-05
0.00000000000000000e+00 0.00000000000000000e+00
1.22070312499999946e-04 7.37901638721983623e-04
0.00000000000000000e+00 0.00000000000000000e+00
1.22070312500000678e-04 8.74153189907963044e-05
0.00000000000000000e+00 0.00000000000000000e+00
1.22070312500000786e-04 -1.70463957186000990e-04
0.00000000000000000e+00 0.00000000000000000e+00
1.22070312499998875e-04 2.84216758262362260e-05
0.00000000000000000e+00 0.00000000000000000e+00
1.22070312499998848e-04 -5.24288619888215769e-04
0.00000000000000000e+00 0.00000000000000000e+00
1.22070312500001464e-04 1.96165205348650535e-04
0.00000000000000000e+00 0.00000000000000000e+00
1.22070312499999404e-04 -7.59623051772271326e-05
0.00000000000000000e+00 0.00000000000000000e+00
1.22070312500000569e-04 3.95711571406987410e-06
0.00000000000000000e+00 0.00000000000000000e+00
1.22070312500001653e-04 -3.76566223243558458e-03
0.00000000000000000e+00 0.00000000000000000e+00
1.22070312500000894e-04 1.30249692365412106e-04
0.00000000000000000e+00 0.00000000000000000e+00
1.22070312499998292e-04 -1.14404578799642110e-04
0.00000000000000000e+00 0.00000000000000000e+00
1.22070312500000271e-04 5.52623259179446172e-05
0.00000000000000000e+00 0.00000000000000000e+00
1.22070312499996639e-04 -2.69644119141373994e-04
0.00000000000000000e+00 0.00000000000000000e+00
1.22070312499999621e-04 3.24018903960539479e-04
0.00000000000000000e+00 0.00000000000000000e+00
1.22070312500001518e-04 -4.59885550247486076e-05
0.00000000000000000e+00 0.00000000000000000e+00
1.22070312499998347e-04 -8.04009054874139473e-06
0.00000000000000000e+00 0.00000000000000000e+00
1.22070312499997262e-04 1.85335738490929251e-03
0.00000000000000000e+00 0.00000000000000000e+00
1.22070312499999607e-04 1.06983796082932758e-04
0.00000000000000000e+00 0.00000000000000000e+00
1.22070312500000352e-04 -1.39284281727079969e-04
0.00000000000000000e+00 0.00000000000000000e+00
1.22070312500001084e-04 4.13937858045912728e-05
0.00000000000000000e+00 0.00000000000000000e+00
1.22070312499999743e-04 -3.59985464103032755e-04
0.00000000000000000e+00 0.00000000000000000e+00
1.22070312499998252e-04 2.47334811994429906e-04
0.00000000000000000e+00 0.00000000000000000e+00
1.22070312499999851e-04 -6.02469222738580450e-05
0.00000000000000000e+00 0.00000000000000000e+00
1.22070312500001491e-04 1.60311758854195096e-05
0.00000000000000000e+00 0.00000000000000000e+00
1.22070312499999539e-04 -9.29511428254099444e-04
0.00000000000000000e+00 0.00000000000000000e+00
1.22070312499998834e-04 1.58979904798704883e-04
0.00000000000000000e+00 0.00000000000000000e+00
1.22070312499998726e-04 -9.37298409677305490e-05
0.00000000000000000e+00 0.00000000000000000e+00
1.22070312500000515e-04 7.04253225105784417e-05
0.00000000000000000e+00 0.00000000000000000e+00
1.22070312500000949e-04 -2.11588114369082937e-04
0.00000000000000000e+00 0.00000000000000000e+00
1.22070312499999743e-04 4.54990935721737350e-04
0.00000000000000000e+00 0.00000000000000000e+00
1.22070312500001735e-04 -3.27504572595721421e-05
0.00000000000000000e+00 0.00000000000000000e+00
1.22070312499997276e-04 -2.32851871609634528e-05
0.00000000000000000e+00 0.00000000000000000e+00
1.22070312500000054e-04 6.39941654358998292e-04
0.00000000000000000e+00 0.00000000000000000e+00
1.22070312499998455e-04 8.29602674038053348e-05
0.00000000000000000e+00 0.00000000000000000e+00
1.22070312500000867e-04 -1.79618046809285330e-04
0.00000000000000000e+00 0.00000000000000000e+00
1.22070312500001382e-04 2.52805228611193523e-05
0.00000000000000000e+00 0.00000000000000000e+00
1.22070312500001274e-04 -5.89432476365659135e-04
0.00000000000000000e+00 0.00000000000000000e+00
1.22070312500000000e-04 1.85837396555742863e-04
0.00000000000000000e+00 0.00000000000000000e+00
1.22070312499999255e-04 -8.01838675639105104e-05
0.00000000000000000e+00 0.00000000000000000e+00
1.22070312499999024e-04 9.59694031557223745e-07
0.00000000000000000e+00 0.00000000000000000e+00
1.22070312500008836e-04 -1.55269916284224499e-02
0.00000000000000000e+00 0.00000000000000000e+00
1.22070312499999743e-04 1.24004910007933958e-04
0.00000000000000000e+00 0.00000000000000000e+00
1.22070312499998604e-04 -1.20165896599529984e-04
0.00000000000000000e+00 0.00000000000000000e+00
1.22070312499999986e-04 5.16912038754533816e-05
0.00000000000000000e+00 0.00000000000000000e+00
1.22070312500000949e-04 -2.88272666849683499e-04
0.00000000000000000e+00 0.00000000000000000e+00
1.22070312499999851e-04 3.01383791567764634e-04
0.00000000000000000e+00 0.00000000000000000e+00
1.22070312500000163e-04 -4.94424770367805254e-05
0.00000000000000000e+00 0.00000000000000000e+00
1.22070312500000434e-04 -1.10546225279429451e-05
0.00000000000000000e+00 0.00000000000000000e+00
1.22070312499999349e-04 1.34795748621714911e-03
0.00000000000000000e+00 0.00000000000000000e+00
1.22070312500003036e-04 1.01797007183119240e-04
0.00000000000000000e+00 0.00000000000000000e+00
1.22070312500000922e-04 -1.46381132473200791e-04
0.00000000000000000e+00 0.00000000000000000e+00
1.22070312500001924e-04 3.80801340956147337e-05
0.00000000000000000e+00 0.00000000000000000e+00
1.22070312500001111e-04 -3.91310628172508170e-04
0.00000000000000000e+00 0.00000000000000000e+00
1.22070312499999959e-04 2.32760727912918107e-04
0.00000000000000000e+00 0.00000000000000000e+00
1.22070312500000949e-04 -6.40192240652492223e-05
0.00000000000000000e+00 0.00000000000000000e+00
1.22070312500001301e-04 1.29926308854565101e-05
0.00000000000000000e+00 0.00000000000000000e+00
1.22070312500000379e-04 -1.14689329091356923e-03
0.00000000000000000e+00 0.00000000000000000e+00
1.22070312500001762e-04 1.51150771286969989e-04
0.00000000000000000e+00 0.00000000000000000e+00
1.22070312500000515e-04 -9.85847512849044626e-05
0.00000000000000000e+00 0.00000000000000000e+00
1.22070312499999729e-04 6.64870290114861275e-05
0.00000000000000000e+00 0.00000000000000000e+00
1.22070312499999404e-04 -2.24121327353537484e-04
0.00000000000000000e+00 0.00000000000000000e+00
1.22070312500000651e-04 4.14103884439161911e-04
0.00000000000000000e+00 0.00000000000000000e+00
1.22070312499997804e-04 -3.59841135371856139e-05
0.00000000000000000e+00 0.00000000000000000e+00
1.22070312500001518e-04 -1.71277521112301179e-05
0.00000000000000000e+00 0.00000000000000000e+00
1.22070312500000054e-04 8.70000984196701681e-04
0.00000000000000000e+00 0.00000000000000000e+00
1.22070312499998902e-04 9.20298078639636825e-05
0.00000000000000000e+00 0.00000000000000000e+00
1.22070312499999363e-04 -1.61916682645626590e-04
0.00000000000000000e+00 0.00000000000000000e+00
1.22070312499999824e-04 3.15989427611170011e-05
0.00000000000000000e+00 0.00000000000000000e+00
1.22070312499998821e-04 -4.71571511316003537e-04
0.00000000000000000e+00 0.00000000000000000e+00
1.22070312499999146e-04 2.07341328704394750e-04
0.00000000000000000e+00 0.00000000000000000e+00
1.22070312500000244e-04 -7.18677809530782690e-05
0.00000000000000000e+00 0.00000000000000000e+00
1.22070312499999255e-04 6.95931180312918200e-06
0.00000000000000000e+00 0.00000000000000000e+00
1.22070312500001409e-04 -2.14118315364832373e-03
0.00000000000000000e+00 0.00000000000000000e+00
1.22070312500000163e-04 1.36830419899815333e-04
0.00000000000000000e+00 0.00000000000000000e+00
1.22070312500000027e-04 -1.08902400538988785e-04
0.00000000000000000e+00 0.00000000000000000e+00
1.22070312499999444e-04 5.89137144763203683e-05
0.00000000000000000e+00 0.00000000000000000e+00
1.22070312500001789e-04 -2.52931958650091189e-04
0.00000000000000000e+00 0.00000000000000000e+00
1.22070312499998929e-04 3.49809480273525618e-04
0.00000000000000000e+00 0.00000000000000000e+00
1.22070312499999715e-04 -4.25979341160103648e-05
0.00000000000000000e+00 0.00000000000000000e+00
1.22070312499999160e-04 -5.03529111093633313e-06
0.00000000000000000e+00 0.00000000000000000e+00
1.22070312499995853e-04 2.95934452756493795e-03
0.00000000000000000e+00 0.00000000000000000e+00
1.22070312500002006e-04 1.12398676600736623e-04
0.00000000000000000e+00 0.00000000000000000e+00
1.22070312499998645e-04 -1.32574169416421777e-04
0.00000000000000000e+00 0.00000000000000000e+00
1.22070312499999078e-04 4.47630688422876832e-05
0.00000000000000000e+00 0.00000000000000000e+00
1.22070312500002114e-04 -3.32889624845609394e-04
0.00000000000000000e+00 0.00000000000000000e+00
1.22070312499997818e-04 2.63434602403568921e-04
0.00000000000000000e+00 0.00000000000000000e+00
1.22070312499999715e-04 -5.65649351220011439e-05
0.00000000000000000e+00 0.00000000000000000e+00
1.22070312499998685e-04 1.90893762225408255e-05
0.00000000000000000e+00 0.00000000000000000e+00
1.22070312500001518e-04 -7.80599691688800296e-04
0.00000000000000000e+00 0.00000000000000000e+00
1.22070312499999404e-04 1.67326186162624572e-04
0.00000000000000000e+00 0.00000000000000000e+00
1.22070312500000352e-04 -8.90545678209936120e-05
0.00000000000000000e+00 0.00000000000000000e+00
1.22070312500000759e-04 7.44767723087332110e-05
0.00000000000000000e+00 0.00000000000000000e+00
1.22070312499999431e-04 -2.00077967021411191e-04
0.00000000000000000e+00 0.00000000000000000e+00
1.22070312500001735e-04 5.04113876949383705e-04
0.00000000000000000e+00 0.00000000000000000e+00
1.22070312500000054e-04 -2.95591172455337699e-05
0.00000000000000000e+00 0.00000000000000000e+00
1.22070312500000949e-04 -2.48414442961919407e-05
0.00000000000000000e+00 0.00000000000000000e+00
1.22070312500000352e-04 5.99850838629847178e-04
0.00000000000000000e+00 0.00000000000000000e+00
1.22070312500000596e-04 8.07883493090722269e-05
0.00000000000000000e+00 0.00000000000000000e+00
1.22070312500000325e-04 -1.84446907521779407e-04
0.00000000000000000e+00 0.00000000000000000e+00
1.22070312499999810e-04 2.37221273146555231e-05
0.00000000000000000e+00 0.00000000000000000e+00
1.22070312500002304e-04 -6.28154507232663115e-04
0.00000000000000000e+00 0.00000000000000000e+00
1.22070312499998428e-04 1.80958384283072565e-04
0.00000000000000000e+00 0.00000000000000000e+00
1.22070312499998807e-04 -8.23457904583069081e-05
0.00000000000000000e+00 0.00000000000000000e+00
1.22070312499997886e-04 -5.38357343496675935e-07
0.00000000000000000e+00 0.00000000000000000e+00
1.22070312499983168e-04 2.76789410862038586e-02
0.00000000000000000e+00 0.00000000000000000e+00
1.22070312499997547e-04 1.20998325515056095e-04
0.00000000000000000e+00 0.00000000000000000e+00
1.22070312500000840e-04 -1.23151796774190815e-04
0.00000000000000000e+00 0.00000000000000000e+00
1.22070312499997832e-04 4.99336042308194699e-05
0.00000000000000000e+00 0.00000000000000000e+00
1.22070312499999593e-04 -2.98419499721400724e-04
0.00000000000000000e+00 0.00000000000000000e+00
1.22070312500001355e-04 2.91066398375231926e-04
0.00000000000000000e+00 0.00000000000000000e+00
1.22070312499997371e-04 -5.11950581620831550e-05
0.00000000000000000e+00 0.00000000000000000e+00
1.22070312499998550e-04 -1.25666923125407098e-05
0.00000000000000000e+00 0.00000000000000000e+00
1.22070312499999553e-04 1.18576637537142556e-03
0.00000000000000000e+00 0.00000000000000000e+00
1.22070312499998740e-04 9.92828171926152692e-05
0.00000000000000000e+00 0.00000000000000000e+00
1.22070312500000190e-04 -1.50088017395177059e-04
0.00000000000000000e+00 0.00000000000000000e+00
1.22070312500000732e-04 3.64425133554795595e-05
0.00000000000000000e+00 0.00000000000000000e+00
1.22070312500002196e-04 -4.08894991640508943e-04
0.00000000000000000e+00 0.00000000000000000e+00
1.22070312500000651e-04 2.25974629509959502e-04
0.00000000000000000e+00 0.00000000000000000e+00
1.22070312499999593e-04 -6.59417441071228402e-05
0.00000000000000000e+00 0.00000000000000000e+00
1.22070312500000759e-04 1.14795326887410343e-05
0.00000000000000000e+00 0.00000000000000000e+00
1.22070312500000542e-04 -1.29806339664541347e-03
0.00000000000000000e+00 0.00000000000000000e+00
1.22070312500001355e-04 1.47412572407379936e-04
0.00000000000000000e+00 0.00000000000000000e+00
1.22070312499999526e-04 -1.01084737553236892e-04
0.00000000000000000e+00 0.00000000000000000e+00
1.22070312499998455e-04 6.45574020216427812e-05
0.00000000000000000e+00 0.00000000000000000e+00
1.22070312499999431e-04 -2.30820335503145057e-04
0.00000000000000000e+00 0.00000000000000000e+00
1.22070312499998469e-04 3.96114598328182663e-04
0.00000000000000000e+00 0.00000000000000000e+00
1.22070312499999255e-04 -3.76183085822605451e-05
0.00000000000000000e+00 0.00000000000000000e+00
1.22070312500000054e-04 -1.86579836538689269e-05
0.00000000000000000e+00 0.00000000000000000e+00
1.22070312499999864e-04 7.98647992745792892e-04
0.00000000000000000e+00 0.00000000000000000e+00
1.22070312499998306e-04 8.97017561045255888e-05
0.00000000000000000e+00 0.00000000000000000e+00
1.22070312499998387e-04 -1.66118946171846883e-04
0.00000000000000000e+00 0.00000000000000000e+00
1.22070312499998862e-04 3.00055169663433991e-05
0.00000000000000000e+00 0.00000000000000000e+00
1.22070312500002168e-04 -4.96614046362275820e-04
0.00000000000000000e+00 0.00000000000000000e+00
1.22070312500001762e-04 2.01639985393405367e-04
0.00000000000000000e+00 0.00000000000000000e+00
1.22070312500000623e-04 -7.38998327379094362e-05
0.00000000000000000e+00 0.00000000000000000e+00
1.22070312499998265e-04 5.45739015977897727e-06
0.00000000000000000e+00 0.00000000000000000e+00
1.22070312499999810e-04 -2.73045553965853760e-03
0.00000000000000000e+00 0.00000000000000000e+00
1.22070312500000163e-04 1.33495895683568541e-04
0.00000000000000000e+00 0.00000000000000000e+00
1.22070312500001762e-04 -1.11622616692038401e-04
0.00000000000000000e+00 0.00000000000000000e+00
1.22070312499999024e-04 5.70775437269033613e-05
0.00000000000000000e+00 0.00000000000000000e+00
1.22070312500001301e-04 -2.61068718463871717e-04
0.00000000000000000e+00 0.00000000000000000e+00
1.22070312500000813e-04 3.36477968336297063e-04
0.00000000000000000e+00 0.00000000000000000e+00
1.22070312500001681e-04 -4.42856965272508073e-05
0.00000000000000000e+00 0.00000000000000000e+00
1.22070312500001057e-04 -6.53670349165510596e-06
0.00000000000000000e+00 0.00000000000000000e+00
1.22070312499998387e-04 2.27961406125698485e-03
0.00000000000000000e+00 0.00000000000000000e+00
1.22070312500000488e-04 1.09661387033630113e-04
0.00000000000000000e+00 0.00000000000000000e+00
1.22070312500000488e-04 -1.35883391564961472e-04
0.00000000000000000e+00 0.00000000000000000e+00
1.22070312499999471e-04 4.30711324889306488e-05
0.00000000000000000e+00 0.00000000000000000e+00
1.22070312499999282e-04 -3.45966319731145979e-04
0.00000000000000000e+00 0.00000000000000000e+00
1.22070312499998672e-04 2.55178190377108231e-04
0.00000000000000000e+00 0.00000000000000000e+00
1.22070312500000325e-04 -5.83951205697725149e-05
0.00000000000000000e+00 0.00000000000000000e+00
1.22070312499997506e-04 1.75575769341266067e-05
0.00000000000000000e+00 0.00000000000000000e+00
1.22070312500000379e-04 -8.48702600008708415e-04
0.00000000000000000e+00 0.00000000000000000e+00
1.22070312500000542e-04 1.63084623176827767e-04
0.00000000000000000e+00 0.00000000000000000e+00
1.22070312500001681e-04 -9.13707307505656774e-05
0.00000000000000000e+00 0.00000000000000000e+00
1.22070312500000000e-04 7.24362951567500971e-05
0.00000000000000000e+00 0.00000000000000000e+00
1.22070312500000678e-04 -2.05714016179339677e-04
0.00000000000000000e+00 0.00000000000000000e+00
1.22070312500002006e-04 4.78371158549891862e-04
0.00000000000000000e+00 0.00000000000000000e+00
1.22070312500001789e-04 -3.11497901316156017e-05
0.00000000000000000e+00 0.00000000000000000e+00
1.22070312499998523e-04 -2.17361994035735277e-05
0.00000000000000000e+00 0.00000000000000000e+00
1.22070312500000325e-04 6.85545845305355630e-04
0.00000000000000000e+00 0.00000000000000000e+00
1.22070312500000000e-04 8.51687199554899412e-05
0.00000000000000000e+00 0.00000000000000000e+00
1.22070312499999864e-04 -1.74960492556835236e-04
0.00000000000000000e+00 0.00000000000000000e+00
1.22070312499998658e-04 2.68468602379810311e-05
0.00000000000000000e+00 0.00000000000000000e+00
1.22070312499999797e-04 -5.55042975668571924e-04
0.00000000000000000e+00 0.00000000000000000e+00
1.22070312499997493e-04 1.90902192484285410e-04
0.00000000000000000e+00 0.00000000000000000e+00
1.22070312499995351e-04 -7.80565220332634589e-05
0.00000000000000000e+00 0.00000000000000000e+00
1.22070312499998984e-04 2.45803450991122888e-06
0.00000000000000000e+00 0.00000000000000000e+00
1.22070312500002982e-04 -6.06222619485572052e-03
0.00000000000000000e+00 0.00000000000000000e+00
1.22070312499999661e-04 1.27087406828485977e-04
0.00000000000000000e+00 0.00000000000000000e+00
1.22070312499997574e-04 -1.17251280561239001e-04
0.00000000000000000e+00 0.00000000000000000e+00
1.22070312499999702e-04 5.34671668353454738e-05
0.00000000000000000e+00 0.00000000000000000e+00
1.22070312499999892e-04 -2.78697415176992617e-04
0.00000000000000000e+00 0.00000000000000000e+00
1.22070312500001274e-04 3.12345953677862218e-04
0.00000000000000000e+00 0.00000000000000000e+00
1.22070312499999160e-04 -4.77072330164254120e-05
0.00000000000000000e+00 0.00000000000000000e+00
1.22070312499999675e-04 -9.54591000353394535e-06
0.00000000000000000e+00 0.00000000000000000e+00
1.22070312499999783e-04 1.56099954727518435e-03
0.00000000000000000e+00 0.00000000000000000e+00
1.22070312500000217e-04 1.04363191066743078e-04
0.00000000000000000e+00 0.00000000000000000e+00
1.22070312500000596e-04 -1.42781770483790349e-04
0.00000000000000000e+00 0.00000000000000000e+00
1.22070312499999417e-04 3.97303420406609049e-05
0.00000000000000000e+00 0.00000000000000000e+00
1.22070312499999634e-04 -3.75057460582585726e-04
0.00000000000000000e+00 0.00000000000000000e+00
1.22070312500001328e-04 2.39872037265745662e-04
0.00000000000000000e+00 0.00000000000000000e+00
1.22070312499999444e-04 -6.21212933516698297e-05
0.00000000000000000e+00 0.00000000000000000e+00
1.22070312500000732e-04 1.45096871526374043e-05
0.00000000000000000e+00 0.00000000000000000e+00
1.22070312500002033e-04 -1.02698018483058577e-03
0.00000000000000000e+00 0.00000000000000000e+00
1.22070312499999810e-04 1.55004335322558222e-04
0.00000000000000000e+00 0.00000000000000000e+00
1.22070312499998184e-04 -9.61338349849293121e-05
0.00000000000000000e+00 0.00000000000000000e+00
1.22070312499999499e-04 6.84426261633203651e-05
0.00000000000000000e+00 0.00000000000000000e+00
1.22070312499998875e-04 -2.17717554529396878e-04
0.00000000000000000e+00 0.00000000000000000e+00
1.22070312500000081e-04 4.33656112104508222e-04
0.00000000000000000e+00 0.00000000000000000e+00
1.22070312499998970e-04 -3.43616999228556612e-05
0.00000000000000000e+00 0.00000000000000000e+00
1.22070312499999621e-04 -1.56027814919433870e-05
0.00000000000000000e+00 0.00000000000000000e+00
1.22070312499999133e-04 9.55032357630690226e-04
0.00000000000000000e+00 0.00000000000000000e+00
1.22070312500000894e-04 9.44013416449941890e-05
0.00000000000000000e+00 0.00000000000000000e+00
1.22070312500001979e-04 -1.57849040428736692e-04
0.00000000000000000e+00 0.00000000000000000e+00
1.22070312499997940e-04 3.32025249120208911e-05
0.00000000000000000e+00 0.00000000000000000e+00
1.22070312499999973e-04 -4.48796024800284822e-04
0.00000000000000000e+00 0.00000000000000000e+00
1.22070312499999621e-04 2.13285424337616682e-04
0.00000000000000000e+00 0.00000000000000000e+00
1.22070312500001843e-04 -6.98648828916701402e-05
0.00000000000000000e+00 0.00000000000000000e+00
1.22070312500000379e-04 8.46333659132945452e-06
0.00000000000000000e+00 0.00000000000000000e+00
1.22070312500000813e-04 -1.76067216907244356e-03
0.00000000000000000e+00 0.00000000000000000e+00
1.22070312499999268e-04 1.40257965753386166e-04
0.00000000000000000e+00 0.00000000000000000e+00
1.22070312499998834e-04 -1.06241104480640056e-04
0.00000000000000000e+00 0.00000000000000000e+00
1.22070312500000623e-04 6.07717659186759806e-05
0.00000000000000000e+00 0.00000000000000000e+00
1.22070312500001220e-04 -2.45198752555386408e-04
0.00000000000000000e+00 0.00000000000000000e+00
1.22070312499996802e-04 3.64112868828089591e-04
0.00000000000000000e+00 0.00000000000000000e+00
1.22070312500000840e-04 -4.09245661703961253e-05
0.00000000000000000e+00 0.00000000000000000e+00
1.22070312499999024e-04 -3.53539807531565484e-06
0.00000000000000000e+00 0.00000000000000000e+00
1.22070312499995338e-04 4.21484678002403794e-03
0.00000000000000000e+00 0.00000000000000000e+00
1.22070312499996788e-04 1.15198536592853556e-04
0.00000000000000000e+00 0.00000000000000000e+00
1.22070312499999336e-04 -1.29352000768142254e-04
0.00000000000000000e+00 0.00000000000000000e+00
1.22070312500000217e-04 4.64703024817860589e-05
0.00000000000000000e+00 0.00000000000000000e+00
1.22070312500001220e-04 -3.20659870886094462e-04
0.00000000000000000e+00 0.00000000000000000e+00
1.22070312499999973e-04 2.72140248854628886e-04
0.00000000000000000e+00 0.00000000000000000e+00
1.22070312499999485e-04 -5.47554478125253293e-05
0.00000000000000000e+00 0.00000000000000000e+00
1.22070312499999512e-04 2.06270663822658045e-05
0.00000000000000000e+00 0.00000000000000000e+00
1.22070312499998184e-04 -7.22408165935866080e-04
0.00000000000000000e+00 0.00000000000000000e+00
1.22070312500000515e-04 1.71712896616810473e-04
0.00000000000000000e+00 0.00000000000000000e+00
1.22070312499998956e-04 -8.67795109595099226e-05
0.00000000000000000e+00 0.00000000000000000e+00
1.22070312500000352e-04 7.65480365257686154e-05
0.00000000000000000e+00 0.00000000000000000e+00
1.22070312499999878e-04 -1.94664185655907929e-04
0.00000000000000000e+00 0.00000000000000000e+00
1.22070312500001166e-04 5.32605266650870235e-04
0.00000000000000000e+00 0.00000000000000000e+00
1.22070312499999526e-04 -2.79778705297988575e-05
0.00000000000000000e+00 0.00000000000000000e+00
1.22070312500000108e-04 -2.76823908625941931e-05
0.00000000000000000e+00 0.00000000000000000e+00
1.22070312499999932e-04 5.38290253461498830e-04
0.00000000000000000e+00 0.00000000000000000e+00
1.22070312499999756e-04 7.69399338495074374e-05
0.00000000000000000e+00 0.00000000000000000e+00
1.22070312499999539e-04 -1.93672654086155015e-04
0.00000000000000000e+00 0.00000000000000000e+00
1.22070312499999593e-04 2.09160795662144816e-05
0.00000000000000000e+00 0.00000000000000000e+00
1.22070312499999973e-04 -7.12426109619380575e-04
0.00000000000000000e+00 0.00000000000000000e+00
1.22070312499998509e-04 1.72552280379563775e-04
0.00000000000000000e+00 0.00000000000000000e+00
1.22070312499999593e-04 -8.63573704217025751e-05
0.00000000000000000e+00 0.00000000000000000e+00
1.22070312499999756e-04 -3.25430043920093985e-06
0.00000000000000000e+00 0.00000000000000000e+00
1.22070312499999458e-04 4.57891380105633281e-03
0.00000000000000000e+00 0.00000000000000000e+00
1.22070312499999390e-04 1.15730720264036244e-04
0.00000000000000000e+00 0.00000000000000000e+00
1.22070312500000651e-04 -1.28757180114763911e-04
0.00000000000000000e+00 0.00000000000000000e+00
1.22070312500001681e-04 4.67921706686443868e-05
0.00000000000000000e+00 0.00000000000000000e+00
1.22070312499999390e-04 -3.18454155490444763e-04
0.00000000000000000e+00 0.00000000000000000e+00
1.22070312499998956e-04 2.73825782470842299e-04
0.00000000000000000e+00 0.00000000000000000e+00
1.22070312500000163e-04 -5.44184008510392511e-05
0.00000000000000000e+00 0.00000000000000000e+00
1.22070312499998618e-04 -1.53173957866877787e-05
0.00000000000000000e+00 0.00000000000000000e+00
1.22070312499998645e-04 9.72826020908716910e-04
0.00000000000000000e+00 0.00000000000000000e+00
1.22070312500000922e-04 9.48510028006855092e-05
0.00000000000000000e+00 0.00000000000000000e+00
1.22070312500000163e-04 -1.57100723807422822e-04
0.00000000000000000e+00 0.00000000000000000e+00
1.22070312499999024e-04 3.35043745242369305e-05
0.00000000000000000e+00 0.00000000000000000e+00
1.22070312499999133e-04 -4.44752704846580217e-04
0.00000000000000000e+00 0.00000000000000000e+00
1.22070312499998997e-04 2.14428380664082816e-04
0.00000000000000000e+00 0.00000000000000000e+00
1.22070312500000054e-04 -6.94924857786957841e-05
0.00000000000000000e+00 0.00000000000000000e+00
1.22070312499999824e-04 8.74561254948103960e-06
0.00000000000000000e+00 0.00000000000000000e+00
1.22070312500000352e-04 -1.70384419725233723e-03
0.00000000000000000e+00 0.00000000000000000e+00
1.22070312499999770e-04 1.40911388759367573e-04
0.00000000000000000e+00 0.00000000000000000e+00
1.22070312499998794e-04 -1.05748451740078224e-04
0.00000000000000000e+00 0.00000000000000000e+00
1.22070312500000054e-04 6.11226640922488590e-05
0.00000000000000000e+00 0.00000000000000000e+00
1.22070312499999431e-04 -2.43791094762471698e-04
0.00000000000000000e+00 0.00000000000000000e+00
1.22070312499999282e-04 3.66912005378971140e-04
0.00000000000000000e+00 0.00000000000000000e+00
1.22070312500000922e-04 -4.06123565743156370e-05
0.00000000000000000e+00 0.00000000000000000e+00
1.22070312499998943e-04 -2.14465315974085296e-05
0.00000000000000000e+00 0.00000000000000000e+00
1.22070312499999864e-04 6.94805177525674119e-04
0.00000000000000000e+00 0.00000000000000000e+00
1.22070312499999946e-04 8.55870016997719885e-05
0.00000000000000000e+00 0.00000000000000000e+00
1.22070312500000163e-04 -1.74105423696448966e-04
0.00000000000000000e+00 0.00000000000000000e+00
1.22070312500001409e-04 2.71414760108985852e-05
0.00000000000000000e+00 0.00000000000000000e+00
1.22070312499999905e-04 -5.49018085378396594e-04
0.00000000000000000e+00 0.00000000000000000e+00
1.22070312499999485e-04 1.91873516266056907e-04
0.00000000000000000e+00 0.00000000000000000e+00
1.22070312499999512e-04 -7.76613754927268782e-05
0.00000000000000000e+00 0.00000000000000000e+00
1.22070312500001572e-04 2.73904218471545620e-06
0.00000000000000000e+00 0.00000000000000000e+00
1.22070312499999729e-04 -5.44028174410756803e-03
0.00000000000000000e+00 0.00000000000000000e+00
1.22070312499999106e-04 1.27674136787723087e-04
0.00000000000000000e+00 0.00000000000000000e+00
1.22070312500000081e-04 -1.16712449120551692e-04
0.00000000000000000e+00 0.00000000000000000e+00
1.22070312500001545e-04 5.38022713676177664e-05
0.00000000000000000e+00 0.00000000000000000e+00
1.22070312499999919e-04 -2.76961563426040029e-04
0.00000000000000000e+00 0.00000000000000000e+00
1.22070312499999377e-04 3.14478354978302863e-04
0.00000000000000000e+00 0.00000000000000000e+00
1.22070312499999946e-04 -4.73837418631743972e-05
0.00000000000000000e+00 0.00000000000000000e+00
1.22070312499997520e-04 -9.26336241976485746e-06
0.00000000000000000e+00 0.00000000000000000e+00
1.22070312499999363e-04 1.60861256621598852e-03
0.00000000000000000e+00 0.00000000000000000e+00
1.22070312499999078e-04 1.04850333753918288e-04
0.00000000000000000e+00 0.00000000000000000e+00
1.22070312500000325e-04 -1.42118395434203337e-04
0.00000000000000000e+00 0.00000000000000000e+00
1.22070312499999959e-04 4.00412096945790210e-05
0.00000000000000000e+00 0.00000000000000000e+00
1.22070312499999526e-04 -3.72145629652749748e-04
0.00000000000000000e+00 0.00000000000000000e+00
1.22070312500000379e-04 2.41243698850208206e-04
0.00000000000000000e+00 0.00000000000000000e+00
1.22070312499999810e-04 -6.17680845753398097e-05
0.00000000000000000e+00 0.00000000000000000e+00
1.22070312499999363e-04 1.47946142708559447e-05
0.00000000000000000e+00 0.00000000000000000e+00
1.22070312500000976e-04 -1.00720173713490097e-03
0.00000000000000000e+00 0.00000000000000000e+00
1.22070312500000434e-04 1.55740252983684670e-04
0.00000000000000000e+00 0.00000000000000000e+00
1.22070312499999810e-04 -9.56795748585868427e-05
0.00000000000000000e+00 0.00000000000000000e+00
1.22070312499998021e-04 6.88122827149278483e-05
0.00000000000000000e+00 0.00000000000000000e+00
1.22070312500000515e-04 -2.16547985416782067e-04
0.00000000000000000e+00 0.00000000000000000e+00
1.22070312500000136e-04 4.37513331655921853e-04
0.00000000000000000e+00 0.00000000000000000e+00
1.22070312499998767e-04 -3.40587591638607406e-05
0.00000000000000000e+00 0.00000000000000000e+00
1.22070312500000136e-04 -2.45490684029529710e-05
0.00000000000000000e+00 0.00000000000000000e+00
1.22070312499995988e-04 6.06994976316708058e-04
0.00000000000000000e+00 0.00000000000000000e+00
1.22070312500001545e-04 8.11928727907734423e-05
0.00000000000000000e+00 0.00000000000000000e+00
1.22070312500002900e-04 -1.83527946255172207e-04
0.00000000000000000e+00 0.00000000000000000e+00
1.22070312500001328e-04 2.40137458845925226e-05
0.00000000000000000e+00 0.00000000000000000e+00
1.22070312500003605e-04 -6.20526312948459940e-04
0.00000000000000000e+00 0.00000000000000000e+00
1.22070312500002223e-04 1.81859586499876559e-04
0.00000000000000000e+00 0.00000000000000000e+00
1.22070312499999241e-04 -8.19377272358311372e-05
0.00000000000000000e+00 0.00000000000000000e+00
1.22070312499996856e-04 -2.57473963773115841e-07
0.00000000000000000e+00 0.00000000000000000e+00
1.22070312499964953e-04 5.78744389361364325e-02
0.00000000000000000e+00 0.00000000000000000e+00
1.22070312500006044e-04 1.21556448428280944e-04
0.00000000000000000e+00 0.00000000000000000e+00
1.22070312499997371e-04 -1.22586348865234168e-04
0.00000000000000000e+00 0.00000000000000000e+00
1.22070312499997317e-04 5.02617928007607895e-05
0.00000000000000000e+00 0.00000000000000000e+00
1.22070312500004364e-04 -2.96470944697830230e-04
0.00000000000000000e+00 0.00000000000000000e+00
1.22070312500003713e-04 2.92954569122940616e-04
0.00000000000000000e+00 0.00000000000000000e+00
1.22070312500005014e-04 -5.08650922853275410e-05
0.00000000000000000e+00 0.00000000000000000e+00
1.22070312500001382e-04 -1.22829020087885524e-05
0.00000000000000000e+00 0.00000000000000000e+00
1.22070312500001382e-04 1.21316291403979508e-03
0.00000000000000000e+00 0.00000000000000000e+00
1.22070312499996571e-04 9.97503748326854781e-05
0.00000000000000000e+00 0.00000000000000000e+00
1.22070312499998360e-04 -1.49384513279694509e-04
0.00000000000000000e+00 0.00000000000000000e+00
1.22070312499998577e-04 3.67486377320345404e-05
0.00000000000000000e+00 0.00000000000000000e+00
1.22070312499998469e-04 -4.05488804850518878e-04
0.00000000000000000e+00 0.00000000000000000e+00
1.22070312500000623e-04 2.27223374816191325e-04
0.00000000000000000e+00 0.00000000000000000e+00
1.22070312499999783e-04 -6.55793498617883745e-05
0.00000000000000000e+00 0.00000000000000000e+00
1.22070312500001735e-04 1.17629587773275846e-05
0.00000000000000000e+00 0.00000000000000000e+00
1.22070312499997276e-04 -1.26678682429544310e-03
0.00000000000000000e+00 0.00000000000000000e+00
1.22070312500000894e-04 1.48104987531420492e-04
0.00000000000000000e+00 0.00000000000000000e+00
1.22070312500000461e-04 -1.00612149814916689e-04
0.00000000000000000e+00 0.00000000000000000e+00
1.22070312499999770e-04 6.49172793603986669e-05
0.00000000000000000e+00 0.00000000000000000e+00
1.22070312499997059e-04 -2.29540753103978920e-04
0.00000000000000000e+00 0.00000000000000000e+00
1.22070312499999024e-04 3.99377469893299152e-04
0.00000000000000000e+00 0.00000000000000000e+00
1.22070312500001274e-04 -3.73109709915009152e-05
0.00000000000000000e+00 0.00000000000000000e+00
1.22070312499998672e-04 -1.83706420179945388e-05
0.00000000000000000e+00 0.00000000000000000e+00
1.22070312500000515e-04 8.11139925281359670e-04
0.00000000000000000e+00 0.00000000000000000e+00
1.22070312499998658e-04 9.01350409168819196e-05
0.00000000000000000e+00 0.00000000000000000e+00
1.22070312500000352e-04 -1.65320401946553863e-04
0.00000000000000000e+00 0.00000000000000000e+00
1.22070312499998685e-04 3.03035371614027177e-05
0.00000000000000000e+00 0.00000000000000000e+00
1.22070312500000379e-04 -4.91730094558969280e-04
0.00000000000000000e+00 0.00000000000000000e+00
1.22070312499999892e-04 2.02691261367357459e-04
0.00000000000000000e+00 0.00000000000000000e+00
1.22070312500001247e-04 -7.35165447850306237e-05
0.00000000000000000e+00 0.00000000000000000e+00
1.22070312500000596e-04 5.73886128085135404e-06
0.00000000000000000e+00 0.00000000000000000e+00
1.22070312500000759e-04 -2.59653622288504460e-03
0.00000000000000000e+00 0.00000000000000000e+00
1.22070312499999404e-04 1.34114253886550953e-04
0.00000000000000000e+00 0.00000000000000000e+00
1.22070312500000894e-04 -1.11107960280289699e-04
0.00000000000000000e+00 0.00000000000000000e+00
1.22070312500000136e-04 5.74202022147653681e-05
0.00000000000000000e+00 0.00000000000000000e+00
1.22070312499999349e-04 -2.59510775286265051e-04
0.00000000000000000e+00 0.00000000000000000e+00
1.22070312500000515e-04 3.38908365745215054e-04
0.00000000000000000e+00 0.00000000000000000e+00
1.22070312500000732e-04 -4.39681126226617626e-05
0.00000000000000000e+00 0.00000000000000000e+00
1.22070312500000786e-04 -6.25505201365682486e-06
0.00000000000000000e+00 0.00000000000000000e+00
1.22070312499999336e-04 2.38226015728019687e-03
0.00000000000000000e+00 0.00000000000000000e+00
1.22070312499999336e-04 1.10169997127359463e-04
0.00000000000000000e+00 0.00000000000000000e+00
1.22070312499999580e-04 -1.35256073181352004e-04
0.00000000000000000e+00 0.00000000000000000e+00
1.22070312499999810e-04 4.33872381897364653e-05
0.00000000000000000e+00 0.00000000000000000e+00
1.22070312500000434e-04 -3.43445718501004626e-04
0.00000000000000000e+00 0.00000000000000000e+00
1.22070312499999607e-04 2.56693769215692339e-04
0.00000000000000000e+00 0.00000000000000000e+00
1.22070312500001870e-04 -5.80503423958298232e-05
0.00000000000000000e+00 0.00000000000000000e+00
1.22070312499999146e-04 1.78443633486404723e-05
0.00000000000000000e+00 0.00000000000000000e+00
1.22070312500000407e-04 -8.35062641502579595e-04
0.00000000000000000e+00 0.00000000000000000e+00
1.22070312500000894e-04 1.63869250827129980e-04
0.00000000000000000e+00 0.00000000000000000e+00
1.22070312500000027e-04 -9.09332356048123033e-05
0.00000000000000000e+00 0.00000000000000000e+00
1.22070312499997872e-04 7.28165993010263961e-05
0.00000000000000000e+00 0.00000000000000000e+00
1.22070312500000488e-04 -2.04639619769195766e-04
0.00000000000000000e+00 0.00000000000000000e+00
1.22070312500000136e-04 4.83007364939265092e-04
0.00000000000000000e+00 0.00000000000000000e+00
1.22070312500000271e-04 -3.08507949888525712e-05
0.00000000000000000e+00 0.00000000000000000e+00
1.22070312499999932e-04 -2.61116168997857387e-05
0.00000000000000000e+00 0.00000000000000000e+00
1.22070312500000108e-04 5.70671714855331422e-04
0.00000000000000000e+00 0.00000000000000000e+00
1.22070312500000949e-04 7.90495035829048360e-05
0.00000000000000000e+00 0.00000000000000000e+00
1.22070312500000136e-04 -1.88504171670348926e-04
0.00000000000000000e+00 0.00000000000000000e+00
1.22070312499999675e-04 2.24614151796335390e-05
0.00000000000000000e+00 0.00000000000000000e+00
1.22070312500001247e-04 -6.63411502555671809e-04
0.00000000000000000e+00 0.00000000000000000e+00
1.22070312499999593e-04 1.77123064692439886e-04
0.00000000000000000e+00 0.00000000000000000e+00
1.22070312500000244e-04 -8.41288582021900496e-05
0.00000000000000000e+00 0.00000000000000000e+00
1.22070312499999471e-04 -1.75562272659361089e-06
0.00000000000000000e+00 0.00000000000000000e+00
1.22070312499994565e-04 8.48767845626778768e-03
0.00000000000000000e+00 0.00000000000000000e+00
1.22070312499999539e-04 1.18608850012754533e-04
0.00000000000000000e+00 0.00000000000000000e+00
1.22070312499999729e-04 -1.25632793777572785e-04
0.00000000000000000e+00 0.00000000000000000e+00
1.22070312500000867e-04 4.85185195718720565e-05
0.00000000000000000e+00 0.00000000000000000e+00
1.22070312500000434e-04 -3.07123162976441391e-04
0.00000000000000000e+00 0.00000000000000000e+00
1.22070312499998726e-04 2.83117939223747651e-04
0.00000000000000000e+00 0.00000000000000000e+00
1.22070312500000379e-04 -5.26323454977930746e-05
0.00000000000000000e+00 0.00000000000000000e+00
1.22070312499998536e-04 -1.37980441723510261e-05
0.00000000000000000e+00 0.00000000000000000e+00
1.22070312499998970e-04 1.07994734671944606e-03
0.00000000000000000e+00 0.00000000000000000e+00
1.22070312500001057e-04 9.72767313415951753e-05
0.00000000000000000e+00 0.00000000000000000e+00
1.22070312500000569e-04 -1.53183202070403501e-04
0.00000000000000000e+00 0.00000000000000000e+00
1.22070312500001328e-04 3.51207785387787832e-05
0.00000000000000000e+00 0.00000000000000000e+00
1.22070312500000407e-04 -4.24283339203141395e-04
0.00000000000000000e+00 0.00000000000000000e+00
1.22070312499998482e-04 2.20683938500210489e-04
0.00000000000000000e+00 0.00000000000000000e+00
1.22070312500000136e-04 -6.75226357437584538e-05
0.00000000000000000e+00 0.00000000000000000e+00
1.22070312500000623e-04 1.02527305704671910e-05
0.00000000000000000e+00 0.00000000000000000e+00
1.22070312500000407e-04 -1.45338464630790916e-03
0.00000000000000000e+00 0.00000000000000000e+00
1.22070312499998794e-04 1.44455951737019556e-04
0.00000000000000000e+00 0.00000000000000000e+00
1.22070312499999932e-04 -1.03153667361350297e-04
0.00000000000000000e+00 0.00000000000000000e+00
1.22070312499999593e-04 6.30079531014964093e-05
0.00000000000000000e+00 0.00000000000000000e+00
1.22070312500000352e-04 -2.36496512905983087e-04
0.00000000000000000e+00 0.00000000000000000e+00
1.22070312499999444e-04 3.82520474105968043e-04
0.00000000000000000e+00 0.00000000000000000e+00
1.22070312499999363e-04 -3.89551990090861427e-05
0.00000000000000000e+00 0.00000000000000000e+00
1.22070312499999051e-04 -1.99055090410717965e-05
0.00000000000000000e+00 0.00000000000000000e+00
1.22070312499999160e-04 7.48594831867916018e-04
0.00000000000000000e+00 0.00000000000000000e+00
1.22070312499998956e-04 8.78409390371043269e-05
0.00000000000000000e+00 0.00000000000000000e+00
1.22070312500000867e-04 -1.69637999743528836e-04
0.00000000000000000e+00 0.00000000000000000e+00
1.22070312499998672e-04 2.87179418546867611e-05
0.00000000000000000e+00 0.00000000000000000e+00
1.22070312499998048e-04 -5.18879844149257741e-04
0.00000000000000000e+00 0.00000000000000000e+00
1.22070312499999024e-04 1.97175167627415538e-04
0.00000000000000000e+00 0.00000000000000000e+00
1.22070312499999919e-04 -7.55732142802324227e-05
0.00000000000000000e+00 0.00000000000000000e+00
1.22070312500000623e-04 4.23831261675498478e-06
0.00000000000000000e+00 0.00000000000000000e+00
1.22070312500001979e-04 -3.51582399442162182e-03
0.00000000000000000e+00 0.00000000000000000e+00
1.22070312500000786e-04 1.30851834431438115e-04
0.00000000000000000e+00 0.00000000000000000e+00
1.22070312499999661e-04 -1.13878122218113610e-04
0.00000000000000000e+00 0.00000000000000000e+00
1.22070312500000651e-04 5.56011248276154803e-05
0.00000000000000000e+00 0.00000000000000000e+00
1.22070312500000542e-04 -2.68001074439531766e-04
0.00000000000000000e+00 0.00000000000000000e+00
1.22070312499999295e-04 3.26292657340797353e-04
0.00000000000000000e+00 0.00000000000000000e+00
1.22070312500001030e-04 -4.56680861754252319e-05
0.00000000000000000e+00 0.00000000000000000e+00
1.22070312499999946e-04 -7.75803403311057611e-06
0.00000000000000000e+00 0.00000000000000000e+00
1.22070312499997940e-04 1.92073934327350324e-03
0.00000000000000000e+00 0.00000000000000000e+00
1.22070312499998902e-04 1.07481423954527283e-04
0.00000000000000000e+00 0.00000000000000000e+00
1.22070312499999282e-04 -1.38639409914701899e-04
0.00000000000000000e+00 0.00000000000000000e+00
1.22070312500001735e-04 4.17072088655274251e-05
0.00000000000000000e+00 0.00000000000000000e+00
1.22070312499999065e-04 -3.57280230424723161e-04
0.00000000000000000e+00 0.00000000000000000e+00
1.22070312499998929e-04 2.48775523958103754e-04
0.00000000000000000e+00 0.00000000000000000e+00
1.22070312499998441e-04 -5.98980195349011775e-05
0.00000000000000000e+00 0.00000000000000000e+00
1.22070312500000488e-04 1.63169873371937816e-05
0.00000000000000000e+00 0.00000000000000000e+00
1.22070312500000325e-04 -9.13229929392817691e-04
0.00000000000000000e+00 0.00000000000000000e+00
1.22070312499999661e-04 1.59739477800345102e-04
0.00000000000000000e+00 0.00000000000000000e+00
1.22070312500000461e-04 -9.32841486590570661e-05
0.00000000000000000e+00 0.00000000000000000e+00
1.22070312499999255e-04 7.08001897078962289e-05
0.00000000000000000e+00 0.00000000000000000e+00
1.22070312500001681e-04 -2.10467814497757125e-04
0.00000000000000000e+00 0.00000000000000000e+00
1.22070312500000461e-04 4.59210183131763595e-04
0.00000000000000000e+00 0.00000000000000000e+00
1.22070312500001111e-04 -3.24495443289683270e-05
0.00000000000000000e+00 0.00000000000000000e+00
1.22070312499997100e-04 -2.29942138607921536e-05
0.00000000000000000e+00 0.00000000000000000e+00
1.22070312500000976e-04 6.48039601791098718e-04
0.00000000000000000e+00 0.00000000000000000e+00
1.22070312499998699e-04 8.33715218018855122e-05
0.00000000000000000e+00 0.00000000000000000e+00
1.22070312500000515e-04 -1.78732028296872816e-04
0.00000000000000000e+00 0.00000000000000000e+00
1.22070312499999566e-04 2.55735901462639734e-05
0.00000000000000000e+00 0.00000000000000000e+00
1.22070312499997723e-04 -5.82677719812632329e-04
0.00000000000000000e+00 0.00000000000000000e+00
1.22070312499998225e-04 1.86772533772502144e-04
0.00000000000000000e+00 0.00000000000000000e+00
1.22070312499999688e-04 -7.97824010461723214e-05
0.00000000000000000e+00 0.00000000000000000e+00
1.22070312499998902e-04 1.24059724068632091e-06
0.00000000000000000e+00 0.00000000000000000e+00
1.22070312500005638e-04 -1.20112802972319691e-02
0.00000000000000000e+00 0.00000000000000000e+00
1.22070312499999824e-04 1.24576982196807334e-04
0.00000000000000000e+00 0.00000000000000000e+00
1.22070312500001247e-04 -1.19614080635751979e-04
0.00000000000000000e+00 0.00000000000000000e+00
1.22070312500000081e-04 5.20227734456644596e-05
0.00000000000000000e+00 0.00000000000000000e+00
1.22070312500001735e-04 -2.86435347577370237e-04
0.00000000000000000e+00 0.00000000000000000e+00
1.22070312499999390e-04 3.03388208813330481e-04
0.00000000000000000e+00 0.00000000000000000e+00
1.22070312500000244e-04 -4.91158217787430901e-05
0.00000000000000000e+00 0.00000000000000000e+00
1.22070312499998807e-04 -1.07714972492741225e-05
0.00000000000000000e+00 0.00000000000000000e+00
1.22070312499998997e-04 1.38338810742850331e-03
0.00000000000000000e+00 0.00000000000000000e+00
1.22070312500000108e-04 1.02274134808748546e-04
0.00000000000000000e+00 0.00000000000000000e+00
1.22070312499999743e-04 -1.45698237601449542e-04
0.00000000000000000e+00 0.00000000000000000e+00
1.22070312500001681e-04 3.83885699816703815e-05
0.00000000000000000e+00 0.00000000000000000e+00
1.22070312500000379e-04 -3.88166613160177535e-04
0.00000000000000000e+00 0.00000000000000000e+00
1.22070312499999268e-04 2.34068571452703878e-04
0.00000000000000000e+00 0.00000000000000000e+00
1.22070312500000569e-04 -6.36615206448530759e-05
0.00000000000000000e+00 0.00000000000000000e+00
1.22070312499999173e-04 1.32767632080950177e-05
0.00000000000000000e+00 0.00000000000000000e+00
1.22070312500000081e-04 -1.12234894607162990e-03
0.00000000000000000e+00 0.00000000000000000e+00
1.22070312499999919e-04 1.51864333273274627e-04
0.00000000000000000e+00 0.00000000000000000e+00
1.22070312500000190e-04 -9.81215330332600185e-05
0.00000000000000000e+00 0.00000000000000000e+00
1.22070312500000054e-04 6.68516918740541565e-05
0.00000000000000000e+00 0.00000000000000000e+00
1.22070312499997655e-04 -2.22898789486449461e-04
0.00000000000000000e+00 0.00000000000000000e+00
1.22070312500000623e-04 4.17644770018586872e-04
0.00000000000000000e+00 0.00000000000000000e+00
1.22070312499999322e-04 -3.56790321908855858e-05
0.00000000000000000e+00 0.00000000000000000e+00
1.22070312500000163e-04 -1.68414340689416183e-05
0.00000000000000000e+00 0.00000000000000000e+00
1.22070312499999214e-04 8.84791706742280373e-04
0.00000000000000000e+00 0.00000000000000000e+00
1.22070312500000705e-04 9.24711004747781043e-05
0.00000000000000000e+00 0.00000000000000000e+00
1.22070312500000379e-04 -1.61143980306711253e-04
0.00000000000000000e+00 0.00000000000000000e+00
1.22070312499998333e-04 3.18988233313502527e-05
0.00000000000000000e+00 0.00000000000000000e+00
1.22070312499999607e-04 -4.67138271498647917e-04
0.00000000000000000e+00 0.00000000000000000e+00
1.22070312499999702e-04 2.08436842948605687e-04
0.00000000000000000e+00 0.00000000000000000e+00
1.22070312500000840e-04 -7.14900541720537463e-05
0.00000000000000000e+00 0.00000000000000000e+00
1.22070312499998767e-04 7.24114246434314140e-06
0.00000000000000000e+00 0.00000000000000000e+00
1.22070312500000922e-04 -2.05784670957995111e-03
0.00000000000000000e+00 0.00000000000000000e+00
1.22070312500001681e-04 1.37465852208332222e-04
0.00000000000000000e+00 0.00000000000000000e+00
1.22070312500000813e-04 -1.08399002039172559e-04
0.00000000000000000e+00 0.00000000000000000e+00
1.22070312500000651e-04 5.92604038811825586e-05
0.00000000000000000e+00 0.00000000000000000e+00
1.22070312499997628e-04 -2.51452238221730419e-04
0.00000000000000000e+00 0.00000000000000000e+00
1.22070312499999634e-04 3.52414096776268156e-04
0.00000000000000000e+00 0.00000000000000000e+00
1.22070312500001355e-04 -4.22831019818919337e-05
0.00000000000000000e+00 0.00000000000000000e+00
1.22070312500001193e-04 -4.75395913068682377e-06
0.00000000000000000e+00 0.00000000000000000e+00
1.22070312499997208e-04 3.13447397931135513e-03
0.00000000000000000e+00 0.00000000000000000e+00
1.22070312499999485e-04 1.12918794904296526e-04
0.00000000000000000e+00 0.00000000000000000e+00
1.22070312500000461e-04 -1.31963515962749194e-04
0.00000000000000000e+00 0.00000000000000000e+00
1.22070312500000298e-04 4.50819882336830140e-05
0.00000000000000000e+00 0.00000000000000000e+00
1.22070312499999106e-04 -3.30534694180018701e-04
0.00000000000000000e+00 0.00000000000000000e+00
1.22070312499998292e-04 2.65031532769466772e-04
0.00000000000000000e+00 0.00000000000000000e+00
1.22070312500001355e-04 -5.62241067624559204e-05
0.00000000000000000e+00 0.00000000000000000e+00
1.22070312499999715e-04 1.93772294378579450e-05
0.00000000000000000e+00 0.00000000000000000e+00
1.22070312499999553e-04 -7.69003703116316888e-04
0.00000000000000000e+00 0.00000000000000000e+00
1.22070312499999363e-04 1.68137377239545354e-04
0.00000000000000000e+00 0.00000000000000000e+00
1.22070312500000407e-04 -8.86249175435748073e-05
0.00000000000000000e+00 0.00000000000000000e+00
1.22070312499998455e-04 7.48627496379887443e-05
0.00000000000000000e+00 0.00000000000000000e+00
1.22070312500000759e-04 -1.99046405133454214e-04
0.00000000000000000e+00 0.00000000000000000e+00
1.22070312499999512e-04 5.09233668915192979e-04
0.00000000000000000e+00 0.00000000000000000e+00
1.22070312499999322e-04 -2.92619323965570982e-05
0.00000000000000000e+00 0.00000000000000000e+00
1.22070312499999282e-04 -2.68959420737521982e-05
0.00000000000000000e+00 0.00000000000000000e+00
1.22070312500000623e-04 5.54030089482909533e-04
0.00000000000000000e+00 0.00000000000000000e+00
1.22070312500000759e-04 7.79905836604819690e-05
0.00000000000000000e+00 0.00000000000000000e+00
1.22070312499998834e-04 -1.91063593763026048e-04
0.00000000000000000e+00 0.00000000000000000e+00
1.22070312499998862e-04 2.16879050362177497e-05
0.00000000000000000e+00 0.00000000000000000e+00
1.22070312500001328e-04 -6.87072410588459334e-04
0.00000000000000000e+00 0.00000000000000000e+00
1.22070312500001328e-04 1.74817589879188860e-04
0.00000000000000000e+00 0.00000000000000000e+00
1.22070312499999973e-04 -8.52383401701485322e-05
0.00000000000000000e+00 0.00000000000000000e+00
1.22070312500000000e-04 -2.50486723368821001e-06
0.00000000000000000e+00 0.00000000000000000e+00
1.22070312499996029e-04 5.94888263674941357e-03
0.00000000000000000e+00 0.00000000000000000e+00
1.22070312500000623e-04 1.17161310134665750e-04
0.00000000000000000e+00 0.00000000000000000e+00
1.22070312499996720e-04 -1.27184999695890543e-04
0.00000000000000000e+00 0.00000000000000000e+00
1.22070312499999648e-04 4.76532775196115995e-05
0.00000000000000000e+00 0.00000000000000000e+00
1.22070312500000542e-04 -3.12699607864649291e-04
0.00000000000000000e+00 0.00000000000000000e+00
1.22070312500001789e-04 2.78406841629414141e-04
0.00000000000000000e+00 0.00000000000000000e+00
1.22070312500000163e-04 -5.35229705801638876e-05
0.00000000000000000e+00 0.00000000000000000e+00
1.22070312500000379e-04 -1.45571641003760741e-05
0.00000000000000000e+00 0.00000000000000000e+00
1.22070312499998726e-04 1.02363077664712875e-03
0.00000000000000000e+00 0.00000000000000000e+00
1.22070312500001572e-04 9.60580108010616993e-05
0.00000000000000000e+00 0.00000000000000000e+00
1.22070312499998685e-04 -1.55126689274338213e-04
0.00000000000000000e+00 0.00000000000000000e+00
1.22070312500000407e-04 3.43111826337583200e-05
0.00000000000000000e+00 0.00000000000000000e+00
1.22070312500001382e-04 -4.34294595814589180e-04
0.00000000000000000e+00 0.00000000000000000e+00
1.22070312499998726e-04 2.17521960499034780e-04
0.00000000000000000e+00 0.00000000000000000e+00
1.22070312499999295e-04 -6.85041692326677219e-05
0.00000000000000000e+00 0.00000000000000000e+00
1.22070312499999688e-04 9.49881175939741388e-06
0.00000000000000000e+00 0.00000000000000000e+00
1.22070312499999228e-04 -1.56873949829631739e-03
0.00000000000000000e+00 0.00000000000000000e+00
1.22070312500000542e-04 1.42670960305526438e-04
0.00000000000000000e+00 0.00000000000000000e+00
1.22070312499998374e-04 -1.04444248233399010e-04
0.00000000000000000e+00 0.00000000000000000e+00
1.22070312500000081e-04 6.20623678910121179e-05
0.00000000000000000e+00 0.00000000000000000e+00
1.22070312500000515e-04 -2.40099785106747592e-04
0.00000000000000000e+00 0.00000000000000000e+00
1.22070312499999986e-04 3.74569300502691684e-04
0.00000000000000000e+00 0.00000000000000000e+00
1.22070312499998929e-04 -3.97821208888430775e-05
0.00000000000000000e+00 0.00000000000000000e+00
1.22070312500000081e-04 -2.06752195554326633e-05
0.00000000000000000e+00 0.00000000000000000e+00
1.22070312499997913e-04 7.20725656813225196e-04
0.00000000000000000e+00 0.00000000000000000e+00
1.22070312499999133e-04 8.67090584446671147e-05
0.00000000000000000e+00 0.00000000000000000e+00
1.22070312499999702e-04 -1.71852416127395001e-04
0.00000000000000000e+00 0.00000000000000000e+00
1.22070312499999024e-04 2.79286023623187711e-05
0.00000000000000000e+00 0.00000000000000000e+00
1.22070312499999377e-04 -5.33544822635040870e-04
0.00000000000000000e+00 0.00000000000000000e+00
1.22070312500000325e-04 1.94498425672585891e-04
0.00000000000000000e+00 0.00000000000000000e+00
1.22070312499998401e-04 -7.66132740782778343e-05
0.00000000000000000e+00 0.00000000000000000e+00
1.22070312500001491e-04 3.48854594796744678e-06
0.00000000000000000e+00 0.00000000000000000e+00
1.22070312500003334e-04 -4.27145332642902848e-03
0.00000000000000000e+00 0.00000000000000000e+00
1.22070312499998889e-04 1.29252662812721919e-04
0.00000000000000000e+00 0.00000000000000000e+00
1.22070312500000244e-04 -1.15287073160252646e-04
0.00000000000000000e+00 0.00000000000000000e+00
1.22070312499999878e-04 5.46992251081324308e-05
0.00000000000000000e+00 0.00000000000000000e+00
1.22070312499999255e-04 -2.72419968736128623e-04
0.00000000000000000e+00 0.00000000000000000e+00
1.22070312499998672e-04 3.20290402480717521e-04
0.00000000000000000e+00 0.00000000000000000e+00
1.22070312500001870e-04 -4.65239079236682356e-05
0.00000000000000000e+00 0.00000000000000000e+00
1.22070312500000027e-04 -8.51037624908652315e-06
0.00000000000000000e+00 0.00000000000000000e+00
1.22070312499997574e-04 1.75094035301279032e-03
0.00000000000000000e+00 0.00000000000000000e+00
1.22070312499999715e-04 1.06158858851369345e-04
0.00000000000000000e+00 0.00000000000000000e+00
1.22070312500000271e-04 -1.40366629361664161e-04
0.00000000000000000e+00 0.00000000000000000e+00
1.22070312500000081e-04 4.08724978810653730e-05
0.00000000000000000e+00 0.00000000000000000e+00
1.22070312500000569e-04 -3.64576719465699989e-04
0.00000000000000000e+00 0.00000000000000000e+00
1.22070312499998374e-04 2.44963240404831139e-04
0.00000000000000000e+00 0.00000000000000000e+00
1.22070312500000108e-04 -6.08301930086388280e-05
0.00000000000000000e+00 0.00000000000000000e+00
1.22070312500001220e-04 1.55552056324803963e-05
0.00000000000000000e+00 0.00000000000000000e+00
1.22070312500001437e-04 -9.57953340245951634e-04
0.00000000000000000e+00 0.00000000000000000e+00
1.22070312500000379e-04 1.57724012118787131e-04
0.00000000000000000e+00 0.00000000000000000e+00
1.22070312499999377e-04 -9.44761738791244723e-05
0.00000000000000000e+00 0.00000000000000000e+00
1.22070312500000596e-04 6.98027487139817840e-05
0.00000000000000000e+00 0.00000000000000000e+00
1.22070312500000705e-04 -2.13475278099797665e-04
0.00000000000000000e+00 0.00000000000000000e+00
1.22070312500000190e-04 4.48117395304886961e-04
0.00000000000000000e+00 0.00000000000000000e+00
1.22070312500001111e-04 -3.32528068536794971e-05
0.00000000000000000e+00 0.00000000000000000e+00
1.22070312499999228e-04 -2.37707122141039917e-05
0.00000000000000000e+00 0.00000000000000000e+00
1.22070312500001138e-04 6.26870623800948146e-04
0.00000000000000000e+00 0.00000000000000000e+00
1.22070312499999458e-04 8.22776920900527599e-05
0.00000000000000000e+00 0.00000000000000000e+00
1.22070312499998455e-04 -1.81108157209108797e-04
0.00000000000000000e+00 0.00000000000000000e+00
1.22070312500000081e-04 2.47926960511437711e-05
0.00000000000000000e+00 0.00000000000000000e+00
1.22070312499999702e-04 -6.01030285819151018e-04
0.00000000000000000e+00 0.00000000000000000e+00
1.22070312499999553e-04 1.84293304081463194e-04
0.00000000000000000e+00 0.00000000000000000e+00
1.22070312499998929e-04 -8.08556841938269443e-05
0.00000000000000000e+00 0.00000000000000000e+00
1.22070312500000840e-04 4.91543131310500727e-07
0.00000000000000000e+00 0.00000000000000000e+00
1.22070312500018025e-04 -3.03150634085971177e-02
0.00000000000000000e+00 0.00000000000000000e+00
1.22070312499998956e-04 1.23057373381737866e-04
0.00000000000000000e+00 0.00000000000000000e+00
1.22070312499999038e-04 -1.21091168975487624e-04
0.00000000000000000e+00 0.00000000000000000e+00
1.22070312499996829e-04 5.11400197259620967e-05
0.00000000000000000e+00 0.00000000000000000e+00
1.22070312500000000e-04 -2.91379652837380594e-04
0.00000000000000000e+00 0.00000000000000000e+00
1.22070312499997994e-04 2.98093220204372945e-04
0.00000000000000000e+00 0.00000000000000000e+00
1.22070312500000542e-04 -4.99882593224740336e-05
0.00000000000000000e+00 0.00000000000000000e+00
1.22070312500002006e-04 -1.15267617709066060e-05
0.00000000000000000e+00 0.00000000000000000e+00
1.22070312499998821e-04 1.29274478730503212e-03
0.00000000000000000e+00 0.00000000000000000e+00
1.22070312500001030e-04 1.01005848039731509e-04
0.00000000000000000e+00 0.00000000000000000e+00
1.22070312500001138e-04 -1.47527707385677323e-04
0.00000000000000000e+00 0.00000000000000000e+00
1.22070312500000759e-04 3.75670554739314123e-05
0.00000000000000000e+00 0.00000000000000000e+00
1.22070312500001193e-04 -3.96655021423973425e-04
0.00000000000000000e+00 0.00000000000000000e+00
1.22070312500000136e-04 2.30606299461847661e-04
0.00000000000000000e+00 0.00000000000000000e+00
1.22070312499999065e-04 -6.46173206396420566e-05
0.00000000000000000e+00 0.00000000000000000e+00
1.22070312500000136e-04 1.25193846735352771e-05
0.00000000000000000e+00 0.00000000000000000e+00
1.22070312499999458e-04 -1.19024709140441959e-03
0.00000000000000000e+00 0.00000000000000000e+00
1.22070312500001030e-04 1.49970490613086807e-04
0.00000000000000000e+00 0.00000000000000000e+00
1.22070312499999024e-04 -9.93606217658620200e-05
0.00000000000000000e+00 0.00000000000000000e+00
1.22070312500001220e-04 6.58812826208400219e-05
0.00000000000000000e+00 0.00000000000000000e+00
1.22070312500000894e-04 -2.26182014087474118e-04
0.00000000000000000e+00 0.00000000000000000e+00
1.22070312500000027e-04 4.08323653222278284e-04
0.00000000000000000e+00 0.00000000000000000e+00
1.22070312500000136e-04 -3.64935047878204075e-05
0.00000000000000000e+00 0.00000000000000000e+00
1.22070312500000840e-04 -1.76053614048191895e-05
0.00000000000000000e+00 0.00000000000000000e+00
1.22070312499999200e-04 8.46399051471277719e-04
0.00000000000000000e+00 0.00000000000000000e+00
1.22070312500001382e-04 9.12977103956952215e-05
0.00000000000000000e+00 0.00000000000000000e+00
1.22070312500001382e-04 -1.63215059055305109e-04
0.00000000000000000e+00 0.00000000000000000e+00
1.22070312500001030e-04 3.10999333126607661e-05
0.00000000000000000e+00 0.00000000000000000e+00
1.22070312500001626e-04 -4.79138043289036736e-04
0.00000000000000000e+00 0.00000000000000000e+00
1.22070312500002006e-04 2.05534372166885283e-04
0.00000000000000000e+00 0.00000000000000000e+00
1.22070312500001030e-04 -7.24996069355661888e-05
0.00000000000000000e+00 0.00000000000000000e+00
1.22070312499999770e-04 6.48975683937954268e-06
0.00000000000000000e+00 0.00000000000000000e+00
1.22070312500001301e-04 -2.29610470201680990e-03
0.00000000000000000e+00 0.00000000000000000e+00
1.22070312500000054e-04 1.35778615612131584e-04
0.00000000000000000e+00 0.00000000000000000e+00
1.22070312499999688e-04 -1.09746009168441535e-04
0.00000000000000000e+00 0.00000000000000000e+00
1.22070312500000136e-04 5.83376049400046722e-05
0.00000000000000000e+00 0.00000000000000000e+00
1.22070312499999309e-04 -2.55429773114141116e-04
0.00000000000000000e+00 0.00000000000000000e+00
1.22070312499998943e-04 3.45543939721126132e-04
0.00000000000000000e+00 0.00000000000000000e+00
1.22070312500001653e-04 -4.31237810330977684e-05
0.00000000000000000e+00 0.00000000000000000e+00
1.22070312500000407e-04 -5.50429791123438472e-06
0.00000000000000000e+00 0.00000000000000000e+00
1.22070312499998035e-04 2.70718653571266682e-03
0.00000000000000000e+00 0.00000000000000000e+00
1.22070312499999024e-04 1.11536690426584080e-04
0.00000000000000000e+00 0.00000000000000000e+00
1.22070312499998889e-04 -1.33598739005582820e-04
0.00000000000000000e+00 0.00000000000000000e+00
1.22070312500000271e-04 4.42327291518365175e-05
0.00000000000000000e+00 0.00000000000000000e+00
1.22070312499999146e-04 -3.36880890679322627e-04
0.00000000000000000e+00 0.00000000000000000e+00
1.22070312500000190e-04 2.60807997768073565e-04
0.00000000000000000e+00 0.00000000000000000e+00
1.22070312500000027e-04 -5.71346021646867920e-05
0.00000000000000000e+00 0.00000000000000000e+00
1.22070312500000542e-04 1.86100794285822617e-05
0.00000000000000000e+00 0.00000000000000000e+00
1.22070312499999119e-04 -8.00703793394957745e-04
0.00000000000000000e+00 0.00000000000000000e+00
1.22070312500000542e-04 1.65985508591405892e-04
0.00000000000000000e+00 0.00000000000000000e+00
1.22070312499999322e-04 -8.97738683352700980e-05
0.00000000000000000e+00 0.00000000000000000e+00
1.22070312499999621e-04 7.38358773847671348e-05
0.00000000000000000e+00 0.00000000000000000e+00
1.22070312499999864e-04 -2.01814642442671303e-04
0.00000000000000000e+00 0.00000000000000000e+00
1.22070312499998685e-04 4.95793715895833623e-04
0.00000000000000000e+00 0.00000000000000000e+00
1.22070312500000786e-04 -3.00551635006569384e-05
0.00000000000000000e+00 0.00000000000000000e+00
1.22070312500001979e-04 -2.53293479268493025e-05
0.00000000000000000e+00 0.00000000000000000e+00
1.22070312500001437e-04 5.88296281328806910e-04
0.00000000000000000e+00 0.00000000000000000e+00
1.22070312500000244e-04 8.01168723374165253e-05
0.00000000000000000e+00 0.00000000000000000e+00
1.22070312500000623e-04 -1.85992797261113387e-04
0.00000000000000000e+00 0.00000000000000000e+00
1.22070312500000407e-04 2.32366739575661425e-05
0.00000000000000000e+00 0.00000000000000000e+00
1.22070312500001870e-04 -6.41277715608532819e-04
0.00000000000000000e+00 0.00000000000000000e+00
1.22070312499999715e-04 1.79469960904985734e-04
0.00000000000000000e+00 0.00000000000000000e+00
1.22070312500000732e-04 -8.30287203424341853e-05
0.00000000000000000e+00 0.00000000000000000e+00
1.22070312499999919e-04 -1.00651044698928134e-06
0.00000000000000000e+00 0.00000000000000000e+00
1.22070312499991326e-04 1.48047754878925450e-02
0.00000000000000000e+00 0.00000000000000000e+00
1.22070312500002114e-04 1.20073753897718749e-04
0.00000000000000000e+00 0.00000000000000000e+00
1.22070312499999553e-04 -1.24100069416841830e-04
0.00000000000000000e+00 0.00000000000000000e+00
1.22070312500001193e-04 4.93879923114482687e-05
0.00000000000000000e+00 0.00000000000000000e+00
1.22070312499999553e-04 -3.01716277508885496e-04
0.00000000000000000e+00 0.00000000000000000e+00
1.22070312500000136e-04 2.87965062132819016e-04
0.00000000000000000e+00 0.00000000000000000e+00
1.22070312500000623e-04 -5.17464204979659986e-05
0.00000000000000000e+00 0.00000000000000000e+00
1.22070312499999553e-04 -1.30399765262579938e-05
0.00000000000000000e+00 0.00000000000000000e+00
1.22070312499999634e-04 1.14272914248289776e-03
0.00000000000000000e+00 0.00000000000000000e+00
1.22070312499998523e-04 9.85074288584203986e-05
0.00000000000000000e+00 0.00000000000000000e+00
1.22070312500001870e-04 -1.51269415581480868e-04
0.00000000000000000e+00 0.00000000000000000e+00
1.22070312500000434e-04 3.59332379960633237e-05
0.00000000000000000e+00 0.00000000000000000e+00
1.22070312499999295e-04 -4.14690187271186516e-04
0.00000000000000000e+00 0.00000000000000000e+00
1.22070312500000867e-04 2.23916854574420074e-04
0.00000000000000000e+00 0.00000000000000000e+00
1.22070312499998794e-04 -6.65477425635016936e-05
0.00000000000000000e+00 0.00000000000000000e+00
1.22070312500002141e-04 1.10074268688364191e-05
0.00000000000000000e+00 0.00000000000000000e+00
1.22070312499999756e-04 -1.35373701514529456e-03
0.00000000000000000e+00 0.00000000000000000e+00
1.22070312500000136e-04 1.46267055274394627e-04
0.00000000000000000e+00 0.00000000000000000e+00
1.22070312500001545e-04 -1.01876401120492668e-04
0.00000000000000000e+00 0.00000000000000000e+00
1.22070312499999349e-04 6.39595469910549509e-05
0.00000000000000000e+00 0.00000000000000000e+00
1.22070312500000244e-04 -2.32977903923113947e-04
0.00000000000000000e+00 0.00000000000000000e+00
1.22070312500001003e-04 3.90783409640471408e-04
0.00000000000000000e+00 0.00000000000000000e+00
1.22070312500000840e-04 -3.81315092356582442e-05
0.00000000000000000e+00 0.00000000000000000e+00
1.22070312499998496e-04 -1.91373372895292666e-05
0.00000000000000000e+00 0.00000000000000000e+00
1.22070312499999065e-04 7.78643390582946064e-04
0.00000000000000000e+00 0.00000000000000000e+00
1.22070312499998862e-04 8.89828594217490811e-05
0.00000000000000000e+00 0.00000000000000000e+00
1.22070312500000867e-04 -1.67461028906941824e-04
0.00000000000000000e+00 0.00000000000000000e+00
1.22070312500000271e-04 2.95095635266575292e-05
0.00000000000000000e+00 0.00000000000000000e+00
1.22070312499999146e-04 -5.04960406492832169e-04
0.00000000000000000e+00 0.00000000000000000e+00
1.22070312499998916e-04 1.99905500339185018e-04
0.00000000000000000e+00 0.00000000000000000e+00
1.22070312500001030e-04 -7.45410264778322999e-05
0.00000000000000000e+00 0.00000000000000000e+00
1.22070312499999621e-04 4.98839881945071260e-06
0.00000000000000000e+00 0.00000000000000000e+00
1.22070312499999322e-04 -2.98716316260530567e-03
0.00000000000000000e+00 0.00000000000000000e+00
1.22070312499999431e-04 1.32472182158987480e-04
0.00000000000000000e+00 0.00000000000000000e+00
1.22070312499999295e-04 -1.12485209732287748e-04
0.00000000000000000e+00 0.00000000000000000e+00
1.22070312499999187e-04 5.65080800296919545e-05
0.00000000000000000e+00 0.00000000000000000e+00
1.22070312499999295e-04 -2.63699654739962168e-04
0.00000000000000000e+00 0.00000000000000000e+00
1.22070312499999336e-04 3.32495086888923066e-04
0.00000000000000000e+00 0.00000000000000000e+00
1.22070312500000325e-04 -4.48161846037309621e-05
0.00000000000000000e+00 0.00000000000000000e+00
1.22070312500000244e-04 -7.00627836449549058e-06
0.00000000000000000e+00 0.00000000000000000e+00
1.22070312499998699e-04 2.12682974021722150e-03
0.00000000000000000e+00 0.00000000000000000e+00
1.22070312499999526e-04 1.08818357460163453e-04
0.00000000000000000e+00 0.00000000000000000e+00
1.22070312500001193e-04 -1.36936097379549999e-04
0.00000000000000000e+00 0.00000000000000000e+00
1.22070312499998753e-04 4.25454270779380305e-05
0.00000000000000000e+00 0.00000000000000000e+00
1.22070312500000054e-04 -3.50241194348583447e-04
0.00000000000000000e+00 0.00000000000000000e+00
1.22070312500000678e-04 2.52684359946564235e-04
0.00000000000000000e+00 0.00000000000000000e+00
1.22070312500000000e-04 -5.89714424628372990e-05
0.00000000000000000e+00 0.00000000000000000e+00
1.22070312499999892e-04 1.70800196814789256e-05
0.00000000000000000e+00 0.00000000000000000e+00
1.22070312499999864e-04 -8.72432319853059970e-04
0.00000000000000000e+00 0.00000000000000000e+00
1.22070312500000786e-04 1.61787571763729584e-04
0.00000000000000000e+00 0.00000000000000000e+00
1.22070312499999634e-04 -9.21032501532872944e-05
0.00000000000000000e+00 0.00000000000000000e+00
1.22070312500000596e-04 7.18047555445354565e-05
0.00000000000000000e+00 0.00000000000000000e+00
1.22070312499999824e-04 -2.07523319045430739e-04
0.00000000000000000e+00 0.00000000000000000e+00
1.22070312500000325e-04 4.70827174224350818e-04
0.00000000000000000e+00 0.00000000000000000e+00
1.22070312499997317e-04 -3.16488979600553177e-05
0.00000000000000000e+00 0.00000000000000000e+00
1.22070312500001708e-04 -2.22195084349733920e-05
0.00000000000000000e+00 0.00000000000000000e+00
1.22070312499999593e-04 6.70634151851603588e-04
0.00000000000000000e+00 0.00000000000000000e+00
1.22070312499998713e-04 8.44745580569206930e-05
0.00000000000000000e+00 0.00000000000000000e+00
1.22070312499999471e-04 -1.76398214286091097e-04
0.00000000000000000e+00 0.00000000000000000e+00
1.22070312500000651e-04 2.63564944807718667e-05
0.00000000000000000e+00 0.00000000000000000e+00
1.22070312499999837e-04 -5.65369617143801693e-04
0.00000000000000000e+00 0.00000000000000000e+00
1.22070312499999255e-04 1.89298756297451222e-04
0.00000000000000000e+00 0.00000000000000000e+00
1.22070312499999471e-04 -7.87176919981090277e-05
0.00000000000000000e+00 0.00000000000000000e+00
1.22070312500000000e-04 1.98974477791447995e-06
0.00000000000000000e+00 0.00000000000000000e+00
1.22070312500001545e-04 -7.48898117952075115e-03
0.00000000000000000e+00 0.00000000000000000e+00
1.22070312499998523e-04 1.26115742521574819e-04
0.00000000000000000e+00 0.00000000000000000e+00
1.22070312500001328e-04 -1.18154648229571590e-04
0.00000000000000000e+00 0.00000000000000000e+00
1.22070312499998428e-04 5.29101560410722414e-05
0.00000000000000000e+00 0.00000000000000000e+00
1.22070312500000840e-04 -2.81631397614482315e-04
0.00000000000000000e+00 0.00000000000000000e+00
1.22070312499999553e-04 3.08847197141469659e-04
0.00000000000000000e+00 0.00000000000000000e+00
1.22070312500000298e-04 -4.82476814805670329e-05
0.00000000000000000e+00 0.00000000000000000e+00
1.22070312499999864e-04 -1.00170501478691633e-05
0.00000000000000000e+00 0.00000000000000000e+00
1.22070312499997859e-04 1.48757977387340562e-03
0.00000000000000000e+00 0.00000000000000000e+00
1.22070312499999715e-04 1.03555529293394751e-04
0.00000000000000000e+00 0.00000000000000000e+00
1.22070312499999851e-04 -1.43895369909503260e-04
0.00000000000000000e+00 0.00000000000000000e+00
1.22070312500000163e-04 3.92132610805258090e-05
0.00000000000000000e+00 0.00000000000000000e+00
1.22070312499998374e-04 -3.80003110765210115e-04
0.00000000000000000e+00 0.00000000000000000e+00
1.22070312499999485e-04 2.37613285662536177e-04
0.00000000000000000e+00 0.00000000000000000e+00
1.22070312500001274e-04 -6.27118182903730730e-05
0.00000000000000000e+00 0.00000000000000000e+00
1.22070312499998970e-04 1.40351533231236406e-05
0.00000000000000000e+00 0.00000000000000000e+00
1.22070312500002114e-04 -1.06170277237348102e-03
0.00000000000000000e+00 0.00000000000000000e+00
1.22070312499999864e-04 1.53787312135910932e-04
0.00000000000000000e+00 0.00000000000000000e+00
1.22070312499999404e-04 -9.68946071485982948e-05
0.00000000000000000e+00 0.00000000000000000e+00
1.22070312499999078e-04 6.78286449945521953e-05
0.00000000000000000e+00 0.00000000000000000e+00
1.22070312499999187e-04 -2.19688321874101890e-04
0.00000000000000000e+00 0.00000000000000000e+00
1.22070312500000813e-04 4.27365642519315068e-04
0.00000000000000000e+00 0.00000000000000000e+00
1.22070312500000813e-04 -3.48674757895954494e-05
0.00000000000000000e+00 0.00000000000000000e+00
1.22070312499999729e-04 -1.60787990496692970e-05
0.00000000000000000e+00 0.00000000000000000e+00
1.22070312499999404e-04 9.26758344812694205e-04
0.00000000000000000e+00 0.00000000000000000e+00
1.22070312500000569e-04 9.36554497100617754e-05
0.00000000000000000e+00 0.00000000000000000e+00
1.22070312499998645e-04 -1.59106183782989808e-04
0.00000000000000000e+00 0.00000000000000000e+00
1.22070312499999770e-04 3.27002793927422676e-05
0.00000000000000000e+00 0.00000000000000000e+00
1.22070312499999499e-04 -4.55689109407262174e-04
0.00000000000000000e+00 0.00000000000000000e+00
1.22070312500001491e-04 2.11400777881359683e-04
0.00000000000000000e+00 0.00000000000000000e+00
1.22070312500000732e-04 -7.04877311388624433e-05
0.00000000000000000e+00 0.00000000000000000e+00
1.22070312499998645e-04 7.99307527329407899e-06
0.00000000000000000e+00 0.00000000000000000e+00
1.22070312500001409e-04 -1.86425883459843999e-03
0.00000000000000000e+00 0.00000000000000000e+00
1.22070312499999593e-04 1.39176568229315648e-04
0.00000000000000000e+00 0.00000000000000000e+00
1.22070312500001491e-04 -1.07066594495241671e-04
0.00000000000000000e+00 0.00000000000000000e+00
1.22070312500001301e-04 6.01887168964727618e-05
0.00000000000000000e+00 0.00000000000000000e+00
1.22070312500000867e-04 -2.47573996625948391e-04
0.00000000000000000e+00 0.00000000000000000e+00
1.22070312499998414e-04 3.59532045956261663e-04
0.00000000000000000e+00 0.00000000000000000e+00
1.22070312500001626e-04 -4.14459889221131648e-05
0.00000000000000000e+00 0.00000000000000000e+00
1.22070312499999268e-04 -4.00397887095012524e-06
0.00000000000000000e+00 0.00000000000000000e+00
1.22070312499998184e-04 3.72158836850043943e-03
0.00000000000000000e+00 0.00000000000000000e+00
1.22070312499999471e-04 1.14316678563924730e-04
0.00000000000000000e+00 0.00000000000000000e+00
1.22070312500001057e-04 -1.30349843793923955e-04
0.00000000000000000e+00 0.00000000000000000e+00
1.22070312499999390e-04 4.59351050633321931e-05
0.00000000000000000e+00 0.00000000000000000e+00
1.22070312499999417e-04 -3.24395931462502886e-04
0.00000000000000000e+00 0.00000000000000000e+00
1.22070312500000596e-04 2.69369119939795877e-04
0.00000000000000000e+00 0.00000000000000000e+00
1.22070312500000434e-04 -5.53187432812574667e-05
0.00000000000000000e+00 0.00000000000000000e+00
1.22070312500000352e-04 2.01458753400112473e-05
0.00000000000000000e+00 0.00000000000000000e+00
1.22070312500000840e-04 -7.39663129169292771e-04
0.00000000000000000e+00 0.00000000000000000e+00
1.22070312499999295e-04 1.70325929442599822e-04
0.00000000000000000e+00 0.00000000000000000e+00
1.22070312499999729e-04 -8.74861581123455317e-05
0.00000000000000000e+00 0.00000000000000000e+00
1.22070312499999458e-04 7.58973794460340639e-05
0.00000000000000000e+00 0.00000000000000000e+00
1.22070312499999648e-04 -1.96333013110722745e-04
0.00000000000000000e+00 0.00000000000000000e+00
1.22070312499998672e-04 5.23379747015669623e-04
0.00000000000000000e+00 0.00000000000000000e+00
1.22070312500004418e-04 -2.84710313664512139e-05
0.00000000000000000e+00 0.00000000000000000e+00
1.22070312500000488e-04 -2.72888967764289170e-05
0.00000000000000000e+00 0.00000000000000000e+00
1.22070312500000976e-04 5.46052166048665156e-04
0.00000000000000000e+00 0.00000000000000000e+00
1.22070312499999593e-04 7.74642360027198512e-05
0.00000000000000000e+00 0.00000000000000000e+00
1.22070312499998238e-04 -1.92361817049673548e-04
0.00000000000000000e+00 0.00000000000000000e+00
1.22070312500001274e-04 2.13017856935917385e-05
0.00000000000000000e+00 0.00000000000000000e+00
1.22070312500000894e-04 -6.99526387514560815e-04
0.00000000000000000e+00 0.00000000000000000e+00
1.22070312500001193e-04 1.73679991014410388e-04
0.00000000000000000e+00 0.00000000000000000e+00
1.22070312499999892e-04 -8.57966488068909742e-05
0.00000000000000000e+00 0.00000000000000000e+00
1.22070312499998821e-04 -2.87955671768873936e-06
0.00000000000000000e+00 0.00000000000000000e+00
1.22070312499994836e-04 5.17481079720369819e-03
0.00000000000000000e+00 0.00000000000000000e+00
1.22070312500000867e-04 1.16443921842843403e-04
0.00000000000000000e+00 0.00000000000000000e+00
1.22070312499999797e-04 -1.27968561673474392e-04
0.00000000000000000e+00 0.00000000000000000e+00
1.22070312499999349e-04 4.72222131015319951e-05
0.00000000000000000e+00 0.00000000000000000e+00
1.22070312500001572e-04 -3.15554062699458101e-04
0.00000000000000000e+00 0.00000000000000000e+00
1.22070312500000000e-04 2.76100417648223666e-04
0.00000000000000000e+00 0.00000000000000000e+00
1.22070312500002819e-04 -5.39700784257162724e-05
0.00000000000000000e+00 0.00000000000000000e+00
1.22070312499998347e-04 -1.49371372433364900e-05
0.00000000000000000e+00 0.00000000000000000e+00
1.22070312500000569e-04 9.97591503050157015e-04
0.00000000000000000e+00 0.00000000000000000e+00
1.22070312500001382e-04 9.54530589920259544e-05
0.00000000000000000e+00 0.00000000000000000e+00
1.22070312499999214e-04 -1.56109833998010063e-04
0.00000000000000000e+00 0.00000000000000000e+00
1.22070312499996734e-04 3.39074348023159770e-05
0.00000000000000000e+00 0.00000000000000000e+00
1.22070312500001762e-04 -4.39465895333100676e-04
0.00000000000000000e+00 0.00000000000000000e+00
1.22070312500000163e-04 2.15966774831571678e-04
0.00000000000000000e+00 0.00000000000000000e+00
1.22070312499999553e-04 -6.89974705853186140e-05
0.00000000000000000e+00 0.00000000000000000e+00
1.22070312500000515e-04 9.12212581342357303e-06
0.00000000000000000e+00 0.00000000000000000e+00
1.22070312500001979e-04 -1.63351849104267878e-03
0.00000000000000000e+00 0.00000000000000000e+00
1.22070312499996517e-04 1.41788039386561373e-04
0.00000000000000000e+00 0.00000000000000000e+00
1.22070312500003063e-04 -1.05094627574489562e-04
0.00000000000000000e+00 0.00000000000000000e+00
1.22070312499999526e-04 6.15917886724731272e-05
0.00000000000000000e+00 0.00000000000000000e+00
1.22070312499999878e-04 -2.41934217450434413e-04
0.00000000000000000e+00 0.00000000000000000e+00
1.22070312499999675e-04 3.70704981961325858e-04
0.00000000000000000e+00 0.00000000000000000e+00
1.22070312500000813e-04 -4.01968193548623320e-05
0.00000000000000000e+00 0.00000000000000000e+00
1.22070312499998848e-04 -2.10606714432647728e-05
0.00000000000000000e+00 0.00000000000000000e+00
1.22070312499996842e-04 7.07534953668965635e-04
0.00000000000000000e+00 0.00000000000000000e+00
1.22070312499997926e-04 8.61468153827254753e-05
0.00000000000000000e+00 0.00000000000000000e+00
1.22070312499999905e-04 -1.72974022633870121e-04
0.00000000000000000e+00 0.00000000000000000e+00
1.22070312499998577e-04 2.75347668305227840e-05
0.00000000000000000e+00 0.00000000000000000e+00
1.22070312500000054e-04 -5.41176225880674608e-04
0.00000000000000000e+00 0.00000000000000000e+00
1.22070312500000163e-04 1.93179598807362800e-04
0.00000000000000000e+00 0.00000000000000000e+00
1.22070312499997710e-04 -7.71363088330395062e-05
0.00000000000000000e+00 0.00000000000000000e+00
1.22070312500000190e-04 3.11376473912495964e-06
0.00000000000000000e+00 0.00000000000000000e+00
1.22070312500006017e-04 -4.78557708827836905e-03
0.00000000000000000e+00 0.00000000000000000e+00
1.22070312499997981e-04 1.28460851598709302e-04
0.00000000000000000e+00 0.00000000000000000e+00
1.22070312500000867e-04 -1.15997683406277648e-04
0.00000000000000000e+00 0.00000000000000000e+00
1.22070312500000623e-04 5.42501367580822119e-05
0.00000000000000000e+00 0.00000000000000000e+00
1.22070312500001599e-04 -2.74675089950395706e-04
0.00000000000000000e+00 0.00000000000000000e+00
1.22070312499999160e-04 3.17361199755365189e-04
0.00000000000000000e+00 0.00000000000000000e+00
1.22070312500001328e-04 -4.69533175616113820e-05
0.00000000000000000e+00 0.00000000000000000e+00
1.22070312499998076e-04 -8.88678524470707645e-06
0.00000000000000000e+00 0.00000000000000000e+00
1.22070312499997154e-04 1.67677746041248283e-03
0.00000000000000000e+00 0.00000000000000000e+00
1.22070312499998889e-04 1.05502861470253986e-04
0.00000000000000000e+00 0.00000000000000000e+00
1.22070312500003497e-04 -1.41239403236935874e-04
0.00000000000000000e+00 0.00000000000000000e+00
1.22070312499999946e-04 4.04564311674758279e-05
0.00000000000000000e+00 0.00000000000000000e+00
1.22070312499999837e-04 -3.68326141575923494e-04
0.00000000000000000e+00 0.00000000000000000e+00
1.22070312500000732e-04 2.43092107190216050e-04
0.00000000000000000e+00 0.00000000000000000e+00
1.22070312500000081e-04 -6.12984163331450508e-05
0.00000000000000000e+00 0.00000000000000000e+00
1.22070312500002385e-04 1.51747649127402447e-05
0.00000000000000000e+00 0.00000000000000000e+00
1.22070312500002223e-04 -9.81969821577829711e-04
0.00000000000000000e+00 0.00000000000000000e+00
1.22070312500000732e-04 1.56728225515505488e-04
0.00000000000000000e+00 0.00000000000000000e+00
1.22070312499999702e-04 -9.50764365820842009e-05
0.00000000000000000e+00 0.00000000000000000e+00
1.22070312499998360e-04 6.93066530821350872e-05
0.00000000000000000e+00 0.00000000000000000e+00
1.22070312500000461e-04 -2.15003329856196137e-04
0.00000000000000000e+00 0.00000000000000000e+00
1.22070312499999566e-04 4.42756363975849393e-04
0.00000000000000000e+00 0.00000000000000000e+00
1.22070312500002385e-04 -3.36554421489056659e-05
0.00000000000000000e+00 0.00000000000000000e+00
1.22070312499999404e-04 -2.41596539994925825e-05
0.00000000000000000e+00 0.00000000000000000e+00
1.22070312500001084e-04 6.16778749983659062e-04
0.00000000000000000e+00 0.00000000000000000e+00
1.22070312499996368e-04 8.17341682169983553e-05
0.00000000000000000e+00 0.00000000000000000e+00
1.22070312499994850e-04 -1.82312507962205622e-04
0.00000000000000000e+00 0.00000000000000000e+00
1.22070312499996653e-04 2.44029820966643053e-05
0.00000000000000000e+00 0.00000000000000000e+00
1.22070312499994240e-04 -6.10628698362437970e-04
0.00000000000000000e+00 0.00000000000000000e+00
1.22070312499993861e-04 1.83070846417938174e-04
0.00000000000000000e+00 0.00000000000000000e+00
1.22070312499996896e-04 -8.13955989465951633e-05
0.00000000000000000e+00 0.00000000000000000e+00
1.22070312499998672e-04 1.17033482188009300e-07
0.00000000000000000e+00 0.00000000000000000e+00
1.22070312500067356e-04 -1.27323915462365100e-01
0.00000000000000000e+00 0.00000000000000000e+00
1.22070312500003009e-04 1.22304604088730400e-04
0.00000000000000000e+00 0.00000000000000000e+00
1.22070312499993644e-04 -1.21836469729601668e-04
0.00000000000000000e+00 0.00000000000000000e+00
1.22070312500000108e-04 5.07003467262403423e-05
0.00000000000000000e+00 0.00000000000000000e+00
1.22070312499993170e-04 -2.93906494847205775e-04
0.00000000000000000e+00 0.00000000000000000e+00
1.22070312500003605e-04 2.95504812618699526e-04
0.00000000000000000e+00 0.00000000000000000e+00
1.22070312500003984e-04 -5.04261201765090857e-05
0.00000000000000000e+00 0.00000000000000000e+00
1.22070312500000705e-04 -1.19047187715844893e-05
0.00000000000000000e+00 0.00000000000000000e+00
1.22070312499993793e-04 1.25170207543338951e-03
0.00000000000000000e+00 0.00000000000000000e+00
1.22070312500003063e-04 1.00376527816693797e-04
0.00000000000000000e+00 0.00000000000000000e+00
1.22070312500000786e-04 -1.48452646430045215e-04
0.00000000000000000e+00 0.00000000000000000e+00
1.22070312500000542e-04 3.71574644543284349e-05
0.00000000000000000e+00 0.00000000000000000e+00
1.22070312499998469e-04 -4.01027395509255806e-04
0.00000000000000000e+00 0.00000000000000000e+00
1.22070312499999973e-04 2.28905106104101530e-04
0.00000000000000000e+00 0.00000000000000000e+00
1.22070312500000000e-04 -6.50975482699411970e-05
0.00000000000000000e+00 0.00000000000000000e+00
1.22070312499997479e-04 1.21410563179201195e-05
0.00000000000000000e+00 0.00000000000000000e+00
1.22070312500005448e-04 -1.22733646922129516e-03
0.00000000000000000e+00 0.00000000000000000e+00
1.22070312500001328e-04 1.49034245310632738e-04
0.00000000000000000e+00 0.00000000000000000e+00
1.22070312500001057e-04 -9.99848133077698288e-05
0.00000000000000000e+00 0.00000000000000000e+00
1.22070312500000569e-04 6.53984887493828568e-05
0.00000000000000000e+00 0.00000000000000000e+00
1.22070312500000515e-04 -2.27851766589748465e-04
0.00000000000000000e+00 0.00000000000000000e+00
1.22070312500003903e-04 4.03805165212551024e-04
0.00000000000000000e+00 0.00000000000000000e+00
1.22070312499999878e-04 -3.69018588110518601e-05
0.00000000000000000e+00 0.00000000000000000e+00
1.22070312500002711e-04 -1.79878287255168153e-05
0.00000000000000000e+00 0.00000000000000000e+00
1.22070312499998387e-04 8.28402439295499934e-04
0.00000000000000000e+00 0.00000000000000000e+00
1.22070312499998469e-04 9.07150502566576422e-05
0.00000000000000000e+00 0.00000000000000000e+00
1.22070312500000081e-04 -1.64263384649926733e-04
0.00000000000000000e+00 0.00000000000000000e+00
1.22070312500002548e-04 3.07014279820337201e-05
0.00000000000000000e+00 0.00000000000000000e+00
1.22070312500000651e-04 -4.85357267504543481e-04
0.00000000000000000e+00 0.00000000000000000e+00
1.22070312500001464e-04 2.04105524546967655e-04
0.00000000000000000e+00 0.00000000000000000e+00
1.22070312500001138e-04 -7.30071428831847497e-05
0.00000000000000000e+00 0.00000000000000000e+00
1.22070312500002060e-04 6.11425136566644100e-06
0.00000000000000000e+00 0.00000000000000000e+00
1.22070312499999905e-04 -2.43711949389682856e-03
0.00000000000000000e+00 0.00000000000000000e+00
1.22070312500001301e-04 1.34943612396687016e-04
0.00000000000000000e+00 0.00000000000000000e+00
1.22070312500001084e-04 -1.10425094816965613e-04
0.00000000000000000e+00 0.00000000000000000e+00
1.22070312499998089e-04 5.78782363305185404e-05
0.00000000000000000e+00 0.00000000000000000e+00
1.22070312500003009e-04 -2.57457070888491961e-04
0.00000000000000000e+00 0.00000000000000000e+00
1.22070312499999309e-04 3.42197618467230422e-04
0.00000000000000000e+00 0.00000000000000000e+00
1.22070312499999526e-04 -4.35454848008405286e-05
0.00000000000000000e+00 0.00000000000000000e+00
1.22070312500000054e-04 -5.87961949244694920e-06
0.00000000000000000e+00 0.00000000000000000e+00
1.22070312499997845e-04 2.53437509229840433e-03
0.00000000000000000e+00 0.00000000000000000e+00
1.22070312500002792e-04 1.10851439966853165e-04
0.00000000000000000e+00 0.00000000000000000e+00
1.22070312499999593e-04 -1.34424606467027137e-04
0.00000000000000000e+00 0.00000000000000000e+00
1.22070312499997845e-04 4.38095182040235627e-05
0.00000000000000000e+00 0.00000000000000000e+00
1.22070312500001897e-04 -3.40135244684769389e-04
0.00000000000000000e+00 0.00000000000000000e+00
1.22070312499998536e-04 2.58737506482590988e-04
0.00000000000000000e+00 0.00000000000000000e+00
1.22070312500000922e-04 -5.75918095386360483e-05
0.00000000000000000e+00 0.00000000000000000e+00
1.22070312499997655e-04 1.82270460024651396e-05
0.00000000000000000e+00 0.00000000000000000e+00
1.22070312500001518e-04 -8.17530234566341734e-04
0.00000000000000000e+00 0.00000000000000000e+00
1.22070312499999783e-04 1.64922993786288224e-04
0.00000000000000000e+00 0.00000000000000000e+00
1.22070312500004825e-04 -9.03522356206878420e-05
0.00000000000000000e+00 0.00000000000000000e+00
1.22070312500000352e-04 7.33252991436051711e-05
0.00000000000000000e+00 0.00000000000000000e+00
1.22070312500003822e-04 -2.03219916834766154e-04
0.00000000000000000e+00 0.00000000000000000e+00
1.22070312499998347e-04 4.89321916891710695e-04
0.00000000000000000e+00 0.00000000000000000e+00
1.22070312500001247e-04 -3.04526747718584305e-05
0.00000000000000000e+00 0.00000000000000000e+00
1.22070312499999255e-04 -2.57202295754177186e-05
0.00000000000000000e+00 0.00000000000000000e+00
1.22070312500000434e-04 5.79355683826746678e-04
0.00000000000000000e+00 0.00000000000000000e+00
1.22070312499999322e-04 7.95821205257010847e-05
0.00000000000000000e+00 0.00000000000000000e+00
1.22070312500001057e-04 -1.87242575284676783e-04
0.00000000000000000e+00 0.00000000000000000e+00
1.22070312499999919e-04 2.28488219703554332e-05
0.00000000000000000e+00 0.00000000000000000e+00
1.22070312500002304e-04 -6.52163214942997954e-04
0.00000000000000000e+00 0.00000000000000000e+00
1.22070312499999621e-04 1.78291254622311453e-04
0.00000000000000000e+00 0.00000000000000000e+00
1.22070312500000027e-04 -8.35776338296237583e-05
0.00000000000000000e+00 0.00000000000000000e+00
1.22070312500000000e-04 -1.38105358603147212e-06
0.00000000000000000e+00 0.00000000000000000e+00
1.22070312499993251e-04 1.07897052978654304e-02
0.00000000000000000e+00 0.00000000000000000e+00
1.22070312500000190e-04 1.19339105091428293e-04
0.00000000000000000e+00 0.00000000000000000e+00
1.22070312499999106e-04 -1.24864026610819968e-04
0.00000000000000000e+00 0.00000000000000000e+00
1.22070312499999824e-04 4.89527210768406272e-05
0.00000000000000000e+00 0.00000000000000000e+00
1.22070312500000678e-04 -3.04399037807472875e-04
0.00000000000000000e+00 0.00000000000000000e+00
1.22070312500000732e-04 2.85524109138117759e-04
0.00000000000000000e+00 0.00000000000000000e+00
1.22070312499999973e-04 -5.21888019853321638e-05
0.00000000000000000e+00 0.00000000000000000e+00
1.22070312499999024e-04 -1.34188825184951406e-05
0.00000000000000000e+00 0.00000000000000000e+00
1.22070312499999187e-04 1.11046215460266205e-03
0.00000000000000000e+00 0.00000000000000000e+00
1.22070312499999675e-04 9.78905661783841777e-05
0.00000000000000000e+00 0.00000000000000000e+00
1.22070312499999919e-04 -1.52222647958673513e-04
0.00000000000000000e+00 0.00000000000000000e+00
1.22070312500001003e-04 3.55266455510762434e-05
0.00000000000000000e+00 0.00000000000000000e+00
1.22070312500000352e-04 -4.19436199582219485e-04
0.00000000000000000e+00 0.00000000000000000e+00
1.22070312500001084e-04 2.22291365695170926e-04
0.00000000000000000e+00 0.00000000000000000e+00
1.22070312500000813e-04 -6.70343679217927455e-05
0.00000000000000000e+00 0.00000000000000000e+00
1.22070312500002494e-04 1.06299779068205953e-05
0.00000000000000000e+00 0.00000000000000000e+00
1.22070312499998048e-04 -1.40180547170155054e-03
0.00000000000000000e+00 0.00000000000000000e+00
1.22070312499999160e-04 1.45358195288412069e-04
0.00000000000000000e+00 0.00000000000000000e+00
1.22070312499998780e-04 -1.02513388834263384e-04
0.00000000000000000e+00 0.00000000000000000e+00
1.22070312499999336e-04 6.34829909091171702e-05
0.00000000000000000e+00 0.00000000000000000e+00
1.22070312500001301e-04 -2.34726829666561515e-04
0.00000000000000000e+00 0.00000000000000000e+00
1.22070312499997140e-04 3.86611797868602000e-04
0.00000000000000000e+00 0.00000000000000000e+00
1.22070312499999743e-04 -3.85429551710482379e-05
0.00000000000000000e+00 0.00000000000000000e+00
1.22070312500000894e-04 -1.95212347236754684e-05
0.00000000000000000e+00 0.00000000000000000e+00
1.22070312499999512e-04 7.63330875570889119e-04
0.00000000000000000e+00 0.00000000000000000e+00
1.22070312499999810e-04 8.84106305510428325e-05
0.00000000000000000e+00 0.00000000000000000e+00
1.22070312500000596e-04 -1.68544903491494935e-04
0.00000000000000000e+00 0.00000000000000000e+00
1.22070312499999444e-04 2.91134630745266348e-05
0.00000000000000000e+00 0.00000000000000000e+00
1.22070312499999011e-04 -5.11830597263626262e-04
0.00000000000000000e+00 0.00000000000000000e+00
1.22070312499999038e-04 1.98533522202776929e-04
0.00000000000000000e+00 0.00000000000000000e+00
1.22070312499999336e-04 -7.50561468336210347e-05
0.00000000000000000e+00 0.00000000000000000e+00
1.22070312500000027e-04 4.61331223352626597e-06
0.00000000000000000e+00 0.00000000000000000e+00
1.22070312500000651e-04 -3.23003526307156976e-03
0.00000000000000000e+00 0.00000000000000000e+00
1.22070312499999309e-04 1.31659327454051160e-04
0.00000000000000000e+00 0.00000000000000000e+00
1.22070312499999878e-04 -1.13179684888245233e-04
0.00000000000000000e+00 0.00000000000000000e+00
1.22070312499999295e-04 5.60539635720465684e-05
0.00000000000000000e+00 0.00000000000000000e+00
1.22070312500000894e-04 -2.65835995249377559e-04
0.00000000000000000e+00 0.00000000000000000e+00
1.22070312499998360e-04 3.29368200408682022e-04
0.00000000000000000e+00 0.00000000000000000e+00
1.22070312499999200e-04 -4.52416510621167582e-05
0.00000000000000000e+00 0.00000000000000000e+00
1.22070312500001437e-04 -7.38208646119070685e-06
0.00000000000000000e+00 0.00000000000000000e+00
1.22070312499999756e-04 2.01855685004313865e-03
0.00000000000000000e+00 0.00000000000000000e+00
1.22070312499999133e-04 1.08148073770538230e-04
0.00000000000000000e+00 0.00000000000000000e+00
1.22070312500000813e-04 -1.37784804429009930e-04
0.00000000000000000e+00 0.00000000000000000e+00
1.22070312500001274e-04 4.21258742433132684e-05
0.00000000000000000e+00 0.00000000000000000e+00
1.22070312499999932e-04 -3.53729423104222015e-04
0.00000000000000000e+00 0.00000000000000000e+00
1.22070312499999688e-04 2.50717626693531723e-04
0.00000000000000000e+00 0.00000000000000000e+00
1.22070312500000434e-04 -5.94340389639296988e-05
0.00000000000000000e+00 0.00000000000000000e+00
1.22070312499999661e-04 1.66983433959778062e-05
0.00000000000000000e+00 0.00000000000000000e+00
1.22070312500000651e-04 -8.92373622968874202e-04
0.00000000000000000e+00 0.00000000000000000e+00
1.22070312500001464e-04 1.60759387287375953e-04
0.00000000000000000e+00 0.00000000000000000e+00
1.22070312499999634e-04 -9.26923238840783565e-05
0.00000000000000000e+00 0.00000000000000000e+00
1.22070312500001111e-04 7.13015725304070902e-05
0.00000000000000000e+00 0.00000000000000000e+00
1.22070312500000894e-04 -2.08987833858684247e-04
0.00000000000000000e+00 0.00000000000000000e+00
1.22070312499999133e-04 4.64950803358790243e-04
0.00000000000000000e+00 0.00000000000000000e+00
1.22070312500000271e-04 -3.20488986925109479e-05
0.00000000000000000e+00 0.00000000000000000e+00
1.22070312499999390e-04 -2.26066410662181391e-05
0.00000000000000000e+00 0.00000000000000000e+00
1.22070312499997384e-04 6.59149722871262998e-04
0.00000000000000000e+00 0.00000000000000000e+00
1.22070312500000461e-04 8.39218766709936642e-05
0.00000000000000000e+00 0.00000000000000000e+00
1.22070312500000840e-04 -1.77559913874017922e-04
0.00000000000000000e+00 0.00000000000000000e+00
1.22070312499997818e-04 2.59647868642368751e-05
0.00000000000000000e+00 0.00000000000000000e+00
1.22070312500001111e-04 -5.73898845068977997e-04
0.00000000000000000e+00 0.00000000000000000e+00
1.22070312499997737e-04 1.88029675929854146e-04
0.00000000000000000e+00 0.00000000000000000e+00
1.22070312499999309e-04 -7.92489862047438025e-05
0.00000000000000000e+00 0.00000000000000000e+00
1.22070312499999322e-04 1.61515580406952064e-06
0.00000000000000000e+00 0.00000000000000000e+00
1.22070312500006695e-04 -9.22583515243783660e-03
0.00000000000000000e+00 0.00000000000000000e+00
1.22070312500000379e-04 1.25343938621903816e-04
0.00000000000000000e+00 0.00000000000000000e+00
1.22070312500001301e-04 -1.18882184154083101e-04
0.00000000000000000e+00 0.00000000000000000e+00
1.22070312499999390e-04 5.24658796851401138e-05
0.00000000000000000e+00 0.00000000000000000e+00
1.22070312500000759e-04 -2.84016226989293788e-04
0.00000000000000000e+00 0.00000000000000000e+00
1.22070312499997561e-04 3.06096704778426921e-04
0.00000000000000000e+00 0.00000000000000000e+00
1.22070312500001111e-04 -4.86812205464086202e-05
0.00000000000000000e+00 0.00000000000000000e+00
1.22070312499999851e-04 -1.03941751546033210e-05
0.00000000000000000e+00 0.00000000000000000e+00
1.22070312499999743e-04 1.43360689734455698e-03
0.00000000000000000e+00 0.00000000000000000e+00
1.22070312499999146e-04 1.02913174888737914e-04
0.00000000000000000e+00 0.00000000000000000e+00
1.22070312499996842e-04 -1.44793523374997334e-04
0.00000000000000000e+00 0.00000000000000000e+00
1.22070312499999187e-04 3.88005134256046651e-05
0.00000000000000000e+00 0.00000000000000000e+00
1.22070312500002168e-04 -3.84045464306003869e-04
0.00000000000000000e+00 0.00000000000000000e+00
1.22070312500000894e-04 2.35830423648878562e-04
0.00000000000000000e+00 0.00000000000000000e+00
1.22070312500000244e-04 -6.31859153848341208e-05
0.00000000000000000e+00 0.00000000000000000e+00
1.22070312500001274e-04 1.36558281222721829e-05
0.00000000000000000e+00 0.00000000000000000e+00
1.22070312500000136e-04 -1.09119425496738572e-03
0.00000000000000000e+00 0.00000000000000000e+00
1.22070312499999038e-04 1.52822129766857383e-04
0.00000000000000000e+00 0.00000000000000000e+00
1.22070312500007589e-04 -9.75065667294501911e-05
0.00000000000000000e+00 0.00000000000000000e+00
1.22070312499999390e-04 6.73393417231096076e-05
0.00000000000000000e+00 0.00000000000000000e+00
1.22070312500001870e-04 -2.21284628161631575e-04
0.00000000000000000e+00 0.00000000000000000e+00
1.22070312499997317e-04 4.22453600828419666e-04
0.00000000000000000e+00 0.00000000000000000e+00
1.22070312500000569e-04 -3.52728942649007003e-05
0.00000000000000000e+00 0.00000000000000000e+00
1.22070312499998672e-04 -1.64599588139015416e-05
0.00000000000000000e+00 0.00000000000000000e+00
1.22070312500001979e-04 9.05297598998965124e-04
0.00000000000000000e+00 0.00000000000000000e+00
1.22070312499999499e-04 9.30618900506214436e-05
0.00000000000000000e+00 0.00000000000000000e+00
1.22070312499998523e-04 -1.60120981700904465e-04
0.00000000000000000e+00 0.00000000000000000e+00
1.22070312499999146e-04 3.22992260627974457e-05
0.00000000000000000e+00 0.00000000000000000e+00
1.22070312499998198e-04 -4.61347314170193414e-04
0.00000000000000000e+00 0.00000000000000000e+00
1.22070312499998889e-04 2.09910992065618837e-04
0.00000000000000000e+00 0.00000000000000000e+00
1.22070312499998753e-04 -7.09879985188627575e-05
0.00000000000000000e+00 0.00000000000000000e+00
1.22070312500000000e-04 7.61703689470511288e-06
0.00000000000000000e+00 0.00000000000000000e+00
1.22070312500000298e-04 -1.95629368740561638e-03
0.00000000000000000e+00 0.00000000000000000e+00
1.22070312499998943e-04 1.38318236714371994e-04
0.00000000000000000e+00 0.00000000000000000e+00
1.22070312500000732e-04 -1.07730994464735007e-04
0.00000000000000000e+00 0.00000000000000000e+00
1.22070312499998821e-04 5.97238636763936247e-05
0.00000000000000000e+00 0.00000000000000000e+00
1.22070312500002629e-04 -2.49500957851414172e-04
0.00000000000000000e+00 0.00000000000000000e+00
1.22070312499998238e-04 3.55941233466533459e-04
0.00000000000000000e+00 0.00000000000000000e+00
1.22070312499999187e-04 -4.18641050623022259e-05
0.00000000000000000e+00 0.00000000000000000e+00
1.22070312500001274e-04 -4.37892773135258384e-06
0.00000000000000000e+00 0.00000000000000000e+00
1.22070312499997059e-04 3.40292466741440704e-03
0.00000000000000000e+00 0.00000000000000000e+00
1.22070312500001924e-04 1.13615740916916811e-04
0.00000000000000000e+00 0.00000000000000000e+00
1.22070312500001870e-04 -1.31154020328437120e-04
0.00000000000000000e+00 0.00000000000000000e+00
1.22070312499999864e-04 4.55080587740899908e-05
0.00000000000000000e+00 0.00000000000000000e+00
1.22070312499999512e-04 -3.27440053372081354e-04
0.00000000000000000e+00 0.00000000000000000e+00
1.22070312499999675e-04 2.67185762620075512e-04
0.00000000000000000e+00 0.00000000000000000e+00
1.22070312500001247e-04 -5.57707905081615576e-05
0.00000000000000000e+00 0.00000000000000000e+00
1.22070312499999485e-04 1.97613615115803989e-05
0.00000000000000000e+00 0.00000000000000000e+00
1.22070312499998916e-04 -7.54055391634570480e-04
0.00000000000000000e+00 0.00000000000000000e+00
1.22070312500000705e-04 1.69226999218784072e-04
0.00000000000000000e+00 0.00000000000000000e+00
1.22070312500000379e-04 -8.80542777608583617e-05
0.00000000000000000e+00 0.00000000000000000e+00
1.22070312500001816e-04 7.53790844946333337e-05
0.00000000000000000e+00 0.00000000000000000e+00
1.22070312500000352e-04 -1.97682968607937857e-04
0.00000000000000000e+00 0.00000000000000000e+00
1.22070312499999377e-04 5.16214942800408355e-04
0.00000000000000000e+00 0.00000000000000000e+00
1.22070312499999946e-04 -2.88661949865502835e-05
0.00000000000000000e+00 0.00000000000000000e+00
1.22070312499999512e-04 -2.65035182640721306e-05
0.00000000000000000e+00 0.00000000000000000e+00
1.22070312499997452e-04 5.62233324850591938e-04
0.00000000000000000e+00 0.00000000000000000e+00
1.22070312500001057e-04 7.85189987833575837e-05
0.00000000000000000e+00 0.00000000000000000e+00
1.22070312499999756e-04 -1.89777778941904978e-04
0.00000000000000000e+00 0.00000000000000000e+00
1.22070312499999702e-04 2.20744455388920474e-05
0.00000000000000000e+00 0.00000000000000000e+00
1.22070312500000840e-04 -6.75041244754862025e-04
0.00000000000000000e+00 0.00000000000000000e+00
1.22070312500000949e-04 1.75965229301812035e-04
0.00000000000000000e+00 0.00000000000000000e+00
1.22070312500001003e-04 -8.46824185265028831e-05
0.00000000000000000e+00 0.00000000000000000e+00
1.22070312500001626e-04 -2.13022492340508190e-06
0.00000000000000000e+00 0.00000000000000000e+00
1.22070312499996110e-04 6.99511165704922583e-03
0.00000000000000000e+00 0.00000000000000000e+00
1.22070312499998536e-04 1.17882935738352086e-04
0.00000000000000000e+00 0.00000000000000000e+00
1.22070312500000976e-04 -1.26406431096367177e-04
0.00000000000000000e+00 0.00000000000000000e+00
1.22070312500001220e-04 4.80853757141036118e-05
0.00000000000000000e+00 0.00000000000000000e+00
1.22070312499999607e-04 -3.09889669625204448e-04
0.00000000000000000e+00 0.00000000000000000e+00
1.22070312499999837e-04 2.80745769832273933e-04
0.00000000000000000e+00 0.00000000000000000e+00
1.22070312500000190e-04 -5.30770640026013282e-05
0.00000000000000000e+00 0.00000000000000000e+00
1.22070312500000136e-04 -1.41774688916411854e-05
0.00000000000000000e+00 0.00000000000000000e+00
1.22070312499999770e-04 1.05104524000274166e-03
0.00000000000000000e+00 0.00000000000000000e+00
1.22070312500000488e-04 9.66658906388160450e-05
0.00000000000000000e+00 0.00000000000000000e+00
1.22070312500001572e-04 -1.54151180890938074e-04
0.00000000000000000e+00 0.00000000000000000e+00
1.22070312500000596e-04 3.47156273993994710e-05
0.00000000000000000e+00 0.00000000000000000e+00
1.22070312500000488e-04 -4.29234967365310323e-04
0.00000000000000000e+00 0.00000000000000000e+00
1.22070312500001979e-04 2.19094243852920685e-04
0.00000000000000000e+00 0.00000000000000000e+00
1.22070312500000190e-04 -6.80125635972918545e-05
0.00000000000000000e+00 0.00000000000000000e+00
1.22070312499998563e-04 9.87567760223834492e-06
0.00000000000000000e+00 0.00000000000000000e+00
1.22070312499999648e-04 -1.50887481285015687e-03
0.00000000000000000e+00 0.00000000000000000e+00
1.22070312500000217e-04 1.43560235831061698e-04
0.00000000000000000e+00 0.00000000000000000e+00
1.22070312500001247e-04 -1.03797274416453640e-04
0.00000000000000000e+00 0.00000000000000000e+00
1.22070312500000163e-04 6.25344174240683007e-05
0.00000000000000000e+00 0.00000000000000000e+00
1.22070312500000379e-04 -2.38287359308041305e-04
0.00000000000000000e+00 0.00000000000000000e+00
1.22070312499999729e-04 3.78507067745730832e-04
0.00000000000000000e+00 0.00000000000000000e+00
1.22070312499998916e-04 -3.93682508561710609e-05
0.00000000000000000e+00 0.00000000000000000e+00
1.22070312500001382e-04 -2.02901680416456252e-05
0.00000000000000000e+00 0.00000000000000000e+00
1.22070312500000569e-04 7.34403045024731782e-04
0.00000000000000000e+00 0.00000000000000000e+00
1.22070312499999986e-04 8.72737573872694132e-05
0.00000000000000000e+00 0.00000000000000000e+00
1.22070312500000813e-04 -1.70740456695650327e-04
0.00000000000000000e+00 0.00000000000000000e+00
1.22070312500000000e-04 2.83229911681172546e-05
0.00000000000000000e+00 0.00000000000000000e+00
1.22070312500000596e-04 -5.26115377623751022e-04
0.00000000000000000e+00 0.00000000000000000e+00
1.22070312499999892e-04 1.95830209502002227e-04
0.00000000000000000e+00 0.00000000000000000e+00
1.22070312500000705e-04 -7.60922496674089691e-05
0.00000000000000000e+00 0.00000000000000000e+00
1.22070312499999675e-04 3.86339288195373374e-06
0.00000000000000000e+00 0.00000000000000000e+00
1.22070312500002439e-04 -3.85701419688556837e-03
0.00000000000000000e+00 0.00000000000000000e+00
1.22070312499999322e-04 1.30049635164601553e-04
0.00000000000000000e+00 0.00000000000000000e+00
1.22070312500001057e-04 -1.14580568988040607e-04
0.00000000000000000e+00 0.00000000000000000e+00
1.22070312499999187e-04 5.51495499226357184e-05
0.00000000000000000e+00 0.00000000000000000e+00
1.22070312500000949e-04 -2.70195517728634904e-04
0.00000000000000000e+00 0.00000000000000000e+00
1.22070312499999363e-04 3.23267146905695908e-04
0.00000000000000000e+00 0.00000000000000000e+00
1.22070312500000623e-04 -4.60955013105450082e-05
0.00000000000000000e+00 0.00000000000000000e+00
1.22070312500000163e-04 -8.13412823909028632e-06
0.00000000000000000e+00 0.00000000000000000e+00
1.22070312499997330e-04 1.83193094033549334e-03
0.00000000000000000e+00 0.00000000000000000e+00
1.22070312499999959e-04 1.06818366092879013e-04
0.00000000000000000e+00 0.00000000000000000e+00
1.22070312499999607e-04 -1.39499991798143952e-04
0.00000000000000000e+00 0.00000000000000000e+00
1.22070312500001220e-04 4.12894202753337578e-05
0.00000000000000000e+00 0.00000000000000000e+00
1.22070312499999715e-04 -3.60895384204499290e-04
0.00000000000000000e+00 0.00000000000000000e+00
1.22070312500000705e-04 2.46857556046065324e-04
0.00000000000000000e+00 0.00000000000000000e+00
1.22070312500001681e-04 -6.03633991704413344e-05
0.00000000000000000e+00 0.00000000000000000e+00
1.22070312500000813e-04 1.59359439322567288e-05
0.00000000000000000e+00 0.00000000000000000e+00
1.22070312500003036e-04 -9.35066115769017333e-04
0.00000000000000000e+00 0.00000000000000000e+00
1.22070312499999200e-04 1.58727724835785685e-04
0.00000000000000000e+00 0.00000000000000000e+00
1.22070312499998306e-04 -9.38787550143725262e-05
0.00000000000000000e+00 0.00000000000000000e+00
1.22070312500001437e-04 7.03005880456155258e-05
0.00000000000000000e+00 0.00000000000000000e+00
1.22070312499999743e-04 -2.11963535556468629e-04
0.00000000000000000e+00 0.00000000000000000e+00
1.22070312499999553e-04 4.53600558878797808e-04
0.00000000000000000e+00 0.00000000000000000e+00
1.22070312500000732e-04 -3.28508439907567574e-05
0.00000000000000000e+00 0.00000000000000000e+00
1.22070312499999702e-04 -2.33822348783524860e-05
0.00000000000000000e+00 0.00000000000000000e+00
1.22070312499999566e-04 6.37285583323030200e-04
0.00000000000000000e+00 0.00000000000000000e+00
1.22070312499999200e-04 8.28234684949323455e-05
0.00000000000000000e+00 0.00000000000000000e+00
1.22070312500000894e-04 -1.79914720605542995e-04
0.00000000000000000e+00 0.00000000000000000e+00
1.22070312500000922e-04 2.51828959780537031e-05
0.00000000000000000e+00 0.00000000000000000e+00
1.22070312500000000e-04 -5.91717537444176687e-04
0.00000000000000000e+00 0.00000000000000000e+00
1.22070312500000623e-04 1.85527138825841394e-04
0.00000000000000000e+00 0.00000000000000000e+00
1.22070312499999065e-04 -8.03179593462907047e-05
0.00000000000000000e+00 0.00000000000000000e+00
1.22070312500000488e-04 8.66062033826942256e-07
0.00000000000000000e+00 0.00000000000000000e+00
1.22070312500004174e-04 -1.72056511102487292e-02
0.00000000000000000e+00 0.00000000000000000e+00
1.22070312499999038e-04 1.23814813418193835e-04
0.00000000000000000e+00 0.00000000000000000e+00
1.22070312500000434e-04 -1.20350390898041500e-04
0.00000000000000000e+00 0.00000000000000000e+00
1.22070312499999973e-04 5.15808243973966523e-05
0.00000000000000000e+00 0.00000000000000000e+00
1.22070312499997479e-04 -2.88889550873479555e-04
0.00000000000000000e+00 0.00000000000000000e+00
1.22070312499999743e-04 3.00720704854467199e-04
0.00000000000000000e+00 0.00000000000000000e+00
1.22070312499998550e-04 -4.95514972973304314e-05
0.00000000000000000e+00 0.00000000000000000e+00
1.22070312499999539e-04 -1.11490236951151393e-05
0.00000000000000000e+00 0.00000000000000000e+00
1.22070312499997750e-04 1.33654404200245951e-03
0.00000000000000000e+00 0.00000000000000000e+00
1.22070312500000163e-04 1.01638371531025459e-04
0.00000000000000000e+00 0.00000000000000000e+00
1.22070312499998821e-04 -1.46609601958243741e-04
0.00000000000000000e+00 0.00000000000000000e+00
1.22070312500000813e-04 3.79774206683487734e-05
0.00000000000000000e+00 0.00000000000000000e+00
1.22070312500001138e-04 -3.92368963758163154e-04
0.00000000000000000e+00 0.00000000000000000e+00
1.22070312499999106e-04 2.32327327283365827e-04
0.00000000000000000e+00 0.00000000000000000e+00
1.22070312499999919e-04 -6.41386502745477249e-05
0.00000000000000000e+00 0.00000000000000000e+00
1.22070312499999065e-04 1.28979511841871959e-05
0.00000000000000000e+00 0.00000000000000000e+00
1.22070312500002521e-04 -1.15531226479723224e-03
0.00000000000000000e+00 0.00000000000000000e+00
1.22070312499998740e-04 1.50913820374836202e-04
0.00000000000000000e+00 0.00000000000000000e+00
1.22070312499999607e-04 -9.87395399363457602e-05
0.00000000000000000e+00 0.00000000000000000e+00
1.22070312500000434e-04 6.63656779471681228e-05
0.00000000000000000e+00 0.00000000000000000e+00
1.22070312500000054e-04 -2.24531138003450310e-04
0.00000000000000000e+00 0.00000000000000000e+00
1.22070312500001274e-04 4.12935843216342090e-04
0.00000000000000000e+00 0.00000000000000000e+00
1.22070312499997533e-04 -3.60858991502967911e-05
0.00000000000000000e+00 0.00000000000000000e+00
1.22070312500000651e-04 -1.72232323968794513e-05
0.00000000000000000e+00 0.00000000000000000e+00
1.22070312499998360e-04 8.65177967205977378e-04
0.00000000000000000e+00 0.00000000000000000e+00
1.22070312499999417e-04 9.18830505920117821e-05
0.00000000000000000e+00 0.00000000000000000e+00
1.22070312499999255e-04 -1.62175298902656585e-04
0.00000000000000000e+00 0.00000000000000000e+00
1.22070312500000949e-04 3.14990620972640284e-05
0.00000000000000000e+00 0.00000000000000000e+00
1.22070312500000949e-04 -4.73066821730588536e-04
0.00000000000000000e+00 0.00000000000000000e+00
1.22070312499998360e-04 2.06978058314976948e-04
0.00000000000000000e+00 0.00000000000000000e+00
1.22070312500000569e-04 -7.19939172062940562e-05
0.00000000000000000e+00 0.00000000000000000e+00
1.22070312499999986e-04 6.86538482738693023e-06
0.00000000000000000e+00 0.00000000000000000e+00
1.22070312500000434e-04 -2.17047719370382910e-03
0.00000000000000000e+00 0.00000000000000000e+00
1.22070312500000000e-04 1.36619337237790686e-04
0.00000000000000000e+00 0.00000000000000000e+00
1.22070312499998523e-04 -1.09070659359967637e-04
0.00000000000000000e+00 0.00000000000000000e+00
1.22070312499998604e-04 5.87983225693768983e-05
0.00000000000000000e+00 0.00000000000000000e+00
1.22070312500000515e-04 -2.53428338474548723e-04
0.00000000000000000e+00 0.00000000000000000e+00
1.22070312499999905e-04 3.48948892370484764e-04
0.00000000000000000e+00 0.00000000000000000e+00
1.22070312500000976e-04 -4.27029903795382929e-05
0.00000000000000000e+00 0.00000000000000000e+00
1.22070312500001111e-04 -5.12908015853130477e-06
0.00000000000000000e+00 0.00000000000000000e+00
1.22070312499998279e-04 2.90523071062951353e-03
0.00000000000000000e+00 0.00000000000000000e+00
1.22070312500000461e-04 1.12225793517579394e-04
0.00000000000000000e+00 0.00000000000000000e+00
1.22070312500002033e-04 -1.32778399036342822e-04
0.00000000000000000e+00 0.00000000000000000e+00
1.22070312499999905e-04 4.46568821083560325e-05
0.00000000000000000e+00 0.00000000000000000e+00
1.22070312500000298e-04 -3.33681181720003200e-04
0.00000000000000000e+00 0.00000000000000000e+00
1.22070312500000190e-04 2.62905811628879845e-04
0.00000000000000000e+00 0.00000000000000000e+00
1.22070312500000217e-04 -5.66787059651716448e-05
0.00000000000000000e+00 0.00000000000000000e+00
1.22070312499998956e-04 1.89934713300494078e-05
0.00000000000000000e+00 0.00000000000000000e+00
1.22070312500001870e-04 -7.84541221291811626e-04
0.00000000000000000e+00 0.00000000000000000e+00
1.22070312500001626e-04 1.67056925485086416e-04
0.00000000000000000e+00 0.00000000000000000e+00
1.22070312499999512e-04 -8.91981050805213603e-05
0.00000000000000000e+00 0.00000000000000000e+00
1.22070312499998929e-04 7.43483541129460248e-05
0.00000000000000000e+00 0.00000000000000000e+00
1.22070312499999607e-04 -2.00423551693029641e-04
0.00000000000000000e+00 0.00000000000000000e+00
1.22070312500000542e-04 5.02428836214316183e-04
0.00000000000000000e+00 0.00000000000000000e+00
1.22070312499999580e-04 -2.96582523131535582e-05
0.00000000000000000e+00 0.00000000000000000e+00
1.22070312500000894e-04 -2.49389636305688885e-05
0.00000000000000000e+00 0.00000000000000000e+00
1.22070312500000298e-04 5.97505229751493566e-04
0.00000000000000000e+00 0.00000000000000000e+00
1.22070312499999919e-04 8.06537820069740162e-05
0.00000000000000000e+00 0.00000000000000000e+00
1.22070312500002141e-04 -1.84754649106962950e-04
0.00000000000000000e+00 0.00000000000000000e+00
1.22070312500000732e-04 2.36249792230521650e-05
0.00000000000000000e+00 0.00000000000000000e+00
1.22070312500000136e-04 -6.30737536450750929e-04
0.00000000000000000e+00 0.00000000000000000e+00
1.22070312499998279e-04 1.80659348680128776e-04
0.00000000000000000e+00 0.00000000000000000e+00
1.22070312500001382e-04 -8.24820929706287007e-05
0.00000000000000000e+00 0.00000000000000000e+00
1.22070312500001355e-04 -6.31986256677758979e-07
0.00000000000000000e+00 0.00000000000000000e+00
1.22070312499987857e-04 2.35782994271083561e-02
0.00000000000000000e+00 0.00000000000000000e+00
1.22070312500000461e-04 1.20812850160164633e-04
0.00000000000000000e+00 0.00000000000000000e+00
1.22070312499999187e-04 -1.23340862947050482e-04
0.00000000000000000e+00 0.00000000000000000e+00
1.22070312499999078e-04 4.98243454581242000e-05
0.00000000000000000e+00 0.00000000000000000e+00
1.22070312499999973e-04 -2.99073897646527057e-04
0.00000000000000000e+00 0.00000000000000000e+00
1.22070312500001897e-04 2.90441604883850480e-04
0.00000000000000000e+00 0.00000000000000000e+00
1.22070312500000976e-04 -5.13051881799324902e-05
0.00000000000000000e+00 0.00000000000000000e+00
1.22070312499998591e-04 -1.26613188114222332e-05
0.00000000000000000e+00 0.00000000000000000e+00
1.22070312499998509e-04 1.17690435062767348e-03
0.00000000000000000e+00 0.00000000000000000e+00
1.22070312499999444e-04 9.91273535388628594e-05
0.00000000000000000e+00 0.00000000000000000e+00
1.22070312499999417e-04 -1.50323403802014454e-04
0.00000000000000000e+00 0.00000000000000000e+00
1.22070312499999702e-04 3.63405654950856686e-05
0.00000000000000000e+00 0.00000000000000000e+00
1.22070312500000325e-04 -4.10042083573575091e-04
0.00000000000000000e+00 0.00000000000000000e+00
1.22070312500001952e-04 2.25560742400786194e-04
0.00000000000000000e+00 0.00000000000000000e+00
1.22070312499999675e-04 -6.60627422806146243e-05
0.00000000000000000e+00 0.00000000000000000e+00
1.22070312499998157e-04 1.13850847294002015e-05
0.00000000000000000e+00 0.00000000000000000e+00
1.22070312500000000e-04 -1.30883182233745084e-03
0.00000000000000000e+00 0.00000000000000000e+00
1.22070312499999566e-04 1.47182622042105475e-04
0.00000000000000000e+00 0.00000000000000000e+00
1.22070312499998265e-04 -1.01242667015299524e-04
0.00000000000000000e+00 0.00000000000000000e+00
1.22070312499998591e-04 6.44376376521553680e-05
0.00000000000000000e+00 0.00000000000000000e+00
1.22070312500000515e-04 -2.31249340242524877e-04
0.00000000000000000e+00 0.00000000000000000e+00
1.22070312499999119e-04 3.95037777075497854e-04
0.00000000000000000e+00 0.00000000000000000e+00
1.22070312500001301e-04 -3.77208511655818284e-05
0.00000000000000000e+00 0.00000000000000000e+00
1.22070312500001166e-04 -1.87538089681807105e-05
0.00000000000000000e+00 0.00000000000000000e+00
1.22070312499999851e-04 7.94567184678638956e-04
0.00000000000000000e+00 0.00000000000000000e+00
1.22070312500000054e-04 8.95576534832944377e-05
0.00000000000000000e+00 0.00000000000000000e+00
1.22070312500001572e-04 -1.66386239637544213e-04
0.00000000000000000e+00 0.00000000000000000e+00
1.22070312499998536e-04 2.99062519574438626e-05
0.00000000000000000e+00 0.00000000000000000e+00
1.22070312500000922e-04 -4.98262410650839797e-04
0.00000000000000000e+00 0.00000000000000000e+00
1.22070312499999986e-04 2.01291334244442516e-04
0.00000000000000000e+00 0.00000000000000000e+00
1.22070312499997845e-04 -7.40278325928923637e-05
0.00000000000000000e+00 0.00000000000000000e+00
1.22070312500000461e-04 5.36357946827708083e-06
0.00000000000000000e+00 0.00000000000000000e+00
1.22070312500000623e-04 -2.77821206565118757e-03
0.00000000000000000e+00 0.00000000000000000e+00
1.22070312499999621e-04 1.33290467581084223e-04
0.00000000000000000e+00 0.00000000000000000e+00
1.22070312500000813e-04 -1.11794650167183825e-04
0.00000000000000000e+00 0.00000000000000000e+00
1.22070312499999539e-04 5.69634882009516463e-05
0.00000000000000000e+00 0.00000000000000000e+00
1.22070312499999756e-04 -2.61591445054780718e-04
0.00000000000000000e+00 0.00000000000000000e+00
1.22070312500000894e-04 3.35674673660085992e-04
0.00000000000000000e+00 0.00000000000000000e+00
1.22070312500001328e-04 -4.43916755213325724e-05
0.00000000000000000e+00 0.00000000000000000e+00
1.22070312500000867e-04 -6.63060259473909763e-06
0.00000000000000000e+00 0.00000000000000000e+00
1.22070312499999729e-04 2.24733136708736830e-03
0.00000000000000000e+00 0.00000000000000000e+00
1.22070312499999715e-04 1.09492317538467242e-04
0.00000000000000000e+00 0.00000000000000000e+00
1.22070312500000271e-04 -1.36093212097846881e-04
0.00000000000000000e+00 0.00000000000000000e+00
1.22070312500000786e-04 4.29658781174208855e-05
0.00000000000000000e+00 0.00000000000000000e+00
1.22070312500000569e-04 -3.46813840348483035e-04
0.00000000000000000e+00 0.00000000000000000e+00
1.22070312500000244e-04 2.54676233004139379e-04
0.00000000000000000e+00 0.00000000000000000e+00
1.22070312499999810e-04 -5.85102151782080566e-05
0.00000000000000000e+00 0.00000000000000000e+00
1.22070312499999255e-04 1.74620237913437186e-05
0.00000000000000000e+00 0.00000000000000000e+00
1.22070312499998685e-04 -8.53346746740445898e-04
0.00000000000000000e+00 0.00000000000000000e+00
1.22070312500000488e-04 1.62824151940552830e-04
0.00000000000000000e+00 0.00000000000000000e+00
1.22070312500000163e-04 -9.15168973168559873e-05
0.00000000000000000e+00 0.00000000000000000e+00
1.22070312499997981e-04 7.23097579865958139e-05
0.00000000000000000e+00 0.00000000000000000e+00
1.22070312499999444e-04 -2.06074001749665130e-04
0.00000000000000000e+00 0.00000000000000000e+00
1.22070312499999526e-04 4.76844283189801663e-04
0.00000000000000000e+00 0.00000000000000000e+00
1.22070312500000244e-04 -3.12495330638514068e-05
0.00000000000000000e+00 0.00000000000000000e+00
1.22070312500000623e-04 -2.18328079422521945e-05
0.00000000000000000e+00 0.00000000000000000e+00
1.22070312500000352e-04 6.82512356324523517e-04
0.00000000000000000e+00 0.00000000000000000e+00
1.22070312500001166e-04 8.50295912137283933e-05
0.00000000000000000e+00 0.00000000000000000e+00
1.22070312499998807e-04 -1.75246769755632521e-04
0.00000000000000000e+00 0.00000000000000000e+00
1.22070312500002629e-04 2.67487213857533945e-05
0.00000000000000000e+00 0.00000000000000000e+00
1.22070312499999322e-04 -5.57079382560066779e-04
0.00000000000000000e+00 0.00000000000000000e+00
1.22070312499999661e-04 1.90579969973534103e-04
0.00000000000000000e+00 0.00000000000000000e+00
1.22070312499998062e-04 -7.81884958630060150e-05
0.00000000000000000e+00 0.00000000000000000e+00
1.22070312499999797e-04 2.36437121844694346e-06
0.00000000000000000e+00 0.00000000000000000e+00
1.22070312500002873e-04 -6.30237801813542282e-03
0.00000000000000000e+00 0.00000000000000000e+00
1.22070312499999214e-04 1.26892454666243108e-04
0.00000000000000000e+00 0.00000000000000000e+00
1.22070312500000352e-04 -1.17431420434267067e-04
0.00000000000000000e+00 0.00000000000000000e+00
1.22070312500001355e-04 5.33556155512395373e-05
0.00000000000000000e+00 0.00000000000000000e+00
1.22070312499999173e-04 -2.79280091512343299e-04
0.00000000000000000e+00 0.00000000000000000e+00
1.22070312499999119e-04 3.11640723290766925e-04
0.00000000000000000e+00 0.00000000000000000e+00
1.22070312499999228e-04 -4.78151925605193372e-05
0.00000000000000000e+00 0.00000000000000000e+00
1.22070312499997059e-04 -9.64011498085315441e-06
0.00000000000000000e+00 0.00000000000000000e+00
1.22070312499999390e-04 1.54574517248447880e-03
0.00000000000000000e+00 0.00000000000000000e+00
1.22070312500001437e-04 1.04201236060784907e-04
0.00000000000000000e+00 0.00000000000000000e+00
1.22070312499999228e-04 -1.43003689372314874e-04
0.00000000000000000e+00 0.00000000000000000e+00
1.22070312500000136e-04 3.96268230965403170e-05
0.00000000000000000e+00 0.00000000000000000e+00
1.22070312499998591e-04 -3.76037240167962576e-04
0.00000000000000000e+00 0.00000000000000000e+00
1.22070312500000407e-04 2.39417569724999235e-04
0.00000000000000000e+00 0.00000000000000000e+00
1.22070312500000136e-04 -6.22392133165645245e-05
0.00000000000000000e+00 0.00000000000000000e+00
1.22070312500000190e-04 1.44147462270107136e-05
0.00000000000000000e+00 0.00000000000000000e+00
1.22070312500000651e-04 -1.03374426154835466e-03
0.00000000000000000e+00 0.00000000000000000e+00
1.22070312499997696e-04 1.54759984524525083e-04
0.00000000000000000e+00 0.00000000000000000e+00
1.22070312500000244e-04 -9.62856208575395099e-05
0.00000000000000000e+00 0.00000000000000000e+00
1.22070312500000298e-04 6.83196193699351896e-05
0.00000000000000000e+00 0.00000000000000000e+00
1.22070312500000244e-04 -2.18109546441719912e-04
0.00000000000000000e+00 0.00000000000000000e+00
1.22070312500001030e-04 4.32384349425582991e-04
0.00000000000000000e+00 0.00000000000000000e+00
1.22070312499998807e-04 -3.44627672431795215e-05
0.00000000000000000e+00 0.00000000000000000e+00
1.22070312499999756e-04 -1.56979472185622385e-05
0.00000000000000000e+00 0.00000000000000000e+00
1.22070312499999892e-04 9.49242661246044129e-04
0.00000000000000000e+00 0.00000000000000000e+00
1.22070312500000678e-04 9.42518102340506855e-05
0.00000000000000000e+00 0.00000000000000000e+00
1.22070312500001111e-04 -1.58099469462119602e-04
0.00000000000000000e+00 0.00000000000000000e+00
1.22070312500000759e-04 3.31019924764571719e-05
0.00000000000000000e+00 0.00000000000000000e+00
1.22070312500000542e-04 -4.50159041164842203e-04
0.00000000000000000e+00 0.00000000000000000e+00
1.22070312500001328e-04 2.12906479011955763e-04
0.00000000000000000e+00 0.00000000000000000e+00
1.22070312499999268e-04 -6.99892331271483064e-05
0.00000000000000000e+00 0.00000000000000000e+00
1.22070312500002033e-04 8.36926476582575510e-06
0.00000000000000000e+00 0.00000000000000000e+00
1.22070312500000515e-04 -1.78046239553690815e-03
0.00000000000000000e+00 0.00000000000000000e+00
1.22070312500000542e-04 1.40040925536889013e-04
0.00000000000000000e+00 0.00000000000000000e+00
1.22070312500000922e-04 -1.06405760578340945e-04
0.00000000000000000e+00 0.00000000000000000e+00
1.22070312500000108e-04 6.06549786254884045e-05
0.00000000000000000e+00 0.00000000000000000e+00
1.22070312499999648e-04 -2.45670867116356336e-04
0.00000000000000000e+00 0.00000000000000000e+00
1.22070312500001003e-04 3.63188343727275070e-04
0.00000000000000000e+00 0.00000000000000000e+00
1.22070312500000081e-04 -4.10287429407061148e-05
0.00000000000000000e+00 0.00000000000000000e+00
1.22070312499998550e-04 -3.62910546612096630e-06
0.00000000000000000e+00 0.00000000000000000e+00
1.22070312499997628e-04 4.10601492102038047e-03
0.00000000000000000e+00 0.00000000000000000e+00
1.22070312499999864e-04 1.15021655544974798e-04
0.00000000000000000e+00 0.00000000000000000e+00
1.22070312500000840e-04 -1.29550919113846560e-04
0.00000000000000000e+00 0.00000000000000000e+00
1.22070312500000054e-04 4.63631385239589083e-05
0.00000000000000000e+00 0.00000000000000000e+00
1.22070312499999864e-04 -3.21401045491065364e-04
0.00000000000000000e+00 0.00000000000000000e+00
1.22070312499999797e-04 2.71582241445906375e-04
0.00000000000000000e+00 0.00000000000000000e+00
1.22070312500001166e-04 -5.48679512861858528e-05
0.00000000000000000e+00 0.00000000000000000e+00
1.22070312500001843e-04 2.05307787418207756e-05
0.00000000000000000e+00 0.00000000000000000e+00
1.22070312500000379e-04 -7.25796199999651946e-04
0.00000000000000000e+00 0.00000000000000000e+00
1.22070312499999648e-04 1.71434308652495827e-04
0.00000000000000000e+00 0.00000000000000000e+00
1.22070312500000651e-04 -8.69205313158921629e-05
0.00000000000000000e+00 0.00000000000000000e+00
1.22070312500000000e-04 7.64176554873716672e-05
0.00000000000000000e+00 0.00000000000000000e+00
1.22070312500000081e-04 -1.94996314644985781e-04
0.00000000000000000e+00 0.00000000000000000e+00
1.22070312500000054e-04 5.30735555501322736e-04
0.00000000000000000e+00 0.00000000000000000e+00
1.22070312500000596e-04 -2.80764328664042471e-05
0.00000000000000000e+00 0.00000000000000000e+00
1.22070312500001464e-04 -2.74855758642292355e-05
0.00000000000000000e+00 0.00000000000000000e+00
1.22070312499998401e-04 5.42144769585962711e-04
0.00000000000000000e+00 0.00000000000000000e+00
1.22070312500000786e-04 7.72018306008792897e-05
0.00000000000000000e+00 0.00000000000000000e+00
1.22070312499998862e-04 -1.93015645845027490e-04
0.00000000000000000e+00 0.00000000000000000e+00
1.22070312499997601e-04 2.11088814732698017e-05
0.00000000000000000e+00 0.00000000000000000e+00
1.22070312500001193e-04 -7.05919032835447850e-04
0.00000000000000000e+00 0.00000000000000000e+00
1.22070312500000813e-04 1.73114909070448811e-04
0.00000000000000000e+00 0.00000000000000000e+00
1.22070312499998211e-04 -8.60767063556833699e-05
0.00000000000000000e+00 0.00000000000000000e+00
1.22070312500000434e-04 -3.06692135711663145e-06
0.00000000000000000e+00 0.00000000000000000e+00
1.22070312500004445e-04 4.85867078374252644e-03
0.00000000000000000e+00 0.00000000000000000e+00
1.22070312500001193e-04 1.16086800847451871e-04
0.00000000000000000e+00 0.00000000000000000e+00
1.22070312500001030e-04 -1.28362234854153813e-04
0.00000000000000000e+00 0.00000000000000000e+00
1.22070312499999905e-04 4.70070648701950369e-05
0.00000000000000000e+00 0.00000000000000000e+00
1.22070312499999092e-04 -3.16998332803729375e-04
0.00000000000000000e+00 0.00000000000000000e+00
1.22070312499996964e-04 2.74959170352543779e-04
0.00000000000000000e+00 0.00000000000000000e+00
1.22070312499998970e-04 -5.41940869793229444e-05
0.00000000000000000e+00 0.00000000000000000e+00
1.22070312500001003e-04 -1.51272303724761251e-05
0.00000000000000000e+00 0.00000000000000000e+00
1.22070312499995799e-04 9.85055481204184010e-04
0.00000000000000000e+00 0.00000000000000000e+00
1.22070312500000705e-04 9.51516709534196115e-05
0.00000000000000000e+00 0.00000000000000000e+00
1.22070312500001301e-04 -1.56604303892283862e-04
0.00000000000000000e+00 0.00000000000000000e+00
1.22070312499998469e-04 3.37058193031366970e-05
0.00000000000000000e+00 0.00000000000000000e+00
1.22070312499997330e-04 -4.42094614577712749e-04
0.00000000000000000e+00 0.00000000000000000e+00
1.22070312499997764e-04 2.15195497663151820e-04
0.00000000000000000e+00 0.00000000000000000e+00
1.22070312500000976e-04 -6.92447628117828182e-05
0.00000000000000000e+00 0.00000000000000000e+00
1.22070312500000352e-04 8.93384804661077844e-06
0.00000000000000000e+00 0.00000000000000000e+00
1.22070312500001220e-04 -1.66794432993577226e-03
0.00000000000000000e+00 0.00000000000000000e+00
1.22070312500001193e-04 1.41348935500033033e-04
0.00000000000000000e+00 0.00000000000000000e+00
1.22070312500000379e-04 -1.05421106576661470e-04
0.00000000000000000e+00 0.00000000000000000e+00
1.22070312500001382e-04 6.13570455263955084e-05
0.00000000000000000e+00 0.00000000000000000e+00
1.22070312499998279e-04 -2.42859822633363122e-04
0.00000000000000000e+00 0.00000000000000000e+00
1.22070312499997493e-04 3.68799704438020506e-04
0.00000000000000000e+00 0.00000000000000000e+00
1.22070312499997357e-04 -4.04044824725479583e-05
0.00000000000000000e+00 0.00000000000000000e+00
1.22070312500000271e-04 -2.12535499925315775e-05
0.00000000000000000e+00 0.00000000000000000e+00
1.22070312500002602e-04 7.01113987972934644e-04
0.00000000000000000e+00 0.00000000000000000e+00
1.22070312500001247e-04 8.58666065126912606e-05
0.00000000000000000e+00 0.00000000000000000e+00
1.22070312499999390e-04 -1.73538489513340959e-04
0.00000000000000000e+00 0.00000000000000000e+00
1.22070312500000488e-04 2.73380538650729667e-05
0.00000000000000000e+00 0.00000000000000000e+00
1.22070312500000434e-04 -5.45070298982988579e-04
0.00000000000000000e+00 0.00000000000000000e+00
1.22070312499999621e-04 1.92524977606461619e-04
0.00000000000000000e+00 0.00000000000000000e+00
1.22070312499999512e-04 -7.73985868176943649e-05
0.00000000000000000e+00 0.00000000000000000e+00
1.22070312499999499e-04 2.92639657185274703e-06
0.00000000000000000e+00 0.00000000000000000e+00
1.22070312499991828e-04 -5.09198286286679548e-03
0.00000000000000000e+00 0.00000000000000000e+00
1.22070312500000651e-04 1.28066861148624174e-04
0.00000000000000000e+00 0.00000000000000000e+00
1.22070312500001952e-04 -1.16354543714114914e-04
0.00000000000000000e+00 0.00000000000000000e+00
1.22070312499999919e-04 5.40260520322724124e-05
0.00000000000000000e+00 0.00000000000000000e+00
1.22070312500000732e-04 -2.75814364243129459e-04
0.00000000000000000e+00 0.00000000000000000e+00
1.22070312499998834e-04 3.15914055069551280e-04
0.00000000000000000e+00 0.00000000000000000e+00
1.22070312499996856e-04 -4.71684021483862262e-05
0.00000000000000000e+00 0.00000000000000000e+00
1.22070312500002141e-04 -9.07505235969604871e-06
0.00000000000000000e+00 0.00000000000000000e+00
1.22070312500000298e-04 1.64199175974139369e-03
0.00000000000000000e+00 0.00000000000000000e+00
1.22070312500002683e-04 1.05176166394457428e-04
0.00000000000000000e+00 0.00000000000000000e+00
1.22070312500000163e-04 -1.41678116865010651e-04
0.00000000000000000e+00 0.00000000000000000e+00
1.22070312499999675e-04 4.02487154255335106e-05
0.00000000000000000e+00 0.00000000000000000e+00
1.22070312500000352e-04 -3.70227000695671864e-04
0.00000000000000000e+00 0.00000000000000000e+00
1.22070312499999336e-04 2.42165090538768943e-04
0.00000000000000000e+00 0.00000000000000000e+00
1.22070312499998170e-04 -6.15330688692422134e-05
0.00000000000000000e+00 0.00000000000000000e+00
1.22070312499997140e-04 1.49846538000698107e-05
0.00000000000000000e+00 0.00000000000000000e+00
1.22070312500001193e-04 -9.94428125778723266e-04
0.00000000000000000e+00 0.00000000000000000e+00
1.22070312500002168e-04 1.56233269412923048e-04
0.00000000000000000e+00 0.00000000000000000e+00
1.22070312499999959e-04 -9.53776442741144376e-05
0.00000000000000000e+00 0.00000000000000000e+00
1.22070312500000488e-04 6.90592533850858530e-05
0.00000000000000000e+00 0.00000000000000000e+00
1.22070312500002927e-04 -2.15773563475355130e-04
0.00000000000000000e+00 0.00000000000000000e+00
1.22070312500001301e-04 4.40120348944662723e-04
0.00000000000000000e+00 0.00000000000000000e+00
1.22070312499999363e-04 -3.38570148587268499e-05
0.00000000000000000e+00 0.00000000000000000e+00
1.22070312500012360e-04 -2.43543016119718898e-05
0.00000000000000000e+00 0.00000000000000000e+00
1.22070312499995053e-04 6.11849250750831045e-04
0.00000000000000000e+00 0.00000000000000000e+00
1.22070312499998116e-04 8.14632434423474599e-05
0.00000000000000000e+00 0.00000000000000000e+00
1.22070312500006614e-04 -1.82918830188684060e-04
0.00000000000000000e+00 0.00000000000000000e+00
1.22070312500005069e-04 2.42083047857183880e-05
0.00000000000000000e+00 0.00000000000000000e+00
1.22070312500011953e-04 -6.15539226135621855e-04
0.00000000000000000e+00 0.00000000000000000e+00
1.22070312499995988e-04 1.82463827803998720e-04
0.00000000000000000e+00 0.00000000000000000e+00
1.22070312500008457e-04 -8.16663849113862526e-05
0.00000000000000000e+00 0.00000000000000000e+00
1.22070312500017266e-04 -7.02200755285664760e-08
0.00000000000000000e+00 0.00000000000000000e+00
1.22070312499860260e-04 2.12206567382503986e-01
0.00000000000000000e+00 0.00000000000000000e+00
1.22070312500010002e-04 1.21929953089642775e-04
0.00000000000000000e+00 0.00000000000000000e+00
1.22070312499992451e-04 -1.22210833484815681e-04
0.00000000000000000e+00 0.00000000000000000e+00
1.22070312499998414e-04 5.04809306624091621e-05
0.00000000000000000e+00 0.00000000000000000e+00
1.22070312499979332e-04 -2.95183963495090267e-04
0.00000000000000000e+00 0.00000000000000000e+00
1.22070312500014311e-04 2.94224976308349209e-04
0.00000000000000000e+00 0.00000000000000000e+00
1.22070312500008836e-04 -5.06454665433545478e-05
0.00000000000000000e+00 0.00000000000000000e+00
1.22070312500001084e-04 -1.20937816529792210e-05
0.00000000000000000e+00 0.00000000000000000e+00
1.22070312500013715e-04 1.23213413483267559e-03
0.00000000000000000e+00 0.00000000000000000e+00
1.22070312499993549e-04 1.00063057652771589e-04
0.00000000000000000e+00 0.00000000000000000e+00
1.22070312499998889e-04 -1.48917707927297279e-04
0.00000000000000000e+00 0.00000000000000000e+00
1.22070312500001681e-04 3.69529561707819369e-05
0.00000000000000000e+00 0.00000000000000000e+00
1.22070312499996707e-04 -4.03246796412625092e-04
0.00000000000000000e+00 0.00000000000000000e+00
1.22070312499993115e-04 2.28061830613422684e-04
0.00000000000000000e+00 0.00000000000000000e+00
1.22070312499997479e-04 -6.53382512705679141e-05
0.00000000000000000e+00 0.00000000000000000e+00
1.22070312500000542e-04 1.19519791537998966e-05
0.00000000000000000e+00 0.00000000000000000e+00
1.22070312499988196e-04 -1.24675260909518342e-03
0.00000000000000000e+00 0.00000000000000000e+00
1.22070312499999038e-04 1.48568748972155852e-04
0.00000000000000000e+00 0.00000000000000000e+00
1.22070312500006234e-04 -1.00298086218926700e-04
0.00000000000000000e+00 0.00000000000000000e+00
1.22070312499996476e-04 6.51576870486612897e-05
0.00000000000000000e+00 0.00000000000000000e+00
1.22070312499999051e-04 -2.28693832896783688e-04
0.00000000000000000e+00 0.00000000000000000e+00
1.22070312500000732e-04 4.01580145572392913e-04
0.00000000000000000e+00 0.00000000000000000e+00
1.22070312500006370e-04 -3.71063195183824759e-05
0.00000000000000000e+00 0.00000000000000000e+00
1.22070312500001870e-04 -1.81791916455494157e-05
0.00000000000000000e+00 0.00000000000000000e+00
1.22070312499998428e-04 8.19682276549090231e-04
0.00000000000000000e+00 0.00000000000000000e+00
1.22070312499998170e-04 9.04247160511669417e-05
0.00000000000000000e+00 0.00000000000000000e+00
1.22070312499997981e-04 -1.64790798849916934e-04
0.00000000000000000e+00 0.00000000000000000e+00
1.22070312499998170e-04 3.05024063149808373e-05
0.00000000000000000e+00 0.00000000000000000e+00
1.22070312500000163e-04 -4.88524119702978162e-04
0.00000000000000000e+00 0.00000000000000000e+00
1.22070312499998848e-04 2.03396585557898450e-04
0.00000000000000000e+00 0.00000000000000000e+00
1.22070312499996653e-04 -7.32616093479400822e-05
0.00000000000000000e+00 0.00000000000000000e+00
1.22070312499994511e-04 5.92654234463760342e-06
0.00000000000000000e+00 0.00000000000000000e+00
1.22070312499993590e-04 -2.51430941134414294e-03
0.00000000000000000e+00 0.00000000000000000e+00
1.22070312499997493e-04 1.34528232112674916e-04
0.00000000000000000e+00 0.00000000000000000e+00
1.22070312500002087e-04 -1.10766052298724287e-04
0.00000000000000000e+00 0.00000000000000000e+00
1.22070312500002629e-04 5.76490533635412231e-05
0.00000000000000000e+00 0.00000000000000000e+00
1.22070312500002467e-04 -2.58480587701591120e-04
0.00000000000000000e+00 0.00000000000000000e+00
1.22070312500002954e-04 3.40545954042788496e-04
0.00000000000000000e+00 0.00000000000000000e+00
1.22070312500003605e-04 -4.37566825180253722e-05
0.00000000000000000e+00 0.00000000000000000e+00
1.22070312500003659e-04 -6.06732144076273895e-06
0.00000000000000000e+00 0.00000000000000000e+00
1.22070312500004093e-04 2.45597028925117382e-03
0.00000000000000000e+00 0.00000000000000000e+00
1.22070312499998076e-04 1.10510245382571369e-04
0.00000000000000000e+00 0.00000000000000000e+00
1.22070312499999729e-04 -1.34839635386392793e-04
0.00000000000000000e+00 0.00000000000000000e+00
1.22070312499998089e-04 4.35982625191066236e-05
0.00000000000000000e+00 0.00000000000000000e+00
1.22070312499996951e-04 -3.41783372383642331e-04
0.00000000000000000e+00 0.00000000000000000e+00
1.22070312499997154e-04 2.57712328516148585e-04
0.00000000000000000e+00 0.00000000000000000e+00
1.22070312499998265e-04 -5.78209093823534628e-05
0.00000000000000000e+00 0.00000000000000000e+00
1.22070312499996016e-04 1.80356613093825998e-05
0.00000000000000000e+00 0.00000000000000000e+00
1.22070312500000027e-04 -8.26205423700998760e-04
0.00000000000000000e+00 0.00000000000000000e+00
1.22070312500003415e-04 1.64395033868979114e-04
0.00000000000000000e+00 0.00000000000000000e+00
1.22070312500001301e-04 -9.06424047196158840e-05
0.00000000000000000e+00 0.00000000000000000e+00
1.22070312499997832e-04 7.30707156694631211e-05
0.00000000000000000e+00 0.00000000000000000e+00
1.22070312499998482e-04 -2.03927949210919597e-04
0.00000000000000000e+00 0.00000000000000000e+00
1.22070312500004554e-04 4.86145352840389828e-04
0.00000000000000000e+00 0.00000000000000000e+00
1.22070312499998441e-04 -3.06516582063031838e-05
0.00000000000000000e+00 0.00000000000000000e+00
1.22070312500000108e-04 -2.59158595063313032e-05
0.00000000000000000e+00 0.00000000000000000e+00
1.22070312500001843e-04 5.74982326563651912e-04
0.00000000000000000e+00 0.00000000000000000e+00
1.22070312500002114e-04 7.93155466221621887e-05
0.00000000000000000e+00 0.00000000000000000e+00
1.22070312500000217e-04 -1.87871884245250064e-04
0.00000000000000000e+00 0.00000000000000000e+00
1.22070312500001572e-04 2.26550634291599405e-05
0.00000000000000000e+00 0.00000000000000000e+00
1.22070312500000596e-04 -6.57740872827052036e-04
0.00000000000000000e+00 0.00000000000000000e+00
1.22070312500000705e-04 1.77705855303585423e-04
0.00000000000000000e+00 0.00000000000000000e+00
1.22070312500001138e-04 -8.38529555955892130e-05
0.00000000000000000e+00 0.00000000000000000e+00
1.22070312500002873e-04 -1.56833446525345900e-06
0.00000000000000000e+00 0.00000000000000000e+00
1.22070312499994891e-04 9.50126489213167988e-03
0.00000000000000000e+00 0.00000000000000000e+00
1.22070312500000217e-04 1.18973431662536161e-04
0.00000000000000000e+00 0.00000000000000000e+00
1.22070312500000163e-04 -1.25247805208427348e-04
0.00000000000000000e+00 0.00000000000000000e+00
1.22070312500001409e-04 4.87354873656285062e-05
0.00000000000000000e+00 0.00000000000000000e+00
1.22070312500001193e-04 -3.05755867014406344e-04
0.00000000000000000e+00 0.00000000000000000e+00
1.22070312500000867e-04 2.84316725760318007e-04
0.00000000000000000e+00 0.00000000000000000e+00
1.22070312499998198e-04 -5.24104276806038169e-05
0.00000000000000000e+00 0.00000000000000000e+00
1.22070312500001247e-04 -1.36084309254493826e-05
0.00000000000000000e+00 0.00000000000000000e+00
1.22070312499998482e-04 1.09499480693121386e-03
0.00000000000000000e+00 0.00000000000000000e+00
1.22070312499982016e-04 9.75832723968290418e-05
0.00000000000000000e+00 0.00000000000000000e+00
1.22070312500003117e-04 -1.52702003405382397e-04
0.00000000000000000e+00 0.00000000000000000e+00
1.22070312500001057e-04 3.53236219647589048e-05
0.00000000000000000e+00 0.00000000000000000e+00
1.22070312500001924e-04 -4.21846921833608172e-04
0.00000000000000000e+00 0.00000000000000000e+00
1.22070312499999593e-04 2.21485415145748830e-04
0.00000000000000000e+00 0.00000000000000000e+00
1.22070312500001382e-04 -6.72782954310654504e-05
0.00000000000000000e+00 0.00000000000000000e+00
1.22070312500000325e-04 1.04413294893854017e-05
0.00000000000000000e+00 0.00000000000000000e+00
1.22070312500003144e-04 -1.42713255136682504e-03
0.00000000000000000e+00 0.00000000000000000e+00
1.22070312499999458e-04 1.44906252043828691e-04
0.00000000000000000e+00 0.00000000000000000e+00
1.22070312499999485e-04 -1.02833114401030163e-04
0.00000000000000000e+00 0.00000000000000000e+00
1.22070312499998794e-04 6.32452832337597373e-05
0.00000000000000000e+00 0.00000000000000000e+00
1.22070312499998929e-04 -2.35609051488807724e-04
0.00000000000000000e+00 0.00000000000000000e+00
1.22070312500000488e-04 3.84556250366837975e-04
0.00000000000000000e+00 0.00000000000000000e+00
1.22070312500000759e-04 -3.87489767222148486e-05
0.00000000000000000e+00 0.00000000000000000e+00
1.22070312499999282e-04 -1.97133242851706726e-05
0.00000000000000000e+00 0.00000000000000000e+00
1.22070312499998875e-04 7.55892866078241546e-04
0.00000000000000000e+00 0.00000000000000000e+00
1.22070312500000108e-04 8.81254693507049221e-05
0.00000000000000000e+00 0.00000000000000000e+00
1.22070312499999336e-04 -1.69090290283128666e-04
0.00000000000000000e+00 0.00000000000000000e+00
1.22070312499999566e-04 2.89156306053577204e-05
0.00000000000000000e+00 0.00000000000000000e+00
1.22070312500000759e-04 -5.15332395728062913e-04
0.00000000000000000e+00 0.00000000000000000e+00
1.22070312499999580e-04 1.97852656282204405e-04
0.00000000000000000e+00 0.00000000000000000e+00
1.22070312499998441e-04 -7.53144358728916985e-05
0.00000000000000000e+00 0.00000000000000000e+00
1.22070312499999553e-04 4.42580199709031699e-06
0.00000000000000000e+00 0.00000000000000000e+00
1.22070312499998469e-04 -3.36688383340157799e-03
0.00000000000000000e+00 0.00000000000000000e+00
1.22070312499998834e-04 1.31254915003569794e-04
0.00000000000000000e+00 0.00000000000000000e+00
1.22070312499998726e-04 -1.13528405343466557e-04
0.00000000000000000e+00 0.00000000000000000e+00
1.22070312500000488e-04 5.58273853557379602e-05
0.00000000000000000e+00 0.00000000000000000e+00
1.22070312500000000e-04 -2.66914903839685536e-04
0.00000000000000000e+00 0.00000000000000000e+00
1.22070312500000352e-04 3.27824093929115405e-04
0.00000000000000000e+00 0.00000000000000000e+00
1.22070312500000352e-04 -4.54547468285530765e-05
0.00000000000000000e+00 0.00000000000000000e+00
1.22070312499999499e-04 -7.57004236557284054e-06
0.00000000000000000e+00 0.00000000000000000e+00
1.22070312499998035e-04 1.96843828267247688e-03
0.00000000000000000e+00 0.00000000000000000e+00
1.22070312499999349e-04 1.07814297262123047e-04
0.00000000000000000e+00 0.00000000000000000e+00
1.22070312500000569e-04 -1.38211365025359503e-04
0.00000000000000000e+00 0.00000000000000000e+00
1.22070312500001138e-04 4.19164312909735327e-05
0.00000000000000000e+00 0.00000000000000000e+00
1.22070312500000542e-04 -3.55496895487289152e-04
0.00000000000000000e+00 0.00000000000000000e+00
1.22070312500000922e-04 2.49743527805209393e-04
0.00000000000000000e+00 0.00000000000000000e+00
1.22070312499999621e-04 -5.96658553068501850e-05
0.00000000000000000e+00 0.00000000000000000e+00
1.22070312499999322e-04 1.65076258121269086e-05
0.00000000000000000e+00 0.00000000000000000e+00
1.22070312499999160e-04 -9.02683484799099889e-04
0.00000000000000000e+00 0.00000000000000000e+00
1.22070312499998401e-04 1.60248405626356411e-04
0.00000000000000000e+00 0.00000000000000000e+00
1.22070312499999539e-04 -9.29878904916651435e-05
0.00000000000000000e+00 0.00000000000000000e+00
1.22070312500001897e-04 7.10506572894261128e-05
0.00000000000000000e+00 0.00000000000000000e+00
1.22070312500001626e-04 -2.09725873937340453e-04
0.00000000000000000e+00 0.00000000000000000e+00
1.22070312500001653e-04 4.62063826876141530e-04
0.00000000000000000e+00 0.00000000000000000e+00
1.22070312500001003e-04 -3.22491403289214387e-05
0.00000000000000000e+00 0.00000000000000000e+00
1.22070312499997696e-04 -2.28003719401852128e-05
0.00000000000000000e+00 0.00000000000000000e+00
1.22070312500001138e-04 6.53549040030544106e-04
0.00000000000000000e+00 0.00000000000000000e+00
1.22070312500001355e-04 8.36464099884645835e-05
0.00000000000000000e+00 0.00000000000000000e+00
1.22070312500000108e-04 -1.78144659118099327e-04
0.00000000000000000e+00 0.00000000000000000e+00
1.22070312500001193e-04 2.57691251656830347e-05
0.00000000000000000e+00 0.00000000000000000e+00
1.22070312500000163e-04 -5.78256386200152561e-04
0.00000000000000000e+00 0.00000000000000000e+00
1.22070312499998970e-04 1.87399624607155561e-04
0.00000000000000000e+00 0.00000000000000000e+00
1.22070312499996422e-04 -7.95154271257736064e-05
0.00000000000000000e+00 0.00000000000000000e+00
1.22070312499995460e-04 1.42787316198909294e-06
0.00000000000000000e+00 0.00000000000000000e+00
1.22070312500004039e-04 -1.04359137705879144e-02
0.00000000000000000e+00 0.00000000000000000e+00
1.22070312499997655e-04 1.24959858236155030e-04
0.00000000000000000e+00 0.00000000000000000e+00
1.22070312500000081e-04 -1.19247584017635188e-04
0.00000000000000000e+00 0.00000000000000000e+00
1.22070312500002819e-04 5.22441811112931616e-05
0.00000000000000000e+00 0.00000000000000000e+00
1.22070312500002060e-04 -2.85221451975771749e-04
0.00000000000000000e+00 0.00000000000000000e+00
1.22070312499998387e-04 3.04737270778407149e-04
0.00000000000000000e+00 0.00000000000000000e+00
1.22070312499998902e-04 -4.88983876366168210e-05
0.00000000000000000e+00 0.00000000000000000e+00
1.22070312499999715e-04 -1.05828111123540498e-05
0.00000000000000000e+00 0.00000000000000000e+00
1.22070312499996924e-04 1.40805321342757426e-03
0.00000000000000000e+00 0.00000000000000000e+00
1.22070312499998143e-04 1.02593242915287818e-04
0.00000000000000000e+00 0.00000000000000000e+00
1.22070312500000651e-04 -1.45245054843927776e-04
0.00000000000000000e+00 0.00000000000000000e+00
1.22070312500000271e-04 3.85944418089120565e-05
0.00000000000000000e+00 0.00000000000000000e+00
1.22070312499998347e-04 -3.86096041176783714e-04
0.00000000000000000e+00 0.00000000000000000e+00
1.22070312500001599e-04 2.34946896676304316e-04
0.00000000000000000e+00 0.00000000000000000e+00
1.22070312499998943e-04 -6.34235284851518053e-05
0.00000000000000000e+00 0.00000000000000000e+00
1.22070312499999024e-04 1.34662635920854751e-05
0.00000000000000000e+00 0.00000000000000000e+00
1.22070312500001409e-04 -1.10655499143832319e-03
0.00000000000000000e+00 0.00000000000000000e+00
1.22070312499997859e-04 1.52342314721341327e-04
0.00000000000000000e+00 0.00000000000000000e+00
1.22070312499999214e-04 -9.78136719341828211e-05
0.00000000000000000e+00 0.00000000000000000e+00
1.22070312500000515e-04 6.70953112187630345e-05
0.00000000000000000e+00 0.00000000000000000e+00
1.22070312500000515e-04 -2.22089456374414436e-04
0.00000000000000000e+00 0.00000000000000000e+00
1.22070312500000840e-04 4.20036494105348801e-04
0.00000000000000000e+00 0.00000000000000000e+00
1.22070312500001328e-04 -3.54758726990788431e-05
0.00000000000000000e+00 0.00000000000000000e+00
1.22070312499998469e-04 -1.66506565317668940e-05
0.00000000000000000e+00 0.00000000000000000e+00
1.22070312500000434e-04 8.94929348005910150e-04
0.00000000000000000e+00 0.00000000000000000e+00
1.22070312500001409e-04 9.27661509107344560e-05
0.00000000000000000e+00 0.00000000000000000e+00
1.22070312500002494e-04 -1.60631448513875509e-04
0.00000000000000000e+00 0.00000000000000000e+00
1.22070312499997926e-04 3.20989439423404604e-05
0.00000000000000000e+00 0.00000000000000000e+00
1.22070312499999499e-04 -4.64225901656280151e-04
0.00000000000000000e+00 0.00000000000000000e+00
1.22070312499997994e-04 2.09171980081069491e-04
0.00000000000000000e+00 0.00000000000000000e+00
1.22070312500001030e-04 -7.12388016218656596e-05
0.00000000000000000e+00 0.00000000000000000e+00
1.22070312499996734e-04 7.42907213341976346e-06
0.00000000000000000e+00 0.00000000000000000e+00
1.22070312500002412e-04 -2.00579034988932012e-03
0.00000000000000000e+00 0.00000000000000000e+00
1.22070312499997723e-04 1.37891305957712519e-04
0.00000000000000000e+00 0.00000000000000000e+00
1.22070312499999512e-04 -1.08064544681425506e-04
0.00000000000000000e+00 0.00000000000000000e+00
1.22070312500002277e-04 5.94919605378391649e-05
0.00000000000000000e+00 0.00000000000000000e+00
1.22070312499997628e-04 -2.50473527164564197e-04
0.00000000000000000e+00 0.00000000000000000e+00
1.22070312500000027e-04 3.54169816126525454e-04
0.00000000000000000e+00 0.00000000000000000e+00
1.22070312499998414e-04 -4.20734927578470468e-05
0.00000000000000000e+00 0.00000000000000000e+00
1.22070312499999160e-04 -4.56643267070801467e-06
0.00000000000000000e+00 0.00000000000000000e+00
1.22070312499996178e-04 3.26319520474601050e-03
0.00000000000000000e+00 0.00000000000000000e+00
1.22070312499998740e-04 1.13266771910387588e-04
0.00000000000000000e+00 0.00000000000000000e+00
1.22070312500002304e-04 -1.31558099012810039e-04
0.00000000000000000e+00 0.00000000000000000e+00
1.22070312499997994e-04 4.52949022457071931e-05
0.00000000000000000e+00 0.00000000000000000e+00
1.22070312499997344e-04 -3.28980976998575396e-04
0.00000000000000000e+00 0.00000000000000000e+00
1.22070312500001599e-04 2.66105045846965046e-04
0.00000000000000000e+00 0.00000000000000000e+00
1.22070312499999119e-04 -5.59972891397819610e-05
0.00000000000000000e+00 0.00000000000000000e+00
1.22070312499999133e-04 1.95692482428724101e-05
0.00000000000000000e+00 0.00000000000000000e+00
1.22070312499999349e-04 -7.61458028888471056e-04
0.00000000000000000e+00 0.00000000000000000e+00
1.22070312499998902e-04 1.68681033387838209e-04
0.00000000000000000e+00 0.00000000000000000e+00
1.22070312500000840e-04 -8.83392809171751645e-05
0.00000000000000000e+00 0.00000000000000000e+00
1.22070312500000407e-04 7.51206733575604779e-05
0.00000000000000000e+00 0.00000000000000000e+00
1.22070312500001762e-04 -1.98362987548330325e-04
0.00000000000000000e+00 0.00000000000000000e+00
1.22070312499999986e-04 5.12701816360839561e-04
0.00000000000000000e+00 0.00000000000000000e+00
1.22070312499997520e-04 -2.90639914241296716e-05
0.00000000000000000e+00 0.00000000000000000e+00
1.22070312499999973e-04 -2.66996643362573343e-05
0.00000000000000000e+00 0.00000000000000000e+00
1.22070312500001057e-04 5.58102941152400361e-04
0.00000000000000000e+00 0.00000000000000000e+00
1.22070312500002521e-04 7.82545314064885287e-05
0.00000000000000000e+00 0.00000000000000000e+00
1.22070312499999986e-04 -1.90419147952525008e-04
0.00000000000000000e+00 0.00000000000000000e+00
1.22070312500002412e-04 2.18811221447106491e-05
0.00000000000000000e+00 0.00000000000000000e+00
1.22070312500001111e-04 -6.81005347682795900e-04
0.00000000000000000e+00 0.00000000000000000e+00
1.22070312499999634e-04 1.75390144880784927e-04
0.00000000000000000e+00 0.00000000000000000e+00
1.22070312499999634e-04 -8.49600825860309634e-05
0.00000000000000000e+00 0.00000000000000000e+00
1.22070312500002060e-04 -2.31754062317366496e-06
0.00000000000000000e+00 0.00000000000000000e+00
1.22070312499995013e-04 6.42973031188483549e-03
0.00000000000000000e+00 0.00000000000000000e+00
1.22070312500000434e-04 1.17521590080579914e-04
0.00000000000000000e+00 0.00000000000000000e+00
1.22070312500001030e-04 -1.26795095127882779e-04
0.00000000000000000e+00 0.00000000000000000e+00
1.22070312499999729e-04 4.78691966541368075e-05
0.00000000000000000e+00 0.00000000000000000e+00
1.22070312500000813e-04 -3.11289142817907098e-04
0.00000000000000000e+00 0.00000000000000000e+00
1.22070312499998265e-04 2.79572197157168371e-04
0.00000000000000000e+00 0.00000000000000000e+00
1.22070312500001599e-04 -5.32998679602996337e-05
0.00000000000000000e+00 0.00000000000000000e+00
1.22070312500001599e-04 -1.43672822200250916e-05
0.00000000000000000e+00 0.00000000000000000e+00
1.22070312499999214e-04 1.03715935732644942e-03
0.00000000000000000e+00 0.00000000000000000e+00
1.22070312500001735e-04 9.63615826741352267e-05
0.00000000000000000e+00 0.00000000000000000e+00
1.22070312500000705e-04 -1.54637987259288756e-04
0.00000000000000000e+00 0.00000000000000000e+00
1.22070312500000759e-04 3.45133173112184517e-05
0.00000000000000000e+00 0.00000000000000000e+00
1.22070312500001355e-04 -4.31751055961346255e-04
0.00000000000000000e+00 0.00000000000000000e+00
1.22070312499999038e-04 2.18305945541274798e-04
0.00000000000000000e+00 0.00000000000000000e+00
1.22070312500000217e-04 -6.82581555756585123e-05
0.00000000000000000e+00 0.00000000000000000e+00
1.22070312499999336e-04 9.68722174225246798e-06
0.00000000000000000e+00 0.00000000000000000e+00
1.22070312499998577e-04 -1.53822856442430004e-03
0.00000000000000000e+00 0.00000000000000000e+00
1.22070312499999743e-04 1.43114798416176203e-04
0.00000000000000000e+00 0.00000000000000000e+00
1.22070312499999770e-04 -1.04120338069551871e-04
0.00000000000000000e+00 0.00000000000000000e+00
1.22070312499997561e-04 6.22982078824871224e-05
0.00000000000000000e+00 0.00000000000000000e+00
1.22070312500000054e-04 -2.39190848346005497e-04
0.00000000000000000e+00 0.00000000000000000e+00
1.22070312499998984e-04 3.76528868144594675e-04
0.00000000000000000e+00 0.00000000000000000e+00
1.22070312499998089e-04 -3.95750829605072854e-05
0.00000000000000000e+00 0.00000000000000000e+00
1.22070312499999702e-04 -2.04826442438161093e-05
0.00000000000000000e+00 0.00000000000000000e+00
1.22070312499999973e-04 7.27501831134294498e-04
0.00000000000000000e+00 0.00000000000000000e+00
1.22070312499999065e-04 8.69910992619025248e-05
0.00000000000000000e+00 0.00000000000000000e+00
1.22070312499999932e-04 -1.71295239631184977e-04
0.00000000000000000e+00 0.00000000000000000e+00
1.22070312500001789e-04 2.81257270691064921e-05
0.00000000000000000e+00 0.00000000000000000e+00
1.22070312500001952e-04 -5.29805368488248324e-04
0.00000000000000000e+00 0.00000000000000000e+00
1.22070312499998699e-04 1.95162684494999526e-04
0.00000000000000000e+00 0.00000000000000000e+00
1.22070312500000976e-04 -7.63525119179709076e-05
0.00000000000000000e+00 0.00000000000000000e+00
1.22070312499999756e-04 3.67596075721130496e-06
0.00000000000000000e+00 0.00000000000000000e+00
1.22070312500002521e-04 -4.05367798462331463e-03
0.00000000000000000e+00 0.00000000000000000e+00
1.22070312499997899e-04 1.29650499760038481e-04
0.00000000000000000e+00 0.00000000000000000e+00
1.22070312500000000e-04 -1.14933310873675129e-04
0.00000000000000000e+00 0.00000000000000000e+00
1.22070312500000569e-04 5.49242321085602480e-05
0.00000000000000000e+00 0.00000000000000000e+00
1.22070312499999648e-04 -2.71303951312319529e-04
0.00000000000000000e+00 0.00000000000000000e+00
1.22070312500000352e-04 3.21772756432062341e-04
0.00000000000000000e+00 0.00000000000000000e+00
1.22070312500000244e-04 -4.63095799628216706e-05
0.00000000000000000e+00 0.00000000000000000e+00
1.22070312499997954e-04 -8.32223257001992127e-06
0.00000000000000000e+00 0.00000000000000000e+00
1.22070312499999092e-04 1.79052448588544444e-03
0.00000000000000000e+00 0.00000000000000000e+00
1.22070312499999417e-04 1.06488171205434894e-04
0.00000000000000000e+00 0.00000000000000000e+00
1.22070312500001762e-04 -1.39932548612379647e-04
0.00000000000000000e+00 0.00000000000000000e+00
1.22070312499998347e-04 4.10808514626893022e-05
0.00000000000000000e+00 0.00000000000000000e+00
1.22070312500000759e-04 -3.62727661752122147e-04
0.00000000000000000e+00 0.00000000000000000e+00
1.22070312499998563e-04 2.45907471349753786e-04
0.00000000000000000e+00 0.00000000000000000e+00
1.22070312499999702e-04 -6.05966183624153838e-05
0.00000000000000000e+00 0.00000000000000000e+00
1.22070312499999702e-04 1.57455371150898951e-05
0.00000000000000000e+00 0.00000000000000000e+00
1.22070312499999621e-04 -9.46373634950047971e-04
0.00000000000000000e+00 0.00000000000000000e+00
1.22070312500000379e-04 1.58224870629298440e-04
0.00000000000000000e+00 0.00000000000000000e+00
1.22070312499998360e-04 -9.41771109344706107e-05
0.00000000000000000e+00 0.00000000000000000e+00
1.22070312499999892e-04 7.00514492575213997e-05
0.00000000000000000e+00 0.00000000000000000e+00
1.22070312500000922e-04 -2.12717386318003998e-04
0.00000000000000000e+00 0.00000000000000000e+00
1.22070312500000786e-04 4.50843444741765150e-04
0.00000000000000000e+00 0.00000000000000000e+00
1.22070312499999255e-04 -3.30517419464367422e-05
0.00000000000000000e+00 0.00000000000000000e+00
1.22070312500001138e-04 -2.35764159990951491e-05
0.00000000000000000e+00 0.00000000000000000e+00
1.22070312499998984e-04 6.32036743600831725e-04
0.00000000000000000e+00 0.00000000000000000e+00
1.22070312499999959e-04 8.25502972096108591e-05
0.00000000000000000e+00 0.00000000000000000e+00
1.22070312499998414e-04 -1.80510085336349875e-04
0.00000000000000000e+00 0.00000000000000000e+00
1.22070312500000054e-04 2.49877347521607486e-05
0.00000000000000000e+00 0.00000000000000000e+00
1.22070312499998753e-04 -5.96339017587752093e-04
0.00000000000000000e+00 0.00000000000000000e+00
1.22070312500001301e-04 1.84908787963357959e-04
0.00000000000000000e+00 0.00000000000000000e+00
1.22070312499998279e-04 -8.05865494981276815e-05
0.00000000000000000e+00 0.00000000000000000e+00
1.22070312500001003e-04 6.78800985234551407e-07
0.00000000000000000e+00 0.00000000000000000e+00
1.22070312500002250e-04 -2.19521796785803538e-02
0.00000000000000000e+00 0.00000000000000000e+00
1.22070312500001138e-04 1.23435505953132445e-04
0.00000000000000000e+00 0.00000000000000000e+00
1.22070312500003849e-04 -1.20720218050597255e-04
0.00000000000000000e+00 0.00000000000000000e+00
1.22070312500000244e-04 5.13602798111852926e-05
0.00000000000000000e+00 0.00000000000000000e+00
1.22070312500000081e-04 -2.90130062543038445e-04
0.00000000000000000e+00 0.00000000000000000e+00
1.22070312500000298e-04 2.99402019705699628e-04
0.00000000000000000e+00 0.00000000000000000e+00
1.22070312499996490e-04 -4.97697417288467224e-05
0.00000000000000000e+00 0.00000000000000000e+00
1.22070312499999282e-04 -1.13378658237163710e-05
0.00000000000000000e+00 0.00000000000000000e+00
1.22070312499997168e-04 1.31428272529705349e-03
0.00000000000000000e+00 0.00000000000000000e+00
1.22070312500000027e-04 1.01321707106019436e-04
0.00000000000000000e+00 0.00000000000000000e+00
1.22070312500001464e-04 -1.47067806292045276e-04
0.00000000000000000e+00 0.00000000000000000e+00
1.22070312500001897e-04 3.77721406793565478e-05
0.00000000000000000e+00 0.00000000000000000e+00
1.22070312500002168e-04 -3.94501368623577961e-04
0.00000000000000000e+00 0.00000000000000000e+00
1.22070312500001870e-04 2.31464310422825213e-04
0.00000000000000000e+00 0.00000000000000000e+00
1.22070312499999864e-04 -6.43777918359309280e-05
0.00000000000000000e+00 0.00000000000000000e+00
1.22070312499998306e-04 1.27086377000262577e-05
0.00000000000000000e+00 0.00000000000000000e+00
1.22070312500003063e-04 -1.17252230692014669e-03
0.00000000000000000e+00 0.00000000000000000e+00
1.22070312499999471e-04 1.50441263810486956e-04
0.00000000000000000e+00 0.00000000000000000e+00
1.22070312499998821e-04 -9.90496943220262039e-05
0.00000000000000000e+00 0.00000000000000000e+00
1.22070312500001084e-04 6.61232790346290110e-05
0.00000000000000000e+00 0.00000000000000000e+00
1.22070312500002656e-04 -2.25354238498118482e-04
0.00000000000000000e+00 0.00000000000000000e+00
1.22070312499998116e-04 4.10617848814977509e-04
0.00000000000000000e+00 0.00000000000000000e+00
1.22070312499999878e-04 -3.62896090290540198e-05
0.00000000000000000e+00 0.00000000000000000e+00
1.22070312500000759e-04 -1.74142550894095594e-05
0.00000000000000000e+00 0.00000000000000000e+00
1.22070312500000190e-04 8.55687545481626064e-04
0.00000000000000000e+00 0.00000000000000000e+00
1.22070312499999228e-04 9.15900436436432739e-05
0.00000000000000000e+00 0.00000000000000000e+00
1.22070312500001924e-04 -1.62694116096558268e-04
0.00000000000000000e+00 0.00000000000000000e+00
1.22070312499999444e-04 3.12994192122144073e-05
0.00000000000000000e+00 0.00000000000000000e+00
1.22070312500001735e-04 -4.76084271494491755e-04
0.00000000000000000e+00 0.00000000000000000e+00
1.22070312500000190e-04 2.06254344317114189e-04
0.00000000000000000e+00 0.00000000000000000e+00
1.22070312500001816e-04 -7.22465325187893312e-05
0.00000000000000000e+00 0.00000000000000000e+00
1.22070312500000651e-04 6.67755507340576372e-06
0.00000000000000000e+00 0.00000000000000000e+00
1.22070312499999729e-04 -2.23152950893559148e-03
0.00000000000000000e+00 0.00000000000000000e+00
1.22070312500000244e-04 1.36198256969394358e-04
0.00000000000000000e+00 0.00000000000000000e+00
1.22070312500000569e-04 -1.09407870008177403e-04
0.00000000000000000e+00 0.00000000000000000e+00
1.22070312500002602e-04 5.85677942140152227e-05
0.00000000000000000e+00 0.00000000000000000e+00
1.22070312500000434e-04 -2.54425856288809516e-04
0.00000000000000000e+00 0.00000000000000000e+00
1.22070312500000081e-04 3.47238987226983632e-04
0.00000000000000000e+00 0.00000000000000000e+00
1.22070312500000732e-04 -4.29132722475863054e-05
0.00000000000000000e+00 0.00000000000000000e+00
1.22070312500000434e-04 -5.31667650047696695e-06
0.00000000000000000e+00 0.00000000000000000e+00
1.22070312499999349e-04 2.80272105939004864e-03
0.00000000000000000e+00 0.00000000000000000e+00
1.22070312499998848e-04 1.11880757554600775e-04
0.00000000000000000e+00 0.00000000000000000e+00
1.22070312500000705e-04 -1.33187882523724805e-04
0.00000000000000000e+00 0.00000000000000000e+00
1.22070312500000515e-04 4.44446871835074816e-05
0.00000000000000000e+00 0.00000000000000000e+00
1.22070312499999092e-04 -3.35274295717788407e-04
0.00000000000000000e+00 0.00000000000000000e+00
1.22070312500002223e-04 2.61853453217649867e-04
0.00000000000000000e+00 0.00000000000000000e+00
1.22070312500000271e-04 -5.69064910572762833e-05
0.00000000000000000e+00 0.00000000000000000e+00
1.22070312499998929e-04 1.88017300873712879e-05
0.00000000000000000e+00 0.00000000000000000e+00
1.22070312500000108e-04 -7.92542022707560579e-04
0.00000000000000000e+00 0.00000000000000000e+00
1.22070312499998834e-04 1.66520096038918868e-04
0.00000000000000000e+00 0.00000000000000000e+00
1.22070312499997940e-04 -8.94856629818726630e-05
0.00000000000000000e+00 0.00000000000000000e+00
1.22070312499999919e-04 7.40918771738442679e-05
0.00000000000000000e+00 0.00000000000000000e+00
1.22070312500001057e-04 -2.01117339204197478e-04
0.00000000000000000e+00 0.00000000000000000e+00
1.22070312500000298e-04 4.99090469111567836e-04
0.00000000000000000e+00 0.00000000000000000e+00
1.22070312500000081e-04 -2.98566334483869585e-05
0.00000000000000000e+00 0.00000000000000000e+00
1.22070312499999228e-04 -2.51340941283270881e-05
0.00000000000000000e+00 0.00000000000000000e+00
1.22070312499998198e-04 5.92866451353624884e-04
0.00000000000000000e+00 0.00000000000000000e+00
1.22070312500000407e-04 8.03850559927581294e-05
0.00000000000000000e+00 0.00000000000000000e+00
1.22070312500000623e-04 -1.85372281076598736e-04
0.00000000000000000e+00 0.00000000000000000e+00
1.22070312499998984e-04 2.34307694240131072e-05
0.00000000000000000e+00 0.00000000000000000e+00
1.22070312500002982e-04 -6.35965508609181410e-04
0.00000000000000000e+00 0.00000000000000000e+00
1.22070312500000759e-04 1.80063309152498279e-04
0.00000000000000000e+00 0.00000000000000000e+00
1.22070312499998265e-04 -8.27551224287881797e-05
0.00000000000000000e+00 0.00000000000000000e+00
1.22070312500000542e-04 -8.19246423976741301e-07
0.00000000000000000e+00 0.00000000000000000e+00
1.22070312499991963e-04 1.81888632744980454e-02
0.00000000000000000e+00 0.00000000000000000e+00
1.22070312500002006e-04 1.20442742707006569e-04
0.00000000000000000e+00 0.00000000000000000e+00
1.22070312499999200e-04 -1.23719876008610322e-04
0.00000000000000000e+00 0.00000000000000000e+00
1.22070312500002141e-04 4.96060328804296809e-05
0.00000000000000000e+00 0.00000000000000000e+00
1.22070312499999309e-04 -3.00390100328430014e-04
0.00000000000000000e+00 0.00000000000000000e+00
1.22070312500001626e-04 2.89198833404084193e-04
0.00000000000000000e+00 0.00000000000000000e+00
1.22070312499997479e-04 -5.15256614919567700e-05
0.00000000000000000e+00 0.00000000000000000e+00
1.22070312500000623e-04 -1.28506170949296083e-05
0.00000000000000000e+00 0.00000000000000000e+00
1.22070312500000081e-04 1.15956775334375220e-03
0.00000000000000000e+00 0.00000000000000000e+00
1.22070312500000163e-04 9.88170062960576009e-05
0.00000000000000000e+00 0.00000000000000000e+00
1.22070312500001572e-04 -1.50795513367444267e-04
0.00000000000000000e+00 0.00000000000000000e+00
1.22070312499999133e-04 3.61368092600551820e-05
0.00000000000000000e+00 0.00000000000000000e+00
1.22070312499999404e-04 -4.12354092654190557e-04
0.00000000000000000e+00 0.00000000000000000e+00
1.22070312499999607e-04 2.24736477216006550e-04
0.00000000000000000e+00 0.00000000000000000e+00
1.22070312500000054e-04 -6.63050403674567151e-05
0.00000000000000000e+00 0.00000000000000000e+00
1.22070312500002954e-04 1.11962292316295711e-05
0.00000000000000000e+00 0.00000000000000000e+00
1.22070312500000108e-04 -1.33090890562985367e-03
0.00000000000000000e+00 0.00000000000000000e+00
1.22070312500000163e-04 1.46723994602035955e-04
0.00000000000000000e+00 0.00000000000000000e+00
1.22070312499999011e-04 -1.01559129672447660e-04
0.00000000000000000e+00 0.00000000000000000e+00
1.22070312499999919e-04 6.41983994738123303e-05
0.00000000000000000e+00 0.00000000000000000e+00
1.22070312500001382e-04 -2.32111101148654598e-04
0.00000000000000000e+00 0.00000000000000000e+00
1.22070312500000515e-04 3.92900090745686148e-04
0.00000000000000000e+00 0.00000000000000000e+00
1.22070312499999878e-04 -3.79260823421206258e-05
0.00000000000000000e+00 0.00000000000000000e+00
1.22070312499998713e-04 -1.89455274742751744e-05
0.00000000000000000e+00 0.00000000000000000e+00
1.22070312499999119e-04 7.86526593893028137e-04
0.00000000000000000e+00 0.00000000000000000e+00
1.22070312499999729e-04 8.92699340505461798e-05
0.00000000000000000e+00 0.00000000000000000e+00
1.22070312499999729e-04 -1.66922507026953502e-04
0.00000000000000000e+00 0.00000000000000000e+00
1.22070312500001030e-04 2.97078336961994498e-05
0.00000000000000000e+00 0.00000000000000000e+00
1.22070312499998889e-04 -5.01590299253402983e-04
0.00000000000000000e+00 0.00000000000000000e+00
1.22070312500000840e-04 2.00596670604717442e-04
0.00000000000000000e+00 0.00000000000000000e+00
1.22070312499999011e-04 -7.42841900063787497e-05
0.00000000000000000e+00 0.00000000000000000e+00
1.22070312500000867e-04 5.17597694236989132e-06
0.00000000000000000e+00 0.00000000000000000e+00
1.22070312499999322e-04 -2.87890795491465689e-03
0.00000000000000000e+00 0.00000000000000000e+00
1.22070312499997750e-04 1.32880641671793894e-04
0.00000000000000000e+00 0.00000000000000000e+00
1.22070312500000271e-04 -1.12139443385985958e-04
0.00000000000000000e+00 0.00000000000000000e+00
1.22070312500001274e-04 5.67356217710946446e-05
0.00000000000000000e+00 0.00000000000000000e+00
1.22070312499999810e-04 -2.62642070866301756e-04
0.00000000000000000e+00 0.00000000000000000e+00
1.22070312500000922e-04 3.34078206077289424e-04
0.00000000000000000e+00 0.00000000000000000e+00
1.22070312499999377e-04 -4.46038110920634264e-05
0.00000000000000000e+00 0.00000000000000000e+00
1.22070312499999864e-04 -6.81842438511992087e-06
0.00000000000000000e+00 0.00000000000000000e+00
1.22070312500001166e-04 2.18542589199470462e-03
0.00000000000000000e+00 0.00000000000000000e+00
1.22070312499999607e-04 1.09154875269964449e-04
0.00000000000000000e+00 0.00000000000000000e+00
1.22070312500000108e-04 -1.36513931759747915e-04
0.00000000000000000e+00 0.00000000000000000e+00
1.22070312499999932e-04 4.27555396472124074e-05
0.00000000000000000e+00 0.00000000000000000e+00
1.22070312499999390e-04 -3.48520012068639278e-04
0.00000000000000000e+00 0.00000000000000000e+00
1.22070312499998767e-04 2.53677121625670748e-04
0.00000000000000000e+00 0.00000000000000000e+00
1.22070312500000081e-04 -5.87406585913424962e-05
0.00000000000000000e+00 0.00000000000000000e+00
1.22070312499999932e-04 1.72709802825267721e-05
0.00000000000000000e+00 0.00000000000000000e+00
1.22070312500000623e-04 -8.62786069469583233e-04
0.00000000000000000e+00 0.00000000000000000e+00
1.22070312499999770e-04 1.62304804756005267e-04
0.00000000000000000e+00 0.00000000000000000e+00
1.22070312499999363e-04 -9.18097354927266873e-05
0.00000000000000000e+00 0.00000000000000000e+00
1.22070312500000081e-04 7.20570281267142600e-05
0.00000000000000000e+00 0.00000000000000000e+00
1.22070312500000054e-04 -2.06796777236553550e-04
0.00000000000000000e+00 0.00000000000000000e+00
1.22070312500000027e-04 4.73817815247369308e-04
0.00000000000000000e+00 0.00000000000000000e+00
1.22070312499999417e-04 -3.14491365970867131e-05
0.00000000000000000e+00 0.00000000000000000e+00
1.22070312499998984e-04 -2.20261046715049015e-05
0.00000000000000000e+00 0.00000000000000000e+00
1.22070312500000352e-04 6.76522763152259091e-04
0.00000000000000000e+00 0.00000000000000000e+00
1.22070312500000705e-04 8.47517790737543637e-05
0.00000000000000000e+00 0.00000000000000000e+00
1.22070312500000108e-04 -1.75821219999164878e-04
0.00000000000000000e+00 0.00000000000000000e+00
1.22070312499999485e-04 2.65525424962150738e-05
0.00000000000000000e+00 0.00000000000000000e+00
1.22070312499998076e-04 -5.61195267683737707e-04
0.00000000000000000e+00 0.00000000000000000e+00
1.22070312500001545e-04 1.89937834115174765e-04
0.00000000000000000e+00 0.00000000000000000e+00
1.22070312499997113e-04 -7.84528330717502558e-05
0.00000000000000000e+00 0.00000000000000000e+00
1.22070312500001301e-04 2.17705287372651490e-06
0.00000000000000000e+00 0.00000000000000000e+00
1.22070312500000705e-04 -6.84464827367499678e-03
0.00000000000000000e+00 0.00000000000000000e+00
1.22070312500001003e-04 1.26503481227798880e-04
0.00000000000000000e+00 0.00000000000000000e+00
1.22070312500003171e-04 -1.17792499061857540e-04
0.00000000000000000e+00 0.00000000000000000e+00
1.22070312499997547e-04 5.31327370825739300e-05
0.00000000000000000e+00 0.00000000000000000e+00
1.22070312500001545e-04 -2.80451601254599089e-04
0.00000000000000000e+00 0.00000000000000000e+00
1.22070312499999349e-04 3.10238514830215087e-04
0.00000000000000000e+00 0.00000000000000000e+00
1.22070312500001301e-04 -4.80313064997838269e-05
0.00000000000000000e+00 0.00000000000000000e+00
1.22070312500000461e-04 -9.82855928684294953e-06
0.00000000000000000e+00 0.00000000000000000e+00
1.22070312499999228e-04 1.51610838974123663e-03
0.00000000000000000e+00 0.00000000000000000e+00
1.22070312500000705e-04 1.03877961233975048e-04
0.00000000000000000e+00 0.00000000000000000e+00
1.22070312499998428e-04 -1.43448725955300444e-04
0.00000000000000000e+00 0.00000000000000000e+00
1.22070312499999919e-04 3.94199396562600992e-05
0.00000000000000000e+00 0.00000000000000000e+00
1.22070312500002575e-04 -3.78010756073826832e-04
0.00000000000000000e+00 0.00000000000000000e+00
1.22070312499999892e-04 2.38512723756111679e-04
0.00000000000000000e+00 0.00000000000000000e+00
1.22070312500000759e-04 -6.24753302850392686e-05
0.00000000000000000e+00 0.00000000000000000e+00
1.22070312499999946e-04 1.42249158478700167e-05
0.00000000000000000e+00 0.00000000000000000e+00
1.22070312500000163e-04 -1.04753949711978967e-03
0.00000000000000000e+00 0.00000000000000000e+00
1.22070312499998821e-04 1.54272705494791767e-04
0.00000000000000000e+00 0.00000000000000000e+00
1.22070312499998984e-04 -9.65897444143197438e-05
0.00000000000000000e+00 0.00000000000000000e+00
1.22070312500000407e-04 6.80739221819942842e-05
0.00000000000000000e+00 0.00000000000000000e+00
1.22070312499998902e-04 -2.18896762757542077e-04
0.00000000000000000e+00 0.00000000000000000e+00
1.22070312499999431e-04 4.29861440940903117e-04
0.00000000000000000e+00 0.00000000000000000e+00
1.22070312500002412e-04 -3.46650333680348580e-05
0.00000000000000000e+00 0.00000000000000000e+00
1.22070312500000136e-04 -1.58883351138929182e-05
0.00000000000000000e+00 0.00000000000000000e+00
1.22070312500000786e-04 9.37868007379650723e-04
0.00000000000000000e+00 0.00000000000000000e+00
1.22070312500000054e-04 9.39532779247431965e-05
0.00000000000000000e+00 0.00000000000000000e+00
1.22070312499999051e-04 -1.58601823406136265e-04
0.00000000000000000e+00 0.00000000000000000e+00
1.22070312499997859e-04 3.29010528910369707e-05
0.00000000000000000e+00 0.00000000000000000e+00
1.22070312500000542e-04 -4.52908338319708641e-04
0.00000000000000000e+00 0.00000000000000000e+00
1.22070312499996625e-04 2.12151621363619461e-04
0.00000000000000000e+00 0.00000000000000000e+00
1.22070312499998577e-04 -7.02382621356805538e-05
0.00000000000000000e+00 0.00000000000000000e+00
1.22070312500000623e-04 8.18115068201712462e-06
0.00000000000000000e+00 0.00000000000000000e+00
1.22070312500001924e-04 -1.82140163077531940e-03
0.00000000000000000e+00 0.00000000000000000e+00
1.22070312499999268e-04 1.39607988683087257e-04
0.00000000000000000e+00 0.00000000000000000e+00
1.22070312500000976e-04 -1.06735734354523765e-04
0.00000000000000000e+00 0.00000000000000000e+00
1.22070312499998889e-04 6.04216707489822115e-05
0.00000000000000000e+00 0.00000000000000000e+00
1.22070312500002683e-04 -2.46619482863259039e-04
0.00000000000000000e+00 0.00000000000000000e+00
1.22070312499996856e-04 3.61351893427227047e-04
0.00000000000000000e+00 0.00000000000000000e+00
1.22070312500000705e-04 -4.12372578223351349e-05
0.00000000000000000e+00 0.00000000000000000e+00
1.22070312499999770e-04 -3.81653317906934403e-06
0.00000000000000000e+00 0.00000000000000000e+00
1.22070312499998848e-04 3.90437092898044064e-03
0.00000000000000000e+00 0.00000000000000000e+00
1.22070312500000786e-04 1.14668659129109685e-04
0.00000000000000000e+00 0.00000000000000000e+00
1.22070312500000190e-04 -1.29949729132787295e-04
0.00000000000000000e+00 0.00000000000000000e+00
1.22070312500001545e-04 4.61489976798088025e-05
0.00000000000000000e+00 0.00000000000000000e+00
1.22070312499998943e-04 -3.22892412468737467e-04
0.00000000000000000e+00 0.00000000000000000e+00
1.22070312499998496e-04 2.70471919655462291e-04
0.00000000000000000e+00 0.00000000000000000e+00
1.22070312499999986e-04 -5.50931912371137395e-05
0.00000000000000000e+00 0.00000000000000000e+00
1.22070312500000569e-04 2.03382778543914869e-05
0.00000000000000000e+00 0.00000000000000000e+00
1.22070312500001166e-04 -7.32665828470308381e-04
0.00000000000000000e+00 0.00000000000000000e+00
1.22070312499999282e-04 1.70878929019787192e-04
0.00000000000000000e+00 0.00000000000000000e+00
1.22070312500000651e-04 -8.72030347996983454e-05
0.00000000000000000e+00 0.00000000000000000e+00
1.22070312500000623e-04 7.61572685091000957e-05
0.00000000000000000e+00 0.00000000000000000e+00
1.22070312499999932e-04 -1.95663020556827128e-04
0.00000000000000000e+00 0.00000000000000000e+00
1.22070312500002006e-04 5.27033292863254800e-04
0.00000000000000000e+00 0.00000000000000000e+00
1.22070312499999932e-04 -2.82736620164799334e-05
0.00000000000000000e+00 0.00000000000000000e+00
1.22070312499999892e-04 -2.70923525338259508e-05
0.00000000000000000e+00 0.00000000000000000e+00
1.22070312499999702e-04 5.50013557340357914e-04
0.00000000000000000e+00 0.00000000000000000e+00
1.22070312500001924e-04 7.77271527768332406e-05
0.00000000000000000e+00 0.00000000000000000e+00
1.22070312500000949e-04 -1.91711141621657091e-04
0.00000000000000000e+00 0.00000000000000000e+00
1.22070312500000081e-04 2.14947932172179711e-05
0.00000000000000000e+00 0.00000000000000000e+00
1.22070312500000163e-04 -6.93245152128775391e-04
0.00000000000000000e+00 0.00000000000000000e+00
1.22070312499999471e-04 1.74247544968898554e-04
0.00000000000000000e+00 0.00000000000000000e+00
1.22070312499999092e-04 -8.55171944976738002e-05
0.00000000000000000e+00 0.00000000000000000e+00
1.22070312500000732e-04 -2.69220563757393538e-06
0.00000000000000000e+00 0.00000000000000000e+00
1.22070312499996436e-04 5.53492682203510136e-03
0.00000000000000000e+00 0.00000000000000000e+00
1.22070312499997832e-04 1.16802089504840941e-04
0.00000000000000000e+00 0.00000000000000000e+00
1.22070312500001084e-04 -1.27576152592969659e-04
0.00000000000000000e+00 0.00000000000000000e+00
1.22070312500000678e-04 4.74376168276945194e-05
0.00000000000000000e+00 0.00000000000000000e+00
1.22070312500000461e-04 -3.14121201492314041e-04
0.00000000000000000e+00 0.00000000000000000e+00
1.22070312499999919e-04 2.77249611820442861e-04
0.00000000000000000e+00 0.00000000000000000e+00
1.22070312499999837e-04 -5.37463735152074145e-05
0.00000000000000000e+00 0.00000000000000000e+00
1.22070312500000407e-04 -1.47471154639519944e-05
0.00000000000000000e+00 0.00000000000000000e+00
1.22070312500000136e-04 1.01044582110128203e-03
0.00000000000000000e+00 0.00000000000000000e+00
1.22070312500002033e-04 9.57551709285270770e-05
0.00000000000000000e+00 0.00000000000000000e+00
1.22070312500000244e-04 -1.55617300343708492e-04
0.00000000000000000e+00 0.00000000000000000e+00
1.22070312500001409e-04 3.41092221889258764e-05
0.00000000000000000e+00 0.00000000000000000e+00
1.22070312500003524e-04 -4.36866050809133323e-04
0.00000000000000000e+00 0.00000000000000000e+00
1.22070312499999390e-04 2.16742249762470328e-04
0.00000000000000000e+00 0.00000000000000000e+00
1.22070312500000271e-04 -6.87506068160580587e-05
0.00000000000000000e+00 0.00000000000000000e+00
1.22070312500000461e-04 9.31044675054265103e-06
0.00000000000000000e+00 0.00000000000000000e+00
1.22070312500000786e-04 -1.60047757031392900e-03
0.00000000000000000e+00 0.00000000000000000e+00
1.22070312500002033e-04 1.42228710823722821e-04
0.00000000000000000e+00 0.00000000000000000e+00
1.22070312499999200e-04 -1.04769009769878021e-04
0.00000000000000000e+00 0.00000000000000000e+00
1.22070312499999295e-04 6.18268954757663741e-05
0.00000000000000000e+00 0.00000000000000000e+00
1.22070312499998618e-04 -2.41014223327590829e-04
0.00000000000000000e+00 0.00000000000000000e+00
1.22070312499999390e-04 3.72628093729285954e-04
0.00000000000000000e+00 0.00000000000000000e+00
1.22070312500000922e-04 -3.99893659243884933e-05
0.00000000000000000e+00 0.00000000000000000e+00
1.22070312500000352e-04 -2.08678949600729474e-05
0.00000000000000000e+00 0.00000000000000000e+00
1.22070312499999336e-04 7.14071123242627625e-04
0.00000000000000000e+00 0.00000000000000000e+00
1.22070312499999648e-04 8.64276315925219257e-05
0.00000000000000000e+00 0.00000000000000000e+00
1.22070312500001437e-04 -1.72412004347194847e-04
0.00000000000000000e+00 0.00000000000000000e+00
1.22070312500000569e-04 2.77316159733309925e-05
0.00000000000000000e+00 0.00000000000000000e+00
1.22070312500000623e-04 -5.37334759293460994e-04
0.00000000000000000e+00 0.00000000000000000e+00
1.22070312500000515e-04 1.93837406017924801e-04
0.00000000000000000e+00 0.00000000000000000e+00
1.22070312499999038e-04 -7.68745388207977632e-05
0.00000000000000000e+00 0.00000000000000000e+00
1.22070312499999837e-04 3.30114756993106551e-06
0.00000000000000000e+00 0.00000000000000000e+00
1.22070312500003198e-04 -4.51393367856939114e-03
0.00000000000000000e+00 0.00000000000000000e+00
1.22070312499998713e-04 1.28856116133588912e-04
0.00000000000000000e+00 0.00000000000000000e+00
1.22070312499999580e-04 -1.15641861953989547e-04
0.00000000000000000e+00 0.00000000000000000e+00
1.22070312499998916e-04 5.44745272219231900e-05
0.00000000000000000e+00 0.00000000000000000e+00
1.22070312500000027e-04 -2.73543653405965571e-04
0.00000000000000000e+00 0.00000000000000000e+00
1.22070312500000840e-04 3.18819933320714684e-04
0.00000000000000000e+00 0.00000000000000000e+00
1.22070312500000352e-04 -4.67384866392833598e-05
0.00000000000000000e+00 0.00000000000000000e+00
1.22070312499999458e-04 -8.69856017437298819e-06
0.00000000000000000e+00 0.00000000000000000e+00
1.22070312499999756e-04 1.71306065545766381e-03
0.00000000000000000e+00 0.00000000000000000e+00
1.22070312500000325e-04 1.05830423953591832e-04
0.00000000000000000e+00 0.00000000000000000e+00
1.22070312500000434e-04 -1.40802244167349897e-04
0.00000000000000000e+00 0.00000000000000000e+00
1.22070312499999512e-04 4.06643582184322008e-05
0.00000000000000000e+00 0.00000000000000000e+00
1.22070312500000163e-04 -3.66442797739579391e-04
0.00000000000000000e+00 0.00000000000000000e+00
1.22070312500001681e-04 2.44024804874530245e-04
0.00000000000000000e+00 0.00000000000000000e+00
1.22070312499999417e-04 -6.10641250241328754e-05
0.00000000000000000e+00 0.00000000000000000e+00
1.22070312499999065e-04 1.53649485445211954e-05
0.00000000000000000e+00 0.00000000000000000e+00
1.22070312500000190e-04 -9.69815235675483751e-04
0.00000000000000000e+00 0.00000000000000000e+00
1.22070312499997994e-04 1.57225135104024065e-04
0.00000000000000000e+00 0.00000000000000000e+00
1.22070312499998184e-04 -9.47759477769795654e-05
0.00000000000000000e+00 0.00000000000000000e+00
1.22070312499999919e-04 6.95544840923347727e-05
0.00000000000000000e+00 0.00000000000000000e+00
1.22070312500001599e-04 -2.14237247077645929e-04
0.00000000000000000e+00 0.00000000000000000e+00
1.22070312499998279e-04 4.45421875880775450e-04
0.00000000000000000e+00 0.00000000000000000e+00
1.22070312500000271e-04 -3.34540398681170494e-05
0.00000000000000000e+00 0.00000000000000000e+00
1.22070312499997899e-04 -2.39651245409398931e-05
0.00000000000000000e+00 0.00000000000000000e+00
1.22070312500001111e-04 6.21785260009384707e-04
0.00000000000000000e+00 0.00000000000000000e+00
1.22070312499997222e-04 8.20056500989938144e-05
0.00000000000000000e+00 0.00000000000000000e+00
1.22070312500000569e-04 -1.81708957564012121e-04
0.00000000000000000e+00 0.00000000000000000e+00
1.22070312500000027e-04 2.45977788426279965e-05
0.00000000000000000e+00 0.00000000000000000e+00
1.22070312499997533e-04 -6.05792957534157395e-04
0.00000000000000000e+00 0.00000000000000000e+00
1.22070312499998116e-04 1.83680664410630059e-04
0.00000000000000000e+00 0.00000000000000000e+00
1.22070312499999905e-04 -8.11253663615627029e-05
0.00000000000000000e+00 0.00000000000000000e+00
1.22070312500006776e-04 3.04287590724739309e-07
0.00000000000000000e+00 0.00000000000000000e+00
1.22070312500016588e-04 -4.89706502915543684e-02
0.00000000000000000e+00 0.00000000000000000e+00
1.22070312499996327e-04 1.22680408482328811e-04
0.00000000000000000e+00 0.00000000000000000e+00
1.22070312499999282e-04 -1.21463250556373798e-04
0.00000000000000000e+00 0.00000000000000000e+00
1.22070312499999106e-04 5.09200425569876855e-05
0.00000000000000000e+00 0.00000000000000000e+00
1.22070312500004960e-04 -2.92638427730535465e-04
0.00000000000000000e+00 0.00000000000000000e+00
1.22070312499995826e-04 2.96794189511920769e-04
0.00000000000000000e+00 0.00000000000000000e+00
1.22070312500001328e-04 -5.02070516217077448e-05
0.00000000000000000e+00 0.00000000000000000e+00
1.22070312499999959e-04 -1.17157124490597176e-05
0.00000000000000000e+00 0.00000000000000000e+00
1.22070312499995812e-04 1.27189543603433157e-03
0.00000000000000000e+00 0.00000000000000000e+00
1.22070312500002250e-04 1.00690789782865436e-04
0.00000000000000000e+00 0.00000000000000000e+00
1.22070312500000217e-04 -1.47989316857886373e-04
0.00000000000000000e+00 0.00000000000000000e+00
1.22070312500001897e-04 3.73621638111728706e-05
0.00000000000000000e+00 0.00000000000000000e+00
1.22070312500004337e-04 -3.98830251619213883e-04
0.00000000000000000e+00 0.00000000000000000e+00
1.22070312499999349e-04 2.29753246968554921e-04
0.00000000000000000e+00 0.00000000000000000e+00
1.22070312499999837e-04 -6.48572387570540369e-05
0.00000000000000000e+00 0.00000000000000000e+00
1.22070312500000217e-04 1.23301911855177741e-05
0.00000000000000000e+00 0.00000000000000000e+00
1.22070312500000542e-04 -1.20851014957101626e-03
0.00000000000000000e+00 0.00000000000000000e+00
1.22070312500000298e-04 1.49501488503303337e-04
0.00000000000000000e+00 0.00000000000000000e+00
1.22070312500000678e-04 -9.96723266305048737e-05
0.00000000000000000e+00 0.00000000000000000e+00
1.22070312500001409e-04 6.56396865680593759e-05
0.00000000000000000e+00 0.00000000000000000e+00
1.22070312500003361e-04 -2.27014508644814925e-04
0.00000000000000000e+00 0.00000000000000000e+00
1.22070312499996219e-04 4.06052881165075647e-04
0.00000000000000000e+00 0.00000000000000000e+00
1.22070312500000949e-04 -3.66975876420114856e-05
0.00000000000000000e+00 0.00000000000000000e+00
1.22070312499998726e-04 -1.77965522980088307e-05
0.00000000000000000e+00 0.00000000000000000e+00
1.22070312500001653e-04 8.37306066047202981e-04
0.00000000000000000e+00 0.00000000000000000e+00
1.22070312499998821e-04 9.10060471562720944e-05
0.00000000000000000e+00 0.00000000000000000e+00
1.22070312499999011e-04 -1.63738143337442118e-04
0.00000000000000000e+00 0.00000000000000000e+00
1.22070312499999119e-04 3.09006032757975208e-05
0.00000000000000000e+00 0.00000000000000000e+00
1.22070312499999743e-04 -4.82228811549426529e-04
0.00000000000000000e+00 0.00000000000000000e+00
1.22070312500001870e-04 2.04818109556998784e-04
0.00000000000000000e+00 0.00000000000000000e+00
1.22070312499999932e-04 -7.27531429036122287e-05
0.00000000000000000e+00 0.00000000000000000e+00
1.22070312500000027e-04 6.30198923378373098e-06
0.00000000000000000e+00 0.00000000000000000e+00
1.22070312500001274e-04 -2.36451708199772025e-03
0.00000000000000000e+00 0.00000000000000000e+00
1.22070312499999377e-04 1.35360403838208457e-04
0.00000000000000000e+00 0.00000000000000000e+00
1.22070312499999349e-04 -1.10085082278998882e-04
0.00000000000000000e+00 0.00000000000000000e+00
1.22070312500000271e-04 5.81077529188346308e-05
0.00000000000000000e+00 0.00000000000000000e+00
1.22070312499999119e-04 -2.56440155492880918e-04
0.00000000000000000e+00 0.00000000000000000e+00
1.22070312499999024e-04 3.43863549166017373e-04
0.00000000000000000e+00 0.00000000000000000e+00
1.22070312499999431e-04 -4.33345180958775897e-05
0.00000000000000000e+00 0.00000000000000000e+00
1.22070312499998943e-04 -5.69194527899987052e-06
0.00000000000000000e+00 0.00000000000000000e+00
1.22070312499998401e-04 2.61793823788616107e-03
0.00000000000000000e+00 0.00000000000000000e+00
1.22070312499998848e-04 1.11193586446172362e-04
0.00000000000000000e+00 0.00000000000000000e+00
1.22070312499999255e-04 -1.34010977342305366e-04
0.00000000000000000e+00 0.00000000000000000e+00
1.22070312500002900e-04 4.40210066210158329e-05
0.00000000000000000e+00 0.00000000000000000e+00
1.22070312500000840e-04 -3.38501146103590438e-04
0.00000000000000000e+00 0.00000000000000000e+00
1.22070312500000081e-04 2.59769372710064877e-04
0.00000000000000000e+00 0.00000000000000000e+00
1.22070312499998360e-04 -5.73630410636573974e-05
0.00000000000000000e+00 0.00000000000000000e+00
1.22070312500003171e-04 1.84185183881939046e-05
0.00000000000000000e+00 0.00000000000000000e+00
1.22070312500001653e-04 -8.09031480154181809e-04
0.00000000000000000e+00 0.00000000000000000e+00
1.22070312500001464e-04 1.65453146626510117e-04
0.00000000000000000e+00 0.00000000000000000e+00
1.22070312499997981e-04 -9.00627246907866611e-05
0.00000000000000000e+00 0.00000000000000000e+00
1.22070312499998523e-04 7.35803522139846458e-05
0.00000000000000000e+00 0.00000000000000000e+00
1.22070312499999119e-04 -2.02515491506651739e-04
0.00000000000000000e+00 0.00000000000000000e+00
1.22070312499999336e-04 4.92537788061604286e-04
0.00000000000000000e+00 0.00000000000000000e+00
1.22070312500002521e-04 -3.02538435730835889e-05
0.00000000000000000e+00 0.00000000000000000e+00
1.22070312499998198e-04 -2.55247260628197251e-05
0.00000000000000000e+00 0.00000000000000000e+00
1.22070312500001084e-04 5.83793187718197526e-04
0.00000000000000000e+00 0.00000000000000000e+00
1.22070312500000298e-04 7.98492281423562850e-05
0.00000000000000000e+00 0.00000000000000000e+00
1.22070312499999553e-04 -1.86616220851653931e-04
0.00000000000000000e+00 0.00000000000000000e+00
1.22070312500000840e-04 2.30426918101233587e-05
0.00000000000000000e+00 0.00000000000000000e+00
1.22070312500001653e-04 -6.46676235425815127e-04
0.00000000000000000e+00 0.00000000000000000e+00
1.22070312500000461e-04 1.78879282977273564e-04
0.00000000000000000e+00 0.00000000000000000e+00
1.22070312499998455e-04 -8.33028897803714084e-05
0.00000000000000000e+00 0.00000000000000000e+00
1.22070312499999892e-04 -1.19377920715682282e-06
0.00000000000000000e+00 0.00000000000000000e+00
1.22070312499994986e-04 1.24823427184040155e-02
0.00000000000000000e+00 0.00000000000000000e+00
1.22070312499998089e-04 1.19705876939642125e-04
0.00000000000000000e+00 0.00000000000000000e+00
1.22070312500000271e-04 -1.24481450491867703e-04
0.00000000000000000e+00 0.00000000000000000e+00
1.22070312499999485e-04 4.91702222188974158e-05
0.00000000000000000e+00 0.00000000000000000e+00
1.22070312500001328e-04 -3.03052549315519068e-04
0.00000000000000000e+00 0.00000000000000000e+00
1.22070312500000732e-04 2.86740187909230719e-04
0.00000000000000000e+00 0.00000000000000000e+00
1.22070312499999661e-04 -5.19674667945940459e-05
0.00000000000000000e+00 0.00000000000000000e+00
1.22070312499998347e-04 -1.32293980266402199e-05
0.00000000000000000e+00 0.00000000000000000e+00
1.22070312500000922e-04 1.12636728926299667e-03
0.00000000000000000e+00 0.00000000000000000e+00
1.22070312500000623e-04 9.81986169137641162e-05
0.00000000000000000e+00 0.00000000000000000e+00
1.22070312500001328e-04 -1.51745122916887014e-04
0.00000000000000000e+00 0.00000000000000000e+00
1.22070312499999743e-04 3.57298504946037626e-05
0.00000000000000000e+00 0.00000000000000000e+00
1.22070312499999580e-04 -4.17050756932173055e-04
0.00000000000000000e+00 0.00000000000000000e+00
1.22070312499998401e-04 2.23101831538705477e-04
0.00000000000000000e+00 0.00000000000000000e+00
1.22070312499998699e-04 -6.67908510256330098e-05
0.00000000000000000e+00 0.00000000000000000e+00
1.22070312499999336e-04 1.08186767304311876e-05
0.00000000000000000e+00 0.00000000000000000e+00
1.22070312499999715e-04 -1.37735525010492183e-03
0.00000000000000000e+00 0.00000000000000000e+00
1.22070312500000298e-04 1.45811792617301576e-04
0.00000000000000000e+00 0.00000000000000000e+00
1.22070312499999621e-04 -1.02194485962856115e-04
0.00000000000000000e+00 0.00000000000000000e+00
1.22070312499999349e-04 6.37210781505376857e-05
0.00000000000000000e+00 0.00000000000000000e+00
1.22070312500000759e-04 -2.33849797058436102e-04
0.00000000000000000e+00 0.00000000000000000e+00
1.22070312499999661e-04 3.88687415856882323e-04
0.00000000000000000e+00 0.00000000000000000e+00
1.22070312499999146e-04 -3.83371330944630586e-05
0.00000000000000000e+00 0.00000000000000000e+00
1.22070312500000434e-04 -1.93292393825300108e-05
0.00000000000000000e+00 0.00000000000000000e+00
1.22070312499997317e-04 7.70912962426982518e-04
0.00000000000000000e+00 0.00000000000000000e+00
1.22070312500000461e-04 8.86964260852390781e-05
0.00000000000000000e+00 0.00000000000000000e+00
1.22070312499999986e-04 -1.68001822074853265e-04
0.00000000000000000e+00 0.00000000000000000e+00
1.22070312500000596e-04 2.93114403510286693e-05
0.00000000000000000e+00 0.00000000000000000e+00
1.22070312500000163e-04 -5.08373557061489608e-04
0.00000000000000000e+00 0.00000000000000000e+00
1.22070312499998862e-04 1.99217793933984433e-04
0.00000000000000000e+00 0.00000000000000000e+00
1.22070312499998428e-04 -7.47983445634657293e-05
0.00000000000000000e+00 0.00000000000000000e+00
1.22070312500000325e-04 4.80084421214514304e-06
0.00000000000000000e+00 0.00000000000000000e+00
1.22070312500000325e-04 -3.10386268234894101e-03
0.00000000000000000e+00 0.00000000000000000e+00
1.22070312500001030e-04 1.32065080307795763e-04
0.00000000000000000e+00 0.00000000000000000e+00
1.22070312500000217e-04 -1.12831954965826188e-04
0.00000000000000000e+00 0.00000000000000000e+00
1.22070312499999417e-04 5.62808612146840565e-05
0.00000000000000000e+00 0.00000000000000000e+00
1.22070312499998387e-04 -2.64764271054903255e-04
0.00000000000000000e+00 0.00000000000000000e+00
1.22070312500001030e-04 3.30925142021243866e-04
0.00000000000000000e+00 0.00000000000000000e+00
1.22070312500000813e-04 -4.50287974580392361e-05
0.00000000000000000e+00 0.00000000000000000e+00
1.22070312499999349e-04 -7.19416542544845897e-06
0.00000000000000000e+00 0.00000000000000000e+00
1.22070312499998211e-04 2.07128420221422416e-03
0.00000000000000000e+00 0.00000000000000000e+00
1.22070312499999864e-04 1.08482758738050100e-04
0.00000000000000000e+00 0.00000000000000000e+00
1.22070312499999458e-04 -1.37359718421514076e-04
0.00000000000000000e+00 0.00000000000000000e+00
1.22070312500001437e-04 4.23355390586286948e-05
0.00000000000000000e+00 0.00000000000000000e+00
1.22070312499999661e-04 -3.51977594361360376e-04
0.00000000000000000e+00 0.00000000000000000e+00
1.22070312500003063e-04 2.51697882998903270e-04
0.00000000000000000e+00 0.00000000000000000e+00
1.22070312500001491e-04 -5.92025686362730442e-05
0.00000000000000000e+00 0.00000000000000000e+00
1.22070312500001274e-04 1.68891410361232136e-05
0.00000000000000000e+00 0.00000000000000000e+00
1.22070312500000407e-04 -8.82292424580727796e-04
0.00000000000000000e+00 0.00000000000000000e+00
1.22070312499999973e-04 1.61272437660666236e-04
0.00000000000000000e+00 0.00000000000000000e+00
1.22070312500000325e-04 -9.23974450315014675e-05
0.00000000000000000e+00 0.00000000000000000e+00
1.22070312500001599e-04 7.15529378160892262e-05
0.00000000000000000e+00 0.00000000000000000e+00
1.22070312499999959e-04 -2.08253660138287689e-04
0.00000000000000000e+00 0.00000000000000000e+00
1.22070312499999092e-04 4.67871713865569325e-04
0.00000000000000000e+00 0.00000000000000000e+00
1.22070312499999851e-04 -3.18488182812636886e-05
0.00000000000000000e+00 0.00000000000000000e+00
1.22070312499999566e-04 -2.24130202325389214e-05
0.00000000000000000e+00 0.00000000000000000e+00
1.22070312499998428e-04 6.64843962984285660e-04
0.00000000000000000e+00 0.00000000000000000e+00
1.22070312499998767e-04 8.41979249780512731e-05
0.00000000000000000e+00 0.00000000000000000e+00
1.22070312500001084e-04 -1.76977772287528019e-04
0.00000000000000000e+00 0.00000000000000000e+00
1.22070312499998469e-04 2.61605762867910267e-05
0.00000000000000000e+00 0.00000000000000000e+00
1.22070312500001030e-04 -5.69603705609988097e-04
0.00000000000000000e+00 0.00000000000000000e+00
1.22070312499999878e-04 1.88662711741078838e-04
0.00000000000000000e+00 0.00000000000000000e+00
1.22070312499999336e-04 -7.89830754383403203e-05
0.00000000000000000e+00 0.00000000000000000e+00
1.22070312499999404e-04 1.80244604872808269e-06
0.00000000000000000e+00 0.00000000000000000e+00
1.22070312500003090e-04 -8.26718847110472464e-03
0.00000000000000000e+00 0.00000000000000000e+00
1.22070312500000190e-04 1.25729230861572143e-04
0.00000000000000000e+00 0.00000000000000000e+00
1.22070312500002304e-04 -1.18517874417395686e-04
0.00000000000000000e+00 0.00000000000000000e+00
1.22070312499999959e-04 5.26878707863445668e-05
0.00000000000000000e+00 0.00000000000000000e+00
1.22070312499999255e-04 -2.82819574438175376e-04
0.00000000000000000e+00 0.00000000000000000e+00
1.22070312500001030e-04 3.07466637362488091e-04
0.00000000000000000e+00 0.00000000000000000e+00
1.22070312499999607e-04 -4.84643189962761329e-05
0.00000000000000000e+00 0.00000000000000000e+00
1.22070312499999526e-04 -1.02055884686028565e-05
0.00000000000000000e+00 0.00000000000000000e+00
1.22070312499999092e-04 1.46009818441035109e-03
0.00000000000000000e+00 0.00000000000000000e+00
1.22070312499998767e-04 1.03233935435299349e-04
0.00000000000000000e+00 0.00000000000000000e+00
1.22070312499999905e-04 -1.44343632072294796e-04
0.00000000000000000e+00 0.00000000000000000e+00
1.22070312499999797e-04 3.90067860939573082e-05
0.00000000000000000e+00 0.00000000000000000e+00
1.22070312500000515e-04 -3.82014584794425089e-04
0.00000000000000000e+00 0.00000000000000000e+00
1.22070312500000678e-04 2.36719202912710487e-04
0.00000000000000000e+00 0.00000000000000000e+00
1.22070312500002792e-04 -6.29486793234203322e-05
0.00000000000000000e+00 0.00000000000000000e+00
1.22070312499998916e-04 1.38454577238199185e-05
0.00000000000000000e+00 0.00000000000000000e+00
1.22070312500001301e-04 -1.07624908407428620e-03
0.00000000000000000e+00 0.00000000000000000e+00
1.22070312499999106e-04 1.53303791252125106e-04
0.00000000000000000e+00 0.00000000000000000e+00
1.22070312500001328e-04 -9.72002131985185498e-05
0.00000000000000000e+00 0.00000000000000000e+00
1.22070312499999770e-04 6.75837855802187892e-05
0.00000000000000000e+00 0.00000000000000000e+00
1.22070312499999986e-04 -2.20484263583617347e-04
0.00000000000000000e+00 0.00000000000000000e+00
1.22070312499999539e-04 4.24896507968706017e-04
0.00000000000000000e+00 0.00000000000000000e+00
1.22070312500000298e-04 -3.50700956924426390e-05
0.00000000000000000e+00 0.00000000000000000e+00
1.22070312499998631e-04 -1.62693399683552418e-05
0.00000000000000000e+00 0.00000000000000000e+00
1.22070312500002168e-04 9.15904469562474994e-04
0.00000000000000000e+00 0.00000000000000000e+00
1.22070312499998306e-04 9.33583217053142125e-05
0.00000000000000000e+00 0.00000000000000000e+00
1.22070312499999959e-04 -1.59612565025361408e-04
0.00000000000000000e+00 0.00000000000000000e+00
1.22070312500000352e-04 3.24996708320331469e-05
0.00000000000000000e+00 0.00000000000000000e+00
1.22070312500000569e-04 -4.58501911322761822e-04
0.00000000000000000e+00 0.00000000000000000e+00
1.22070312500000000e-04 2.10653913124850164e-04
0.00000000000000000e+00 0.00000000000000000e+00
1.22070312500000298e-04 -7.07376424809905797e-05
0.00000000000000000e+00 0.00000000000000000e+00
1.22070312500000461e-04 7.80503764287503394e-06
0.00000000000000000e+00 0.00000000000000000e+00
1.22070312500000840e-04 -1.90917223922031087e-03
0.00000000000000000e+00 0.00000000000000000e+00
1.22070312499999946e-04 1.38746654202785263e-04
0.00000000000000000e+00 0.00000000000000000e+00
1.22070312499999566e-04 -1.07398346140071931e-04
0.00000000000000000e+00 0.00000000000000000e+00
1.22070312499998970e-04 5.99561151689376461e-05
0.00000000000000000e+00 0.00000000000000000e+00
1.22070312500000596e-04 -2.48534468116567932e-04
0.00000000000000000e+00 0.00000000000000000e+00
1.22070312500000976e-04 3.57728568726008644e-04
0.00000000000000000e+00 0.00000000000000000e+00
1.22070312500001355e-04 -4.16549375603844968e-05
0.00000000000000000e+00 0.00000000000000000e+00
1.22070312499998387e-04 -4.19144342663410495e-06
0.00000000000000000e+00 0.00000000000000000e+00
1.22070312499998604e-04 3.55513833233622950e-03
0.00000000000000000e+00 0.00000000000000000e+00
1.22070312500001789e-04 1.13965707821245488e-04
0.00000000000000000e+00 0.00000000000000000e+00
1.22070312499999133e-04 -1.30751271401920817e-04
0.00000000000000000e+00 0.00000000000000000e+00
1.22070312500001247e-04 4.57214592382936314e-05
0.00000000000000000e+00 0.00000000000000000e+00
1.22070312499999092e-04 -3.25911758769223360e-04
0.00000000000000000e+00 0.00000000000000000e+00
1.22070312499999349e-04 2.68273760979923360e-04
0.00000000000000000e+00 0.00000000000000000e+00
1.22070312500001301e-04 -5.55446091314261756e-05
0.00000000000000000e+00 0.00000000000000000e+00
1.22070312500000894e-04 1.99535702184978301e-05
0.00000000000000000e+00 0.00000000000000000e+00
1.22070312500000000e-04 -7.46791728531508029e-04
0.00000000000000000e+00 0.00000000000000000e+00
1.22070312500000027e-04 1.69775292068352515e-04
0.00000000000000000e+00 0.00000000000000000e+00
1.22070312500000434e-04 -8.77699046328151697e-05
0.00000000000000000e+00 0.00000000000000000e+00
1.22070312500001057e-04 7.56379856517709029e-05
0.00000000000000000e+00 0.00000000000000000e+00
1.22070312499999878e-04 -1.97006319846368308e-04
0.00000000000000000e+00 0.00000000000000000e+00
1.22070312499998645e-04 5.19773945814008017e-04
0.00000000000000000e+00 0.00000000000000000e+00
1.22070312499999702e-04 -2.86685419957158936e-05
0.00000000000000000e+00 0.00000000000000000e+00
1.22070312500000271e-04 -2.63075028025767997e-05
0.00000000000000000e+00 0.00000000000000000e+00
1.22070312499998374e-04 5.66422488127157854e-04
0.00000000000000000e+00 0.00000000000000000e+00
1.22070312500000163e-04 7.87839885754097052e-05
0.00000000000000000e+00 0.00000000000000000e+00
1.22070312499999228e-04 -1.89139461752241972e-04
0.00000000000000000e+00 0.00000000000000000e+00
1.22070312499999146e-04 2.22678762170642698e-05
0.00000000000000000e+00 0.00000000000000000e+00
1.22070312499999526e-04 -6.69177475597313776e-04
0.00000000000000000e+00 0.00000000000000000e+00
1.22070312500001193e-04 1.76542862665449401e-04
0.00000000000000000e+00 0.00000000000000000e+00
1.22070312500000759e-04 -8.44053447920190892e-05
0.00000000000000000e+00 0.00000000000000000e+00
1.22070312499998238e-04 -1.94291925195728500e-06
0.00000000000000000e+00 0.00000000000000000e+00
1.22070312499996693e-04 7.66947014336336660e-03
0.00000000000000000e+00 0.00000000000000000e+00
1.22070312500000922e-04 1.18245353551699680e-04
0.00000000000000000e+00 0.00000000000000000e+00
1.22070312499999214e-04 -1.26018999869899210e-04
0.00000000000000000e+00 0.00000000000000000e+00
1.22070312499999458e-04 4.83018161883741129e-05
0.00000000000000000e+00 0.00000000000000000e+00
1.22070312499999729e-04 -3.08501053785091702e-04
0.00000000000000000e+00 0.00000000000000000e+00
1.22070312500001409e-04 2.81927652455117020e-04
0.00000000000000000e+00 0.00000000000000000e+00
1.22070312500001355e-04 -5.28545570613014442e-05
0.00000000000000000e+00 0.00000000000000000e+00
1.22070312500000461e-04 -1.39877231852979096e-05
0.00000000000000000e+00 0.00000000000000000e+00
1.22070312499998631e-04 1.06530283709868959e-03
0.00000000000000000e+00 0.00000000000000000e+00
1.22070312500001220e-04 9.69709388129937907e-05
0.00000000000000000e+00 0.00000000000000000e+00
1.22070312500000894e-04 -1.53666256883250459e-04
0.00000000000000000e+00 0.00000000000000000e+00
1.22070312500001328e-04 3.49181140800841651e-05
0.00000000000000000e+00 0.00000000000000000e+00
1.22070312499999756e-04 -4.26745876357251600e-04
0.00000000000000000e+00 0.00000000000000000e+00
1.22070312499998862e-04 2.19886894868445162e-04
0.00000000000000000e+00 0.00000000000000000e+00
1.22070312499999485e-04 -6.77673910614940225e-05
0.00000000000000000e+00 0.00000000000000000e+00
1.22070312499999851e-04 1.00641802433497024e-05
0.00000000000000000e+00 0.00000000000000000e+00
1.22070312500001626e-04 -1.48061350587355093e-03
0.00000000000000000e+00 0.00000000000000000e+00
1.22070312500001491e-04 1.44007283317754571e-04
0.00000000000000000e+00 0.00000000000000000e+00
1.22070312500000244e-04 -1.03475052445561329e-04
0.00000000000000000e+00 0.00000000000000000e+00
1.22070312499999824e-04 6.27709984993044489e-05
0.00000000000000000e+00 0.00000000000000000e+00
1.22070312500001843e-04 -2.37389264948728850e-04
0.00000000000000000e+00 0.00000000000000000e+00
1.22070312499999851e-04 3.80504175753706552e-04
0.00000000000000000e+00 0.00000000000000000e+00
1.22070312500000379e-04 -3.91616232971195177e-05
0.00000000000000000e+00 0.00000000000000000e+00
1.22070312499999566e-04 -2.00977899672984044e-05
0.00000000000000000e+00 0.00000000000000000e+00
1.22070312500000081e-04 7.41432825106322444e-04
0.00000000000000000e+00 0.00000000000000000e+00
1.22070312499999051e-04 8.75570361842858079e-05
0.00000000000000000e+00 0.00000000000000000e+00
1.22070312500001762e-04 -1.70188049336032050e-04
0.00000000000000000e+00 0.00000000000000000e+00
1.22070312499998672e-04 2.85203957366066936e-05
0.00000000000000000e+00 0.00000000000000000e+00
1.22070312499999485e-04 -5.22473858058088527e-04
0.00000000000000000e+00 0.00000000000000000e+00
1.22070312500001193e-04 1.96501028007667984e-04
0.00000000000000000e+00 0.00000000000000000e+00
1.22070312500001247e-04 -7.58324846690682815e-05
0.00000000000000000e+00 0.00000000000000000e+00
1.22070312500000813e-04 4.05084320681605575e-06
0.00000000000000000e+00 0.00000000000000000e+00
1.22070312500002494e-04 -3.67853319249045619e-03
0.00000000000000000e+00 0.00000000000000000e+00
1.22070312500001870e-04 1.30450077281286486e-04
0.00000000000000000e+00 0.00000000000000000e+00
1.22070312499998238e-04 -1.14228841441898097e-04
0.00000000000000000e+00 0.00000000000000000e+00
1.22070312500000542e-04 5.53751802574078001e-05
0.00000000000000000e+00 0.00000000000000000e+00
1.22070312499999200e-04 -2.69094585779774942e-04
0.00000000000000000e+00 0.00000000000000000e+00
1.22070312500000678e-04 3.24773728220915361e-04
0.00000000000000000e+00 0.00000000000000000e+00
1.22070312500000352e-04 -4.58816705263562441e-05
0.00000000000000000e+00 0.00000000000000000e+00
1.22070312499999797e-04 -7.94606235898694338e-06
0.00000000000000000e+00 0.00000000000000000e+00
1.22070312499998496e-04 1.87528873052377203e-03
0.00000000000000000e+00 0.00000000000000000e+00
1.22070312500000840e-04 1.07149448626383411e-04
0.00000000000000000e+00 0.00000000000000000e+00
1.22070312500000298e-04 -1.39068948882843587e-04
0.00000000000000000e+00 0.00000000000000000e+00
1.22070312499999553e-04 4.14982056357658495e-05
0.00000000000000000e+00 0.00000000000000000e+00
1.22070312500000623e-04 -3.59079650928450459e-04
0.00000000000000000e+00 0.00000000000000000e+00
1.22070312499999864e-04 2.47813553611542670e-04
0.00000000000000000e+00 0.00000000000000000e+00
1.22070312499999241e-04 -6.01305335268543373e-05
0.00000000000000000e+00 0.00000000000000000e+00
1.22070312499998306e-04 1.61264270253456203e-05
0.00000000000000000e+00 0.00000000000000000e+00
1.22070312499999905e-04 -9.24021246022313763e-04
0.00000000000000000e+00 0.00000000000000000e+00
1.22070312500000027e-04 1.59232589070711544e-04
0.00000000000000000e+00 0.00000000000000000e+00
1.22070312499999715e-04 -9.35811022153922349e-05
0.00000000000000000e+00 0.00000000000000000e+00
1.22070312499998862e-04 7.05501674132698184e-05
0.00000000000000000e+00 0.00000000000000000e+00
1.22070312500000976e-04 -2.11213690061986121e-04
0.00000000000000000e+00 0.00000000000000000e+00
1.22070312500000515e-04 4.56389284955045966e-04
0.00000000000000000e+00 0.00000000000000000e+00
1.22070312499999783e-04 -3.26501118344948990e-05
0.00000000000000000e+00 0.00000000000000000e+00
1.22070312499998292e-04 -2.31881678365890402e-05
0.00000000000000000e+00 0.00000000000000000e+00
1.22070312500001382e-04 6.42619171072819845e-04
0.00000000000000000e+00 0.00000000000000000e+00
1.22070312499998740e-04 8.30972090012412209e-05
0.00000000000000000e+00 0.00000000000000000e+00
1.22070312500000569e-04 -1.79322041894631551e-04
0.00000000000000000e+00 0.00000000000000000e+00
1.22070312500003009e-04 2.53781807636556748e-05
0.00000000000000000e+00 0.00000000000000000e+00
1.22070312500001057e-04 -5.87164278346873048e-04
0.00000000000000000e+00 0.00000000000000000e+00
1.22070312500000325e-04 1.86148379678165637e-04
0.00000000000000000e+00 0.00000000000000000e+00
1.22070312499997737e-04 -8.00499108271074134e-05
0.00000000000000000e+00 0.00000000000000000e+00
1.22070312499998834e-04 1.05332715848044364e-06
0.00000000000000000e+00 0.00000000000000000e+00
1.22070312500006803e-04 -1.41467549505311808e-02
0.00000000000000000e+00 0.00000000000000000e+00
1.22070312499999322e-04 1.24195303054646224e-04
0.00000000000000000e+00 0.00000000000000000e+00
1.22070312499998482e-04 -1.19981680686355929e-04
0.00000000000000000e+00 0.00000000000000000e+00
1.22070312500000190e-04 5.18016550761071971e-05
0.00000000000000000e+00 0.00000000000000000e+00
1.22070312499999864e-04 -2.87658013473790107e-04
0.00000000000000000e+00 0.00000000000000000e+00
1.22070312499999946e-04 3.02049394354709784e-04
0.00000000000000000e+00 0.00000000000000000e+00
1.22070312499999729e-04 -4.93335244908605500e-05
0.00000000000000000e+00 0.00000000000000000e+00
1.22070312500002358e-04 -1.09602344737471132e-05
0.00000000000000000e+00 0.00000000000000000e+00
1.22070312499999864e-04 1.35956591344296544e-03
0.00000000000000000e+00 0.00000000000000000e+00
1.22070312500001545e-04 1.01955845894860351e-04
0.00000000000000000e+00 0.00000000000000000e+00
1.22070312500000352e-04 -1.46153082867010991e-04
0.00000000000000000e+00 0.00000000000000000e+00
1.22070312499999580e-04 3.81828966860110885e-05
0.00000000000000000e+00 0.00000000000000000e+00
1.22070312500000136e-04 -3.90257484034903278e-04
0.00000000000000000e+00 0.00000000000000000e+00
1.22070312499999078e-04 2.33195398077839226e-04
0.00000000000000000e+00 0.00000000000000000e+00
1.22070312500000407e-04 -6.38998938944481326e-05
0.00000000000000000e+00 0.00000000000000000e+00
1.22070312500000515e-04 1.30873260463676139e-05
0.00000000000000000e+00 0.00000000000000000e+00
1.22070312500002792e-04 -1.13859478560045984e-03
0.00000000000000000e+00 0.00000000000000000e+00
1.22070312499999743e-04 1.51388172695531345e-04
0.00000000000000000e+00 0.00000000000000000e+00
1.22070312499998875e-04 -9.84301542751052008e-05
0.00000000000000000e+00 0.00000000000000000e+00
1.22070312500000081e-04 6.66084815070945688e-05
0.00000000000000000e+00 0.00000000000000000e+00
1.22070312499999743e-04 -2.23712669268112869e-04
0.00000000000000000e+00 0.00000000000000000e+00
1.22070312500001653e-04 4.15278019752264756e-04
0.00000000000000000e+00 0.00000000000000000e+00
1.22070312500000786e-04 -3.58823739400812174e-05
0.00000000000000000e+00 0.00000000000000000e+00
1.22070312499999553e-04 -1.70322923739489875e-05
0.00000000000000000e+00 0.00000000000000000e+00
1.22070312499999743e-04 8.74877019880170676e-04
0.00000000000000000e+00 0.00000000000000000e+00
1.22070312500000542e-04 9.21767349560944710e-05
0.00000000000000000e+00 0.00000000000000000e+00
1.22070312499998211e-04 -1.61658592061708460e-04
0.00000000000000000e+00 0.00000000000000000e+00
1.22070312500000596e-04 3.16988630938687616e-05
0.00000000000000000e+00 0.00000000000000000e+00
1.22070312500001030e-04 -4.70085035848819867e-04
0.00000000000000000e+00 0.00000000000000000e+00
1.22070312499999133e-04 2.07705546839854056e-04
0.00000000000000000e+00 0.00000000000000000e+00
1.22070312499999431e-04 -7.17417585642852416e-05
0.00000000000000000e+00 0.00000000000000000e+00
1.22070312500000108e-04 7.05324699345366087e-06
0.00000000000000000e+00 0.00000000000000000e+00
1.22070312500002277e-04 -2.11266686218065675e-03
0.00000000000000000e+00 0.00000000000000000e+00
1.22070312499998631e-04 1.37041865822784472e-04
0.00000000000000000e+00 0.00000000000000000e+00
1.22070312500001138e-04 -1.08734371824131969e-04
0.00000000000000000e+00 0.00000000000000000e+00
1.22070312499998929e-04 5.90291918431851503e-05
0.00000000000000000e+00 0.00000000000000000e+00
1.22070312500000379e-04 -2.52437154034463511e-04
0.00000000000000000e+00 0.00000000000000000e+00
1.22070312500000840e-04 3.50673859513273077e-04
0.00000000000000000e+00 0.00000000000000000e+00
1.22070312500000840e-04 -4.24929340742142628e-05
0.00000000000000000e+00 0.00000000000000000e+00
1.22070312500000759e-04 -4.94150799768721237e-06
0.00000000000000000e+00 0.00000000000000000e+00
1.22070312499997994e-04 3.01550886911799640e-03
0.00000000000000000e+00 0.00000000000000000e+00
1.22070312500000596e-04 1.12571804044088176e-04
0.00000000000000000e+00 0.00000000000000000e+00
1.22070312500000325e-04 -1.32370279755060244e-04
0.00000000000000000e+00 0.00000000000000000e+00
1.22070312499998550e-04 4.48693153240624002e-05
0.00000000000000000e+00 0.00000000000000000e+00
1.22070312500000542e-04 -3.32101372312593038e-04
0.00000000000000000e+00 0.00000000000000000e+00
1.22070312499999241e-04 2.63965146598764660e-04
0.00000000000000000e+00 0.00000000000000000e+00
1.22070312500000081e-04 -5.64512451202430038e-05
0.00000000000000000e+00 0.00000000000000000e+00
1.22070312499999661e-04 1.91853041238646925e-05
0.00000000000000000e+00 0.00000000000000000e+00
1.22070312500002467e-04 -7.76696637053139304e-04
0.00000000000000000e+00 0.00000000000000000e+00
1.22070312500002358e-04 1.67596013605953765e-04
0.00000000000000000e+00 0.00000000000000000e+00
1.22070312500001166e-04 -8.89111911031655760e-05
0.00000000000000000e+00 0.00000000000000000e+00
1.22070312500000461e-04 7.46053107477510663e-05
0.00000000000000000e+00 0.00000000000000000e+00
1.22070312499998821e-04 -1.99733250146631714e-04
0.00000000000000000e+00 0.00000000000000000e+00
1.22070312499999499e-04 5.05809626138851347e-04
0.00000000000000000e+00 0.00000000000000000e+00
1.22070312499999770e-04 -2.94600189948889535e-05
0.00000000000000000e+00 0.00000000000000000e+00
1.22070312500000732e-04 -2.47439553993660456e-05
0.00000000000000000e+00 0.00000000000000000e+00
1.22070312500002250e-04 6.02214195480967789e-04
0.00000000000000000e+00 0.00000000000000000e+00
1.22070312499998645e-04 8.09230532954990337e-05
0.00000000000000000e+00 0.00000000000000000e+00
1.22070312500000027e-04 -1.84139878403181349e-04
0.00000000000000000e+00 0.00000000000000000e+00
1.22070312499998862e-04 2.38193043705326299e-05
0.00000000000000000e+00 0.00000000000000000e+00
1.22070312500000136e-04 -6.25591787318710004e-04
0.00000000000000000e+00 0.00000000000000000e+00
1.22070312500000163e-04 1.81258100664199746e-04
0.00000000000000000e+00 0.00000000000000000e+00
1.22070312500000596e-04 -8.22096289172417292e-05
0.00000000000000000e+00 0.00000000000000000e+00
1.22070312499998482e-04 -4.44729063714941999e-07
0.00000000000000000e+00 0.00000000000000000e+00
1.22070312499978858e-04 3.35061555663235533e-02
0.00000000000000000e+00 0.00000000000000000e+00
1.22070312500002792e-04 1.21184083101665710e-04
0.00000000000000000e+00 0.00000000000000000e+00
1.22070312500002304e-04 -1.22963022968508140e-04
0.00000000000000000e+00 0.00000000000000000e+00
1.22070312499999160e-04 5.00429315831986299e-05
0.00000000000000000e+00 0.00000000000000000e+00
1.22070312500002954e-04 -2.97767551228976307e-04
0.00000000000000000e+00 0.00000000000000000e+00
1.22070312500000651e-04 2.91693481328896269e-04
0.00000000000000000e+00 0.00000000000000000e+00
1.22070312500000705e-04 -5.10849989720754449e-05
0.00000000000000000e+00 0.00000000000000000e+00
1.22070312499999051e-04 -1.24720807556795366e-05
0.00000000000000000e+00 0.00000000000000000e+00
1.22070312500000325e-04 1.19476144243714586e-03
0.00000000000000000e+00 0.00000000000000000e+00
1.22070312500000678e-04 9.94384749277660925e-05
0.00000000000000000e+00 0.00000000000000000e+00
1.22070312500001057e-04 -1.49853074523436389e-04
0.00000000000000000e+00 0.00000000000000000e+00
1.22070312499998794e-04 3.65445079136050559e-05
0.00000000000000000e+00 0.00000000000000000e+00
1.22070312500000949e-04 -4.07753778736724042e-04
0.00000000000000000e+00 0.00000000000000000e+00
1.22070312499999864e-04 2.26389693597821772e-04
0.00000000000000000e+00 0.00000000000000000e+00
1.22070312500000379e-04 -6.58208461570668890e-05
0.00000000000000000e+00 0.00000000000000000e+00
1.22070312499999580e-04 1.15739942737566659e-05
0.00000000000000000e+00 0.00000000000000000e+00
1.22070312499999797e-04 -1.28746920392357601e-03
0.00000000000000000e+00 0.00000000000000000e+00
1.22070312499998929e-04 1.47642949137135172e-04
0.00000000000000000e+00 0.00000000000000000e+00
1.22070312500001979e-04 -1.00927008576664055e-04
0.00000000000000000e+00 0.00000000000000000e+00
1.22070312499996788e-04 6.46772635896949836e-05
0.00000000000000000e+00 0.00000000000000000e+00
1.22070312499999851e-04 -2.30392573321886221e-04
0.00000000000000000e+00 0.00000000000000000e+00
1.22070312500000569e-04 3.97196793073553548e-04
0.00000000000000000e+00 0.00000000000000000e+00
1.22070312500001003e-04 -3.75158144619956718e-05
0.00000000000000000e+00 0.00000000000000000e+00
1.22070312500000027e-04 -1.85621808044376104e-05
0.00000000000000000e+00 0.00000000000000000e+00
1.22070312500000759e-04 8.02769962799110455e-04
0.00000000000000000e+00 0.00000000000000000e+00
1.22070312500000623e-04 8.98460212535397471e-05
0.00000000000000000e+00 0.00000000000000000e+00
1.22070312499997954e-04 -1.65852210102856632e-04
0.00000000000000000e+00 0.00000000000000000e+00
1.22070312499998916e-04 3.01048194112170322e-05
0.00000000000000000e+00 0.00000000000000000e+00
1.22070312500000596e-04 -4.94975936919126412e-04
0.00000000000000000e+00 0.00000000000000000e+00
1.22070312500000596e-04 2.01989521104370992e-04
0.00000000000000000e+00 0.00000000000000000e+00
1.22070312500002548e-04 -7.37719516951978365e-05
0.00000000000000000e+00 0.00000000000000000e+00
1.22070312500000488e-04 5.55120728500139036e-06
0.00000000000000000e+00 0.00000000000000000e+00
1.22070312500002168e-04 -2.68430999399138070e-03
0.00000000000000000e+00 0.00000000000000000e+00
1.22070312499999905e-04 1.33701668693168504e-04
0.00000000000000000e+00 0.00000000000000000e+00
1.22070312500001166e-04 -1.11450824357654958e-04
0.00000000000000000e+00 0.00000000000000000e+00
1.22070312500001572e-04 5.71916810894071648e-05
0.00000000000000000e+00 0.00000000000000000e+00
1.22070312500001572e-04 -2.60547703966823824e-04
0.00000000000000000e+00 0.00000000000000000e+00
1.22070312499998834e-04 3.37284666785664367e-04
0.00000000000000000e+00 0.00000000000000000e+00
1.22070312500000813e-04 -4.41797764951983455e-05
0.00000000000000000e+00 0.00000000000000000e+00
1.22070312500000407e-04 -6.44281210137930911e-06
0.00000000000000000e+00 0.00000000000000000e+00
1.22070312500001003e-04 2.31283497941197052e-03
0.00000000000000000e+00 0.00000000000000000e+00
1.22070312500000407e-04 1.09830689674958538e-04
0.00000000000000000e+00 0.00000000000000000e+00
1.22070312500001003e-04 -1.35673929007886597e-04
0.00000000000000000e+00 0.00000000000000000e+00
1.22070312499999133e-04 4.31764438445682573e-05
0.00000000000000000e+00 0.00000000000000000e+00
1.22070312499999051e-04 -3.45122475752989745e-04
0.00000000000000000e+00 0.00000000000000000e+00
1.22070312500001301e-04 2.55681759943769812e-04
0.00000000000000000e+00 0.00000000000000000e+00
1.22070312499998414e-04 -5.82801103884977381e-05
0.00000000000000000e+00 0.00000000000000000e+00
1.22070312499999932e-04 1.76531511616125869e-05
0.00000000000000000e+00 0.00000000000000000e+00
1.22070312500001952e-04 -8.44107720906564886e-04
0.00000000000000000e+00 0.00000000000000000e+00
1.22070312499999715e-04 1.63345628765765706e-04
0.00000000000000000e+00 0.00000000000000000e+00
1.22070312500001111e-04 -9.12247319162458651e-05
0.00000000000000000e+00 0.00000000000000000e+00
1.22070312499999770e-04 7.25629475612679897e-05
0.00000000000000000e+00 0.00000000000000000e+00
1.22070312500000461e-04 -2.05354959998909427e-04
0.00000000000000000e+00 0.00000000000000000e+00
1.22070312500002982e-04 4.79907240225313936e-04
0.00000000000000000e+00 0.00000000000000000e+00
1.22070312500000000e-04 -3.10500862351053560e-05
0.00000000000000000e+00 0.00000000000000000e+00
1.22070312500000569e-04 -2.16396172494457262e-05
0.00000000000000000e+00 0.00000000000000000e+00
1.22070312499999919e-04 6.88605580314919502e-04
0.00000000000000000e+00 0.00000000000000000e+00
1.22070312500001084e-04 8.53079976811736798e-05
0.00000000000000000e+00 0.00000000000000000e+00
1.22070312499999580e-04 -1.74674844081308418e-04
0.00000000000000000e+00 0.00000000000000000e+00
1.22070312500001030e-04 2.69450322046669155e-05
0.00000000000000000e+00 0.00000000000000000e+00
1.22070312500000325e-04 -5.53020723102546469e-04
0.00000000000000000e+00 0.00000000000000000e+00
1.22070312499997723e-04 1.91225188918441545e-04
0.00000000000000000e+00 0.00000000000000000e+00
1.22070312499999106e-04 -7.79246775915234122e-05
0.00000000000000000e+00 0.00000000000000000e+00
1.22070312500000569e-04 2.55170069454655800e-06
0.00000000000000000e+00 0.00000000000000000e+00
1.22070312499999959e-04 -5.83969790253371750e-03
0.00000000000000000e+00 0.00000000000000000e+00
1.22070312500001003e-04 1.27282670583559620e-04
0.00000000000000000e+00 0.00000000000000000e+00
1.22070312499999973e-04 -1.17071405915113741e-04
0.00000000000000000e+00 0.00000000000000000e+00
1.22070312499999770e-04 5.35787930946470857e-05
0.00000000000000000e+00 0.00000000000000000e+00
1.22070312500000298e-04 -2.78116775932682871e-04
0.00000000000000000e+00 0.00000000000000000e+00
1.22070312500000569e-04 3.13053957576655813e-04
0.00000000000000000e+00 0.00000000000000000e+00
1.22070312499999282e-04 -4.75993381754299092e-05
0.00000000000000000e+00 0.00000000000000000e+00
1.22070312499997073e-04 -9.45171632613069867e-06
0.00000000000000000e+00 0.00000000000000000e+00
1.22070312499998347e-04 1.57655611739551563e-03
0.00000000000000000e+00 0.00000000000000000e+00
1.22070312499998103e-04 1.04525358610682619e-04
0.00000000000000000e+00 0.00000000000000000e+00
1.22070312500000244e-04 -1.42560249416113865e-04
0.00000000000000000e+00 0.00000000000000000e+00
1.22070312500000542e-04 3.98339126812053882e-05
0.00000000000000000e+00 0.00000000000000000e+00
1.22070312499999228e-04 -3.74082287951557266e-04
0.00000000000000000e+00 0.00000000000000000e+00
1.22070312499999783e-04 2.40327876785569771e-04
0.00000000000000000e+00 0.00000000000000000e+00
1.22070312499999349e-04 -6.20034654038216374e-05
0.00000000000000000e+00 0.00000000000000000e+00
1.22070312500000678e-04 1.46046453908124473e-05
0.00000000000000000e+00 0.00000000000000000e+00
1.22070312500001057e-04 -1.02030284167137480e-03
0.00000000000000000e+00 0.00000000000000000e+00
1.22070312499998563e-04 1.55249162541413072e-04
0.00000000000000000e+00 0.00000000000000000e+00
1.22070312500000651e-04 -9.59822323671028849e-05
0.00000000000000000e+00 0.00000000000000000e+00
1.22070312500001003e-04 6.85657387973561018e-05
0.00000000000000000e+00 0.00000000000000000e+00
1.22070312500002141e-04 -2.17326633610516917e-04
0.00000000000000000e+00 0.00000000000000000e+00
1.22070312500000244e-04 4.34934824169719986e-04
0.00000000000000000e+00 0.00000000000000000e+00
1.22070312500000623e-04 -3.42606762341765052e-05
0.00000000000000000e+00 0.00000000000000000e+00
1.22070312499999458e-04 -1.55076344226768201e-05
0.00000000000000000e+00 0.00000000000000000e+00
1.22070312500000759e-04 9.60891957322526874e-04
0.00000000000000000e+00 0.00000000000000000e+00
1.22070312500000515e-04 9.45510505477060184e-05
0.00000000000000000e+00 0.00000000000000000e+00
1.22070312499999322e-04 -1.57599107651681047e-04
0.00000000000000000e+00 0.00000000000000000e+00
1.22070312499997289e-04 3.33030993020208937e-05
0.00000000000000000e+00 0.00000000000000000e+00
1.22070312500001653e-04 -4.47440673875755556e-04
0.00000000000000000e+00 0.00000000000000000e+00
1.22070312500000732e-04 2.13665386684638772e-04
0.00000000000000000e+00 0.00000000000000000e+00
1.22070312499999133e-04 -6.97406417813543851e-05
0.00000000000000000e+00 0.00000000000000000e+00
1.22070312499999078e-04 8.55741842222775840e-06
0.00000000000000000e+00 0.00000000000000000e+00
1.22070312500000217e-04 -1.74131501565259620e-03
0.00000000000000000e+00 0.00000000000000000e+00
1.22070312499998577e-04 1.40475388848048012e-04
0.00000000000000000e+00 0.00000000000000000e+00
1.22070312499999634e-04 -1.06076668062946846e-04
0.00000000000000000e+00 0.00000000000000000e+00
1.22070312500002114e-04 6.08886424341357053e-05
0.00000000000000000e+00 0.00000000000000000e+00
1.22070312499999458e-04 -2.44728090463938632e-04
0.00000000000000000e+00 0.00000000000000000e+00
1.22070312500001030e-04 3.65041633865834960e-04
0.00000000000000000e+00 0.00000000000000000e+00
1.22070312500001193e-04 -4.08204429616494218e-05
0.00000000000000000e+00 0.00000000000000000e+00
1.22070312500001870e-04 -3.44169484756828802e-06
0.00000000000000000e+00 0.00000000000000000e+00
1.22070312499999417e-04 4.32959976227210476e-03
0.00000000000000000e+00 0.00000000000000000e+00
1.22070312499999322e-04 1.15375673884128105e-04
0.00000000000000000e+00 0.00000000000000000e+00
1.22070312499999621e-04 -1.29153405498745003e-04
0.00000000000000000e+00 0.00000000000000000e+00
1.22070312499999580e-04 4.65775290376934661e-05
0.00000000000000000e+00 0.00000000000000000e+00
1.22070312499999282e-04 -3.19921676862422748e-04
0.00000000000000000e+00 0.00000000000000000e+00
1.22070312499998008e-04 2.72700167814536642e-04
0.00000000000000000e+00 0.00000000000000000e+00
1.22070312500000623e-04 -5.46430217233379164e-05
0.00000000000000000e+00 0.00000000000000000e+00
1.22070312499999187e-04 2.07233789844099500e-05
0.00000000000000000e+00 0.00000000000000000e+00
1.22070312500001138e-04 -7.19050749641669969e-04
0.00000000000000000e+00 0.00000000000000000e+00
1.22070312499998970e-04 1.71992086369824124e-04
0.00000000000000000e+00 0.00000000000000000e+00
1.22070312500001518e-04 -8.66386443025449844e-05
0.00000000000000000e+00 0.00000000000000000e+00
1.22070312499998062e-04 7.66785430421022390e-05
0.00000000000000000e+00 0.00000000000000000e+00
1.22070312500000949e-04 -1.94332868135816160e-04
0.00000000000000000e+00 0.00000000000000000e+00
1.22070312500000732e-04 5.34487533638577277e-04
0.00000000000000000e+00 0.00000000000000000e+00
1.22070312499999702e-04 -2.78793428396832533e-05
