# n_qubits=14; one amplitude per line: real imag; index = sum_k x_k 2^(n-1-k), qubit 0 = most significant bit
-4.07913268071179950e-03 1.20894135609062622e-03
1.49039727614828921e-03 -2.43921415050665216e-03
-3.43755739604265738e-03 -3.17123558724036842e-03
-7.98573608061473733e-03 8.33906283152393429e-03
-3.85304866787603700e-03 -2.02074534034077900e-03
2.95929664026831638e-03 -1.52381247515092039e-03
1.06273852645149213e-03 -3.59962063196865188e-03
2.53539520891517582e-04 -1.70715531992743840e-03
2.13906410074544235e-03 1.63398070347381088e-04
-2.66106041999074339e-03 1.10409086400072953e-03
5.58181651677994075e-03 -9.13600481094043425e-03
6.84182039515642774e-03 2.63137295794953988e-03
7.76351808786609424e-03 -2.59272111027356120e-03
-7.37118661860949008e-03 -1.39972018136622664e-03
4.29538556815425594e-03 2.15285714602141912e-03
8.45445788271908800e-04 5.40536047171468782e-03
-1.12598490905236703e-03 2.24729287858629716e-03
-8.04343142860652947e-05 -6.32691305204027095e-04
8.90106029964115707e-04 3.48456991139907586e-03
1.60284554287157136e-03 3.42527411949556954e-03
5.31678380344391996e-04 2.83788340074223521e-03
-8.75181807122859591e-04 -2.76987132047404718e-03
6.01410608906277860e-04 1.51183679577361618e-03
-3.16964637968292912e-03 2.00007362172120251e-03
-2.53200177303011386e-04 -7.66781271271699131e-04
4.75137781703603148e-04 5.59041021691259821e-04
1.13492707928948013e-03 -2.45022055214340990e-03
-7.77782987090158066e-04 -5.58754143982635558e-04
8.99276055455923234e-04 -1.10266265259572390e-03
-6.31759397330076684e-04 4.78119896407789733e-04
9.51159700984720064e-04 1.85455590273864488e-04
4.89982485125224848e-04 1.12588992126518429e-03
-1.98055554352392395e-03 1.37075116416100892e-03
9.37565385656977286e-04 -9.28185275686818525e-04
1.29551315584512878e-03 3.35987466694213650e-04
-2.86344216405604425e-03 2.97767123744558434e-03
3.86330417334080755e-04 2.51023279366037531e-04
-1.90572319908369681e-06 -1.60122636022490988e-03
2.22647901450345569e-03 -2.80448722836218096e-05
-1.28243714535737261e-03 1.88799975156969647e-03
1.45645565629332801e-03 -2.13448370654098106e-04
-1.08945403029087344e-03 6.32252554100611020e-04
4.00698100412075035e-03 3.91602043466242854e-03
8.76321213803966069e-04 -1.51372332723294801e-03
1.23941389992647424e-03 2.42088866062024465e-03
-1.29273001845269333e-04 -1.34013250625737842e-03
-1.07456223523156279e-03 1.64524171366195134e-03
-2.48280453368055409e-03 1.25419978600123475e-04
-2.88402712202829020e-03 -2.29357435675161116e-04
8.72126030295221170e-04 -1.16877525926176867e-03
-4.11708843197521220e-03 -1.34434885899913916e-03
-5.33838351073453229e-03 4.77180431566698055e-03
-3.74936884899530623e-03 -8.63383829164069121e-04
3.06553282371131719e-03 -9.08686580059509886e-04
-8.48190065403623241e-04 -1.69784326557894456e-03
-5.73780090528191902e-04 -3.10893545965189571e-03
1.64293892355215406e-03 -7.16347057456783354e-04
-7.44198573143501144e-04 1.85628776098402002e-03
-6.35506976895242656e-03 7.99215546146703096e-04
4.57665177289577965e-03 -5.56940817845418164e-03
-2.07388974520247892e-03 -3.47787223803009554e-03
-9.38898503099263931e-04 4.44365248032642293e-03
3.33669674494897130e-05 -2.64015487358613705e-03
2.25845792918303407e-03 -1.88205269294520268e-03
1.17572406319710413e-04 3.14813598239242244e-03
-2.85920654363846637e-04 -1.38499541625502066e-03
2.25805407502355053e-03 -1.20040697443003086e-04
1.72753354090603118e-03 4.30051357140851138e-03
1.35803628781383848e-03 4.24960300006800324e-04
-2.15577180179951644e-03 -1.42689356708829303e-03
1.93901654089180726e-03 -1.41846231667188912e-03
3.53664770944229036e-04 3.48553826700761724e-03
-2.78702442359275541e-04 3.58922476273405822e-04
3.19506380359044012e-04 -4.38686443628542194e-04
-2.79397707835724951e-03 3.11886422086703674e-03
-6.60184266575041629e-04 -6.39762604777601471e-04
-2.48539498793458975e-03 6.56191289178520410e-04
1.86697108566387447e-03 5.60054293296804529e-04
-1.37362433779594155e-03 -9.63224872447211960e-04
-3.79383775174529488e-05 -1.98844612112001684e-03
-4.74870528322866772e-03 -2.40614532948316530e-03
2.83595904133098495e-03 3.96640793983320358e-04
-8.82542105277547606e-05 9.63140379638783325e-04
-9.89385185607561529e-03 -1.37589779744821624e-03
-8.47300397226977164e-04 -2.83405259098030114e-04
3.49162664733506300e-03 -1.09536298319270141e-03
2.36315703797899306e-03 2.67614139670630576e-03
-3.54327351596672984e-03 -1.09877515416114649e-03
3.85768521634151872e-04 -3.21379481823505248e-03
1.40481016642368239e-03 3.20938260863428424e-03
-1.90650991279034789e-03 -2.38565121849531724e-03
-7.85931748322495245e-04 -7.96423159584972243e-03
-1.05454393369718859e-03 -4.49878800970040463e-03
-2.50682346829010562e-04 5.14623046402864961e-03
1.11738860039909478e-03 -1.65538048639431385e-03
2.10972485940452530e-03 1.89718372525979535e-04
-6.73296923668171123e-04 3.67831805551848551e-03
-1.14389475635337848e-03 -2.92218552630593145e-03
-4.80762538725136666e-03 -2.15560873084747091e-03
1.18153577059505158e-03 1.12143025147415261e-02
-4.17109625820704169e-03 -2.72742474052917281e-04
5.16941057156166338e-04 -1.78159773020591244e-03
-2.07762760192006747e-03 -5.14882604181236738e-03
1.53327462650197275e-03 -1.60573404350237200e-03
9.61636002793922950e-04 -2.09971091057014822e-03
-5.95849405625694132e-04 2.68960656627045477e-03
4.18791276987609627e-03 -1.43083625389848947e-02
4.06499836517901399e-03 -7.45774158198643468e-04
7.22084595773275252e-03 -6.61809984764711277e-03
-7.41009672743850670e-03 1.93722164633848234e-03
6.07040946644167058e-03 8.54240162806502472e-04
3.33144994695796755e-03 6.44892363148674187e-03
2.73624224873557094e-04 3.44461468999432505e-03
-1.45994565831586908e-03 -1.29905269767879926e-03
-1.52013994558265688e-03 2.91972810222219806e-03
5.34098402352975715e-03 6.48257968962207085e-03
-1.04404173911013800e-03 3.08056449000344715e-03
-1.28451317412902840e-03 -2.75525759349749041e-03
-1.73885814912285775e-03 -4.75088362820780502e-04
-1.87047647991847284e-03 7.20841054106305650e-04
-1.04449605173171723e-03 1.38841238604806954e-04
9.93009824289744960e-04 -5.60970595592565112e-04
-3.14664794018202189e-03 7.23133577148604343e-04
-1.76456018484827371e-03 4.77933773886022559e-05
-2.40051887717379706e-03 -3.42056293599674066e-04
1.78002119548094492e-03 8.74642602338300784e-04
-6.27565607885008999e-04 -1.23087969572757564e-03
8.21640156975722027e-04 -1.42029239539310723e-03
9.39222890566468092e-05 1.48162802160684394e-03
-9.95329564434145131e-04 -6.51178035603037966e-04
-2.40151847780022045e-03 1.70881892891519256e-03
3.04293511628355839e-03 3.86777267774226488e-03
-1.66728995925594049e-03 1.82813495078192360e-03
1.74321309818290089e-05 -1.45162460225341651e-03
-2.13324254019432117e-03 -3.67649766043478166e-04
-1.16580793884310898e-03 -1.03503462038990177e-03
5.15706224886982190e-04 -7.58109553939889999e-05
-3.23571783306790723e-04 7.00340891844370632e-04
-4.97381832030930129e-03 -2.01181529813515862e-03
3.10548322458415686e-03 -1.82096409926657998e-03
-9.76172859173634125e-04 -3.11892598375980651e-03
-1.21448152658400546e-03 2.77075993686250795e-03
8.46551404334217441e-04 -2.01124766968784801e-03
2.41914741947058193e-03 -6.75887062552696220e-04
7.22181121331751195e-05 6.70759160215829908e-04
3.36229958446319932e-04 -8.28580908426362005e-05
2.63473619510569976e-03 -9.68169412448491816e-05
-1.87779167845354347e-04 -5.65892363525791306e-04
1.84316061572486014e-03 -1.75975591333237295e-04
-1.19771388891835168e-03 -1.31522898527365351e-04
1.97296023633344560e-03 2.49616743723660107e-04
1.51083188880375604e-04 2.39933377164585704e-03
-3.42709250571880751e-04 4.26134027232056274e-05
2.56071907312399605e-04 -7.79063693184304205e-05
-1.70303280446154029e-03 -1.56348482891896512e-03
1.96472438160048390e-04 2.48439411264922004e-04
-3.72063852415388334e-04 -1.15134479515360084e-03
-2.15974620174406149e-04 7.26942439000928878e-04
4.92247976124088912e-04 -7.05637025914239782e-04
1.05339951315487255e-03 -2.89261760689344909e-05
-3.66883323975478867e-05 6.46280504802660772e-04
-3.73182978215581731e-04 -5.28862014687566978e-04
-1.45139448593834897e-03 -2.35562499127457388e-04
6.25910694734987450e-04 2.28501743610281865e-03
-1.13553625431572053e-03 1.24400322648359244e-04
2.41742909660080040e-04 -3.61967291154651047e-04
-8.97289277494980886e-04 -9.80259655844666804e-04
2.05011226792577400e-04 -7.54012019558420723e-04
8.25363673011244491e-05 -9.40880313613268334e-04
1.11765053200321100e-04 8.75743547379716865e-04
2.86169921868760892e-03 -4.30704324109024150e-03
3.58400948638414754e-05 -2.18227462862753425e-04
2.55644282633654815e-03 -1.51141783643679779e-03
-1.96810979100288993e-03 1.27505135074182586e-04
1.81031624180830360e-03 8.00710573423886332e-04
4.90309016666639935e-04 2.36350225222900891e-03
2.99048532916971837e-04 1.56941080093760902e-03
-1.13794770487203665e-03 -7.21930348922127161e-04
-2.61636600531797714e-03 1.46401731464638769e-03
3.38158063538360806e-03 4.10688791759278131e-03
-1.80796675723738547e-03 1.71160672407653230e-03
-4.18329582329625641e-05 -1.34019141778364049e-03
-2.34082521117560125e-03 -6.82304347654103752e-04
-8.53222094181836101e-04 -1.16696516991001385e-03
3.66532269884642663e-04 1.93502190779521431e-04
-1.21182640651072563e-04 1.52728892994439759e-05
-2.39951987410759113e-03 3.95724979465343716e-03
3.28121557171663744e-04 -1.71656754536636037e-03
-2.20796834216809013e-03 7.41671776015188694e-04
1.50422093200935176e-03 7.67736814418155077e-04
-1.51703211871534916e-03 -8.12352124047330910e-04
-3.61229475188470624e-04 -2.04074141347278856e-03
5.58016081109567486e-05 8.32693452815900788e-04
4.14246198160373585e-04 -7.09901668577537170e-04
1.91013026384897013e-03 -2.52538287826713876e-03
-1.56319351835970178e-03 9.12614833749093922e-04
1.05535712857323955e-03 -1.81811196500936112e-03
-8.71003366430342634e-04 5.46491012023171056e-04
2.16043914148631973e-03 -1.82441166481326516e-03
2.03092876993075109e-03 1.93917260937075077e-03
-1.93944790645631253e-03 -5.30523857739274005e-04
1.80902028674558382e-03 -4.42526172999113622e-04
-6.82754169980236201e-04 -3.71799286352262736e-03
-3.63222394826548910e-03 1.28391896628777158e-03
-6.10541558805548202e-04 -1.39545877212810692e-03
8.70575047194416837e-04 4.87641756392314480e-04
9.50897506417903082e-04 -5.43014946788518871e-04
1.37757056066744048e-03 6.66973336491660448e-04
1.57178048338199572e-03 -2.17993101015322892e-03
-4.00173547652312367e-04 2.24303786894133406e-03
1.44121496624681576e-03 3.35641681536567827e-03
3.30160939104057541e-03 -7.09310032155250052e-03
1.94113301932310263e-03 1.90600748469722586e-03
-5.73347241102171090e-04 7.82827860690466751e-04
-1.10758767391597721e-03 4.04354470702919522e-03
-1.85703523429804336e-03 -2.12632511195702854e-04
2.52305422340561101e-04 -1.13287797770163972e-03
1.32738098267780816e-05 6.96793372315051749e-04
8.81726208392716142e-03 -1.17292219162318679e-03
-2.33731202234354176e-03 3.70106901371559623e-04
3.93162142440922711e-03 1.94624318438995497e-03
-1.02711811668655824e-03 -2.59082187593162464e-03
7.34743035104938429e-04 3.17003554642501491e-03
-2.52503230468068430e-03 3.06979811860129317e-03
1.12479939280317551e-03 -2.60963604541266997e-03
8.91080745392164157e-04 1.24936052682652677e-03
3.04084958319358932e-03 -3.28824390937728197e-03
-2.80743602452875008e-03 -6.83045691744182341e-03
2.35078445935238411e-03 -3.18233100510803687e-03
-2.93717929707063973e-04 3.13028320991581453e-03
2.16669662316313445e-03 -2.84356169631255412e-05
2.98895576701589238e-03 8.23200353006749651e-04
-6.76765949135371388e-04 -1.86567191795358164e-04
6.94131454814287969e-04 -8.65444762053544552e-04
7.98080286906165809e-03 5.69799217481248114e-03
-5.74866224709698250e-03 1.41762120248305787e-03
5.72299468806980070e-04 5.75295225773438633e-03
3.04624091717383468e-03 -4.17721757811520805e-03
-2.28492252849753783e-03 3.19468004373655917e-03
-4.55314783908233704e-03 2.21946167926609513e-04
6.56052443541108314e-05 -6.41247633244120506e-04
-1.24959071914709547e-04 -9.96235061019118623e-04
-3.78459406699960255e-03 -4.99004556861865067e-03
-2.68484998341982301e-03 2.71488473841307188e-03
-3.16072396117780558e-03 -3.35044914989164567e-03
1.80023119198137243e-03 1.80328285992122344e-03
-1.45431924950264828e-03 -4.31390680050591432e-03
3.85241409089492328e-03 -3.26689562757408614e-03
-5.73205377267246873e-04 1.79577437870274449e-03
-4.13571775305964342e-04 -1.68981587668646073e-03
-3.20233956393835111e-03 -5.35946292599409472e-04
1.33108116476930933e-03 3.82654252743862321e-03
-7.90170428112290171e-04 1.99560889451566456e-04
-1.90738842938064831e-05 -8.76519743082693008e-04
-6.03667626477106877e-05 -8.05569107098885978e-04
8.78459977771358183e-04 -8.04989648488893214e-04
-2.28474651151699916e-03 -2.98318304932324832e-04
1.30667364667766471e-03 2.14308989130588297e-05
1.05190588313486440e-03 1.29715904252456046e-03
-3.88604715388145413e-03 -2.90914048217071517e-05
3.88544697337872449e-04 5.52632257079499023e-04
8.95510319585953265e-04 -1.19125059778549453e-03
1.78903399897269296e-03 1.67185450945987876e-03
-2.29657482681428242e-03 7.89744751590687358e-04
1.65626071014771353e-03 4.88310351993766510e-05
-1.44494181294113817e-03 6.86895087748547119e-04
2.21228070205418135e-03 2.01626935287307300e-03
2.69782199025791645e-03 -1.20030316385232125e-03
1.49385259069000401e-03 1.01372228599319256e-03
-1.24885230690429381e-03 -6.10630678970688727e-04
-3.10121874051740118e-04 9.79225951696796040e-04
-1.31962197494257241e-03 3.11900106315712627e-04
2.14672554053293432e-04 3.22761102191479259e-04
-5.63814569519845444e-06 -2.20349923326210927e-04
4.92781557060633052e-04 -7.84682522942100518e-04
-4.10448017892224944e-05 3.33829828524974273e-04
2.95054439110746731e-04 -5.20073306216417152e-04
-3.68030811714663568e-04 2.13348392305704257e-04
4.81309604992018636e-04 -6.55190217880034374e-04
7.42243183147646857e-04 5.46605266440183422e-04
9.80427169283789538e-04 -2.11341261355037934e-04
-7.34123487679355278e-04 6.52454718793931830e-04
9.58290876485512846e-04 7.11240724196394720e-04
1.62701019460766020e-03 -1.26925026995990228e-03
8.12114385728554739e-04 6.48745834655803101e-05
-8.51434614079802287e-04 1.30530639793277424e-04
7.21738802630572140e-06 3.66659848084142112e-04
-4.57275958295185489e-04 2.37223094507235861e-04
-1.63192555579457681e-03 -1.69061835355578655e-04
8.11511856910814553e-04 2.63387919095474713e-04
8.70892170617687360e-04 2.27434724690594265e-03
-1.85920534810507868e-03 -3.90996118925720192e-04
4.96576846708830745e-04 1.36390474950388776e-03
5.00859865388286621e-04 -1.31726543087306528e-03
9.87744122368880472e-04 2.18244954271899511e-03
-2.67618800957465002e-03 6.75786110039800782e-04
-1.40827316613657762e-04 -1.68069556645699905e-04
2.33332391406522964e-04 1.04301912714713259e-04
-5.91449452531172767e-04 -1.30414369445151828e-04
-2.94424121943149696e-04 -4.31852524595677158e-04
-3.92434122139027723e-04 -3.56557172657827944e-04
2.15493569925562017e-04 4.39730037543403817e-04
9.05490474540984713e-06 -2.87594833565964908e-04
2.76910044760920343e-04 -1.68409850195306958e-04
3.79708088869510686e-04 -1.50856052734662203e-03
-5.70976075659669342e-04 6.32504449277773500e-04
-3.33159316645288608e-03 5.79128922431901847e-04
9.67303611174766265e-04 -9.78224177440153693e-04
-2.11560420489429303e-03 4.41640145632397831e-04
1.52285426946634109e-03 5.61814546324192698e-04
-2.98688805997489185e-03 3.77596654655031907e-04
-3.26553815880126794e-04 -3.43388177941755628e-03
2.34006034269647074e-03 5.12987074425705710e-05
-1.81538586647226078e-03 1.18809880560428170e-03
-1.25724123033213149e-03 3.76347305837456281e-03
4.61946306152935700e-03 -3.45292227702817447e-03
-1.42240294484789629e-04 8.87989028028289134e-05
-1.03019492872534718e-03 1.16324816207348308e-03
-8.81908171299894774e-04 -3.37153225054027256e-04
-5.77414358794995503e-04 -1.21059616922791270e-03
1.25681118892423594e-04 4.05065093266031209e-04
8.22864052816973093e-06 -2.67563791449003299e-04
4.65264321549923199e-04 -6.93610137783225796e-04
-8.20421718602562625e-05 5.43242161071096335e-04
2.57053613543592647e-04 -4.42258389730899957e-04
-3.53017085351017769e-04 1.01176340529942293e-04
5.00258132655829199e-04 -6.39019153989362821e-04
6.30166015134055071e-04 5.78131784179551980e-04
-2.38462225583801118e-04 -1.64149844103435712e-04
2.62153776457720164e-04 1.17835447867059126e-05
2.94746183548125239e-04 -4.75041925041991622e-04
-6.30228371763896073e-04 5.76056351280552256e-05
4.94396729617506956e-05 -1.08686933327914502e-04
1.10452408642602902e-04 3.83525536465067696e-06
1.33974024374079525e-04 5.60024908481366216e-05
6.19067849559847873e-05 1.97505931120238232e-04
-7.76649696952501161e-05 -1.07925361522231186e-04
6.25826502924781012e-05 1.64981021723227544e-04
2.67734559466519602e-04 5.17097855536638603e-04
5.75191831993558889e-05 -4.73153467681920075e-04
2.37404525536948817e-04 3.12900270612529471e-04
-3.33153133913653848e-05 -1.32999779845066011e-04
8.58072873349765723e-05 5.27950129080866234e-04
-4.49400713662523094e-04 1.50429614170757836e-04
-1.88477538714934632e-04 -4.10985304129603442e-04
3.27466017333093563e-04 1.97403522287668647e-04
1.26171541020767496e-03 -3.37163053814674746e-04
-1.03837684563219570e-03 -2.80990409043689821e-04
3.36854192930808574e-04 1.11788573721615118e-04
1.42854694132305953e-04 -1.39292342045111399e-04
1.19501414093354109e-04 3.75968953591960891e-04
-2.68255379460814562e-04 4.38111212240760862e-04
2.88045698801049589e-04 -9.42300561870663630e-05
-2.28157066197386512e-05 8.62895354182809056e-05
3.79420593003722240e-04 -3.18866980699068076e-04
1.50336288734210090e-04 -5.48774930081879489e-04
3.15914789313611580e-04 -2.64296869524795392e-04
-2.18332326943935449e-04 3.01838952007345480e-04
1.77249099501979555e-04 -9.68039208649736451e-05
3.99688883082073760e-04 2.21990834039806112e-04
-2.32062502443129286e-04 -1.33975718071688879e-04
2.69466492598511567e-04 -4.14711680993066131e-05
4.13058529225811234e-04 1.55326033206089445e-04
-8.30771128963303258e-04 -1.04320052029486356e-07
-1.28919988390893318e-04 2.29973318407067113e-04
3.80808755791241281e-04 -1.29212771772385388e-04
-1.12413005498721496e-04 1.22749663302266425e-04
-1.76966511069907991e-04 1.19604946479389494e-05
8.99949857885809116e-05 -1.25021634134847857e-04
-9.62609823806036936e-05 -1.14748152440078050e-05
-5.15822273392719686e-04 -2.23660406376226110e-04
7.04797240738776388e-05 1.16525773927217275e-04
-3.62009658963844641e-04 -1.29436569073464403e-04
1.91641768038778914e-04 1.47966618359505228e-04
-3.81745671188534396e-04 -2.40625917517346775e-04
2.15892807843161017e-04 -4.72458762912209571e-04
-1.09188696775912144e-05 1.33559250940134015e-04
-3.93642742231590910e-05 -1.21905333530837571e-04
-2.30704334317481121e-04 3.16942007166335304e-04
5.15320281040828433e-05 1.65389564401914851e-04
-1.70699437520256447e-04 1.56503960153493227e-04
1.27393396133521579e-04 -8.06191586724368248e-05
-1.36889718170908088e-04 -4.92466808791299692e-05
-4.33004588021598607e-05 -1.77785073940396794e-04
-7.98762679318401072e-04 -4.79803014459191223e-04
8.04039389501520654e-04 1.11749951354035899e-03
3.41966711601090004e-03 3.64256195577263280e-03
-2.92292600698314806e-04 -3.67206880410170982e-03
2.69434403143638387e-03 2.09218429690594381e-03
-7.37519320845970517e-04 -1.10267097755097619e-03
1.90508725480458864e-03 4.00458460763232493e-03
-3.29238691885179414e-03 2.41440179027469339e-03
1.14227329889788004e-03 -5.04544227658914398e-04
-3.37490089868823669e-04 8.10743752544346987e-04
4.95368935136400025e-06 6.93816857179321150e-03
-1.23219991441845086e-04 -4.03901169507394405e-03
-2.05305738223991252e-03 2.06272613114207330e-03
2.06206941071125941e-03 5.79139423059514069e-04
-2.42190388176076032e-03 3.02096808292796196e-05
-1.92514548782527438e-03 -2.24463581095645046e-03
1.10767427114618201e-03 -4.11500980165374728e-04
-2.02362871264478354e-04 -8.12973247819796758e-05
7.21355593950607191e-06 -2.75682648309798477e-03
-9.66370386948041323e-05 -7.91061867202651832e-04
1.80699712998524539e-05 -1.97996622148819724e-03
-2.42949217130908232e-04 1.60926634684087160e-03
5.19063949018879243e-05 -1.86696309854424581e-03
2.71258678917461575e-03 -2.88638251071695684e-04
1.36693096483953501e-03 -2.06550668371957253e-05
-1.03845755667085525e-03 6.31085894577360085e-04
6.10500713623129704e-04 3.05525621831192031e-03
2.01514378860094155e-03 -1.89975882394459710e-03
1.34378188253314650e-04 9.11775961980230260e-04
-2.68544468615726961e-04 4.70865486842331557e-05
-8.31283638651705349e-04 3.37946329388543072e-04
-1.06166685791199010e-03 -6.11623235771115246e-04
-6.75620424503927167e-04 -4.22047587701011113e-04
3.04863490789540029e-04 7.51509063652819808e-04
9.12854083309754222e-04 3.06361426963326893e-03
2.74286240214885360e-04 -1.78202570757322897e-03
8.51207660506655755e-04 1.95476894630564318e-03
4.70079487985353768e-05 -1.03652625218309587e-03
1.73078378200113139e-04 2.82338687503165498e-03
-2.76564710553428702e-03 5.04769886597329913e-04
-1.01474723843517122e-03 -3.14958905682162840e-04
1.08966713062293597e-03 -2.03268567386824169e-05
-3.61483707511864750e-03 -2.02183181965121797e-03
-1.07260624513531204e-03 -4.98438751111497463e-04
-1.70942298537094060e-03 -2.07288504127116011e-03
6.55720256462542762e-04 1.84149792613805697e-03
4.69618961997289217e-04 -1.58651493588196700e-03
1.90855592243653637e-03 -6.06447866764385827e-04
1.98209956629455094e-03 -1.66285081479698249e-03
-1.17419942687083589e-03 1.47062221430617544e-03
-1.68189970872287763e-03 1.88906501948322850e-03
4.29536439785073790e-03 -3.87757509152720148e-03
-4.08810235771567103e-04 1.32648663391677257e-03
1.19384817355021279e-04 9.88649826967763880e-04
-3.16947171347662987e-03 1.72573756477112871e-03
-4.58790744210581876e-04 -2.35591818830993257e-03
1.98634255184103846e-03 2.73945093854248138e-05
-1.56568445616430503e-03 7.80917583310165365e-04
2.20079650321260058e-03 4.88187295867133133e-03
2.49340262586546626e-03 -2.30131532666611729e-03
6.13068958636819156e-04 2.07323527982230301e-03
-2.92279300915693565e-04 -6.47481513949371658e-04
-1.35570684462304374e-03 1.03406523523990809e-03
-2.15730063592821548e-03 -6.44515259234313396e-04
-4.91750907108650238e-04 -1.37902134442018727e-03
-2.65800901269025024e-04 7.98708658783791269e-04
-2.90172663790990272e-03 2.53466951375840759e-03
6.41824882932137816e-04 -9.53925390715998616e-04
-1.82171676513325073e-03 1.75938309791207558e-03
1.66520225115711850e-03 -5.08719954919898396e-04
-2.67254801402658703e-03 1.93543960968347944e-03
-2.31181599276589125e-03 -2.98037821512005989e-03
1.56572088552608762e-03 6.60118039676302511e-04
-1.56766781213539194e-03 2.69315740869571210e-04
-1.02665486417804564e-03 2.29291127502991975e-03
3.79506557730369511e-03 -8.42726519851884435e-04
1.99776871644041538e-04 3.83779081630831543e-04
-1.01857904844006677e-03 1.15359598312901981e-04
-5.22280576097540515e-04 -1.35652807670280179e-04
-3.89637045101600972e-04 -7.51337304057185713e-04
3.42903924273618829e-04 7.91675581013560653e-04
1.06505218845314711e-04 -1.18954329143972190e-03
1.83508339033496751e-05 -4.46768227199246561e-03
-1.85423787187533745e-03 2.46284216923515044e-03
-4.35007811148342347e-04 -3.00355971825057820e-03
-2.57465002493396185e-04 1.22205114067315611e-03
1.14752265319493607e-03 -3.77912550504731163e-03
3.68521061518250299e-03 4.42288902745790222e-04
6.87321347006481697e-05 1.98321382495288655e-03
-1.02584810089667165e-03 -1.24304866768894478e-03
-6.75869002532907426e-03 -2.13436059449308158e-03
4.47058186907968187e-03 2.88346060614716850e-03
-1.10187289419396046e-03 -2.03307717193159255e-03
-1.38569231879237835e-03 9.22324609809864254e-04
6.71205546443066816e-04 -2.17690939455227267e-03
2.62356610764671308e-03 -1.16064754957764435e-03
-2.72145022751061044e-03 4.97511772043479996e-04
9.20861041258296833e-04 -6.96957489861036394e-04
-1.21492498918304823e-03 1.34514407269094782e-03
-3.48586401780536610e-03 3.29619732993518275e-03
-1.41256481320743569e-03 9.63499118739452121e-04
1.53920473667926985e-03 -1.94719805395722739e-03
4.81647195228389964e-04 6.15963226313477369e-04
-2.52144783540125860e-03 -4.87363819377898636e-04
4.32728232745469010e-04 1.36981204791686685e-03
-1.16641526621275981e-03 -6.99553549562721287e-04
-2.88192745091994836e-03 -2.49206559662619237e-03
3.87909774692305268e-03 2.49544892174060522e-03
7.13750960127729141e-04 -1.31894530105981702e-03
-2.03162362109008668e-03 1.17674826497631272e-05
1.00679849443563387e-03 -8.03662038218529379e-04
1.50327149064716117e-03 1.85774549816084331e-04
-1.18488702215967137e-03 -8.27019396833325983e-04
3.95094023460629187e-04 1.31872596280205529e-03
8.52817135433357092e-04 5.52061452129993559e-03
7.32310432578748118e-04 -2.82317352142942872e-03
9.76530198552268353e-04 3.59022703639693460e-03
3.61639105206799027e-04 -1.86390757468716303e-03
-2.90960232553952216e-04 4.90327462215726755e-03
-4.97301637319822690e-03 2.60429953995735283e-04
1.81391182078994607e-03 -2.04778970121715373e-03
-5.01853134957414839e-04 2.46798663057875471e-03
4.66066450894191478e-03 2.02935584074322986e-03
4.80903067587069486e-04 -5.46877768861230278e-03
1.70033089577429448e-03 2.46581495778865555e-04
-8.03926498194507729e-04 8.66660636333921861e-04
-1.58624015849754483e-04 1.38518743053331838e-03
-1.73181213147477085e-03 9.69860751752588254e-04
4.88880970531192088e-03 6.75908693893169377e-03
-3.72985408504019483e-03 -1.17443069912900161e-03
3.53717415613655044e-03 4.66997806671274034e-03
1.60836408298143177e-02 5.50203051905690053e-03
3.54873446383990182e-03 5.00683884378162747e-03
-6.91404900301675375e-03 -2.80015959319800979e-03
-1.06826234340161113e-03 -3.26836978720037577e-04
-4.43591037496286907e-04 6.17556895092550174e-03
-1.95626432439929701e-03 -5.30440068881986998e-03
5.12482882385140951e-03 4.03031568530169085e-03
-1.02265482613103781e-02 1.14927172335884732e-03
-7.30663242924158018e-03 -1.44292930693571877e-02
-8.84446996369248062e-03 -6.82696493302655492e-03
5.64941359298201315e-03 1.05047759816799795e-02
-1.00631162509785582e-03 -5.52731159013492793e-03
4.34007088724235827e-03 -4.19232943706904834e-03
3.77529185400879387e-03 -1.83455982488415093e-03
-8.46597910471267863e-04 6.79013256064148955e-04
5.69334804908758685e-04 -5.84537118627171965e-03
1.63019876861636654e-03 -4.86117459882600550e-03
8.57592599884422313e-04 -4.35034131562126152e-03
-1.03781015831180671e-03 4.56052160888499244e-03
-4.73433022197530318e-04 -3.35584205139898700e-03
6.48413796850188726e-03 -8.07262113735137624e-04
-7.77857794024165283e-04 -8.50128810998305204e-04
1.23026001660586615e-03 4.39500202215373247e-04
-2.37642695781058438e-03 -1.90499159717871477e-04
-1.94486156494967600e-03 -2.02885359528221171e-03
-1.95809559685923692e-03 -1.32845176280874480e-03
1.35013954315667500e-03 1.87767671452390055e-03
-1.59326716660429838e-04 -1.19770750307668502e-03
1.05020994307113212e-03 -8.73308734011051099e-04
2.89936080892364912e-03 3.56160191855031585e-03
-1.32425911244396966e-03 -1.45977599000953243e-03
3.21823378307517028e-03 -2.98634894441426576e-03
4.99266161849473873e-03 3.24716951014631869e-03
2.36613546489658185e-03 -1.39654388839355629e-03
-3.93966225279935179e-03 5.64820995223175738e-04
1.76808417256795673e-03 -3.79117548212672779e-03
4.14163537797658868e-03 4.29296543374527943e-03
-2.12277413422477497e-03 -7.93108738481255364e-04
1.95958336310744470e-03 -1.40844953774128763e-04
-1.52554642748133421e-03 -7.17392991986511193e-03
-2.92330569149533556e-03 1.44626674409521977e-03
1.18840466572458858e-04 -3.33662030307035591e-03
-3.77134886192476929e-04 1.37070560694933330e-03
2.25798049359182554e-03 -1.01950233969392255e-03
2.77626845729954863e-03 1.58712277048576465e-03
5.37541837397861091e-05 2.00759022889192632e-03
-8.21447492150760355e-04 1.73189536472609634e-03
4.37256757070363013e-03 1.20332427725521312e-02
8.50560547997502615e-03 -2.58419829947017154e-03
4.20581830949587517e-03 8.69065912247424938e-03
-3.06293109292622538e-03 -4.78610444355117085e-03
-4.24167726749732408e-05 8.74987455343217806e-03
-9.12478881350001214e-03 4.45637032020501905e-03
-2.15495666372582254e-03 -5.34016360879778409e-03
4.69254514531848924e-03 2.33257034591377891e-03
1.52195074767984499e-02 7.59075976908039646e-03
-1.65410390493440640e-02 -7.40715168566588762e-03
-6.03425966560674695e-04 6.00595482534725059e-03
7.22108321288393758e-03 -1.95401707378156436e-03
-3.12922206084551664e-03 4.64989797708277672e-03
-6.66057709192057531e-03 1.14688830670661907e-03
3.58225488343573428e-03 -3.87306297385272202e-03
-1.53682190692114827e-03 1.55165315527053716e-03
-4.70877124236987812e-03 -3.77240213655165996e-03
2.70530036699993467e-03 -5.50995647551255109e-03
-2.59792249170815283e-03 -2.81407637586136589e-03
1.57734911362698762e-03 4.54356273501966678e-03
-5.00081389288233296e-03 -2.05270770103325876e-03
4.66744946109975533e-03 -6.00795956250825547e-03
-2.41550375716385293e-04 7.98171396839017998e-04
-5.18677223591217746e-04 -9.13822622736536715e-04
3.48590179039882150e-03 -2.68446015862208384e-03
1.90443071757542663e-04 3.97568824253060130e-03
2.73381887758863962e-03 9.58847450088618587e-04
-1.51156363310143895e-03 -2.53220861454991853e-03
1.03485663773611783e-03 1.54347088938887604e-03
-6.13688256752496688e-04 1.98739270967693499e-03
3.00502521096790865e-03 6.13674034327673333e-03
-2.07216154416691757e-03 -2.40369438818474135e-03
3.40742048444953516e-03 -1.24271672659885470e-03
8.14061163737235874e-03 7.39475130443887317e-03
2.46757390952689936e-03 4.49160895730690781e-04
-5.26251430682750550e-03 -1.31534949499866050e-03
1.61412771380182746e-03 -4.07773946775110991e-03
3.02560811192618875e-03 5.84827394041916027e-03
-4.31080619307854136e-03 3.54386862451506763e-03
1.67818704004413016e-03 -5.50871551942131756e-03
9.79827253223825977e-04 -1.08052110364184129e-03
-6.75297363697457444e-03 1.29768134084679004e-02
-9.40334321901453545e-04 4.70999085678360744e-03
3.36781391708019595e-03 -6.36787028688021173e-03
-8.34081817068813621e-04 1.18495496075060364e-03
-1.01092216538241331e-03 -6.50765966092487104e-05
3.17732333708792671e-03 -5.19625278739809307e-03
-4.21515944789026004e-04 4.42188299071041239e-03
2.73266082134757419e-03 4.22620261078088776e-03
4.41417444398022399e-03 -1.49665416702566140e-02
3.60295510181132426e-03 1.85092095288797321e-03
-6.09629236322466249e-04 2.83065679165935263e-03
-1.74028391424505728e-03 6.74584343785306333e-03
-1.82537929905457279e-03 -1.00675337387106582e-03
-3.34199992826173398e-03 2.23517539026383801e-03
2.76634412257706309e-03 -3.53296266491181371e-03
-1.31611100105010620e-02 1.11441803898927501e-02
-6.17035633921457754e-03 1.06652124690468698e-03
-1.16623884356421535e-02 2.93359701103111095e-03
9.39512981584351634e-03 1.43584853366007597e-03
-5.63301815572216785e-03 -4.50486866615229433e-03
6.57976934724508519e-04 -8.53838514532101467e-03
2.16491636067773748e-03 -4.52683639639387802e-03
2.34320848438426658e-04 2.71260197233237979e-03
1.40066324191148099e-03 -1.09784427509992239e-03
-2.62516421505040200e-04 -1.06404264658585546e-02
1.80624619300364829e-03 -1.78788165947012180e-03
3.99119822625763811e-04 3.75171899312479575e-03
-4.95443490434983023e-04 2.18361339026382391e-03
1.75387554896272793e-03 -1.57975291109606081e-03
2.02873044703042685e-03 1.34438073588789538e-03
-2.49347806965502430e-03 -3.66618712200573993e-04
3.82494631446326887e-03 3.17571479614777320e-03
3.97316706802659011e-03 1.75411988334559388e-03
2.61775396065681148e-03 3.00690442224873372e-03
-1.75348717059550818e-03 -2.90158750388728060e-03
-6.85463050956326920e-04 2.00247397347539866e-03
-2.50597669204472148e-03 5.25241024345073884e-04
3.14334848858047623e-03 3.13528174249188673e-03
-1.19628813818918410e-04 -2.62029666289008249e-03
5.25305498551568734e-03 -1.14923592294874938e-02
-1.20493081517946700e-03 3.24805074254556556e-03
3.05667875690952395e-03 -7.80866687604809401e-03
-4.05562878821984045e-03 3.85741842294224594e-03
5.45717453297493715e-03 -9.16828757120357815e-03
1.08092062855430979e-02 5.62065954919971789e-03
-3.64858470082733526e-03 -3.19572260692251812e-03
4.10613886223396094e-03 2.07036111787682207e-04
1.40459568336118567e-02 -5.85206129960829085e-03
-1.32172189862673154e-02 2.12105490344859397e-03
3.98472866478268798e-03 2.15168330371040377e-03
1.97513048838659838e-03 -3.69297902596830247e-03
1.69035527433488743e-03 4.47194972055727467e-03
-2.72634078744757357e-03 5.35888885385202730e-03
-1.75941395029267965e-03 -1.68406173092771065e-03
-2.52050002375368105e-04 -9.85433547709741624e-05
-7.44459880230553383e-03 8.39376527622529619e-04
-1.84958348245184380e-03 2.92483414381314658e-03
-5.52695690058027135e-03 8.12190879529010130e-04
4.07525307624900367e-03 -5.92894311339596525e-04
-4.74239632585843340e-03 -2.60538807840210950e-04
-1.71370031629952506e-03 -6.55630010316479543e-03
-2.82138739102344134e-03 -2.71702297505480592e-03
3.63603988404967871e-03 7.65200774180785403e-04
3.29278808062051682e-03 -3.91734769880141675e-03
-8.69910118161048435e-03 -1.66116277582348281e-03
-5.21828038030101317e-04 -1.24547560166144160e-03
2.41440904234866164e-03 9.73870241394255657e-04
9.40889272301289790e-04 4.13545245058735971e-04
4.40765961303462152e-04 1.63305190726289345e-03
1.82492095040991337e-03 3.06098530780989564e-03
1.17748981713997460e-04 -1.67619821948992672e-03
5.92439343716143641e-03 -5.66890484178070395e-03
6.17140425455015446e-05 1.97198057721701845e-03
3.83577359300012102e-03 -3.81403542628588671e-03
-3.90586023242149279e-03 1.42252704359887932e-03
5.10848736224461548e-03 -4.55173613668823692e-03
5.56941471617098966e-03 6.16673455185322034e-03
-3.90159877642621286e-04 2.97360050279037690e-03
-6.06993423104322202e-04 -2.80719673673827160e-03
-6.29418146171739634e-03 8.81648513874762514e-03
4.94513841323971563e-04 2.98172721621082397e-03
-5.11278494166573366e-03 3.85411498043845141e-03
3.93012972958292281e-03 -1.42402242050345611e-03
-3.81107659117950904e-03 -1.53712359960195234e-03
-1.07766865900358190e-03 -4.96157477389343789e-03
-5.53838534325739283e-03 -1.99716179366711327e-03
4.97034887071847332e-03 2.03718142680924365e-03
1.16497539071245618e-02 5.34901219167409434e-03
-1.13368647988246717e-02 -9.27262618132832124e-03
7.83321019789009164e-03 1.69972731840913787e-03
-4.47749476228216203e-04 -2.40909669633163461e-03
1.02095833643550578e-02 9.02271492603605278e-03
-7.36256047059367230e-03 8.22062920449782332e-03
-3.88865547085784965e-03 -6.16426375868242039e-03
5.63082171513327838e-03 2.78082910916820471e-03
1.55865478186352924e-02 -1.12330379701777051e-02
-1.51390134721734373e-02 -2.75540101769159275e-03
5.20191645495664441e-03 -1.79832199338742990e-03
7.60243614861736035e-04 -5.07125139270146177e-04
3.88525106263915530e-03 4.16601264380849368e-03
-1.03133831379566927e-03 7.53613037248723142e-03
-3.90668686281971838e-04 3.53310005118564032e-03
4.31876186130138845e-04 -1.44186345678690825e-03
4.99893128916030927e-03 -2.52523452657980537e-04
2.00885011953420769e-04 3.54680133759421173e-03
3.16636009398077109e-03 9.32631887432360245e-05
-2.96158341183991878e-03 -1.63780399995153169e-03
4.32970266752176914e-03 -9.24146621898936141e-04
1.92435198494871550e-04 5.84517766347561907e-03
-1.34588010885849040e-03 -3.87119674774551018e-04
1.56315280160734902e-03 -4.59941958785340407e-04
-9.93353874773520969e-04 2.49088630498525828e-03
-4.12437009346057915e-03 -6.33674731964936773e-04
-2.65309779989740925e-03 9.94933661248611134e-04
3.04137988714655964e-03 2.62213668456482785e-04
-1.35687747379606167e-03 -4.99076078024242331e-04
-3.83269924124687628e-04 -1.49065264406864051e-03
-5.02730565482654643e-03 -4.50605602641346303e-03
2.43178674776071578e-03 1.43319043015762565e-03
-4.11731996892124655e-03 3.16534089841408791e-03
-9.27481963643607930e-03 -2.97034356933125214e-03
-3.39798800368652917e-03 1.20108437265870256e-03
5.74773627610188683e-03 -1.08799102465986027e-03
-1.24426473220638116e-03 4.47675191755147941e-03
-5.52217939225857230e-03 -5.35956975242960366e-03
1.93723171585430268e-03 -4.07719075915050078e-03
7.06076186096036076e-04 4.62345337263689229e-03
-8.43949181447935541e-04 1.51874617108196095e-03
4.78686052137057886e-04 -1.20939179278693795e-02
-1.29789007214205915e-03 -3.79990868096647706e-03
-5.91079274188862231e-05 6.02915173780939166e-03
4.09527726206831605e-05 -1.34276000268987450e-03
8.19088780685692675e-04 -5.88835075974000538e-04
3.73268746770954635e-05 5.17064947240105949e-03
-1.51008605267157056e-03 -3.89014022961755050e-03
-4.27184308457844754e-03 -4.28102288070470859e-03
1.96170506619081694e-03 1.37269650199490206e-02
-3.97177805090148141e-03 -1.44967688375199932e-03
-5.46011837928821815e-04 -1.51707771257098456e-03
-1.36924713138521724e-03 -7.54959729046853281e-03
3.66310346746000865e-03 -4.00738132338857955e-04
2.48790043060328212e-03 -2.36374175512978763e-03
-1.73046660562752291e-03 3.50835234769452135e-03
7.03831774932983656e-03 -1.14090900056666184e-02
5.70538072481330521e-03 -2.57400689029389047e-03
8.39551009497959896e-03 -5.16327016646229812e-03
-8.00805590080607213e-03 1.30223365038438532e-03
5.39647112796244697e-03 2.01467472220506543e-03
1.58228264029162307e-03 6.59143485850057984e-03
-9.31072424434381649e-04 5.14308155108036697e-03
4.15613052441159627e-06 -2.66956079276046976e-03
2.90688968384229763e-03 -6.47552913223710868e-04
6.23138212160149227e-04 8.47244350674643786e-03
1.34829980618704514e-03 3.45328590833762935e-04
-2.64344280456038812e-03 -2.70730988504995105e-03
3.42547468497907777e-03 -2.75042886436358209e-03
3.09451040276631777e-04 5.16731279230726002e-03
-4.17359307622649795e-03 -2.46848479885885890e-04
3.51854752723460744e-03 -1.65269324363721782e-03
-3.50612863608816203e-03 -7.20024367816416311e-03
-6.73379518687512724e-03 3.97591993117706651e-03
-2.09594246448516468e-03 -2.75634768191960556e-03
2.05134482796848813e-03 8.63724342267855943e-04
1.66744659552934020e-03 -1.72588524341733178e-03
3.25913922591096646e-03 5.94547040886826542e-04
-5.37211923495181480e-03 1.77026676467644450e-03
1.14617382870563418e-03 -1.52319622811546238e-03
-3.92058628489033029e-03 4.78050987203007711e-03
-4.45846673904672607e-03 8.42857392640292136e-03
-3.73865740324239026e-03 3.77110348669928205e-03
3.08211895979771354e-03 -5.05749893156024876e-03
-6.75607972522577387e-04 1.84231969370892042e-03
-6.56287868667214738e-03 -1.69786583932944601e-03
4.45976357080930808e-03 -2.25940337939554211e-04
-3.86883317328900458e-03 3.01179842012877117e-03
-2.94234006689921826e-03 -4.20372844404772947e-03
1.24783041832285165e-02 -4.59916590182695133e-03
3.81502629105834150e-03 -5.19796949885027292e-03
-7.16505054961705072e-03 3.64373112420075937e-03
2.82553252263308997e-03 -1.16251267150406165e-03
2.59438995778148466e-03 1.56361761978986787e-03
1.57781094517878031e-03 2.85398497304541242e-03
-3.51026950932561044e-04 -5.89967841943335306e-04
5.50489987196526535e-03 -8.88296154973220543e-05
3.37884185270766798e-03 5.02639271893157874e-04
4.06106900934987726e-03 1.81116078321495359e-04
-3.87869971427603480e-03 -4.64853250744196879e-04
3.35555964123221027e-03 -4.49182326783103191e-04
1.11391781713200363e-03 5.72600409126481757e-03
1.29412747492435695e-03 2.60320333802913399e-04
-1.29963023981837715e-03 5.29470850449941031e-04
-1.90085651588301429e-04 -6.64663812657991697e-04
3.56189014277663151e-03 -4.80624684651825059e-04
1.32093311790590991e-03 -7.51567921691384099e-04
-1.98283909425169642e-03 3.07877100710397074e-04
5.99105998617538329e-04 1.78172614924521006e-05
2.88796646615657683e-04 4.75713126827849767e-04
-3.07569094243217251e-03 6.08036708338013736e-04
1.18242375249530320e-03 -1.36451767066646717e-04
6.84636188487153371e-04 3.95543503628976219e-03
-2.81202094712127782e-03 1.73476239675907236e-03
1.31428358016046147e-04 2.64450791768984809e-03
8.85933254514246582e-04 -2.91448729753946171e-03
1.35894129591367639e-03 3.02643065647438449e-03
-4.72973741216648359e-03 1.05626690011480923e-03
4.57922305842345520e-04 -1.82610414954687494e-03
2.87342072516187663e-04 1.64832177217800894e-03
5.35933522780882368e-03 -2.43231152057126745e-03
-1.18495908236257788e-03 -2.29411428223924834e-03
2.78329767197779340e-03 -5.95820874982612024e-04
-1.37670157038097675e-03 4.93903797913156924e-05
1.24585239359170977e-03 1.59427367408206664e-03
-7.53859724378769377e-04 2.49128277013371683e-03
2.20496409998466612e-04 -1.99579663402451891e-04
-2.29958336980621431e-03 -7.00945888036847418e-04
-1.09348126354700606e-02 1.27541645729858737e-03
4.16174199651265023e-03 6.57504262088971347e-03
-7.67615126539154639e-03 2.00676857883899011e-03
3.54335097414963359e-03 -8.78780722119306855e-04
-8.48630464776567971e-03 -2.06546257375125062e-03
-8.48312364736571829e-04 -8.55818790943904846e-03
4.90974618614850589e-03 3.32355144128129081e-04
-3.45028549872701323e-03 2.43709756511517259e-03
-8.57913376493664795e-03 1.26446301986372946e-02
9.83206816951137652e-03 -9.94496968134974194e-03
-4.61615498068233213e-03 6.98847917071851319e-05
3.91737114431092389e-04 4.64684624297478834e-03
-3.84699933597250007e-03 -2.90977297712952587e-03
-5.77675051451059384e-04 -6.00715964965673442e-03
3.21496025817839164e-03 2.60181546143820313e-03
-9.81335635073686628e-04 -1.15898621623971459e-03
3.90308117802190199e-03 -4.69481303939078137e-03
3.56314544466008977e-03 1.23983776087740745e-03
2.84558834813289320e-03 -2.88871570418936440e-03
-3.82341525435969361e-03 1.81412214764190395e-03
2.44990598761201479e-03 -4.27419699583796425e-03
5.56828364445866811e-03 4.26545062327244717e-03
-8.87847848226282275e-04 -7.35485383929576414e-04
1.09743970886152262e-03 -1.45918108022040648e-04
4.26223093286088109e-03 1.46427391627277563e-03
-4.36944204404656009e-03 1.62991933118952331e-04
2.17316752538077810e-04 2.13458181720253609e-03
1.76863045257485973e-03 -1.54723583264210771e-03
-7.22429649321581981e-04 1.48678113773459712e-03
-1.83713596820497447e-03 5.34041011175498534e-04
-3.76746073407832355e-03 3.35347839012574075e-03
9.74165976232045975e-04 -1.63883333958966533e-03
8.97127314342870260e-04 4.14011383026173605e-03
-2.12117923580767585e-03 7.16301194258897080e-03
-1.06100722654414286e-04 3.32494502695433042e-03
-4.94951518083405070e-06 -4.69692873527447798e-03
2.18142982330977097e-03 1.58295002373152810e-03
-5.07047249766149049e-03 2.79651350331751184e-03
-3.09744172384016168e-03 -3.43611028508469373e-03
4.63089097772718169e-03 9.26700063007438054e-04
4.03048191639957410e-03 3.06879291950642487e-03
-1.25752371231321255e-02 -4.64990358071658196e-03
-3.50620380699919300e-03 1.60481379203192102e-03
6.27436382546741039e-03 9.33592469979077156e-04
-1.86419621516254017e-03 6.23575319672410957e-04
-1.77889416928713752e-03 -7.22734826467204294e-04
5.69160766591876848e-03 1.53626412202048689e-03
-3.81122578505416979e-03 9.07694423566030679e-04
-1.29502585851435184e-03 3.20105922306131553e-03
1.42512074185626430e-02 -1.12527104067324814e-03
5.71301306707823280e-04 3.30643522966361358e-03
-3.39688790542795518e-03 4.80769288107933809e-04
-5.22809593263321489e-03 3.99684424961979103e-04
8.10243358749757102e-04 -5.14241716533227959e-04
-2.46541562956016300e-03 -2.76481658833815751e-03
3.81636845458392182e-03 1.82769676401561246e-03
-1.09163248768710201e-02 -5.48020267262316722e-03
-3.72448985822276422e-03 -6.49686626359971195e-03
-5.77124069318324818e-03 -7.70407390014949452e-03
2.23262867226685672e-03 7.97134656252750616e-03
1.38721452610305793e-03 -5.25092892236892362e-03
6.00353314338294107e-03 -2.02465125829886464e-03
4.36932785092210025e-03 8.07980488465134578e-04
-2.02377034738094241e-03 3.33618295427485470e-04
1.20102895784733794e-03 -1.58058448551023564e-03
7.33150680071199563e-03 -1.93736713586258979e-03
1.64420444068097611e-03 -6.79782984467220612e-04
-2.94502040255869083e-03 2.04449441618688877e-03
-1.31073483269517955e-03 -1.77726416920659532e-03
3.70194550883639175e-03 1.09578933598914146e-03
-1.25589076409588266e-03 2.29144947918586209e-03
8.47825101565044184e-05 -2.63393240824923202e-03
-3.16826476335670820e-03 2.78366983081192697e-03
-9.50987019016294433e-04 4.78352791851513817e-03
-2.40267125467820159e-03 2.34385365309979941e-03
2.20163208616152217e-03 -1.97893678675467024e-03
-1.57681799112986492e-03 -6.25723235481961634e-04
-2.68906524572724739e-04 -2.10241364306699464e-03
-2.68415567957973247e-03 -8.04852495102503481e-04
2.42479003730908032e-03 8.25484991781183031e-04
5.69584163078104035e-03 2.15808667105088546e-03
-5.68444781605018188e-03 -4.09671053621758850e-03
3.77521462250307626e-03 5.45321696283661782e-04
-2.81985352270765677e-04 -1.10618613253614536e-03
5.12155221690497025e-03 3.97118964022277407e-03
-3.22442040482167789e-03 4.11227911343830816e-03
1.51607820498039997e-03 -4.71676476585834953e-04
-8.23563466973031453e-04 7.09168666264917732e-04
4.71837951932814383e-03 7.65769185286119258e-03
-6.69239776612124402e-04 -2.90313960814367117e-03
4.10623160721434058e-06 4.07935588516923544e-03
1.61035150456849256e-03 -1.59029456223971043e-03
-2.51887463156290651e-03 1.93075428153192583e-03
-3.80682859318621104e-03 -9.96090385310271359e-04
7.07565907117856043e-04 -1.43900246034389906e-03
-7.64599957363563726e-05 3.53950571180058991e-04
-1.22811601071790683e-03 -2.14744996149465826e-03
-8.08706410702204957e-04 -1.75914095502086487e-03
-8.09135676534079515e-04 -1.68915789340112841e-03
7.82061472169833525e-04 1.70009576591773114e-03
-8.80166665704664938e-04 -1.09029315712880258e-03
1.95571736062661412e-03 -1.78818727297199581e-03
2.24440396869070779e-03 -8.87625386308998421e-04
-1.44022523619219650e-03 1.71839474735082211e-03
3.63290357088425983e-03 2.93964565813519723e-03
2.53743865122517658e-03 -3.71083720870395151e-03
1.77783408920605557e-03 9.59905770664017891e-04
-1.27571938106849970e-03 2.56258371368050866e-05
-4.63124856466921669e-04 1.32758981847089447e-03
-1.87059821673848546e-03 4.85736875774136329e-04
-1.98980441302536127e-03 -7.28969429045672680e-04
1.34166470218186193e-03 7.89367121105644630e-04
2.47862002159505166e-03 3.08164997650627048e-03
-2.81645452998743580e-03 -2.50320299157646801e-03
1.70387243886763835e-03 1.61907986668578655e-03
3.42975939959971757e-04 -1.35020660045599553e-03
2.09262115845257552e-03 3.61136786226449492e-03
-3.53556380138609315e-03 1.62306953575589883e-03
-9.01854338954355145e-04 1.12610139730111820e-04
8.47885320818975922e-04 -4.70596501290284123e-04
-2.70717928972802856e-03 3.80784160572369263e-04
-1.45508374290813781e-03 9.14199932698092161e-05
-1.97706253056762491e-03 -3.95691088097426913e-04
1.42615610364548611e-03 7.69426032260772967e-04
-4.46844505443567269e-04 -1.06379977151201382e-03
7.72995942563752697e-04 -1.13840699685485345e-03
1.24038311409176648e-03 -3.30899984106854984e-03
-6.44734572248277624e-04 1.84853504772037919e-03
-3.16706550653256865e-03 1.05972401361298244e-03
1.59731271167609591e-03 -5.19622230320508638e-03
-1.58532002297465374e-03 4.32181783352104986e-04
1.75696648241618100e-03 1.72335491045975996e-03
-3.72902608242968187e-03 1.80422485898985461e-03
-3.36547975524998700e-04 -4.36607296576499611e-03
2.99341309570461730e-03 -1.27169051158441065e-04
-2.38662993484179548e-03 1.52437696076153134e-03
1.90165131380767394e-03 4.12170540415880693e-03
5.05852089915448562e-03 -3.50802658736192952e-03
1.51148092284327179e-03 1.04362557963904971e-03
-1.80814740785857522e-03 1.15527699980287390e-04
-7.82709214725780915e-04 8.93783548671672106e-04
-1.73761280623711367e-03 -2.54886419871911394e-04
-2.46181235514782116e-03 -2.22895258479344953e-03
9.01703553240413343e-04 1.68366183724400560e-03
-1.14825688570012571e-03 6.14338385727378460e-03
-1.66354890768664236e-03 -3.35472924339342421e-03
-5.68650390020246214e-04 3.80462878154485401e-03
2.25906628688709449e-03 -2.00479916253939973e-03
-1.27995787119388545e-03 5.79863983550102380e-03
-6.25013527212544672e-03 -1.97966799408279140e-03
2.55820667243095547e-03 -1.63403595215726562e-03
-1.37136231400970094e-03 2.67195879407684973e-03
2.75127272031968099e-03 8.59669165573554404e-04
3.50765049603508992e-03 -5.52987188588277383e-03
2.11858428837038027e-03 -1.02034304294186160e-03
-2.29571837420467287e-03 1.61955494234227002e-03
4.56599465528929448e-04 7.44156299771624673e-04
-7.52735208018371011e-04 9.92199730412813598e-04
4.59664914193647078e-03 1.83400778265962756e-03
-3.12049405569175212e-03 -1.27923954480963051e-03
-4.33605941712363139e-03 -4.60716067046554670e-03
7.94587496526126709e-03 4.43542079672302591e-03
-2.69279388373699045e-03 -2.03373546562642246e-03
-1.47435636673232898e-03 2.28071551259178369e-03
-4.52229095188250423e-03 -6.21076797171865851e-03
6.23796603522582069e-03 -2.61059824307977202e-03
2.24218055085426051e-03 3.60842643808301222e-03
-3.33045329366154661e-03 -1.80800778904507335e-03
-6.61043521045587799e-03 7.18832601268488188e-03
7.92586414007195005e-03 2.33883003180088015e-03
-2.23155893680516276e-03 2.32293731673565091e-03
-2.83959026111697788e-04 -9.45425681669283041e-04
-2.48189419450682396e-03 -1.43303797001048867e-03
-4.75862475761289921e-04 -3.87904583574914157e-03
-1.53786746507615017e-03 1.16738052565245904e-03
8.75347998558811220e-04 2.56889196986019618e-04
3.90009660006362512e-03 4.12627234290197618e-03
-3.20414246137595696e-04 -5.32678391936056714e-04
2.77075191095405493e-03 2.70726961007615322e-03
-1.24484627580682527e-03 -2.41636111406387565e-03
2.75271535732288155e-03 3.54636676555433912e-03
-3.97370151469534586e-03 3.74828459089422607e-03
1.21034674778301298e-03 1.81077892691820504e-03
-1.25305061192538983e-03 -8.97974857105009964e-04
-7.15049995086279849e-03 9.98441681129726838e-03
3.00929581139684895e-03 -1.84346494181692648e-03
-5.20764426485608670e-03 2.36319212576681413e-03
3.01767761856199445e-03 9.33143730856127998e-04
-3.81710232938174037e-03 -2.11787675969703519e-03
-7.92928145558068889e-04 -5.34739847877000775e-03
-2.05043165628508760e-03 -1.63662665530541797e-03
2.46184738097889304e-03 1.50784710738999196e-03
6.69452534640655687e-03 2.26281886191499488e-03
-5.29212499468366057e-03 -6.81441129251675153e-03
4.72359207609017537e-03 3.83456782295870128e-04
-5.92099092705433076e-04 -3.74058748825263545e-04
5.33912503332481785e-03 4.77786592931436858e-03
-3.01059098225404118e-03 4.37923703171325899e-03
3.85668694560830977e-04 -3.94775393601446648e-03
1.44758752649409026e-03 3.31551012508704904e-03
7.83599764694515276e-03 -2.29771678089867471e-03
-4.01577383003272077e-03 -6.42597348576063633e-03
2.75982256400794049e-03 -1.20833609632901872e-03
-5.83871234534229190e-04 1.44379634548494752e-03
1.28321166295070608e-03 2.00265146824089510e-03
-1.22266197056038303e-03 3.05495048690887679e-03
-4.22562610047846812e-03 1.43903944649835178e-02
-3.18819019993139266e-03 -7.45119219262305003e-03
-7.64959487100690203e-03 8.26237678048735019e-03
9.94166480852979977e-03 3.27874756334281398e-02
-6.93913632580566569e-03 9.68369026976399934e-03
-1.87770172531412155e-03 -1.25671889843852729e-02
-3.74358952704744678e-03 -4.65556973103612663e-03
-7.78709757203325994e-03 2.38877841268535576e-03
5.09149524498733914e-03 -7.67078008971865035e-03
-7.08272980807214442e-04 1.11154960091326589e-02
-1.45919958917686190e-02 -2.09017827709025023e-02
1.56723355606015156e-02 -2.23669425017683117e-02
2.43908321873223706e-03 -2.31520291227865424e-02
-1.21941370888190084e-02 1.96378595018550026e-02
9.62862080700078136e-03 -8.08227310218134244e-03
1.34217992582405313e-02 3.74046583094589380e-03
6.01323522826250137e-03 4.94192025321336156e-03
-2.00327140692117475e-03 -6.10785405040238844e-04
1.00780029327906789e-02 -1.93747266359321811e-03
1.06186598364329931e-02 -1.31943913021057512e-03
8.00773196874457298e-03 -7.29921937250400574e-04
-8.51458782106083618e-03 1.22572152476970483e-03
4.67367559242246825e-03 -2.27073088798062945e-03
5.12759624330587881e-03 1.01348300214552552e-02
-6.96094983582286005e-04 -1.52032497048276358e-03
1.32808845143848062e-03 1.29734859526375499e-03
-3.40991732767708137e-03 -4.80535128244966112e-03
-5.59503338858719770e-04 -2.84178352187909773e-03
-8.37458488547367184e-04 -4.29658697375308578e-03
-5.97098318140323772e-04 3.53707853507490922e-03
1.69264840507280141e-03 -1.88478646915626403e-03
2.97726707449890056e-03 4.49062083225986017e-04
-9.41811424013073864e-04 8.23690834685747095e-03
-6.40746671017630411e-05 -3.86720528087612300e-03
6.10046968265463493e-03 -3.14678547182812012e-04
2.13061612703313976e-03 1.19746601768855841e-02
3.40934852027047989e-03 9.73667099624394021e-04
-5.05147399182203586e-03 -4.24898642511317877e-03
6.00248156242268790e-03 -3.52351992389546374e-03
2.24122707176240682e-04 9.36568844653450083e-03
7.01491239219860849e-05 -4.31894072943501267e-03
1.43551530641438762e-03 3.41924299592874558e-03
1.26172194176883516e-02 -8.02653555429453519e-03
-4.40018204700637090e-03 -3.90548079269034155e-03
6.65174429745653707e-03 -1.94401829258524211e-03
-3.08567466807625279e-03 -8.61850689387688669e-05
3.56296961409348790e-03 3.67319878394149106e-03
-1.11174871431246190e-03 6.45807518070571056e-03
-3.93081768118623814e-03 4.61943323982473564e-03
-2.84963039577498410e-03 -1.43034026854518630e-03
-1.20825000507245699e-02 1.55558153718711300e-02
9.82527481168994112e-03 1.53452404018617362e-02
-8.44604272093867764e-03 1.31481528166629922e-02
3.19403548819972675e-03 -1.00158711758425011e-02
-1.02727931687324990e-02 5.45280547745183048e-03
-1.38476214775557546e-02 -6.52199219758320230e-03
3.53466154621364000e-03 -7.83264268466070564e-03
2.73517542829244563e-03 7.80074478432598792e-03
-1.72398161910414558e-04 2.63665102116772340e-02
-7.81157152502864709e-03 -2.86193110302028243e-02
-1.12398765535000628e-02 3.43644600928995044e-03
1.10762501938247646e-02 9.25207879677517227e-03
-9.22601940137624324e-03 -1.58049145368112007e-03
-6.01369940126870398e-03 -9.07148103030794815e-03
9.14157877477379463e-03 2.04338406728536573e-03
-4.28476523646544559e-03 -5.98064058869505772e-04
2.17982319177728926e-04 -7.92292731220366024e-03
1.30743468755385919e-02 -5.63889496866471613e-04
1.28667817845517368e-03 -4.43219873569792623e-03
-5.26996572152943227e-03 5.49880002146791672e-03
-3.06715861900182067e-03 -7.94934066950948523e-03
1.13273184259023389e-02 7.39407450841986008e-04
8.65814407502161262e-05 1.25691654252981368e-03
-5.70655032081006678e-04 -1.63820480934025073e-03
5.37750885260419604e-03 7.72956772415582527e-03
-2.61751444715525427e-03 2.71839638165832786e-03
-7.78228763565996486e-05 6.39904627568503668e-03
2.69669541309345466e-03 -4.57122799715088245e-03
-2.98533603712945782e-03 2.61466077761529983e-03
-4.49743034406877799e-03 -1.04411425031640244e-03
-9.36843048016852871e-03 1.06810998696207880e-02
3.28795588128939342e-03 -6.84277025781134494e-03
4.47725576849707790e-03 9.74823350212344138e-04
-1.06079789660716885e-02 2.32398060180419308e-02
1.89630582631432478e-04 1.87138808595041484e-03
-1.20559471579592117e-03 -9.66633383581600933e-03
9.94533999248465098e-03 -3.67753466798928421e-03
-5.27715258005162762e-03 1.00083928881328828e-02
-9.22226873395461631e-03 -3.23386241785359255e-03
1.00401398556524950e-02 -2.02174991711160995e-03
-5.64876733760468538e-03 -3.21376839277710596e-04
-2.31887493767700924e-02 -8.62088524089205848e-04
-1.10969776798010705e-02 -6.79762850979943292e-04
1.27635561082545708e-02 3.15388567961016756e-03
-2.36604220833793290e-03 -3.41604020168302701e-03
2.32314185880055316e-03 -3.74428277122741335e-03
9.09951754246660777e-03 2.95779071786250475e-03
-7.89613521729818149e-03 1.43127364265835150e-03
-8.51458722193461533e-03 9.71381781446412594e-03
2.80424103054192110e-02 2.25917569091013161e-03
-3.30633378448894153e-03 9.37171457552312369e-03
-3.76500945641875581e-03 -1.41739871928336469e-03
-1.42984228269123458e-02 1.84725479866940600e-03
-2.20210080227719760e-03 -5.52055178343505929e-03
-5.59973269684677089e-03 -3.49444107188614812e-03
6.98006032092156770e-03 2.46115311167400186e-03
-3.26880463240629762e-02 -2.04835849420184346e-02
-1.11836919899561114e-03 -8.78583086373955699e-03
-1.20625841734980123e-02 -2.18519929486852491e-02
7.57818615989545993e-04 1.89549131901152988e-02
6.09769487978571029e-03 -1.44479957657760727e-02
1.82633077895491512e-02 -3.97094983660204858e-03
9.01280600186559269e-03 8.32141458883088646e-04
-4.62844687705486844e-03 3.20606718846460411e-03
4.34623982567344802e-03 6.63048564650805042e-03
2.07673870317041896e-02 -9.56510880481867450e-03
5.81971675789513376e-03 5.33641612297454122e-03
-6.93116601436452855e-03 1.46703172325153368e-03
-4.22890849565841446e-03 4.58766032631692695e-03
-4.97699341634231612e-05 3.21021480537717627e-03
3.69231003974977278e-04 3.14554174619306563e-03
-1.50825565105316864e-03 -2.93645056664878839e-03
-1.33639192310074595e-06 1.04911929493198934e-02
2.51239672307514833e-04 4.35963328631017947e-03
-2.40073546548699160e-03 6.82720935830368348e-03
3.31482232810800543e-03 -4.41634451124123337e-03
-4.15731432462938897e-03 1.04564860940740728e-03
-3.81062351590880869e-03 -3.49762400108358067e-03
2.11220456685631570e-03 -7.98007266247766989e-04
-1.08735128984100782e-03 3.65375791214878672e-03
5.24615096802608007e-03 1.18247722850386792e-02
9.99574175930597643e-03 -9.81357502877104257e-03
5.54887431925458596e-03 7.98935616926007772e-03
-3.22819365666590034e-03 -2.31666030164913959e-03
-9.27174976861757077e-04 1.03681007214345925e-02
-8.00337073781589615e-03 3.44262471952299330e-03
1.66757241182933971e-03 -8.74255077445665113e-04
4.10230680683747087e-04 1.50381335831738521e-03
-9.68551093219353204e-03 1.85176286427389918e-02
-6.44999261108610152e-04 -1.16558873893362266e-02
-1.05306068468249987e-02 2.70194062937364381e-03
7.67627010864575365e-03 5.01514718779948535e-03
-7.03320644364019594e-03 -3.67602977080844868e-03
-1.86186382624415670e-03 -9.19051226493795143e-03
2.77842128610810779e-03 -2.30929502660476283e-04
-6.41093047759748626e-05 -7.00870460462134923e-04
2.34958079291961103e-03 -8.57368545203080271e-03
-1.45743848929367537e-03 -1.61588864272785900e-03
1.48255641145878165e-03 -6.21342902622874175e-03
-1.63070683052987187e-03 4.30885818938356313e-03
2.38260953104312521e-03 -5.73146562915453645e-03
8.13032734145175545e-03 1.52341855283299413e-03
1.88496119879005765e-03 1.22887708609369876e-03
-1.80526272973649950e-03 -6.36938443585405393e-05
-4.05915076920013163e-03 6.86218379120949809e-03
4.31749557533302013e-03 -1.98859508499127889e-03
-2.38955708785078139e-03 1.46990219706117373e-03
7.36152808702286244e-04 6.51520592194128204e-04
-2.33275504437009977e-03 -1.08590618341803421e-03
-7.88166795710343402e-04 -3.20347893138963388e-03
5.03271952428967413e-04 -8.18302391370988379e-04
-1.11584563733363624e-03 1.68852128822949378e-03
-1.75026624819420813e-03 6.97362366758210762e-03
5.59318607019361220e-03 -2.61833415695382011e-03
-3.60061291279189252e-04 5.05543720317382095e-03
2.55747290474375580e-04 -1.78931979293248263e-03
-3.64731029804552312e-03 5.03537664273579887e-03
-5.13824867823009859e-03 -1.85048564547140269e-03
-2.96044516019140346e-03 -1.51405141939475263e-03
3.15583802471908811e-03 6.88476294664372586e-04
-1.02663477516954319e-02 -1.22635603236685483e-02
-1.60211655391294134e-03 -1.12246468744539238e-03
-2.63864888772558917e-03 -9.14803515762065492e-03
-8.80851117122272154e-04 6.40220677473288344e-03
3.91250847728954413e-03 -4.79547055551770088e-03
7.51961231464901621e-03 5.42828255747768965e-04
6.79939703507422607e-03 -1.08009430611751499e-03
-4.27674379669093583e-03 3.13670019855491131e-03
-1.75906639739761643e-03 6.80252062659388989e-03
1.70913131891106511e-02 -7.47110736142239315e-03
1.09943582712593757e-03 5.44454536120297147e-03
-2.92440372777396079e-03 1.09734457789073970e-03
-7.55302393253052401e-03 4.41193997573559055e-03
-1.52839406525011735e-03 -2.41863713303348436e-03
3.08462687938319390e-03 8.07620052289404139e-04
-2.65561697676441324e-03 1.51495484942053472e-04
6.51175103250221411e-03 1.35134908617372453e-02
1.78278513263933729e-03 -2.25714805028808625e-03
2.99710726560389179e-04 7.59165074122543793e-03
1.84677617118673369e-03 -3.80043256739426337e-03
-4.42082261646940117e-03 3.14528278364383960e-03
-6.40096427652404095e-03 -2.13935997389558610e-03
6.15796958907451107e-04 -2.17922064842019378e-03
-1.31117536586181408e-03 1.39484068839752876e-04
-8.32922892041140436e-03 -1.42276100489244434e-03
9.48100836776356220e-04 1.57058851296165529e-03
-5.81122091939590898e-03 -6.22829971237836557e-04
3.48029144680386208e-03 1.37992817502548899e-03
-6.28270173232090695e-03 -2.10560954731965145e-03
1.32023920815459595e-03 -7.67937623147183120e-03
1.13027806193483835e-05 4.23110650478401504e-03
-1.96830112078529625e-03 -3.22553984131372434e-03
-9.04126906131735679e-03 1.09150680155792627e-03
5.93107942645343996e-03 6.62003637545960019e-03
-2.36220154456172988e-03 2.55702620413793703e-04
-4.93926667713080682e-04 -9.88382954855743625e-04
-7.25872918414539425e-04 -2.41143658284930255e-03
1.96365225010195670e-03 -2.89318663577310155e-03
-1.24901386331827103e-03 -3.09012669642293311e-03
3.51388579854302902e-03 7.43181424063654511e-04
7.82839502370746496e-03 -7.07533908360317206e-03
-1.14946365025298831e-02 -8.28893796765117589e-03
4.90258062588980886e-03 -6.72098713110205574e-03
-2.10217073851401513e-04 3.91377904150516393e-03
8.15623514054494153e-03 -8.86705299981285040e-04
4.53815651490419893e-03 4.40953252879105247e-03
-1.76851973933990166e-03 2.34803209146690166e-03
-6.87333925741784812e-04 -1.97980743340592843e-03
-5.02458848628503044e-03 -2.05046109438736038e-02
6.22647827212251172e-03 1.07751528550070873e-02
5.57310527590885660e-03 -8.11766086673849571e-03
-8.04363913340325545e-03 1.99814939402698569e-04
7.46599647204277458e-03 -1.79664858907658555e-03
7.36942421463007442e-03 5.51788424728413222e-03
-8.24822580092485040e-03 -4.29990804429139766e-03
4.82666421712019730e-03 -1.14561335772261322e-03
-4.69140682839163867e-03 -5.86526261174026044e-03
-2.11332271125425145e-02 2.56558294257693085e-03
-5.50031110057685318e-03 -5.48482707229956158e-03
8.08109187082291062e-03 4.06823451217820111e-04
2.92104976391546626e-03 -2.04234870046800243e-03
-3.46780733320633313e-04 -5.47472115626799257e-03
-3.79157032879976061e-04 3.58409990618750165e-03
-2.78204911302426441e-03 -3.56742908701633511e-03
1.25957841728734695e-02 -1.15676780380897775e-02
3.10471990996114000e-03 1.60353387284911525e-02
1.13184612100819780e-02 2.98846223476341823e-03
-7.20593321645440592e-03 -9.69470442064036646e-03
4.59948280961205384e-03 5.72961164325320928e-03
-1.79128811782710380e-03 8.02431306032598719e-03
-3.00481828118707734e-03 -2.57271066197036847e-03
-1.21058163481921506e-03 1.62970382572631385e-03
-1.14704591129065215e-02 1.09192565243936297e-02
3.19052457189300878e-03 2.10129778115902138e-03
-7.61201404858298861e-03 8.16492375188974245e-03
5.85227833973097408e-03 -4.26306022689780344e-03
-9.84861226261858971e-03 6.62919182012978048e-03
-1.02317590646916774e-02 -1.01095522146476390e-02
6.11433427759472577e-03 -5.27650251724564646e-04
-4.67811739076657868e-03 3.33684968931167525e-03
3.68004462709876738e-03 9.07548732311570620e-03
9.91487004487407071e-03 -8.04284298647578444e-03
2.62273734540379366e-03 2.11168916064117607e-03
-3.27406217480946584e-03 6.25894507359911240e-04
-1.84287926192734370e-03 1.68145704388180956e-03
-3.61558466854888360e-03 -8.15467589258876886e-04
7.67511883321593796e-03 2.49313573325921816e-03
-4.68128522076319276e-03 -1.30576238158037713e-03
-4.43287613510505354e-03 -6.33572177759383209e-03
1.30015202831504379e-02 4.04257340004240961e-03
-2.28904836222593427e-03 -2.84491886711350133e-03
-3.22695487734869606e-03 3.82792358466507547e-03
-5.94528986549106454e-03 -8.23929663883709619e-03
9.33814055745047292e-03 -2.51042970266389213e-03
-5.83729872330663885e-03 -9.79541714068750966e-04
5.23108012264840525e-03 -1.64017498136096937e-03
-6.01884589191029225e-03 -1.16351213360834840e-02
-9.18855359574786458e-03 4.09509015590023458e-03
-3.09086925038349128e-03 -5.46222745694485007e-03
2.45210390918076037e-03 2.61084728789215837e-03
2.94469312028489616e-03 -3.04990703435586248e-03
5.55970832554014607e-03 1.00583456783506883e-03
-8.78181142006448064e-04 -4.57015256898296812e-04
-2.81360196974019157e-04 6.22848374683554864e-04
-2.15934646770172363e-03 4.13661192078880902e-03
1.44633093452671969e-03 9.07027886443226712e-05
-1.29357408136891684e-03 3.00985755290769826e-03
1.12873262218492199e-03 -1.64347783825121037e-03
-2.24399898914632353e-03 2.77800750104229346e-03
-3.69502912182022650e-03 -1.86813659863765535e-03
-4.00373489465441056e-03 2.02126177786398731e-04
3.31961132255166819e-03 -2.13298819193111439e-03
-2.94878316591905883e-03 -3.10943533162701905e-03
-7.43860399297589184e-03 4.00340665044639915e-03
-3.12423655860111487e-03 -4.98708410169657729e-04
3.56511135576404814e-03 -1.62421398719891653e-04
9.18049805910071742e-05 -1.29843001495558706e-03
1.73016120324601835e-03 -6.37866666559600329e-04
6.11557459215031005e-03 1.82846938748253921e-03
-2.98942739159923808e-03 -1.53321811914079861e-03
-1.87022915285223884e-03 -8.90726427674174911e-03
7.16112139785442334e-03 2.85536214469397703e-03
-1.00343939385909016e-03 -5.25281948096532718e-03
-2.83095863583815530e-03 4.52137906702519861e-03
-2.45067197244207887e-03 -8.80697174259111037e-03
1.03972283764360244e-02 -7.91198039782746226e-04
8.79640444380942093e-04 5.30770620172520287e-04
-1.04342550850290163e-03 -2.20328748633586867e-04
2.87401479743785429e-03 2.47120812682319118e-03
1.00086797314648886e-03 7.70042300711735973e-04
1.20731144917677821e-03 2.20742749803495364e-03
-3.11288263986663589e-04 -1.83736466458940344e-03
-7.08868371767222452e-04 1.35829392279356378e-03
-1.82766535466860874e-03 1.96979779266881396e-04
-2.80915569447280026e-03 5.77097015358076556e-03
2.78189401277367842e-03 -2.62758308897243810e-03
1.25164815305645778e-02 -1.67092817307749257e-03
-5.80539076988305456e-03 4.69903324596095909e-03
7.66992325303466737e-03 -1.39715375344166923e-03
-5.06999776464099952e-03 -2.92418158084714304e-03
1.19499570788863946e-02 -9.69356323587380626e-04
7.52860663162618595e-05 1.30482218379058268e-02
-8.87892404313663647e-03 -1.35330053996697802e-03
7.54946597505644704e-03 -3.48962866902785725e-03
4.53979368511361631e-03 -1.41947154938124147e-02
-1.85757746162425671e-02 1.02701220686626359e-02
-1.25749280197217132e-04 -1.30878242642985419e-03
4.40386303250799114e-03 -2.89015265616020256e-03
3.34580654599093801e-03 8.76415901367139745e-04
2.49684979503517245e-03 4.43343399688464045e-03
-9.02421927744484790e-04 -6.94819990266854035e-04
-3.35967395882729597e-04 1.00717226042359629e-03
-2.07229668603403291e-03 5.46464204055660888e-03
2.12560665062543801e-03 -7.58191387048591709e-04
-1.08164523808565840e-03 3.90936749674132816e-03
1.13450530826318934e-03 -1.97430134497200878e-03
-2.57072194503590130e-03 3.92383280483778966e-03
-4.76039958715046042e-03 -1.94183991432291415e-03
2.20255655054465245e-03 1.16273736240579402e-03
-2.09144900186353623e-03 1.39983227343268903e-04
-3.16085807779822739e-03 6.50555111898235179e-03
4.88708072088168532e-03 -2.05697597035273865e-03
-1.64135447190052000e-03 1.46277293699949794e-03
1.43211661582406800e-04 4.61224571051997993e-04
-2.07315775461349404e-03 -7.49344072803848332e-04
-9.76433113931699762e-04 -2.72474555438304532e-03
-2.67274848048883141e-03 -2.27873523535295972e-04
1.44891566056249126e-03 -1.61656973446062599e-03
-2.35974436601868584e-03 -4.82050418663418270e-03
-7.79635015714051551e-03 4.39171049952629886e-03
-2.78955193440782231e-03 -3.52307579547642916e-03
2.57441275824955677e-03 4.42465304515508363e-04
1.28240813576321693e-03 -3.75589212813258943e-03
2.21696684017748868e-03 -1.76087444104953582e-03
1.41297035504561936e-03 1.10355736678742857e-03
-1.33885903404393214e-03 4.97897497535547992e-04
-1.27042163317229589e-02 4.32224565073479152e-04
7.48774073352556635e-03 -3.10948639824086158e-03
-4.00670247411216273e-03 -4.58067332039365730e-03
-1.09026630977674343e-03 5.13919070061551794e-03
-6.36399697375520642e-05 -4.67636645129978438e-03
4.22324524494846303e-03 -3.62095417576731912e-03
-3.20938994871118079e-03 4.01006901818082469e-03
-5.09327572034189938e-04 -2.99268700839283412e-03
-5.87756446983041508e-03 1.73089856319251067e-03
-3.83429003811683734e-04 1.32716958903575794e-02
-5.16173523007586090e-03 2.48534374284768017e-03
1.82864613299524087e-03 -4.40379412167022245e-03
-2.34372143531117903e-03 -2.55804882055538736e-03
-2.85499283601226830e-03 -2.09055229505106851e-03
2.22787316584499790e-03 -5.65596574531316616e-05
-2.43119906391417624e-03 1.91475773857937908e-03
-3.03416914323778684e-03 -1.18593115030627937e-02
9.98609318042440255e-03 -1.78355445228688142e-04
5.09536531259974571e-03 -7.36741062669709398e-03
-8.09640684361202963e-03 3.15140528071805159e-03
5.24424016223499177e-03 -1.36674913433372622e-03
4.78651623956612236e-03 3.78375493406551315e-03
-9.12910878373035181e-04 2.67722278908521898e-03
-5.44393323225010318e-05 7.13265771194074267e-05
3.68907014932873950e-03 6.59813808407403932e-03
3.65242158642998518e-03 1.31014038838340378e-03
2.87559130027401294e-03 4.91422360487108086e-03
-2.29064954992059438e-03 -3.77667827986478011e-03
1.67246384412373305e-03 4.28163801554357851e-03
-5.43177302445389462e-03 4.37736588661226042e-03
4.73765854685754775e-05 -2.22152378363076010e-03
1.07067384429607431e-03 1.84915640448335698e-03
2.53785995951373361e-03 -6.66232963958586131e-04
-2.38954838670163341e-03 -4.25607079350982971e-03
3.65903141025576847e-04 -1.07614890183144272e-03
3.01816360461892538e-04 1.59627769011404350e-03
3.97767307423015526e-04 3.86967586706378572e-04
-2.12956021297437350e-04 9.00044375164245716e-04
7.30130619932379318e-03 -2.03327278965224640e-03
-5.70944135465492955e-03 1.27858728324166566e-03
-1.26394121119315136e-02 -2.72753655898378235e-04
1.55237375125042137e-02 -2.38151063266653395e-04
-7.26154925514049723e-03 1.28061157971581384e-03
1.28389351017906364e-03 3.52202701525280212e-03
-1.38881701188306277e-02 -3.29008226080875236e-03
4.17711625387152952e-03 -1.13518365260272449e-02
-3.77984839203666890e-03 2.93180286949109095e-03
1.75303652013977926e-03 -3.43783658703186940e-03
-1.59881682235483574e-02 -9.47422744765583427e-03
1.14372765647068812e-03 7.47084100505530490e-03
-4.80112325039233189e-03 -6.30105693664152755e-03
1.39456414432971733e-04 3.15086154265410224e-03
2.33769457182224838e-03 -5.83214217470063440e-03
7.71173204569814124e-03 -2.12043614009947440e-03
-5.27073541341634036e-04 2.59673673706971699e-03
5.40612579114106133e-06 -4.50627665395025476e-04
3.31221872334170209e-03 3.45265076538305710e-03
2.27042823283286378e-03 2.02059309609999320e-03
2.37864771350156491e-03 2.69905219495254582e-03
-2.14458045080539181e-03 -2.54057434963390850e-03
2.03882518066241880e-03 1.88951012391906496e-03
-2.78703077086792962e-03 4.02154988172879081e-03
-3.82669479646675611e-03 3.99635401691369151e-03
1.32972157582760290e-03 -5.01090819205276920e-03
-9.48532955832607182e-03 -2.50496247311859975e-03
-2.01483478208249302e-03 1.04226377376952818e-02
-4.29254682043068558e-03 1.15507295041255984e-04
2.63976542062426076e-03 -1.70629096407995027e-03
-3.44835779109496957e-04 -2.84996121718190422e-03
3.06760906138643999e-03 -2.58331390561384808e-03
5.23282693186624855e-03 -1.23898014713369887e-03
-3.53240612818770186e-03 -3.25724849621402353e-05
-8.37252383563783474e-03 -4.91171899071784525e-03
7.87497288436988553e-03 1.06735967350928538e-03
-5.20783721394167849e-03 -2.50091437672664979e-03
8.76939474938347521e-04 4.02824164437451740e-03
-8.09438187742188286e-03 -5.73447012361655729e-03
6.64249899424415504e-03 -7.46480092472625971e-03
1.64221862815418663e-03 -5.35056504637782416e-04
-1.43413026393765454e-03 1.22923788104412545e-03
4.55296593983013902e-03 -2.33049545857538657e-03
2.99535347853612443e-03 -6.53022681567871108e-04
3.92960375064993917e-03 -3.93796834061142928e-04
-3.21766678625058774e-03 -7.07192184361726882e-04
1.46590160440208711e-03 1.67117254072190330e-03
-7.11396618399722153e-04 2.51880688418488650e-03
7.89963616747338718e-04 7.68007798441055350e-03
4.33502323317355999e-05 -4.29209669018977384e-03
7.43213648445922425e-03 -6.58614791422930737e-03
3.23115093455600964e-04 1.05708592811573840e-02
4.16732213013851216e-03 -3.65030785515381862e-03
-5.78377271799801213e-03 -1.05020974762401551e-03
7.59878845825481472e-03 -7.55835383516346472e-03
6.00319520461785241e-03 9.96518010361239180e-03
-6.96116353581864751e-03 3.67455864536499460e-03
3.71927010007919688e-03 -6.34316214342272536e-03
-6.72950435082040471e-03 -1.01221550751451027e-02
-7.84116894673194710e-03 1.54851856444681996e-02
-2.74253171230981951e-03 -8.86519837161362802e-04
2.82659868398607789e-03 -3.28932586153935815e-03
1.87846055095869315e-03 -2.08768260307522950e-03
4.29496760205658797e-03 2.61878001015876838e-04
6.11738701349408363e-03 1.66091203683525236e-03
-2.66868772167370072e-03 -2.18435352950147824e-03
-2.25879358129779662e-03 -1.25439866535241844e-02
4.67880145321023823e-03 3.81606811636691452e-03
-1.64156110281372578e-03 -7.86994957778337258e-03
-2.41111419718644665e-03 5.80005198999195958e-03
-1.72496679649931537e-03 -1.14603503469686251e-02
1.31920954063289506e-02 -1.18697207179123822e-03
-3.64331188069335786e-03 4.65978875285449814e-03
6.91119513875214863e-04 -5.83004356130557063e-03
-4.36898710465081965e-03 -7.28190891120394901e-04
-2.87034097407047085e-03 1.30945329275393811e-02
-2.33128597375811385e-03 3.33649576457544905e-03
2.64682785494546819e-03 -4.98712161945687790e-03
-9.30265829575569370e-04 -5.95698063513784592e-04
5.79169418682408984e-04 -1.60648714524694444e-03
-8.70533206346314932e-03 6.84341119129000162e-04
5.84497872667776117e-03 1.03384205433454168e-04
1.11797085310577048e-02 6.20432416221788040e-03
-1.46689631935812085e-02 -1.94649532546464820e-03
6.60300496303015648e-03 2.69669063727314643e-03
1.75311340813171104e-04 -5.48221308972569443e-03
1.18798442770394700e-02 8.17804705001554458e-03
-9.60591196070017389e-03 9.55040579957001923e-03
-6.82118399556794555e-03 -4.58489562569310439e-03
7.29133871083531473e-03 3.30869271739745363e-04
8.76447462019061367e-03 -1.63098908774489369e-02
-1.71112206430562228e-02 2.69881365010269086e-03
2.66434163604949582e-03 -4.06851864798682145e-03
1.82586104009866486e-03 8.24701069222798931e-06
4.92798911914363053e-03 1.70023456911799179e-03
2.43134525831706057e-03 6.73660539926759349e-03
2.89299172424406807e-03 -4.23516257317499596e-03
-1.85989173309284838e-03 1.13234381404674327e-03
-8.76715278206354094e-03 -4.04162416037890607e-03
2.09969131001769239e-03 -2.86046850837581640e-03
-5.68000762385320167e-03 -2.73737922549605484e-03
3.46969685372432949e-03 4.28393438950142470e-03
-7.49141006958470648e-03 -3.09825664943682568e-03
4.47871804115490980e-03 -9.30057238300712255e-03
-3.84861104513834580e-03 -2.31228250629951547e-03
3.42728252972881054e-03 3.42633870562268552e-04
4.74591735904547358e-03 -1.91781925119375134e-02
-5.97242471031655259e-03 4.67250146690526870e-03
5.46438872644592569e-03 -6.44617225892592585e-03
-3.76118010530592135e-03 4.35032690827130870e-04
6.71591624520566192e-03 7.75543471399522564e-04
4.38528463214175705e-03 7.29419047568385850e-03
5.32778298474551916e-03 8.49998991693841875e-04
-5.35163184678663292e-03 -9.67070880287390936e-04
-1.35215702374810905e-02 -1.62887845220169606e-03
1.31914249834496483e-02 7.52331066044761854e-03
-8.74491331606779172e-03 8.81467839361219020e-04
1.44870689985077193e-03 1.57045174873388007e-03
-1.26142968893774576e-02 -6.10534756120417049e-03
4.31249914467701171e-03 -1.02975791233529783e-02
1.99907503935752365e-03 8.08274300350165023e-03
-5.25509684309981729e-03 -5.54402696529738160e-03
-1.33616021356252682e-02 9.12338402203922115e-03
1.26104194264454478e-02 1.03249906669609353e-02
-4.02895813988388921e-03 4.14689547805295947e-03
-3.17647245678091535e-04 -3.46129709506802757e-03
-3.57407125638089813e-03 -2.86844901155829156e-03
3.62710069775187556e-04 -6.41859825486497219e-03
-8.34528437328332234e-03 5.99908934268411371e-03
3.12148960615506177e-03 -3.91293092857267384e-03
2.48713797500203044e-03 3.57780256771071193e-03
-9.63613124720926958e-03 1.43854259332692972e-02
-3.13197454160340550e-04 2.96136466995512715e-03
7.62038423254368115e-04 -7.75922705112903118e-03
6.63256442911571830e-03 4.65795836009682347e-04
-7.03377825299423241e-03 5.79742091062936202e-03
6.17981889298565082e-03 -3.87927893849113366e-03
-3.62165169459635356e-03 6.62494217239701592e-03
6.17023485874944495e-03 -3.25945990650886334e-03
1.04610706339414977e-02 -1.19768198002779963e-02
7.04620923468702622e-03 -4.89486344127766995e-03
-8.05937397065839903e-03 4.41624010383694088e-03
3.20288862160212273e-03 1.52787536934324451e-03
-4.97118474155741396e-05 4.15987826163314103e-03
2.10295708750179219e-03 1.78199203833325848e-03
-5.72612021983101658e-04 -8.00282611793576553e-04
2.89514561969903125e-03 -3.26942186491002490e-03
2.16270938292519336e-03 7.81843341413892656e-04
2.07831676581224064e-03 -2.04198508667296835e-03
-2.63589408109358297e-03 1.22651146475609321e-03
1.91488754578992898e-03 -2.89183582839660233e-03
3.79051580245750534e-03 3.09532892539075930e-03
2.24093675140076736e-03 -2.49551891813438445e-03
-7.53410207745434826e-04 3.33805650919681519e-03
2.75702086792070427e-03 -1.67147846021621985e-03
2.81288605454856457e-03 -6.60115978061430464e-03
2.46928075875030469e-03 -2.64258502596258866e-03
-2.77462455878297850e-03 2.72248594943744638e-03
1.39476273883688958e-03 4.54917602919454808e-04
1.89074179161902666e-04 1.77956036054780268e-03
-5.67779194443514094e-03 3.95611075832837718e-03
2.92838488731979492e-03 -1.59913194282701693e-03
7.01354921490152106e-03 4.85531552127518948e-03
-6.45852308562422633e-03 5.25913018071207626e-03
3.87859073616769398e-03 3.18873143923937251e-03
-1.34999619056918826e-03 -5.70499707191987355e-03
7.68995928830154812e-03 3.66748101941066426e-03
-6.67501761599865497e-03 7.96546079119267100e-03
-4.25831387992860709e-04 -1.22053182944827543e-03
8.78654351137169018e-04 7.77616665592722393e-04
2.08036881498095379e-03 -1.80615243048501384e-03
-2.07535113761178353e-03 -1.30829785325018940e-03
7.05673931101501975e-04 -7.27971755537369213e-04
-6.64709032893537586e-06 4.73374482409616632e-04
6.78003377897296836e-04 4.39751242440131120e-04
4.95887786474762761e-05 1.12740550387347566e-03
-2.48584988478999652e-03 -3.79063805736187115e-03
-1.32646234162413245e-03 2.18773340164503307e-03
-1.23064818811255867e-02 1.04418036921795129e-02
3.20622767302867736e-03 1.56265077207457897e-04
-8.03090435296577136e-03 7.67092545566549090e-03
6.40893564903781583e-03 -3.29231636761071400e-03
-1.07752834469366076e-02 6.74552124500433017e-03
-9.65313840792197259e-03 -1.14570818169465738e-02
7.91374153373962039e-03 -5.19490840655097760e-03
-3.00724576180865996e-03 8.15914753904701563e-03
1.21841939502728160e-03 1.89883532158478356e-02
7.10028639839740700e-03 -2.41044795295127200e-02
-3.05811295696486541e-03 8.88038627929174868e-04
1.13367303461084975e-03 7.51767422254836625e-03
-5.18231750988262709e-03 -3.10446553148997068e-04
-4.62801905926092313e-03 -4.94835913068896686e-03
3.50623742619430787e-03 1.86868659737154117e-03
-1.14376478596977149e-03 -1.55721297840715378e-03
1.42934518533433430e-03 -7.74965737053963898e-03
2.18884835646476197e-03 2.19484724025649763e-03
8.82860100413609137e-04 -4.98244472598937446e-03
-2.65060959657134219e-03 3.19650654152003194e-03
1.25345589133240795e-03 -6.77681046846575954e-03
8.04868433129976059e-03 1.93649889523504369e-03
-2.74290231979744436e-03 -1.52397511093525301e-04
2.17240710921167259e-03 -1.31586451749862525e-03
1.54204298320814682e-03 -4.40553939009033762e-03
-5.51182386065200095e-03 3.85614572285972960e-03
1.55824376498470656e-04 -1.46589969386846675e-04
1.23601341348195874e-03 -1.28431343507888767e-03
1.03207654178738562e-03 4.02785127466093738e-04
6.74433721196248011e-04 1.42637733373428732e-03
-1.10904683220625837e-03 1.22868078619066336e-03
6.27713870648921135e-04 5.08809433135708547e-04
4.24858469213687442e-03 4.94463612319952315e-03
9.83901208312158238e-04 -1.18685988619861228e-03
3.19601639274736705e-03 3.30954240976617233e-03
-1.65605521963851660e-03 -2.51321302949956971e-03
2.51763829195026344e-03 4.15777375844895384e-03
-4.35601338677587321e-03 4.02089789318269344e-03
-3.69116887999835488e-03 -2.47251800452664766e-03
3.99468104464818178e-03 -3.09767804744760973e-04
1.02061595027141249e-02 -3.94549476461949263e-03
-1.23044002548673651e-02 2.06535724118946497e-03
1.87821447015587518e-03 2.05083749453246469e-03
2.91565691901366853e-03 -2.90971212994520483e-03
8.36528385253615912e-04 3.17755646655486571e-03
-2.09967289851378152e-03 3.55515151196238773e-03
4.43819018752137067e-03 -2.78976037449769421e-03
-1.21988008999720913e-03 2.18720900853641492e-03
1.49125031629408983e-03 -1.74485050011099845e-03
4.73610360772407264e-03 -8.86314247067480736e-03
2.17407614776355795e-03 -1.65501395074931466e-03
-1.52644557962550555e-03 4.03198249709375931e-03
-1.48032501555827993e-03 4.14517741553789608e-04
3.63945382705723386e-03 -6.88962807008321274e-04
-3.05232460708790981e-03 -9.63980435824140364e-04
3.29473183951147072e-03 -9.06435167413991013e-04
-3.88598745857190878e-04 1.54927782955747604e-03
-8.51621254242095407e-03 3.99285620118446633e-05
-3.63929799382802736e-03 1.15651250673014629e-03
4.86758141478625325e-03 9.94915495121245243e-05
-1.41640322215925030e-03 -4.82500372814625490e-04
-2.82775784625451229e-04 -1.38229233905532616e-03
2.50587023952956317e-03 -1.14782538888377728e-03
-1.44422140369893722e-03 1.46872512928585787e-05
-4.01111729220240531e-03 -3.67127530226415023e-03
2.48662436426850576e-03 -1.55458785348897406e-04
-2.57802989483025017e-03 -2.27590936343077680e-03
7.33257959003490948e-04 2.66013534096588020e-03
-3.56425737715420667e-03 -3.36072290810904154e-03
4.16299201532703295e-03 -3.88587663210987130e-03
-2.69712755007115931e-04 3.14774025893532197e-03
-1.22390307056604859e-03 -2.80855203806668063e-03
-3.65724473519897422e-03 3.00501735609552678e-03
2.22620831800416459e-03 5.66252472499753114e-03
-1.51908332953277613e-03 2.47362658332318753e-03
7.99434201869100121e-04 -2.44184148464787580e-03
-1.43245907741229236e-03 -5.46557290384576118e-04
-3.01662612243215177e-04 -2.06838465000694534e-03
-1.92973553601597479e-03 7.73514317552896451e-03
3.49536923178143770e-03 -6.94944482713193059e-03
1.15159738386738410e-02 -1.94016686498015775e-02
-1.45768410088552847e-02 1.33236873023941139e-02
5.17264215831168741e-03 -1.35385649443865285e-02
-4.98299613495099044e-03 2.29576396761322753e-03
1.59049066971758794e-02 -1.54771681778409758e-02
1.43634491411158347e-02 1.33581509171303865e-02
-2.76789376856878110e-03 -6.05198289004313297e-03
4.00441682378075651e-03 2.58565286867529264e-03
2.95817160327894388e-02 -1.20640512448047799e-02
-1.57074807175761853e-02 1.41756495813047888e-03
1.24966346251813923e-02 2.91777431374986261e-03
-2.00373112163006227e-03 -6.75934390597674340e-03
4.76812340809245824e-03 9.76246624696440121e-03
-5.71402473165379555e-03 1.22972283006525292e-02
-3.29762968334905123e-03 -3.98669490405968371e-03
1.70024374575117841e-04 8.04331644607691261e-04
-1.08557856862834395e-02 2.87474046846564928e-03
-4.01202845428851994e-03 1.45493703088751792e-03
-7.92202121871483575e-03 1.95414306089493773e-03
6.88273823125844664e-03 -9.25675517162968635e-04
-7.08822277242308375e-03 1.85444922100014764e-03
-4.28276942298461485e-03 -1.03684718984921008e-02
-2.14024031260783920e-03 -7.29105638288426658e-03
4.99514412546318669e-03 4.84279904356721847e-03
1.21201910212916583e-02 -8.83360988107049529e-03
-1.19633351724316786e-02 -8.83253987071451994e-03
3.64849056792305223e-03 -3.82816496249421909e-03
3.95389675915729371e-04 3.01209106120926612e-03
3.38615865959858951e-03 2.60587491557177746e-03
-1.96264242713145131e-04 5.95318268820434725e-03
-1.68117291581793005e-03 5.94161672925032618e-03
3.00419770539991655e-03 -3.68937258765580488e-03
1.33479544114242163e-02 -8.45650320206738082e-03
-8.41300685274794062e-03 5.53157300663251542e-03
7.82787624910261624e-03 -6.22632610986218176e-03
-5.61374826118463208e-03 -2.12248119936121586e-04
1.37921001908748384e-02 -5.89702683291492766e-03
5.92835378912160219e-03 1.37224632663551158e-02
-1.58354959246245975e-04 4.16038703693242390e-03
-1.29417075982055725e-03 -4.14993903033597424e-03
-2.46500877311504668e-03 1.48135286576163341e-02
-8.70870043745693742e-04 5.31564417496466473e-03
-5.09221645740333840e-03 8.77334672449831682e-03
5.76238567402664881e-03 -5.00345459874372133e-03
-6.08917636197329245e-03 4.14740135964430934e-04
-4.49036809789739311e-03 -5.81842271607107848e-03
-1.11278257983302552e-02 -5.98789626502687668e-03
7.56267262059704543e-03 3.42696214110484957e-03
8.18307257589783420e-03 9.94483038711075663e-03
-2.05060202390497763e-02 -1.17255220055992194e-02
4.87263730690266558e-03 3.93180016590063876e-03
5.07259052181466535e-03 -4.44481835553184410e-03
9.44024463256526274e-03 1.44644869358907940e-02
-1.42684447327682158e-02 3.68402452704808502e-03
-1.51763183477387239e-03 -1.10336739376912917e-02
6.14438737189923218e-03 8.08480632511703566e-03
2.01037425363032735e-02 -1.06937013218254846e-02
-1.54274210165297743e-02 -1.50592031485442604e-02
6.57560753997618683e-03 -4.73958209581824743e-03
-3.55136717605470038e-04 4.19711803833161794e-03
4.55813254330048392e-03 4.72723422261933039e-03
-1.63136665039051334e-03 8.96729452673675903e-03
-6.04588255844802202e-03 4.60158859248132983e-03
4.24147564962066605e-03 -5.87363886033948827e-04
1.52103130653183458e-02 7.99722898392916416e-03
-6.82231050321951450e-03 2.70134187287223001e-04
9.96131555370125855e-03 4.72881191094706461e-03
-4.36000189294852118e-03 -6.75747904866377466e-03
1.30680980943643256e-02 7.91133432742783908e-03
-9.26980845509756297e-03 1.46679674352923183e-02
-1.03996342954589655e-03 -7.81275328288828091e-03
4.83346830050270654e-03 5.88814947594044121e-03
7.89309261284251024e-03 -2.59446734977641707e-03
-1.08962853816885561e-02 -1.41088467842894541e-02
-6.69532672172945199e-06 -3.71764331631730446e-03
2.48702695924614848e-03 5.63291083836714793e-03
1.13905754586169435e-03 9.23121607745054748e-04
-3.86222379320603061e-04 2.67751557421845804e-03
5.09253752250215120e-03 -6.49163373364937749e-03
-5.34993317265989796e-03 4.05175885546780676e-03
-1.76483149057612351e-02 7.30785908802714275e-03
1.48330276643976709e-02 -5.70758339680392957e-03
-1.01920259678286128e-02 6.01878901091862893e-03
5.55230992631934334e-03 2.09148532452112018e-03
-1.87818807628638250e-02 3.83314832651716203e-03
-3.18154590716342514e-03 -1.75612735916901852e-02
9.56883083658627981e-03 -3.31061142434141810e-03
-5.23905190631968054e-03 6.82380429305083028e-03
6.52591268000834827e-03 2.77139364425759115e-02
8.45288666879475369e-03 -2.16583362378949262e-02
-2.02049774455066592e-03 7.45998925623402812e-03
2.13790588999969878e-03 2.74197780959911435e-03
-8.15209819145736210e-03 2.52329909190751730e-03
-9.46579325721744365e-03 -6.00126069745034706e-03
4.40003161307394100e-03 8.42126682351700129e-03
-1.90958915419809543e-03 -2.74416781680535127e-03
1.01060056639248313e-02 -1.95942566928989899e-03
1.00122735156140952e-02 6.30875710236075173e-03
7.34292171297494523e-03 -9.91206495109023505e-05
-9.17050710927738363e-03 -1.27115330238543778e-03
6.07258568035467725e-03 -4.27600727861452475e-03
4.48459556324043180e-03 1.22144616954331878e-02
5.53591204255653169e-03 -2.97078262421230158e-03
-2.30656218192268597e-03 4.56548096809239468e-03
6.26184650762256090e-03 2.02709490680915809e-02
1.82908687132974420e-03 -1.52635512309496554e-02
-2.25488412784499844e-03 6.27807677963463946e-03
3.47079879372020955e-03 1.42518006234282064e-03
-6.32033800889163222e-03 2.22947130498417833e-03
-7.39497094565735348e-03 -4.28591024354311751e-03
-3.77129083995471088e-03 5.68164049955069937e-03
5.50706525100403462e-03 -4.56427381529625996e-03
1.77672797302105036e-02 -1.36500696101709597e-02
-1.72889922851703556e-02 4.93200452511421365e-03
1.00179628419045322e-02 -1.06630144557511280e-02
-5.56508041776071147e-03 1.01906741226979428e-03
1.97538564851524150e-02 -8.05310519880843810e-03
8.75202012881248076e-03 1.71453215599348084e-02
-1.12624931682383383e-02 -4.46674395833020470e-03
1.09952039497791445e-02 -1.57272034281012935e-03
1.05697831375074227e-03 -2.34215931170577395e-02
-2.30790010987643179e-02 6.36434641089248833e-03
-1.31386486536562452e-03 -8.00602028275113932e-03
4.39063234607709515e-03 2.27733802339640965e-03
6.38043669863496126e-03 -1.58629945563562883e-03
7.06307829196899106e-03 5.98147813343365663e-03
2.99060428768200062e-03 -8.39828144081969721e-03
1.02653305983811953e-03 5.32970367568882594e-03
4.00275319165228384e-03 -5.26598354433203438e-05
-1.44557387055699814e-03 -2.05057216332174864e-02
4.32562465025028431e-03 -2.12108126417685262e-03
6.89668276856000633e-04 5.93695304430587496e-03
1.71981012469224714e-04 6.00319847883817957e-03
1.16031893480327995e-03 -1.79275975443833223e-03
-2.44347431153616032e-03 4.33623346296567024e-03
4.55691142981417435e-04 -5.84043779082612288e-03
1.99858013203309563e-03 1.53947933608690659e-02
-7.43384308115128782e-03 9.20516270248783290e-03
-5.13146844631080443e-03 1.19708199110882471e-02
8.47187466899596182e-03 -8.23201939541139995e-03
-6.85836199718599816e-03 2.17427913985877679e-03
-6.42117497062672134e-03 -5.17812609395006986e-03
-1.82771156931869341e-03 -2.74762132592378883e-03
9.10216374913084452e-04 4.93845223653678936e-04
-3.61784860425539995e-03 -8.39116303811782366e-04
-4.92270640677796526e-03 -1.15416188255441617e-03
-2.86726510195849365e-03 -1.03899792581704895e-03
3.39121799652397594e-03 7.24297072540968831e-04
-1.55344926449683235e-03 2.67567696351989764e-04
-5.36166343910481286e-04 -4.19920049724575167e-03
1.06431684825651542e-03 1.82450180501154101e-03
-1.72415554168743363e-03 -1.19461107485356816e-03
5.41786519843286954e-04 4.52054317263956250e-03
2.54296141056172985e-03 2.32634121374270496e-03
1.40764068849407901e-04 3.11738528996671543e-03
9.56478104388328520e-05 -2.39808053144453196e-03
-1.54972521578499996e-03 8.31313025020187610e-04
-1.90458146593039997e-03 -1.12077262530487116e-03
9.02286382972805460e-04 -5.40303105702254725e-03
-3.49684972104234791e-04 2.81811451760675393e-03
-4.54143238644254179e-03 1.63776175701463734e-03
2.57579346177859512e-04 -8.08478324753835430e-03
-2.41242443503125606e-03 4.72164153632910282e-04
3.25891406795601529e-03 2.39918350530148082e-03
-4.91121030420972604e-03 3.17042842670486056e-03
-1.08990533744670985e-03 -6.57844960739560961e-03
-6.21970512306152155e-04 1.59557587666898015e-03
-2.90818036091839390e-05 -1.39302343671827630e-03
-6.99096676345185505e-03 9.84999459522053079e-04
1.49096351782586670e-03 1.71804551619109667e-03
-3.15354203776152791e-03 -7.75637362928602997e-04
1.09527654226268447e-03 1.03849027948214336e-03
-7.35624901319569587e-04 -2.33308863189673902e-03
1.80140420049526876e-03 -2.51668703195851839e-03
4.43643527522209324e-03 -1.93807765056607482e-03
-5.22386316718779006e-05 8.57631839836960693e-04
5.09459494973722206e-03 -8.29572094668087553e-03
-1.18882762934521580e-04 -7.92185312149659704e-03
4.02709408596450130e-03 -6.54023466258336038e-03
-2.70540518998788103e-03 5.98511818188937530e-03
3.09446019543554909e-03 -3.86385933206303579e-03
8.72434840844616560e-03 2.57697938586861014e-03
-1.39640350988499431e-03 5.47182657665867388e-03
-2.39128248693301713e-03 -5.11662044847685602e-03
-5.44332041652522271e-04 -1.04984606019379607e-02
5.48523294692595826e-03 1.67265829595698613e-02
5.30223402389223050e-03 2.50551454103702294e-04
-5.27411524842906487e-03 -6.27674090621048886e-03
3.58785521534721189e-03 1.02329373688326598e-03
2.10604352175662287e-03 3.55069110904625241e-03
-3.76230248560271117e-03 -2.55384442740549944e-03
1.84220808952828227e-03 1.07142289414833593e-03
-1.37541758012261778e-03 3.65656422980266014e-03
-5.95927884655576921e-03 -2.20542475820799172e-03
-1.26057180061034347e-03 1.84285215171286630e-03
3.30710611383319740e-03 -1.57328697346323593e-03
3.24922966302709714e-05 4.26155600327760530e-03
-5.07424525751035138e-03 -2.24927400529523680e-03
5.79763090762081944e-04 -7.05856998503506155e-04
-3.18717016913807531e-04 1.10369661486749214e-03
-1.68049094943954069e-04 -3.99262285919028438e-03
2.10131656005215937e-03 -1.23723809906877216e-03
1.63223402337123137e-03 -2.61116135238309652e-03
-2.31461429841336129e-03 1.43674038270952004e-03
1.76018469445098449e-03 -3.11444755159386434e-04
1.44118521190128210e-03 1.45605299408179496e-03
6.03390866286634443e-03 -2.27419220138410988e-03
-2.83262544273195143e-03 2.01301509797278348e-03
-1.85537796905357638e-03 -1.33139437013507739e-03
9.30051437166159144e-03 -6.85723058897931038e-03
1.30533378925189761e-04 -7.50493430967820322e-04
-1.49390733125211866e-03 4.10637337468464179e-03
-4.97006729950229785e-03 -7.18265786529988541e-04
4.23996165580108920e-03 -3.08827840882529943e-03
3.36151277096043578e-03 3.08570940173915958e-03
-4.62381700884560622e-03 -1.00333285402437835e-03
2.14228416048539054e-03 2.06455144132328605e-03
9.54899208673266713e-03 4.33656853748522978e-03
4.19221840471666659e-03 2.62900631158037709e-03
-4.46290199674653949e-03 -3.65856679332671707e-03
3.09247960884407038e-05 1.82986771650544850e-03
-1.87404705980760288e-03 7.96651980596976448e-04
-3.23253636918778217e-03 -2.69944529767268205e-03
3.47638940470511391e-03 9.46220460623034727e-04
5.64259008673535008e-03 -1.63670540861044433e-03
-1.06056439836871973e-02 -6.16634300570904730e-03
3.39439754181529007e-03 -2.67040320320441468e-03
1.05838855324493354e-03 9.17178623185741990e-04
6.29541120127015928e-03 2.43231801356691164e-03
-7.28101382235762560e-04 3.05525185296218237e-03
1.64856354235612835e-03 2.38195803304142592e-03
-2.29317241445766437e-03 -2.19064865566661812e-03
8.62431880607024241e-03 1.49271784315296550e-02
-1.15805539971890865e-03 3.14769938849397603e-03
2.47801408087993215e-04 1.09414339202548554e-02
3.52404017891340404e-03 -7.37253220752770357e-03
-5.37941574307387177e-03 4.38952038425571237e-03
-7.99755041236428765e-03 -2.22422171548127771e-03
-3.42079968038743604e-03 -2.22127498841942581e-03
2.48058682174101151e-03 -3.05072339707664433e-04
-4.91389598649938494e-04 -3.46048880681316257e-03
-1.01834607556891693e-02 -4.63855869308828586e-04
-1.29931985241934535e-03 -3.26478187247842026e-03
3.11593710132443934e-03 8.27061468949216944e-04
2.51407926243973900e-03 -9.15762943707196784e-04
6.19306136594892213e-04 -1.38388702703088717e-03
6.86167666042035657e-04 -1.51407740141251256e-03
-3.82037620501977858e-05 1.73960299168093228e-03
2.02118004031939585e-03 -3.83726505653354463e-03
9.83503932304150485e-04 -2.53245499966244262e-03
2.22961370562840908e-03 -2.36508833467973445e-03
-2.21662161874850447e-03 1.41664594414373803e-03
1.78954541413292047e-03 3.46584280435194097e-04
7.94144682160162442e-04 2.04453920592545871e-03
4.03812548207686459e-03 -2.91958234592153794e-03
-2.27855825751241674e-03 1.39515084257690620e-03
-5.44784662090594743e-03 -2.16101903855657343e-03
5.53005026567749986e-03 -3.98324240513334062e-03
-2.94847419808985482e-03 -1.31359098003863803e-03
1.08263034833967872e-03 3.65351545114662828e-03
-6.17968199711068245e-03 -1.72959494409734684e-03
3.74262136297464493e-03 -6.08575788970552086e-03
-2.82891366283150644e-03 1.70695821826119770e-03
1.38250587532598511e-03 -2.67763148537446911e-03
-3.70311628972753906e-03 -4.94277581391714196e-03
-2.45207710219713096e-03 6.68058171459599229e-03
-1.10580505295136710e-03 -9.28522725601737316e-04
7.41344864352302740e-04 -1.08646837409495699e-03
1.06774314042213086e-03 -1.18489505528725052e-03
2.29030849029517817e-03 1.14849536024935468e-04
-5.85177056893509175e-05 1.06643167684538557e-03
-7.24410321453864271e-04 -1.80167919355936958e-04
-1.33811651968672408e-03 2.67852606435565457e-03
2.83183402195697799e-03 2.21207986041011126e-03
-8.01048880069501817e-04 2.30432943779263063e-03
-1.38837809304018304e-04 -1.55706727680384122e-03
-1.58351434544107034e-03 9.13944478079877420e-04
-2.01924188175220919e-03 -4.41956052929833227e-04
-1.85138133315007310e-03 2.58190287491139080e-03
3.62659884408187132e-04 -3.10232027574408424e-03
-3.89247663640596587e-03 8.01061941977637541e-04
-1.22826530808030072e-03 6.28559206903508017e-03
-2.26788818221225486e-03 1.70905839047808287e-03
1.93105229957828248e-03 -2.08471941640469812e-03
-9.69644290402292683e-04 -8.87847952497458604e-04
4.86065498592723683e-04 -1.72127428702138546e-03
3.34777859508420461e-03 -1.30993146998983575e-03
-1.72307170712739793e-03 5.40824206017293907e-04
-2.97078086122772467e-03 -2.83793527757117024e-03
4.22362596468769339e-03 -1.99015290521621126e-03
-1.53620092232188764e-03 -1.74329678253268825e-03
-3.32050737776814583e-05 2.88843507259837172e-03
-3.58409711720309452e-03 -2.45001577223311236e-03
3.97704199184600090e-03 -3.22755052398965465e-03
1.19745878275393154e-03 7.71047593192095886e-04
-1.19431467438233831e-03 -1.94766857062711544e-04
-6.94049894585543713e-05 5.15768624430062647e-03
1.82183077495676042e-03 -6.50219380847028559e-04
-7.53589005493286853e-04 2.25070846021311081e-03
6.74818138068873597e-04 -8.06178743964649494e-04
-1.74534200158065508e-03 3.18046148382788909e-04
-1.63372062024046637e-03 -1.56212117584701759e-03
-2.94182709909596857e-04 3.06680721421918835e-03
1.68286639597918985e-03 -2.05146253238677745e-03
8.06032756971597486e-03 -6.36339682386408926e-03
-4.96422527978975913e-03 2.20780254119290432e-03
4.80958111007216259e-03 -4.72057039725848077e-03
-3.46626878289982331e-03 8.69746943964676083e-04
8.18055298793773054e-03 -4.23250013473204512e-03
4.92420143217265228e-03 7.95397805820842289e-03
-4.99116738527399274e-03 1.80465041704874871e-03
2.77350876853795598e-03 -3.82940446039725570e-03
-1.67149669519873253e-03 -1.16198254981273834e-02
-5.73646287893158670e-03 1.13370554761356903e-02
7.22928765319984213e-04 -1.92700736451513390e-03
7.24667699711941917e-05 -2.53579307561799076e-03
3.15747791314164791e-03 -5.53204120425353457e-04
3.45017838280775851e-03 2.64537699420340370e-03
4.65860716527886909e-03 -8.06744397731465248e-04
-3.00196698807786563e-03 -6.35831547117250571e-05
-6.34995124287861343e-03 -4.34926194035739708e-03
6.93957306376577401e-03 7.51975408255424471e-04
-3.86605255901400439e-03 -2.24892819987397054e-03
2.82613398037149003e-04 3.48556206514024801e-03
-6.37975099642503624e-03 -4.95617330841988373e-03
5.90500714695558603e-03 -5.63964960992475919e-03
1.20735778337552487e-03 4.53026547324041941e-03
-3.16403847504757169e-03 -3.38941417626695708e-03
-2.19749670534340798e-03 6.21896731434429337e-03
5.53285479473502543e-03 7.21155953518175241e-03
-3.49941984582275670e-04 4.84349212728053813e-03
-1.18364259366729815e-04 -4.48036040340163595e-03
-2.32174617739614331e-03 5.09220251487420522e-04
-2.00815609443135128e-03 -2.37577629321613151e-03
-8.72925133541889962e-03 5.36911372914205404e-03
4.80381352770421939e-03 -4.49212770192275717e-03
6.29353688390232001e-03 -2.63132387039125828e-03
-1.61001248343423733e-02 1.26106997035079788e-02
1.75490675266869720e-03 -2.08176473203171937e-03
3.41599509662606870e-04 -5.29611482375996062e-03
1.13288982748538779e-02 -2.55468981192840490e-03
-2.49411927533532956e-03 8.41367093676261175e-03
-5.95110814443178433e-03 -5.36921051165698731e-04
5.32827777487442696e-03 -1.87632114948889156e-03
-1.07596792435473692e-02 -1.05261738179104614e-02
-8.20834157712369179e-03 3.35799268747662919e-03
-5.45386045242896543e-03 -6.44448926204843012e-03
3.26657004415457659e-03 4.18368454400807385e-03
2.37489319828564863e-03 -4.79664776707352993e-03
6.80539434356930689e-03 -8.07307762660392468e-04
-9.50762795212666022e-05 1.15866844487061047e-03
-2.84940410140685756e-03 -1.06529358177998522e-03
-1.18299274467002103e-02 3.81428340012254698e-03
6.49558674660649128e-03 9.23612649273301313e-03
-8.26196610678237194e-03 4.21518734770111574e-03
3.28307177710072517e-03 -2.63133088862148529e-03
-9.51071706992606333e-03 -1.28465515704655718e-03
-2.89348020243911661e-03 -8.47712037628624987e-03
-1.95661591591472393e-03 -9.32300174954896221e-04
1.42863702414105565e-03 1.33047904644725064e-03
-1.28522595745865220e-02 -2.39240724098193289e-02
5.90768477365723535e-03 1.44480244266534321e-03
1.89255390468703140e-03 -1.51838271178173969e-02
-7.65161603628493423e-03 8.07981953856603229e-03
8.73531851094131936e-03 -5.84890479166552419e-03
1.18805166074016748e-02 4.16228301855871893e-03
3.86490539413107421e-03 1.14462329800224310e-03
-3.73968542326483027e-03 1.66352531710762088e-03
-3.15183575211087572e-03 9.05381572351920440e-03
1.50811574543312961e-02 -9.24165921630341934e-04
-5.54828921761378537e-04 7.45413831426319090e-03
-2.00642697650485610e-03 -2.15496988045702420e-03
-7.14053461015654208e-03 4.58233165866942394e-03
-4.74708549441363835e-03 -2.06899213548933890e-03
3.24097555798826681e-03 2.40473559534217082e-03
-3.56166519356097442e-03 -4.80998553723885759e-04
-2.77348978506612807e-03 9.14570989134371772e-03
7.50476285777560911e-03 -6.51455811834598789e-04
-1.12144157290217832e-03 3.24693628905325807e-03
-3.81429510879755570e-04 -1.01785196704472398e-03
-2.86870399236347894e-03 -1.81572341376739095e-04
-2.11184406720532061e-03 -3.26309292602756408e-03
-9.46842374507658908e-03 -2.46552000054702696e-03
5.46708999607785871e-03 -6.44273599331581870e-04
5.95020317994506519e-04 2.37001436651391182e-04
-1.94279762960177758e-02 1.56588604356523112e-03
-1.51627021328974904e-03 -1.31189233965505999e-03
5.80276819365959685e-03 -2.80072887849312346e-03
5.99653093860342233e-03 2.88602829501753569e-03
-5.62683543481572093e-03 -3.06691247232693243e-04
5.89615408679075147e-03 1.91316075175821223e-03
-6.58902665036492120e-03 9.11286663015013635e-04
1.22585945994181482e-02 1.55168343829289535e-03
1.19960434372944989e-02 2.75621137838199517e-03
1.02168206699989380e-02 4.28816383773399871e-03
-8.05653086520705455e-03 -5.99114228287739477e-03
1.14993547750778433e-03 5.58830612468465878e-03
-4.93750981521726400e-03 4.52354439161126512e-03
-1.32311505153765731e-03 2.04413919594127356e-03
3.71996393767323416e-04 -1.02705527389674797e-03
1.17579752307504001e-03 9.51426784199623757e-04
-7.10066961882390444e-04 3.68982610363529631e-03
4.50258417919525901e-04 9.22028555518963162e-04
-6.28323379751996526e-04 -1.88621238184119729e-03
1.62609246470629145e-03 -1.04133467173464316e-04
-1.34448900405857914e-03 2.12307376989795665e-03
2.81184447176605762e-03 -7.48922063382231494e-04
-2.15592343217334802e-03 2.00223036119840606e-03
3.82987454976676557e-03 3.64748020627386814e-04
4.81854268020975342e-03 -3.18218347835748589e-03
3.38906355310087141e-03 -2.24971806352606836e-04
-3.25230784235090503e-03 1.54940797866088062e-04
7.12764359095857170e-04 1.40885006812239521e-03
-1.16150127357541482e-03 1.60131030300487151e-03
-6.49480357509535020e-03 -9.73082089620242547e-04
3.21625586856799693e-03 6.42937615304920080e-04
1.95793477427975678e-03 6.92253243413399732e-03
-8.64181251868719261e-03 -5.00422273144109585e-04
6.99624547474067418e-04 3.97993090269765665e-03
2.75250069093195028e-03 -4.46465183188729259e-03
3.40234213619287646e-03 6.89631341731822972e-03
-9.02752036186655650e-03 1.36287114506874595e-03
9.26841377154082025e-04 -6.33558445656477021e-05
-6.03482334815719332e-04 4.05849507359385797e-04
6.27572096149062088e-04 3.47175140249064229e-03
7.82696042157858844e-04 -1.69803672977437222e-03
-3.91262328107533407e-04 1.26440876639004633e-03
4.83876070670729739e-04 -1.02771861930595835e-04
-1.10506404895768752e-03 3.21378395659867322e-04
-1.21557729468163393e-03 -8.36730505759183604e-04
-4.92513853764034058e-04 -5.07383788705920158e-03
-7.34793220775684704e-04 8.41438232782047778e-04
-1.20061472201446473e-02 -2.36114504454390485e-03
-2.77507361853782716e-03 -3.13070362797481113e-04
-8.54130197932212107e-03 -1.69680756702250799e-03
6.57450662964675827e-03 2.52392607682320374e-03
-8.30804923260093815e-03 -1.90923333430478132e-03
1.24066882054865387e-03 -1.20407282584962510e-02
7.79104426313158120e-03 1.28607893683313143e-03
-6.69866762282754231e-03 3.49162251766324148e-03
-1.01686693674659292e-02 7.73273044641507260e-03
1.95811105873145534e-02 -9.64803382943246225e-03
-6.46762171980549212e-04 -3.23568314001514189e-03
-5.71211172321733993e-03 5.64914530755834896e-03
-1.18481820460881342e-03 -3.27790759355890389e-03
1.41076147420947351e-03 -4.06914397288741809e-03
-4.45451102031865515e-04 3.37504773339000318e-03
5.03870960052754755e-04 -2.05025036955630699e-03
3.59106778806429642e-03 -3.04281824243001799e-03
-1.53000635449572161e-03 5.01644660055489740e-03
1.86854119988063205e-03 -1.81741318318978814e-03
-2.22662048487275903e-03 -7.28320299441214303e-04
4.11298932482625969e-03 -3.25315482575343770e-03
2.30893563192272663e-03 4.68408683796407623e-03
-1.89668927042241061e-03 -6.37444777596251851e-04
1.90783470382558783e-03 -3.24339306663734485e-04
-1.36597269692700159e-03 -2.81477955942244836e-03
-3.76283665263229313e-03 5.29982318038032130e-04
-1.27581912753620911e-03 -1.37978981202660175e-03
1.33190301528830876e-03 8.95912300370942973e-04
5.95569660175320555e-04 -8.26480128174053173e-04
1.37439229220141053e-03 1.46923131711113427e-04
-1.49094216089935535e-03 -3.64908536631578483e-03
1.33129153971186186e-03 2.50371370132824057e-03
1.15722150939656112e-03 4.34134532704497696e-03
-2.71049108612748295e-03 -7.77180090855719274e-03
1.26092343249621457e-03 2.02757583499160775e-03
1.69720874219421794e-03 -1.01953605974439604e-04
1.57095438197153774e-04 5.91897642264305277e-03
-4.41702820508502875e-03 -1.05093188252720232e-03
5.63584012699939953e-04 -3.53950753108411495e-03
1.02647019405050009e-03 3.06710206406206332e-03
8.11953415578344113e-03 -2.79900788330043416e-03
-3.11509071262595439e-03 -5.40973440489181303e-03
3.41091609505493479e-03 -1.07733637239300806e-03
-1.21625744419240193e-03 9.16768628253728326e-04
1.52789484554607122e-03 2.22314332906861775e-03
-1.25162575932814693e-03 3.38009195187641233e-03
4.22963868809747177e-04 3.02480680736136993e-04
3.11815938117347431e-04 -9.16621037081280922e-04
6.09473173672390512e-04 -4.75620444551935317e-03
-2.40384948911186993e-03 1.16450688588490758e-03
2.43934275092173053e-05 -3.38138404247543536e-03
-2.69943139043160097e-04 1.64973884337187558e-03
1.56017469475735852e-03 -3.52345626695499403e-03
3.92121690593295966e-03 6.21723499509238466e-04
8.11181157851705324e-05 -1.57908599012755182e-03
2.35999596651167656e-04 9.41333501555388836e-04
1.09345172165580904e-02 -2.89752995275490690e-03
-3.11732562671542587e-03 6.40990101675334195e-04
5.18087043265852941e-03 1.76246217739117229e-03
-1.60607245398590383e-03 -2.99060180376664944e-03
1.42279797955710140e-03 3.85098128020300952e-03
-2.66913507994668469e-03 4.26109374872221582e-03
-2.82284425886946582e-04 1.37842380060692530e-03
-8.19084667033813905e-04 -1.79454638850521124e-03
-4.92768008968030857e-03 -2.77297693658489332e-03
-9.07293101282063101e-05 6.90427434355584801e-03
-4.02033948372183987e-03 -1.20088782475155707e-03
1.36761410567207229e-03 -2.12978414669434565e-04
-2.48380742144823892e-03 -4.24204252065309324e-03
2.08399393629803012e-03 -3.00595195999259429e-03
-1.08611839634574318e-03 1.35795097984325961e-03
3.75059920306946605e-04 -1.51019350472744902e-03
-5.07673804532032553e-03 -8.35666133979434065e-05
4.57900558309557647e-05 2.52027795462659351e-03
-2.38128127932480576e-03 -4.57881812541661060e-04
1.11465141781064148e-03 3.23061836961219706e-04
-3.96035505380726456e-04 -1.67558903718291702e-03
1.47941147570469821e-03 -1.66196836462554937e-03
-2.13815316665145637e-03 3.45878035199044401e-03
1.38810062878840304e-03 -2.92419217354895032e-03
2.72489218265854110e-03 -5.04723641955197744e-03
-5.76011292672899168e-03 7.50268774315897974e-03
6.41477798744683782e-04 -3.30658275805242570e-03
-9.66741773245850073e-04 -8.76913210332504775e-04
5.11279730327655543e-03 -4.82891211143361351e-03
2.91744273050156952e-03 4.17826805477708365e-03
1.22304077484431713e-04 -2.05085600986661554e-03
4.32642349702978498e-04 1.63330250139008645e-03
8.02455934824439741e-03 -5.54536305759054885e-03
-1.81696027225262588e-03 -8.07802582499365083e-04
4.78680315260198840e-03 -9.12777977385338061e-04
-2.53043274182807509e-03 -8.45893455902247716e-04
2.44312851656532581e-03 2.52278473815933414e-03
-7.30786791835215323e-04 4.31291212718220088e-03
-8.78063614138595446e-04 -1.00983683482179076e-03
1.65650387071594003e-04 3.91335686900181408e-04
-1.92107774471954231e-03 1.31669956859899596e-03
-9.22945476950925688e-04 -3.30139470482101593e-04
-1.35979085285807891e-03 8.31038499398871087e-04
1.45427609028539137e-03 -3.99788710379594329e-04
-1.33136636622547297e-03 1.13778392545913517e-03
-1.56569140220043975e-03 -1.98622144894583562e-03
-2.11575043989058659e-04 -2.62500274251719007e-03
1.30408320351783728e-03 2.07826544305935801e-03
4.14934991056192717e-03 -3.48331867457991884e-03
-2.83373916949888720e-03 -3.69382997083505301e-03
1.78179553808796012e-03 -1.85060721942437471e-03
-6.70005049753794827e-04 1.41854367521326418e-03
1.48560541487871567e-03 8.63341157358230287e-04
1.29001843313383786e-04 2.30813592463904134e-03
-1.42683569897180968e-03 2.31586810444945083e-03
1.29312422311698809e-03 -1.53210150095077599e-03
4.23128640987996494e-03 -2.42758344249968542e-03
-3.86031263238617367e-03 3.11819454836585741e-03
2.26185518545106434e-03 -1.77165141923581334e-03
-1.51129182667406200e-03 -7.60438975175291645e-04
4.90338847122438921e-03 -1.85795416549018404e-03
1.21255114921220973e-03 4.64829171981229802e-03
2.25474850307724327e-04 6.59673977868520476e-04
-4.78292093967313810e-04 -6.99081391072677223e-04
2.31021146141352106e-03 3.24399962180145756e-03
-5.47244846171096090e-04 1.29283543575004780e-03
2.01466887369278831e-04 2.72285636439022075e-03
8.45275385023271878e-04 -2.03256202107477899e-03
-1.20214374844656723e-03 1.15819533461321484e-03
-1.92781754390680205e-03 -3.68992391106000620e-04
-3.73948064930731700e-03 -1.54402672608507682e-03
1.75183066992748047e-03 5.90120606374807213e-04
-7.57237943482926023e-04 3.49813800858901234e-03
-5.48739774736401332e-03 -7.16020527526291142e-04
-9.14756907284918820e-04 1.89977055513140054e-03
2.66563738175219734e-03 -2.00070910435439864e-03
6.22430303270205486e-04 3.69048668695096766e-03
-4.87647729735034806e-03 -1.20549798358210837e-03
5.77127005719651510e-04 -3.43753830297576250e-03
1.27187288640229017e-03 3.13326942586532710e-03
3.56039291040043072e-03 -2.11243348217798627e-04
-2.68598388982566093e-03 -7.38667486216043005e-03
4.92412557136137153e-04 -1.68077053366722982e-03
2.54160885476378167e-04 2.77019716481319593e-03
4.19395398155734652e-04 4.95678745799540336e-04
-4.33222332846964651e-04 1.09624266708877277e-03
-2.47220081016002796e-03 9.74196107563828051e-04
1.72990785809242734e-03 1.32577258834642834e-04
5.21104869455518357e-03 3.31643676623332708e-03
-3.11841598630117640e-03 -9.13203740422506745e-04
3.43323536282316233e-03 1.85867270327498687e-03
-1.06026516704395648e-03 -2.36233928081019820e-03
4.50015693877109033e-03 3.54707867690328598e-03
-3.88144758221186086e-03 4.71598066629233970e-03
-3.01821952974016671e-04 -3.43606701387989778e-03
1.90354466282821491e-03 2.72964431824221409e-03
3.57992116790396874e-03 -2.65246033711095475e-03
-3.94070695991990700e-03 -5.92468870388316964e-03
7.62157096487307037e-04 -2.31452571578575315e-03
1.81987019462597513e-04 2.58795902994616266e-03
1.14350073747933822e-03 4.27585747240855529e-04
2.55111019467025462e-04 1.77904490679430959e-03
4.27156719573922906e-03 -1.60794426674025796e-03
-3.29675307240714617e-03 1.62179595567762697e-03
-6.17359034526989738e-03 2.62297908635967776e-03
1.03594097149793049e-02 -2.52248956569552226e-03
-3.04160872722679995e-03 2.53186249158468589e-03
3.48562995274910353e-04 1.42669175354453981e-03
-8.06811850029542400e-03 7.13706723290189068e-04
2.64958721630765323e-04 -5.93683045106120459e-03
3.58363257806154460e-03 -1.87680246762510076e-04
-2.55717603317375365e-03 1.48727984866113636e-03
4.37225736802946460e-03 1.16183030672689005e-02
3.22992127868820637e-03 -5.29930180277518852e-03
6.90485935735591537e-05 4.91807864275831206e-03
8.56163942672324920e-04 -1.25547754323584570e-03
-3.54208205163197929e-03 2.01547917701738310e-03
-4.83024242544901564e-03 -2.05264612566334213e-03
2.17346231983785295e-03 1.59211973013434396e-03
-2.35921176933618303e-04 3.06524063351497843e-04
6.39327569540124822e-03 1.07153933470432674e-04
3.48915282085493885e-03 -2.93323032612167068e-03
4.97768939959701388e-03 -1.12107919305592099e-05
-3.96479153004746301e-03 4.41804461073188920e-04
3.44144153875394505e-03 6.65790702737077168e-04
1.21834909687024888e-03 5.67850831930512452e-03
1.49791378871639061e-03 -5.37680438173739820e-04
-3.17741730026317791e-04 6.95404102522664998e-04
1.49404665786049716e-03 1.37828601978344893e-02
-2.00766510354260901e-03 -5.70710564476847263e-03
-3.83521526690215261e-03 5.40173026454686227e-03
4.76314239278675510e-03 -4.09056765163179218e-04
-5.00841707191100778e-03 7.50390465177803588e-04
-4.48868942081980058e-03 -4.15780547136017625e-03
-1.34716841035742462e-03 7.16066876901518207e-04
2.42959561386117207e-03 -1.26891825047715503e-03
6.42697561552143734e-03 -6.54008431075318777e-03
-8.25517643738421340e-03 -2.90413331338765614e-04
3.58506812113981201e-03 -5.31982819893649182e-03
-1.35326557930851520e-03 1.61306273498398336e-03
7.44626758236555195e-03 -3.24912109058000768e-03
4.32364207163334242e-03 5.45941908804434359e-03
-3.70307170821268083e-03 -1.65791321353746463e-03
3.66926997528490553e-03 -3.90783360437684272e-04
1.25512115545612832e-03 -7.99563185849995646e-03
-7.89910085834108835e-03 2.03087638195614774e-03
-1.26169025073699028e-05 -2.54879819574516542e-03
1.31533250380337229e-03 5.69432228329593438e-04
2.23534721684086248e-03 -2.17121027427736294e-04
2.12671263474235265e-03 2.33329789011195443e-03
6.60939821973764480e-04 -1.38442879591968004e-03
6.43997284991459028e-04 -3.69355926685353375e-04
2.20213053133123417e-04 -6.46484197393053760e-03
-4.20073293779166593e-03 -1.41568428523873948e-03
-2.24193192856706055e-04 -4.94103723246407806e-03
5.59224975117749335e-04 3.18197771124927075e-03
1.43150804959440276e-03 -3.85390129697026941e-03
5.26456372526943033e-03 -6.33395870988098949e-04
-1.71558010294170309e-03 9.55704294527066726e-04
5.01289817948556357e-04 -2.07192828330118569e-03
7.44766746781158617e-03 -3.16393353816320179e-03
-4.00269368635645419e-03 7.18208926731031799e-03
3.53006488382907099e-03 3.11306043519201129e-03
-2.56466181070893909e-04 -5.12038148021119223e-03
8.95779078787331019e-04 3.09463103553452848e-03
-1.99103396809697424e-03 3.04881904942160779e-03
-2.46672092545725330e-03 -5.31080717718067558e-04
3.45294588910609410e-04 -3.85313765311376570e-05
-3.76185947865068310e-03 3.08734601011684782e-03
-1.84561495723398910e-03 2.45093004489181339e-03
-2.91723662041338660e-03 2.25909493167823295e-03
2.59152491547555647e-03 -2.03032533933119588e-03
-2.13508546794865693e-03 1.77614995468797937e-03
-3.77472499519818832e-03 -3.04169147720114190e-03
-1.02620272183501704e-03 -6.14036645359817440e-04
1.12156645350594054e-03 -4.82454553604831491e-05
1.15968382937035354e-03 -1.32130665272105316e-03
-2.84166829666705409e-03 2.35782780392096620e-04
-7.31446787729781892e-05 -1.28437577193083060e-04
7.86169795000718876e-04 -9.24206339704886949e-05
2.92049364920990353e-04 2.38521121919066235e-04
5.87430067985410357e-05 5.69436795903611667e-04
5.02210026554911811e-04 3.73736899850067277e-05
-1.39412348988875904e-05 -4.00348339587572875e-04
-8.12726779382050858e-06 -2.53694369047334197e-03
-7.60518614813067493e-04 4.26317704176676555e-04
-1.52659236033723359e-04 -1.77193051890889145e-03
-1.24691484166622040e-04 1.04136133982302994e-03
4.01972258913462074e-04 -1.92668126112219111e-03
2.23739947042606371e-03 -1.43648598564898802e-05
9.46022743404110545e-04 1.41584839821248592e-03
-1.28259880753478256e-03 -8.57827853842545304e-04
-1.00672294405509673e-03 5.44693039773233925e-03
1.96913487096132215e-03 7.13230750481965445e-04
-1.17317832618278736e-03 2.63307394932075188e-03
9.38419548773154755e-04 -1.27012688502265662e-03
-1.96430055453195983e-03 1.16264639268262251e-04
-1.54177460976970748e-03 -1.96247100615008904e-03
-2.25983577669999595e-03 -3.11800265103655597e-04
2.51502878552051961e-03 -4.53068334593066842e-04
4.99585921603643447e-03 -3.28457476758879045e-03
-8.06709647719485237e-03 -1.49777056468867499e-03
2.76814277757162462e-03 -3.15192342662035541e-03
-1.52779053229784237e-04 5.92207167933663479e-04
5.94342937347765426e-03 -5.46105069985341595e-04
1.24265238593418295e-03 3.83384272598702143e-03
-2.32938307681848124e-03 -1.58294961443159067e-04
1.54850591200593316e-03 -8.02090206682681914e-04
4.86616462794474121e-04 -1.01725028570646310e-02
-2.33236497797148414e-03 4.58422300720535622e-03
2.28986661958265709e-03 -3.23697186500535678e-03
-1.91216042314820115e-03 -2.33314464990259414e-04
3.41040332524257918e-03 -1.15460682279109927e-04
2.80638709455590394e-03 3.25459432633011135e-03
-2.51611710125970896e-03 3.98319176334424065e-04
6.90024670261616627e-04 -3.06622205086628987e-04
-1.17636143183589312e-03 2.87218958662167336e-03
-2.14337783106721995e-03 2.52472727080582313e-03
-1.17533048276793287e-03 2.05629714651811828e-03
1.37152907894387533e-03 -2.31689698046113734e-03
-6.40792605681657525e-05 1.77818913844599415e-03
-3.58773078882680761e-03 -5.33358917730499828e-04
7.97312615413135625e-05 7.83425808285099362e-04
-2.98993998171242224e-04 -3.37168515860894523e-04
-5.47221831589148056e-03 -7.96520376466979631e-05
2.35117583849078424e-03 -5.96423965517841221e-05
-1.90073749509660781e-03 -1.60388515657898740e-03
-6.06725998145508835e-05 1.65754808274739943e-03
-6.96847498845792288e-05 -1.95488218499426407e-03
1.79974867907766790e-03 -1.56069015862697743e-03
-1.43995512425619114e-04 -4.78588797928621544e-03
1.19763366134999737e-03 2.09126330881782146e-03
-2.92039683250457202e-04 -1.57953511203645040e-03
-4.62476932430265237e-03 -8.21875261899855138e-03
2.69833622218109247e-05 -2.22819600212535631e-03
2.31428842376650958e-03 2.95777323155773774e-03
-1.82762700949543549e-04 1.75902544180044518e-03
8.24492063473748846e-04 -2.87709150771342905e-03
2.72915958948404978e-03 1.10117963647056401e-04
-2.59302179973976057e-03 1.73008751880198352e-03
-2.35747875899172893e-03 -4.52478056565991469e-03
8.67058305401739900e-03 -1.90949721162182100e-03
2.97675546498570639e-03 -4.03977873739826392e-03
-5.36121634280434158e-03 2.31525282216285501e-03
2.48079853874011479e-03 -8.99673885644765130e-04
2.32044744496832499e-03 1.49260749719381494e-03
-4.71769935650932348e-03 7.98970452768905243e-04
2.38569044174086501e-03 -2.51706962212160925e-03
-1.79227507334197319e-03 -4.82309746812559486e-03
-1.10451383716972593e-02 7.35490485335596120e-03
-2.94646917039390662e-03 -3.53256504247731603e-03
3.01785160995758682e-03 -9.29842639475895474e-04
3.08310348212364983e-03 -4.01257769643654540e-03
1.14088172155944354e-03 -6.21817266505916605e-04
2.49941961555519157e-03 5.81991588959154685e-04
-3.27404618913410082e-03 3.32427157457808287e-04
1.36379745232986481e-02 -4.60732619470236460e-03
4.47747848600990334e-03 4.83658402022902473e-03
9.92855788518627082e-03 2.68754895183726623e-03
-6.38392360241448169e-03 -5.88002586389197585e-03
2.73623312702635105e-03 5.55127988676230345e-03
-3.45497959003958008e-03 6.32431395489235510e-03
-3.22836348968050680e-03 1.70183334830156623e-03
4.87363332949042457e-04 -1.49785711812997608e-03
-3.15830378349206539e-03 1.97477374291662273e-03
-2.62571717690393037e-03 7.05830620984215871e-03
-2.97504273904460569e-03 1.84759625993123101e-03
1.90186894382471383e-03 -3.12161553515540860e-03
-6.70737983579218749e-04 -1.71723622490171777e-04
-3.20174087023722452e-03 -1.28257981124264148e-03
1.57843888586869626e-04 -1.17574030124863995e-03
4.61158915619873898e-04 1.23394259061580152e-03
-9.61648104803492767e-04 -1.76954025879399795e-03
1.25422892920121963e-04 -2.78850886433577904e-03
-1.28331258858139542e-04 -2.14651404795586408e-03
-5.22612537973176847e-04 2.07714574534802231e-03
7.68079530012720090e-04 -7.25117590230066919e-04
1.13717195464356252e-03 3.19276215709949425e-04
3.89111685079378006e-03 2.58985097101662549e-03
-3.51380501214816664e-03 -3.18602897157512985e-03
-9.69831682497877649e-03 -8.93831307729278483e-03
5.67862955247269274e-03 1.11853067766846340e-02
-7.23306264495823456e-03 -4.49992806507599000e-03
6.30393364429616943e-04 2.71325258860519386e-03
-6.67761832962511341e-03 -1.12817225662505786e-02
9.24992333201735302e-03 -6.26843059598519541e-03
-3.63296194351959067e-03 3.84195699005749269e-04
2.01083976808829430e-03 -1.45686481047898079e-03
-2.98028749547618859e-03 -1.94569969603166221e-02
-8.62982150187435932e-04 8.29608327610189232e-03
3.66584090679520930e-03 -7.56929916243167817e-03
-4.66294882050678934e-03 8.74975188254678831e-04
6.65283736704042322e-03 -1.55223180643975769e-03
6.65564027436007372e-03 5.25323564419294137e-03
-2.30224371759340813e-03 1.53672465569908243e-03
2.56546819790838315e-04 4.96294473608254656e-07
2.94933303624360453e-04 6.51351854632746096e-03
1.12592039544000201e-03 2.49092365480969857e-03
2.04458640943920740e-04 4.80494745885426400e-03
6.31684621358302977e-05 -3.94490793333457466e-03
-3.11338941657639145e-05 4.11428353089774226e-03
-6.19686400739237475e-03 1.21727811054387985e-03
-4.40668391580234780e-03 2.55137804545333845e-04
3.39353453754232589e-03 -2.19311693643828081e-03
-3.37695419199104778e-03 -8.03099779321765107e-03
-6.57076231235234707e-03 5.62670321106506499e-03
-1.66855634925977569e-03 -2.55997810824538366e-03
1.74776919985902206e-03 1.56937551529054528e-04
1.92465434324508907e-03 -1.56206781412685674e-03
3.33646479599036252e-03 9.06407488536936081e-04
3.12537959542894461e-03 2.03949225177094910e-03
-1.62828264091016738e-03 -2.29978770945067331e-03
-2.43443064975269784e-03 -8.73711391793217766e-03
1.99683895439632794e-03 5.68645704849225428e-03
-2.10318551797001024e-03 -5.29113732907051694e-03
-1.17621731215529208e-03 3.04077441393759643e-03
-1.02658340560634427e-03 -8.65280510491789161e-03
8.60931842670731827e-03 -9.18510357035388653e-04
2.38697770710604015e-03 5.89454231540061861e-04
-2.52093807310831705e-03 2.12856450481298677e-04
8.44996262010401858e-03 3.95190634304061570e-03
2.66900449076482894e-03 1.00650008441335913e-03
4.24477372299201464e-03 4.38928594687337369e-03
-1.86079998222161546e-03 -4.06650056856342704e-03
-7.84200186746848650e-04 3.65522167536361155e-03
-4.19208537623027514e-03 1.68687492984057985e-03
-5.19731043176564333e-03 5.56212402402710832e-03
3.03915571530152979e-03 -3.85985299935270908e-03
6.60432768575842499e-03 -2.90778570708565042e-03
-9.63135895200188837e-03 1.03559013016992808e-02
2.75156147825738944e-03 -1.95035267324861119e-03
-1.68081445285126353e-03 -3.77470688334790097e-03
9.45720572651601379e-03 -3.16187602221259384e-03
-3.00170471669460156e-04 8.53306994016718445e-03
-6.40607934520654072e-03 -1.04399919904853318e-03
5.61950872120303441e-03 -2.03537508300030440e-03
-3.10715420763636035e-03 -1.22691262471886220e-02
-1.11341526341684274e-02 5.61890990792018527e-03
-2.06818416117730960e-03 -4.38026017866622805e-03
2.67579992776610306e-03 1.14460815322550203e-03
3.10148290872016858e-03 -1.95005558157789610e-03
4.69743179894400315e-03 1.99491058858930785e-03
2.67376391593402958e-03 3.84664079015355122e-03
-2.60012674939819641e-04 -2.34206069069035558e-03
5.89466898432200286e-03 -7.96289764432513841e-03
6.44498420847137488e-04 3.49481748247666528e-03
3.70688111092270459e-03 -5.20750452905485630e-03
-4.53932306599793330e-03 2.14096906137852374e-03
5.29402573049954448e-03 -6.80948571587978915e-03
7.86591356598797392e-03 6.53337947661523054e-03
-4.16718002979750077e-03 -1.50851548358535984e-04
3.49684485985397690e-03 -2.07735665254958190e-03
3.31707460934098548e-04 -3.69924460420847142e-03
-8.79800941299309532e-03 4.59837903062680024e-03
-1.77078906508469419e-03 3.40002796750449906e-04
3.39750006728821484e-03 -1.30610588811880691e-03
3.43278546204694405e-04 -1.10701704329797498e-04
8.18410719229371907e-04 5.05715283572723360e-04
-3.99675578141526697e-03 -2.08255870348997502e-03
1.85524471155568138e-03 2.44413303758216939e-03
2.14246888269833220e-03 1.04835765758438532e-02
-2.38446045432946091e-03 -5.44957492754368292e-03
1.87508675203846751e-03 6.48433008783692085e-03
1.64601812711261250e-03 -3.98415795661866568e-03
8.62072042117755649e-04 9.96346674540577078e-03
-1.04435681164898892e-02 7.29725354385152053e-04
-1.64141691051395474e-03 -5.76389316780497821e-03
4.10479618789213584e-03 3.31532786430226503e-03
1.45241896389758859e-02 1.24252820581435716e-04
-1.30223093191772499e-02 -7.19739419063224195e-03
2.24707766994386915e-03 1.94639176534304264e-03
3.27592998314197182e-03 -4.05218525692999055e-04
-3.04234062628185354e-05 4.13970761341498489e-03
-4.04748662156462820e-03 3.68157549017854866e-03
6.05853794405982957e-03 -8.90361465610506634e-04
-2.67977793186488945e-03 8.21326307901463267e-04
-1.00869069802877131e-03 -4.28411338539838420e-03
8.05853594010719383e-03 -4.04785437691567145e-03
3.17628641334334898e-04 -2.64516629133578450e-03
-2.20025792374752309e-03 4.43029345605363330e-03
-3.38740808363339899e-03 -3.49721809107036551e-03
6.62984534059784820e-03 -1.65403155083756917e-03
-1.42971847394444507e-03 -3.73304361451380975e-03
2.87292487862171597e-03 2.16873800049084166e-03
7.49622027203562628e-03 -3.17422479356791690e-03
-7.70439477548369792e-03 -4.12163793093025914e-03
1.61968307880001211e-03 -7.19190413919128442e-04
1.17003374530408560e-03 7.16928249475639505e-04
1.12820158817698792e-03 1.85511489111766462e-03
-9.78521203885799945e-04 2.87682909914876994e-03
3.61009402099056942e-03 2.89562040216893423e-03
-2.25109464599176695e-03 -3.19030303878927845e-03
-4.37988425960841865e-03 -1.05879461745478215e-02
2.77590888311251551e-03 8.79756615632773867e-03
-3.65705657955447353e-03 -6.18212615968395836e-03
-1.04029559325700548e-03 3.29628622660853516e-03
-2.13462292859554559e-03 -1.11366975031087275e-02
1.03750631084641512e-02 -1.97403717427678755e-03
-3.75588064904216730e-03 5.87514929989178727e-03
3.32349253356243712e-04 -6.43295087202470743e-03
-1.26845038387122071e-02 -2.52751815762691139e-03
7.44939562105740227e-04 1.37198022464918180e-02
-4.73144518017341517e-03 3.08394883078535727e-04
2.03786023415905614e-03 -2.47824080800856028e-03
-4.41085698353230248e-04 -3.59696187898658239e-03
3.80927211362745840e-03 -3.43169769545837843e-03
4.01311561148166515e-04 -3.20859777656041720e-03
1.07491864250158596e-05 1.16731855419483898e-03
-3.10765213401631912e-03 -1.31109453269401851e-03
-1.53642237874610779e-03 -3.79912034702112236e-03
-1.99144139259754436e-03 -1.33355526747963365e-03
2.27898503106852696e-03 2.10506349110473360e-03
-2.48383076830432708e-03 1.19810364902103982e-04
1.03381308218712144e-03 -4.21047299968698406e-03
-5.68328543830030485e-04 2.60346583294593023e-03
-9.83504928105695874e-04 -2.52025560401779878e-03
-5.88229263491306907e-04 -8.23521187588679309e-04
1.51629788839235144e-03 6.67880073374080285e-03
8.18921911219861300e-04 1.73822788456013820e-03
-6.40476643534978953e-04 -3.07499465095361539e-03
7.84289698504437449e-05 4.39190429218363760e-04
-1.36690470582988098e-04 1.27107874272524738e-04
-1.28320129891206294e-03 6.87054532187748933e-04
3.07691094145405087e-04 -6.62991363135434709e-05
3.66647811650818551e-04 2.72302500235370188e-03
-1.63589220511245990e-04 1.18694308132157944e-03
1.80839506861582946e-04 1.96546452160298313e-03
9.48490291472051431e-05 -1.79523076164279862e-03
3.67288002502600460e-04 1.79530472644045831e-03
-2.76688676358254450e-03 7.39178290769102429e-04
-3.82297791501044260e-04 1.18137955338944731e-03
-2.88691609289278689e-04 -1.22065798177746487e-03
-5.85404233192917539e-04 2.73056587916168422e-04
2.55256022669212573e-04 2.87031102506841692e-03
-1.18316015795619895e-04 9.97414003935168450e-04
1.88738582444714401e-04 -1.33447492390569803e-03
-2.57307824498275502e-04 7.91649477597547267e-05
-1.51161450174334088e-04 -2.90421974232556244e-04
5.60925422122058649e-04 -2.02715409164176815e-03
-4.50137117730386072e-04 8.24546665874447923e-04
-3.14237260018088941e-03 -9.85298791189300014e-05
4.26120504944778257e-04 -2.01300182208927333e-03
-1.96189507841061823e-03 -1.68926003076067438e-04
1.62863568498742770e-03 1.14724311758306421e-03
-2.82685736891796291e-03 2.40615982401454415e-04
2.65880315017259913e-04 -3.58932310476901611e-03
8.57115889133778304e-04 1.31333066371967083e-04
-7.68907261476601102e-04 2.28290579282420749e-04
1.25708831772319038e-03 1.82853569554653687e-03
1.20256385415190570e-03 -5.37919338708719801e-04
5.60909267899516758e-04 9.89761899151006064e-04
-3.23122339878780787e-04 -5.51231392172429522e-04
-4.71674523087233194e-04 5.96049081297328866e-04
-9.85386073242092283e-04 -8.11979614151018154e-05
7.96634309486724717e-04 9.58993155605733375e-04
1.16639714736902373e-04 -1.48948348990234633e-03
4.96544943676311377e-04 -6.33466204206331509e-03
-2.29248225849769003e-03 2.64673875186712806e-03
-1.90472108026723866e-04 -4.31846498679691691e-03
-6.15750444185908627e-04 1.98121589009192653e-03
1.76052825155185392e-03 -5.15575560246504718e-03
5.38845568103038866e-03 8.78695920411347265e-04
-1.10093547974057749e-03 3.19153671501632959e-03
-8.66639781975146847e-04 -2.83410039451747033e-03
-6.56816434074117359e-03 -5.39458042082206247e-03
3.89065022886746475e-03 7.72535682516578472e-03
-1.08388932461011650e-04 -1.86635242255501978e-03
-1.96057224824756730e-03 -8.71497261421662144e-04
1.61076118140846859e-03 -1.87283869538824085e-03
3.21717071935972120e-03 -1.33409198128597184e-04
-1.14274990308398171e-03 1.14739507370969032e-03
4.70651001500723310e-04 -2.23726767679627541e-04
1.82664414041724650e-03 2.20882750672114899e-03
-3.27687916187704108e-04 1.09395426807327089e-03
1.17375656333058983e-03 1.56906636374778453e-03
-6.34872795480609202e-04 -1.71998900817170561e-03
1.53769439052721347e-03 1.53458394512487458e-03
-2.27189314382558434e-03 2.11570980266888135e-03
7.06301125767930141e-04 -2.95473532716670562e-04
-2.88927013725874462e-04 5.66164333339920522e-04
-3.46893447943076485e-04 2.69968519210147606e-03
5.63763062875975696e-04 -2.16659382623721327e-03
-7.88663612090724671e-04 4.66529620378627516e-04
5.44215836515170195e-04 6.10662835824600167e-04
-8.74532122453457227e-04 -1.47080212330334556e-04
-5.89817194560691527e-04 -9.23835119392536785e-04
-1.65662922498482522e-03 -1.10584839639931527e-03
7.10458010760660016e-04 -1.66578154662343977e-05
-2.02683652743929207e-03 -1.41574745598297482e-04
-3.41219687884447174e-03 5.14651729783254853e-04
-1.75724648750625614e-03 -3.00321513612321388e-04
2.02610954509170561e-03 -2.02551839236439328e-04
-5.23328292718613875e-04 1.86833239305236886e-04
-8.81560471675690242e-04 -2.06902511405320432e-03
1.45419964271086390e-03 -1.12543298717100964e-03
-4.09757702325759358e-04 1.84882274117853128e-03
-2.67479482458963863e-03 2.32619026646745239e-03
2.28591407684558242e-03 -5.50871956974727760e-03
-1.42950893907121978e-03 -1.61070495012616928e-03
-8.02021978006270761e-05 3.03450489885843640e-03
-5.41408768362388096e-04 -1.27192466352030208e-03
5.68325421821593555e-04 -1.37852760612544264e-03
-7.25649706714416348e-04 2.78722427459283158e-03
-6.01573223630465486e-04 -1.70347536739787761e-03
-1.81926492815481095e-03 3.16485018554565195e-04
1.31764687876488313e-03 6.86944688991624006e-03
-1.69741045243014164e-03 9.92881707734495069e-04
-2.22090074777570837e-04 -1.98508546049572113e-03
-6.64857189015794370e-04 -1.94223438687403296e-03
-4.65659504328940692e-04 1.98906985961868569e-04
1.22413794151307229e-03 -1.08438762834971278e-03
-7.75761701947790070e-04 1.80844103890270358e-03
5.61807024713712627e-04 -5.46762040588405149e-03
3.57758525006757980e-03 -2.09843950274580171e-03
2.86130687186215765e-03 -3.55541553361314946e-03
-3.70471743344681897e-03 1.90167802108560241e-03
2.54120733021558900e-03 -1.34033475525640304e-04
1.74930549342447211e-03 2.32207721834159489e-03
-1.38784312411312753e-04 1.90727623381687977e-03
-2.01437725881011307e-04 -6.60132829114436085e-04
1.28851051696972688e-03 1.13576441627975485e-03
1.49763803219329699e-03 2.47283992285482696e-03
8.39656413397373773e-04 1.11642180148693979e-03
-1.24087490123457730e-03 -1.36232939649801152e-03
9.05793151283472951e-04 2.00172594257893545e-05
-8.32436299860554122e-04 2.06199739943623743e-03
-8.27875433529061768e-04 -7.05229479555355746e-04
1.08853059951382562e-03 2.35529284834619406e-04
-7.98770848258611435e-04 -1.07351615553890408e-03
-2.04036582124061646e-03 -8.85237441547143122e-04
-9.02297652656222074e-04 -9.55919356921785266e-04
8.30715664295816371e-04 1.00208804204848681e-03
2.09786527084628602e-04 -5.55402639001676638e-04
7.19963589059142506e-04 -7.32696659565788290e-05
-2.93127897572169490e-04 -1.63807641352359669e-03
-7.91853482140055117e-04 2.08710767944402355e-03
-2.49310240118756936e-03 8.11810936483298509e-03
4.52208177675344526e-03 -3.39917961836943942e-03
-8.87376536085783454e-04 5.69838693703118414e-03
1.20089469292127883e-03 -2.12976400909644422e-03
-4.10614004726155002e-03 6.25686957395356000e-03
-6.52564501499665415e-03 -2.83320209571937117e-03
1.89633853928924392e-03 1.37254562997958626e-03
-1.70961230593737494e-03 1.78827359919217559e-04
-1.00412577441559101e-02 5.96467814836917735e-03
6.31971700019426895e-03 -3.46090905084037821e-03
-4.53287402673061088e-03 -1.16626927633665836e-03
6.47479463725343565e-04 3.36695291103370625e-03
-2.07796111391202491e-03 -3.43357913545247299e-03
1.57345803248761505e-03 -4.66667327221219428e-03
1.48630619237453162e-03 1.26874627475213647e-03
3.05300802471786674e-05 -3.43907855779247609e-04
4.32855450914387298e-03 -2.31538894522777391e-03
8.98861176414719569e-04 -9.79335208996471186e-04
3.10884534016139108e-03 -1.67905493883298979e-03
-2.62741849657859537e-03 1.00046607010055469e-03
3.01664922042866159e-03 -1.40915892314875100e-03
2.68170043312440263e-03 3.94842255082719033e-03
1.27176618967774933e-03 1.94429691931323674e-03
-1.87921842919778819e-03 -9.06874611110982569e-04
-3.71213838105201527e-03 3.19306836046140451e-03
4.68309934965630177e-03 1.32697599814306927e-03
-9.54686432145947336e-04 8.70949947461391880e-04
-5.36485471744063583e-04 -3.68586418053211092e-04
-1.05621208418552265e-03 -8.47855540355545146e-04
9.54247853628261738e-06 -1.87997341859767850e-03
-2.48510775413386242e-04 -1.49179640360706627e-03
-6.80628413507578943e-04 1.11864118533059318e-03
-3.74358498040317910e-03 4.07229106859771737e-03
2.29450592940867422e-03 -1.19008635776297889e-03
-2.20427329071375177e-03 2.94661311356554613e-03
1.77572923983792446e-03 -9.07772681266377345e-04
-3.88223333158516266e-03 2.86038169638308266e-03
-3.36351554390898434e-03 -3.70837039060346917e-03
-4.06963073901881617e-04 -1.77009707661207626e-03
9.45853024289717778e-04 1.57476853248640766e-03
2.83218499848045507e-04 -7.18272413052657710e-03
-2.54858659400079141e-04 -1.85055622772292618e-03
1.80749628710042895e-03 -4.19367959450332468e-03
-2.23329512244921933e-03 2.36869448415567624e-03
2.79656821044983869e-03 -5.12308496908993392e-04
2.42415391575193572e-03 2.45753430108944021e-03
4.14542533175038270e-03 1.31724946850790428e-03
-3.27422745159323958e-03 -4.61885841710228521e-04
-4.97741730730001230e-03 -8.97798460009476256e-04
9.44487120974062469e-03 3.19857369463128535e-03
-2.83540507053652198e-03 5.41799292281877013e-04
-1.02304877458838338e-03 1.08321872446834615e-03
-5.81314487550053938e-03 -3.32090241954992402e-03
3.09607711064690139e-03 -3.37412382078693725e-03
2.01146855623545199e-03 3.07536993680482479e-03
-2.82038050684089775e-03 -1.54253771411339414e-03
-5.81782267247610198e-03 7.92493306840404144e-03
6.43202880119513650e-03 1.37020237121254470e-03
-2.61024536161018296e-03 2.63193546016798983e-03
4.96635017299497275e-04 -7.99191833094333088e-04
-2.80161714162149855e-03 -1.25888887848632654e-03
-8.76746768438327155e-04 -3.98021192567131216e-03
1.52197842280348884e-03 -1.50741544382592416e-03
-1.12421016501935197e-03 1.17702617769635190e-04
-4.80946990442902410e-03 -2.58783793513549720e-03
1.34976548953955229e-03 1.06793856420520119e-04
-3.24194473532587535e-03 -1.58567279208346457e-03
1.60961429194854313e-03 2.01754368872361948e-03
-3.87853657227951428e-03 -2.47134303507852296e-03
2.75757939286869636e-03 -4.64194592463651121e-03
-4.47276923265173371e-05 2.27628539488676507e-03
-1.13630768448267196e-03 -1.81721540112105115e-03
-3.16332133773148619e-03 -4.23818122115826525e-04
2.97681913387228643e-03 4.44577458033198689e-03
-1.80681973999587418e-04 3.95501284160338956e-04
-7.96614712849297887e-04 -1.28544355864622741e-03
2.57510603535959930e-05 -6.43020024335420512e-04
7.56165663201834645e-04 -6.97173528701136840e-04
-3.92602908980849066e-04 1.01691827794802539e-03
1.36971577080139632e-03 -4.63888507849985346e-04
5.96916818540497909e-03 -2.37754636133560415e-03
-3.29161812734390935e-03 -1.23495980046270317e-03
3.87136738889721100e-03 -2.12082633393596062e-03
-2.07702009889497658e-03 4.48261384824032269e-04
5.37397874922308349e-03 -6.35090187485311394e-04
1.66675498898092569e-03 5.19672679064931992e-03
-2.61327421993770483e-03 1.28930674836273901e-03
1.02815571285358193e-03 -2.19930310478252695e-03
-1.46691993344975484e-04 -9.87814984192785829e-03
-1.59273238255555985e-03 7.97037254562389143e-03
2.33945950395319418e-03 -2.08250488944652533e-03
-1.92814165157037770e-03 -1.83628910507957553e-03
3.15820986320051273e-03 1.90189777741532388e-05
2.61677235977898900e-03 2.97285419095781296e-03
-2.00533154536441244e-03 -3.68357256242135729e-03
1.54881140415902329e-03 1.14686093288804457e-03
-1.74376196919947841e-03 -7.27449435268610347e-04
-6.34760735562046787e-03 -4.08868234157442993e-03
-1.46330225643885137e-03 -1.37883449182768752e-03
3.25303221637446857e-03 1.21158302261548437e-03
-2.08303322499058397e-04 1.48344650569922102e-03
-7.90909419196653639e-04 -3.27017889463542552e-03
-1.76370063153540903e-03 1.45414172894598988e-03
4.63930764881440071e-04 -2.18708292295607780e-03
1.46300591060422513e-03 -3.75310129151986598e-03
-1.91412974699117040e-03 6.53087547222493819e-03
1.37718627464354822e-03 9.25453793047779265e-04
-2.58238721272822870e-04 -2.89037587435447569e-03
9.90648489922505565e-04 8.46671781219161964e-04
2.00419265951919416e-04 1.47303202055148086e-03
4.68607400150217331e-04 -2.43142269718802945e-03
-1.43988296852736787e-03 1.39387704920941580e-03
-6.92679500846310556e-03 3.85168621763418411e-03
3.71168743560954927e-03 -1.21813208385512426e-03
-4.26799089209276006e-03 2.95819068449667405e-03
2.87545696348952664e-03 -2.22043883089664601e-04
-6.68520877386618011e-03 2.30952729647135660e-03
-2.85026669686603423e-03 -6.73557111238063007e-03
3.83563236595424548e-03 1.27167852751377056e-03
-3.65437052101504067e-03 7.44312559252030548e-04
1.74004298720465393e-04 7.45663225118998931e-03
7.66652290644778342e-03 -2.44073914112099286e-03
7.68716326264084777e-04 2.51631969078604549e-03
-1.68366350059988962e-03 -6.87581458749635978e-04
-1.94887046245385376e-03 6.76317372195108998e-04
-2.38685266850184293e-03 -1.70345699179793577e-03
-3.16835676646588359e-03 2.46554540955676868e-03
1.27914277029656594e-03 -2.27552390371230703e-03
1.37589309765616796e-05 -1.76965565952361538e-03
-5.40031038318343481e-03 7.31036021727074058e-03
-1.12564081223445354e-03 -9.90799186972706521e-04
7.07246894919260683e-04 -2.05457101598362441e-03
2.74623230106623957e-03 -2.48128936765262299e-03
-2.44390990161349759e-04 1.59424812388112057e-03
1.79434238024080541e-03 -1.34440103245326279e-03
-1.28991299490732389e-03 2.08997934137782407e-03
5.23020038424711498e-03 -5.16900547498350127e-03
3.37487408391524014e-03 -1.74178371165859772e-03
5.08548974489245187e-03 -2.05935559437735258e-03
-4.48151110795883770e-03 2.14803066182926337e-04
2.67262348957407990e-03 1.66776738065398697e-03
8.33567455873140218e-05 3.73540587164407833e-03
-1.69180973244683496e-04 9.74713558100015844e-04
-1.89400371701036374e-04 -3.86765211866332869e-04
3.49391184663741942e-05 7.53338704474888136e-04
8.73343889431223283e-04 1.70862344047751670e-03
-2.48528447875909201e-05 7.50492441685408473e-04
-3.84845338456338780e-04 -8.33257050421295836e-04
2.13116680398165866e-05 -2.91026102647477935e-05
-6.13609504663277625e-04 5.79155409639587043e-04
1.29405941351208245e-04 -1.32695688671674258e-03
4.73743154076644341e-04 1.21299420277921812e-03
1.54181306017832104e-03 -1.78603584146237466e-03
-7.24424569046103303e-04 -2.26740450327293525e-03
8.58491528412115242e-04 -1.27438237532012904e-03
-6.02625224214681731e-04 1.07120129430815980e-03
8.14402447917873026e-04 2.21854931291818030e-04
2.85674678430904258e-04 1.06116407174470010e-03
-1.84771507217908583e-03 1.98871813892106909e-03
1.04375876539418953e-03 -1.03933104193081505e-03
2.92532709510134881e-03 4.11961746099129874e-04
-2.58134954120453402e-03 2.90740158973376225e-03
1.54315432343161843e-03 2.93746598664427875e-04
-8.84475395566718505e-04 -1.79592520963361675e-03
3.37571679458255379e-03 8.89887962255939304e-05
-1.22960187638615948e-03 3.48074545449818598e-03
4.42131918262292118e-04 -5.84279160748745621e-05
-3.00303970407470608e-04 1.36482835093513464e-04
1.52260276552311112e-03 2.02543623571131747e-03
-9.16948388505737269e-05 -5.54660764451359099e-04
1.82106875985033474e-04 1.22078597403324995e-03
3.31865416862483370e-04 -6.16372055661470780e-04
-6.52253399002947860e-04 6.36030345917054435e-04
-1.11449235668218934e-03 -1.63020832634435244e-04
-2.46532939126506119e-03 -1.11964474415859145e-03
6.51292713479278518e-04 2.63995248782885185e-04
-3.02781485359767191e-03 2.70184997504343627e-03
-2.72127134449626521e-03 9.51972714046006932e-04
-2.37475509518506565e-03 1.77145742412907967e-03
2.62141926291529223e-03 -1.54827523621193586e-03
-1.55465345049679723e-03 2.06847056337318598e-03
-3.52099063927443926e-03 -2.80143488101555239e-03
1.92091237738747033e-03 -2.35978358993016836e-03
-1.64232856281311721e-04 3.01179337126717111e-03
-1.92302360001030224e-04 3.36245192262210439e-03
1.24702709110262148e-03 -8.28475471968388374e-03
-9.67124670866819974e-04 -1.38304013027343731e-03
1.36645078452996368e-04 3.48633786983509886e-03
-7.37603675591831372e-04 -5.88698142393024476e-04
-3.37428178221195365e-04 -9.61409593540485407e-04
4.78549728051830508e-04 1.61933998749026449e-03
-2.93389536505094764e-04 -8.48593633179184348e-04
9.59245008549266718e-04 -1.12743793105365671e-03
9.98926972570822729e-04 2.35040534072338469e-03
5.40681712402757224e-04 -4.91343565076896396e-04
-1.19635808599100339e-03 -2.10868340214812934e-04
8.91768867623397746e-04 -1.60797556427483843e-03
1.23785465021756971e-03 1.61251321491139780e-03
-6.19628315172944598e-04 1.86534094487728487e-04
5.15408856271328008e-04 -4.49120262110328243e-04
-1.43955370209311920e-03 4.55227678817754825e-04
-1.07074615076824210e-03 4.14359397545352210e-04
-1.20354558037446473e-03 6.27960152365129924e-05
1.00137034806779953e-03 1.83993292041378980e-04
-3.80765293110169251e-04 -5.31714122666563293e-04
3.02660687553336807e-04 -7.18808840542493172e-04
-2.10079072208834783e-03 -1.27489673684235924e-03
1.36918260910920625e-03 4.47364579841721087e-04
5.95723531864350347e-04 9.48655522842064745e-04
-4.34397255090244669e-03 -1.57986104192705612e-03
1.54533893873055265e-04 1.37137191238540532e-04
1.39177730156459108e-03 -5.10443424524830835e-04
1.33801351122555851e-03 1.87513572945969924e-03
-1.98512970938925955e-03 -1.15027711644935656e-04
-2.43980109344318761e-04 -1.64973409854708621e-03
9.92856983506617370e-04 1.35710693805587718e-03
5.45483532421745941e-04 -2.24378425384007697e-03
-1.49461326022308949e-03 -2.90016985179253643e-03
1.64442112479218670e-04 -1.94565916147318636e-03
-1.69766859349321968e-04 1.82479897694442605e-03
8.86227458335658229e-04 -2.79852186310332156e-04
8.25028521555079076e-04 8.23865724794537986e-04
-9.05348596655732728e-06 1.11214431799079062e-03
-4.10255757094969719e-04 -1.09916269829459304e-03
-1.85818185682947714e-03 -1.78005606485575349e-03
6.39286075204738980e-05 3.84073262432917725e-03
-1.62279220143459043e-03 -8.36673074536714708e-04
2.57230836791312513e-04 -1.02399820192615085e-04
-7.24192836504087916e-04 -2.51363994769730238e-03
1.44286890644507648e-03 -8.07477570297207591e-04
1.31400626075375078e-04 -8.64984302236284459e-04
-6.35820030770085936e-05 8.93883329801397068e-04
2.96222050890259086e-03 -5.91273946076478242e-03
7.38192467961395799e-04 3.61897113103431319e-04
3.30437894387216680e-03 -2.12605934252186593e-03
-2.82040152593375504e-03 1.15468700384141796e-04
2.45926737703845797e-03 8.33037677493129211e-04
9.23931335657544959e-04 2.97856880071039904e-03
9.20889219201140785e-05 1.36461213727225440e-03
-6.99962968425790885e-04 -6.40327105041893800e-04
-1.39352505039184440e-03 9.33919015877722925e-04
2.15201113784564040e-03 3.18099722020525905e-03
-1.00989972879223519e-03 1.13900941301951168e-03
-2.23053233309080301e-04 -1.07134723893952013e-03
-1.19218985352616182e-03 -5.72626486180929624e-04
-5.76003885453765059e-04 -3.22996931231820262e-04
-5.12648583750578138e-04 3.51738418938055781e-04
3.37750323864627604e-04 -5.19354617555455424e-04
-1.65850752412191713e-03 4.44462410237155079e-04
-6.02335271229835750e-04 6.30514450968296114e-04
-1.13141299561818451e-03 5.08312763043941882e-05
8.15427791308389878e-04 1.28846115277999311e-04
-3.54608052959659299e-04 -5.70204604415520716e-04
3.54667639040442929e-04 -7.48543501317119387e-04
-2.47415085467188626e-03 2.15448075308587519e-03
1.93517108170033559e-03 -1.46700578552194346e-03
4.95880469205787350e-03 -1.73132840835973694e-03
-5.66110656497420452e-03 2.86309445298930845e-03
2.62939306082523487e-03 -1.47772791853774204e-03
-1.17834463619320945e-03 -1.31155930528701779e-03
5.87082801903031533e-03 -9.34046446861298081e-04
8.41232371801341016e-05 5.18888546699121291e-03
1.01269536536981891e-03 -1.75366252865731304e-03
-1.04691512749139904e-04 1.65876341883781095e-03
7.11732578244854679e-03 1.28736236235787896e-03
-1.51603701181966550e-03 -3.00358784171827565e-03
2.55219222345891760e-03 1.49685752805133864e-03
-4.51887890345332771e-04 -9.08129255900320823e-04
-4.76330787084726647e-05 2.39909400732073478e-03
-2.48664618932414351e-03 1.81759340361465791e-03
-2.12648045775566945e-04 -1.20027825504741823e-03
1.81894170598987211e-04 2.43532080542646878e-04
-1.45152293114197755e-03 -9.45687925185358406e-04
-1.48281337805470639e-03 -8.48196946374400133e-04
-1.08125973414412374e-03 -8.29145092279892594e-04
1.16520022553950366e-03 7.67174892261269234e-04
-7.84067645945594376e-04 -3.29159989569626909e-04
5.33654031570924095e-04 -1.76858909367728868e-03
8.40325534233272910e-04 -2.24820409129099187e-03
3.14982968646771572e-04 2.23703301504567156e-03
4.17435496616265934e-03 -9.03905952002670367e-04
-8.80509816498151339e-04 -4.43890602759681834e-03
1.78439633682464169e-03 -9.14256395638114836e-04
-8.87558778781854098e-04 1.16730182554674960e-03
7.34448053825360685e-04 1.05738872607326882e-03
-6.83638810935194622e-04 1.64288828947459350e-03
-1.90644914360452947e-03 1.28554391525836291e-03
1.40421205538311862e-03 -5.80701812178206181e-04
3.90441214636516468e-03 4.82887984473620449e-04
-3.40884056538214627e-03 9.48682050438996141e-04
2.30437127596986235e-03 7.60878771913908730e-05
-8.83461992374619319e-04 -1.41727383128017570e-03
4.03001892273323337e-03 8.60574481379181868e-04
-1.36194261190072051e-03 3.84587943565252617e-03
-6.44964191586945459e-04 3.75868860084533176e-04
4.35995891049585735e-04 -6.70277389653882883e-04
-9.62105534797406546e-04 8.67034233434026700e-04
-1.21848243750123696e-03 9.39849363011554823e-04
-1.09248348501163849e-03 5.89898367655359223e-04
1.12179926817119243e-03 -3.11671203223225105e-04
-5.47228368981842665e-04 -2.85782820650883832e-04
-3.40604663076873716e-05 -7.13810851012785900e-04
-1.41456418316507674e-03 -2.80396089026203324e-03
4.55590153683558359e-04 1.67832589720120010e-03
-2.39777751139563268e-03 4.07014652724088915e-03
-1.17707433797944127e-03 -3.74448372471260747e-03
-1.38515751568535285e-03 2.39785671627202029e-03
2.49767764966649358e-03 -6.34839973162853468e-04
-2.31480587295122223e-03 4.18138746594118316e-03
-4.10284283881959862e-03 -3.32497022294491427e-03
2.27713694691873258e-03 -2.47824352480117190e-03
-5.60701638211542571e-04 3.07253696070116820e-03
4.11560717277295336e-03 3.59504644841243323e-03
7.87392415552261044e-04 -7.50222908158822317e-03
1.02228000811581767e-03 1.52870062439093953e-04
-4.36453670990967165e-04 1.71988761401222130e-03
-6.48897655473100010e-04 1.10086974589003526e-03
-1.89655461175433442e-03 3.24965890408041166e-04
-2.95523551856732543e-03 5.75621951134132944e-04
1.78365281435144169e-03 3.54268683873152908e-04
4.32809513277112711e-03 4.40294532033097628e-03
-3.31695599483644230e-03 -1.01627090388323052e-03
2.83164999392241865e-03 2.59617714201838563e-03
-4.06469749224587929e-04 -2.77636395937653872e-03
3.80699639347556072e-03 4.38793102309084464e-03
-5.01224546668359999e-03 3.84107513069661781e-03
2.63342715960442856e-04 -3.12606903109332798e-03
1.32937042538729296e-03 2.77125076425781486e-03
2.85242900456838264e-03 -1.49520266694613390e-03
-2.52377071107434204e-03 -6.26576883749214476e-03
5.84068161440582235e-04 -2.11796607706119010e-03
-3.32442517821808544e-05 2.68793125163452242e-03
8.16025723204557175e-04 2.62710491375204832e-04
1.25875369542249730e-04 1.28708578158079952e-03
4.30438649268620899e-03 -2.02802134967504421e-03
-3.02831227001288056e-03 1.46392932316133655e-03
-6.18516103690643082e-03 6.49792215020911831e-04
8.78369968043670943e-03 -2.77854711795387206e-03
-3.20582460821687348e-03 1.01837513547158530e-03
6.32835785785272240e-04 2.31826307999036382e-03
-7.58321995434509382e-03 -4.69447576178554202e-04
1.77623653540778825e-03 -6.17729216206385195e-03
3.91480440806076923e-03 4.15532969444146302e-04
-3.17642100877395641e-03 1.34218798305968260e-03
1.90306139804614178e-03 9.99448770271594775e-03
5.75664488997910950e-03 -4.59902508784371718e-03
1.84917352541329725e-04 3.57571102339481741e-03
-3.77180664693696911e-04 -5.97057214812809372e-04
-2.87629128219140436e-03 1.18170774959436438e-03
-3.57541592234254932e-03 -2.11703070921653988e-03
4.64074676932019529e-04 1.81451966675529280e-03
5.08292856694059583e-04 -2.50101811810357730e-04
5.87865341566938884e-03 -3.73372696808698851e-05
4.94083517893122138e-04 -9.27545587175311083e-04
4.17656544811315089e-03 -1.65223155343323884e-04
-2.98329771118305623e-03 -3.88200333695263916e-04
4.19550659299484669e-03 4.58779907717512029e-04
3.91244598112039507e-04 5.51577935416539423e-03
1.83976380482433945e-03 1.01058759919121641e-04
-1.08275845200371057e-03 3.66574652865706203e-04
2.01495454498691520e-03 1.21102494977481240e-02
-1.76591959539895677e-04 -3.91273657437461297e-03
-2.38824622996462385e-03 5.23539610929023205e-03
3.27684297457659030e-03 -1.19471419610502711e-03
-4.26410537574594718e-03 1.10895857035643759e-03
-4.28970468215873497e-03 -3.29686937397090200e-03
-2.17043220357440508e-03 3.77160211577694953e-04
2.60253333238727198e-03 -7.96200496993317323e-04
6.12243673166312872e-03 -3.91451161323871921e-03
-8.15834249711776781e-03 -8.64702383538774703e-04
3.47313679305538475e-03 -3.55073272586408631e-03
-8.31460765760474248e-04 5.44500240483774775e-04
6.95794494622512926e-03 -1.12432854680610990e-03
1.81919975642753397e-03 5.08305624292396379e-03
-2.82576866361382295e-03 -2.62993785300333653e-03
3.41770365410255187e-03 8.04839292148800387e-04
3.27822287383879463e-03 -7.14819783564185629e-03
-7.54387256507509096e-03 -6.14320889093238607e-04
7.72506503094566501e-04 -2.56379562125650046e-03
8.70943657007680790e-04 1.08425314224624091e-03
2.20746995486548019e-03 3.64367565293397639e-04
1.40739406797108185e-03 2.78210326406132377e-03
-3.92719653628800704e-03 -4.25664300252056888e-03
4.80893345319303740e-03 1.82456471553381892e-03
8.76986655472064558e-03 -2.07584029732339097e-03
-1.41621854614734644e-02 -1.05996030700551032e-02
5.58039239860859924e-03 -3.72926219174897532e-03
1.07134643284517174e-03 1.76999443144323964e-03
8.96376947576026616e-03 4.03990379785657168e-03
-8.81766357649487690e-04 4.64472644384287571e-03
1.67888490470800562e-03 1.30299856223774560e-03
-2.08234596644647513e-03 -1.52620113649698627e-03
1.54176813775164477e-02 1.29684518618167627e-02
-3.18238069093179036e-03 3.37372111173257685e-03
3.46662458646766411e-03 1.19016145354707264e-02
2.51490465657462159e-03 -9.10905360870417451e-03
-4.43527011286758491e-03 6.75168974616999033e-03
-9.59045310459795929e-03 4.69057436864797638e-04
-1.94641015156982113e-03 -2.28118958119249678e-03
7.68945240976337346e-04 -2.08707287504301595e-04
-4.98217608756436683e-03 -2.41688490495419210e-03
-5.51218145140368147e-03 1.16360172571653353e-03
-4.07888468883402158e-03 -1.93571472548643682e-03
3.80303543584126387e-03 8.72672148664967390e-04
-1.97695173466191703e-03 -1.54345668321087624e-03
6.41938556116922144e-04 -4.97767397819594021e-03
2.56617589636364603e-03 -1.31449310315485414e-03
-1.55414300156160221e-03 2.22660767028684146e-03
4.81502973547219635e-03 2.45140057219641987e-03
2.76074391861703310e-03 -4.49260387923013701e-03
2.54109717482938965e-03 7.30064162650145084e-04
-1.82229136001282139e-03 1.45000666768148426e-04
-1.44754287353203464e-04 1.68570910387245520e-03
-2.04182690132213851e-03 1.06542214984313714e-03
-4.07960727513600151e-03 -1.91239478301650297e-03
2.53566915612808870e-03 1.22364299480590306e-03
2.54045036825075897e-03 4.47173525517151685e-03
-6.62385242000038208e-03 -3.66931661037237043e-03
1.51081802210320374e-03 2.15309177587586116e-03
1.84182818710149987e-03 -2.08558090117169940e-03
2.91627765159089723e-03 5.59985472124630360e-03
-5.84799392023730054e-03 1.13743514029949100e-03
-7.52789937218600273e-04 1.97392682016343021e-03
5.55769518168396846e-05 -1.83781022733722852e-03
-8.07942628287524472e-03 3.53958450767232575e-03
9.44728839494281530e-04 1.70973214695046248e-03
-4.55561344534314346e-03 2.56844082787004570e-04
2.39002427574260554e-03 8.63009577515938368e-04
-1.81383862876764571e-03 -2.62398414691512004e-03
1.33115350012889106e-03 -3.74972897459135762e-03
6.68996525623441625e-04 -6.72393372162165617e-03
8.29964622827079066e-04 3.38856897985059585e-03
-1.50761930705376542e-03 -2.75211866152834871e-04
-3.23530244635195779e-03 -1.19499314114959124e-02
-3.48898688467162450e-04 -1.54131460162150219e-03
3.04157130388837222e-03 3.81570292451144421e-03
-2.14667184508373710e-03 3.48715576621234924e-03
1.46212334581316024e-04 -4.94662510992775317e-03
4.33964450263195269e-03 2.12650956486028990e-04
-4.09940345668737081e-03 2.09094109846602767e-03
3.60203692503520802e-03 -1.15200895734093129e-03
9.88940786686842883e-03 -2.02630828311446643e-03
5.53841365593265265e-03 -9.05641050337813451e-04
-6.18837173250840877e-03 -2.36976907240711717e-04
1.68922289901513121e-03 1.60383199746533690e-03
-7.56302203606012188e-04 2.44133400988704634e-03
-3.28380128594674353e-03 -7.17564163408783212e-04
1.75264121497238157e-03 -5.10533897011464753e-04
-7.18318938878350624e-04 -5.45532037760681782e-04
-6.82451934317398600e-03 1.60563455332315584e-03
-1.27258846714300208e-03 -7.84251062936980195e-04
2.30503781558096411e-03 -8.87710157679950582e-04
1.59779372066450715e-03 1.91542375170367432e-04
-1.44722219510993837e-03 -7.42474035273383627e-04
-1.93519736312026524e-03 -5.49212172065598084e-04
1.63085405481075635e-03 -9.86872115177397913e-05
-3.01619627300953042e-03 -8.81953786685371784e-03
-1.31513158205472471e-03 1.75611984708937260e-03
3.86341184354904504e-04 -4.52711035872095137e-03
-1.37536925715633029e-03 1.96073459519798942e-03
2.93328715156341950e-03 -1.56492576752362235e-03
3.74363758831730824e-03 1.77645950251718084e-03
5.98751406363869174e-03 -5.82328645403072231e-03
-1.80274614546923522e-03 4.71820540286950734e-03
1.06950754273350650e-03 1.80008115633208360e-03
8.04912869047315176e-03 -1.63265507588325302e-02
2.86573487913376144e-03 3.78800516194520767e-04
-1.11411590818111207e-03 5.07898681291186864e-03
-4.07068757586898349e-03 4.60384840641204357e-03
1.56306599061450772e-03 -2.81324913581585756e-03
2.95271346306405936e-03 1.23966939954672653e-03
-3.91193643745011907e-03 1.92039725948985301e-04
1.03259062255595859e-02 -4.66859765514711280e-03
7.02820040481672795e-03 4.86011000534478533e-03
9.18463036262455630e-03 1.67368449747415577e-03
-6.98671060246536420e-03 -4.95168000569224092e-03
2.79955295642854299e-03 4.43080201370243693e-03
-2.37867037254757465e-03 5.47342752778495322e-03
-3.51626237033232690e-03 -4.89593128986849299e-03
4.94244517882833512e-03 9.42512147617863630e-04
6.85751232188136495e-03 -7.83958771084036256e-03
-1.72365005562445626e-02 -9.18883723805072154e-03
3.76912397729587019e-03 -7.79751792885424472e-03
2.11110995232054437e-03 4.09381670420589771e-03
8.87909544376693123e-03 -3.42147979079522591e-04
3.75187593815171213e-03 2.79785601966126571e-03
1.24733004212379929e-03 2.38981846687088542e-03
-2.40539298469863829e-03 -3.13095634342831341e-03
2.13450203577688902e-02 1.55183241767173630e-02
-5.57232640028383717e-03 7.68369087333353133e-03
5.17506133234430041e-03 1.63870017115204138e-02
3.42945300661502434e-03 -1.35716751318024752e-02
-5.48580679594994590e-03 9.42715745024217018e-03
-1.27237515454422436e-02 1.31395414588289733e-03
-4.56352367071700613e-03 -2.20159752599330058e-03
2.15436497533546840e-03 -1.62166707971905192e-03
-6.46730799341963328e-03 -5.87128956780779993e-03
-1.23008190285698541e-02 5.11757313224251841e-03
-6.11486971643948694e-03 -4.49077551372824724e-03
5.84456046516074277e-03 7.75657165150069527e-04
-4.44460080851044105e-04 -4.25391964798762113e-03
1.85946523785234332e-03 -5.90023447989732139e-03
4.03271549549509491e-04 -5.84285115277414737e-05
-4.73845420008213024e-04 4.95934507888429838e-04
-1.35793555294563026e-03 -3.76153943120552392e-03
2.52255594104518633e-03 2.12276334893150019e-06
1.19830424916734916e-03 -2.37817797074500346e-03
-2.16447614306157932e-03 1.11239048256353817e-03
1.57667676406373172e-03 -6.00497067208820832e-04
1.63994509341788396e-03 1.01718203334509442e-03
-2.66056892612303794e-03 5.32817915049606152e-03
3.02054381025568600e-03 -5.62209947369836892e-03
6.47056759502113651e-03 -1.54777024413931090e-02
-1.35653921209803741e-02 1.16914202213091872e-02
1.98566415465263298e-03 -1.08189136822505628e-02
-2.11933095891941696e-03 1.63095630052812629e-03
1.13181751263562655e-02 -1.24720689688287527e-02
1.07839894565271658e-02 8.16380637864768527e-03
-1.74458124647836207e-03 -3.86224238166785498e-03
2.11088252180601866e-03 1.65014275687590489e-03
2.27536041898404214e-02 -1.28201421705487727e-02
-9.24103763048437707e-03 3.51256168208183717e-03
1.16736879270630169e-02 1.17153237394587370e-03
-3.98329128531057629e-03 -5.78503193496871567e-03
5.14864818141578477e-03 7.67050780042170376e-03
-3.47975980421072646e-03 1.08425579316626143e-02
-2.67057320277066124e-03 -2.38353614958632500e-03
-1.79080000264013549e-05 6.97835176148110261e-04
-7.66525944233387071e-03 4.23532664781081647e-03
-1.66582449707376712e-03 1.46582036246657808e-03
-5.48753213776432321e-03 3.03673091248028541e-03
4.72327843290947565e-03 -1.76186233230006279e-03
-5.37027307164974002e-03 2.68397622630733987e-03
-4.88601740822849472e-03 -7.06511604621000173e-03
-1.54936558323093537e-03 -5.20584963711991523e-03
3.50824185167488735e-03 3.42346380527925936e-03
9.61557440842426663e-03 -7.06500957135414078e-03
-8.58474829384942018e-03 -5.76836874528276894e-03
3.30034300859516306e-03 -2.67341534879280860e-03
-1.14403884016113738e-04 1.74219237768848557e-03
2.73218404014746860e-03 2.22553163347207969e-03
-2.54649713575071936e-04 4.80849669618239797e-03
-1.59522718241837148e-03 4.14246452217468825e-03
2.48511601405054230e-03 -2.77959662394931849e-03
9.76842317994972703e-03 -6.75051850917530571e-03
-7.36413439633642856e-03 4.07534665885976935e-03
5.60572604476272142e-03 -5.04117328032831907e-03
-3.79601377276853101e-03 -1.59912739473982132e-05
1.04571965055359657e-02 -4.55676202807848377e-03
4.55369684825639252e-03 9.95199441742678284e-03
7.03661307116429250e-04 3.00410927939493214e-03
-1.60600789861475922e-03 -2.81096277393217851e-03
1.21041493533534535e-03 1.35689726530713647e-02
-4.41460284817309730e-04 3.34638237202292610e-03
-2.87170824953142173e-03 8.36981281488099853e-03
4.30974209548776795e-03 -4.90652724361241837e-03
-5.25696058631035072e-03 1.56255619000354577e-03
-5.12951165418746614e-03 -4.14319745844691969e-03
-9.08800123799899037e-03 -4.01418278341998929e-03
6.00003666424064105e-03 1.47993677313638028e-03
4.87224001480288538e-03 4.54201246172817198e-03
-1.80733379664582555e-02 -5.71319632262102823e-03
2.23094822399577848e-03 1.02051492414542613e-03
4.58632886070495151e-03 -3.00300146344390471e-03
7.49624875186229167e-03 8.14696860388757459e-03
-8.83154636312648983e-03 2.10854332621454414e-03
-1.23898371520044003e-03 -7.47336804968938388e-03
4.32291150031290181e-03 5.60190941019945206e-03
1.08072375335779534e-02 -9.64149739904907564e-03
-9.41227265943739809e-03 -1.03324065807318000e-02
4.02228894716562865e-03 -5.24849623072366940e-03
-9.24072360946695450e-04 4.24835469955199205e-03
3.92731129487624946e-03 2.03925400378843777e-03
6.05410432738822009e-04 6.03482383154112755e-03
-4.26505408087669499e-03 3.34250293603155718e-03
2.98396378455019267e-03 -6.80295901595130372e-05
1.16212860140279799e-02 7.23256864378479802e-03
-3.90459555736122127e-03 -6.77872645245015341e-04
7.82450617418361909e-03 4.41383604810988584e-03
-3.51139403060160300e-03 -5.29555299029861593e-03
9.42864287804510287e-03 6.93333152946054229e-03
-7.76388662190303537e-03 1.10864587589521203e-02
2.83143624830132807e-04 -6.25108253170778699e-03
2.94418518359354639e-03 5.17533005035416237e-03
7.84758124807570512e-03 -1.02372093458237963e-04
-7.15099759077378588e-03 -1.23171544669426116e-02
7.60735347096018390e-04 -2.03562136278289969e-03
1.44989953265483706e-03 4.07349725493499817e-03
4.59243942663338576e-04 1.41677574126859848e-03
-1.38906891944132042e-03 2.14427319734642125e-03
3.26351769775661471e-03 -2.49062998848490836e-03
-4.42558338117133004e-03 1.46877146832781621e-03
-1.45103479924731174e-02 4.93955549436991739e-03
1.17368710853034876e-02 1.57806560040903024e-03
-8.95990465450990058e-03 4.75515316852489177e-03
3.89585509088586019e-03 1.87745331387038103e-04
-1.42644614928653518e-02 6.99275532110268786e-04
-2.12056285696643086e-03 -1.27914978587468260e-02
6.82450686261003737e-03 -2.25500182289887141e-03
-3.41184247961662072e-03 4.74994699371872765e-03
1.59982320773375706e-03 2.47154878138550263e-02
5.24544457006696167e-03 -1.75027501250491282e-02
-4.65063349540213722e-03 6.33306264411524419e-03
4.02288924723865054e-03 2.93106075084276869e-03
-7.83409021214065068e-03 7.12019409383072730e-04
-7.17919098093377107e-03 -6.95540872311014961e-03
4.60416773607833472e-03 7.98108507715269803e-03
-2.93395078414792308e-03 -2.04975746599756143e-03
6.86218706461385209e-03 1.94856497924882923e-03
1.36406581686015129e-02 6.47373386320072158e-03
5.49088972209486621e-03 2.96450983978958004e-03
-8.23786061349305807e-03 -2.45431452376098248e-03
2.43003443750012746e-03 -2.09718760464875850e-03
1.56433394282868860e-03 9.44586696321154939e-03
4.02714478103362392e-03 -2.84707305149124864e-03
-1.03457457044547267e-03 4.35406605613232727e-03
-3.07860084089466328e-03 1.41230495214273773e-02
2.86843106849212848e-03 -1.51379253690573420e-02
-4.99644612788489265e-03 7.54685078588944436e-04
3.00955651764629045e-03 5.51914821580832670e-03
-4.47147390130775511e-03 -1.59832405357896953e-03
-2.32691735557971884e-03 -5.23435181892188597e-03
-1.70484075871454865e-03 4.65929311550767992e-03
4.02342694512146035e-03 -2.89843373623936522e-03
1.66339282554142966e-02 -9.41730534818283234e-03
-1.09401683303842947e-02 1.17175041435387591e-03
1.02040170639970014e-02 -7.55014183799323883e-03
-6.08627680725337510e-03 9.59978890713639134e-04
1.63366718552782966e-02 -4.87310383286174847e-03
6.57455807544561361e-03 1.55565448959403031e-02
-8.76578928520675010e-03 -3.82467648400619357e-03
8.77055879041960425e-03 -1.00058481296244617e-03
1.63939337973627915e-03 -1.73332924384190963e-02
-1.88025671749272039e-02 4.17717603500772101e-03
-1.18774230466371536e-03 -5.80066067186798921e-03
3.92064946776192035e-03 1.75436691971144875e-03
4.63580400456037062e-03 -9.91617551254486695e-04
5.01457189343536280e-03 4.56230701003813507e-03
-5.80578654660398284e-03 -4.63191854832715154e-03
2.25775359319962564e-03 9.13682598349825495e-04
-7.45695540661153386e-03 2.70495254314314639e-03
-1.01985163045355889e-02 -2.49659278653431604e-04
-6.02307314901771515e-03 1.11662909446775941e-03
7.35335798455535178e-03 -1.40629628572720429e-03
-3.07630306492908453e-03 3.36108659208896304e-03
-5.61083478947283117e-03 -7.96596625424947878e-03
4.16172893153626822e-03 4.57408833278718629e-03
-6.26565539780570002e-03 -1.50473486005540946e-03
-1.07506756168993900e-03 -2.34425707193052684e-03
1.51392868859324802e-02 7.14285275406883156e-03
5.86115070781695596e-03 2.75735405664013220e-04
-7.87285574713265587e-03 -3.36169509971739281e-03
1.89066156345679801e-03 9.02384671786087044e-04
3.12667578968402280e-04 1.64963305751485200e-03
-1.02175597684868165e-03 3.62208013322982579e-03
4.04861910842101407e-04 -8.10385625554931478e-04
5.37752452941241306e-03 3.76719199314118000e-03
1.71873730714279548e-03 2.79135818497217155e-03
3.68823370927231619e-03 2.91224141804778073e-03
-3.03043835226756266e-03 -3.27285537886953370e-03
3.86937352302869127e-03 2.12062575804237768e-03
-3.25144762794774738e-03 6.21018741226864006e-03
1.35845720976448029e-03 2.04231855904221790e-03
-2.28080680924411206e-03 -1.00978770664750836e-03
-4.87278014611290048e-04 3.96542172789417268e-04
5.08786963798615963e-03 3.28288891765513751e-03
1.64791792277119262e-03 9.68488325153273651e-04
-2.21836795965590439e-03 -1.78280075822341935e-03
1.38369731513121130e-04 4.02731102784094797e-04
-3.11517212545977813e-04 1.22582388150908401e-04
-3.26188204225954072e-03 -3.22782560582629248e-03
1.00430357298373664e-03 1.51297303731126099e-03
-4.36233221981956621e-03 5.14814923603172832e-03
-3.64656184276307242e-03 -2.19096423087477383e-03
-3.08192589424575829e-03 3.11444445789555401e-03
4.23921071055934680e-03 -1.68433935427872504e-03
-2.94963075432557072e-03 4.87345118009941194e-03
-5.98701292169960889e-03 -4.96659790623880677e-03
1.76510395210128504e-03 -1.32357833193767001e-03
-9.83215219546223172e-04 1.79905525183260526e-03
5.85994503340607053e-03 6.51540250452890346e-04
1.19464458925335588e-03 -2.95803202616946653e-03
3.05210224351684743e-03 7.23066730198919957e-04
-1.74879857102539361e-03 -5.13913994817697252e-04
3.75003602944496957e-04 2.02964837387399491e-03
-1.90989324640940695e-03 1.85210029860975712e-03
1.92855784034568303e-03 -7.31107426174982225e-06
-2.18366669392752776e-03 -2.49405377478313607e-03
-1.10997404365030371e-02 -9.35426644872271174e-03
2.91722077392965581e-04 8.78435241431514517e-03
-8.50004316914000288e-03 -5.43248248421904310e-03
3.25382661692500763e-03 3.28832583119754952e-03
-6.63993193328726514e-03 -1.01567505082687387e-02
8.30933412054526456e-03 -8.66594065936217121e-03
4.33840953401453192e-03 5.92289668321352523e-03
-6.12332688636335696e-03 -1.83814598091442327e-03
-1.94605003771611100e-02 4.13835133110191516e-03
1.93677703827868017e-02 2.29085910795470780e-03
-3.83318435807967909e-03 -3.17260358371464820e-03
-4.30417559745926038e-03 3.27711987980893946e-03
-1.02016365673451154e-03 -5.88163273563420408e-03
4.62173715997982269e-03 -6.09576772953313115e-03
6.32058797041998603e-04 4.22891962867936403e-03
1.71765909252599312e-04 -1.76592598826939666e-03
6.28355814721872664e-03 -1.89037350687403004e-03
1.13125243633128828e-03 3.70131078742395609e-03
4.10128920592874209e-03 -9.65723370616780900e-04
-4.12812992873352966e-03 -9.39438509416372055e-04
5.16894901923646045e-03 -2.29500385233703851e-03
2.06548547452314922e-03 7.16574783259732364e-03
-5.91139119693415301e-04 -1.10331323179642111e-03
1.20233516861515126e-03 4.05022001679895426e-04
2.10287832170692832e-03 2.80433592693546830e-03
-3.91330638552288453e-03 -2.05593309731095988e-03
-1.17426947175142409e-03 1.43417076047997112e-03
2.32411362193631500e-03 -5.60154755033808225e-05
-1.19954677319933280e-03 5.64145057439874743e-04
-1.38010613792475742e-03 -5.44477702526054391e-04
-4.71955144880860291e-03 -3.62932362213929966e-04
1.81426140412771172e-03 -3.99630532365538406e-05
-1.13205312786714076e-03 4.65557940999880918e-03
-5.59831112174570371e-03 2.11802392896402953e-03
-1.39917052060215745e-03 2.95713473559105827e-03
2.72964127564951200e-03 -3.44812670035350276e-03
7.56049478097237430e-04 3.79758203407539298e-03
-6.23713972988798691e-03 -7.75273643983736714e-04
-1.59277575821806320e-04 -4.95413717387928158e-03
2.98623356214378988e-03 3.87241299744339696e-03
3.69044987871887690e-03 4.05172872679008568e-03
-7.30509864918971533e-03 -1.13318255885909765e-02
-2.40869851107522849e-03 -6.59600302304130608e-04
3.73300467832940333e-03 4.00232372433683477e-03
-1.41631432268449231e-03 1.92623053487143698e-04
-1.47411203388315526e-03 -6.20364524848104524e-04
3.38984110899684735e-03 3.94370940429064534e-03
-3.10586997295428033e-03 -1.37632581366121725e-03
-2.33871250808387722e-03 8.19782919410148511e-04
1.03062195118177498e-02 6.35644821161098373e-03
-1.17283207938657453e-03 2.04640344585090093e-03
-2.72881735821086692e-03 -1.03039865982920459e-03
-3.62359856012250871e-03 -2.88217938693436249e-03
1.51894073072177159e-03 1.77961298260837089e-04
-3.58769207170830885e-04 -3.75653570016936831e-03
1.96076495411340486e-03 3.58386079060475649e-03
-2.35905659054952118e-03 -1.00684128608866802e-02
-3.36607030247163279e-04 -6.72524082275898893e-03
9.27035490398942907e-04 -8.07147374780110838e-03
-2.71733446797447738e-03 6.26613168419683491e-03
3.96502190651450148e-03 -2.14955153572276994e-03
4.67026544332828884e-03 2.59186791148065645e-03
2.91274810102565328e-03 3.06153459891581612e-03
-1.97244719035730241e-03 -1.26137981182471875e-03
4.66456515405813996e-05 -1.64820998271382642e-03
6.46102162381441934e-03 4.10689152583031125e-03
2.65428439143015524e-04 -2.19402580034531227e-04
-2.75575066656489178e-03 1.92261912835983337e-04
-9.87637735082848517e-04 -3.40092281391035948e-03
3.09225576798768768e-03 1.55599139651155065e-03
-2.16933080432100099e-03 1.59089502318879783e-03
1.24853807083818730e-03 -2.32667532019426287e-03
-5.51462205036002458e-03 6.92381972959236667e-04
-2.44373573808415352e-03 3.72949130983634119e-03
-3.63242735770447122e-03 3.84817265662366155e-04
2.75645138273197983e-03 -2.17034982490629065e-04
-1.01461347248821233e-03 -1.81178511263717238e-03
1.30103743717978554e-03 -2.29600991328166764e-03
-6.22066411077452247e-04 -9.25700081216500976e-04
-9.70296339738553745e-04 8.91716115352846278e-04
-4.91505293862945589e-03 5.42017037165195073e-03
3.23778473515789166e-03 5.58563912469331523e-04
-3.04847182355548864e-03 4.13728009814677469e-03
2.04006028805137031e-03 -1.88723613080294967e-03
-4.82546108998567393e-03 3.19806608093932583e-03
-4.57769102879463773e-03 -4.27780612616094052e-03
1.32159306830239242e-03 1.65501908582442459e-03
-1.71086477644442881e-03 -1.74101672716380179e-04
-9.66654358992705479e-03 -1.31496864515509543e-04
7.19095521672969990e-03 -5.62802872342813595e-04
-2.30008224566281881e-03 -3.15444315084516345e-03
-1.65494133843297874e-03 3.03946896999266218e-03
1.78511668970511242e-04 -3.34008206036480546e-03
3.18701577639488032e-03 -2.49510083881631381e-03
6.87578110244831705e-04 1.28895001119790011e-03
1.84308605912418002e-04 -1.65271602009922419e-05
4.38417516352124399e-03 2.99987684169433007e-04
1.18599361017266477e-03 -1.14137418632342317e-03
3.22850182409092088e-03 1.30422680122546409e-04
-2.39171218573441032e-03 -2.20614458679659032e-04
2.81679429776297450e-03 5.83610462236158127e-04
2.23394021973963416e-04 4.04778055542170511e-03
6.80819826036282603e-04 1.64878534056205842e-03
-1.34153655835792863e-03 -9.09480955739573149e-04
-3.31830786424056621e-03 8.20717222466159748e-04
3.71355012917605172e-03 1.92254688631302039e-03
-4.56276349202316348e-04 4.05947976765357976e-05
-8.45321747783050873e-04 -2.53575966000726104e-04
-2.57100119007529812e-04 -8.36022913623692392e-04
6.17442341332106624e-04 -1.05764117138921901e-03
-2.09616589821247162e-04 -1.01284533264244642e-03
-6.06193179131105119e-04 3.64793353084901894e-04
-4.04304603841790320e-03 1.53377694556652280e-03
1.05884349927524773e-03 5.82397645237824990e-04
-2.71255706917833015e-03 1.26333411775001099e-03
1.80176912440538264e-03 -3.11926128354439024e-04
-3.35487674128581888e-03 6.25766701275942520e-04
-1.35527857628551011e-03 -3.66902119790748918e-03
6.07444765035682326e-04 -1.70859101030645336e-03
-4.47766621399076274e-05 1.77044003977950399e-03
4.83117198725450340e-03 -5.29954324382623815e-03
3.86586782507594327e-04 -1.59863803979180602e-03
3.85595387274646024e-03 -2.01421450083862520e-03
-2.92087112074987040e-03 4.07238654072812709e-04
2.40756762058299363e-03 1.37214472257490166e-03
2.79927948263003566e-04 3.38222318693003760e-03
2.28572375929859441e-03 2.55951451329478096e-03
-2.38460364352304985e-03 -1.84902630528434092e-03
-4.90819581558637596e-03 -2.77019069843275094e-03
5.54029393323895222e-03 7.29813047171741329e-03
-3.51971312220963981e-03 -6.94478371741241089e-04
-4.89757212821244304e-04 2.65622523255524331e-04
-3.94400166572321086e-03 -5.24204278871514238e-03
3.58622825685197362e-03 -2.50332463862305886e-03
7.81759348357549547e-04 3.03906209631354821e-03
-1.80225999576748893e-03 -1.91371174283435914e-03
-8.68630915882236641e-03 4.54449766434381498e-03
5.38034995421768966e-03 2.33351490248638084e-03
-3.50466648839845929e-03 5.86999755908349853e-04
6.16722451393177606e-04 3.59491392659716893e-04
-1.84760504892839909e-03 -2.50645018408740842e-03
1.10617518179382830e-03 -3.90830748973103759e-03
1.10975461955592665e-03 -1.67956205640423990e-03
-6.33268609329731185e-04 2.99983012277175076e-04
-3.43032454023179268e-03 -2.35930844881183238e-03
2.31892045589642394e-04 -9.31485982943430877e-04
-2.30432649420462448e-03 -1.64016958580291260e-03
1.42482721259504425e-03 1.93913436377911330e-03
-2.69914611783060067e-03 -1.76399264838657558e-03
2.33854757888790491e-03 -3.64614977954555615e-03
-3.55759537067733419e-04 1.03933796346810737e-03
-3.83169260736254029e-04 -9.27620190098885728e-04
-1.18389947151651960e-03 -2.87241940852225311e-03
1.40947711750340058e-03 3.12023989357626628e-03
8.18661604487937069e-04 -7.15310313409285754e-04
-1.23499941561184818e-03 -6.55562077565951108e-04
9.86037926230085623e-04 -2.48669737036512687e-04
1.04306752544847982e-03 6.37258847618913890e-04
2.01522846366799504e-03 1.70832557894709915e-03
-4.46595371989279212e-04 -3.59309894842406674e-05
4.76775821157484660e-03 -3.53662551712635622e-04
3.41168348059335894e-03 -1.37117982694114375e-03
3.70830190228477706e-03 -1.63672711890834030e-04
-3.35615993064733139e-03 3.68759179332681379e-04
2.50106230240970803e-03 -1.84974485190039615e-04
1.49520498644336100e-03 4.49392051895434932e-03
-2.03892177424691741e-03 1.58090436366273247e-03
4.86980578901148457e-04 -2.52557114671094060e-03
3.64102530987465717e-03 -4.93572682639211672e-03
-2.61066945460031218e-03 8.12623028589875944e-03
2.61550010902073362e-03 1.49782311925320596e-03
-6.69322427683188316e-04 -4.09390304196993998e-03
1.41890754471692203e-03 1.70820952111580440e-03
-2.52575942194898490e-04 2.49582947884139511e-03
9.57274922109864468e-05 -4.48162167203632056e-03
1.18875777755152352e-03 2.52371983889254463e-03
1.60991934015559750e-03 2.40418565597722955e-04
-3.24679915800809172e-03 -9.60544957487218139e-03
1.61014197457290289e-03 -1.01907565241610848e-03
1.31355876444192951e-03 2.40517459182931987e-03
5.66215921379610424e-04 3.41064265398029805e-03
-4.23322667936349090e-04 -1.26662546512959755e-03
-1.99086353688366713e-03 1.22109224304015550e-03
1.28831581029478131e-03 -2.37869359046360062e-03
4.04058780264244762e-04 4.69360740965804341e-03
-5.24606319031096450e-03 3.65984474781222814e-03
-2.68609842748453566e-03 4.06402481424515509e-03
4.16289930459555046e-03 -2.76440672210721003e-03
-2.42802595237434594e-03 5.14486437702158135e-04
-1.93114814609053219e-03 -1.91324413351331751e-03
8.94548923719007752e-04 -2.92341526054639821e-03
-7.68353206379368829e-04 1.03005426019360091e-03
-5.22237278130857109e-03 -7.11519410073629759e-04
5.79712890247005043e-04 -2.33882676712901137e-03
-3.36266403334406451e-03 -5.77150125819677067e-04
2.56633857829746985e-03 1.84237539471180083e-03
-4.46979663849561993e-03 -2.71813682267326004e-04
8.69216231655401371e-04 -5.71142736136246668e-03
2.69464994751735876e-03 1.71589038705569595e-03
-2.99100926408251908e-03 -1.50672490155213181e-04
-7.39623959893278161e-04 5.32267309255153847e-03
6.34606395402577232e-03 -8.58865005759413316e-05
5.14921168179422535e-04 2.12051450214407328e-03
-1.39691578763900489e-03 -1.09465575412010592e-03
-1.44753368068156838e-03 3.60248654213289089e-04
-1.57599689922689268e-03 -1.44629642882013491e-03
1.13030823650503900e-02 -2.15758356921253195e-03
-4.73800452232053717e-03 5.11642711233303848e-03
5.87171978576637305e-03 5.31740762257397644e-03
2.16101307641619438e-02 -1.74319325411593645e-02
7.58276114996167365e-03 3.74844315783329305e-03
-7.28105353311156271e-03 4.53861215977245571e-03
-4.49555750815740836e-03 5.67114577787109636e-03
2.05708700971939844e-03 2.58485626842030547e-03
-6.42123483285566080e-03 -4.56440313726224917e-04
7.30561769771617339e-03 -3.04832263214756434e-03
-1.45846876693375583e-02 1.66854721204371011e-02
-1.74378551515255546e-02 -4.31829713224997618e-03
-1.81328912356133569e-02 4.04161092719057622e-03
1.69035058178848251e-02 3.86493561542063189e-03
-8.60262752595970098e-03 -5.79292496660153977e-03
-7.86084402421549769e-05 -1.17498930008351331e-02
2.24556326007406592e-03 -4.97385535897595064e-03
9.41624422244673426e-05 1.56356628185784323e-03
-2.36817679230238000e-03 -6.37740493639628921e-03
-2.99061670412246279e-03 -7.50511467825371818e-03
-1.38410099634578266e-03 -5.30260553196772611e-03
2.11928554577816642e-03 5.55632425756204945e-03
-1.84503603122070439e-03 -2.46079759052105201e-03
5.85216957679441947e-03 -4.72002595373488543e-03
-6.37572671444831362e-04 1.92850477127280815e-03
-1.44547913714506885e-04 -2.01587570353566059e-03
-3.58036640866423806e-03 4.53079323688830495e-03
-3.10389833649757569e-04 2.76479682011359241e-03
-2.94179601861732773e-03 2.36981432451902107e-03
2.43090464710906578e-03 -1.23110787955592522e-03
-2.10173672480528902e-03 -8.26063949124443463e-04
-5.48799436491387077e-04 -2.74326484645959429e-03
6.21412322614537521e-03 -2.66391144866439528e-03
-2.99987898431043013e-03 1.68066223313315306e-03
-3.71638180572724918e-03 -3.28845912642968148e-03
8.51926988291041437e-03 -5.90373817721503297e-03
-1.33539457723093704e-03 -2.05201607648995872e-03
-6.77988755746583181e-04 4.93248944958751996e-03
-5.92531762544728537e-03 -2.45717063728096005e-03
5.84628539278766752e-03 -4.73758673786251611e-03
-2.90483227459081448e-03 5.83245182186218833e-04
2.06725619725769407e-03 -1.40139108367002673e-03
-7.80723328413443409e-03 -7.97615903019927193e-03
-1.58941205472767650e-03 3.49612559632333933e-03
-2.25444660890268675e-03 -4.70281066020872014e-03
1.06777680787657785e-04 2.40458597000992383e-03
2.20572548429871090e-03 -3.16724211626061812e-03
4.90426640059533816e-03 -1.31355855043594703e-04
5.68605384198976518e-03 2.34935126900336034e-03
-1.19650272460278717e-03 1.67264175115818111e-03
1.26428341081740916e-02 2.06889458949062856e-03
1.02094221992077260e-02 -8.78221669625676472e-03
1.04201789365032625e-02 1.26156314199134321e-03
-8.33040936775900076e-03 1.26010013260808044e-03
5.33452016993046091e-03 3.02410393818296859e-03
1.69371890194598847e-03 1.06752284065302627e-02
-6.26478165748134159e-03 1.46111248206637128e-03
3.75098023388392146e-03 -5.34603964467917150e-03
1.47596792208511806e-02 -5.99740235106865222e-03
-1.51948171564598566e-02 1.58058983617191326e-02
4.41081662119076259e-03 7.26219044779302485e-03
3.30840527585055761e-03 -1.07213085083131699e-02
9.05925822774346725e-04 5.91985855688544928e-03
-4.07989915092175394e-03 5.30576455498571551e-03
-3.05599244114274679e-04 -7.04514515058765438e-03
4.63329079901386677e-04 3.30057107440487243e-03
-5.41584046821027773e-03 1.54967968908896144e-03
-2.97067588315176167e-03 -9.69975364940322583e-03
-3.17927789063484961e-03 6.10941286184824195e-06
4.89061772723863031e-03 2.72446932746245839e-03
-4.94013133314160583e-03 4.01000466043583900e-03
-1.80349574395916143e-03 -8.08069804999033206e-03
1.22730225152065889e-03 -4.24464789277534057e-04
-1.30442483213616726e-03 9.45400217083878103e-04
5.50623023633236945e-03 -4.79005070916908252e-03
2.70427290148490948e-03 9.45862280848433707e-04
5.03145705090150309e-03 -7.97689224102101106e-04
-3.97787953650559183e-03 -1.28489616455671938e-03
2.34485310710899966e-03 2.02129656292888461e-03
-3.60535647611272866e-04 3.59807269224576148e-03
9.36725278651044484e-03 5.50033395001793980e-03
-5.72668201220599953e-03 -1.49322321055345326e-03
-4.00429537521966767e-04 -3.28667325491020660e-03
1.92588724343681558e-02 4.90038248792250448e-03
1.04796961543074038e-03 -2.06002191705674742e-04
-6.93551959073492388e-03 2.19323479729976708e-03
-4.60827450194374513e-03 -6.92114447667834670e-03
8.10871884009752193e-03 2.14714124125769219e-03
-6.64559727909500909e-04 7.21043618502888606e-03
-3.17779437324809287e-03 -6.89743791586736564e-03
6.21849477273815686e-04 5.52472322123673601e-03
3.12127337966649782e-03 1.64040797507031336e-02
8.85316330767891083e-04 8.63890123976141129e-03
6.43762142806885329e-04 -9.75901303814930357e-03
-2.58943109376538489e-03 2.27676187154026485e-03
-3.47488020154396778e-03 -1.54535649570315399e-03
8.81103268659496610e-04 -6.85403045191101002e-03
2.11562832439189880e-03 5.62447775435893395e-03
8.66235067260343918e-03 5.51983643870938238e-03
-1.79440111760538132e-03 -2.08469113274827866e-02
7.62599798366165454e-03 1.58793004720326624e-03
-7.58629814853656586e-04 2.63958726226670888e-03
3.46248138512457665e-03 1.06445312354820736e-02
-4.22376278110178985e-03 2.78466925609824768e-03
-1.62159432112054169e-03 4.43736226607709030e-03
8.36385809113216134e-04 -5.23965623571150205e-03
-1.09172507502914174e-02 2.75549814150918455e-02
-6.18403805455396485e-03 1.18662662115304077e-03
-1.47692753543211732e-02 1.18298824897521380e-02
1.40314160417518291e-02 -2.78144720670718852e-03
-1.16935394656446610e-02 -2.66057441981289123e-03
-5.47431535451037028e-03 -1.32083732888034506e-02
-5.52747895716546641e-04 -6.75311711097652950e-03
3.04629399526817196e-03 2.90965272590732989e-03
4.47905740681017565e-03 -4.60084121292570966e-03
-1.01493287311596996e-02 -1.40302811975576199e-02
3.23671082795323750e-03 -5.38463311737798472e-03
1.95983042767308583e-03 5.10935158979054609e-03
4.19334129469655596e-03 2.17548816042776585e-03
2.78775402500858020e-03 -2.59502070766121638e-04
2.27155715724671392e-03 -7.57175843841707678e-04
-1.92609175557591390e-03 1.58790593373269958e-03
7.38373570451578750e-03 -1.59556291547342300e-03
3.28096630976908946e-03 -9.89708865456808383e-04
5.25135013402412264e-03 5.84309954332368317e-04
-3.74461083994748114e-03 -1.59554467900540394e-03
1.39904763865803623e-03 2.76539211667275152e-03
-1.87178044758293466e-03 3.23675612642370606e-03
2.19519583735203888e-03 -3.28238340343104404e-03
5.81525381702498547e-04 1.59289344481198364e-03
2.94503036518318400e-03 -4.42780680169555570e-03
-2.03105677384157052e-03 -8.45993315797764073e-03
2.47312462380854230e-03 -4.05394119606854956e-03
-4.65858863593502628e-04 4.31608792437601380e-03
1.68231169670916380e-03 -5.81823469221788027e-04
4.42330247013372237e-03 3.07826933619815711e-04
-2.39425210248762378e-03 3.48521844414522374e-04
1.70624944248530487e-03 -2.15356462599703953e-03
7.87327986582990122e-03 2.23651573542161175e-03
-8.10087635770023219e-03 5.13544512593766111e-03
7.73179408488405026e-04 5.43653511522647695e-03
3.32351783621996633e-03 -5.20132675500099492e-03
-1.39956662433022932e-03 3.17817221812174717e-03
-3.67478298925379794e-03 1.07592521425246769e-03
-2.38822994887863307e-04 -9.27493263884608871e-04
-8.19045457443255166e-04 -3.44612449570594388e-05
-5.63451183233995827e-03 5.56068039873820340e-04
8.35686982661015365e-04 2.12212910835965409e-03
-3.97136844675700061e-03 7.36509390756915966e-04
2.36794408661322731e-03 -1.36912132453852268e-04
-4.21170680936466119e-03 -5.86758241430580438e-04
-6.04155308355993400e-04 -4.84397731061028246e-03
-5.06054631713024044e-04 6.80759323545052260e-04
1.52899543362584650e-04 -1.05004379489259865e-03
1.36021920543840172e-03 2.70208301552713132e-03
-1.81768808394105444e-03 1.83579515009231540e-03
-5.60501599047871129e-04 2.47001386912811677e-03
1.54031551525595899e-03 -1.85123057027775442e-03
-1.20041281187365238e-03 7.62297711201961252e-04
-1.47949757791961448e-03 -6.25323930229545631e-04
1.69558207630134735e-03 -1.30804114360290476e-03
-1.51769517704819393e-04 1.02504549044757777e-03
1.79106103653581586e-03 -9.57443103021206245e-04
1.10215891984554348e-03 -4.58627956184588185e-03
1.70163618918047171e-03 -1.02224001861880224e-03
-8.70463350557485632e-04 1.83648152054273050e-03
3.78215557224729679e-04 4.41599771911926019e-04
1.59729234824501046e-03 5.42424456812697813e-04
-2.61131736387281980e-05 2.18618754196181963e-03
-4.50567254264985014e-04 -1.90992337705893768e-03
-6.64622114358755060e-03 9.16439875917847424e-03
5.93462456816489046e-04 5.71769001892078149e-04
-5.47586209101239962e-03 3.07383909070569478e-03
3.97187971494959019e-03 -1.77380826662120334e-04
-3.82884519210895417e-03 -1.86875405324046957e-03
-8.75505336047131583e-04 -5.15764350510079361e-03
-7.56667538201108176e-04 -1.78959801851043395e-03
2.84764920066815424e-03 9.78165100424023722e-04
8.97284688897556811e-03 -3.52343601433167085e-03
-7.55239897573284184e-03 -7.96306795271504997e-03
6.08955158750223643e-03 -3.93516563913244577e-03
-1.62229008022847184e-03 2.32663061318211239e-03
7.81630852353270081e-03 1.16640278467998655e-03
2.15703460307031976e-03 5.97951425823192804e-03
-2.83090566570938420e-03 -3.45569055820811079e-04
1.80226625880622977e-03 -1.17367937786310036e-03
6.10950664564682746e-03 -1.15075039306530170e-02
-4.69016268907471341e-03 6.85332075134174965e-03
4.74784067762785544e-03 -1.51559630440074020e-03
-2.23288225023771146e-03 -2.75733381604332606e-03
3.91145231362752428e-03 2.01854288958682815e-03
1.22249133332695699e-03 5.30409416801735402e-03
1.74650993012931128e-03 -9.35126034426263480e-04
-1.76256385662412816e-03 7.20440365219660104e-04
-4.64348203072726534e-03 1.72651475478655765e-03
5.07621058173112795e-03 -2.83627362980310631e-04
-2.67891239605979941e-03 1.66291027803185283e-03
9.29578956529981981e-04 3.79150543969352066e-04
-5.05878011830670181e-03 3.42956226384321663e-04
-4.15471299758827508e-04 -4.22076338517203119e-03
3.06109915922741279e-03 2.73018310543385670e-03
-3.71205037807978205e-03 -9.78423352951650078e-04
-3.30423581850412026e-04 8.59405460950204460e-03
6.93783135312058680e-03 1.25852029171818233e-03
1.56845128775999785e-04 4.32060483316927275e-03
-7.11560483011465538e-04 -2.61082975894007035e-03
-2.66684024825548059e-03 8.61611944689322944e-04
-2.90398282531334137e-03 -2.34663915814690462e-03
-6.95191848521074622e-03 4.32190719634538336e-03
3.20191157116107242e-03 -4.79051748700754735e-03
-3.74801125385838056e-05 -5.65120905282369412e-03
-1.38189239584663916e-02 1.45551429879002599e-02
-2.60456623514772204e-03 -3.69114587836049139e-03
2.14857943022196294e-03 -3.35836213724636894e-03
6.35332644110741911e-03 -6.08248857376028108e-03
7.67699562332893300e-04 2.84273296835895698e-03
-2.48840367556921226e-03 6.79418518913571285e-04
2.28617019609961758e-03 -9.13048567700169931e-04
-1.75516709604933013e-02 -3.20163064670524709e-03
3.69942937146458962e-04 -1.17615016502258668e-03
-7.94906443164375594e-03 -6.59080824948628154e-03
2.46828400292000089e-03 6.71037114631485663e-03
2.44083050963887760e-04 -6.90488673076285892e-03
6.93070826885067420e-03 -4.65086618682416467e-03
-2.06326368632657204e-03 5.12053746043192749e-03
-2.53303913137850915e-03 -3.08134961581113314e-03
-1.02903557705640684e-02 5.26436462424136400e-03
6.16092943389921766e-03 1.65735417116740363e-02
-7.81636092907717073e-03 5.84246305988150600e-03
2.01830016060499436e-03 -5.94202843375274924e-03
-7.15256891528360476e-03 -2.04897648849005449e-03
-4.85915764408953715e-03 -4.95570567628594513e-03
6.46833910428395412e-04 -4.13571229569365635e-04
-8.81226331909168914e-04 2.33383594652151983e-03
-1.50074062528668881e-02 -2.08799403398144991e-02
1.20556356996945110e-02 -1.26750972938956003e-03
2.07107918364136554e-03 -1.55098191709536291e-02
-9.46167539682861262e-03 9.24381911326239460e-03
8.17716429461269427e-03 -6.42307183090671564e-03
1.17580254650699965e-02 3.02194962958053127e-03
1.17153133535653981e-03 2.25030168295034831e-03
-1.39751834162331573e-03 1.70969075401540853e-03
4.27174052552405439e-03 1.13625346182859768e-02
1.03408661496514533e-02 -2.66652330104946321e-03
4.30251174081322085e-03 8.37392923415547150e-03
-3.68066958237824211e-03 -4.21479233666019384e-03
-5.92522873534062958e-04 7.96194067836696225e-03
-7.97387841612050806e-03 4.44118554123725234e-03
1.64036344800084057e-03 -1.71706624277880157e-03
-3.90263641056815989e-04 2.11275768025406818e-03
3.05366544884958825e-03 3.50617894129416283e-03
2.91216480225533071e-04 -5.45573513444334076e-03
4.35872993645079266e-04 5.83974531845089361e-04
9.46373766640696537e-05 1.06174624366357881e-03
-8.29216791918333342e-04 8.51430610736884919e-04
-1.67563531860547466e-03 -6.00412863647648850e-05
1.51258786017077480e-03 7.08696407991349277e-03
-2.83288337299268623e-03 -2.59840260404157640e-03
-7.39491714125248625e-04 4.09328090379739839e-03
1.07922444119566783e-02 1.15565264455269202e-02
-4.02092129526352695e-04 4.80042585181358721e-03
-3.82115921852521981e-03 -4.47917324469152174e-03
-1.88271398257145307e-03 -1.80141317992343810e-03
-1.85380658521956915e-03 3.27933554169956799e-03
1.80606011439785654e-04 -4.47488574125894881e-03
2.40229970767962160e-03 4.70304982591420243e-03
-9.18679275348926322e-03 -5.49585672043505832e-03
4.79411112718284150e-04 -1.24022410863276582e-02
-3.71002656659581449e-03 -9.60477417992624226e-03
-4.89544542073889533e-04 1.02600929256534950e-02
2.19686533180422179e-03 -4.94626575431143800e-03
5.90505764613332915e-03 -1.00861727487153662e-03
3.27432482755562419e-03 3.50700591133018904e-04
-8.47670919770598572e-04 2.09762386933591614e-04
3.03826804895650487e-03 -3.19330247975401589e-03
3.35524672252597881e-03 -2.83644103525815131e-03
2.59106624066792650e-03 -2.23071175819098376e-03
-2.69108183930093139e-03 2.46246532268425567e-03
1.11785820574229560e-03 -2.03163741994497873e-03
4.29602738932801688e-03 2.33560143282631697e-03
-7.49469281922174302e-04 -7.68354713064168322e-04
1.06277086940000467e-03 4.43888787664336291e-04
-2.25451134186773492e-03 -1.93728624325862253e-03
-1.24662576443722566e-03 -1.37176621698132631e-03
-1.15949304069630867e-03 -1.98336768701336827e-03
4.53063102848020379e-04 1.85159571353354859e-03
5.41803918164392162e-04 -1.16298280394042325e-03
1.52104924136110624e-03 -1.99021323405257887e-04
1.21067389440769851e-03 3.85213070782148854e-03
-6.82672430194040708e-04 -1.80894628592088275e-03
2.89376663038162741e-03 -1.99549899418449391e-03
2.80884617421297720e-03 4.92294982025611502e-03
1.81714354014876232e-03 -7.33006444004558944e-04
-3.13040104261791668e-03 -6.60496730748802723e-04
2.33306372187531497e-03 -3.16009488990057078e-03
2.45249415614001926e-03 4.31052802440632082e-03
-9.38093612121684156e-04 -1.44757014200513597e-03
1.19672760171614270e-03 7.85577507193988174e-04
3.09180469600594914e-03 -5.72061541558459112e-03
-2.42299099829482948e-03 -1.46791399121401650e-05
2.17060994880571238e-03 -1.95965692080042175e-03
-1.20793642261370787e-03 3.47254000696687085e-04
2.11064316609998028e-03 6.94607482932972664e-04
8.98983718267474044e-04 2.68878046385264205e-03
-1.17855638609448156e-03 2.40359349570677715e-03
-1.07217962077929725e-03 3.22502369786847149e-04
-9.06293770611398116e-04 9.87703341025630670e-03
6.46461267591669306e-03 3.21586461521013774e-03
-1.37146255638221167e-04 7.65568730379207179e-03
-6.95074444920057563e-04 -5.11548179177291444e-03
-2.46923325724278690e-03 5.56808914195161282e-03
-8.10996726165310981e-03 6.93052816228140081e-04
-3.38634285091752598e-04 -4.61087229844829409e-03
3.14641261613019148e-03 3.04727543770893887e-03
7.23725753378963096e-03 1.01515234630094112e-02
-1.03841875799837949e-02 -1.07331608300680770e-02
-3.26736317242353651e-03 3.71148604438481782e-03
6.46161419012745031e-03 1.43116012253830384e-03
-3.82352761316498988e-03 1.79502408324404110e-03
-4.65680682351003392e-03 -1.73996202598006387e-03
4.46259324858382621e-03 -1.18349599731482264e-03
-1.82216725287570277e-03 3.79434905183712598e-04
-1.64525622883698614e-03 -5.27428402888541464e-03
4.37253117351390792e-03 -2.77259621382618289e-03
-5.81633191355515871e-04 -3.50553570582977977e-03
-9.69131705978600044e-04 4.19456944226324641e-03
-2.60599925551002927e-03 -4.04550150076526862e-03
6.48063861363060330e-03 -2.20066391914601608e-03
-7.13002321188536395e-04 5.40413495757555997e-04
1.33784368737193657e-04 -1.04577422016006397e-03
3.74651500780544180e-03 -6.90764807956478159e-04
-1.90342793066920952e-03 3.38528671551763770e-03
1.56958189020347649e-03 1.93318827047642291e-03
8.73064868120875833e-05 -2.65445858706178477e-03
1.29107218243873679e-04 1.59689465530933302e-03
-1.27317159142240695e-03 1.24422008399040500e-03
-6.34917802694372918e-04 5.82732949936127370e-03
-3.94984922135993295e-04 -2.57111321747327277e-03
3.32226864308786136e-03 1.14802161819501226e-03
2.76593683385092893e-03 8.76751974103095674e-03
1.83575165719255737e-03 1.77867168255153776e-03
-3.33560973767022288e-03 -3.51204622623904270e-03
3.10771012371454693e-03 -1.78210986780312931e-03
-8.63424935270101714e-04 5.84364234000128626e-03
-4.85112142976098972e-03 4.86637705706343131e-04
3.85383771984516106e-03 -3.23077817375726304e-03
2.04406055365469620e-03 -4.06729076378918206e-04
-1.13743126368926559e-02 6.45691601514732354e-03
-2.58106429388874504e-03 3.24390581155045970e-03
5.43461794226008776e-03 -3.37062473578546816e-03
-1.12723602283239114e-03 7.74992066715265537e-04
-9.61689960210647702e-04 -2.59295048593054754e-04
4.94670165915624474e-03 -2.65290196314975184e-03
-2.36607291315442305e-03 3.22917704546737180e-03
1.26499210318724292e-04 4.19914114120925781e-03
1.02062039371827798e-02 -9.67376804247404090e-03
1.90244127898647796e-03 2.84475308300425082e-03
-1.75075150567250435e-03 2.10801101437783087e-03
-4.45968402723864732e-03 4.21594854716375502e-03
-6.47663791379304572e-04 -1.71036201632405929e-03
-3.56671333495193034e-03 5.65259939110281001e-07
3.78340553835587300e-03 -1.32259775333501374e-03
-1.42138670167077513e-02 2.45616224398455523e-03
-5.57598180874026468e-03 -2.10997371671537825e-03
-9.90824732567206420e-03 -2.88612516639546882e-03
6.49653275417400554e-03 5.17675171353463616e-03
-2.20238969815968882e-03 -5.69527390148340685e-03
4.12469699917900317e-03 -5.93350655748343166e-03
3.84573367660764583e-03 -2.31198999037753126e-03
-1.18556566972503083e-03 1.94090235094037289e-03
1.06336926687175906e-03 -8.91879002975455104e-04
4.67023895019898303e-03 -7.50319368681171776e-03
1.77457471053686275e-03 -9.40350460796037348e-04
-1.33036273276048757e-03 3.21978569978403385e-03
-1.61059730419397845e-03 6.82173397737016718e-04
2.67639338191570132e-03 -7.16272909677011889e-04
8.14781132965851319e-04 2.30794435255147600e-03
-1.79891190152513974e-03 -1.74265488366279219e-03
5.51642599422768882e-04 4.10324387401565186e-03
2.53991637420141608e-03 3.81039567553283394e-03
3.25775833117691524e-04 3.43746990125318392e-03
2.84385257271302131e-05 -3.05956510136461005e-03
-1.47185797183461194e-03 9.43540008099373259e-04
-1.88901529704550665e-03 -1.00345998973222798e-03
-1.54049581568484802e-03 3.40887544495717398e-03
1.67755650634992832e-03 -3.23924407908252315e-03
4.12494356998423586e-03 -8.21174218143599921e-03
-7.22035018487698042e-03 6.91030868741920098e-03
1.46982651237793829e-03 -5.68721966284958195e-03
-1.53712949166052017e-03 5.46246864374243203e-04
6.65080038352922499e-03 -6.76952730912232931e-03
5.68524445120670990e-03 5.19760658895653677e-03
-6.43847792105888494e-04 -2.11104560344923652e-03
9.76442991516011005e-04 1.03121918145859977e-03
1.21706023458290225e-02 -5.49211001120991551e-03
-4.76456309102867969e-03 1.15130651046052167e-03
5.91571741099662651e-03 1.04497487308648977e-03
-1.82443130010122474e-03 -3.02140235070388853e-03
2.29322550697321674e-03 4.12488602650154957e-03
-2.24791174145155858e-03 5.37484829042463638e-03
-1.97940452769799916e-03 -1.50389816904595913e-03
4.94917382014680080e-04 2.85369228291749869e-04
-3.58034741267700737e-03 1.53741568676603844e-03
-2.72250066009999169e-03 5.88582086840262015e-04
-2.74205765320138101e-03 9.44614387544762428e-04
2.78349620875082381e-03 -7.84140420160360399e-04
-1.96928116820185200e-03 1.25314073999938775e-03
-2.37577109523673478e-03 -3.46786593019351086e-03
-8.75447013952200515e-04 -3.30475868475349575e-03
2.15128708187521363e-03 2.30225730665169822e-03
5.08919836649653588e-03 -4.86352242878054526e-03
-4.80644518056998985e-03 -4.00621455063725120e-03
1.89186792609891304e-03 -2.30774865424316104e-03
-3.14035551124322825e-04 1.65014264186120422e-03
1.89315647353758393e-03 1.00665354864464701e-03
3.20015721074238234e-04 2.90376486667901553e-03
-1.40810367648988555e-03 2.49326001442109080e-03
1.46543825383913038e-03 -1.73451246170081485e-03
4.88622755532559187e-03 -3.36954689838211540e-03
-4.52358975755523269e-03 3.25172937667543528e-03
2.62532487849582085e-03 -2.47392977148649246e-03
-1.75909176034406891e-03 -4.92015181934363677e-04
5.65366946482757319e-03 -2.47125776235429051e-03
1.95898434635560000e-03 5.25159881023129667e-03
7.19909348025202564e-05 1.50398031846945895e-03
-6.66583448529964361e-04 -1.46644038420335170e-03
3.38190310163448459e-04 4.62377702779249652e-03
-8.08591405400251533e-05 2.40499721096686754e-03
-9.22210297594728613e-04 3.28061487926836889e-03
1.49674341677379216e-03 -2.28972236960567604e-03
-1.85354794253635960e-03 6.26477791887885952e-04
-1.83332642767343999e-03 -1.44301521679677256e-03
-4.67668462958430783e-03 -2.45072996157596383e-03
2.74936112509162290e-03 1.20765854148888836e-03
1.31720591879222601e-03 4.25046661602177227e-03
-7.93724657371618590e-03 -3.37769715129509433e-03
5.21072051553822112e-04 1.93496061669839146e-03
2.80748240368314294e-03 -2.05269335806359350e-03
2.40855590286953884e-03 5.48915368222037230e-03
-6.04206280755223250e-03 -5.11947143082588620e-05
1.42759167876992777e-04 -4.22188491053031040e-03
1.83212671452537930e-03 3.53007969532034708e-03
6.33598221867791040e-03 -2.99776443987269468e-03
-4.21629633941611546e-03 -7.17640096250635792e-03
2.07642580597657911e-03 -2.20985468480789597e-03
-4.16468520040244670e-04 2.44679897714856999e-03
1.48235401616991953e-03 1.31587532939668721e-03
-4.34062712989200373e-04 2.79000639062135019e-03
-3.44717220653996880e-03 2.97910852619132993e-03
2.65667497105432759e-03 -9.26319134045942958e-04
9.08609648076087219e-03 2.21853432872321475e-03
-5.35326029805830751e-03 1.18319336681528098e-03
5.70556890963433688e-03 1.04841148595780976e-03
-2.63462299548206536e-03 -3.23161294282197850e-03
8.45296453396405557e-03 2.69996178381928754e-03
-3.45563833591219522e-03 8.88513291352043336e-03
-2.01829265891807731e-03 -4.31963455706956771e-03
3.80479512477663881e-03 2.63710929611782373e-03
3.13028704991897763e-03 -4.58864624129986902e-03
-8.04158996621136268e-03 -6.06059521765175795e-03
-4.36025504570204182e-04 -3.23363281105364629e-03
1.73926383097836165e-03 3.36214246684765541e-03
1.46520497374594120e-03 -8.09475126709524665e-05
1.10034913712307898e-03 1.91594123743182116e-03
4.01961632941877541e-03 -5.47685316410249055e-03
-2.99992655379956261e-03 4.11013251914060188e-03
-7.67640264262745876e-03 6.30966365712105383e-03
1.01015167373156127e-02 -9.57964904081927415e-03
-3.45592805429958093e-03 4.42036235211396705e-03
2.41605574498213399e-03 2.02930177144650115e-03
-1.04583641509613402e-02 5.40874277877194821e-03
-2.96553263123734007e-03 -9.24007810667179345e-03
5.34970359945463169e-03 -2.53749425775977354e-03
-2.96824720168126742e-03 4.15073059906593406e-03
1.05819008525644947e-02 1.25639271158033260e-02
3.28714265222744247e-03 -1.06336113944092356e-02
2.68748344729014552e-03 5.09060694035144701e-03
-3.92554943590647711e-04 -6.94503556772270718e-04
-3.24545235073437320e-03 3.91423757681915677e-03
-6.72648955788055381e-03 -2.59024983464405621e-04
2.55838224446584047e-03 2.05103308926598378e-03
1.34312006740863846e-04 -5.17884399345026046e-04
7.68489744154693573e-03 -4.06348233036648264e-03
1.33443036332465677e-03 -2.07496549277052340e-03
5.53061158174920648e-03 -3.00765120682963899e-03
-4.54528307878847293e-03 1.83829113561067344e-03
5.37241293474052025e-03 -2.33163414700884733e-03
4.67559916412054431e-03 6.91498965441043195e-03
2.46475873163409451e-03 -1.53561644369239387e-03
-9.07623266344436720e-04 1.53732720604497232e-03
1.11570081202310330e-02 1.49926766053501762e-02
-3.55443471115518680e-03 -6.00872215364687580e-03
1.53677971329408872e-04 8.48391965371432001e-03
3.87211929800154644e-03 -3.45415748848277269e-03
-5.01447864319310224e-03 4.36027516838664864e-03
-8.02285038280032940e-03 -1.51957540925677908e-03
-2.22165671481933114e-03 2.29841895763367634e-03
2.75173113895235211e-03 -3.22052794094557183e-03
5.25986142189987724e-03 -1.08893795604730892e-02
-1.14244785380818985e-02 5.28200805399217741e-03
1.95638645141091869e-03 -8.04500654256227847e-03
-9.22731390747504434e-04 1.78993243631419847e-03
8.53826720041305810e-03 -7.63958749718892521e-03
7.29688002215545840e-03 5.50871844362453653e-03
-5.94725472381568525e-03 -9.02154220963982852e-04
5.10502995921216767e-03 -1.95037860720713050e-03
-2.26376867786540420e-03 -1.22349984741825877e-02
-1.01446110379080755e-02 5.80908909908999741e-03
-1.28541216231735519e-03 -4.12407036066739403e-03
2.01501975640594683e-03 7.35765503094911854e-04
3.21774935968469154e-03 -1.55399068144302516e-03
4.37477300844071968e-03 2.33709878696440479e-03
1.49460716876856597e-03 -5.70462193851878439e-03
1.23751338300307563e-03 2.62220829325161787e-03
1.91999542656362630e-03 -4.22332859746782276e-03
-4.61692449974222818e-03 -1.18513756064944874e-02
1.81074987777100687e-03 -4.42439330109934640e-03
1.26752307926047839e-03 5.15490472078314332e-03
1.05474679457086078e-03 8.59585341356976598e-04
3.71932232505147635e-03 -1.79141772054699664e-03
-2.07088560578497444e-03 3.28496329085111935e-03
5.55481123688044510e-05 -4.58545679008896551e-03
6.18856643134743298e-03 6.08542296796556279e-03
-5.46985499415392120e-03 1.01943880719615049e-02
1.42832469833720801e-04 8.60731889202124081e-03
3.74074450270888174e-03 -8.14533483521369395e-03
-2.96020913517672062e-03 3.38758512344122407e-03
-4.85640045642080163e-03 -5.77044515370178906e-04
-2.72944820748270223e-03 -1.56041569207607993e-03
7.88322575125859960e-04 1.88118162947647864e-04
-3.91724167957223195e-03 1.89393325076068629e-03
-3.83030072186197864e-03 1.14773406990759238e-03
-3.11981808543138799e-03 1.15301736453611689e-03
3.29302882163994481e-03 -1.21370645148867733e-03
-1.85718752891372678e-03 1.53088466085042813e-03
-3.06671180285314135e-03 -3.71633153040537654e-03
-9.12097227592275591e-06 6.10777210867554494e-04
-3.06967727385001139e-04 -6.63195415185298029e-04
1.35568433668969870e-03 1.44960971125963445e-03
-2.90381480537008497e-04 1.52878033300650560e-03
2.90783954259982039e-04 1.64544276818931880e-03
3.68005634599965700e-04 -1.49034501330219411e-03
-5.66800442755681843e-04 7.32709305000532325e-04
-1.06095666979052995e-03 -7.45300501979876323e-05
4.96800372089042236e-04 -3.16725369085672911e-03
-5.95722423900930958e-05 1.39743335184201343e-03
-2.66015944867968286e-03 -3.31751221383120253e-04
-7.88557474321364906e-04 -4.35954399899231120e-03
-1.55240189039177975e-03 -6.56055559371237053e-04
2.00375806063965087e-03 1.82371660954440927e-03
-2.49291029809583240e-03 9.22094045024331524e-04
3.38072133111870022e-04 -3.85147432674512024e-03
3.45633797071948892e-04 1.69109691563604702e-03
-8.69117325482836951e-04 -1.21890214998590109e-03
-4.00429529853469929e-03 4.13673772103951426e-03
2.02568733984458214e-03 1.24188522448361364e-03
-2.29706665794543290e-03 1.38494061784908470e-03
1.15603824402210945e-03 -3.33061986620587747e-04
-1.67030435202717526e-03 -1.03734982960282471e-03
-1.77620574671302187e-04 -2.51909792071993788e-03
1.05807876836344476e-03 -1.40654104510521761e-03
1.41674358106261928e-03 4.54071690888755111e-05
4.86527439598261578e-03 -7.23086334947586635e-03
-5.27966436433833283e-03 -4.69510795066868918e-03
3.13974414031839826e-03 -5.93335260097880169e-03
-1.14696905175431271e-03 3.89366617244029344e-03
4.78479815108724671e-03 -3.12713481092290278e-03
6.05933315475221980e-03 2.91531238825055387e-03
-1.78117433853154867e-03 3.29294316224135186e-03
-8.66139365319884731e-04 -3.33685329468241115e-03
-1.48744604573476311e-03 -1.16945600925280196e-02
3.19640482601878887e-03 1.19376604661264579e-02
4.06053940597170867e-03 -2.18445137325668339e-03
-4.47711495222841670e-03 -3.22506669894372534e-03
4.01126006548443645e-03 2.61360790875401754e-05
3.25154997452477149e-03 3.49693790567710307e-03
-3.91631699545943318e-03 -3.02853657453186736e-04
1.70931467476740468e-03 1.45215010052152685e-04
2.78346959227436530e-04 4.14852031897947494e-03
-4.78634926083177509e-03 8.51126026140168706e-04
-2.57757357687906535e-04 2.53769893182582062e-03
1.84300024446382073e-03 -2.88631937432917794e-03
1.43175270926540108e-03 3.70454274569433691e-03
-5.39943580784007539e-03 2.86743253955861388e-04
3.34365700817291773e-04 -4.42827671289347156e-04
-1.77011897237725086e-05 7.82910252196985135e-04
-2.77371478630307564e-03 -1.53597537749706331e-03
1.60602269980501464e-03 -1.90088493110136944e-03
-5.29421603159140335e-04 -2.25736153260108329e-03
-7.77212347743742437e-04 2.08331291103246857e-03
6.64761557245533829e-04 -1.23670369850623009e-03
1.55754500469465853e-03 -2.38832512982549796e-04
2.66852739158965303e-03 -4.66931934510797075e-03
-7.44027293381374719e-04 2.54599928817397965e-03
-2.41545645262602462e-03 -9.19609865845689035e-04
1.75728275112217920e-03 -8.70911514867749210e-03
-7.93476931486553896e-04 -1.25529332621176224e-03
1.45773746464532110e-03 3.75252293410333580e-03
-3.65423988844947034e-03 1.26941560566863642e-03
1.89368789640203010e-03 -4.63388566623840984e-03
4.09674610173433023e-03 8.66119758871759099e-04
-4.03883501849182022e-03 1.51543391767318793e-03
1.29108146341026629e-04 3.53280435875983018e-04
1.03126267722308505e-02 -1.81888616497556470e-03
3.56089760918691569e-03 -9.94574924763060421e-04
-5.19396836113235425e-03 4.05740336796899101e-04
9.41522490847650261e-04 4.25150314042375987e-04
-1.25981476971958565e-04 8.41269771147274033e-04
-4.15780482262979520e-03 1.97295172166962979e-04
2.84808163114161177e-03 -1.51102572443412666e-03
1.99026099878176843e-03 -3.77900497785272228e-03
-1.07531615543660312e-02 2.97405682515050141e-03
6.93025211163376037e-05 -3.25488892462226075e-03
1.65420826819805567e-03 -4.98053783183735025e-04
5.12843683007150903e-03 -1.86623649370860293e-03
6.01477246124649850e-04 1.92033564220579853e-03
2.75513034743950398e-03 9.77421420452919028e-04
-3.20827126417857914e-03 -1.79628859954042501e-04
1.29973488811509427e-02 4.37957925473666382e-03
2.57852272433262012e-03 2.99962806092144525e-03
6.50526943417743721e-03 6.49847764084164094e-03
-2.56793493709145480e-03 -6.57505402934726105e-03
-7.77607773237834043e-04 5.57991013019117771e-03
-6.00884227045953793e-03 3.01094579134552221e-03
-3.69120022687965260e-03 6.18536226768677121e-04
1.65384748346874611e-03 -1.46207151680408771e-03
-1.20130123293514393e-03 -1.23385047254105369e-03
-6.98130779857867537e-03 4.90806239880497985e-03
-1.90220764182210495e-03 -9.55077247274169813e-04
2.14673491717501646e-03 -1.56404157502567764e-03
1.83598016163466385e-03 -1.23259355240342545e-03
-1.06115928775403208e-03 -3.38051279714141680e-04
-3.65271399805312629e-04 -1.69353770555379828e-03
1.03469069226675109e-03 1.43320490106245424e-03
6.16790303839922110e-06 -4.23219562013163811e-03
-1.00852115857522984e-03 -2.55731948226565814e-03
6.03665288223232039e-04 -2.99054011412962445e-03
-9.10921492905517483e-04 2.21930145281479729e-03
1.63320528516755535e-03 -5.42762176114402269e-04
1.61748640062739629e-03 1.34472763108283051e-03
-1.01309657051893982e-03 -1.43651010456154302e-03
1.71562483015818065e-04 5.10997664060966873e-05
-3.67678024265933158e-03 -5.30968398734285975e-04
-2.24835339373839456e-03 6.77885615889438765e-04
-2.80885810763819611e-03 -4.30662276027784239e-04
2.40627026041030775e-03 2.76787714818066790e-04
-2.04983834177110361e-03 -4.25652639392301254e-04
-2.40977880408638375e-04 -3.57113081009351879e-03
1.21998189535372592e-04 1.62281319291847272e-03
-1.17284633180776351e-03 -1.10962779384720864e-03
-1.48616084238098901e-03 -4.00383078317134104e-03
3.53491368881414395e-03 4.23988489564480243e-03
1.77827326149952833e-03 -1.07819691045346003e-03
-2.55312381698096207e-03 -9.71009782512392882e-04
1.53966386259574628e-03 -2.19085525538307744e-04
1.38959701178197580e-03 1.08658781546400575e-03
-3.80885370266678398e-04 5.90280372966255854e-04
1.90788473502511082e-05 2.65601850747002055e-04
1.18264104795636187e-03 2.76153991634563688e-03
1.25848303674795116e-03 -1.95826064431627505e-04
9.90261615856924361e-04 1.96979054816157290e-03
-6.11613785892714404e-04 -1.32291969135819518e-03
3.79515051482832945e-04 2.01915251341636690e-03
-2.30419628742821632e-03 1.25557740267988175e-03
9.29560912573747808e-05 8.29696183736707699e-04
-5.75388608950330510e-04 -6.44344344966733492e-04
-3.87278295005664985e-05 -6.25595309110869662e-04
1.21034881545118594e-03 2.01555007808982287e-03
6.84087633423057927e-04 3.27835355103648805e-04
-7.20516318591705464e-04 -9.19379563978478835e-04
2.47950165541139156e-04 1.97910545608031879e-04
2.86258881280126656e-05 2.78188825181479693e-04
-2.45566120951122883e-04 -1.10507171116223111e-03
1.05355784364885756e-04 2.00650090087207224e-04
-1.71496123032590232e-03 -7.40632547626257133e-04
-1.26381342960730039e-03 -5.19871454380087142e-04
-1.26798639673025848e-03 -6.36110732466901754e-04
1.21791615609318231e-03 6.19232636678870374e-04
-1.00469263669661032e-03 -3.09809731524736322e-04
3.65896424100086045e-04 -1.92092051056216785e-03
1.15127476837996760e-03 -2.53148936083127051e-04
-9.35445336855446016e-04 5.26403166311006031e-04
4.81832610791158283e-03 2.03692431194646808e-03
5.49333121401220504e-04 -5.67715020845475189e-04
2.06754407662388881e-03 2.03966837051309429e-03
-6.81163900833077550e-04 -1.66154248422195920e-03
-3.96628934624661299e-04 1.91427014123944942e-03
-2.21434166434612357e-03 9.64032649355158703e-04
-2.97447536009390410e-04 1.18671663853767433e-03
5.43854460458404696e-05 -1.80664813319803973e-03
-1.78460462287277719e-03 -4.97242972428589992e-03
-2.62151640867652616e-03 5.01982589627049652e-03
-1.96858520957986531e-03 -3.15108653969244481e-03
5.41115055429950450e-04 8.03198935734906203e-04
4.17736569822092438e-04 -4.83500775724231540e-03
3.74979185857287267e-03 -6.84546958436729139e-04
-4.54231029416777318e-04 2.08188513113153478e-03
-6.49550396827623319e-04 -1.58436466079374979e-03
-6.99186399478152198e-03 -2.73503841092279402e-03
3.59482415794953446e-03 3.67799962564591262e-03
-1.33283547931045275e-03 -2.06594168346905778e-03
-1.05166214231277124e-03 7.54951818446340014e-04
7.61806623537171837e-04 -2.26921658092668838e-03
2.83833927617643117e-03 -1.12435507256460347e-03
3.06377114274574000e-04 -5.52091147170251568e-04
1.70453083269299126e-05 4.86072945008105613e-04
5.20080083839340548e-04 4.42946046478951273e-04
3.44682575736690925e-04 -1.72763243695768227e-03
5.42359436416585991e-04 1.65122494339132016e-04
-1.26067262391905808e-04 3.04766712755408014e-04
5.66899083508036496e-06 7.81417465754524645e-04
-2.08801550454115634e-04 7.55155194773823998e-05
7.34340316414972883e-04 -8.17914320184254858e-04
-3.13096403050392390e-04 9.48988723104783952e-04
3.26045827134631948e-03 -9.17067597958407920e-05
1.60931805819762705e-04 -1.48509861443935532e-03
1.64427859886785732e-03 2.58020468314681440e-04
-8.54162038590594477e-04 -2.51042907505680019e-04
3.19717932109634230e-04 1.09149051803202578e-03
-9.14092493678786682e-04 1.13105323318657847e-03
9.98996800098324008e-04 3.12376371862777913e-03
-1.44553121104288923e-03 -1.33174606448578843e-03
-9.67623341888268918e-04 8.01397415199515311e-04
4.87620564861538253e-03 5.58273452298906764e-03
-6.65492991785307042e-04 1.48944353640074350e-03
-1.58532142468274188e-03 -1.53635305867759280e-03
-1.22306895382845926e-03 -1.73878908482737356e-03
1.44434313290789856e-04 9.26034909503289688e-04
-5.44049278903330560e-04 5.36708427899317973e-04
4.75419801456223418e-04 -9.89651396013798389e-04
5.47688491959999246e-05 5.62070493918353717e-03
-2.69327086678593794e-03 3.41279663634119225e-04
-2.36934821768784373e-03 3.11379432326537500e-03
3.10870965471195422e-03 -1.26879481906119751e-03
-2.38817636599671134e-03 2.53899942001465739e-04
-1.85684300799604301e-03 -2.07124069679001958e-03
2.60486119634958154e-03 2.16099750894735096e-04
-1.49552684191347303e-03 1.36014818324558455e-03
1.48751469364423938e-03 4.00303414845493317e-03
7.33560475689967392e-03 -3.54142100130736513e-03
2.06348088253779970e-03 3.01727074906370761e-03
-2.19435096902124765e-03 -2.49168230976785140e-04
-1.64918644368862140e-03 2.92338887359558765e-03
-1.62208469266411463e-03 1.09143039890181761e-03
-7.39919305733406380e-04 -5.36109655088745619e-04
1.51679925543201548e-03 3.29208995352765104e-04
-8.41455740953330963e-03 4.62204615361522155e-03
-1.63729833997498515e-03 -4.60690663109264084e-03
-6.27122940185378432e-03 -1.40231142827341288e-03
3.86110593330980063e-03 4.02943416230683478e-03
-2.17005822542195572e-03 -3.41455935511876096e-03
1.67633124042550208e-03 -4.37023202094128423e-03
1.65388947499393911e-03 -5.68141178342718611e-04
7.61795898319865875e-05 5.37236884038440939e-04
3.05628484513456545e-03 -2.14788630330184274e-03
3.85732047874704431e-04 -3.71488326028075267e-03
2.41643567858517610e-03 -1.84075111487124929e-03
-1.51599140162154262e-03 1.90470553440151786e-03
1.74495588243326889e-03 -5.22074702638486107e-04
2.53212075388866732e-03 1.93808259904818220e-03
-3.96678401363710360e-04 3.00574107980117482e-04
1.82339400362565343e-04 -4.82187352287623196e-04
-8.54115630563880262e-05 3.55771343991659856e-05
-6.47507774656975251e-04 1.04201788636021863e-03
-2.30444497409179415e-04 4.05384631729644568e-04
3.98903783926378604e-04 -4.83832275588472194e-04
-1.36809170320857323e-04 3.44134439862786814e-05
-6.52515118897564967e-05 -1.13210942757420818e-04
7.26411156587557314e-04 -4.02156539609815900e-04
-1.22626013025360197e-04 1.23260971023486307e-03
2.53274568284590383e-03 3.22325088028531208e-03
2.57156145645068236e-03 -3.87666638548413503e-03
2.35819709685041205e-03 2.03585037262040032e-03
-1.24821716636673249e-03 -4.04271875318482673e-04
4.36633074602058979e-04 3.23695893539993401e-03
-2.11098746414131516e-03 1.67584372669729912e-03
8.87717220575341600e-05 -3.38578463028943932e-04
5.49226660990488895e-04 2.32618619187640859e-04
-2.45136408307740838e-03 6.34775363618765402e-03
-1.61916117062593421e-03 -3.34421516444602645e-03
-3.63609294731418418e-03 1.45908850539577567e-03
3.17903388222317423e-03 1.17399691423656976e-03
-2.52409371821365287e-03 -9.41797484700797371e-04
-9.64426608703967004e-04 -2.99527983018112783e-03
1.02386523371482451e-03 -9.54324971252684825e-04
5.12767145102556085e-06 1.78404511078246979e-04
2.05458105271407799e-04 -2.86188513896321137e-03
-7.62118292610878666e-04 -1.85398736651459827e-03
1.79780925806158749e-04 -2.20973120756638199e-03
-2.66693252533086527e-05 1.90524725864405246e-03
2.20947686218979762e-04 -1.54128160098375867e-03
2.71215364432942502e-03 -4.31938623617408456e-04
8.16074934397288134e-04 2.67027781633919186e-04
-7.55177686534350091e-04 1.72109954937906380e-04
-3.01839721580375998e-04 1.74823054086929199e-03
1.66059576372091827e-03 -6.80375669002553757e-04
-4.88204162884241932e-05 4.72201096579041315e-04
-2.56266825909118008e-04 3.82432367765901131e-06
-4.88993357681279843e-04 1.24916404052584686e-05
-4.34609247072732417e-04 -5.26576309266233128e-04
-3.85872181725988649e-05 -6.12696474125821100e-04
3.11759312445923210e-06 5.77279494061930893e-04
-2.27547256232560236e-05 1.42935978371870327e-03
4.75554269653499068e-04 -1.49769896292002822e-03
1.75279909835949582e-04 8.85701314844795657e-04
2.04936459653766131e-04 -1.73765212151552985e-04
-4.62043096783003142e-04 1.41885443967204247e-03
-1.16057590665397548e-03 -3.59387121767818505e-04
-9.87733756084778307e-04 -1.43871171003304079e-04
8.72007085601137345e-04 -1.77615537428379061e-04
-2.46772388122387968e-03 -3.01695084385140630e-03
-8.07492133473131351e-04 5.23647254751856569e-04
-7.24219975491089286e-04 -1.92727733752175948e-03
1.03723330467066140e-05 1.16892473262981663e-03
8.86234907057586226e-04 -1.10289306361102072e-03
1.76578733994808140e-03 1.06414724626561813e-04
1.88587227204202869e-03 -7.53199276311804461e-04
-1.06752550161684175e-03 1.13926940526239552e-03
-3.19917654845083778e-04 1.98952203003564202e-03
4.44612699258088110e-03 -3.06373081525233674e-03
4.77508388936524015e-04 1.46208225499684956e-03
-6.79491260146972706e-04 5.17856195866775080e-04
-2.04961518263644272e-03 1.62867170545421148e-03
-5.33232684214120494e-04 -7.94148778245665015e-04
8.35382177643420229e-04 1.46223079565505889e-04
-7.48952335169240447e-04 4.80145636102623474e-05
3.06830433807834787e-03 3.28647090212739416e-03
2.05078619260601488e-04 -2.45516431208344244e-04
7.56254084753673413e-04 2.35114292271316333e-03
2.63157541617511394e-04 -1.53056673779928881e-03
-1.02266032515092018e-03 1.34218561006628641e-03
-2.06999586302643746e-03 -5.68080024215254661e-05
4.61127541163567820e-04 -1.58704288982226176e-03
-2.25918824224781709e-05 5.40722347324707831e-04
-1.30182457541644066e-03 -1.25018896957627729e-03
-7.46760734451291952e-04 -2.06056933270250871e-03
-8.15684492900068531e-04 -1.09544649483450597e-03
9.47216174862788385e-04 1.37043930845012025e-03
-1.04907495776053092e-03 -3.41567300843671133e-04
1.12327232135502899e-03 -1.91343525003300212e-03
-2.46181438386074993e-04 -1.32668209699147570e-04
8.30523862764705981e-05 -1.63966031841384708e-05
1.72283672055990726e-03 -2.54876678376613885e-03
-2.83641932473773981e-04 1.15460667041508615e-03
1.48870488855174497e-03 -4.11171988019365863e-04
-9.67836086485787737e-04 -5.70383204066491289e-04
9.78362995976761549e-04 5.93449172638823826e-04
1.71595300611188394e-04 1.36222179912667005e-03
2.60184601989099651e-03 1.54621698370517938e-03
-1.47295861644426858e-03 -1.28280059275212192e-04
1.01740256163787503e-03 3.85517278452519752e-05
5.69909385804772718e-03 3.62817068599469888e-04
1.19914225790159748e-03 5.16675767629019671e-04
-2.36750887952400782e-03 3.49793599668751386e-04
-7.24647093467650533e-04 -9.21282635341978402e-04
1.51786769851796851e-03 1.47459907962958553e-03
-8.75186526117738479e-04 1.53227261939054287e-03
-1.92048913187917972e-04 -1.97837968380288557e-03
2.75750361633152674e-03 1.41532683293900424e-04
-1.39571207289268680e-03 5.32086208191923180e-03
1.14134834280946542e-03 2.76072636963558757e-03
3.73231690081180802e-04 -3.51943780223233898e-03
-2.90705779530932957e-04 1.47974541696210609e-03
-1.39899228382298025e-03 6.71882459850870546e-04
8.43627993562173729e-04 -2.76300145013067770e-03
6.50043621163781649e-04 2.06174896322939465e-03
3.02502935098963258e-03 8.55892417029950310e-04
-6.14277699968662013e-04 -8.05131235499302600e-03
2.71090665940180910e-03 -2.54910090538792565e-04
-3.23442537288316659e-04 1.70295001134428223e-03
1.13977312552233402e-03 3.10969625576131264e-03
-3.73356214059589696e-04 7.33998375708587100e-04
-1.10036618841743441e-03 1.18045932964753997e-03
8.33786550498238671e-04 -1.84958254803954951e-03
-2.15490722356731718e-03 8.39937923022488452e-03
-3.77631029260738207e-03 9.16477000852026417e-04
-4.55688623692232161e-03 4.20993577022610310e-03
5.00647511551637666e-03 -1.42022312118778959e-03
-3.70119611442551021e-03 -4.12411529524391788e-04
-2.08095575857313855e-03 -3.81306873551315925e-03
1.63086409338899450e-04 -2.36114599022091854e-03
5.72531628857451936e-04 8.44459812114082132e-04
-2.30785790896998128e-04 -1.96587219074397836e-03
-2.62916460399021312e-03 -3.83133427289064762e-03
-1.15926989011638944e-04 -1.92485466961625842e-03
1.11893350680646823e-03 1.95088819091867108e-03
3.64641311327625620e-05 -4.57177183264661358e-05
1.45346723263716816e-03 -1.49837316548437024e-03
8.30832870513798947e-04 4.05696707240428859e-04
-9.77089409863648008e-04 1.81565476521318316e-05
1.36346314266811764e-03 4.90669015958842430e-04
1.81906324953341270e-03 5.18331212217432342e-04
1.23830946924161512e-03 6.90080650594562957e-04
-1.03292873622232617e-03 -8.62014160812837795e-04
4.05343817931043017e-05 6.87444919569326555e-04
-6.80674771203673766e-04 4.34616022607294645e-04
-1.20403196101447302e-03 2.84039105047252563e-04
9.38337871447465213e-04 1.42974642814756994e-04
2.72491367536562001e-03 1.41661434265521308e-03
-1.83811127096501011e-03 -8.71842258295092297e-04
1.80388364636020087e-03 6.99837269613117884e-04
-4.86247183904163147e-04 -9.74029643405287661e-04
2.36297264175258214e-03 1.75479186993584830e-03
-1.75143322565237043e-03 2.33496683547094758e-03
1.04529803157013567e-03 -6.10261887969626828e-04
-4.42448639301393633e-04 8.64330232934694604e-04
1.98577684738719456e-03 3.74631143442315023e-03
1.17638514526212883e-04 -2.70631555848042243e-03
-7.11679654747616666e-05 1.42851573528954452e-03
5.81760288984346069e-04 -4.52564850323183813e-05
-1.14412008932421425e-03 7.23552311474280748e-04
-1.64920677257360130e-03 -5.38372031372629607e-04
3.46028223011957440e-04 -2.79454389679943205e-04
-1.53653568277071748e-06 -1.22903833222121344e-04
-2.51850975117412837e-04 -1.64021197055458780e-03
-5.96343980377907917e-04 -1.41661264738666710e-04
-2.42862827525083011e-04 -1.18793384519906217e-03
1.19849945777379506e-04 8.26378051093677800e-04
3.55170583117713311e-05 -1.12833723828098271e-03
1.43754316758043683e-03 -3.67678096216802943e-04
8.64275620742482333e-04 -5.68277043897323013e-04
-4.10084797053972099e-04 8.74422695040470298e-04
1.04482097007761103e-03 1.21809744780677692e-03
8.28674625355066722e-04 -2.10364341783857980e-03
3.94070725193229848e-04 8.85336564976188007e-05
-3.40707562343494947e-04 4.48241402322048337e-04
-2.12628118719416267e-04 3.11392668685878441e-04
-5.70645526422013561e-04 3.72248900203227829e-05
-9.77481954064982062e-04 2.15113298258964630e-04
5.07540551860169984e-04 1.80687699655261041e-04
1.28021926817152251e-03 1.93199556530133758e-03
-7.13766234974557942e-04 -3.16984172622794991e-04
8.73286339801888911e-04 1.22294286169749447e-03
-1.22472371164843044e-04 -1.09977646709814750e-03
1.01665819976952160e-03 1.73947742354558501e-03
-2.02279117123468043e-03 1.16463488581749369e-03
-6.21629275843594447e-04 -9.32415251737377603e-05
6.23573304304432118e-04 -1.02166700064352080e-04
-2.28295057103408087e-03 -1.07466133252284517e-03
-6.02835011704223878e-04 -1.35227380306493625e-04
-1.09523459204092198e-03 -1.14720038805104954e-03
4.45760298101714010e-04 1.02689143442523259e-03
2.18451769497831488e-04 -9.69675018584369641e-04
1.12275024365406290e-03 -4.43800703805804380e-04
6.20539604620245068e-04 -1.55801137337839677e-03
-5.22398558680548203e-04 1.17231249232695200e-03
-1.68285684076090875e-03 2.12928541107193503e-03
1.98487487513087724e-03 -2.79197068991039786e-03
-7.09852446440675951e-04 1.40034712914682662e-03
7.74842278180890194e-04 2.71638979592732659e-04
-2.37956749254684356e-03 1.97907089495143748e-03
-1.39459282308131887e-03 -2.20964474920567035e-03
1.77535121182437108e-03 -6.18925521996955305e-04
-1.07157023424001301e-03 1.29189953193679040e-03
1.83686293582399824e-03 3.67786630322557368e-03
1.89452594992709075e-03 -3.44126688053815119e-03
4.65914980821423644e-04 9.96873695795553235e-04
-3.32083744275744766e-04 3.18226987699477719e-04
-9.21343800880069000e-04 6.85992135262442917e-04
-1.53665456533308995e-03 -4.04201501753647502e-04
-8.70380698787474524e-04 -2.02303003417835274e-04
2.04016707068923600e-04 1.47214108032455381e-04
-6.77599475865153030e-04 1.54584373735135367e-03
-5.29233944655104079e-04 2.69124173780323607e-04
-5.14392589555206538e-04 1.05785784972708724e-03
6.77123824319937249e-04 -8.23676954906091990e-04
-4.11735363114956059e-04 1.15233956486297980e-03
-1.68808211447975557e-03 -5.83263690218057394e-04
4.14143052658267458e-04 1.09156431538801675e-05
-2.97362540845414586e-04 2.72017775440523582e-04
-1.20271943515999191e-03 4.10333206097382571e-04
1.15678340221637716e-03 -8.73879079696311114e-04
-3.46254124409749262e-04 -4.79135824191204271e-04
-2.36413651119013999e-04 6.84118074658935987e-04
-7.15922463371152721e-05 -4.52717283059518854e-04
3.21366352295544258e-04 -4.17779336410812631e-04
6.33012030600633101e-04 -1.10602237823992778e-03
1.16158805036370833e-05 3.09072461124774349e-04
-4.29803753813548669e-04 -1.82262138209119328e-03
-7.15854427277303851e-04 -1.71740950394114623e-03
-2.48944985943504052e-04 -1.46703800258392455e-03
3.93250168664018994e-04 1.43284770356794967e-03
-3.08392932585221989e-04 -8.28497275117256646e-04
1.68543237132355345e-03 -9.84086258305982625e-04
8.64413137899451805e-04 6.51849168580632336e-04
-1.11098617742117346e-03 7.16617971628029756e-05
-1.98756920632488189e-03 -1.28275688038496753e-03
3.59014293807593740e-03 3.93008399333627230e-04
6.33826903727118516e-04 -1.21316065531066578e-03
-1.77738707230032183e-03 5.50984388267202808e-04
6.82351514520583352e-04 -6.06196691566154638e-04
9.98079872021667789e-04 7.67285447568172123e-05
-1.90893167841799430e-03 2.74906256086355409e-04
1.03462130467753721e-03 -7.04614913473947525e-04
1.34015604538672943e-04 -8.92683004756835135e-04
-4.01942830284132951e-03 2.00843132665121061e-03
-4.60803537952964536e-04 -7.65136438444135518e-04
8.91282218517908380e-04 -6.53820095195990574e-04
1.56809120622507193e-03 -5.79370248988284259e-04
-3.59805968517000311e-04 3.81320904077789616e-04
6.77478384025779839e-04 7.12605976481372485e-04
-1.10428933922561683e-03 -3.63013673890701571e-04
2.50745607237924965e-03 -3.62520663722475925e-04
1.73719485316650105e-03 1.98957267485139460e-03
2.08691411948613978e-03 1.08215413128244552e-03
-1.44323157759104845e-03 -1.77390619488490922e-03
3.50819790664280132e-04 1.20023528798541440e-03
-9.00414207506878856e-04 1.07042691164815581e-03
-1.37425644904518008e-03 -1.39950644395739446e-04
4.90440588843117252e-04 1.71864022615853424e-04
-1.61057633201962339e-04 2.12854576827777552e-03
-1.17316132009655846e-03 2.24330269208045628e-04
-2.04960770530570870e-04 1.39300806061022370e-03
7.07663946068295730e-04 -1.23434708924520498e-03
1.20633659103147476e-04 1.73785846043009802e-03
-2.41525335997889003e-03 -1.17778636763329344e-04
5.09817084082036121e-04 -1.25455922210301147e-03
1.75060957747680528e-04 1.26508626000074544e-03
2.11333975685685680e-03 -3.36478984210368166e-05
-4.99706511647129113e-04 -2.71095831000160541e-03
7.50041840947292715e-04 -4.12796434293655342e-04
-3.08869331951627617e-04 7.38250309725624462e-04
2.32360752828672209e-04 5.13180438913251463e-04
-4.44535676176104988e-04 6.95822862948918073e-04
-7.16614937395020427e-03 3.13249162430195242e-03
2.36329514921533243e-03 -3.52370714199247686e-03
-3.47867703010302067e-03 -2.46274879136936041e-04
-1.04013351508845924e-02 1.33203806324774902e-02
-4.47120711955523945e-03 2.58273709224114602e-04
3.59291065686178626e-03 -4.83195973454010781e-03
2.33140952713353257e-03 -2.34930004618460336e-03
-3.60065152604002259e-03 -4.71728875841752348e-04
4.74241875382737550e-03 -9.41507549634592461e-04
-4.33462495194165878e-03 3.56684689080753606e-03
5.25568365716481186e-03 -9.84768215945852447e-03
1.22722133662346074e-02 -2.32526544603662080e-03
9.45647650502048041e-03 -5.10089767082553755e-03
-1.04570696379714563e-02 1.14608412178122368e-03
5.31162245449221491e-03 1.79385260678864220e-03
1.55074389456700537e-03 6.06767303646504538e-03
8.02906590105405201e-05 3.27647727131424394e-03
-3.32555932539287059e-04 -9.30075414389015332e-04
3.22487358320724124e-03 2.11987686020353788e-03
3.00943881962327173e-03 3.28769023024374270e-03
2.26006805865190067e-03 1.96644642878603983e-03
-2.64536161290779498e-03 -2.19984151988935044e-03
2.04679405018973713e-03 4.10899712802390189e-04
-1.38870938333511573e-03 4.29686887292974207e-03
7.28674918561594527e-04 -1.21137466866619325e-03
-1.57599927890458987e-04 1.47429270995045767e-03
1.59814148162954047e-03 -2.60564752280244890e-03
1.05481574551913294e-03 -2.32159231703839416e-03
1.73137165263057501e-03 -1.79119907926839853e-03
-1.77020076869000031e-03 1.18768019637310028e-03
1.29873158184653711e-03 2.74970917389997876e-04
5.24448924366895369e-04 1.50969618618026049e-03
-3.97791473179807779e-03 2.37558146883315663e-03
1.84309297210623704e-03 -1.22365292154889816e-03
3.06125452394434734e-03 2.76793895908597053e-03
-4.72018311309837894e-03 4.38207320937958594e-03
1.35430011011913247e-03 1.87608062989307284e-03
-1.20359067506766972e-04 -3.68895272989994616e-03
4.17494012226425973e-03 1.83160145301945786e-03
-4.21176427686867447e-03 3.93262045834715662e-03
1.24713432879340028e-03 -1.09398344789089622e-03
-5.72572840192956691e-04 1.27275216707199452e-03
5.49151535788661160e-03 2.03065670777022918e-03
-1.85960482619548751e-04 -2.40635407123013321e-03
2.04789036178465098e-03 1.59300128242423214e-03
-5.27365831759836804e-04 -9.13323180954859885e-04
-3.28715164422940527e-04 1.95091458094043962e-03
-2.26207372022352695e-03 1.15675436698120418e-03
-2.94880495202406176e-03 -1.15568794979840732e-03
-3.38827759528700608e-04 -6.65161159465023160e-04
-9.92707473386379539e-03 1.90431660595658729e-03
-2.29009922013761373e-03 6.14770933557834669e-03
-7.53361941872057392e-03 1.84799162009796104e-03
5.24086062472664711e-03 -1.88108604933541826e-03
-6.05841214415146594e-03 -3.92345988635394902e-04
-3.16158950233257552e-03 -8.10651299748099859e-03
4.86506419099577269e-03 -1.80518313551437416e-03
-2.42124194355937752e-03 4.35081587607624373e-03
-7.73556415201428864e-03 9.44646505819364025e-03
8.59812035306262330e-03 -1.38334628932102119e-02
-4.01423104623071635e-03 -2.64689922304043668e-03
-3.07998425336942128e-04 7.06894432612914601e-03
-2.50769352120249183e-03 -3.21475430767607148e-03
5.44375162043224804e-04 -4.73528115319071102e-03
1.78803278227724792e-03 3.97575514983820356e-03
-8.15163375772736971e-04 -1.85308744605403529e-03
3.46284090253866838e-03 -2.82935077611647361e-03
3.25295877526717882e-03 4.60004729315330579e-03
2.26276862186098812e-03 -1.30837121021217385e-03
-3.62645367818053080e-03 -1.68213184463623721e-04
2.63305341915283679e-03 -3.74328214035862285e-03
3.42407413942336742e-03 4.77562055890708940e-03
-9.31457254354105171e-04 2.02513840380490183e-05
9.76105519316928984e-04 -5.99548062771698741e-04
-8.20305712867023780e-04 2.67790106539493459e-03
-2.87227559889507381e-03 -4.69196896237954766e-05
-2.13485855391588267e-03 1.27559925410839392e-03
2.45335619128005545e-03 -1.74378669705275952e-04
-1.33039630196086080e-03 -3.01891835932982760e-04
-5.64604860391751894e-04 -1.39652190808700356e-03
-5.64962367612033972e-03 -7.71453861858178644e-04
2.95036453589284185e-03 -1.93745911869720191e-04
8.56217510034860746e-04 2.76265364617095431e-03
-9.46652207247618109e-03 1.17366036005603857e-03
-3.39599123034414415e-04 1.21258800593719096e-03
2.84246795391714883e-03 -2.88155042190218515e-03
3.27593115058809250e-03 3.33292787448000996e-03
-5.32654973702870356e-03 5.94650101422392139e-04
-1.32263700928498683e-03 -4.33335485532193327e-03
3.44082763719824125e-03 3.05657102567552259e-03
9.09788170002411912e-04 -1.83758160052317635e-03
-6.76666837928514408e-03 -8.20502576044120427e-03
-1.92695166953537906e-03 -3.25818717172749687e-03
2.33671134892988628e-03 4.50766390943067256e-03
5.28050885734025906e-04 -8.88384237916815898e-04
1.09538769070430838e-03 4.17111046222482125e-04
1.92899505547501453e-03 3.42947515952301369e-03
-2.46862949898861688e-03 -2.00359596382998365e-03
-4.48171836845233981e-03 -1.08595245410738543e-03
6.50823562310837937e-03 8.40568279603282238e-03
-3.20293272124897842e-03 6.41544433469480005e-04
-9.12871622037286258e-04 -8.76828608313432139e-04
-3.78961219030044937e-03 -4.40080199784186055e-03
2.14418550691624060e-03 -1.66313075701103293e-03
-4.64998889038834517e-04 -2.87089626014762171e-03
1.24042352266751413e-03 2.81096318336637426e-03
-2.88427655187781750e-04 -1.44744856621432903e-02
1.19271626882107751e-03 -2.70395898496159385e-03
3.87398236127902990e-03 -8.40284800164960502e-03
-5.14160404617124318e-03 4.46200927043830485e-03
5.69112654466582667e-03 -1.17528904948589925e-03
5.06510808694094362e-03 4.80759738157491342e-03
2.02597419121292033e-03 3.11047522826738256e-03
-2.16497296740407246e-03 -9.36146751992958034e-04
-1.40721713354344594e-03 1.91445575330839897e-03
7.66790273676489376e-03 4.82840286059748030e-03
-6.28680666048061598e-04 2.42541290557322497e-03
-2.03886433613390461e-03 -1.48799799944701887e-03
-2.49785664470092341e-03 -1.15323112527604562e-03
-1.41165644820839093e-04 5.10424046723423840e-04
-1.34247364538301575e-03 1.20374281101973406e-03
7.65714707890868883e-04 -1.66603250104207547e-03
-3.96275293641763001e-03 2.15581391636692670e-03
-1.74896032399756134e-03 2.19082131204652222e-03
-3.06263486616675318e-03 9.34485887087237090e-04
2.47369220701502013e-03 -2.56398498719504029e-04
-1.32605037913482971e-03 -1.24921735223529080e-03
4.34833200041593237e-04 -2.18734001781848526e-03
-2.96453950295804802e-03 2.89199651785309675e-03
1.47477282052492931e-03 -9.17626404890387872e-04
4.88556501671259021e-03 3.67763609565837984e-03
-2.35430901524373050e-03 3.14203636782321325e-03
2.94943305869449501e-03 2.55377359251281839e-03
-1.53652848968669061e-03 -3.72032525368206799e-03
4.66988885772044206e-03 2.57757557790527347e-03
-4.31393276409938482e-03 5.56509311404549453e-03
2.64868486466322307e-03 -1.95766034523001424e-03
-9.52874641242411964e-04 2.90101339156049326e-03
1.23934492489586180e-03 5.64355518397052693e-03
2.19185761127898030e-03 -8.11634201523143105e-03
-4.88427881746661408e-04 1.46027923407974233e-04
7.26963880516893162e-05 2.43934708664483163e-03
-1.43196382759495358e-03 1.48679524887060198e-04
-1.58011253025744196e-03 -1.15946914576325172e-03
7.36344360848931461e-04 -6.32015072935373872e-04
4.04772479399269055e-04 -4.78042532721112016e-05
1.51245455584677517e-03 -3.54782255193192677e-03
-1.90001892992958457e-03 -1.75354469301144435e-03
9.55839747545277518e-04 -2.78622041736437814e-03
-4.08844176802140424e-04 1.91942453703794220e-03
1.58054159487545009e-03 -1.84019707600068384e-03
3.09459156873501812e-03 7.76292683290069532e-04
1.66219711735898171e-03 -1.93587555556022270e-03
-4.32191034359626807e-04 2.48378818001003879e-03
2.16411964670783956e-03 3.25968915007514033e-04
1.44882560108926662e-03 -5.45981850568899932e-03
1.22793885845717322e-03 -1.30446239596256086e-03
-1.29536311374652382e-03 1.95917981437995639e-03
4.18261319723312616e-04 3.92947686277643753e-04
-3.59621564592044684e-04 7.90937527718937796e-04
-2.52281947621034930e-03 1.45833571708470287e-03
1.14848780770082431e-03 -4.09287214035221987e-04
2.54522264221471346e-03 3.22782221114780278e-03
-2.19543273919759613e-03 1.87001019377950879e-03
1.44729447671751725e-03 2.17584837002581357e-03
-3.43874750792677033e-04 -2.76907475434209254e-03
2.66656931673821089e-03 2.43267628492355257e-03
-3.80670015146873349e-03 2.92959714418558224e-03
-1.36701588334620029e-03 -9.42838643177834113e-04
1.45159334189378796e-03 3.57997162368771567e-04
-1.38878050326657560e-03 -5.93351362512216460e-03
-1.74289216510804617e-03 1.10831312169771650e-04
2.17863484726414658e-04 -3.21565810080697533e-03
-6.68798734767337539e-04 1.69240961835596059e-03
1.98439572519816835e-03 -9.61245516602563140e-04
2.41551298340403385e-03 1.35129139646079834e-03
9.12910936119622532e-04 -2.40080727623772543e-03
-1.91407234335672603e-03 2.10419842596948304e-03
-6.56692829431457410e-03 6.94984311725866440e-03
6.57660490058709860e-03 -2.57570109683114348e-03
-3.59150785989004444e-03 5.20107685144154553e-03
2.32384224996799379e-03 -1.06137466534494160e-03
-7.57333986696502506e-03 4.60247127505485423e-03
-4.99198844761776679e-03 -6.47404297347770486e-03
4.39543429792293647e-03 -1.91519331726233764e-03
-2.22172869610454864e-03 3.51205487083231785e-03
2.91172037811627963e-03 1.19584772902763415e-02
3.79407107694216096e-03 -1.07116053125578935e-02
-8.46579983263985938e-04 2.74678701443829614e-03
7.77066542506484373e-04 1.83784810581005559e-03
-3.42659318859176278e-03 1.00044076588131172e-03
-3.99970335397366664e-03 -2.52679228884049789e-03
-2.93030135153133460e-03 2.44696609000294072e-04
1.69565103319255879e-03 2.99223384448243400e-05
2.66978416735387048e-03 2.67445624673679459e-03
-4.22662953743581371e-03 -4.33413095047984287e-05
1.49419575394133626e-03 1.44485355177803696e-03
3.81461514566145321e-04 -2.11389490068825212e-03
3.03700022502444589e-03 2.86089561005603132e-03
-3.68032153194696940e-03 2.37895698912772395e-03
-8.34597866504028542e-04 -2.29672471808745971e-03
1.81168406131987196e-03 1.70860488457332611e-03
-4.02161380537916337e-04 -3.97881829256666129e-03
-2.65962410243675458e-03 -3.74997689909582418e-03
-3.26234130972841900e-04 -3.30553727343026009e-03
4.58368853493812503e-05 2.95884706918771081e-03
1.41704075037145513e-03 -8.80338167402276110e-04
1.79287174908377474e-03 9.92354120872353121e-04
5.63059591861842131e-03 -4.22851106213673316e-03
-2.53556321853082517e-03 3.15618688562989240e-03
-2.71039275182363617e-03 2.97230761273210538e-04
8.52019431171118467e-03 -1.00995158082460672e-02
-2.34582198556214464e-04 1.99708670048820965e-05
-2.59147643949414128e-04 4.36502083301533797e-03
-6.00921479271204761e-03 1.48539887077366690e-03
2.63472601018946255e-03 -4.81018692137547953e-03
3.61985762752566661e-03 7.91199681772524529e-04
-3.66858351414705219e-03 8.87732489382275498e-04
6.14263392171330962e-03 3.01258125894296631e-03
6.67248942035664205e-03 -2.08425049941821387e-04
4.68993961461480844e-03 2.67245002160590569e-03
-3.73321074040685328e-03 -2.69670118008980258e-03
-1.25798224894673811e-04 2.82054904945091677e-03
-3.07468948223691080e-03 1.59916655529426886e-03
-1.50470034356108722e-03 -1.51889953342832255e-03
2.82727348607464055e-03 4.41352640703674738e-04
7.06638794394085726e-03 -3.77168823266345581e-03
-8.39552726029409863e-03 -5.55446677659182132e-03
4.49597137862764017e-03 -3.92572109465969508e-03
-6.99928192193685606e-04 1.83666814038693001e-03
6.98783667538855919e-03 3.61392808992817870e-04
1.95514075500928140e-03 4.70577340731288471e-03
1.21878951101977735e-03 1.31980848480081755e-03
-1.48636946353469389e-03 -1.58843142205318164e-03
1.10380693684946803e-02 1.36680855966114564e-02
-3.35599269344951214e-03 2.18446594166596657e-03
9.51857907720306327e-04 1.07045739607601904e-02
3.69743343692594114e-03 -7.28542568311986351e-03
-4.91949938084848028e-03 5.02094441867463603e-03
-8.26705816710654809e-03 -1.19946621325678327e-03
-3.22278673432053802e-03 -1.22587665727466729e-03
2.28455723813647234e-03 -7.72471929615823607e-04
-5.51358938792080504e-06 -3.70608804190341408e-03
-9.41659232785881442e-03 9.96895127958009669e-04
-1.01787441357367920e-03 -3.24252895390550857e-03
2.43845808474108579e-03 5.00009327590862683e-04
2.91941382833898512e-03 -1.59712075410253264e-03
9.83655721282535381e-04 -4.66694576203065758e-04
-1.03160746169984560e-03 -1.83896828651642415e-03
1.58266346362884083e-03 1.03471401134887795e-03
2.85478797512539071e-03 -4.28959910634087605e-03
-3.42977333209339196e-03 -1.30104390528636604e-03
1.25687902359118329e-03 -1.69952295754170063e-03
-2.57787531407787827e-04 8.01223754499098828e-04
1.53073269331107493e-03 5.25690733580481940e-04
6.14348170122578480e-04 2.06928832777508644e-03
-1.50764103976559175e-03 -8.01339793164088272e-03
2.38121839993526161e-03 2.62328626875018168e-03
-2.86960247560372542e-03 -4.56298504728435729e-03
-1.07564498962416048e-02 -1.07031700636402646e-02
-2.16167991233519579e-03 -4.98416032896539709e-03
5.44916369671642753e-03 4.90759856894673781e-03
-7.14285979666779173e-04 1.01366861020909410e-03
2.16580755727098897e-03 -6.57899539505458694e-03
-2.38748878712018240e-04 5.77074847221486793e-03
-3.17771997887411964e-03 -5.60689737905765290e-03
6.92116554464500440e-03 2.00946179129850777e-03
2.35259305268965433e-03 1.56432695982890169e-02
4.65613734754043596e-03 8.26684328329446889e-03
-1.42155343317064723e-03 -1.05663155670353073e-02
-9.15337496227700974e-04 4.33380921202525422e-03
-4.33200170067296868e-03 1.61988412612940145e-03
-3.72658779741776285e-03 6.91037717466359033e-04
9.26394869715842619e-04 -2.77908041376531700e-04
-1.55312803013677543e-03 5.34574727122651312e-03
-2.41286841306546712e-03 3.49717335236977454e-03
-1.50208028388071260e-03 3.82913426836718664e-03
1.85918697903725587e-03 -3.83148285943855438e-03
-2.53379515941140967e-04 3.41919970255898228e-03
-6.14161631365892600e-03 -5.88717532629625621e-04
2.30549989332563766e-04 1.54229864996151028e-03
-1.05011702014670542e-03 -1.33438710655802090e-03
1.41886285268408774e-03 1.19468164526058320e-03
1.20769925417877591e-03 3.58709978425105023e-03
1.03608125534528452e-03 2.18520152078563630e-03
-4.03247008941893636e-04 -2.55133567122522780e-03
-4.26663989346542493e-04 1.00846091047938251e-03
-1.19323214758220212e-03 1.42696343742027210e-04
-8.04778415910858513e-04 -4.59926853270047238e-03
3.06344301717950815e-04 1.98885477620158865e-03
-4.85215501831743820e-03 1.50774264040720975e-03
-2.36511723189001405e-03 -5.13563635040004303e-03
-3.11611289035991848e-03 4.45289003506847561e-04
3.92021533994769619e-03 1.27156494828059639e-03
-3.95359256084224907e-03 2.67286444948802672e-03
-1.89457555334198824e-03 -6.26143276476143033e-03
1.67826234540219689e-03 1.11289695826511130e-03
-1.73103412082459187e-03 -2.57499321320937857e-04
-2.32927760346435242e-04 6.32506312510064048e-03
2.91617534978034967e-03 -6.54594338810112549e-04
-7.46290555093248749e-04 2.73753239263874746e-03
5.19264142572988972e-04 -1.04429018999901415e-03
-2.08567046799320406e-03 3.82088668081015089e-04
-1.98756444171967802e-03 -1.89992910808211126e-03
1.24588961532947230e-03 -9.86598159494377546e-04
9.14687503270193063e-04 -1.79019313026129853e-03
3.02595831741382418e-05 -1.33497639307434898e-02
-7.47047672406514485e-03 9.45235282569331431e-04
-9.60658920599880809e-04 -9.73315455047057444e-03
5.53747549367124541e-04 5.50766528454162737e-03
2.92178207117477435e-03 -9.23530429432786217e-03
1.09196871943731226e-02 -5.76450961393935543e-04
-3.21883378617266738e-04 6.33689540172612756e-03
-3.42478627541376208e-03 -4.56007937898980122e-03
-1.26459480580413466e-02 -1.19129071800360177e-02
1.24237105910170835e-02 1.40469289414887170e-02
1.90454524746703048e-03 -4.92383556389852216e-03
-6.77217398772850514e-03 -1.12957400654187874e-03
4.18516422839227287e-03 -3.52325071610618337e-03
6.70522735750482719e-03 6.83325187347092410e-04
-4.29636082260638572e-03 2.56972545256042633e-03
1.88110908457499843e-03 -7.55580205815640409e-04
4.08057959007095388e-03 5.55806947597436030e-03
-3.56518161961226097e-03 3.50917467018970223e-03
2.27975110464964876e-03 3.79824974414427925e-03
-5.42658101719044653e-04 -4.79963514372793928e-03
4.34364666561681302e-03 4.06245225579271018e-03
-6.52469438362185839e-03 4.83989713303692969e-03
8.85487783368543334e-04 -1.01446400602801302e-03
5.69274336158244861e-05 1.41027256692762872e-03
-2.64822158730583295e-03 2.86739478845309285e-03
8.48332792714034749e-04 -4.85072249877560330e-03
-2.03510798996884993e-03 -1.01850794334044903e-03
8.33944349151217578e-04 2.63454145666106206e-03
-9.10088047303345788e-04 -1.24621625781752153e-03
3.40041940639445965e-04 -1.67229471817633216e-03
-1.37610135365935486e-03 -5.56148880968511655e-03
9.77762355848109735e-04 2.10529310696395576e-03
-4.71283771823634637e-03 9.64911626628861530e-05
-5.10942253937489519e-03 -6.25432279863824981e-03
-3.19925091890494806e-03 -8.60718586930629757e-04
4.66590697283666457e-03 2.01441169913600367e-03
-3.19383254506598992e-03 2.34302683380842400e-03
-1.19498520139928611e-03 -6.63834559306257857e-03
5.04021845582573649e-03 -2.12597434660438374e-03
-2.91104500511349829e-03 4.67779180504185842e-03
-2.64148380237766997e-03 3.52124733124558990e-03
9.39775856034900069e-03 -1.15024664078871505e-02
4.96616074801141806e-04 -3.52503972805698514e-03
-3.53745083314069330e-03 5.52395662736920867e-03
-1.22221751372314479e-05 -1.38988220772428032e-03
5.98446257938435784e-04 -1.07281615366501396e-03
-3.57346214151465971e-03 4.93690077913681163e-03
7.73279727636449121e-04 -4.01486240110761599e-03
-1.58297473228516893e-03 -2.95781611511992774e-03
-4.78982554571469234e-03 1.36275121994946253e-02
-2.71332248503785515e-03 -1.14990712069296466e-03
4.67517689271821290e-04 -3.21960703331415805e-03
2.43680874679505543e-03 -5.29301275260697993e-03
6.07199561022672761e-04 1.77119908446483378e-03
3.74132853260782626e-03 -1.53483686966712643e-03
-3.20661931562454035e-03 3.09049635408861854e-03
1.12326472708967409e-02 -6.97509218989793116e-03
6.85281085740582080e-03 -1.51255355757526897e-03
9.83297215982923550e-03 -1.52663967015306259e-03
-8.05522843136835531e-03 -1.51647550895410801e-03
4.03217138355154488e-03 4.02108055224756865e-03
-1.35962730779401269e-03 6.59777553722305614e-03
-2.63573466657129711e-03 3.90400850809531890e-03
5.74801234026045722e-04 -2.37256664758924004e-03
6.34981401851334609e-04 6.66065520610602344e-04
-1.91237094461285846e-03 8.53644536771864387e-03
-4.37444138066736586e-04 1.08285607664363815e-03
-5.38888039210585253e-04 -3.36086112384362170e-03
2.32759420798930037e-03 -1.48487799405558167e-03
-1.72917996596629476e-03 2.83424678637955469e-03
-1.98154104776266738e-03 -2.06122020590431476e-03
2.70972449587611637e-03 9.76827773745378523e-04
-2.08739239351748420e-03 -4.59593860835549005e-03
-4.49923530345100985e-03 -2.53398318287986627e-03
-1.60531324316165848e-03 -3.52235358303350449e-03
1.18171794366670976e-03 3.07331793408205985e-03
1.31427833420503246e-03 -1.53347198157699591e-03
2.47283239377086390e-03 4.75624531852623423e-04
9.62661455050669093e-04 -4.03079892452330810e-03
-1.31992823052610769e-03 3.39066633805478433e-03
-4.50915325194175490e-03 8.18075468304598624e-03
5.78874717439724785e-03 -7.39663855844128939e-03
-1.82775743330581717e-03 5.50821841140992571e-03
2.23632791852734032e-03 -4.80124188665132033e-04
-6.62856912930426603e-03 7.08682097880780713e-03
-6.02292260886751977e-03 -5.80383280854603837e-03
7.91656805299919370e-04 2.61185062385507066e-03
-1.40167705455616107e-03 -1.39005241404310700e-03
-1.19552388400922457e-02 5.33939368193989735e-03
5.57556120022126723e-03 3.15428422100990336e-06
-5.41530256742705791e-03 -6.97425000076915902e-04
1.36626481107415950e-03 2.37235235725628260e-03
-2.20445601818653695e-03 -3.90203182627953202e-03
2.11608560842205598e-03 -5.19746878423338159e-03
1.87246363066573816e-03 1.40016891741226533e-03
-4.49863209406514643e-04 -1.37967822184150883e-04
3.70006131227236220e-03 -9.91773559470994102e-04
2.78895547285971761e-03 -9.39513663496514134e-04
2.86810831804854005e-03 -5.97631655899553689e-04
-2.75542239992165828e-03 6.17977785229057255e-04
1.95756602454166730e-03 -7.45882639886995399e-04
1.88865394265138090e-03 3.50727742292639144e-03
1.16811131934527147e-03 3.45208670022475886e-03
-2.50286925678976568e-03 -2.29004376810841570e-03
-4.67598383060404809e-03 4.88517603372625418e-03
5.51922655344217004e-03 4.21461039370617241e-03
-1.42295794451099424e-03 2.46128947951976739e-03
-1.18426531424789761e-04 -1.91579677376388824e-03
-1.81910418664478577e-03 -7.93725686001204201e-04
-4.90263192687298197e-04 -2.71509008997836013e-03
1.04594857812380176e-03 -2.96902698692600234e-03
-1.23742615164648250e-03 1.87878566525431063e-03
-5.17415360859370399e-03 3.40229527956956114e-03
3.61499235263634767e-03 -3.69922263507375731e-03
-2.87047406116437481e-03 2.38424288556243888e-03
2.24653273836000105e-03 5.58403198028402229e-04
-5.69820459723901357e-03 2.74857374267978771e-03
-2.21611326261309536e-03 -5.71603719226436262e-03
1.79540398087804290e-04 -1.49599981937328648e-03
4.33758525326782742e-04 1.51320270082182890e-03
8.18580811617665612e-04 -3.97915429813569445e-03
1.65346610352179685e-04 -2.39647804853649476e-03
1.36937521824365810e-03 -2.65810148376970871e-03
-1.58252548891053119e-03 1.78654653090247234e-03
1.68810835513241698e-03 -1.46207102988603924e-04
1.23800746071516541e-03 1.61758483743520802e-03
4.69792064320128603e-03 2.37522007328994306e-03
-2.76241803023054766e-03 -1.51320291877792522e-03
-2.13586742219151358e-03 -5.63881439083408018e-03
7.20361762612361112e-03 4.16315920560287375e-03
-1.24038281822033952e-03 -2.86686105401655691e-03
-2.43035684062472418e-03 2.51582560637001601e-03
-2.63321957072682215e-03 -6.68756527536327420e-03
7.12109624590313590e-03 -6.20145974478563170e-04
4.64734025621355229e-05 4.84980873400021103e-03
-2.31253310789855671e-03 -3.85286468049790597e-03
-8.10472428652289113e-03 2.40831642778262462e-03
5.90262822872005335e-03 8.03601749858901503e-03
-2.16611440924022050e-03 1.67173077147504982e-03
-2.12822473050315272e-04 -2.27168956272995977e-03
-1.25119944775141097e-03 -1.85053308531893434e-03
1.11493526557996455e-03 -3.04003272946997511e-03
3.27597199410501350e-03 -3.42889304263989001e-03
-2.47125845532728894e-03 1.20373865300714140e-03
-8.90287206150422450e-03 -1.88069709084937313e-03
4.89684614970217671e-03 -2.12375135631149995e-03
-5.53765477063259022e-03 -9.43931739760680731e-04
2.83502232692328313e-03 3.29303481847865358e-03
-8.35569349034281927e-03 -2.10398388686907538e-03
3.07045809386901573e-03 -8.98281617901843660e-03
2.25495437465149384e-03 3.78607325178119446e-03
-3.81328567631176443e-03 -2.09191310546103003e-03
-1.62033483866009880e-03 3.80529805418270252e-03
7.97865363982344297e-03 5.29464215624095118e-03
1.33581724455513807e-03 2.95917378661218538e-03
-2.29879566108443780e-03 -3.27750441710282156e-03
-1.04653869542641054e-03 5.27832223643991886e-04
-1.27276152419106107e-03 -1.15952473834677727e-03
-2.76494232826235897e-03 6.53565757721050796e-03
1.98642030185397977e-03 -4.38403670824573898e-03
7.09018273237473941e-03 -5.99738371147761663e-03
-6.63540108761609144e-03 1.09937881822624560e-02
3.26073959946252944e-03 -3.77717310312606193e-03
-3.35022628538113017e-03 -2.18725061444393276e-03
9.27421796436705276e-03 -6.13841546996559979e-03
3.49368807886654090e-03 9.29500146901809585e-03
-5.29578071504205241e-03 3.07803641587087781e-03
2.72935030697815792e-03 -4.72948001257371062e-03
-9.84266326058696496e-03 -9.99833701284870077e-03
-3.71275783059415391e-03 1.14457830158114747e-02
-3.08639335286275875e-03 -3.29342464007346047e-03
1.28069414034045126e-03 -4.69109493786932998e-04
2.24078618928087335e-03 -3.42580811864285403e-03
5.57691069346994469e-03 -3.90743956164524438e-04
-1.63955469583855354e-03 -2.40421964395899851e-03
-3.61178182089221173e-04 1.31566704191048481e-03
-6.09291733715756813e-03 5.42983631751366592e-03
6.26295872909891308e-04 -6.90843595900280088e-04
-3.99966184141741388e-03 3.83086471034001187e-03
3.60062006447003490e-03 -1.62210613984654049e-03
-5.21001843084245922e-03 3.89917625092311027e-03
-5.24255878105178100e-03 -5.94668480700943653e-03
-2.70741966235685510e-03 1.62486095907318621e-03
1.39591253355902641e-03 -1.77490377877567349e-03
-1.37238959875354751e-02 -1.07613643739273932e-02
2.29765694272755913e-03 4.48848461668899246e-03
-3.07265317367411313e-03 -7.48947984456170297e-03
-1.43962125624482666e-03 4.17553312893265052e-03
3.22266445166505223e-03 -5.28154429687007366e-03
7.62792953436553130e-03 -8.07349738031204033e-04
2.51559056117583437e-03 -2.90952878740260903e-03
-2.38271341224051154e-03 3.44837683370501817e-03
-3.98340074374197838e-03 9.45377996304061670e-03
1.02134430277141790e-02 -7.10557747684593087e-03
-1.06030906802312614e-03 6.76599086143820673e-03
6.89866909049455961e-04 -7.88391679195279711e-04
-7.44984998084226475e-03 7.30383718426759129e-03
-6.06936294222644879e-03 -4.88015384450573436e-03
5.79205711483788809e-03 8.48343327684788801e-04
-4.98066823917903048e-03 1.90606920105264050e-03
2.66025275916623475e-03 1.17681262895635661e-02
9.78326914279833287e-03 -5.53577624360254532e-03
1.49080841167885175e-03 4.11010295741737284e-03
-2.05001051986657828e-03 -8.86157688649620665e-04
-3.06780952481411438e-03 1.68309123512690195e-03
-4.37227062511366064e-03 -2.08985570572379304e-03
-6.56830525036789480e-03 -3.08758642693754328e-03
2.74979796807226775e-03 -1.01176674332082816e-03
-7.77001249481677064e-03 -2.19363962602567644e-03
-1.37902353132893785e-02 4.73740342169851319e-03
-7.06417842275904647e-03 -2.09194256591365910e-03
7.49047232007399224e-03 -9.23046323391763521e-04
-1.27788899655121115e-03 -1.17443480922472653e-03
-2.15851317679423673e-03 -7.28710680239084106e-03
3.78993457228425125e-03 3.76840833401056617e-03
-6.08359033142753889e-03 -1.08670264343482402e-03
5.02833086269153899e-03 -8.96223463279969060e-03
1.41756201352774801e-02 9.35746024998414423e-03
1.04242429324970416e-02 -6.39929280022698949e-04
-1.06453767859493696e-02 -4.94379450629748012e-03
4.54910573361445338e-03 2.96618557218484603e-03
2.93313418155015349e-04 5.72163944305178248e-03
-2.18912245041973921e-03 4.01052913517037715e-03
2.86030772470356558e-04 -9.92778114954618457e-04
3.34812209198431668e-03 6.20983451817007717e-03
2.03276385551160984e-03 5.04552769596866135e-03
2.17118673387200730e-03 4.86203460521918412e-03
-2.05334609201492059e-03 -4.91172962970770101e-03
2.46806645433190076e-03 3.20801219409187505e-03
-5.75281917508767889e-03 4.93340982534379996e-03
4.41159007069166862e-04 8.62302980911978283e-04
-9.79854119848734290e-04 -4.89045478325912642e-04
8.38469889809630164e-04 -1.58660222119982072e-03
2.15619561131022474e-03 2.31137342305345189e-03
1.73089812396207935e-03 1.21520021870743432e-04
-1.67307443622368010e-03 -1.17286857921721443e-03
7.41573640730660948e-04 5.43230669953356261e-04
2.02178636254996966e-05 9.70820582496805407e-04
-3.31577827190417552e-03 -1.53271447368966856e-03
1.26052166688861238e-03 4.39574722979758177e-04
-2.36080688604385028e-03 3.09500105971688639e-03
-4.50645772808800586e-03 2.19401409580563132e-04
-2.01437641435005515e-03 1.81999599408259449e-03
2.99613115015393743e-03 -1.79106238828286610e-03
-6.97163706537794192e-04 2.89653349390035829e-03
-4.33233786486562997e-03 -2.47151721977349444e-03
2.55410486058915568e-03 -6.76244450563451781e-04
-1.82314231913458121e-03 1.46255246997432963e-03
6.65536963287470702e-03 5.08537144345882347e-03
1.95433898162958785e-03 -3.03814420713907195e-03
2.57447188894046773e-03 3.09295415257067113e-03
-9.25863815986643999e-04 -1.68333114535174164e-03
-1.17366198248298114e-03 2.62595312311124764e-03
-3.62600813704406751e-03 7.21959233143917791e-04
-1.15311220333911614e-03 -1.32284859809712343e-04
-2.00243758379692772e-04 -2.83239077441632117e-03
-9.01753042482151060e-03 -9.11057658685478396e-03
-5.97254279704809588e-03 9.22502095632237763e-03
-7.67807504597223071e-03 -5.77770409006749322e-03
4.21461839727719449e-03 2.07997660517848185e-03
-3.28702396361164190e-03 -8.98665624946867227e-03
6.39393555715067619e-03 -6.92839760371490292e-03
3.31262864493572697e-03 3.92320905109365403e-03
-4.37516602279228693e-03 -5.68430697279663022e-04
-1.84143670252919951e-02 5.22964933370511766e-06
1.62122540038034425e-02 -4.94574961755695142e-05
-3.49059891225708772e-03 -5.65126847661064427e-03
-4.30745877436135988e-03 5.12558015394825022e-03
4.23065587805881798e-04 -6.11850412923227015e-03
5.87303595617337179e-03 -4.63470416338651863e-03
-3.29785916536504272e-04 5.34575817740222479e-03
1.28368793386646136e-04 -2.14765074430758309e-03
5.90935234385319471e-03 3.62509650849389420e-04
1.75745704041708724e-03 6.10136361044412781e-03
3.73738561883232108e-03 8.69609869413248996e-04
-4.11120589194486317e-03 -2.71349984082533456e-03
4.97416855000206923e-03 -1.35195470197130318e-03
-1.36301347620893329e-04 7.55358313493529384e-03
-4.68032312808700987e-05 -4.44059311958154579e-04
6.43317862358463088e-04 2.27174149048845007e-04
-1.48147565211698747e-03 5.45875904702735129e-03
-1.99291687616420148e-03 -2.90509898590731765e-03
-3.02739423517071112e-03 1.43768841431934457e-03
2.90287496254529754e-03 8.53706817975866485e-04
-2.18879584028793071e-03 -6.12436577829928276e-04
-1.02198478057525231e-03 -2.41324001320867860e-03
-7.14509837598795335e-03 -2.81125453992010993e-03
3.62004039261679946e-03 2.76747092845291227e-04
-1.87117798827004969e-03 2.84901654247428056e-03
-1.28833146688101009e-02 2.42289578289952895e-04
-2.45631931168359494e-03 9.46349627777165405e-04
5.40345478117906525e-03 -2.64324560234660251e-03
1.97850184735906456e-03 4.05175541126647724e-03
-6.35391684959586093e-03 -2.54542524076151752e-03
1.12459037069369012e-03 -5.67321685706477594e-03
2.32298202096231426e-03 5.60487404980233427e-03
-1.56459510803113526e-03 1.31583747832648068e-03
-2.66993489250017197e-03 -1.52892793585308676e-02
-2.90712911178172021e-03 -5.06087441052150994e-03
1.49642524889237569e-03 8.03123114702220323e-03
-6.16766253490994590e-05 -2.09124885644502686e-03
1.44108482556582645e-03 -9.92134290612774715e-04
5.60196582860744371e-04 6.67475817658336364e-03
-2.76369885472426595e-03 -4.14619503375668070e-03
-6.14081696170564514e-03 -1.20608794569899850e-03
6.60423934082813788e-03 1.65938729848933639e-02
-5.01946966501541549e-03 1.35145045791265216e-03
-1.02133455725256423e-03 -3.22115293178856831e-03
-3.76495508927121147e-03 -6.83187910189336084e-03
1.68540928852649536e-03 -1.04277138192602711e-03
1.38834635519561418e-03 -4.14943200345035089e-03
-6.33702551812379819e-05 5.01041113247923178e-03
2.64986837179819910e-03 -1.98979067336300663e-02
5.44563155739151688e-03 -5.05501976137793727e-03
8.14968190826645053e-03 -1.14488817904449553e-02
-9.68450397181227531e-03 5.71781664860739145e-03
8.43561748363145375e-03 -4.00111353708824903e-04
6.03119551295410762e-03 7.95676998824036349e-03
1.43869454537110040e-03 5.44659898040918394e-03
-2.22417097500610247e-03 -2.04871735853503784e-03
-3.95663753081378381e-04 2.48272313001620141e-03
8.31694051167432107e-03 8.76391753038967963e-03
-1.88881266289300462e-04 3.22050500332489659e-03
-3.10159942853519130e-03 -3.09449954928095548e-03
-1.30880510197500864e-03 -1.84434629428866827e-03
-7.57369074734689715e-04 2.62845437825964855e-03
-2.37736615600048825e-03 3.30752483737734731e-04
2.11547284294010375e-03 -1.32748554976503037e-03
-5.54536734978774894e-03 2.94463455745903109e-04
-3.96493832619883302e-03 1.04180811024511683e-03
-4.23256572621747047e-03 -7.06123873028044404e-04
3.30240821345882457e-03 1.29551841920550240e-03
-8.69306332335204089e-04 -2.18111030668243465e-03
1.69650067889727703e-03 -2.26946223249648547e-03
-3.61888422121531728e-04 -2.74692653249654936e-04
-1.43179899403935167e-03 1.36212871460518123e-03
-4.09594611086508496e-03 8.89187828494664677e-03
6.32018902395364238e-03 7.58816253379308116e-05
-2.10184790400308333e-03 6.72914582095797929e-03
1.14333336314652897e-03 -3.22854240348812533e-03
-5.30439689598666362e-03 5.52528349679332065e-03
-7.06996366438735011e-03 -3.30603743412801257e-03
2.16267367016536585e-03 1.14607720911973727e-03
-1.81339797115622706e-03 7.77571435597033825e-04
-1.31557027381096862e-02 3.76800573587947069e-03
8.28053878484834305e-03 -4.72897077661563105e-03
-4.90296719868572786e-03 -3.63826976559355727e-03
-4.17406176882604912e-04 5.36354495596421624e-03
-1.18642278125747334e-03 -4.76066389151340655e-03
3.40655913252965953e-03 -4.77808025596537875e-03
1.51465168258244683e-03 1.53863761266694824e-03
2.62649691633069175e-04 -2.81722196514393663e-04
5.98646337586853684e-03 -2.16867961718790643e-03
7.83417913249298244e-04 -1.66582860780780024e-03
4.29970627843201218e-03 -1.67706715972170631e-03
-3.31944966970191494e-03 9.20959908587761942e-04
4.19405491563693868e-03 -1.00432490368004747e-03
2.59722004320497336e-03 5.37428323829823237e-03
1.03762082993108973e-03 1.78851298898151986e-03
-1.63338276039287525e-03 -7.99219083581049735e-04
-4.58874807625646655e-03 1.72706853397707112e-03
4.70568377774054341e-03 1.26001379869103967e-03
-1.01398482006273072e-03 -1.20669059620485747e-04
-8.20975099520604261e-04 2.46566524965100779e-04
-5.50878133426251472e-04 -1.27367008748258668e-03
7.86990774201870580e-04 -1.68133091340781312e-03
-3.62156475566748559e-04 -8.37524084291255805e-04
-8.29226356386646179e-04 5.65014863266298365e-04
-4.43774763927176890e-03 3.42007398646186405e-03
2.28943104635579526e-03 7.63741757655697151e-04
-2.85548672236852520e-03 2.68866849500019617e-03
1.82625301053024693e-03 -1.12249122685713180e-03
-4.06172495687444606e-03 1.79430479679037417e-03
-2.88139460772619338e-03 -3.86884821129062674e-03
-2.50071232813411329e-04 -2.37009280772148504e-03
8.98578186930762673e-04 2.14020038224839622e-03
2.98033791915817709e-03 -9.82253980906623060e-03
-2.46993467932390682e-04 -1.81938663820655237e-03
3.85371647841460793e-03 -4.81671217919187912e-03
-3.62505779170189165e-03 2.07117516547811317e-03
3.95298819607142748e-03 3.48799057544386091e-04
2.40037344806306747e-03 4.21258817037355356e-03
3.93107268407944313e-03 2.44137861521011692e-03
-3.86588219534401024e-03 -1.03934084061937850e-03
-6.77027881384263154e-03 2.70532039030273945e-04
1.11242008945069415e-02 6.35252906389412522e-03
-4.15899326168730956e-03 1.80690545787547466e-03
-8.62420911680259307e-04 -9.50397967935353357e-05
-7.19785241038034453e-03 -3.65410903910569568e-03
2.15405159504518081e-03 -4.11958403985550423e-03
2.14090951310344458e-03 2.91892116138376756e-03
-2.65841962712281893e-03 -1.34718105740132439e-03
-7.27841949996526228e-03 1.03483783391220309e-02
6.15084095221879196e-03 -2.37908888873763493e-04
-4.16000941181573092e-03 2.91531536358738928e-03
1.63766951878632425e-03 -3.19408075830181342e-05
-3.74695818998117998e-03 -1.83016194723016590e-03
-1.04687843875559349e-03 -5.26169579359573626e-03
1.47510412498814123e-03 -1.28570432544923715e-03
-7.46118295181033737e-04 -1.88319500194678859e-04
-3.55664442774621852e-03 -4.18612727647459538e-03
-2.03559551635060290e-05 1.40390532763589676e-04
-2.53376296371994646e-03 -2.81950274815239007e-03
1.21741808674034955e-03 2.49149699212292694e-03
-2.46009246383980694e-03 -3.41512764101561343e-03
3.97788464698313124e-03 -3.54481686490548892e-03
-1.33965406499833312e-03 1.60947484765576855e-03
1.73425228174993901e-04 -1.84422063342333086e-03
-2.93918086470950106e-03 -3.76526935746210236e-03
3.76059622798479115e-04 5.01719777753604958e-03
-1.01613091946638648e-04 -8.85883336905944944e-04
-5.48082664326760569e-04 -8.39229339188534069e-04
1.02311287342575128e-03 -8.36413467649876115e-04
1.76091317011246948e-03 2.41604546464246032e-04
1.65905959836529595e-03 2.01692352075180668e-05
4.26053495562745972e-04 1.03724061150534683e-03
6.72053626592957962e-03 1.02673137753531819e-04
1.33164877646114316e-03 -5.73815710289526590e-03
5.23067495871256186e-03 -4.57768022349849617e-04
-3.12570724617362372e-03 1.06658573127255563e-03
3.83810499574442935e-03 1.78794086924379545e-03
8.30865399836954095e-04 5.08155734414876721e-03
-2.40073265229577559e-03 9.52452395449059357e-04
7.97988839478301019e-04 -2.16738946614996241e-03
6.58525988120251850e-03 -9.43492131207585884e-03
-3.29026630401451151e-03 9.13435583147654759e-03
5.07379134555803902e-03 3.88374466545277595e-04
-2.30603840182961846e-03 -4.54458354049944169e-03
3.17748468822879378e-03 2.60774526045415549e-03
1.72795302075857683e-04 4.87231626987397019e-03
-7.51967972183953219e-04 -5.92950385397410240e-03
2.17498950893407674e-03 2.55721148210662956e-03
1.48200126702788173e-03 -2.44459026037393678e-03
-7.64057006101602054e-03 -1.08887883125203307e-02
1.17809243082971386e-03 -3.35210915839376320e-03
2.58050062313022093e-03 3.69175444796634392e-03
1.60676533823764884e-03 2.41117025026599176e-03
1.08124105609823558e-03 -2.11312715263617824e-03
-2.37581792662372188e-03 1.50754606704439132e-03
1.16972599793538443e-03 -3.08842027225934672e-03
5.98939119357772085e-03 3.23106165801538515e-03
-6.83157390708523729e-03 6.95633956306659397e-03
1.19236739357674661e-04 6.03445250306987053e-03
3.45793949326234648e-03 -5.79610105757861517e-03
-1.85804412303658927e-03 2.76430035230516586e-03
-3.56005489056952220e-03 2.22918728496414840e-04
5.54310796638463662e-04 -3.32489570394462874e-03
-1.23232505819399416e-03 8.20827806628693195e-04
-8.91284736138274990e-03 -5.69943851820594043e-04
7.77967787457625325e-04 -3.73100498738042092e-04
-6.04833210455031633e-03 -2.22873887519100861e-04
4.13920543227253284e-03 1.63994068822725112e-03
-7.02928056205065228e-03 -9.26737593320523315e-04
5.53957344446225661e-04 -8.75884050307220927e-03
3.35585509190403000e-03 2.48323009936107265e-03
-3.88413278102758570e-03 -4.47929320617890974e-04
-1.71635496277453697e-03 6.70608482051778584e-03
8.40657723778733858e-03 4.20026043750228260e-04
4.30775081996276734e-04 2.63421173075398252e-03
-1.78367512405080910e-03 -1.41685324174808838e-03
-1.85691347596714023e-03 2.30102253824336590e-04
-1.77872999132605092e-03 -2.04792323649015178e-03
-8.79527888582731007e-04 4.69410947754228709e-03
1.05021691672155530e-03 -2.80467559754502558e-03
6.09294219456726124e-03 -4.27579223499784371e-03
-2.94492285629916568e-03 6.42014698542171802e-03
3.32744526968221932e-03 -2.69578435794423209e-03
-3.32688897641627863e-03 -1.04187796977533238e-03
6.69558485323056181e-03 -4.21640294326270249e-03
3.09797668498981802e-03 7.38298861375531051e-03
-1.71567438908639568e-04 -3.98578738182369611e-03
1.87754288012833615e-03 2.92131168621250631e-03
9.93280574821065430e-03 -2.20847436174064242e-03
-5.93131676967337783e-03 -5.30915629965192024e-03
3.17222622702745434e-03 -1.23726482214795574e-04
9.25135645649768233e-06 2.88674742952922377e-04
1.13887428203730172e-03 2.80653631297352784e-03
-2.01091761007076960e-03 3.53723310081278247e-03
-7.40628184155050676e-05 -1.47768315438546647e-03
-3.15941191836967511e-04 -3.53704361073516423e-05
-4.40306943533986823e-03 -1.74764585079084916e-03
-1.15171769380503081e-03 7.67573154480778990e-04
-3.22941548998668818e-03 -1.15781556297877490e-03
2.24300113545060657e-03 1.06322382819692084e-03
-2.82216876107634204e-03 -1.59070021904660183e-03
1.21886841417286952e-03 -4.20183673048972906e-03
-2.06039995055216376e-04 -2.97753423890428741e-03
1.63758941162005451e-03 2.39568549977875727e-03
2.80929225250474207e-03 -1.78152320053743423e-03
-3.37460681568645029e-03 -5.41909903231250090e-03
3.79656446177648456e-04 -1.92474086369639466e-03
3.48701223235612593e-04 2.36743980870735352e-03
7.97289048827055750e-04 2.72585371757629665e-04
1.68044206944429968e-04 1.27732657796048922e-03
-9.32688281372960181e-04 3.92116532941818620e-03
1.05916724915874915e-03 -1.91961363470852177e-03
6.41244128383785302e-03 -1.84320586236079789e-03
-2.01607285341162592e-03 4.12427873169294960e-03
3.86246706825018205e-03 -1.15742289568113643e-03
-3.22012188675781371e-03 -1.45567981591967588e-03
6.19030323397462556e-03 -1.86794764017873339e-03
1.13657397140108684e-03 7.19237996356843472e-03
-5.98099087385027973e-04 1.17610090837716452e-03
1.50368685904080313e-04 -1.28493318865559704e-03
-3.44639152456853014e-03 2.87436316671220134e-03
-3.99748975100930673e-04 1.43020260917820939e-03
-2.54415297192448538e-03 1.08937959244811175e-03
1.87387016027058860e-03 -2.39869165624030471e-04
-1.40328796941802092e-03 -1.01483816308241314e-03
7.87756676479925460e-05 -2.12449753421831361e-03
-3.99869778217962560e-03 -2.53067776583717303e-03
2.36969105677794448e-03 2.41127423215099432e-03
3.28666788748594981e-03 8.52028619301772872e-03
-4.35747405029491067e-03 -6.52530142312311191e-03
2.53877499466373521e-03 4.85245407385337391e-03
1.57430279573772623e-03 -3.02869574986733368e-03
2.20417064231667520e-03 9.13543115111990073e-03
-8.96687124373376360e-03 1.36861403545563863e-03
2.80607050565272393e-04 -6.27251737553809457e-03
2.82647123288998865e-03 4.93952850668348542e-03
1.22034885889266732e-02 5.48544878121052745e-04
-8.51195563593406396e-03 -1.10738833668755001e-02
2.37005849837606912e-03 -6.59626682160347676e-05
1.47011471692524965e-03 2.00824614247113904e-03
2.90835251712905595e-04 3.15329120855899767e-03
-3.13961068583364132e-03 3.21950952224374495e-03
-3.95617154314268737e-04 -1.08760135933082345e-03
-2.65256281107430257e-04 -8.69323490825926497e-06
-3.88727690169737633e-03 -4.76614538646571019e-04
-7.58268128473205474e-04 1.02824628898950639e-03
-2.84540602013012844e-03 -2.34451375094545209e-04
2.00221311805997160e-03 3.27000900219826614e-04
-2.56730841579832884e-03 -7.30484820544018143e-04
8.83461672516548381e-05 -3.57954343280431769e-03
-7.50498659971751778e-04 1.25926465947103698e-03
-4.18962956053631856e-05 -1.14756626827028385e-03
-4.56858303711395793e-03 -3.09172529128068363e-03
1.62671159182068564e-03 2.91631433081960753e-03
-7.64478444005491954e-04 -1.78618176841029391e-03
-7.06828571033490732e-04 5.37473143470541879e-04
8.99206798952988887e-04 -1.54760229805177285e-03
2.24085960529379208e-03 -3.76478133566912653e-04
1.49116791706065534e-03 -2.59008613103534372e-03
4.60967080006509020e-04 1.53840615936064358e-03
2.52192906624209732e-03 -1.87844949643335528e-03
-1.00597713752150516e-03 -7.09385935642043840e-03
2.20259219560234787e-03 -2.07508098106887803e-03
-4.02837634887735611e-04 2.77343055102977857e-03
1.16751437281310106e-03 7.97976456302797784e-04
2.10345962962296814e-03 4.07912908459834615e-04
1.56043774451618446e-04 1.61190239042924397e-03
-1.46989733082960477e-03 -1.01068515948750967e-03
3.73885768591456903e-06 -8.01422871299212018e-03
4.57037838450024582e-03 5.72220892463951893e-03
4.01508862491765147e-03 -2.23988423014680627e-03
-4.57872099124455919e-03 -1.37860021173204423e-03
3.16212133792540245e-03 2.91836637466732682e-04
2.07484077169975195e-03 2.96855707734278162e-03
-3.47228383335418779e-03 -2.57025651587466366e-03
2.80408552741070365e-03 -3.10440968214726535e-04
6.23876263342709037e-05 -4.66544345244055726e-03
-1.14871075049388406e-02 -1.12176933930904451e-03
-1.00259704153993971e-03 -4.27507597863088003e-03
3.17634979188978353e-03 1.42571556029023471e-03
3.25374722007357869e-03 -1.40847887360484917e-03
1.49338215689642610e-03 -1.15284795530191703e-03
5.83795511913167580e-04 2.05190422905427404e-03
-1.98723509934847905e-03 -2.07172616770829590e-03
1.04255963362252877e-02 1.28453318500716955e-03
1.68277714522415263e-04 7.48370227791663335e-03
5.38962229147825749e-03 6.00778605460833889e-03
-1.59802480655703402e-03 -7.29683323445193092e-03
-2.21790159572961808e-04 4.72601437824063646e-03
-4.50953426726255317e-03 2.92275335692625867e-03
-2.79847303657212087e-03 -8.91008640552111344e-04
6.53488052035301119e-04 -2.30899094764052141e-04
-4.16668694536539378e-03 1.69770271360588027e-03
-3.55174450736453397e-03 2.67026938790181989e-03
-3.39619818787872908e-03 1.18812227353647494e-03
3.13856821149008109e-03 -1.54464952001975809e-03
-1.86910520888735709e-03 9.08807305889551185e-04
-2.91438888330107244e-03 -3.53152376676338234e-03
1.37288995067499334e-03 -4.63831217748842338e-04
-9.65351782934493314e-04 1.10752685487479721e-03
1.06384833443540759e-03 2.21006965261844594e-04
2.45820889329477141e-03 -2.07088568244784797e-03
1.24986528371848270e-03 -4.86611514691721609e-04
-1.48005006614516672e-03 5.73464643314587565e-04
3.22371906025313701e-04 3.46762389816312718e-04
-2.77046604855763921e-04 5.19470886587789578e-04
-9.42252419994814891e-05 5.08813331101738969e-03
9.50937601387547406e-04 -4.17438665422765684e-03
4.83163385124378304e-03 -1.05692437359742701e-02
-5.14020677283454422e-03 9.20273518974786507e-03
1.92209359429095276e-03 -6.93949143694489075e-03
-3.10827591500558364e-03 1.11531295033551366e-03
7.11207510732372351e-03 -9.48568678856571111e-03
8.41734515307050561e-03 6.59146616595073127e-03
-1.72689462156666368e-03 -3.54124603466312790e-03
2.49676812434390487e-03 1.68376524696559364e-03
1.39447241997010963e-02 -8.33895347980208486e-03
-8.14458741882811976e-03 1.22740920150961346e-04
6.28223102639437550e-03 -1.16925617530390765e-04
-1.41587561411663800e-03 -2.32261190351091456e-03
3.20510776958609321e-03 4.35288889416509360e-03
-1.76597258138001855e-03 6.61275841826743527e-03
-1.82697657801779087e-03 -1.51840597614584993e-03
1.44559458992135230e-04 1.86354110309548779e-04
-5.00396390790199073e-03 1.55973349033795318e-03
-2.04044171834623410e-03 1.41768245012879445e-03
-3.72708548384381852e-03 1.11569238697607266e-03
3.18288794589535956e-03 -8.03634239454118979e-04
-3.10842455523757969e-03 8.59457653231266491e-04
-2.30463893886968373e-03 -4.58100859418246811e-03
-1.94739685771784087e-03 -3.86095028454320468e-03
3.34113675405429706e-03 2.21251570995837895e-03
5.26096733439828778e-03 -5.74201234876309946e-03
-7.59699093387517822e-03 -4.03579546682591560e-03
1.20708178066203484e-03 -2.56597451670955486e-03
7.84524734470074155e-04 1.90428760156857420e-03
1.97271950369821893e-03 8.74964158269555224e-04
5.87102091122468882e-04 3.00624773916194441e-03
-2.54543521466419665e-04 3.77494254287167805e-03
1.11291946804695924e-03 -2.29861167022026285e-03
6.65339897159392731e-03 -5.08612559660035195e-03
-3.12529413734987955e-03 4.10728615365579374e-03
3.87522607885692951e-03 -3.49006773836372250e-03
-3.39984403886538049e-03 8.32624704930246943e-06
6.84539499803782196e-03 -4.14199012962743369e-03
4.00322031652017470e-03 7.25870677864930581e-03
-1.34675856972563639e-04 2.00897518920657540e-03
-6.04687237020115034e-04 -2.01227757341384877e-03
-1.23193191334572535e-03 6.56685347937167093e-03
-3.48658484659984896e-04 2.75945084787695147e-03
-2.29240269845426906e-03 3.99475239804872664e-03
2.58014874617837385e-03 -2.37896691454438395e-03
-2.72567083226868834e-03 1.70684214839284622e-04
-1.97771715495859103e-03 -2.62616553859243863e-03
-6.13241335963871266e-03 -2.28123807033793523e-03
3.92357281446526276e-03 1.60145272743595149e-03
4.90248786698080450e-03 6.50068544970385832e-03
-9.99905956393235332e-03 -5.10514183273648534e-03
2.97978202021478280e-03 3.09723948115078708e-03
2.16821162212504004e-03 -3.30080098182774498e-03
5.30752290766076801e-03 8.19161489967922332e-03
-8.58368889200629599e-03 2.89740453246849087e-03
-1.34094599142899171e-03 -6.29917027618567566e-03
3.99224291210267205e-03 4.32617644510717783e-03
1.11576593310829426e-02 -5.02448171642188874e-03
-1.02090100316899537e-02 -8.54256108411584510e-03
2.81516523253426930e-03 -2.14922221460788973e-03
9.10702350594053459e-04 2.29479599903433928e-03
2.04044278481494519e-03 2.57617789219515784e-03
-1.16717505109503023e-03 4.53659102694979784e-03
-2.64580000528095473e-03 3.96223735700599201e-03
2.14370292766571111e-03 -1.16250205859056940e-03
9.73324203451631301e-03 2.38294567878900680e-03
-3.22828554660901674e-03 1.97380803420430352e-03
6.28608581994793188e-03 1.40237307121263729e-03
-3.70226019508534390e-03 -3.42180628692380145e-03
8.48291541504493478e-03 2.30734293316835421e-03
-3.07621739857675451e-03 9.87859115378449809e-03
-1.70669878207991297e-03 -3.84373026456083988e-03
3.46541338909721894e-03 2.27798352577740460e-03
2.85740776562293285e-03 -1.13729707231545614e-03
-7.96153010704422556e-03 -6.20905985621607055e-03
-1.44590120022873971e-03 -1.62207949672644710e-03
2.82390382597195273e-03 2.79142793777131977e-03
1.62380299780444148e-04 1.16666253435201777e-05
7.12225293350313637e-05 7.01246229684523558e-04
6.24472123320438436e-04 -5.33072648642203203e-03
-1.42244752426814568e-03 3.11573018289871889e-03
-8.63406881348074799e-03 5.79692139774843490e-03
3.76545989990835364e-03 -6.12830613649269305e-03
-4.99702707377625358e-03 3.87615001956547562e-03
4.48435727011289084e-03 6.14329368040973938e-04
-8.88339765211020732e-03 5.03229471651607616e-03
-4.44840185604481603e-03 -9.67360910073512305e-03
4.93810904540544458e-03 -3.74987965275605040e-03
-1.76929382389009191e-03 5.22298836953110149e-03
6.12618095178813805e-03 1.24218272125993564e-02
2.38510734967577968e-03 -1.45753642524436566e-02
-5.60509069715482325e-05 2.50751491404862864e-03
8.04747617448150088e-04 2.74523571782287878e-03
-3.34422511357960897e-03 1.80732918807148665e-03
-4.85996602956426365e-03 -1.70315661867319421e-03
2.60288533788836972e-03 4.84465362945983493e-03
-1.28137003788125715e-03 -2.22360387366917584e-03
3.80491641261790966e-03 -3.51990824679032817e-03
4.81830654130175652e-03 5.60686121389931263e-03
2.54896398039647235e-03 -1.56990926457798146e-03
-4.49797791938445334e-03 -2.04221845401651301e-05
2.66402684725130590e-03 -4.77871059483906541e-03
4.46940294461570589e-03 5.47852656426635852e-03
2.95021439872338248e-03 -2.52258675900856504e-03
-1.15366366740732957e-03 3.19474895168511339e-03
7.96870052528973055e-03 5.76599250847253421e-03
6.08263163471321603e-04 -7.48778001623404219e-03
2.33831348574107438e-03 2.25425556195072915e-03
-4.81404379779993587e-04 7.00079513149842487e-05
-1.25771052646836824e-03 2.67450107289650451e-03
-3.86654055594711507e-03 8.53330070743005980e-04
-1.64108284093144262e-03 4.28374748692139044e-03
2.11936903875288400e-03 -3.34985783877665960e-03
7.25319320252192958e-03 -7.95056461519143796e-03
-7.49108447729346892e-03 6.41724308706223892e-03
3.64700255496912392e-03 -5.61942831719423452e-03
-2.91730992513620797e-03 1.35190807001878908e-04
9.00829460170369210e-03 -6.23130380084375296e-03
5.47853023592039402e-03 8.10576275625132271e-03
-6.71035354740477825e-03 -1.24801728090563548e-03
5.94394581663353766e-03 -2.06138156328453158e-03
-2.26046237544810574e-03 -1.26172583266377751e-02
-1.21389952079078642e-02 5.80155726761240331e-03
-1.89973549125521148e-03 -4.21424650678885356e-03
2.90344208873898838e-03 8.98906994302923514e-04
3.17535743694353058e-03 -1.68178454362191460e-03
4.52847694449730418e-03 2.29243126464200335e-03
6.50840688533218257e-04 -1.67223034116859470e-03
-4.77173638396763194e-04 1.29461674749818440e-03
-1.40690331717573114e-03 2.29097961891973779e-03
1.99185329659346726e-03 -3.25622711227371462e-03
-4.78690786673394923e-04 1.46580228738095800e-03
7.07135273964220245e-04 3.04652996435050393e-04
-2.25659580016790299e-03 2.24124856863758271e-03
-1.50870364393977815e-03 -2.06437699973185994e-03
-5.45816888454199526e-05 1.21830086758650162e-03
-3.45044915634874696e-04 -9.46445332079808065e-04
-4.30139344800394875e-03 2.28766954403754243e-03
1.34200609948601835e-03 8.79588966342654600e-04
-2.23288229336427368e-03 2.83693801077355881e-04
9.74529904363224519e-04 3.58258513056826269e-04
-1.03912140254168342e-03 -1.33227595225774331e-03
5.72778320941296024e-04 -2.05965468919735257e-03
4.15873166130719784e-04 1.97713203040001528e-04
6.08851378815122624e-05 1.28441577344270752e-04
1.59730095460828571e-03 -9.89121071776989170e-05
4.08384223522687527e-04 -9.82288060607362009e-04
1.21765129012345015e-03 -1.50875122009259678e-04
-8.29348262455110747e-04 2.02615270245256251e-04
9.53268213733342393e-04 2.12506159667560316e-04
3.17048363165598835e-04 1.31276542933632563e-03
2.45169636692960558e-04 1.11311596865224633e-03
-7.42641209161806304e-04 -8.27099787743175462e-04
-8.81384127110589012e-04 1.08896072740089292e-03
1.47198995019354119e-03 1.81785349005997732e-03
-1.02605916231815865e-04 8.91208909923061048e-04
-1.48290297955018519e-04 -9.30069278980077377e-04
-4.17788805993689967e-04 -2.13558701668605079e-05
-2.41620241464615888e-04 -5.42053267153209516e-04
4.71107449779152414e-04 -1.56891681389735105e-03
-4.00845716447760861e-04 8.52279708847759518e-04
-2.13103625787870385e-03 8.41950626613285078e-04
9.40249214018025947e-04 -2.04405880870605662e-03
-1.19902127297184910e-03 5.02551949299461691e-04
1.08572214945365465e-03 6.15537388615663181e-04
-2.25064293865341429e-03 9.35782914690439513e-04
-4.81120091266433187e-04 -2.54905860287549550e-03
-8.47689285334240035e-05 -4.44551895690873636e-04
2.10050694893140787e-04 3.64719683323222173e-04
6.84086338806623472e-04 -1.59230724282322664e-03
-2.51276329441822005e-04 -3.29715845764331193e-04
6.48244741136794265e-04 -7.29433126053542747e-04
-5.23876559021311280e-04 2.98460206234664666e-04
6.34998226379248254e-04 1.19533360505877411e-04
3.26526189178372942e-04 7.28724721213259833e-04
1.89120849194847861e-03 7.47685131286903652e-04
-1.07962782948891169e-03 -5.70114319522472537e-04
-1.05341170383145403e-03 -2.52220720367378731e-03
2.63523956162769503e-03 1.48762357964189653e-03
-6.45507778017076028e-04 -1.36438607908651857e-03
-8.09731995586331641e-04 1.19480462832708377e-03
-1.15167693321999881e-03 -2.80086071140149984e-03
3.04818579114668692e-03 -5.14456254487040757e-04
-3.67807690902585777e-05 2.21513437413053396e-03
-1.05296740454546519e-03 -1.79291791458388171e-03
-3.27832881304037597e-03 5.26610917662840954e-04
2.64380490018227511e-03 4.01497273912964324e-03
-6.27318191651729941e-04 7.09939227158942841e-04
-3.25442620743750732e-04 -1.22045372766137260e-03
-3.51836633829525768e-04 -6.89886562603971671e-04
5.27964487406767415e-04 -1.06901007664995896e-03
2.37853303430197175e-04 -2.28691651285331387e-05
1.59494332605947980e-04 3.09888218046872738e-04
1.65659944836340015e-03 4.22198066828222845e-04
2.60461675437165859e-04 -1.45767940545369593e-03
1.29521620475643302e-03 1.50948848758055380e-04
-6.94929664696239619e-04 7.25440681267451598e-05
9.37700001750197396e-04 7.66189341288252453e-04
-1.99226730899211996e-04 1.25042394901125312e-03
5.15845192185653478e-04 -8.81907360675239483e-04
-2.41248275137805569e-05 8.37321904217885383e-04
3.26689506212171155e-03 1.07010100134775888e-03
-8.08784668711637822e-04 -1.72946904738692053e-03
9.87447733976681537e-04 8.10270721449157447e-04
-1.42237599661547910e-05 -3.37234236083083479e-04
-1.97054901632292510e-04 1.09064921626508219e-03
-1.26443137619272595e-03 6.70181930410370329e-04
1.84792095592146180e-04 2.01616613990508774e-03
-9.18908403067476495e-04 -1.04297766313880304e-03
-1.71391738957526823e-03 6.42211275546707258e-04
2.67267128850946995e-03 4.63432685524629764e-03
-1.30735830943798218e-03 1.12088633983809839e-03
-4.26214917840447263e-04 -1.29507492119524900e-03
-1.33232609781167174e-03 -1.29061620274239239e-03
-2.56614947594117383e-04 -2.11709851875675959e-04
-1.60060341295080233e-04 -1.39431324473214058e-04
5.04218808669491033e-04 -1.57001755274063353e-04
-1.74612906551471113e-04 5.19091295418897588e-03
-2.21271581663822240e-03 -1.57677590087504458e-03
-2.30539125807600236e-03 2.12699325183810959e-03
2.70672463274323994e-03 -1.57518874975491927e-04
-2.09670463753463664e-03 -1.44634924401530370e-05
-1.48077697815620713e-03 -1.94044597843331360e-03
2.09049118758210164e-03 9.36575069336535466e-04
-1.39059509622104708e-03 6.53117754096479530e-04
9.77302786589543705e-04 3.07859229379493868e-03
6.39082886364842218e-03 -1.23148386915889851e-03
1.41747273759444724e-03 2.52346891143429225e-03
-2.00676641503586776e-03 -5.67976181558035626e-04
-1.36173840399032050e-03 1.71201098490398793e-03
-1.14874224340715935e-03 1.13501745397490985e-03
-4.31496045897967844e-04 -6.37576415266065399e-04
1.13394396403936992e-03 6.09263851224622010e-04
-7.15249043100671823e-03 2.35140547366513358e-03
-5.62834635559205645e-04 -4.12224322361515443e-03
-4.63785702771917635e-03 -2.10602454318345239e-03
2.36527049781771418e-03 3.83041259782504777e-03
-1.16082204248852848e-03 -2.97468516453520612e-03
1.95067569508984486e-03 -3.12076976404568676e-03
1.32174672909182332e-03 -1.31353635386806850e-04
1.12062180410473479e-04 4.42173003118583106e-04
3.31325360269598508e-03 -1.24293390665357437e-03
6.17287781277406702e-04 -3.08993163236138089e-03
2.57763139394998108e-03 -1.14392603547111582e-03
-1.66860578785209203e-03 1.24677691433127996e-03
1.92918058780432687e-03 -2.64430169082036350e-05
1.67728142272370031e-03 2.39895842529817566e-03
-7.19616916547930721e-04 -6.85111292048393140e-05
6.03503134553745016e-04 -3.51790637634913448e-04
6.29846153589240162e-04 -6.91814962737979846e-04
-1.69116244013549745e-03 9.00878859372845377e-04
-6.19496535536687702e-05 2.28635781417147794e-04
5.43058141674834750e-04 -4.40721977655904621e-04
9.01023554277872443e-05 1.93422593498867326e-04
-3.68879303589991650e-05 2.73410096561824644e-04
-1.62740280843075833e-03 -9.94136058613326930e-04
2.40330699912086332e-03 1.76601486124700969e-03
8.98007687723155132e-03 3.67004550864146991e-03
-3.71889532021896837e-03 -7.84791957606419642e-03
6.55798049538959538e-03 1.35021604855315130e-03
-1.94351847099017956e-03 -8.63317575182334651e-04
6.40753061965225121e-03 6.00730210902942260e-03
-3.81942608283851372e-03 6.46950293599615495e-03
1.53630030296279417e-03 -1.52116836567021876e-03
-1.53847711153239486e-05 1.34827572741092068e-03
6.13323087324984390e-03 1.30916023774708817e-02
-3.79913039228341578e-03 -6.31708517876859547e-03
-1.99053965831948003e-03 6.13385787343033971e-03
4.45044574136839542e-03 -1.33190814118312436e-03
-4.60591707425712753e-03 2.30826568920120684e-03
-5.71942379772766209e-03 -2.55287078775532370e-03
1.65013380151361006e-03 -1.55424061396132419e-03
-5.15135543520309604e-04 -9.19645085037494863e-05
-2.65289287674162679e-03 -5.07702185717204529e-03
-7.30182553693569194e-04 -8.56067261136298743e-04
-1.90412941611378499e-03 -3.59458632313254100e-03
9.86780137701892242e-04 3.05566130804343005e-03
-1.68814780577238597e-03 -3.65541422936930356e-03
4.73399151984051254e-03 -3.00314999091689681e-03
2.42410322416359387e-03 -7.78994825915729338e-04
-1.50954608312215614e-03 1.65320800840116993e-03
3.19856609348644419e-03 5.39986345257360226e-03
2.34585698982199423e-03 -4.40069526277545205e-03
8.16664881422115132e-04 1.85345701138348072e-03
-3.48505832628155806e-04 -3.22241285625132558e-06
-1.40278290721771674e-03 1.23904361714892918e-03
-2.47269917816427334e-03 -4.79525959338557664e-04
-1.49891612861848358e-03 -5.68246051831116229e-04
1.14561774508059621e-03 1.32676624379249927e-03
3.94650875769456729e-03 5.00475750597185499e-03
-8.83759631982317518e-04 -4.07776976410006552e-03
3.05617259045971694e-03 2.93572792994534074e-03
-5.87960153667478808e-04 -1.77961821681966266e-03
2.32872551620868281e-03 5.27368265406875838e-03
-4.73565460981770821e-03 2.80848472069498327e-03
-2.03255552190995982e-03 5.13427321077185241e-04
1.83898502797366918e-03 -1.09939246139531348e-03
-9.06613686993172282e-03 1.39213807820903686e-04
-2.02759953116061088e-03 4.26934984216597367e-06
-5.32904698839951462e-03 -2.16091283278473144e-03
2.97695035008361478e-03 2.86236628200416902e-03
-7.88414744293008929e-04 -3.51350421657137474e-03
2.96164334492894036e-03 -3.19414663193552618e-03
2.33361414459268756e-03 -4.79157404674323238e-03
-7.14762338476158531e-04 3.68505568916486842e-03
-6.57144791302235781e-04 4.13606570774768464e-03
4.00724187819053064e-03 -1.12988625171419211e-02
9.23284645010938234e-04 2.14746350378354229e-03
7.96068834372816100e-04 2.09152994570605379e-03
-3.60830824742182235e-03 5.56302167917247480e-03
-2.20305230840264982e-03 -3.33473414676444067e-03
3.44550681928709355e-03 -1.34087441667958681e-03
-2.24678878689781644e-03 2.43058284782671869e-03
8.13571976360959875e-03 5.84330739321650781e-03
2.80403997105467886e-03 -5.13057516451748737e-03
3.31379444220039837e-03 3.06587877922897796e-03
-1.50903270679321336e-03 -1.28037542158899835e-03
-1.18753037087412721e-03 3.07895498641488343e-03
-4.18834408975098712e-03 1.04494949397529826e-03
-1.07325500757329980e-03 -2.07984447283166701e-03
-3.36769530303015205e-04 1.41710991961370198e-03
-4.20589468395039974e-03 5.20507471499365940e-03
1.24490559461621058e-03 -1.70351916303239457e-03
-2.55989590399045624e-03 3.60285453599759088e-03
2.54486273334895985e-03 -1.36113436586923157e-03
-4.09170740566734085e-03 4.01030494825800957e-03
-4.73899147314360471e-03 -4.34537496572475271e-03
3.13918334962999925e-03 7.82575617370747604e-04
-2.87265796530984099e-03 9.05179437964189534e-04
-4.89715708056419102e-04 5.11417037551159265e-03
6.52492206207660325e-03 -2.56659984475673909e-03
6.22660345229981353e-04 1.18101730021802093e-03
-1.69865106555565967e-03 1.18917547244125110e-04
-1.20632860704917981e-03 2.11160680440081346e-04
-1.37667031814323352e-03 -1.24411206813795330e-03
-1.98706414978460765e-04 1.70374488201797177e-03
1.61794435350624463e-04 -2.61426420187420511e-03
-1.89036189975497898e-03 -7.84988066523120177e-03
-4.00653723509237104e-03 6.78601044864752655e-03
-2.36212000097269512e-03 -5.08106207205858210e-03
4.75167775755071372e-04 1.52554080541607317e-03
1.14685405459497448e-03 -7.29379720603664031e-03
6.05389364956136680e-03 -4.78038883843299946e-04
5.06005284726526879e-04 3.16379981183979473e-03
-1.74103921527976602e-03 -1.66712029744984754e-03
-1.40472071415610206e-02 -1.25483694826427294e-03
8.18342466357319977e-03 2.57531241740130987e-03
-3.69227682639255983e-03 -3.78380910433964365e-03
-1.46371815241038285e-03 3.01513674973848469e-03
2.65851188848701271e-04 -4.71150300514588689e-03
4.71868246008708223e-03 -3.51483592843599563e-03
-4.43051581559770341e-03 2.68240827552938691e-03
8.38359380597561822e-04 -1.97442092721662743e-03
-2.79862584575883656e-03 3.24091212771595704e-03
-3.41870690367130671e-03 9.13477449472993239e-03
-2.95237530098992323e-03 2.84293581070933646e-03
1.91669928220905626e-03 -4.55195667432168986e-03
8.86253635590174038e-05 3.69941659320197384e-04
-4.79336014947567748e-03 -3.83628927032151680e-04
1.35451968859250809e-03 1.99330138111733371e-03
-2.30270684196983095e-03 -3.44262028805826883e-04
-7.71940396583955472e-03 -5.66154434302466435e-03
8.94890348112740465e-03 2.29017777537041502e-03
8.95834397025485922e-04 -4.51502428227187631e-03
-4.56589513826003487e-03 2.09308664767502263e-03
2.40127759464618109e-03 -2.58061275384265576e-03
4.09466130397216806e-03 8.85025833214539117e-05
-2.17754976846586210e-03 -5.37932813714400520e-04
1.05383406468349860e-03 2.19008127200421166e-03
4.33962529805879092e-03 1.01061400001621841e-02
1.24186267401449010e-03 -5.23124683160422748e-03
3.69860388753605459e-03 6.51454731290202101e-03
-6.78113291216610333e-04 -3.76192486791836330e-03
1.60032889928133455e-03 9.15566907896845847e-03
-9.05171392294349536e-03 3.16325629907482104e-03
2.23131970063820224e-03 -4.32238248078498609e-03
2.24999098028321332e-04 4.47347975034466296e-03
8.82295623775889749e-03 1.58804507703279112e-03
-1.58015512250936764e-03 -9.70252409841731306e-03
2.94556513202004835e-03 -3.02774819834162429e-04
-9.39295499523028665e-04 1.88361799636877522e-03
2.80160431104637016e-04 2.41946672485510075e-03
-2.56349282489091220e-03 2.35414673119373197e-03
2.01280829400286724e-03 4.50974888638193318e-03
-2.61887558139011975e-03 -9.32312846074314586e-04
-5.47630892330884761e-04 5.23769869392920907e-03
1.06452097124284436e-02 5.94218678127252271e-03
2.00586379879163330e-04 5.05396396062584869e-03
-3.11387170011190317e-03 -3.28573938205311330e-03
-2.65329058803003828e-03 6.37038506882603526e-04
-2.62387104535579145e-03 1.95478070551877246e-03
-1.77844205756229539e-05 -2.98601444177519840e-03
2.01177899252505269e-03 3.18455505690874632e-03
-1.01730797606402364e-02 -1.20496365286098346e-03
2.03781184725800458e-04 -1.01470799801754736e-02
-5.29315011050465745e-03 -6.87509162497458755e-03
1.27818602389743433e-03 8.53293038524012733e-03
3.78426013706995566e-04 -4.86004033974672331e-03
4.62857050926718423e-03 -2.79816282153132938e-03
3.06188245958785360e-03 1.27118618486961554e-04
-6.62418093798398532e-04 2.49611467156636785e-04
3.09569692322615676e-03 -3.37593616925395022e-03
2.66051831977502434e-03 -3.09254455498534763e-03
2.58399397504826319e-03 -2.43940338331975065e-03
-2.49203315403231755e-03 2.55339667403367380e-03
1.31924435456011392e-03 -1.98699930612419471e-03
4.30467283339869972e-03 2.26827714688311761e-03
-3.23218087494722738e-04 9.89622394256152715e-05
3.04507044672571500e-04 -1.25590017861002115e-04
-2.46182842630761995e-03 -2.76567300505221588e-04
5.77637756583891036e-05 -2.22075913045588751e-04
-1.16507075454053491e-03 -8.58595059542972632e-04
3.98645018932731565e-04 9.34536100309622830e-04
-3.23362032022231721e-05 -9.65728859287815064e-04
9.27495580784964578e-04 -7.14789395874618097e-04
1.41096188755502586e-03 2.04177815206759350e-03
-8.68016203902325788e-04 -7.84161900238885190e-04
1.09589293799929673e-03 -7.71368693586631736e-04
3.24130528271398015e-03 2.28672074644406228e-03
8.55486203946198174e-04 -6.92177312021840586e-05
-1.93328583128859208e-03 -1.42334465035581694e-04
3.58953756298776769e-04 -1.67292292743913295e-03
1.51001678957143589e-03 1.89900673607270383e-03
-1.09052435000202286e-03 -1.37551667904064838e-03
1.32490198950933457e-03 7.30465044323192598e-04
1.65340827095629655e-03 -6.08463870799944972e-03
-2.22110401133250287e-03 -9.74416824486544497e-05
1.60697691405387879e-03 -2.55476277706152442e-03
-1.12212162489194354e-03 9.04203939195338054e-04
2.18566897234523686e-03 1.34288723640579221e-04
1.49344409144135408e-03 2.35329266948830105e-03
6.51176771805419760e-04 2.13737902728663781e-03
-1.64011299119454983e-03 2.97632558466023683e-04
-7.99379876102346938e-04 6.94864736344745493e-03
7.67623480230496258e-03 2.16992013895125294e-03
8.93579580589653506e-05 5.64005525826187862e-03
-1.40238393536157931e-03 -3.21016222323957301e-03
-2.72927712980928442e-03 3.43727249769822671e-03
-4.85218096666193040e-03 5.14036354911938213e-04
-2.85276164345224872e-04 -2.43189523057677501e-03
1.88355650342809477e-03 1.34471746286792698e-03
5.17401065222918878e-03 8.73561639895435380e-03
-7.21963940592821110e-03 -5.97611739248741450e-03
-2.55397140395075255e-03 3.99392499505641513e-03
5.04191589383085927e-03 -1.52968021863315564e-04
-3.35862226634191761e-03 1.54299994185646779e-03
-3.96310075950899628e-03 -1.73457460851038575e-03
3.70563557011886237e-03 -1.37537002813078600e-03
-1.43494404845769755e-03 6.14081425582937968e-04
-1.18124162645426951e-03 -3.96814912237130907e-03
3.58510787265823617e-03 -3.27685187820944300e-03
-2.71840116670371199e-04 -2.72437744710838075e-03
-7.23714877197027340e-04 3.56276949930191310e-03
-2.18715785457935944e-03 -2.76262684688556017e-03
5.03797260377369851e-03 -1.90368693783285730e-03
-2.02494605406661898e-04 2.16301816394324662e-04
-1.19898703527676352e-04 -5.41265065289397128e-04
4.44149343406240876e-03 -2.85787121260787171e-05
-1.40555543556893287e-03 2.20960165448873648e-03
1.86303915542608794e-03 1.99980963168257990e-03
-1.49978659224955405e-04 -2.43593921589962308e-03
2.85357286322929462e-05 1.81241989060771172e-03
-1.62357695869711069e-03 1.31249605524826605e-03
-1.88309957679985067e-04 5.80160581066773220e-03
-7.98657361545704217e-04 -2.67588589321392191e-03
2.13027915987757483e-03 6.59305691766077151e-04
3.57999793260818221e-03 9.35382293127197915e-03
1.03350274326061164e-03 1.58305378562889555e-03
-3.13221463996807368e-03 -3.21589468196767196e-03
2.09673454116685292e-03 -2.50656590402130192e-03
-2.37489798972634867e-04 4.88255599805110813e-03
-4.09185174088101851e-03 7.48045391854473157e-04
3.18617944551057497e-03 -3.05129725863364934e-03
1.03413593095522094e-03 1.47097349693824943e-03
-9.71371471651830652e-03 5.54196497168496158e-03
-3.03130234550760044e-03 3.51281329463639909e-03
5.35735020775623700e-03 -3.05431067442109641e-03
-1.69286650248670883e-03 5.05925794495404204e-04
-1.18530955461962459e-03 -1.05426409529923082e-03
4.57903089628905208e-03 -2.04673929496465914e-03
-2.29369764155982602e-03 3.02351740439775214e-03
5.70439578143734334e-04 4.92171635304746932e-03
1.03142164091325570e-02 -8.78443110069965921e-03
2.15640240604667325e-03 3.42723053449792711e-03
-2.00899097975974208e-03 1.41812592562235080e-03
-4.04758647820660684e-03 4.52973211690352838e-03
-1.37190766620899282e-03 -1.00781061474677002e-03
-3.12616486871937103e-03 4.13093277755379403e-05
3.45961307816216842e-03 -1.10585721254656349e-03
-1.50081957259006592e-02 3.41889658910157247e-03
-4.62014641521615258e-03 -2.94037354167880688e-03
-1.02605661022760457e-02 -2.95479044830244345e-03
6.44832101207743185e-03 5.60356003042210282e-03
-2.48042341373793957e-03 -5.96700184543730132e-03
4.13172276487264959e-03 -6.41753879865133818e-03
3.56058241951469779e-03 -2.28860763861948781e-03
-8.28825597618795644e-04 2.00102043668195931e-03
2.22722829075718909e-03 -8.07250952622963393e-04
3.88925872206297239e-03 -8.07670627146806451e-03
2.55318251482827569e-03 -1.01816251572254234e-03
-1.58410323967801301e-03 3.12668496730571319e-03
-6.06717758624322864e-04 1.08876034399256038e-03
2.45067547265037005e-03 2.12743174323016247e-04
7.08378768516881819e-04 1.70400410362623830e-03
-1.43993474969132760e-03 -1.28778981758130638e-03
1.31236647687805650e-03 3.32152024796480419e-03
1.79390177750142206e-03 2.94451821900709124e-03
5.97740726016185680e-04 2.97127073737157637e-03
-3.14198081228222664e-05 -2.66569730239335761e-03
-1.15813252716716938e-03 1.06308472468853808e-03
-1.79876845762243979e-03 -5.50789527239790009e-04
-3.97324986138968504e-04 2.37644014475906374e-03
1.09735665526771082e-03 -1.08486918373529675e-03
6.19528881532815153e-03 -2.09315498796611718e-03
-2.21126099114542099e-03 1.07762742069647532e-03
3.94437309710823220e-03 -1.62652669815348413e-03
-2.75364634266237656e-03 -3.44628771373554096e-04
5.60482785515002517e-03 -1.20684568570857001e-03
1.53352843944945571e-03 6.13369866148658419e-03
1.91289935147316711e-04 -2.41691064052162920e-03
1.08394716598964741e-03 1.67570699957389339e-03
7.45382399179385109e-03 3.43255100249160484e-03
-4.88089214110509415e-03 -4.24003898805248771e-03
8.97446267082214295e-04 2.40516662941370153e-03
1.79612377890486026e-03 -7.11170829114011398e-04
-1.09262126338013086e-03 2.36634175507303415e-03
-3.15133590423246268e-03 9.43097555220097816e-04
-2.17401276581932068e-04 -1.18479332227230494e-03
1.10234419895424558e-04 -2.08320801978927777e-04
-2.68555562131445871e-03 -2.60293927323559156e-03
-2.27140459028437550e-03 4.83041998013275075e-04
-2.14050887979779468e-03 -1.89386372309173099e-03
1.67140276333412204e-03 1.23620597456126804e-03
-1.20949183313299839e-03 -1.89498318263851264e-03
1.81331506642846670e-03 -2.70513199910855408e-03
5.54006548062531970e-05 -2.16821844888548257e-03
1.03187767958178413e-03 1.79643774149064309e-03
2.65143430403033545e-03 -5.21066297635570095e-04
-2.39144104731102468e-03 -4.13177562537084438e-03
3.94305811887885277e-04 -9.22473692312808144e-04
3.27395406808864012e-04 1.46240516246267630e-03
3.38660267143286564e-04 4.59826110196093500e-04
-3.16971289675166054e-04 8.79880509009349520e-04
-8.58086009254040226e-04 1.82764712941529896e-03
7.91362834032048167e-04 -6.14439229667307135e-04
4.11129441782966988e-03 4.87090619975952439e-04
-1.12509234313751846e-03 1.08384754766127048e-03
2.64745305676725032e-03 2.77599136438987234e-04
-1.73375134815887972e-03 -1.24242375067183100e-03
3.58495488256543393e-03 4.71882518464709932e-04
-7.45520199155129621e-04 4.24073112233273181e-03
-1.28218762926887784e-03 8.55856922621181385e-04
8.53734344387267600e-04 -1.16904998918251055e-03
-5.50666992954865729e-03 8.07967093140870028e-05
-8.36362342964881537e-04 1.33334048284448241e-03
-3.02233089648412190e-03 -8.61242600490852808e-04
1.65766487292935065e-03 1.05355677308310923e-03
-5.08995801389098678e-04 -1.98981522267973774e-03
1.68341935992548939e-03 -1.91867012476310277e-03
-1.19422553141611005e-03 -2.96519750014517672e-03
8.31946410134213558e-04 2.67859859001772080e-03
1.32008655955692341e-03 6.66145169519240157e-03
-1.37886389324426228e-04 -7.45159753610760266e-03
1.62203241632961730e-03 3.86756047696606075e-03
1.05571043999119979e-03 -1.09893536238196417e-03
-4.93682578995161014e-04 7.19861632313212926e-03
-5.99722954091946783e-03 -5.69076136638284736e-04
1.40084940764158587e-03 -3.63493301389286247e-03
6.01899140642984704e-04 3.33734064301303935e-03
9.38497614223276176e-03 2.73563650805449610e-03
-3.42613179064325379e-03 -7.41380251323499502e-03
2.39821673567729328e-03 1.34113991949261387e-03
3.17987969815222043e-04 3.80048941711407006e-04
-4.10461308175734917e-04 2.82785088727054547e-03
-3.30675275903993164e-03 1.96952146842010014e-03
-1.78657689004636257e-03 1.65586290672899822e-03
1.00341086596703543e-03 -7.37637330153829377e-04
2.85591730274257442e-03 1.07521597201347754e-03
-2.23519491664970604e-03 2.10986585130344727e-03
1.60269990878980683e-03 7.05885573201547921e-04
-7.88784493398036026e-04 -1.82110746894903063e-03
3.06232412074597523e-03 7.50605832602385366e-04
-1.72197862419980435e-03 3.23543638923272760e-03
-1.08937421959025087e-03 -8.82589527349640656e-04
1.46629450151514076e-03 2.90817084496930521e-04
-1.81608105352628322e-03 -8.67207949581391864e-04
-2.63205135062631124e-03 -1.45702218705695921e-03
-1.71014249620169128e-03 -1.28532477608267210e-03
1.38564221026181130e-03 1.58414697107873807e-03
4.45777445810536163e-05 -1.01005727562589512e-03
1.03917567193257342e-03 -5.18630025644125562e-04
3.46035978445273496e-04 -4.94831029461866544e-03
3.20317847773644935e-04 2.53403865103711892e-03
-2.45100951131223396e-03 8.74445505088732727e-04
-1.55241416699105619e-03 -8.07321657669283696e-03
-1.14792069364606612e-03 -2.35097759603340300e-04
2.69972250233700304e-03 2.30550912103777298e-03
-2.77179207406950219e-03 2.98587817260217211e-03
-7.98856682371557611e-04 -4.66735630693133809e-03
2.70505123676129675e-03 -1.34848161578096887e-03
-1.71353924807267225e-03 2.57474528910082556e-03
2.35658179960009269e-03 -3.79236625034910140e-04
4.64393968434267772e-03 -4.80501572301885241e-03
2.68641859751272928e-03 -1.54891589809924655e-03
-3.14413112539336593e-03 1.59339248606590531e-03
9.69314247122900685e-04 6.50579815015720473e-04
-2.93680604829500659e-04 1.35692210941857575e-03
-1.93094123408489755e-03 1.21480065229364448e-03
1.43778523358444109e-03 -1.87317642061417136e-03
1.10139774575084286e-03 -4.95243211271131304e-03
-6.43231184008262978e-03 4.24143842982874046e-03
-2.67597540023525198e-04 -3.57392181070750967e-03
4.20116299978011995e-04 2.60022227346909743e-04
3.53623095868855868e-03 -3.84398109437864791e-03
2.81635801039102282e-03 1.66217835025085810e-03
1.86185360774550595e-03 -1.48802565608712247e-05
-2.03727183021000426e-03 4.39844031130143872e-04
1.12714502000537276e-02 1.63550875568358177e-04
1.41772306221148062e-03 1.99573427465424237e-03
6.25482576968741742e-03 3.63078332072455223e-03
-2.96547902541016662e-03 -4.59776205904651597e-03
6.48870932120204549e-04 4.52150317142091356e-03
-3.95516941418030434e-03 3.74231992445591636e-03
-2.63291920130953724e-03 1.54422465262425051e-03
1.06808560552626984e-03 -1.54984279512227169e-03
-2.24282208632150013e-04 -9.02742734746109546e-04
-4.39588799336063270e-03 5.13987995280979978e-03
-1.00263336980767033e-03 -5.06583872142868136e-04
8.49265667058058077e-04 -1.64910955589491035e-03
1.89377286227153710e-03 -1.40269920272860027e-03
-6.68262518040615484e-04 8.61061685241228765e-04
-1.77975744771525276e-03 -1.18512212808450767e-03
1.95601294823418825e-03 2.08057582472846719e-04
1.37373662502441430e-04 -4.63339917722649462e-03
-3.76822829248926522e-03 1.04820995776940521e-04
-6.97117819607683372e-05 -2.05982878282699559e-03
4.33306089167679914e-04 1.02635521780356886e-03
1.39623394317027970e-03 -4.07552625269291357e-04
1.50979128864154959e-03 1.24786578946682906e-03
-8.87100930134927454e-03 -1.14543445835261978e-02
7.49536921913460368e-03 4.08636975905469525e-03
2.32444200216870654e-03 -6.78674265781951448e-04
-2.57206035448952937e-02 -1.65771695277817377e-02
5.82686531384206071e-04 -4.17439992801649749e-03
8.81052889348096085e-03 2.57451922107686682e-03
6.18403656377398449e-03 8.24007203142671299e-03
-5.17039298897349099e-03 -4.02612413726328826e-03
4.84950198502405363e-03 7.27184764359855348e-03
-8.16277613343167723e-03 -5.02436679057821720e-03
1.62098345567839967e-02 1.38586637818150799e-02
9.34705499080508949e-03 1.45247119174485469e-02
8.71686859370829174e-03 1.58645637596579216e-02
-3.27425820006054316e-03 -1.56573483666697585e-02
-4.10356203349261390e-03 8.79993502563291251e-03
-1.12713616009601798e-02 1.38857493979319536e-03
-3.84665144179281455e-03 5.58516589059221977e-04
1.44210754173613553e-03 -8.32324570994736365e-04
-1.08648752569061899e-03 1.98507691730871261e-03
-5.14479563218881841e-03 3.94441092997344176e-03
-1.52618238609475063e-03 1.32317615745385976e-03
2.02453952731335369e-03 -2.66536301060113848e-03
1.09673041051481244e-03 1.19997498297560925e-03
-3.63320881460498695e-03 -2.90160508433772596e-04
4.00708040617648361e-03 1.11158183618550424e-03
-4.09673388898897008e-03 8.50620783580846216e-04
5.08722498975546639e-03 3.84080788535952995e-03
7.86979406366913881e-03 -3.82726426163628266e-04
4.36853844322844260e-03 2.69086869765718236e-03
-3.87165709161416951e-03 -2.50275082211191650e-03
-3.74044429455993850e-04 2.51573443928289472e-03
-3.00523521359125339e-03 1.10217793347197005e-03
-6.92389477292557065e-03 -6.75962498782093583e-03
3.44997097868360997e-03 3.52756833994018366e-03
-2.99436408337717692e-03 9.56938330257628249e-03
-1.03386169861507497e-02 -8.36537725474316256e-03
-2.17943683315887250e-03 5.01330470634921230e-03
6.94990033434511774e-03 -2.79591030736942459e-03
-1.30656436884723300e-03 1.10672013777254191e-02
-1.16630249914320139e-02 -5.66403516595904901e-03
1.02003770357538492e-03 1.29950657824283900e-03
-1.14190120777239853e-03 -5.68350907929053247e-04
-3.94783685026008253e-03 5.84096392217841806e-03
2.65110641753284193e-03 -7.36134435413648221e-04
-2.59084878038658845e-03 1.52048686091018617e-03
1.28034255506483748e-03 2.59808799504532284e-04
-2.14178696649923971e-03 -1.07072225859920897e-03
-6.04584671545878283e-04 -2.97204272911408881e-03
3.42834822281648695e-03 -7.29401487845856514e-03
-9.35154808467967592e-04 9.29234193717619339e-04
-1.05622823029727069e-02 -1.29401145440357721e-02
-4.60536281150641155e-03 -5.28164812558359464e-03
-7.46999761874806052e-03 -9.62153558054851081e-03
5.61477802062804524e-03 8.98120064238337387e-03
-6.93591337971463835e-03 -8.24011253438246792e-03
1.14283511861095113e-02 -1.23959938961177053e-02
7.86056820957128574e-03 7.78528684826878311e-03
-1.06665944388690623e-02 -1.42794550686520857e-03
-1.64591158367866572e-02 -1.74726457850508856e-03
3.06181329959735633e-02 5.93410149058332982e-03
3.41869969474175271e-03 -4.66622184999549838e-03
-1.23066274477796646e-02 1.30868784572572405e-03
2.25616218071778658e-03 -4.18396635274284959e-03
5.10759544378598315e-03 -2.24312648243440082e-03
-4.39090571465943196e-03 3.24482771113294684e-03
2.74339904651152867e-03 -1.90276360555666647e-03
6.33229652132039252e-03 3.26179405956392588e-04
-7.46107774407712108e-03 4.74438501641605368e-03
3.28448608584644072e-03 -5.65577417472274221e-05
-1.21906254258505819e-03 -3.30823041355972521e-03
7.59728251563430990e-03 4.76546808399817682e-04
-2.49960276778743223e-03 6.97227619064861356e-03
-1.77737165819563995e-03 -2.38951091276723079e-03
2.59114067899267114e-03 1.31888246438841114e-03
-2.97604562360578330e-04 -5.63605474109835428e-03
-4.43804483393783408e-03 -2.62552330277758149e-03
-4.18905382996639843e-04 -3.61611918274122460e-03
4.48250613742192782e-04 2.77664248751351194e-03
1.82207577570196039e-03 -9.26479921653868260e-04
2.22750332307858952e-03 1.40773429702387219e-03
2.56312138391437318e-03 -6.97647643291658768e-03
-8.95540742749335026e-04 4.95796714612343602e-03
-2.60380792182985992e-03 5.68817462142342297e-03
4.49900184400460219e-03 -1.46512865114677964e-02
-6.99579739384808972e-05 2.97705047564950564e-03
2.16736200157756397e-03 2.70318794379495074e-03
-5.83877449084815089e-03 7.47805531112122682e-03
-3.40804720106663121e-03 -6.06996403959395199e-03
4.67794222974696455e-03 -3.11073225784204432e-03
-2.65774951703530654e-03 4.54961069148211977e-03
1.23813709492676619e-02 2.80499357001620046e-03
3.99582239566824860e-03 -8.23596649601254088e-03
6.49920577615800080e-03 1.45532599692682141e-03
-4.07080265337154273e-03 -4.35942285583447496e-04
4.87686529861746797e-04 4.26516556561073665e-03
-4.33480313105333217e-03 3.58077692509924800e-03
-1.11579988257351102e-03 1.59231709211562274e-04
2.29621970082588512e-03 -1.02015644473254868e-03
5.70686686580410517e-03 -6.63122620681773876e-03
-8.06194473099302103e-03 -9.76939806222343679e-04
3.16322446514836044e-03 -5.42430087503308761e-03
-9.95342964965071795e-04 1.99915273854563884e-03
6.74486087872627760e-03 -3.19102783824850265e-03
4.48781270278270344e-03 4.57492351847955687e-03
2.11623015644884409e-03 -1.15140512191580198e-03
-1.51350473292191558e-03 7.95644442667682973e-04
1.98544559901252492e-02 8.29867189984831444e-03
-4.00000816128180409e-03 -1.17520579747915310e-04
6.42820249535617713e-03 9.48766739377708557e-03
4.08342727071639238e-04 -7.70516006291790869e-03
-2.30735117635865817e-03 7.77160609082066904e-03
-9.20213238730165431e-03 3.43215726130532582e-03
-2.83007033180180789e-03 1.19840525071345590e-03
1.18069806649754509e-03 -3.15160713443965110e-03
-4.18138866171694715e-03 -7.87218339101193251e-03
-8.66802717422429821e-03 9.25541657488897565e-03
-4.57667052469432935e-03 -5.21998651362630493e-03
2.83682373592756155e-03 5.36974912670455770e-04
1.06863367981206280e-03 -7.36394759024179210e-03
4.58307642282500434e-03 -2.35112839883471663e-03
-2.35820025125465594e-03 1.97306419385388977e-04
1.84976306086844780e-03 -9.72807626672240479e-04
-5.57335345173066033e-03 -5.60678487143464934e-03
-2.03942959837287874e-03 2.22952152173262926e-03
-1.96088818890982662e-03 -3.35823910988556143e-03
5.40431446647843998e-04 1.86548251857297678e-03
1.47283168767498702e-03 -2.32534974652057799e-03
3.50135892773288399e-03 -1.81725522237606308e-04
-6.03109381731004902e-03 2.85501273870928914e-03
4.93325659826728252e-03 -2.98221320906727396e-03
9.53114926958496464e-03 -6.19251244971362729e-03
-1.61200174533296797e-02 4.78540333486852498e-03
4.58151790358459106e-03 -5.31719688684303970e-03
-8.74447079434267417e-04 -1.43447534287585786e-03
1.27522216151527007e-02 -2.94523360590542762e-03
1.57737962811941332e-03 9.34369941685739801e-03
1.61882037121826943e-03 -3.02208414656533319e-03
-4.83915922134224249e-04 2.53540744552193872e-03
1.89872253648089746e-02 -6.48701789051167404e-04
-3.67341915728061283e-03 -2.04949696899555138e-03
8.31848740878902808e-03 4.04656534935237278e-03
-2.43207689180777306e-03 -4.58797301417556477e-03
1.14395218912225058e-03 6.73919858539065528e-03
-5.81879471003919797e-03 6.15130358752986189e-03
-5.08403466319191422e-04 -2.55769954485689493e-03
-2.09449769672853344e-04 7.53179630901602316e-04
-5.12346157760163075e-03 3.24155796802445221e-04
-1.10721094933328903e-03 -1.02925266849540490e-03
-3.54079165211212184e-03 1.18819861289337934e-04
3.04961653751399924e-03 7.09845560400957916e-04
-3.77740364921640408e-03 4.34217596404643967e-04
-6.90120968876028790e-04 -5.33695554871912742e-03
1.94319797198024826e-03 -4.20574439086653182e-03
2.07400527335286548e-04 4.25553754137711175e-03
1.00259073740224872e-02 -1.20831961093322091e-03
-1.50519596597857900e-03 -8.02777682099966097e-03
4.39850755030863141e-03 -8.03265925958552619e-04
-2.04000117243106601e-03 1.24790975374075488e-03
1.32750668448621228e-03 2.87819924355525508e-03
-2.19610277673135817e-03 3.65271350212406296e-03
-4.01153564701885439e-03 2.00698611288650797e-03
3.38274871411798446e-03 -9.73050926357865460e-04
9.13153877112609161e-03 -2.80629394673772884e-05
-8.62559690330825732e-03 3.58166060991864539e-04
5.46494554376294409e-03 -8.46358672200472765e-04
-1.80475355229833215e-03 -2.21327261640309530e-03
9.36669627716712333e-03 1.74474908767226948e-03
-2.10843595854278603e-03 8.41041506428340246e-03
-3.48729058535142270e-04 1.61915350988123589e-03
-1.06223163849997361e-04 -1.89862943718719984e-03
-7.24173616640858974e-04 8.62715914893449030e-03
-2.04758174764015956e-03 1.67728916542120212e-03
-3.23325580513554719e-03 4.87100069964849745e-03
3.92835642606597160e-03 -2.36193149121995691e-03
-3.57396073065453096e-03 2.96481950175242492e-04
-2.71265297033999571e-03 -3.26773097174789650e-03
-4.44137435483421376e-03 -6.22202357962206229e-03
2.62961205098658423e-03 2.76765952167070707e-03
-2.87892904261679130e-03 4.22846989532753986e-03
-8.99898056794435838e-03 -7.73350481657393563e-03
-2.10668118956955190e-03 1.49496312509970575e-03
5.69758042069559451e-03 -2.16847297278280435e-04
-1.18761667997909696e-03 6.60778291177935469e-03
-6.13182798476512476e-03 -5.39909122967366980e-03
3.60849021183924298e-03 -4.84662857597574492e-03
-6.39499399222801597e-04 5.82356850217184002e-03
6.92976603881172333e-03 1.09913220698238008e-03
1.83868122093971335e-03 -1.27313512525521789e-02
3.18130581961143270e-03 -2.30128122584714835e-03
-2.53924549285228056e-03 3.96858951338271808e-03
8.28405474609075288e-04 1.57341575888468414e-03
-1.56829533153264285e-03 2.22538127262838798e-03
-4.65505881387557902e-03 -5.65002743802819245e-04
2.46694850931080800e-03 1.83881393260911029e-03
5.24907035771907723e-03 1.04848661666084673e-02
-3.40167461475562568e-03 -4.26642238043697507e-03
3.82774670920196618e-03 6.46667557084766066e-03
2.98263186391500921e-04 -4.88133924815155589e-03
3.69412827033742484e-03 9.97092340468449211e-03
-1.07273404812777643e-02 4.01566896738427166e-03
3.12376960441287542e-03 -5.50020526021933760e-03
8.10476652755593444e-05 6.04888894853310762e-03
8.37022349505530533e-03 8.18867214979525533e-04
-1.98659893641450183e-04 -1.32584600264861741e-02
3.21898163154428311e-03 -2.14833952622130089e-03
-1.91913675410125334e-03 3.92465653857959011e-03
8.51167420758134393e-04 1.93672764689123986e-03
-1.86978643120065940e-03 2.62488771853293694e-03
6.89777383376879820e-03 1.80033826671059292e-03
-6.17360140313354729e-03 -1.13856425458894205e-03
-1.28122740122072250e-02 -2.09979328498396348e-03
1.62804245343927366e-02 7.84407397491541057e-03
-8.00217009248830116e-03 8.36641832945061721e-04
9.07969912400445398e-06 1.93977648601795032e-03
-1.28431913676594622e-02 -7.00372093359747684e-03
5.60306657928853757e-03 -9.31642686725600057e-03
5.72953866385608572e-03 2.74202275055958735e-03
-5.04874654869191027e-03 2.89921791701137162e-04
-6.42006637450812101e-03 2.28027091770863916e-02
1.00276928014960912e-02 -6.91195006232433323e-03
-5.91895943156356755e-03 6.82280889568162487e-03
3.11204525351501792e-03 2.96079046396310983e-04
-7.68769498430019009e-03 -1.18414304612530228e-03
-4.88233276211567924e-03 -8.66902134479824969e-03
1.84563039128464662e-03 5.84319150646569595e-03
-1.26842650672981437e-03 -4.48947197817051147e-04
8.36541797615931483e-03 6.85531593696969439e-03
9.91156355144169610e-03 2.03753376433667361e-03
6.62902969917400151e-03 5.60440562784249047e-03
-6.67436538602751272e-03 -4.06527245927690122e-03
3.62374859183154990e-03 3.52630853082400815e-03
-3.89937985848434841e-03 9.57777163416242451e-03
3.13990627312750936e-03 1.98549145697838572e-04
-1.30482007456355232e-03 1.51776274647172252e-03
-1.26977472664274362e-02 1.95094394929538548e-02
4.27017011698877912e-03 -1.17666707143120452e-02
-1.05523753667599689e-02 2.11442936787590305e-03
6.13030324333027968e-03 5.61461814141019002e-03
-7.11991683840402546e-03 -4.51208167273878507e-03
-1.23641048889728687e-03 -1.00776247091828568e-02
-2.57023172039798527e-03 6.04315784234956397e-04
4.83480791301715233e-03 3.27159292349943071e-04
1.74330031678168532e-02 -2.91593459937134272e-03
-1.11922607449299986e-02 -8.14959814192037224e-03
1.16065491928962431e-02 -3.96749392508448286e-03
-4.55154274711776132e-03 5.96131000905543071e-04
1.51881710788842710e-02 2.70377735332576674e-03
8.12554464584453210e-04 1.39550178669838234e-02
-4.49477125956367855e-03 -6.37641041628774895e-03
6.47987797844488175e-03 2.95546421328226998e-03
9.68176529597902964e-03 -1.16250353155044426e-02
-1.51137538081127301e-02 -4.57362688571833712e-03
2.23342903953416922e-03 -4.16817576604490859e-03
1.80366821487203902e-03 2.32495214118339302e-03
3.76188510969429615e-03 1.74431734754571920e-03
1.20487861403977404e-03 5.74410526150085764e-03
1.57760752543476251e-03 -1.39343552881135923e-03
4.79760671515351924e-04 8.93120370989329711e-04
3.73168663160154896e-03 -2.75668797437599077e-03
-9.37784313101394087e-04 -5.49167370166019075e-03
2.89730664827018590e-03 -2.54773170205631816e-03
-1.31294485096606945e-03 2.54959788017006077e-03
2.36703417985522410e-03 -2.51803682170886607e-04
2.90941030821183525e-03 2.00343740391667599e-03
-1.65603455196390538e-03 1.53429944984529332e-04
1.40358904671249933e-03 -1.49110465778952515e-03
4.87884955974541255e-03 4.36430566656413089e-03
-6.49130520982725730e-03 2.42840467415451422e-03
-8.57256564575614808e-04 4.68012392446368660e-03
3.69908324810721331e-03 -3.41357779368534845e-03
-2.09105300810964343e-03 2.00170018796876504e-03
-3.17067721551335998e-03 -4.32166011505542716e-04
-1.10187332610998446e-03 -1.85275252033886861e-03
3.16625021140174746e-04 2.03806432701395446e-04
-3.72164136631469161e-03 -7.14332615277501722e-04
-2.82280300944271444e-03 4.20415401978932324e-05
-2.83977586773618640e-03 -6.64609785529403601e-04
2.65424077817371642e-03 5.17011736105633425e-04
-2.01960089606717302e-03 -3.03989198350933991e-04
-1.72288436777672638e-04 -3.82475263791966181e-03
-7.87277532348394307e-05 -4.87299698749921650e-04
3.29937207087885288e-04 3.12105760543097326e-04
9.46206361638342536e-04 4.90702490597844771e-04
-1.04568034947936039e-03 -8.83546362838132072e-04
-6.95694336491287020e-05 2.35114167512154374e-04
4.46210041637179922e-04 8.65885416658152880e-05
-1.81471363265232969e-04 2.54043579880026233e-04
-3.89321727842842618e-04 6.64823911371563734e-05
3.85503461038290104e-04 -4.05555750864972889e-04
9.11063961859550058e-05 1.41364623392692770e-04
5.15581046651109823e-04 -1.03744462599595537e-03
-4.15361180827121556e-04 -1.09113685070472990e-03
3.90051329665847446e-04 -8.59389671679493608e-04
-1.38071027414917612e-04 7.54543202704123983e-04
3.84961792205715757e-04 -3.99612738150517633e-04
9.89196412072209383e-04 1.47145510933552602e-04
-3.54454214275687720e-04 1.33964355652301014e-03
-1.82344113069045447e-04 -1.21017156945820705e-03
-4.14966272964738519e-03 1.83769429270731451e-03
8.61357190237783087e-04 1.61251726969323167e-03
-2.17149190302804752e-03 3.83203968499164259e-04
1.07284314807538222e-03 5.53731223844046260e-05
-9.43062025572614167e-04 -1.25670856981079256e-03
6.12106259984419149e-04 -1.91305649372216276e-03
-2.78359295307325843e-04 -1.40546419668712420e-03
1.35908376438896041e-03 1.15799648085894045e-03
4.80786817353236109e-03 7.61307275256689180e-05
-2.78235427267200467e-03 -5.73429531952628167e-03
3.53341446899324866e-03 -7.85935832170002804e-04
-8.62739343519870706e-04 8.79729437146987980e-04
3.50629202149662072e-03 2.32077034320584026e-03
-3.17090589256783953e-04 2.94244928184670762e-03
-1.27328483785417207e-03 -5.53696634328264834e-04
8.93978710383337791e-04 -3.01417861376832334e-04
5.45354046908332578e-03 -5.84405880778554165e-03
-2.95260896159456332e-03 3.22802886480510597e-03
3.37873909041836633e-03 -2.22084893269361796e-04
-1.35100718510708113e-03 -1.98127288305786865e-03
2.08808834823391186e-03 1.85829211096854479e-03
-1.24813046722974623e-04 3.41904725940235781e-03
-1.57923471726816814e-03 -1.55077333465797958e-03
6.00364555058606540e-04 2.71054475685276119e-04
-2.60431928919059672e-03 3.87632834988606799e-04
-3.06214356409530847e-03 -1.21046678446712987e-04
-2.06498940834195545e-03 4.26693776775571439e-05
2.34036983599044410e-03 -1.47601683370580879e-04
-1.18960487096469655e-03 6.76132850531284044e-04
-1.26981589093394412e-03 -2.77297130044625202e-03
-5.87673117831605404e-04 5.46241438841049373e-04
9.54952668135979012e-05 -4.92704424051397462e-04
-2.82793347936956090e-03 -4.06107681004710605e-03
1.22530975443550620e-03 1.92170205561977524e-03
1.66726310234188534e-04 -2.15793319353960828e-03
-1.21115334745104794e-03 7.17747426194408349e-04
1.38178056144589974e-03 -1.06386342809068417e-03
2.07679170599050491e-03 4.90723632866702278e-04
3.24342287415236392e-03 -2.61167424059061430e-03
-7.86986279283321557e-04 2.01950920610184485e-03
1.27917858240647999e-03 -7.32006831142825026e-04
3.38361478151814280e-03 -7.83336087857223855e-03
1.83258201867058756e-03 -9.69495929275400459e-04
-9.66855348594003895e-04 3.07757836596355598e-03
-1.15494142644925421e-03 1.11007182268756371e-03
2.19635836777142684e-03 -6.79225807742958880e-04
1.26711840409097034e-03 1.86191762245692546e-03
-2.47393243988400843e-03 -8.90623621606375423e-04
2.59468943695029567e-03 -4.26292032593981671e-03
5.48924083675473694e-03 5.18420216131847654e-03
4.65068372546149651e-03 7.86062186027545361e-05
-4.44292611878670859e-03 -2.73789882497982480e-03
2.01808407168310678e-03 1.49126312312541183e-03
2.67535888108289376e-05 2.66824029173317462e-03
-2.95632485804748222e-03 -3.15281977647202585e-03
3.04530939211352996e-03 4.95903550788399168e-04
2.47724892688630993e-03 -3.84959501794424801e-03
-1.10418816982555852e-02 -4.44191158124364847e-03
9.92474503084788155e-04 -4.02199621425634174e-03
2.29862225232237974e-03 1.82344422680243623e-03
4.39738924016658001e-03 1.77214034312244724e-04
1.10985496945202513e-03 3.48928185745286913e-04
7.85020699578722306e-04 1.99144851248753791e-03
-1.82124929339541803e-03 -2.15166358872909916e-03
1.07503408057062436e-02 7.20934080358565967e-03
-1.49835476403253572e-03 5.73705110538022273e-03
3.33201348692290346e-03 8.54439830425406284e-03
9.49366890822370504e-04 -7.70097307470728795e-03
-2.50518298583031701e-03 4.95491501688038495e-03
-6.38825920930752647e-03 9.53584383942583072e-04
-2.71904057365211825e-03 -1.46308185388089760e-03
1.16574972505841521e-03 -4.90750889406940541e-04
-3.61984964234768466e-03 -1.55226533708060881e-03
-6.17228451792143154e-03 2.06903631326976105e-03
-3.26352608085990785e-03 -1.33318977889324182e-03
3.35314374244814837e-03 -9.36969718931587989e-05
-6.61255918309212442e-04 -9.56680275071942771e-04
-4.03316291160577770e-04 -3.42510262658471312e-03
1.02272474440123751e-03 -2.10316554096255204e-04
-8.51740123574850141e-04 7.96096992404910896e-04
1.81743889786142767e-04 -1.29810595340374151e-03
2.60933122447124704e-03 -1.05075999389332405e-03
1.30739648305072675e-03 -1.12181024451410297e-03
-1.80372949311429940e-03 6.45128625946191276e-04
8.02240867495438944e-04 2.83558859534487352e-05
4.20053452822102824e-04 7.29623471924961448e-04
1.89069636487459438e-03 5.30014872951520884e-03
-1.21914395152710191e-03 -5.14573941325895123e-03
-2.44661797668412669e-03 -1.34705529122802932e-02
-1.24814397566235273e-03 1.39657447902586176e-02
-3.17786789587537954e-03 -8.05874793833272554e-03
-1.63270882415388063e-03 2.38672585302546246e-03
1.42048920715580188e-03 -1.40025971927591440e-02
1.17898640661076321e-02 9.74152245305063744e-04
-3.22058800332626367e-03 -2.36040283676554677e-03
2.77142762647225203e-03 4.49232115901188045e-04
9.41658815608111509e-03 -1.83223274231896424e-02
-6.02539341076069237e-03 5.33944799355445723e-03
7.61850247701629721e-03 -4.57106023345986347e-03
-4.43251090515659960e-03 -1.52515879485627497e-03
6.63222582280991076e-03 2.64712876576799795e-03
2.52137506408484221e-03 8.53523758655597153e-03
-2.90134183828614101e-03 7.29347240638534302e-06
2.55158833038869831e-04 -4.07185729698467159e-06
-3.71817786495277480e-03 5.16582489815374437e-03
-8.78333955520315887e-04 3.15489684308391293e-03
-2.82105125208878928e-03 3.83599659937860138e-03
2.45000210680527313e-03 -3.18912102553354972e-03
-2.36156436306932593e-03 3.01345392623304049e-03
-5.58287773984685043e-03 -2.68090073941998439e-03
-4.08283231789476585e-03 -2.72596249466341067e-03
4.52033098536934377e-03 3.57302221436687443e-04
1.66404304310748636e-03 -9.18542014651700135e-03
-9.48725323080146232e-03 2.97545517160134945e-04
-1.56891323824095589e-04 -3.58379682364516790e-03
1.59267074198840564e-03 1.63483170083022372e-03
2.65904657068219289e-03 -3.78129304398466175e-04
2.54883741583355333e-03 2.74909930843567725e-03
1.41536483810584157e-03 4.21433156822193910e-03
-5.18011741752162023e-05 -3.19663839821256223e-03
3.57298606816388968e-03 -8.83991084456322088e-03
-1.40058976715428415e-03 6.88971395440524017e-03
1.62142753209625241e-03 -5.62749234715254239e-03
-3.21038985814720533e-03 1.56210093504923430e-03
4.67270404224034985e-03 -8.19825879442671185e-03
7.86058062273357026e-03 5.03203200948229828e-03
1.48815803165950103e-03 1.92096902634602456e-03
-2.11316990862950175e-03 -1.35059774300957404e-03
3.99267026984581868e-03 7.61811116128162293e-03
1.69683601383084854e-03 2.53542061693261787e-03
7.87244396405236638e-04 5.68354233663477884e-03
7.65309268468055337e-04 -4.18829565673515484e-03
-2.60438947604731217e-03 2.28755502504038354e-03
-4.04594406163947574e-03 -1.08046659651546829e-03
-7.97058795910243062e-03 1.51890840212390668e-03
4.90259647365124535e-03 -1.11667522162802444e-03
7.56631959757754838e-03 3.15315541397187754e-03
-1.37913397089889679e-02 2.40458686359988410e-03
3.78651131625035772e-03 1.12842380674568299e-03
8.19370157423178046e-04 -4.80388876630839356e-03
9.74144641003911980e-03 4.33566038514950070e-03
-6.78278296630577000e-03 7.19327147482267878e-03
-4.66524299441469295e-03 -5.48818656684803893e-03
6.28647095351710008e-03 2.26378967302669383e-03
6.24956454508614114e-03 -1.12348363370006876e-02
-1.39301740615699766e-02 -3.58972915744666752e-03
8.84915225116847805e-04 -4.57880572228861263e-03
2.08258178746533124e-03 2.77322432961518662e-03
3.48225698532089083e-03 6.28159584268224284e-04
2.10450489532606859e-03 4.59264880561623557e-03
6.13958395988187369e-05 5.38730365694763125e-03
1.12229967698557588e-03 -2.58274111714681216e-03
9.77481788201215070e-03 -4.22952843607566926e-03
-1.68513083215127862e-03 4.53536677049095217e-03
6.13913846274076903e-03 -2.79207062365487103e-03
-5.34833139681434918e-03 -7.99367744754446636e-04
8.85218406494611351e-03 -3.67245675988186592e-03
3.62322850333354415e-03 1.05433906425156793e-02
-4.15003155585565425e-03 -2.21563790901029749e-03
4.62849168056868494e-03 -3.05177976804902001e-04
8.39870875263798336e-04 -3.52508029820237934e-03
-1.08751330783932593e-02 -1.58670541386330565e-04
-2.55907695383832687e-03 -1.02822947357804318e-03
4.21004454770397205e-03 9.80214752200260281e-04
3.55289670832377284e-04 -4.67123640754536459e-04
1.03140938628907999e-03 4.96552772510466768e-04
-2.73737818528010197e-03 -5.71652508929585031e-03
8.95954729205787571e-04 4.05274060458284732e-03
-3.43151468876042379e-03 1.06643551247580914e-02
-9.15082050033438552e-04 -9.38309586852897719e-03
-1.49885656870737570e-03 6.45571265019386810e-03
4.38720689447588078e-03 -1.93291949746220311e-03
-4.41844646339577263e-03 1.06461899686155770e-02
-1.01069496066720412e-02 -5.67065078767430095e-03
2.06582498568850690e-03 -6.50912405018442500e-03
1.62416226424744398e-03 5.86025646923436783e-03
1.38054955962129723e-02 5.77997016459156927e-03
-6.69616381588582915e-03 -1.41059710040673820e-02
2.31138935046320800e-03 1.80174872094206401e-03
1.72519469313643452e-03 1.87040642698191773e-03
-1.25641166310612603e-03 3.88211656997128644e-03
-5.14412480642503084e-03 2.21251676433650282e-03
4.92919244375400294e-03 2.37438585886174313e-03
-2.16343471807317134e-03 -1.30270516539299718e-03
1.12928601100901918e-03 -6.49930943873013641e-03
6.14124414562444796e-03 2.00118879784137770e-03
1.07731944849638410e-03 -3.80599944014240431e-03
-3.58736814167003645e-03 3.10539527136087989e-03
-1.51919696829089771e-04 -6.41625860381137437e-03
7.91229365156717428e-03 1.89406403257874958e-03
1.11125441392077276e-03 -4.00828279933775847e-03
7.57980767308897413e-04 3.41503522253984709e-03
1.30822418414136901e-02 -2.37810899890469353e-04
-4.40001305050813883e-03 -6.00576324786483619e-03
4.75631341274330467e-03 1.35075981135284752e-03
-8.36903686630340211e-04 -8.10827527801088609e-04
7.64920470121266990e-04 4.12785307119687035e-03
-3.65356789055960168e-03 4.05186750364593118e-03
8.82117901337188233e-04 4.90802896874186975e-03
-2.86170553631745191e-04 -4.51449390547661606e-03
3.07531413149384435e-04 -1.15218433650069330e-02
-2.84814754774087098e-03 1.15386517914881758e-02
-1.19013643968212844e-03 -7.11163605382296709e-03
-1.97809698359491942e-03 1.66433393148708890e-03
3.45493352889862356e-03 -1.14538580014153547e-02
9.69589487936666806e-03 2.94159447982637661e-03
-6.60411319225844614e-03 3.18465195054294051e-03
3.85284994929525546e-03 -5.54292189496989260e-03
-1.03639561130982796e-02 -9.46388266980205742e-03
-6.73215581394118884e-03 1.26028077859775128e-02
-4.49882355169467247e-03 -2.58314666744655520e-03
3.12243379745941142e-03 -8.86466001598978362e-04
1.66426758505237946e-03 -3.62661320788107986e-03
5.50791897712029233e-03 -1.01788850884546684e-03
3.91956174981268092e-03 -7.79906547696252280e-05
-1.20923975095722606e-03 9.47979366943327555e-04
3.36763419259462774e-03 -1.36344271172272207e-03
5.41161655365767370e-03 -4.81354376940858544e-03
3.20093704886817822e-03 -9.91803964993952887e-04
-3.06443277615422744e-03 2.37434610530234524e-03
3.90165569895628886e-04 -4.09056703217588146e-04
3.22741601998570004e-03 2.30312025772723547e-03
-2.78832482776833002e-03 -7.19632162031193907e-04
3.06379370205752018e-03 -1.07431555943305473e-03
-3.19922897587905143e-04 4.11572556539230219e-03
-8.54996121541138493e-03 -2.66269926536284892e-04
-4.29569038763728296e-03 2.35903530369553117e-03
5.65458586696001089e-03 -3.05157641348306567e-04
-2.36820231754852287e-03 -3.33901081214068890e-04
-1.11584825929374491e-03 -2.20255056724686380e-03
-1.47244821103292281e-04 -2.17232549666367819e-03
1.32150334011294548e-04 4.79268211266652968e-04
-2.94994408456751176e-03 -1.59333513840430535e-03
-2.07486945713532744e-03 -1.51001849615241268e-03
-2.12311451095426864e-03 -1.36433714585610191e-03
2.08498919349826882e-03 1.43231733155912847e-03
-1.83629090822105974e-03 -6.28667459356185431e-04
1.01430618597237875e-03 -3.46653021432846145e-03
-6.75507440424301516e-04 -2.42393307950656249e-04
7.59823054309927723e-04 -1.67676786476932149e-04
-2.99939541847706937e-04 4.84907562894397080e-04
-1.90125303320312199e-03 -1.69427748833686563e-04
-9.65038824119300673e-04 2.11647064058698750e-04
1.16799855628435425e-03 1.47587965358505612e-04
-3.73200293225892695e-04 -1.92768597941207786e-04
-2.71417585274969270e-05 -4.26219585188047847e-04
2.04516365895392920e-03 1.29348754788592537e-05
-7.92954533741073160e-04 -2.34413248870796428e-05
9.17837480613986720e-05 -2.39621541795471916e-03
2.17043072947267464e-03 -8.12209274055800340e-04
2.93283952663053401e-04 -1.54962745841643636e-03
-9.64234182463823575e-04 1.67418608937882599e-03
-5.26203967857972522e-04 -1.94710761396827705e-03
2.99060817266737266e-03 -4.76021664971542621e-05
-8.39065066120355018e-04 9.35850307849242849e-04
3.22810182492838584e-04 -1.05746114800547657e-03
-3.80342249515331536e-03 -5.32954481134310432e-04
5.65299850226626933e-05 1.84073050034708305e-03
-1.65997807142667111e-03 -5.97424682744873269e-04
6.78786902130877720e-04 3.63867509428681670e-04
-1.17791888452586224e-04 -1.28753310147068753e-03
1.26834026630602971e-03 -1.09432323494678958e-03
2.80152202501946130e-04 1.28364936177883024e-04
9.25529989666277228e-04 9.88902487768036518e-04
6.60979789279525932e-03 1.73153623051731020e-03
-3.01777830448536077e-05 -4.94094174381069957e-03
4.99012252097177662e-03 6.28556549798778611e-04
-2.51130725138883808e-03 -1.31477457503918635e-04
4.16478608439222429e-03 3.02336196885599675e-03
-1.18584861642691579e-03 5.14445826683773352e-03
-2.78865810693149736e-03 -9.90095623664059279e-04
2.40099015625129574e-03 -9.33417192158169122e-04
7.97991309818435121e-03 -5.11393386292902877e-03
-7.83000433476690495e-03 4.27409738506959701e-03
2.77640676622377966e-03 1.43586757661834136e-03
8.47015122660607156e-04 -3.26060006496854075e-03
1.45065704381094744e-03 2.70410403446415520e-03
-1.22743441702045843e-03 3.57157390113647943e-03
-9.77693398234701474e-04 -2.20184318878547704e-03
3.89626454219944331e-04 7.89913262463784265e-04
-2.65257657563167191e-03 7.08198728596776930e-04
-2.16193123019986239e-03 -1.81746631580228884e-03
-1.86823766068440933e-03 1.81818288468058075e-04
2.29965398259519491e-03 3.41351835239638295e-04
-1.75856738024779240e-03 1.23754536761297202e-03
-1.22429779685711898e-03 -3.21131336138678544e-03
-1.50671417840535834e-04 3.80940892059097836e-04
-1.95511112690489121e-04 -2.36835029229056748e-04
-1.18307804032299142e-03 -2.94002272952911510e-03
1.29946780938479259e-03 1.39250884801938972e-03
7.03632653842425015e-04 -1.36039428863911826e-03
-1.26691315809023095e-03 2.34197686587824552e-04
1.09115243097201628e-03 -4.22567198322937223e-04
1.21348627112924097e-03 6.73418187974901875e-04
3.40843631305367710e-03 -8.53031225840053552e-04
-1.31546153287262859e-03 9.83021108384780906e-04
6.37577828785924287e-04 -1.28012429648481792e-03
4.73022848947635566e-03 -4.06913507843756871e-03
1.19418926895397542e-03 -8.76523049380171105e-04
-1.55887830784956125e-03 2.37014156075293593e-03
-1.38410809863733419e-03 -5.82406068423633560e-04
2.82714944767745602e-03 -2.04176746195696627e-04
7.29009086237693391e-04 2.42357239322693726e-03
-2.13531601963151121e-03 -1.68786951958063681e-03
1.07601814573278086e-03 -1.93094050540510418e-03
4.34847724894665659e-03 5.89596800227824760e-03
2.91324590825296640e-03 1.17735489159537785e-03
-2.79472954535092731e-03 -3.07230044684249142e-03
9.02763762396549866e-04 1.06831392421847453e-03
-2.85205690330253754e-04 1.29427705146972750e-03
-1.86847570943321278e-03 -2.97440472320514588e-03
2.24625128105420411e-03 1.08342109826117870e-03
2.59859135197128797e-03 -1.57975410675612092e-03
-7.37171023330514350e-03 -5.58052414797000074e-03
1.54703283146124995e-03 -2.25959497674601368e-03
1.47597317667329578e-03 1.44318799892686491e-03
3.18467472060393218e-03 1.63685413162792870e-03
-2.17965502186977344e-05 4.67181320408824796e-04
3.30166013219403663e-04 2.01855965293567998e-03
-1.15608822690642095e-03 -2.16131973548651423e-03
4.96067228606047062e-03 8.35658847350864015e-03
-1.44150164984564884e-03 3.97383640804331670e-03
4.17200936250123317e-05 6.99337212779056402e-03
2.43034236808008014e-03 -5.25557907435132091e-03
-3.19120422168643397e-03 2.67668704464358188e-03
-4.70475574117443923e-03 -1.29760777542496978e-03
-1.85844747326290981e-03 -1.86635478057659899e-03
1.23596506011457207e-03 1.61573365233275298e-04
-1.32150576832136828e-03 -1.38783490143313203e-03
-5.36810993543146778e-03 -9.02475537422917063e-04
-1.35587945703928613e-03 -1.46483783835435802e-03
2.29751217913006216e-03 5.68372378788589618e-04
3.88468531250305569e-04 -2.68715635779514855e-05
-8.31131721200514356e-05 -1.93402504202698500e-03
9.63546118496084927e-04 -3.36451296453187012e-04
-7.76699113626920317e-04 7.96666832978116407e-04
1.52110319861253136e-03 -1.22605563801505158e-03
1.98087305161563643e-03 -8.59080872614666419e-04
1.74763172489110323e-03 -6.36048130060094591e-04
-1.73707968949413571e-03 1.40344487026422511e-04
7.84873180018644690e-04 5.22511616180925537e-04
-5.29635307816678322e-05 1.08624011893577901e-03
9.43278264593700876e-04 1.38001052236222952e-03
-8.49357831780702278e-04 -2.52820912555562320e-03
-4.60777594273490288e-03 -8.12739656574537790e-03
-1.53323108307600563e-03 7.30110058913905052e-03
-4.05607618622386319e-03 -4.98077992532692561e-03
9.42684261013624182e-04 2.12053253457346498e-03
-1.49451579649173224e-03 -8.18262754625071267e-03
6.89217177751443640e-03 -2.82931367329603044e-03
-2.10484948542041242e-03 3.27644123387625945e-04
8.18569009917038330e-04 -1.14744729292366840e-03
3.39605055256812522e-03 -1.29520621685135680e-02
-1.15465487048977311e-03 7.21719165852261185e-03
5.03730937466140977e-03 -3.01101613800072287e-03
-3.88104902493516301e-03 -1.92320942648910049e-03
4.61121934306045825e-03 1.12651173003891123e-03
2.51740375792296189e-03 5.19120742886890717e-03
-2.19621334502868165e-03 4.10180390760508105e-04
2.92705545430204837e-04 1.90831832488003747e-04
-1.19415560341468033e-03 5.15253039989801553e-03
1.93289954979300600e-05 1.69968065250194166e-03
-8.80177053214518403e-04 3.72651009768832980e-03
1.06732044286337582e-03 -2.94383524228553030e-03
-9.16538397701172178e-04 3.39233997017915952e-03
-5.16065878260127224e-03 -5.61262401390904869e-04
-2.44154764069510252e-03 -6.60705726187108531e-04
2.17476608231017459e-03 -5.88708924203797980e-04
3.75184966218381757e-04 -5.70792983945402153e-03
-4.54067235867499416e-03 2.30775926769502494e-03
1.69376088560580824e-04 -1.71292901675703150e-03
5.25835565486975167e-04 9.72265929156032187e-05
1.63443499854271958e-03 -2.15366796934086523e-04
1.60014576763343628e-03 1.58712467770576074e-03
9.55745683875962727e-04 1.21376561545278325e-03
-1.94107147138410210e-04 -1.54183750907195116e-03
-1.29007212201186927e-04 -5.78828618888862709e-03
-1.26578874276206876e-03 3.28397548793775114e-03
-5.70698624017771609e-04 -3.78825339212268165e-03
-6.31809638687970561e-04 1.69809744054026592e-03
1.07871255616586001e-03 -5.10759081506310681e-03
5.06953788507143351e-03 5.28289150381286020e-04
1.74774025246968168e-03 9.40086336331390172e-04
-1.97525595617293638e-03 -3.59249449573810053e-04
5.73090133954189639e-03 5.42229658320224524e-03
1.68943240598587278e-03 1.12958013059533406e-03
2.15173012580571798e-03 4.52532094596087928e-03
-3.32384553146232887e-04 -3.55733982883346201e-03
-1.59895273142549748e-03 2.67959218373904628e-03
-3.78163457543944639e-03 2.27164578987637479e-04
-4.41939361508203454e-03 2.10698420658766809e-03
2.77654414695464391e-03 -2.17907200443435804e-03
3.59516125268940449e-03 -2.67992216334542828e-03
-9.61284979465182841e-03 5.33257037369220394e-03
1.10128130828829134e-03 -2.20923548011471311e-03
3.78149804237949173e-04 -1.88513984734726817e-03
6.35117309120342144e-03 -1.77928256928777282e-03
-2.62690053021559739e-04 4.23962763158325200e-03
-3.44747276204901854e-03 -1.00548006715815296e-03
3.13232338621508575e-03 -5.70972284610903416e-04
-2.15132526266210858e-03 -9.52340115159986712e-03
-5.29519826102187261e-03 2.56968059505406155e-03
-3.73913726047514559e-04 -4.15288697310479179e-03
2.62559927401577345e-04 1.58240638605799304e-03
2.83099011336193423e-03 -1.41264372344579057e-03
3.67342314382754914e-03 1.94551529598677164e-03
9.50577159082800131e-05 2.75462699023156692e-03
7.87672465897650540e-04 -1.26774314380994658e-03
6.08786673831978806e-03 -2.52711905535023739e-03
-1.29185015416670955e-03 1.62999293556996918e-03
3.90261019243726831e-03 -1.79640839117435874e-03
-3.11085305353685877e-03 -1.93592658644447006e-04
5.38471276784648675e-03 -1.84145263940570800e-03
2.16659142943973794e-03 6.22969377920445065e-03
-2.21352574816238582e-03 -1.76679791406074709e-03
2.67352653959139486e-03 2.82038932401931406e-04
2.29517906192192381e-03 -2.81547926708795035e-03
-6.50473239574774018e-03 -5.97337576307262522e-04
-4.71246808992795043e-04 -6.86984370829222114e-04
1.90099073219284214e-03 4.31407621356878573e-04
6.11440727583540604e-04 3.06930709417089652e-04
3.03320646968881073e-04 1.12312208986179189e-03
-6.26668426396592986e-04 -1.75374153070876389e-03
-4.56814450944378295e-04 1.93222989321993567e-03
-2.22577854854127564e-03 7.23143452836935881e-03
3.14257173943942444e-03 -3.32246044974924193e-03
-8.50621422451376045e-04 4.96999435009103877e-03
1.38849471070636539e-03 -1.89222403734673451e-03
-3.46303462113104485e-03 5.79716517899924941e-03
-6.03089499788837108e-03 -2.66634600669039259e-03
9.63921887882528096e-04 -3.51475031678508739e-03
1.11294195970279911e-03 2.83859948286250283e-03
9.52216866506011214e-03 6.50552852491370539e-03
-5.64795922228920541e-03 -7.65110699101265862e-03
6.87235608555001980e-04 3.31015243383615213e-03
2.57291531018539934e-03 -2.49646517813505631e-04
-2.02005110495784290e-03 2.97273971999117200e-03
-4.54061252022970856e-03 5.82025283205616197e-04
4.48939910868168240e-03 9.10330209216808910e-04
-1.91647398193255840e-03 3.41623186481751148e-04
2.05222129717649859e-03 -1.83347492938305367e-03
7.21465607630901104e-03 -2.34153551822235484e-03
2.24843551978793884e-03 -9.16120118549344688e-04
-3.31858623695314948e-03 2.17907545422956882e-03
-6.83981888356999788e-04 -1.79936322332426772e-03
3.97327038637982147e-03 1.80638047064265441e-03
1.23179158439202223e-04 -2.63219696938577245e-03
1.41722527807462131e-03 1.99370897628973641e-03
4.05303864386733197e-03 3.86337252181793035e-03
-4.50828102418203511e-03 -5.94693765531010936e-03
-8.90060115379153523e-04 1.11264819451418681e-03
2.39712182209386509e-03 1.10337067405648468e-03
-1.33778549645959303e-03 9.69276541391524853e-04
-2.02967012918345074e-03 -2.68454357227341188e-04
1.51036381254423895e-03 2.32178625197675039e-03
-1.45898689103079847e-04 -2.48656913974171310e-03
1.15045475455266425e-03 -9.01082136393781610e-03
-2.00840264275156666e-03 4.98971234318636766e-03
5.12041034584475311e-05 -5.93194324462231314e-03
-1.63201961941125814e-03 2.50274730751316168e-03
2.69365977801705936e-03 -7.84372052305312879e-03
7.93807513901027481e-03 2.10428612837457521e-03
-4.04028994032988066e-03 2.42823339459113637e-03
2.12423385552920358e-03 -3.79145287157631617e-03
-6.88280764772892378e-03 -5.50851188326874873e-03
-3.62768688874395969e-03 8.58756379691248163e-03
-2.87694558810528810e-03 -1.28992453178261926e-03
1.89921074541944679e-03 -8.96319193822763200e-04
8.78684444023023880e-04 -2.29807466847307398e-03
3.37361514205461802e-03 -8.64222036723526449e-04
-4.33616307017171184e-03 -5.85053834982161240e-03
4.00594177773262901e-03 2.10744579170817591e-03
2.27869204659564501e-03 -1.02509713890983002e-03
-1.35366769194421865e-02 -9.16005008815144739e-03
1.05977029677059771e-03 -2.71492134136137528e-03
4.07388363732127251e-03 1.69046595153340691e-03
4.02418809968456068e-03 4.00296054006583826e-03
-2.01097117581500694e-03 -1.22604236604877278e-03
2.16819831847140949e-03 3.51117436198748484e-03
-3.80622008587822025e-03 -2.66406657707266795e-03
9.69793646395811747e-03 7.73265314806088726e-03
3.27083206923287030e-03 7.53864453947396870e-03
4.46756992792410237e-03 8.92361833996920505e-03
-1.00450547451611145e-03 -8.57882156051598468e-03
-2.40589049865131853e-03 5.00368050481394839e-03
-6.43074825689846519e-03 8.26874569634784232e-04
-2.12271942874074507e-03 -1.23264026481399773e-04
7.37981498030141725e-04 -3.57575505133416707e-04
-1.46807692974285694e-03 9.27687075665954578e-04
-3.01694868961375606e-03 2.00742759791052404e-03
-1.44521942763477804e-03 5.97801107342202094e-04
1.60129805044513952e-03 -1.24035386036445831e-03
-2.55375009163971909e-05 5.62731673633130847e-04
-1.90131255379576147e-03 -1.06836258784896352e-03
2.06718888123559293e-03 2.90934369958970539e-04
-1.96440379335544556e-03 6.50784629002456737e-04
3.12342725801339821e-03 2.17706454418163707e-03
3.60311609781246078e-03 -7.45632143287648869e-04
2.26213534927323899e-03 1.44503377034072445e-03
-1.83228502031142909e-03 -1.19351454852305435e-03
-2.51890376476517389e-04 1.42372424078642673e-03
-1.72693629153707366e-03 6.34162198084708864e-04
-3.43312452202884340e-03 -3.34386463849318215e-03
1.80502426364508831e-03 1.76950918916876773e-03
-1.03819304802522916e-03 4.64015891376467950e-03
-5.31569504993857113e-03 -4.40793458059372898e-03
-7.70651337198409404e-04 2.36663929009873434e-03
3.29990624743517567e-03 -1.32884892689159569e-03
-2.92481035737498444e-04 5.53261175794746065e-03
-5.70243440141840734e-03 -2.46015048040922448e-03
4.11223815909110189e-04 9.16200459724593290e-04
-5.60459566801820236e-04 -5.47326765546026633e-04
-2.91181280884076970e-03 3.61459659214502472e-03
1.34797250771071550e-03 -1.43530467788586949e-04
-1.92734179747062464e-03 9.46665097981285158e-04
1.05080251137546106e-03 1.60922819505303599e-04
-1.39831669282615098e-03 -8.24821568123908916e-04
-2.41016846133004466e-04 -2.02316936952134712e-03
1.54800449573578506e-03 -4.10247862772786503e-03
-1.26027565903296545e-04 7.73874568188324214e-04
-4.39334823947367357e-03 -6.35482064597205683e-03
-3.09979437470465132e-03 -4.01384615008947270e-03
-3.08101963418552739e-03 -4.93882695117001808e-03
2.78599525938088254e-03 4.67303274804884913e-03
-2.79842548318676382e-03 -3.48373260178127826e-03
5.50095091802601036e-03 -5.75629910090847720e-03
3.76384405712100424e-03 3.61500383207646186e-03
-5.13967694271069784e-03 -5.92844095301700374e-04
-6.96089019925637438e-03 -1.94644088211866633e-03
1.46928886654190197e-02 3.17236146104851865e-03
2.41707760288568637e-03 -2.43898231507848947e-03
-6.43518349591944237e-03 4.05718228682005956e-04
1.54024947008112620e-03 -1.69023994497075839e-03
2.47701815150404162e-03 -4.07985848051990751e-04
-2.88507519662862177e-03 1.27885443334171847e-03
1.54966421865085119e-03 -7.34766239458362080e-04
2.54888702234530324e-03 1.46072040184495465e-03
-4.20646858632525711e-03 2.27721985587735426e-03
1.20084027129462034e-03 8.28137509392209352e-04
2.77408399613779537e-05 -2.23976335915218074e-03
3.37387811184871808e-03 1.29573599244726338e-03
-2.65532464395416097e-03 2.85978188501989552e-03
-5.22527696709089678e-04 -1.12643985659830631e-03
9.85062101407321649e-04 8.38715008450302167e-04
-9.61499414156413257e-04 -2.54797671775615093e-03
-1.17478253500244000e-03 -1.83820944147962363e-03
-3.44255030881705630e-04 -2.12630486399972233e-03
-6.79177533191208490e-05 1.80904380941393104e-03
8.86931782316296795e-04 -7.50081682251775789e-04
1.32434065944016417e-03 4.46025541913650468e-04
1.77844655323648022e-03 -4.09424649602740942e-03
-5.46791084893097248e-04 2.63391360424144495e-03
-1.75258039268522689e-03 1.71584454211486234e-03
2.10920444463049035e-03 -8.18923961693920205e-03
-3.04871920785020458e-04 6.26963614280249301e-04
1.29996572962639699e-03 2.23117296543228752e-03
-3.30191543592029541e-03 3.11386387778951699e-03
-5.96692696418532555e-04 -3.74975336324216398e-03
3.02936258213524264e-03 -9.60426884775526834e-04
-2.21895664518444299e-03 2.24186781320826357e-03
4.57991486838480507e-03 1.07728101701050154e-03
4.70443409926762403e-03 -3.81722823326956923e-03
3.50517177739656386e-03 1.09003217904830532e-04
-3.15202228216485657e-03 9.49668728127359434e-05
5.09410024967555221e-04 1.67220150622777444e-03
-1.58877284627128332e-03 1.60013683478248733e-03
-1.76688054158371513e-03 2.86225961683827385e-04
1.75433016250125303e-03 -9.44232096557214733e-04
2.82721612836106225e-03 -3.67331452722891114e-03
-6.38159772742969301e-03 8.62731015401440367e-04
1.22804086314761709e-03 -3.02825750405895161e-03
7.75262414200285973e-05 4.92400847425840480e-04
4.22925551662302161e-03 -1.86288701903457635e-03
1.85824360842012340e-03 2.46108976546698284e-03
1.63831445335713382e-03 -1.35103612672608173e-04
-1.55937457692979873e-03 2.55626000633141714e-04
1.13960468257552783e-02 4.24839197115415602e-03
-6.33709839537682090e-04 9.10237809856040891e-04
4.47009186138648540e-03 5.44561775708069049e-03
-7.28090641781911825e-04 -4.87148292520963276e-03
-1.02255366668133735e-03 4.60680978074248012e-03
-5.21779020238712261e-03 2.27325071963076003e-03
-2.28533767766940120e-03 6.26276710223858612e-04
9.68599904898119436e-04 -1.56937698871250568e-03
-1.90695116070624263e-03 -2.96121526178272842e-03
-5.32914333521176259e-03 4.89445464905730824e-03
-2.26090672530868987e-03 -1.99877711069557399e-03
1.74407023061781338e-03 -4.32383460039762575e-04
9.36701784104105933e-04 -2.84442014719064494e-03
1.05639668758586436e-03 -9.64579340089950148e-04
-9.58013214378277897e-04 -6.37521459296820571e-04
1.08177149209296624e-03 2.39853239819837975e-04
-1.76734020794470231e-03 -3.23487818155551460e-03
-1.30124655098031502e-03 -3.71440541229915982e-04
-5.35362977570789890e-04 -2.14913961643602072e-03
5.60189228759297661e-06 1.46804066968753187e-03
1.01030388051927202e-03 -9.59194957544176672e-04
1.68854890507828424e-03 3.80432274031834326e-04
-3.28317939085152194e-03 -2.70851073727879262e-03
2.50442285804329924e-03 1.60187154272597998e-03
2.95260883014341561e-03 3.21242438803430452e-03
-6.66445467204727394e-03 -5.65677203057701403e-03
1.93895938481750130e-03 1.09047587045739327e-03
1.69991920038862999e-03 -8.81228798044550758e-04
2.99537976024309704e-03 5.21094083866516841e-03
-4.48884341132859115e-03 9.71210821522245000e-04
1.76986917018312376e-03 9.16074714401198149e-04
-1.81621265738581136e-03 -1.92418729047424671e-04
2.66319549075395325e-03 6.27658384575870490e-03
2.21799361051002461e-03 -2.07894169918500249e-04
5.02436750556966823e-04 3.65955381960824874e-03
2.60266409278214013e-04 -2.13294155528874181e-03
-1.98531318450294401e-03 1.47555628078886725e-03
-2.94774831604703667e-03 -9.97844386593715708e-04
1.00365334261526447e-03 -7.31713170916184789e-04
-3.74115362486258734e-04 4.40799553291834514e-04
-3.80109064334145761e-04 -5.80535019660656320e-04
1.07654051086710054e-03 -1.65281614496863745e-03
-3.52402008018757186e-05 -4.57004242092938474e-04
-5.18468323944831121e-05 9.83750957033388334e-04
-8.15559668709421484e-04 -1.80511273365206888e-04
9.57314578296600618e-04 -7.66399878034489807e-04
2.62785603023851138e-03 3.47051501355668591e-04
-2.37251933650544679e-03 8.45466384505760360e-04
2.98755640579541955e-03 4.16129179143965699e-03
4.34295890881145064e-03 -1.69093885733555141e-03
1.89103475242835941e-03 2.03213521696341990e-03
-1.59400257844491541e-03 -1.11989175591934776e-03
-8.93593197546114809e-04 1.43915092984541024e-03
-2.25526022720496646e-03 6.36622256888871867e-06
-1.88371999021092417e-03 -1.99806483518933081e-03
1.22186298063422486e-03 1.39651421137391963e-03
9.65193830410288533e-04 3.52774251584682137e-03
-2.78649395453476343e-03 -4.04129555418011096e-03
7.98189641213672149e-04 1.81070528964199541e-03
1.30854743570962980e-03 -8.79101395730874906e-04
6.62390895196533769e-04 4.28683720646617396e-03
-3.89848402132570966e-03 -2.58790014679390415e-04
-1.32042198989413157e-04 -1.69613784249190698e-04
3.45731713261960563e-04 8.14113779444762595e-06
-3.58120449983842580e-04 2.23734835124768036e-03
-1.13482197127635714e-03 -9.77309432495942262e-04
-1.21656606156502335e-03 7.48429369121978967e-04
1.30597913841338392e-03 1.74880681275252988e-04
-9.20289798553613342e-04 -1.50273928553401788e-04
-5.22649150291135903e-04 -9.39597126193637160e-04
1.83146049556917817e-03 -2.43594424206634115e-03
-8.49749873202857798e-04 5.80213116509259268e-04
-4.02196738190687807e-03 -3.42019924986894331e-03
4.97464063780930711e-04 -2.15672361384393503e-03
-2.60000806033784107e-03 -2.45105325884218718e-03
1.62645882640519114e-03 2.96192352910710707e-03
-3.35958706794930919e-03 -2.30756788669353018e-03
3.50506627393851059e-03 -4.56769938719881613e-03
2.64991487637396056e-03 1.91805150537560339e-03
-3.13172766999786009e-03 -8.43977140140204739e-05
-3.46713207484068220e-03 2.17189426045559649e-03
8.19606422858362368e-03 3.25981834940937984e-04
6.37941513924948438e-04 -1.25991407935364139e-04
-2.71997323000768704e-03 1.38831823271596877e-04
-2.71181913289315164e-04 -7.25032324534817876e-04
3.00679718075016805e-04 -1.14825950612187162e-03
-1.25912148752233715e-03 -3.53688676278488337e-03
-6.09320481200205198e-05 2.47718000407026609e-03
-3.99276485189528456e-03 6.92697187521146285e-03
9.89567828158659062e-04 -4.92367307745338739e-03
-2.13999004058242894e-03 4.46586529043806624e-03
3.08967271941546287e-03 -1.23714568382222241e-03
-4.46061950600047750e-03 6.25153786906234004e-03
-6.26557675559115835e-03 -4.97990593876715664e-03
4.41336594437715096e-03 -7.57116167620940517e-04
-3.36380738911296832e-03 2.75458857058910557e-03
4.11025899143314770e-03 3.91719346569887033e-03
7.31516503785767901e-03 -5.51894005836820866e-03
3.37349667463937401e-03 6.70379956576565598e-04
-3.55289438268538600e-03 4.00644318769167876e-04
-2.55370352618280159e-04 1.63510983506117672e-03
-2.24935275757036411e-03 7.61750800617893653e-04
3.16063242347372139e-03 6.22290690978704632e-03
-2.89012182433594613e-03 -4.26447552795494386e-03
-3.48630276528832071e-03 -7.27631664119151450e-03
6.28453514292002038e-03 1.38146610574285851e-02
-3.08260526094230767e-03 -3.15502898872886337e-03
-2.72193403049714828e-03 3.05093562605210670e-04
-1.79063117566380446e-03 -1.04940724102939812e-02
7.78002523589524028e-03 5.86734309312261998e-04
2.87159161854746558e-04 4.94909070293586550e-03
-2.08059779509047523e-03 -3.71855718951182414e-03
-1.35242299727702069e-02 7.77817102732599082e-03
6.14732601012735972e-03 4.83610832726524571e-03
-6.36960798818931792e-03 1.82110911575495901e-03
2.34970134005942381e-03 -1.12066260599674375e-04
-3.41724998702144095e-03 -3.86068296366199942e-03
1.41546474356609732e-03 -6.52354072312357359e-03
-1.01770804808576820e-03 2.14283107867670837e-03
-6.35750685805119430e-04 5.63250085985975016e-04
1.13560328210095957e-03 9.19168274957111661e-03
5.54817072138705149e-03 1.41063727122072336e-03
1.32798514717258754e-03 6.91201308284537970e-03
-1.31285422810337410e-03 -4.56469830518134879e-03
-9.14386089273412335e-04 5.78869893031694165e-03
-7.52029143699832481e-03 2.11653762897652314e-03
3.69661060269289637e-04 1.82695783838170600e-03
-3.16083206057597786e-04 -5.61555626694105613e-04
-1.91168228106507222e-02 5.42456237698316513e-03
5.66377687672535695e-03 -3.88899389030748430e-03
-9.22348473448469930e-03 -3.90214794226563435e-03
2.70448611602167998e-03 6.54352873379651211e-03
-2.46200251633613663e-03 -6.96381784813047532e-03
4.79001118806966428e-03 -7.51364961317403310e-03
-3.42409759891448113e-04 -2.13663039925701074e-03
1.70597385170538976e-03 3.13051749076725732e-03
8.88280369062858545e-03 6.33127759328161802e-03
-2.77403893538426206e-04 -1.15659381985462797e-02
7.15470770522365004e-03 3.12827422548532606e-03
-2.24702292832953173e-03 -6.07495509590692232e-04
4.66668947192677187e-03 8.49082840639326861e-03
-5.23527254871444109e-03 5.66642671386352083e-03
1.93321847142685068e-03 -4.31512121288218139e-03
4.36805429435065161e-04 4.25251049638792136e-03
9.75021984319805746e-03 1.45289865631803767e-03
-2.47280340565915425e-03 -9.05585252745601949e-03
3.15989407167112206e-03 1.52875281992948350e-04
-6.97471638569673231e-04 1.32777353871889586e-03
2.63169817275817443e-04 2.77624104245078815e-03
-2.87046038674703069e-03 2.61037045387008983e-03
-5.52532878596529147e-03 -3.48963441861542762e-03
1.53904696095116529e-03 2.33963702830000588e-03
-4.65529716343159039e-03 1.14111629841951619e-02
-3.71629654451371191e-03 -2.62456676894436440e-03
-3.15325286526963247e-03 7.39241458224519296e-03
5.26023410043346875e-03 -4.62693013077929410e-03
-3.55372442545467612e-03 9.75280971971459638e-03
-1.20996482530067138e-02 -5.20222087142368887e-03
5.55890660611327910e-03 3.06234586130140016e-03
-5.81687406303615668e-03 7.25981344741420307e-04
-9.88246117671135772e-03 6.55418006752654572e-03
1.62865580570352685e-02 -2.98981035552340008e-03
-1.01665724555819251e-03 -1.19776428101389405e-03
-4.21879578251137428e-03 2.57152323903566630e-03
-1.36955168962499241e-03 -2.78494236629173945e-03
1.16193648543229497e-03 -3.94684397845266460e-03
2.39079184667758630e-03 2.90647129664751936e-03
5.74292565696088392e-06 -4.66355363811771673e-04
8.67167924963790915e-03 -1.86238242156678028e-03
2.85459175271229968e-03 -1.63533239754230504e-03
6.34171321426930945e-03 -1.33280298611100872e-03
-5.27729279891789999e-03 6.35978049838047360e-04
5.66233968291258907e-03 -9.64188085550836101e-04
2.92863055218554359e-03 8.14311325186779442e-03
3.06600929871666877e-03 2.70432837379226861e-03
-3.95093324039806279e-03 -7.00030519510197696e-04
-1.33413379173370782e-03 3.29022079075410494e-03
8.97016962263796382e-03 2.22801784514404383e-03
1.79886613788386393e-03 1.62341379993204767e-03
-3.13749541137764952e-03 -1.74682832316253793e-03
-5.90460907625892746e-04 3.53908172436049706e-04
-9.31046305670953003e-04 -7.66200410864663123e-04
-3.59498101496395772e-03 -3.75907691742220643e-03
1.05639037546516735e-03 2.40308306498941389e-03
-3.84473672302693484e-03 8.46841972869924638e-03
-2.52586631290171700e-03 -4.22260938731718570e-03
-2.39914257798971159e-03 5.29865505313563585e-03
4.26991656754472596e-03 -2.62533253380499215e-03
-3.35993528351587363e-03 7.80306816929599457e-03
-8.76475587576167579e-03 -4.84720038910123937e-03
-1.35412731084609555e-04 -2.65550802451641277e-03
1.07630285711623835e-03 2.25718665042612485e-03
4.38239854187898008e-03 -6.68703353356585924e-03
-1.66705046843669980e-03 -2.93674581209869660e-03
3.18290594956293109e-03 -3.19453484911764920e-03
-2.27263208766214590e-03 1.59010464719436186e-03
2.78120504824239849e-03 8.87584557942644415e-04
1.01706127237685836e-03 3.53473046996527962e-03
5.62153992876299625e-03 -5.50611756025221380e-04
-5.31836183626031161e-03 -8.70389914964533342e-04
-1.54606737732633642e-02 -4.18380297191364107e-03
1.15517742757093797e-02 6.72295552382377350e-03
-1.02091988865963771e-02 -1.05506493823467602e-03
2.69569365231771534e-03 3.16545666207266414e-03
-1.36370101873946291e-02 -7.67591070005981067e-03
6.35263738783959329e-03 -1.25845513144878084e-02
7.03512870467484092e-03 5.88706045668368778e-03
-7.93180847740281199e-03 -9.51061116885313501e-04
-1.59574863891227756e-02 1.62350015003102296e-02
2.07069342166198225e-02 -2.24306385361570547e-03
-4.96224740912567207e-03 2.13766522465273908e-03
-2.13035989861729176e-03 1.87698459713269653e-03
-5.01240140518587930e-03 -4.19175616278313640e-03
-1.22854128667937754e-04 -8.76343943856773035e-03
3.21700304300190278e-03 2.05664671626787062e-03
-3.61064903626285639e-04 -6.04836255067718229e-04
6.54986178079182933e-03 -4.64892031067771268e-03
2.48527876472367246e-03 -1.60229315111511269e-03
4.80890966473711268e-03 -3.25343585904158596e-03
-4.47988389759031245e-03 2.24602477873374297e-03
4.30773152561249057e-03 -3.15203049996555691e-03
5.49280004229229981e-03 6.00657698822743783e-03
-3.61433100111742660e-04 -2.55140553134614511e-03
1.38630537637584868e-03 1.41421059421752431e-03
1.04493829458204568e-02 9.28129790489913738e-04
-6.23169413497532375e-03 -2.37695231388146324e-03
2.67214269653152144e-03 2.65797621607638578e-03
1.13989269527673201e-03 -2.00422663307489981e-03
-1.97731044212845388e-04 3.45249837160331498e-03
-3.45214915608924944e-03 2.60781284955832271e-03
-1.50537958994788768e-03 6.60725636312621024e-03
-1.49647288512613254e-03 -2.74517479377143136e-03
-1.45270961458334445e-03 5.77938439076503170e-03
6.16324309523951300e-03 1.28131244412950096e-02
-1.40006707146408146e-03 5.70269927793127119e-03
-1.89767262459232706e-03 -6.12316795138619259e-03
-1.05775107486736405e-03 -1.50527781032362554e-04
-4.85691480112206749e-03 2.64593284225554714e-03
-3.25582618441620352e-03 -3.12283116269029262e-03
4.94237494008868943e-03 7.60857673569925377e-05
7.01806277172596898e-03 1.16453556270598238e-02
-1.63195676062915483e-02 -4.96700415197570428e-03
-5.57234374576032979e-03 6.78827125760475894e-03
1.01895002053639782e-02 -1.49681753831627882e-03
-5.25611358839468950e-03 2.04676160259849565e-03
-5.50198928091358373e-03 -2.89025935157299170e-03
9.23879426875875986e-03 1.35879970163141567e-03
-5.24388318208775846e-03 3.06118122186965682e-03
2.92177185548532720e-03 7.82132722377728434e-03
2.27387747886509776e-02 -8.09215979811655182e-03
4.91749256648597779e-03 6.48379932862789589e-03
-6.86607423683856764e-03 7.97544610428233642e-04
-5.69363705340628426e-03 4.68962775185416316e-03
-7.92800940608765219e-04 2.39945885655709233e-03
-3.57506313735253545e-03 -3.18988611113944082e-03
5.93725805735380047e-03 1.74357110576857811e-03
-2.09955068343420197e-02 4.33830280812656354e-03
-7.45621908813828751e-03 -1.23981277861868362e-02
-1.50430701961558090e-02 -7.26631569157120717e-03
9.06749066889411988e-03 1.21565081739437829e-02
-2.97509869075326516e-03 -9.20965988251815255e-03
6.66154070088227634e-03 -8.81954582441151630e-03
6.18765015097462370e-03 -7.84668920098449121e-04
-1.38619777770099153e-03 1.21920042088829637e-03
5.55218615384252441e-03 -5.50558116195355024e-03
5.73592917223464654e-03 -8.07674380242696076e-03
4.94293627120661206e-03 -4.15482079907158932e-03
-4.43527115019785867e-03 5.22722252781159923e-03
1.66962979206154889e-03 -2.60745772854388200e-03
7.62590821978142638e-03 3.45624427415609347e-03
-2.02285002942127973e-03 2.37787491467551359e-03
5.93088386154124380e-04 -3.16534564060653089e-03
-1.90118148375293598e-03 1.64238729384866690e-03
-2.62243676928056125e-03 6.42705883417370779e-03
-1.98070642484382943e-03 2.77795273266092345e-03
2.49003646501813353e-03 -2.90134437384131265e-03
-1.31762321244221375e-03 -1.46461147748511091e-04
-4.35069443600971661e-04 -1.48232195319472453e-03
-6.73268340232110931e-03 -1.04994478983270675e-03
6.30572690388383778e-03 3.63843131065548584e-03
2.04474145346436528e-02 1.29533262721753632e-02
-1.01415618888424462e-02 -1.47454346453144720e-02
1.45919858380268979e-02 6.39545065658795459e-03
-3.63334609730204964e-03 -5.43326796962306010e-03
1.53016093269656168e-02 1.65934887719106153e-02
-1.38532148169887379e-02 1.55936278385172822e-02
6.17630690546280316e-03 -3.49373292667326876e-03
-2.09109727767693840e-03 4.68050680117243836e-03
1.06489038587745909e-02 3.22161281808394581e-02
-2.32630481410967373e-03 -1.86903186393082774e-02
-4.79847617848352687e-03 1.24418601184493396e-02
8.22111296312090338e-03 -5.78020741780885792e-04
-1.07753647740412278e-02 4.06364336042320303e-03
-1.24237936896862602e-02 -7.08827842953847070e-03
4.13653451790905839e-03 -3.16951950290284565e-03
-6.83855446669399849e-04 -2.34849632217228196e-04
-2.74889443451120045e-03 -1.28514556047545966e-02
-2.48063652832032763e-03 -3.41266799325511995e-03
-2.04330060875931039e-03 -9.32826791252653817e-03
8.69290821441231435e-04 7.55265278797496650e-03
-1.27786027443336993e-03 -8.60212095389054944e-03
1.19975379204894823e-02 -4.11815884893752728e-03
7.06567153753716315e-03 -2.28352681851747832e-03
-4.48432926504241814e-03 5.06656446287525371e-03
7.20796795891523109e-03 1.25019951873561394e-02
8.45858187927992812e-03 -1.27367684281352762e-02
2.73377676720752650e-03 3.16526065504509502e-03
-2.39109894570142378e-03 1.22487832375600312e-03
-2.84570729001397404e-03 2.70418307294105270e-03
-5.47019955935546497e-03 -8.80656403107256728e-04
-5.62906034000187037e-03 -8.69727059422013360e-04
3.24478180989784450e-03 2.79752053233511908e-03
8.30116736827228759e-03 1.41727635974023842e-02
-3.77449988024902445e-03 -7.23872074316116252e-03
6.19781105875434179e-03 8.65346204718223620e-03
-2.95549182356461785e-04 -6.19020059693632836e-03
5.44309146618940278e-03 1.38096654034745962e-02
-1.41310275238815362e-02 6.23999954468557310e-03
-4.80092385529940022e-03 -3.43086121129227296e-04
4.74729222127637587e-03 -1.20456847174033608e-03
-1.77929177397151625e-02 -5.75703107128935389e-03
-5.11818775255724456e-03 -8.67330929627043888e-04
-9.35355689474797955e-03 -7.53116117557301422e-03
4.50870545699077075e-03 7.37310385208944045e-03
6.65334568471083096e-04 -7.40054864234740949e-03
7.87834234297310997e-03 -4.36652215813850084e-03
6.66522252078406794e-03 -1.10920795080623521e-02
-3.95683055172707434e-03 8.41666768401687013e-03
-9.10835404368739478e-03 1.15332700147691564e-02
1.50714694544686056e-02 -2.24101768753676538e-02
-2.83423244149561254e-03 7.26968310922070440e-03
3.59515260418312487e-03 4.27526834664106181e-03
-1.52210099102046206e-02 1.20239471138348306e-02
-5.88967568903595636e-03 -1.36559084653298194e-02
1.12822448959507843e-02 -2.44435704679670006e-03
-7.76539777720111710e-03 6.80659929090985695e-03
1.40425966284075596e-02 2.27875756736273909e-02
1.30120195786624249e-02 -1.74066722407698431e-02
4.89416533490603326e-03 8.19681471241660853e-03
-3.10982225691196863e-03 -8.83225836752740950e-04
-5.62968586417211987e-03 5.68983717247293751e-03
-1.07535338882964668e-02 -1.57111393753836862e-03
-4.25444080492406573e-03 -5.57921877880291836e-03
1.76544017902180195e-04 3.39854425757873946e-03
-9.98273636747430693e-03 1.27229810255357744e-02
-4.43011250488763511e-04 -4.14930019310404651e-03
-6.37736083713462062e-03 8.51173620556160831e-03
7.19030912342100148e-03 -3.74524598749687975e-03
-8.82164293344338615e-03 1.03656497941214971e-02
-1.25200903154585683e-02 -1.05613558677319103e-02
6.37279695070076032e-03 7.49980512459816253e-04
-5.50517531097418061e-03 2.80747847045161513e-03
-2.66661303082362270e-03 6.55874243958225623e-03
1.41889255449145300e-02 -6.77153641022141921e-03
1.66273114035886209e-03 -5.70916458575925910e-04
-4.82064314667396323e-03 2.31909686645281237e-03
-9.36925894550244120e-04 -5.29122719680504678e-04
-8.69690337884241422e-04 -1.71674127275903490e-03
5.14642504802834740e-03 1.50437327029228013e-03
-1.80529620895863020e-03 -3.44551484636394789e-03
-3.32442555046054238e-03 -1.78978284249771274e-02
-5.99467845665620333e-04 6.41527220862303949e-03
-3.16433739515711073e-03 -1.17308749939188973e-02
-1.16442689754461814e-03 7.18046444922341640e-03
-4.02352400748110287e-04 -1.54623486889904453e-02
1.67617865729999538e-02 -2.02087972860882795e-03
2.84705736876112499e-03 8.86417721151089473e-03
-6.68070254040424062e-03 -4.61845640916859913e-03
-2.52756830112250558e-02 -3.87555432458937211e-03
2.27887166829070370e-02 1.07268803320987038e-02
-3.01609420202297212e-03 -5.88078905078857385e-03
-6.97196527325735262e-03 2.37864367871318738e-03
1.53714715940333471e-03 -7.58771886639004849e-03
8.39662355379201288e-03 -5.16843757041220240e-03
-1.15015643460216581e-02 2.21859714892373239e-03
4.95359081179410146e-03 -2.74768439860136353e-03
-1.33137329161298420e-04 4.41814458674019001e-03
-1.68925731328693589e-02 1.10910375372778418e-02
-2.50534571549181550e-03 2.67586983533217061e-03
4.85824753811131462e-03 -7.56744369431398660e-03
6.04810575316264490e-03 3.02538070903515116e-03
-9.68355983215747618e-03 1.86406023130154070e-03
2.99472746507298748e-03 6.30099264975291559e-03
-5.81548619116591201e-03 -3.39725725637231649e-03
-7.86422847092968329e-03 2.45499580561782556e-04
1.48685339536062840e-02 9.34943840898085944e-03
1.79713947434310809e-03 6.28151150028158595e-04
-5.42298237612278290e-03 -2.89954300277223088e-03
3.66312694420734442e-04 -1.31164429925605705e-03
1.52112660615244142e-03 -1.46776446272318993e-03
-7.07969880211549787e-03 -3.79900334735275205e-03
3.67406174212090136e-03 4.86390700454210432e-03
6.28881000314490853e-03 1.97341846823347877e-02
-4.19094340767058385e-03 -1.18822307565848700e-02
5.24094177917245642e-03 1.20519624970462230e-02
2.06468572530102467e-03 -7.24417219905302157e-03
3.00074046002668298e-03 1.92697485031086135e-02
-1.94233765151993303e-02 3.14620643113126515e-03
6.00950224821586009e-03 -1.02085957450958175e-02
-1.43723217990947646e-04 1.09533843041781272e-02
2.14069878554215554e-02 3.63507593321932276e-03
-2.09242702260251838e-03 -2.33787564954477910e-02
7.83897825321001190e-03 -8.75661615209703077e-04
-3.22365620075942653e-03 4.46264804182514799e-03
9.17438134152852801e-04 5.96831308851033474e-03
-6.19164418532855768e-03 5.93281114896571267e-03
6.05403025581849937e-03 -1.54608910983110954e-03
-1.63261152577095820e-03 -6.59164761306634331e-04
-1.16407938137488148e-03 -1.36552908182804023e-02
1.24880795777027064e-03 -2.57361673829542429e-03
-6.93514923257724288e-04 -9.53261608215327967e-03
-1.30432760999296595e-03 7.89334994919064538e-03
-9.14853480477020452e-04 -9.95661328210682532e-03
1.38114748715019893e-02 -2.12557771633101232e-03
-6.47302507353070874e-03 1.24290649664555650e-03
4.13193689061021243e-03 -4.79373189903005599e-03
8.17684740368809435e-03 -9.10730416432192422e-03
-1.31271866215863110e-02 1.40695354081349141e-02
2.54431268218541359e-03 3.25946050697299965e-03
2.61603439191498413e-03 -7.22026970453768999e-03
1.96443741700044706e-03 3.19986973074180359e-03
-7.66909154380648102e-04 4.36523149525091039e-03
-4.36728763677423498e-03 -1.71209785549401058e-03
5.10940847400995278e-04 4.68335214424677512e-04
-7.44195654613117458e-03 6.61430610142527652e-03
-2.81440625562206495e-03 3.11094229667436151e-03
-5.54005749403711431e-03 4.72535251430564879e-03
5.11016316941568117e-03 -3.61879834276738815e-03
-4.75548480188110485e-03 4.23910938344905681e-03
-7.61285444926161972e-03 -6.41811583775916527e-03
-3.79167786451291939e-03 -7.13277994304596999e-04
3.48757502198873345e-03 -1.38545753715965171e-03
5.50971197570311599e-04 -3.57166437584041608e-03
-8.53429838278221310e-03 2.94503793624635492e-03
-1.68409088321243620e-03 -1.44397926651077560e-04
3.19237431470981202e-03 -5.78565544818627673e-04
4.32208837856069199e-04 -1.56998171552005447e-04
8.24003757395608489e-04 5.84451024483613859e-04
4.42588460563142754e-03 3.39314389949194799e-04
-1.69778205397891346e-03 -1.09671167754830240e-03
-1.34400372344848631e-03 -9.00702848259499200e-03
2.74487596495814716e-03 9.33543706539201063e-04
-8.94034111353439963e-04 -5.87371564564974098e-03
-1.47742340939409919e-03 4.64262091414245019e-03
-1.14966176421299666e-03 -7.62393801577584355e-03
9.43541867870617904e-03 -1.11286327644332435e-03
1.63910884980678377e-03 2.78274014163338006e-03
-2.42454125328084432e-03 -1.82759146827013962e-03
-9.34917331622867357e-04 9.72384248886853063e-03
3.41839500117602181e-03 2.21385009927541022e-03
-1.64458742816546259e-03 5.26397999695460330e-03
1.58001021672282823e-03 -3.00482014710897003e-03
-3.51477616719494089e-03 6.18566424078818584e-04
-3.11308025927509906e-03 -3.24676785155168356e-03
-4.48213541510116865e-03 2.35629584365704484e-03
5.42035357191889347e-03 -1.84561218704621115e-03
1.55109130341901554e-02 -6.42109035560087422e-03
-1.53969643370565935e-02 -1.24832446654100059e-03
9.26465108526424580e-03 -6.06610379144437769e-03
-3.44949053050778347e-03 -8.33923695355936301e-05
1.61572709474731603e-02 -1.28049402513096314e-03
2.57519172246479166e-03 1.35774992004378658e-02
-8.78222687559092850e-03 -5.28902209489807052e-04
6.44584246924870784e-03 -3.74135826720979267e-03
4.32221589100556525e-03 -2.46639564254765228e-02
-1.39911073948154278e-02 1.47513944418807708e-02
4.35254349310445522e-03 -5.28678100140187509e-03
-9.48755528325135071e-04 -3.05725176806211259e-03
7.48449400558270656e-03 8.22016120330139148e-04
5.55613142971419019e-03 8.15501390293777925e-03
-4.67349353673466011e-03 3.31668394669561595e-04
1.37959338172352120e-03 1.36456390479746515e-04
-1.08230046665983319e-03 7.34266176466327140e-03
-3.20150061595461406e-03 2.61931794049571638e-03
-1.14563564539465102e-03 5.05931513918768047e-03
2.23210380421090407e-03 -4.69427488109437369e-03
7.27908911057891737e-05 5.33259945425117177e-03
-8.24253197692003704e-03 -3.71195192354224182e-04
1.06865129337298422e-03 8.51401283658620792e-04
-9.70044638256936762e-04 1.86605833152054840e-04
-7.80902310161409475e-03 2.42809571383144482e-03
4.49631962894016506e-03 -2.25837662310822548e-03
-3.07976725443868124e-03 -1.84549216010151387e-03
4.41438642637022790e-05 2.88223885452233925e-03
-8.38294743075641445e-04 -2.78614625218036619e-03
1.90867757391073481e-03 -2.93592699946487257e-03
-5.46834893941834676e-04 -7.20641441240204347e-03
1.52180039928042320e-03 2.57321528875158797e-03
-3.36134166588912325e-03 -3.48390177530844784e-03
-7.52772687121297090e-03 -9.84562274887683560e-03
-2.25196711740978861e-03 -3.88240799475797786e-03
4.69810013518364225e-03 4.50645632692837830e-03
-1.88628322046148988e-03 1.05151810380266306e-03
1.91611122985433724e-03 -6.56004221916776584e-03
5.49391722985408983e-03 5.44436421676607833e-04
-4.92879577509176738e-03 3.13186131874158705e-03
-8.00321569966876145e-03 -2.67931055419408978e-03
1.64263851718620714e-02 -5.83923766645169911e-03
2.21399222611578508e-03 -6.39135504358942334e-03
-7.66575201376849813e-03 5.36625650116659240e-03
2.37765622412265416e-03 -2.89226957981910358e-03
3.82179008644722854e-03 -2.46888254806113016e-04
-7.46811697357521037e-03 3.42188186939900189e-03
2.95155811849237559e-03 -4.82407848690353819e-03
-3.77074054538227002e-03 -5.76395983447678013e-03
-1.44388459563001056e-02 1.57939778306535050e-02
-5.34012338831493360e-03 -3.64975719195255064e-03
4.05488523370624732e-03 -3.28369731975558868e-03
3.90106175338845833e-03 -6.59687200312274527e-03
5.04207163438542111e-04 -5.04032422883940608e-04
5.01852647129010562e-03 5.68201140463999756e-04
-5.82581012038371066e-03 1.66869793219492088e-03
1.78878843205882605e-02 -8.36972645372529959e-03
1.05796290575580435e-02 4.86223099002236914e-03
1.52261954112653530e-02 1.56717009612675944e-03
-1.15305214455371993e-02 -6.65306462335527038e-03
4.98724595246799289e-03 7.24044381571616134e-03
-3.69467272806952522e-03 9.48916264134239996e-03
-5.16760850691453614e-03 3.90134564668612139e-03
1.28881650493467732e-03 -2.49640392870759684e-03
-8.72856606200789089e-04 3.60676640235038518e-03
-4.22826809226050943e-03 1.05247694812736388e-02
-1.81091991570608260e-03 3.12530734552666145e-03
1.11868421520348936e-03 -5.51367537142396103e-03
1.97211209950014319e-03 5.00776572078925008e-04
-5.40296010209462014e-03 1.82631961264967781e-03
-8.35735458576776806e-04 -2.89473934322762071e-03
2.07135415553331113e-03 2.27967724803430742e-03
-3.53335621817219600e-04 -5.35246602502390499e-03
-2.76557248775812945e-03 -4.78696021949076480e-03
-3.52947267539404998e-05 -4.35527337661110840e-03
-3.83427521701142126e-04 3.76511088246781617e-03
1.98595302605600365e-03 -1.04954539600863629e-03
2.32292606426307219e-03 1.47640407690116703e-03
4.27916669851500717e-03 4.22726088865300973e-03
-2.98359360654924148e-03 -5.35815732004193968e-03
-8.30358930205959793e-03 -1.70343319208034298e-02
1.65190860345196169e-03 1.52588251877188649e-02
-7.11272214811296648e-03 -1.00618078955697701e-02
-2.54235714965833344e-04 4.81076776074861826e-03
-3.43676576049183795e-03 -1.78431609268270945e-02
1.58134738512861577e-02 -4.28871897999793476e-03
-5.41362650443035723e-03 -7.86935977209872049e-04
3.49456619133334387e-03 -1.66972417147006670e-03
6.23108245362184385e-03 -2.62452167579263172e-02
-6.23025428467829327e-03 1.20556359723250454e-02
8.34965284884974998e-03 -6.97756994649511089e-03
-5.86072933675730635e-03 -2.24768658206325397e-03
9.06649338691666029e-03 1.59576008644512720e-03
5.58801482609953132e-03 9.99799249096090976e-03
-3.84388558335798389e-03 6.67870998198280530e-04
2.91910866184145231e-04 1.91804945108139057e-04
-3.39383525456055492e-03 8.82963166744627458e-03
2.27905570672405145e-04 3.82101228185507827e-03
-2.49277281696104989e-03 6.50691932287170843e-03
2.33522595594646979e-03 -5.14086264258096191e-03
-2.50511454223019186e-03 5.46188425572493360e-03
-8.88536588603752037e-03 -2.01214888551682659e-03
-5.95999122675633201e-03 -1.44655375523603685e-03
5.37109734053330297e-03 -1.58979772610376435e-03
-3.69140497443881774e-04 -1.19360878618837013e-02
-1.12704332255403501e-02 5.07958762792862489e-03
-8.48799531824292412e-04 -3.69267253803088778e-03
2.24974851836247120e-03 5.01681737313177875e-04
3.16573061949827241e-03 -9.50501186070734530e-04
3.72564076380298018e-03 2.77964538234043478e-03
3.30273814928225620e-03 3.49571403299041251e-03
-9.89216379328490504e-04 -3.46622649135175896e-03
8.49432900439947656e-04 -1.28355443158176489e-02
-3.46285145141823523e-04 7.18008399235478025e-03
-2.45873585081710425e-04 -8.22422954852660218e-03
-2.74434440176077711e-03 3.91797712293802131e-03
2.56889082503354484e-03 -1.16324981292980616e-02
1.19516537172302106e-02 2.42044175691955021e-03
2.87111391243122889e-03 2.33177407644015715e-03
-3.55920262072936637e-03 -1.29674169350013310e-03
8.54921888376220830e-03 1.06515481521529658e-02
3.14454804888780184e-03 2.97341501215738543e-03
2.84003497750884943e-03 8.46800385521919927e-03
3.47978915684619947e-05 -6.51951111861365142e-03
-3.36068046211249714e-03 4.30487411819571817e-03
-6.59642660044715019e-03 -4.68111634583075220e-04
-9.39667715184471300e-03 4.51045485181554833e-03
6.19383760661212836e-03 -3.55412277680856870e-03
1.11934667791215928e-02 -1.85160809379459430e-03
-1.87755875292080696e-02 7.91320757750245234e-03
5.28681502333856312e-03 -2.28194945793940311e-03
-6.22773921427855859e-04 -5.09625308095647701e-03
1.50042902766559273e-02 4.86867929951019086e-06
-3.53004632214453957e-03 1.17586077408599696e-02
-8.30847023492907281e-03 -4.01532821349462853e-03
8.33642455002180614e-03 -5.07439575342271483e-04
2.09406141199545417e-03 -1.97138454411634710e-02
-1.72152704953411999e-02 4.06028990322524624e-03
2.22283191957089478e-04 -7.01610221026940928e-03
2.27398344953136725e-03 2.11620492029828376e-03
5.72784063367405907e-03 -8.94854137911729719e-04
5.63217297134441675e-03 5.64762671918176036e-03
2.09171556987651800e-03 6.40210511539829157e-03
7.40703158740017766e-04 -3.21673934950575521e-03
1.21888414442313311e-02 -8.33408807600544664e-03
-6.39171349552746242e-04 4.49244968191980700e-03
7.83966784413168104e-03 -5.57816736039953593e-03
-7.40865311638926917e-03 1.05380681353302069e-03
1.06185025596521720e-02 -6.82545205193801213e-03
7.97856889891048263e-03 1.28499747621523761e-02
-5.39317172369749558e-03 -2.35075860654246566e-03
5.61496428360938257e-03 -1.00732705980829409e-03
3.82680860304553854e-03 -4.53321325096229903e-03
-1.43586860925415533e-02 1.95440345363995238e-03
-1.92321354813781943e-03 1.79702313395601769e-04
5.10655090234019525e-03 -6.68659265404008933e-04
4.74078357655277854e-04 6.20994328672964425e-04
2.42283924609340708e-04 1.47869655909077784e-03
-4.74644124130947035e-03 -3.60582833968340873e-03
1.12757586957993564e-03 3.58981196428399731e-03
-2.61809523177526171e-03 1.56963278468728942e-02
1.34280539264277806e-05 -5.96813157468953533e-03
-1.05553810723227315e-03 1.03021461613963822e-02
3.96629370655311123e-03 -5.52834736190532632e-03
-3.77599047774902774e-03 1.34422575800243194e-02
-1.49665147617849114e-02 -3.74896118959744179e-03
1.36985277230071829e-04 -8.70616035992252679e-03
4.48551692097547226e-03 6.27677134376460229e-03
1.93971420156153242e-02 8.85309925015851512e-03
-1.57675301359771480e-02 -1.63979584583764659e-02
9.70433789530936652e-04 4.46549011185679197e-03
5.99381065227588220e-03 9.92269195001908117e-04
-2.81636899290137318e-03 5.49598168979243719e-03
-7.68630347585868255e-03 2.27646464747137704e-03
9.63610859081038412e-03 2.07041359903018972e-03
-4.75649416648375300e-03 1.08619920191623296e-04
6.65310190295083630e-04 -4.92957842451624897e-03
1.59213649882202837e-02 -1.98730309077651190e-03
2.01919375152313915e-03 -2.27423609929892001e-03
-5.86241772904030033e-03 4.72483064824673338e-03
-3.89689164114644408e-03 -5.71793507029867958e-03
9.31062186034078108e-03 1.06083580340679139e-03
-4.00468131528542251e-04 -6.03107991639265009e-03
3.39390627180676148e-03 4.59589780841320166e-03
8.17430600927540434e-03 -2.40031851810557941e-04
-8.58234603750704025e-03 -1.10244258365896214e-02
5.14697416974996790e-04 -1.48583612397848626e-03
2.11920203184081833e-03 3.40931235703443442e-03
3.29822256626410729e-04 1.58963386504157506e-03
-1.55053751586331609e-03 2.13577244647830114e-03
4.16785297302546456e-03 5.62855536965004184e-03
-1.54235546217169677e-03 -5.21671052532278381e-03
4.88537838141590570e-04 -1.69901014663832173e-02
2.54788314396454265e-05 1.19682356009644508e-02
-9.20356016712883785e-04 -1.06049788810425611e-02
-3.74455268375080679e-03 4.52736788171656870e-03
3.16601017854334366e-03 -1.61829262788326655e-02
1.57886254825610091e-02 3.28178141355232184e-03
-8.18090720112902431e-03 6.32767823082443746e-03
3.66790822939190228e-03 -8.83804109679838489e-03
-1.61074521999668117e-02 -9.83050715142491302e-03
-5.91803364355763563e-03 1.96380250149275175e-02
-6.63047517972510485e-03 -1.78211313009802945e-03
4.08065395015617602e-03 -2.60708954969277517e-03
1.17177026519739566e-03 -5.10791781170593252e-03
6.90178607665247346e-03 -2.80020474054778730e-03
5.21777813723078767e-03 8.99579916689307278e-03
-5.63252219335574119e-03 -1.76268286829454890e-03
-5.79015482125716844e-04 9.35462734829415644e-03
2.25956645455617396e-02 1.09613602335146068e-02
9.36590313664249145e-04 9.34942405031888822e-03
-6.94768474333131922e-03 -5.64372925523070387e-03
-5.35791546642870424e-03 4.91627236548864929e-04
-3.72059155109023430e-03 4.21958391287835695e-03
-1.08690550725750899e-03 -6.07466539355779739e-03
4.98290985152110514e-03 5.86732543550048859e-03
-2.01948964587772388e-02 -2.54325616955369772e-03
-2.15978992238314389e-03 -1.94709413394370014e-02
-1.13487716833782174e-02 -1.33453661089964273e-02
3.81130380578826060e-03 1.67300214611145054e-02
5.30838388102192475e-04 -9.72385877936323730e-03
9.21128663160725863e-03 -5.73667921751378537e-03
5.89431108623938126e-03 -3.18727509584440006e-04
-1.31137866202082095e-03 7.09164824580545096e-04
5.19141082095338387e-03 -6.40960507757134049e-03
4.99810166372721774e-03 -6.50877784563308470e-03
4.48180118677734760e-03 -4.68447446507416244e-03
-4.30567078614518210e-03 5.13555372228255685e-03
1.89543602289543394e-03 -3.62698241063286837e-03
8.18406497035024418e-03 3.46171901021180822e-03
-1.00860564386203409e-03 9.03119410440784059e-05
9.76775083959019030e-04 -3.66416043741503851e-04
-4.76928371107456905e-03 -5.84399121511319547e-04
-8.66790158820407875e-04 -3.01450650224013232e-04
-2.58726389278108801e-03 -1.58858666630954455e-03
1.25646772410661846e-03 1.79299104999579555e-03
-1.43270639286809879e-04 -1.91056768077011601e-03
1.81220527811990504e-03 -1.45641297490708022e-03
3.66521164549339813e-03 4.11468464907704078e-03
-2.06141568198306641e-03 -1.64598197851886048e-03
2.14169135481240844e-03 -2.77126595391191666e-03
7.25688048125346964e-03 4.41315343733126534e-03
1.74185295863082306e-03 -9.35443062021833519e-04
-4.23164678046745405e-03 4.67152089634504438e-04
5.07592736318415597e-04 -4.36438337376005361e-03
4.43986657088272715e-03 3.72545523969277509e-03
-2.20233708756976954e-03 -2.48077354402565561e-03
2.56629173493661423e-03 1.20893863594158423e-03
2.93448024080444035e-03 -1.15149797158239833e-02
-4.36459339061132448e-03 1.67931864332536792e-04
2.90430696557483336e-03 -4.75075173633755007e-03
-1.98734729132333610e-03 1.60052396233261005e-03
4.09050765881245181e-03 2.06370670502676213e-04
2.86301257127482027e-03 4.36960126257276722e-03
1.07868042596083826e-03 4.63552366145957625e-03
-2.76066527100590070e-03 5.19257520096031095e-04
7.07367655779435182e-04 1.35112942499358325e-02
1.42868854008806993e-02 3.70625097038427762e-03
1.71574947754655539e-03 1.08303813165573030e-02
-3.58829109596874897e-03 -6.43888388075660595e-03
-3.49180266074116275e-03 7.04528059891514850e-03
-9.51284242284359746e-03 3.02222996994298658e-03
-1.86667985639719274e-03 -5.00991904401374213e-03
4.76936828610981852e-03 2.11408866414819312e-03
1.18894678776812618e-02 1.47089921453643895e-02
-1.70967672699094166e-02 -9.85713037049460415e-03
-4.45339687513686324e-03 7.88638947876649059e-03
1.03225708602953797e-02 -1.15885154504084429e-03
-5.94107526990068132e-03 3.56294862147577517e-03
-7.67750110386763822e-03 -2.30910165745790022e-03
6.53461465584588737e-03 -3.34351443555671972e-03
-2.55737603776646670e-03 1.69292259364883010e-03
-2.69759102924971772e-03 -5.95188922941095044e-03
6.55991069910293913e-03 -7.36576419743670188e-03
-7.32308893663832154e-04 -4.20103986151467660e-03
-7.41097598957718949e-04 6.37818077559102956e-03
-4.69787552392566393e-03 -3.71262348493567188e-03
8.01989783029274234e-03 -4.34402230709972532e-03
1.33546266871896908e-04 1.96112605388598649e-04
-5.48826441314951468e-04 -5.77597307916131726e-04
8.67669627224345111e-03 2.94056677058777917e-04
-1.82831070872764958e-03 3.19871792176834764e-03
3.81635482365553494e-03 3.63425858880681322e-03
-6.90255737876700358e-04 -4.30375972877026450e-03
6.82574809282299053e-05 3.50247730398575794e-03
-3.20159262571034558e-03 2.54252952722191627e-03
6.56495737981630553e-04 1.13267426332045798e-02
-2.20480946883856331e-03 -5.33265050550948624e-03
2.96949967734554902e-03 2.05863547905725324e-04
8.49726427637772369e-03 1.86532388379621293e-02
1.28812203060838415e-03 2.52622110575233521e-03
-6.19108042911778282e-03 -5.55112775017058916e-03
2.89537615615810930e-03 -6.12647751343864053e-03
9.42327739933006324e-04 8.55101523965659874e-03
-7.17602469745947259e-03 2.38652046435492695e-03
5.15696250237386838e-03 -6.27072204205026979e-03
1.22950360098262088e-04 4.53367508832893968e-03
-1.62580361618932107e-02 1.11788965962045673e-02
-6.31683117817473556e-03 7.18813560787192902e-03
1.00228672175700761e-02 -6.00937286973359745e-03
-3.80902493235978426e-03 5.45218176650022934e-04
-2.29802710150210686e-03 -2.99762681954511643e-03
8.32227546121896804e-03 -3.68106768365354057e-03
-4.18725527258686624e-03 5.77100837653157523e-03
1.62658100383649188e-03 1.01789336324344618e-02
1.94505622103856614e-02 -1.66346975799803905e-02
4.46670734025587327e-03 7.06679906771445158e-03
-3.93912214739978745e-03 2.17962799200292811e-03
-7.27235359630871731e-03 9.27384159405965011e-03
-3.44356157081740326e-03 -1.35781161505441213e-03
-5.52350540993981707e-03 5.06680242876142613e-04
6.13763474308324977e-03 -2.25065372908119258e-03
-2.98546296288580010e-02 8.62354259131383610e-03
-7.77180582591777743e-03 -5.96499615549721078e-03
-2.03804149935816921e-02 -5.07736832337084536e-03
1.26721208754625794e-02 1.07669136758662253e-02
-5.48125143113032884e-03 -1.16988396881844182e-02
7.61470805015562746e-03 -1.32409048853223358e-02
6.31386081399862645e-03 -4.51491865422425521e-03
-9.93690879195397456e-04 4.00439190279234993e-03
5.97059904010077691e-03 -1.33095634249255591e-03
6.08627077396368520e-03 -1.65826590768942614e-02
6.03420250059408334e-03 -2.04482842885505590e-03
-3.29387789495584442e-03 5.87109377906004041e-03
3.19740712767236886e-04 2.85977763794357685e-03
4.23321435482574854e-03 1.68106805132319501e-03
1.25688258111955760e-03 2.49017664204693881e-03
-2.35451767276450815e-03 -1.88683262706477507e-03
3.98902159341487511e-03 5.25800956013514325e-03
2.47130457003994072e-03 4.69240604499189182e-03
1.77774945573846337e-03 5.23028038447443180e-03
-2.63496026798703935e-04 -4.81699699185434132e-03
-1.75671943847293473e-03 2.38687148148563916e-03
-3.47539282982921999e-03 -2.79689165387775860e-04
2.19444841016641938e-03 2.79584712562153982e-03
1.71867737809738028e-03 -1.19207117353175066e-03
1.36010151435363696e-02 -8.25651935666286453e-03
-3.31729914048384689e-03 -3.30163374936426638e-03
9.21302300708764892e-03 -6.49401096728028596e-03
-6.39748519574636146e-03 3.04825807924603539e-03
1.11747124876539119e-02 -4.13591112460013396e-03
7.74639538900327891e-03 1.19249060434476924e-02
-2.42229452423511557e-03 -4.85367483683856338e-03
4.42309891968234708e-03 1.59406707544418064e-03
1.91577174635483433e-02 6.25202386027241472e-03
-1.72777149448573551e-02 -4.32009141606902632e-03
1.63420818995487459e-03 7.49317342326394093e-03
6.46145370876762774e-03 -4.42614119659973538e-03
-2.62312289533501259e-03 6.31039435657347429e-03
-7.77088971580866712e-03 2.77504258468964796e-03
-4.19929720489313810e-04 -3.16758080376208827e-03
-5.62425642629549587e-04 -2.67506140349137460e-04
-9.79562117706656889e-03 -4.26104735003912747e-03
-3.21134698019448842e-03 2.21948282765216907e-03
-7.29429413663246033e-03 -2.84185735362186805e-03
5.09541589888324632e-03 2.31867290380529615e-03
-6.00305011185483638e-03 -3.85893653852000494e-03
2.86957169554805276e-03 -9.26668279973104358e-03
-9.08576716191810850e-04 -3.62170272333881471e-03
2.61461404796389232e-03 2.32572810261386575e-03
5.70049151896588526e-03 4.12987083418365065e-04
-7.11080990257812514e-03 -5.87356493861993217e-03
-8.80370077409055568e-05 -2.75592255178674537e-05
2.28992404986497981e-03 1.37611285965407999e-03
-1.87363075028159536e-04 1.26888728817138607e-03
-1.42753656310856919e-03 1.17839461347973157e-03
6.05537070579766925e-04 2.94390794775501027e-03
1.00698556848891562e-03 -7.07350511041876604e-04
9.40197993625335737e-03 -1.39025266207249126e-03
-3.48151482254517618e-04 -9.39557970552690560e-04
6.50431379770069137e-03 -1.22401275965402221e-03
-4.63313880374843258e-03 -2.59397060326340464e-04
7.17578934017738205e-03 -2.50230157577430157e-04
1.57904240014307374e-03 8.84942238012334688e-03
-2.41726276321298011e-03 3.44041253921825588e-03
1.17203041625580403e-03 -3.82962250643911935e-03
-1.50634437283268009e-02 7.66612850347966369e-03
-1.20416238983248416e-03 3.30406450514266533e-03
-9.82426282619221734e-03 1.21554793825283630e-03
6.28991634294880780e-03 1.44505412204033799e-03
-4.08089721089567939e-03 -4.96950753943403104e-03
2.17864098062693461e-03 -7.60912257592400061e-03
-3.47901866368373856e-03 -6.19600461734805263e-03
4.26148720862389030e-03 5.59616720010007104e-03
1.14633332699551928e-02 1.04701520722679988e-02
-6.88530034678270196e-03 -1.98628600074661349e-02
9.07867743372451665e-03 4.62100455229823986e-03
2.29681372316926650e-05 -1.04635547859109460e-03
6.89879898567292028e-03 1.50967515606985972e-02
-1.04398215942165650e-02 5.59414276633652188e-03
-8.70641907033552014e-04 -7.84335261463663287e-03
3.92577430222201557e-03 5.23538320165140621e-03
2.42873480942294509e-02 -5.36085348100496118e-03
-1.38134492634307254e-02 -8.10260022993554083e-03
8.25294890722859387e-03 1.43003089784468629e-03
-1.20714604412976845e-04 -1.80247997316892029e-03
2.59269601143354055e-03 7.36330334028295445e-03
-5.37812685856869487e-03 8.63193922083765018e-03
-1.44974602659523407e-03 2.16738529226556632e-03
3.12002688279636707e-04 -6.46554899720976680e-04
1.78300445720825165e-03 3.09315004898014050e-03
4.31026260583560090e-04 3.00786577661018390e-03
1.06788543380048010e-03 2.42150867763265068e-03
-9.47943686344571591e-04 -2.68651619110048126e-03
1.55238854617137031e-03 1.56522926917302546e-03
-3.05919888108206013e-03 2.66351417257794983e-03
4.15554233955889437e-04 4.10825129737874277e-04
-1.93339924596677216e-04 -1.88463151102842845e-04
-2.67594575746236832e-03 5.38556859707446829e-03
2.25014255582361967e-04 -1.71169264243030612e-03
-2.75430148610781569e-03 1.39815410933719704e-03
2.05938177670767029e-03 5.52146709267047867e-04
-2.07988617281888071e-03 -8.40344747961806887e-04
-7.42093688316244481e-04 -2.60321968255806035e-03
-4.96419348524820316e-03 -4.83672066088672303e-03
2.89039905107067209e-03 4.41719473083233805e-04
-4.90377505523821935e-03 -2.53615552624345464e-03
-1.30595335595778614e-02 -1.52160881712068625e-03
-4.50176039483804295e-03 -2.89373742223689081e-03
6.45917466150295119e-03 9.66373598879306686e-04
-2.78707928900061958e-04 2.98720381328771280e-04
-1.11327145808623224e-03 -6.14119189553618324e-03
2.64549759635477385e-03 -1.91108789496575440e-03
-9.65442298313783131e-04 3.74170093660294769e-03
-9.73402937512272623e-03 -1.86703283610800339e-03
7.59938530472271511e-03 -9.77079229636922120e-03
-2.23350618515955708e-03 -7.35751668265804178e-03
-2.74461052013273785e-03 8.05807406170327284e-03
1.33441119037362092e-03 -4.31596881063060073e-03
4.57119038870749082e-03 -1.79976224346859413e-03
-4.25361951409040928e-03 6.42927364517970057e-03
4.67529249137913237e-05 -5.58215106453731000e-03
-6.09214293701228378e-03 -4.03442109061658092e-03
-4.50427796802701803e-03 2.02625545651624536e-02
-6.36425191270239936e-03 -1.18110748576483681e-03
1.75830512345678900e-03 -4.20320711248180212e-03
4.09128329884168881e-05 -8.21124327401361910e-03
1.16279523169547259e-03 -8.27000518994998714e-04
3.70238887328836527e-03 -5.22917961686117589e-04
-4.00944585311990669e-03 2.78953838590208962e-03
6.20229061530386434e-03 -1.55671262379352381e-02
1.19017636408141267e-02 1.42408742530512888e-03
1.14811240351738540e-02 -6.38202597083661633e-03
-1.21019773255655189e-02 1.82236722592840037e-04
7.29752232727905875e-03 2.14228109135043265e-03
2.80016095313320246e-03 8.18146435891935024e-03
-3.37619456028331920e-03 4.64799159607323653e-03
8.76151225940177084e-04 -1.37594745149003262e-03
4.23832367027412744e-03 6.77587726426652406e-03
3.96161630339810747e-04 6.30247019935940324e-03
2.54147204422278811e-03 5.22031293343514207e-03
-2.03589833612490218e-03 -5.89075173693630588e-03
3.76423691877122556e-03 3.60155250459971536e-03
-6.81198812057150997e-03 6.05900139040145384e-03
-2.34414891269112266e-03 -3.36984280625931025e-03
3.48781252938232906e-03 1.71405684240070891e-03
2.75072833666320342e-03 -6.20577975755981070e-03
-7.27980651698961929e-03 -3.23734998434517356e-03
2.16146042165946638e-04 -3.18766294923352855e-03
1.03978436376101022e-03 2.37324627390755709e-03
1.98855500542842152e-03 -1.89451537700492373e-05
1.50497604183637713e-03 2.36318176440247383e-03
-1.99031684074888046e-03 3.09797388541858520e-03
-1.29623812863742912e-04 -8.89536853220923075e-04
3.79289181143787572e-04 5.64208987369934061e-03
2.19261341763340089e-03 5.36980981375980923e-03
1.10333985118549861e-04 4.56394800947532674e-03
-7.46438291313756414e-04 -4.33747011700089721e-03
2.48223321188680631e-04 2.49974232517707765e-03
-5.26236168839812422e-03 2.13925386881655107e-03
2.43227653464586592e-03 -2.09859419851023696e-03
-7.14417808328668608e-04 3.42011319462298983e-03
-4.86432309133344887e-03 7.69050965882824640e-04
4.77034152039879349e-03 -9.05384682348536231e-03
-1.43515269470047735e-03 -4.36343709141360104e-03
-1.49265532489332780e-03 5.73854908541709952e-03
3.31018222158906920e-04 -2.40302523932010717e-03
2.07942266013283169e-03 -1.32172556083058981e-03
2.66092488485773554e-03 6.83520323347675744e-04
-5.12080899688707476e-04 -6.63226882620920465e-05
3.47172684125969001e-03 -3.29240631460236662e-03
2.25692575152358372e-03 -2.04902646845895936e-03
2.71916183272338883e-03 -2.32371619010651948e-03
-2.64970678386640098e-03 2.08427372102008368e-03
1.87745904768066210e-03 -2.12264225531958893e-03
4.05029711832919411e-03 2.89164618975903736e-03
1.09945364744654323e-03 -1.75734525533234777e-04
-8.31021449839649401e-04 7.75519988428449128e-04
-3.83489422577331838e-04 2.63608546551785195e-04
2.43683675290072956e-03 -1.63061305056161777e-03
5.18112961162783630e-04 -6.81084337713990114e-04
-1.12807579593107656e-03 7.94370681544423300e-04
1.86292286107621764e-04 -1.61910595102930340e-04
1.59523677071989387e-04 1.55189136184247623e-05
-1.40029502595753925e-03 1.24214667967121814e-03
6.05250199568296886e-04 -2.70182409537746214e-04
2.03559585066958801e-03 2.39546575999999029e-03
-6.74675316439672006e-04 1.25316529684744407e-03
1.27604108817087306e-03 1.67908305078234886e-03
-6.20940713970380702e-04 -1.92784191140212219e-03
1.81011210119783376e-03 1.69768521372956399e-03
-2.55286849221792638e-03 2.34844120285867229e-03
-8.78157600868015352e-04 -1.32918928035629866e-03
1.20388709075893623e-03 7.53968264879478853e-04
1.56122179346683890e-03 -4.52421934821188934e-03
-2.18440022162692902e-03 -6.20848213632189320e-04
1.14284405976499532e-03 -1.98033305387850488e-03
-6.57363548827407892e-04 8.65203945888450292e-04
1.62449219139859289e-03 1.44597767551379956e-04
1.05284767736408820e-03 1.82355329514609734e-03
8.00232092205946767e-04 -3.75761016510223482e-04
-2.06099657680759675e-03 8.65131543508003680e-04
-6.01131283969245575e-03 5.74406379775783526e-03
6.81036981562918239e-03 1.24797963875636201e-03
-3.52456809920491127e-03 4.73511805064831710e-03
1.40468937356308149e-03 -1.73663520140879659e-03
-6.54369484105989281e-03 2.63263581459132487e-03
-3.99356607066615570e-03 -4.90911552500900277e-03
3.19587914231630760e-03 -1.65736671104140237e-03
-1.24589377947771141e-03 2.70392310770366890e-03
1.17406681753056633e-03 1.21222673159583749e-02
1.59858381863993643e-03 -9.61452395000721681e-03
-2.49027556397552483e-03 2.89101600688346618e-03
2.34489855276077746e-03 1.87415880036822819e-03
-3.85740115393443193e-03 3.46497511675969091e-04
-3.54877113593877027e-03 -3.35431639771792498e-03
3.41759791152060257e-03 -1.32914185889963858e-04
-1.04181980080145925e-03 -4.20476614962467008e-05
9.95635661937802887e-04 -4.88359153808595649e-03
2.69363340929997279e-03 -1.98336516585251007e-03
1.02463667318966069e-03 -3.34470042879675194e-03
-1.77662581360393292e-03 3.22486452885648424e-03
-3.05889701086956378e-05 -3.55573449291029945e-03
5.65901767185091921e-03 4.88391680103960257e-04
-7.84865208291749233e-04 -5.82748643480566477e-04
7.28951219438440001e-04 -1.80942786116825244e-04
5.46640244638240628e-03 -1.23628040933948589e-03
-3.37905805299571664e-03 1.52737127121599283e-03
1.95018677060167082e-03 1.51895123813103718e-03
2.28161941532385205e-04 -2.07951815541775054e-03
3.92733396066950052e-04 1.96076971644076111e-03
-1.48027135226338016e-03 1.88373727279339391e-03
-1.94235090605899099e-04 5.06636733409027845e-03
-9.49943357359629595e-04 -1.95055254716502177e-03
1.60188149859239858e-03 2.75328647551955274e-03
4.62688829569353737e-03 7.76338157159198357e-03
9.32136331442867368e-04 2.97366136980697091e-03
-2.76372494033265805e-03 -3.56254609653902090e-03
1.04540116332786973e-03 -6.72006853387310961e-04
-1.90154942488453835e-03 4.06223558596615145e-03
-3.72314493452591050e-03 -5.53406592408213298e-04
3.53556925962108821e-03 -1.96066126534474991e-03
4.60764516118390439e-03 2.94544279958459335e-03
-1.14742198969741121e-02 2.95538701008979648e-03
-2.37986422072163388e-03 4.35018150946578277e-03
5.85208748523246419e-03 -3.10192437369232734e-03
-2.06735351360671279e-03 1.60846570317986102e-03
-2.60088553749750467e-03 -4.89795625958053303e-04
5.62255876234098260e-03 -1.67798636916504057e-03
-2.58735737216215199e-03 3.04039174062953679e-03
1.84465575704909437e-03 4.17348938029432365e-03
1.16623636455362150e-02 -9.48921701800959673e-03
3.20636913875590578e-03 2.93733335522836526e-03
-3.09472696341157785e-03 1.99763760963098287e-03
-3.51807026654685174e-03 4.00500833181142990e-03
-1.91760740873534417e-04 1.14861278557726768e-04
-3.18158718221498577e-03 -7.11933378643518221e-04
3.93450838874625630e-03 -6.32205834812244881e-04
-1.31984354464783210e-02 4.80804397373458745e-03
-6.38754277098843148e-03 -4.41095105691448070e-03
-1.04188501148664778e-02 -2.21704161440469281e-03
7.33503811489993884e-03 5.55909621327270540e-03
-2.98803485197524608e-03 -5.43019367476673363e-03
3.22970924129249368e-03 -6.41828223949830919e-03
3.73869045169263883e-03 -1.93728546277936731e-03
-8.46715080596814542e-04 1.42155459621468049e-03
1.90253745840450374e-03 -2.91072270983541975e-03
3.12382756235293681e-03 -6.74172045607097838e-03
2.11485692580711112e-03 -2.40241850908313364e-03
-1.59411436870121343e-03 3.70093603439097894e-03
-3.21769229063161141e-04 -7.73020024022503952e-04
4.19578125306837614e-03 1.52168845184079974e-04
-1.53282403845169925e-04 2.07368187478389285e-03
-8.84909389733689895e-04 -1.97304399601022206e-03
-2.51912669541192911e-04 2.43749967531243844e-03
8.09552829218587299e-04 4.31918961923977163e-03
-2.39132096835883577e-04 2.66612012100121655e-03
5.72823436015356931e-04 -2.64956745500427538e-03
-1.08269513222300560e-03 5.00817229071700383e-04
-1.10126696621107864e-03 -8.75316667115297580e-04
-2.52348766194348487e-03 3.48967998413976922e-04
3.83841041930992185e-03 -1.54658251834104658e-04
1.19270277894574818e-02 -3.28804793230404874e-03
-1.00056175747473119e-02 -4.79466030789704473e-03
7.64200873968445479e-03 -3.73384644730985222e-03
-2.61615096217860136e-03 5.51765657003254278e-04
1.12243302438282868e-02 1.03407407469848249e-03
1.12812471917052618e-03 9.56223096954135661e-03
4.26310947717866914e-04 -2.56972163898171700e-03
9.16262763624403338e-04 1.27205379911734542e-03
1.60877845028617635e-02 8.68557456286746417e-03
-8.46819003365511212e-03 -3.25614863643773449e-03
2.66431653294436303e-03 7.83144891786490167e-03
3.45643613408344683e-03 -4.86225376460050832e-03
-2.94386067233369693e-03 5.84906302388581503e-03
-7.76171926007070394e-03 1.72102434922460370e-03
1.70463744905448316e-04 -2.97986954375387960e-03
-3.65383273355779034e-04 3.61737789999826945e-04
-6.30805661643892186e-03 -2.96981161981858376e-03
-2.05366472189167336e-03 -5.76473034266466490e-04
-4.53397599303800511e-03 -2.16929605922189846e-03
3.46575240303337046e-03 2.24983052511122184e-03
-4.17629795692663931e-03 -2.11024559377829190e-03
2.20353451928208179e-03 -6.52050098951545507e-03
1.86753009730047503e-03 -2.84738777354902155e-03
-1.89277504271111153e-04 3.01958048111223556e-03
7.54965301908619695e-03 2.55687712799404368e-03
-1.05034895963579053e-03 -6.55985557817165971e-03
2.41767047409734669e-03 9.57319605682328822e-04
-5.19616239703146526e-04 4.63556607040822182e-04
-2.76454887316193211e-04 2.33526918686817898e-03
-2.75025249234406733e-03 1.61682131717987140e-03
-2.12483490468160343e-03 5.63875153561886329e-04
2.21493934362788827e-03 3.78494738208735675e-04
7.50119822225260233e-03 1.92688171610314127e-03
-4.33522043936131630e-03 -3.09191096789088139e-03
5.05560329696215158e-03 5.62724867170846322e-04
-1.74774238843915155e-03 -1.40061207378550405e-03
6.29776106764822971e-03 3.40131908630452069e-03
-2.64875229290991452e-03 6.22421843947566257e-03
-1.66358726457172803e-03 1.98188158537709706e-03
1.00548641992283315e-03 -2.43550918790420845e-03
-8.52717631491188045e-03 6.24044300585618796e-03
-1.99075207235566414e-03 1.73455372905315791e-03
-6.52680637080750321e-03 1.66921704810865418e-03
4.80611842881240297e-03 5.34665195125642347e-04
-3.14135717123864046e-03 -2.77885145146767416e-03
6.33078864053782651e-04 -5.04216957493326332e-03
-1.25402333832935211e-03 -6.58333579035791719e-03
1.92982641485964831e-03 4.20457030139523725e-03
1.85014541751963441e-03 4.73505017662373233e-03
-4.24800149654337190e-03 -1.40101098419387251e-02
2.12163725749151379e-03 1.58295199924734305e-03
2.57134001260975924e-03 1.44797933306435437e-03
9.25323377513359742e-05 8.20350931802604766e-03
-4.78386382446356444e-03 -2.16473818235546648e-03
2.62340387246616904e-03 -3.81199835636652140e-03
-6.15285779041739892e-04 4.13033706324589852e-03
1.21164443654405412e-02 4.16339130701324207e-05
-5.03342048386986088e-04 -7.35134646853190070e-03
5.52010804124532066e-03 5.56416390117169478e-04
-2.56896060176653972e-03 -4.80736332865147798e-05
1.04176152879273593e-03 3.85274770703645597e-03
-3.36705642424024992e-03 4.00409657502775063e-03
-3.57766788169959883e-03 -9.94457079587520191e-04
1.36430761140268536e-03 1.56962354950223909e-03
1.09572343269352733e-03 8.90794812829662393e-03
-1.61546474359064874e-03 -2.55406989499280162e-03
9.60879610030412347e-04 5.75441051775265645e-03
1.39995120329493056e-03 -3.91983773543921801e-03
3.96615308328354720e-04 7.79958106568642666e-03
-8.93081425955098533e-03 5.02954649009820722e-04
3.27104526511673216e-03 -2.36693293039964663e-03
-1.43895914489648312e-03 3.54797546362263126e-03
3.47708486460111734e-03 3.98387593562879103e-03
3.25840834518068348e-03 -8.48085446699313981e-03
1.42751315058559634e-03 -2.98920523982416258e-04
-1.46492030325552983e-03 2.23444208659786528e-03
-5.50185485744974210e-04 9.10538751534098207e-04
-1.75716489516300240e-03 2.20419229549951169e-04
2.64957680526542710e-03 4.24815616971429123e-04
-2.59582395101103222e-03 -1.57861583977734685e-03
-8.79931237357025643e-03 -5.43446733579604387e-03
3.98217886617567140e-03 6.43726234513774479e-03
-6.31373534981607195e-03 -2.67585148154460923e-03
1.68721300069529746e-03 2.19614645756649246e-03
-6.47815865981852049e-03 -6.99356829217525223e-03
5.70966236368505159e-03 -6.70526427438121204e-03
4.10634632969898716e-03 2.65258635792607568e-03
-4.00650841357834409e-03 2.17825022224673269e-04
-1.20814463606694882e-02 1.09799750730466029e-02
1.15640081964092523e-02 -4.47313982027696625e-03
-5.03565239439159647e-03 1.89723426850744298e-04
-5.28959248321697232e-05 3.25520314403259002e-03
-3.54996125012484046e-03 -3.72384301619537198e-03
6.28698991501292436e-04 -6.52474537892123660e-03
-2.39763429855367185e-03 5.59719280065004102e-03
-1.41936767178797728e-05 -2.40970785818680252e-03
1.85221344246274929e-03 4.07780253500095776e-03
1.71366234760993229e-03 9.75753898200030188e-03
6.92556791824350975e-04 3.82867731878206146e-03
-2.00093276758788775e-03 -5.21161504071456991e-03
2.28331614811380472e-03 2.65234266018555208e-04
-4.12729143650260918e-03 4.69694410277075869e-03
3.27181395234496866e-03 1.04667814810173085e-03
-2.87264569232233927e-03 1.17754299560570309e-03
-8.10926018057448426e-03 4.63138214814492848e-03
9.21281415640293200e-03 -4.50904579373983486e-03
-2.23448089431108228e-03 -1.87297745853920537e-03
-1.67898365098632842e-03 3.46999656937363021e-03
-1.13368710422567169e-03 -2.73851304847975464e-03
1.43919948368772567e-03 -3.32678833518440607e-03
-3.32115713016792888e-03 1.02085483911809279e-03
3.32792825839335962e-03 8.25925545635193634e-04
1.19175861866843338e-02 4.49200469540340062e-03
-5.72739872691666128e-03 -5.12901624732811385e-03
8.17811524645099992e-03 1.95785289113505285e-03
-2.93802737858680097e-03 -2.74406646361461228e-03
9.58594090095580935e-03 6.36080854205948489e-03
-5.27686981723211272e-03 9.96374302652037330e-03
-1.74576312886117932e-03 -6.13628149750411380e-03
4.20369800803750259e-03 4.10683151260738278e-03
9.71419109540362299e-03 -6.98273494347735873e-03
-9.98341119626047768e-03 -7.75950594989889466e-03
2.71239585128377160e-03 -3.24105039712877744e-03
5.25749351971028871e-04 2.75238066103069418e-03
2.66757713586853991e-03 1.99476648182706330e-03
-1.12312850500226579e-04 4.71525098541831188e-03
5.17922997061800398e-03 -1.00245817087303134e-02
5.70981892139348535e-04 5.70949669615558077e-03
3.35560569911905930e-03 -4.50131922289462912e-03
-1.34822306342665169e-03 -2.34114128654546970e-02
4.05766866504072687e-03 -5.43955144834762372e-03
7.20993251277686118e-04 9.17314500601036295e-03
-5.75607834119258371e-04 3.35931524470023954e-03
5.70858276991586481e-03 -3.33229801617264745e-03
-4.71075059460625539e-03 5.56186963505462140e-03
1.56108761619995896e-03 -8.23503481323290161e-03
4.32689479530257073e-03 1.36784347057643946e-02
-1.16552133345494101e-02 1.54351793128467071e-02
-4.68633377291527691e-03 1.41620501539282614e-02
9.81908050346029862e-03 -1.15774135337322753e-02
-6.78884229916317753e-03 3.32442863515189542e-03
-7.11505452494713263e-03 -4.29385326158144686e-03
-3.60235516604161775e-03 -3.35805390003474048e-03
1.27197997258250055e-03 6.78117763359464940e-04
-5.85562585685094235e-03 1.63379795992771911e-03
-6.36962158202684231e-03 -2.06529212324146059e-04
-4.58244331913834103e-03 6.66204345093016547e-04
5.18199302198693069e-03 -6.72349969284779321e-04
-2.84357180557370240e-03 2.00304184723002843e-03
-3.46065408655983793e-03 -6.15412782406934197e-03
-1.41849281420998935e-04 1.89959857065552669e-03
-7.74316180612585154e-04 -1.90819640620182567e-03
7.61828800603322337e-04 3.58188348981877507e-03
3.05273451589256593e-05 3.93886647818348246e-03
-3.14429311728795576e-04 3.41329754736064729e-03
1.08675408660782583e-03 -2.98691179338652670e-03
-1.49886855153795375e-03 8.84344368844989289e-04
-1.78405108665794128e-03 -9.75241460981308419e-04
2.41967045737866279e-03 -6.14524242940000728e-03
-9.81608442226662541e-04 2.86385761965854673e-03
-5.99245726286395247e-03 -1.02793280221308010e-03
1.15670092868580044e-03 -8.81089883477969606e-03
-3.31223009752367641e-03 -1.33521566220398159e-03
3.42532131991087540e-03 4.24062764344997761e-03
-6.23784971775574997e-03 1.11799403675759933e-03
1.76707796700897217e-03 -8.20335684006036868e-03
-7.57675344224107930e-05 2.55205968716370329e-03
-8.60248777968245469e-04 -2.01083293775859966e-03
-7.43834226878138747e-03 3.99810354461262955e-03
2.76921452957025211e-03 2.53604499911410340e-03
-3.65744377539546379e-03 8.50299411063141532e-04
1.51306321472374013e-03 8.10311161183987274e-05
-1.81978607468560676e-03 -2.17651717408155016e-03
8.72962446694565582e-04 -3.55802469442755703e-03
3.63321772244563912e-03 -1.17771514233888761e-03
1.50712364438380995e-03 8.24218694729403036e-05
9.99759013832051714e-03 -1.19637177312396214e-02
-4.94353557593810514e-03 -8.26532604023732555e-03
6.92941766448395766e-03 -9.57841008099755316e-03
-4.02671688126219132e-03 6.75962559145996435e-03
8.28533889131726105e-03 -5.53668131614964108e-03
1.11437954979011124e-02 6.84092893590019201e-03
-4.29954579186481427e-03 6.40799373155038089e-03
-8.67477094585251485e-04 -7.20629630246823975e-03
-6.55613548251792150e-04 -1.94752215783062510e-02
2.56988263625689169e-03 2.39151423975026076e-02
6.91349059380935889e-03 -1.57636496414697300e-03
-6.29347976958217689e-03 -7.86826866184797344e-03
6.32308971276398981e-03 9.70599249691672444e-04
4.49921015971527314e-03 6.13266944463839586e-03
-5.91980265057609392e-03 -1.97752792432363388e-03
2.76115794304059633e-03 1.01805394105806339e-03
-1.38544478986357054e-04 6.66430762203344164e-03
-7.87979417123711029e-03 -1.28431277028912732e-03
-6.14889910882062568e-04 3.82358487141094610e-03
3.59882741518236090e-03 -3.73006427750308036e-03
1.48468549348168880e-03 6.67348189376769981e-03
-8.56132141887097457e-03 -8.43827666408609837e-04
9.05218208841260968e-04 -1.03539887093455200e-03
-2.98499055586329352e-04 1.63080706108503673e-03
-1.90944167198779267e-03 -3.05834271335526930e-03
2.69120072525194133e-03 -3.14773406760434369e-03
6.20438365283964600e-04 -3.30496115618589097e-03
-2.02860265216915072e-03 2.72254881897864833e-03
1.45820766016692177e-03 -1.06420808197465176e-03
1.86476394866791286e-03 6.54853904543959754e-04
6.09520440094808106e-03 -5.22958341552930226e-03
-2.65423918712709601e-03 3.22529500241127256e-03
-4.25340942436709668e-03 -1.72883463187554175e-03
7.73284534435761742e-03 -1.06853411866292998e-02
-1.35539042274104480e-03 -1.47037537367728129e-03
5.61259896751967863e-04 5.67182399799205823e-03
-6.95592540110625927e-03 1.46001197082773563e-04
4.39211611782477137e-03 -6.58496008544894994e-03
6.00159503094478079e-03 2.76207809452764380e-03
-6.60495632156485844e-03 7.88281920147441365e-04
5.24357548395165576e-04 3.47100077999865173e-03
1.54150816171720589e-02 2.07664779568284637e-04
4.88691613693568137e-03 1.12800336216154840e-03
-6.80582687920556172e-03 -1.59377319855926597e-03
1.67963435241839210e-04 1.21447841759550349e-03
-1.51579689255964493e-03 3.60896541854862610e-04
-5.35066600794828311e-03 -9.34875752617641003e-04
4.29241551975279977e-03 -8.14130704026873623e-04
5.20983480186159535e-03 -3.52694303568403976e-03
-1.44929741228725911e-02 -5.66020455971464448e-04
2.24107551084135916e-03 -3.77100788750050434e-03
1.67121173590657627e-03 -3.06552070538341148e-04
8.02252932854868178e-03 6.14211640037290750e-05
-3.38395975475910024e-04 3.84695900042238527e-03
3.65711097990019645e-03 2.17751315498839176e-03
-4.25833936014100110e-03 -1.17905793242679383e-03
1.50852795835050811e-02 1.33964669544537601e-02
2.23958772680030128e-03 3.37130345792271535e-03
5.12724820482620032e-03 1.17347061027647664e-02
-2.16059257148633299e-05 -9.29963317367455376e-03
-4.10304098046695813e-03 6.92785314115949066e-03
-9.68261573569744773e-03 6.92762183673679434e-04
-5.19883345139192550e-03 -5.57296375690018359e-04
3.15473339418787316e-03 -1.48477327052184537e-03
1.00182740292681279e-04 -3.49401388799013002e-03
-1.25283226198898093e-02 3.50301855297928530e-03
-1.43885616410543006e-03 -3.12349117292923164e-03
3.14166172731336667e-03 -7.60464688374288319e-04
4.23704862785334504e-03 -1.61971566389588302e-03
-2.38307552887430060e-04 1.14784819291307964e-04
-3.10647781978392787e-04 -2.62792080465626757e-03
1.30136158441252229e-03 2.29828193726185027e-03
1.54589954684685674e-03 -6.97054619585012625e-03
-1.22256193437620753e-03 -3.58233328845572289e-03
1.95715640701710778e-03 -4.32450779058907164e-03
-2.01930087523388138e-03 2.84070238355635602e-03
2.78880957827934211e-03 -2.32952074347692392e-04
2.09707163089174363e-03 2.74547353029499543e-03
-8.48765811196008392e-04 -2.99460092238716972e-03
5.53859147955415142e-04 5.75432102268965827e-04
-3.78227299094836779e-03 -2.08505833779512335e-03
-4.06465142595034429e-03 -1.84873124366974036e-03
-2.86546180287897004e-03 -1.88570640130351626e-03
3.11493289572218300e-03 1.67699816157676007e-03
-1.95496838926119713e-03 -6.35103751838999296e-04
9.49506178135981795e-04 -4.52922100336534961e-03
-5.12980159664714187e-04 2.23531189949164114e-03
-1.08132846775844667e-03 -2.10458954796664474e-03
8.62784924273026508e-04 -4.52294356364470271e-03
2.17961698367864906e-03 7.20197442666044296e-03
2.77235139839092674e-03 3.99454568526648598e-04
-2.41145471916430097e-03 -3.03567303412857845e-03
1.59734913894590716e-03 8.47474041802045086e-04
5.44509112176923661e-04 1.87308547637715065e-03
-5.03788051040310238e-04 4.46270491666639932e-04
-2.77257258951491426e-04 3.65574713568893827e-04
-2.98776179617930013e-04 3.80775549074186112e-03
2.04969842377102258e-03 3.43091787811429223e-04
1.45349309169899955e-05 2.82900565077767946e-03
-5.38232421090954429e-05 -1.73714635415160861e-03
-9.34561570938727054e-04 2.46474855540927944e-03
-3.18334369789699621e-03 3.84706808062455489e-05
7.13866686580283443e-05 1.30446445158652227e-03
-8.05562650305965446e-04 -1.13135164278407060e-03
5.87692014532732558e-04 1.20114303403463630e-04
1.18895195785382181e-03 3.17259593248035840e-03
8.63012939209149930e-04 1.28045243038420816e-03
-5.66076284601778985e-04 -1.85497569990186501e-03
-5.50333881730683412e-05 5.88563373440017254e-04
-5.24906143173698488e-04 2.23051837399543577e-04
8.26906124767725286e-05 -1.92025572101943995e-03
1.97126568187797589e-04 6.22655590004463641e-04
-1.49784162758503101e-03 -1.19370162408026764e-03
-1.59102444390013748e-03 -2.29503127683367740e-03
-1.00870024351860563e-03 -1.14351789620116139e-03
1.34880277912533355e-03 1.35087507983255839e-03
-1.01050980021556084e-03 -1.06007935346198718e-04
8.45591974134883573e-04 -2.22901073076239896e-03
1.52073577783901873e-03 3.94172978704245827e-04
-1.38979531103037429e-03 4.83705528361673198e-05
4.30731010291473398e-03 5.92169958892066819e-03
8.43345942231455846e-04 -5.59844898797431110e-04
9.11316468312846632e-04 3.85274638639176124e-03
4.85992036449654308e-04 -2.33691064625009834e-03
-1.86461524728386658e-03 1.97169220206169001e-03
-3.32580260487443276e-03 -4.58689710297477871e-04
-6.80413666007360961e-04 8.34443078301433513e-04
1.00984485590745578e-03 -2.03022277676064228e-03
3.25385900710210656e-04 -7.75039359337223368e-03
-6.06227773432100204e-03 3.95790031813795032e-03
-7.89071831003655016e-04 -5.48302004233194775e-03
3.54235785168338494e-04 1.87725536613478653e-03
2.94235821206050453e-03 -6.00200028473052427e-03
5.65027153685740847e-03 7.77652922732741114e-04
-1.36421228954340342e-03 2.61021053419672371e-03
-3.82444671202119071e-04 -2.36599421337839325e-03
-7.30454942442103350e-03 -7.20179922038948969e-03
3.52918659351079099e-03 6.81854296124784556e-03
-1.89320185919334110e-04 -3.27136405560016132e-03
-2.22080477758794569e-03 2.09275252798058397e-04
2.25977798380559702e-03 -2.36239885821016129e-03
4.13427351958527318e-03 2.00725410708832463e-04
1.07491999353422356e-03 -1.16173819635403941e-03
-5.88540530127649162e-04 9.56727760542028108e-04
-8.91465851196719802e-04 1.14424045594150366e-03
2.22463324021020476e-03 -2.63928110579952349e-03
-1.68802382154173365e-04 7.43609430822548753e-04
1.59878763363544864e-04 6.33727468159479010e-04
-1.76387127172318689e-03 1.19176615287097209e-03
-3.60449846070536322e-04 -1.40333394052475019e-03
2.08444961691525450e-03 -2.60668318221114802e-04
-1.70359518256141653e-03 1.03450709017216861e-03
4.67696109972437317e-03 2.69399168324546429e-03
2.55601505912255193e-03 -1.66754348980899312e-03
2.48336827774075109e-03 1.83382766777827485e-03
-1.50247558477634288e-03 -1.27867421067461170e-03
-4.09975836994676669e-04 1.89686512421296258e-03
-2.30655357749333292e-03 8.89696333058257014e-04
-8.40846938041465595e-04 6.02525333338669016e-03
-1.03898957998753753e-03 -3.56510810064112086e-03
-1.38262213459940651e-03 -8.16370303409268377e-04
2.48145643905710095e-03 1.30340000284523919e-02
-1.81762593967117400e-03 8.73078335098708552e-04
-1.62607215994161019e-03 -3.33062309907411220e-03
3.83581247994549510e-04 -4.64567828104084802e-03
5.57393618286198167e-04 2.34481748300052186e-03
-1.68603018477237842e-03 1.06498224576427537e-03
1.47161375913432450e-03 -1.81995437360788111e-03
-5.84718654761675043e-03 6.93555014859855226e-03
-3.81608691866150039e-03 3.20264372530058188e-04
-6.08596904454757667e-03 2.30375623115946278e-03
5.32625485322752324e-03 3.43214784017791224e-04
-3.34488910114217036e-03 -1.95219738378728767e-03
-3.27299836449448684e-04 -4.53561496009748967e-03
3.06266673354638674e-03 1.96950685765629472e-03
-2.98248057312865090e-03 9.69124526271549587e-04
-1.24082180224007366e-03 7.56172467986728804e-03
1.25976979753683362e-02 2.90686408634377219e-04
4.08593018817561722e-04 6.30695571206816522e-03
-2.48439384139642616e-03 -2.32574610395057824e-03
-4.74148379573622030e-03 3.60131895934304690e-03
-3.99191176119514067e-03 -7.09606061715012301e-05
-8.91032115765104144e-04 -8.41646077368854635e-04
1.90492777597132154e-03 1.17658314453401619e-03
-1.73524696428207365e-02 -1.58885798607059898e-04
1.63825865627930962e-03 -6.97341946717373092e-03
-8.49880499747097083e-03 -7.14530911164651134e-03
2.51495407413978439e-03 8.88434555124223424e-03
-4.74369744464882954e-04 -7.13042294648332485e-03
6.35538576018869917e-03 -5.41305238152435010e-03
2.74917301368957827e-03 -1.56117928838068169e-04
-3.23420964644056681e-04 1.41216803528844046e-03
5.89427713965074308e-03 8.05956269768329020e-04
3.95447479422280247e-03 -6.46505342466385888e-03
4.97773499777371970e-03 1.91279120578909036e-04
-3.38997228030657070e-03 1.34124239265576866e-03
2.33915637579770177e-03 2.06020279842327814e-03
8.83735091726592110e-04 4.27684629069308674e-03
2.13598813855763398e-05 -1.87146090602366579e-04
1.13445711485421206e-04 6.47333666611346869e-05
1.09617489425003914e-03 1.25496244330258700e-03
-8.35530574445420829e-04 -4.14080626349833103e-04
-9.94513909025285475e-05 8.13848346446919809e-04
5.70887734497528294e-04 -3.64335557307227684e-04
-4.69626460991168151e-04 4.02255080017472320e-04
-7.22035062725886329e-04 -1.27440258555334491e-04
1.36904619047727226e-03 3.47174322481922986e-03
-1.00557353539747251e-03 4.19964162869195553e-04
5.84861602187865520e-03 6.89297901466372383e-03
8.07494806223028189e-03 -3.59950862741746419e-04
4.92227142033028423e-03 5.29525394430599861e-03
-4.56958203008576720e-03 -3.18736895477847188e-03
1.82550440677650412e-03 4.36806934590931902e-03
-4.33856115507127819e-03 6.34643984488609918e-03
4.94108536833086061e-04 -3.53166979902690180e-03
2.24769451310162689e-03 3.32497229704294692e-03
-5.83598151561294781e-03 8.84777596241750029e-03
-3.61179153138032304e-03 -1.30348397513701184e-02
-7.22444773110621566e-03 -1.51153552837478755e-03
5.30336647259799319e-03 6.66950168940907105e-03
-3.36546804611004020e-03 -3.08787471251537483e-03
1.99146510817250621e-04 -4.98278312284992919e-03
3.35746987869760087e-03 -1.86380925319184132e-03
-4.51441857938601201e-04 3.78259968349302584e-04
8.01420556392515131e-04 -7.15119834378756709e-03
-1.23476291064406025e-04 -4.41855765555435650e-03
7.96063445012189924e-04 -5.35754439176123164e-03
-8.05067153929543721e-04 4.84625020684319781e-03
3.20922365307167777e-04 -4.17824202801992534e-03
7.25357680826829200e-03 -6.16962759754112792e-04
1.27296127249928938e-03 -5.82031864479731721e-04
-6.51999226141364969e-04 1.17757271069380957e-03
-7.01007236725475721e-04 1.99326997106902227e-03
1.96927357173247745e-03 -3.30124177767314106e-03
-3.47289744830401540e-04 -4.59439414392835764e-04
-3.50276350514715348e-04 1.38740908587662768e-03
-4.47881159195049575e-04 -3.55012387499854993e-04
-1.55733775507534974e-04 -6.86465061353639544e-04
-4.45252092204600534e-05 1.47602072692914945e-03
1.05451139207924624e-04 -1.55672095705457241e-04
2.92229441797651687e-03 1.65797174088854436e-03
1.27193529042113232e-03 3.37803324132076937e-04
2.13158608284864546e-03 1.23194013841481688e-03
-1.68275286090931349e-03 -1.17069408077713532e-03
1.84630449617032249e-03 1.11916305048755343e-03
-1.21209774423317886e-03 3.07764220503531838e-03
-2.37098842296530523e-03 -6.56466682933937238e-04
2.18672840085090085e-03 -2.61441811579812909e-04
-3.94697435092393727e-03 -7.31584851941312429e-03
-2.71298268963602067e-03 1.21452950752886160e-03
-1.00165480642898266e-03 -4.12689880788074965e-03
-2.64878503215112816e-05 2.25974347864885301e-03
2.20102790625930625e-03 -1.95232486787523312e-03
3.63106599525085455e-03 8.64112713627283348e-04
2.01538317885229098e-03 -1.15881297310080496e-03
-1.95680565412399048e-03 2.87806039513792107e-03
-8.34641580978409377e-04 1.00795727868181560e-02
1.00619894427891043e-02 -5.79666917667902813e-03
9.98081611494749856e-04 7.25883302241872499e-03
-8.84692034542219094e-04 -1.94497244163583933e-03
-4.83837665450326856e-03 7.61601805841367538e-03
-6.72326266269179448e-03 -1.44390488832828547e-03
1.84941612437804432e-03 -3.24350254675948024e-03
3.77666866275195646e-04 2.81137818562491107e-03
1.13970257149979826e-02 1.12814800880532522e-02
-5.40679731511374811e-03 -8.43406080324510775e-03
4.39189530503496640e-04 5.91058676070008691e-03
3.51301916673629148e-03 -1.45401309564463315e-03
-3.64690354411270189e-03 3.90359442971074467e-03
-6.65864626793491541e-03 -3.46696712055307853e-04
2.82211266613120650e-03 -3.57095460313799993e-03
-9.20306207999132967e-04 1.09750878408327712e-03
-3.80987357353615441e-03 -4.95319155462308185e-03
4.41011218594388680e-04 -4.69876342184378636e-03
-2.27464945771926235e-03 -3.75620158728352197e-03
1.61787942896257078e-03 4.50931310617802387e-03
-3.50625155908241420e-03 -2.76644764450121846e-03
5.17379556324295241e-03 -5.09437260371616973e-03
-9.96782101694061685e-04 2.15817337347976197e-04
2.77251001273321244e-04 -7.38402713531021685e-04
4.00740169531281758e-03 -5.76494223784048982e-03
-1.22496134437362477e-03 4.27597972417754872e-03
3.30427011729738946e-03 -2.75312658831624072e-04
-1.85355966824974554e-03 -2.14199814350773303e-03
2.07847442543668921e-03 1.51231834169386018e-03
2.15745037977159220e-04 3.04504871571964660e-03
4.76026241016393268e-03 4.92456353178203233e-03
-2.77903273545889113e-03 -1.04521220850044565e-03
3.91174695353262072e-03 3.77719636886415561e-04
1.15401693074643468e-02 3.10233308607491248e-03
3.51205838311059552e-03 1.44203014771180260e-03
-5.92978299954980120e-03 -4.38977375299511420e-04
3.03155663786673732e-04 -2.18564781158281200e-03
2.67344115762063175e-03 5.44404083833312149e-03
-3.81118259895295080e-03 3.25685170012626930e-03
1.17398993708246139e-03 -5.24671192067774177e-03
6.28189367309255325e-03 -1.57552452682845892e-03
-7.04202259096511646e-03 1.37509919200882267e-02
1.79833842097832644e-03 6.12315756024202438e-03
2.27308648424294360e-03 -8.29153606732276408e-03
-3.94365664641724398e-04 3.21305406243088025e-03
-2.65926263154788768e-03 1.80178791948171213e-03
3.18355989442573170e-03 -6.79605186602752747e-03
6.62739624744834721e-04 5.19602398469946880e-03
5.69482429920831635e-03 2.43773333270523715e-03
1.26833383386219822e-03 -1.94845501775023529e-02
5.70032159805979478e-03 -1.09433106039460857e-04
-8.12371214564731317e-04 4.44690800528958676e-03
7.48288773449930027e-04 7.27797860749200120e-03
-5.52327280604383939e-04 3.87489436079897862e-04
-3.55274377287443906e-03 2.53880818420796619e-03
2.89622557528180450e-03 -4.40392895021440422e-03
-8.16940208343946116e-03 1.68520407439814272e-02
-9.59795872341917891e-03 2.19427559290650198e-03
-1.17850452898058764e-02 7.68967756337680074e-03
1.18905343267999893e-02 -1.75706005102509383e-03
-7.86690659230891015e-03 -2.34672727401540179e-03
-2.91585799105535280e-03 -9.09282076984425230e-03
1.49117483637374853e-03 -5.55297658336060228e-03
6.36111150938511766e-04 2.35199008332946527e-03
-8.47645948273061589e-04 -3.78979211177907747e-03
-3.45823464101180714e-03 -9.81015113812003584e-03
-1.50586256676879293e-04 -3.79595192238100891e-03
2.10229848823594283e-03 4.76584475406192833e-03
-1.06132210942441458e-03 2.96172986642360026e-04
3.39343888291944147e-03 -3.83357699302415682e-03
2.12109673357592900e-03 1.73846152423776362e-03
-2.78036161555044164e-03 -5.90229563444419109e-04
2.85968596374221824e-03 2.77771088083300253e-03
4.94326606420259895e-03 2.37549593989310479e-03
2.61650368524453478e-03 2.72828799647291701e-03
-2.14146913585724344e-03 -2.87041722353475635e-03
-5.33774355804940946e-04 1.72595481158839461e-03
-2.12656562184975438e-03 4.16281993355940209e-04
-2.84767652036991637e-03 3.16066934745149689e-03
2.93294958118107746e-03 -2.08573165006657605e-03
9.08796631645246086e-03 -4.00470050919037295e-03
-8.34170776871463911e-03 2.82022849010675264e-03
5.19551592714957104e-03 -3.33813210339752768e-03
-2.65710090397099172e-03 -9.91326445244253632e-04
9.86125215572706930e-03 -2.00672725684669520e-03
1.68564799109899755e-03 8.96350809621045824e-03
1.05258997330858590e-03 -3.15303489268680542e-03
4.90026213981074464e-04 2.45982707586623857e-03
1.38507238782691923e-02 3.24668550308245549e-03
-5.12230176981030415e-03 -4.56851432590927187e-03
4.06717194664414205e-03 3.86052422923632930e-03
4.97703263260236149e-04 -2.48492737155296683e-03
-6.43562156806433048e-04 4.72377322932540731e-03
-5.16627719698359734e-03 3.08718824882734093e-03
-6.08915947998847303e-04 -1.83584143139444572e-03
1.48826050889914313e-04 -2.34439630077936179e-05
-4.05937541674769586e-03 -2.22997158994786950e-03
-2.82577116159949413e-03 3.72158191164635537e-04
-3.12312923437196811e-03 -1.67080526791156536e-03
2.59108056667131615e-03 1.20368479857636932e-03
-2.14086965337582620e-03 -1.56458933832641410e-03
1.26757244883168320e-03 -4.10113229624052989e-03
8.13101754028865056e-04 -3.59343732411264178e-03
1.01882041192006049e-03 3.29479469818417907e-03
6.01306160054018626e-03 -9.04043464972623546e-04
-2.66784274674395890e-03 -6.96346097905387908e-03
1.93745301009083637e-03 -1.24323049846207815e-03
-4.70524620373215306e-04 1.93822245765052780e-03
8.04355478117520597e-04 1.42415743307150629e-03
-1.05091161239716734e-03 2.11957363369952301e-03
-2.44680226652077126e-03 2.40972462909945506e-03
1.96095384097192153e-03 -9.06458923269036921e-04
6.81177580791049626e-03 8.71394563360773124e-04
-4.16820922194506820e-03 1.34265191396334949e-03
4.21144516081498142e-03 2.71425983238284083e-04
-2.07509443183370376e-03 -2.19425702663073865e-03
6.49292504313569302e-03 1.32400635855493506e-03
-1.89698909558410375e-03 6.74615740879842742e-03
-1.30270669567685211e-03 1.24648386652598275e-03
7.87464614660713475e-04 -1.62082038147487039e-03
-5.44741270418327202e-03 2.59313413758740325e-03
-1.38718511661388368e-03 1.64662087456357836e-03
-3.82086459054973605e-03 5.62071640180779189e-04
2.71491309067315107e-03 3.68296326653581136e-04
-1.51988384843432548e-03 -1.81612053325508923e-03
8.18596824356603589e-04 -2.77473659631767566e-03
-2.52310167786561849e-03 -5.03948698320997365e-03
1.50847874371589285e-03 3.46405768387924055e-03
-5.01872179175524998e-04 7.63785618936168621e-03
-2.91118005993988268e-03 -9.42885611318822897e-03
2.89832782533237657e-04 4.15551642479840017e-03
3.18906687645057960e-03 -1.01313129846611729e-03
-1.48952728499389549e-03 8.82572604069026961e-03
-7.62101208382871039e-03 -3.04259181539301210e-03
2.95103108491588618e-03 -4.89038192718036207e-03
-3.92216050716530219e-05 5.21207041245889003e-03
1.03812504066954723e-02 3.57732243445433098e-03
-1.48046084111920495e-03 -1.16980094383600953e-02
3.14775599953911632e-03 3.87446797081610354e-04
-7.78349569753934581e-04 1.98046199000675690e-03
-2.64616119706347389e-04 2.94990282952685727e-03
-3.56511056424040334e-03 2.23986086203309311e-03
-3.84003904373297249e-03 1.71455099244553245e-03
2.01040579132093352e-03 -2.26183944539889092e-04
4.80659855914232666e-03 5.15330069534630265e-03
-3.79223634377934098e-03 1.20454851253272498e-03
2.94410986629704309e-03 3.27317972386253261e-03
-6.33725762421920216e-04 -3.97536197179166294e-03
4.61320705721789907e-03 4.45536719711057700e-03
-6.01125282784576581e-03 4.89720706816856779e-03
-6.66189944658419686e-05 -2.77758495320877801e-03
1.57673081194166682e-03 2.39550813718493157e-03
1.37917472314632190e-04 -5.88043560499180171e-04
-2.58657531864339317e-03 -6.28904764177348231e-03
-1.04250201201197415e-03 -2.36799856183627939e-03
8.51763464294728163e-04 3.35494944084455474e-03
3.07838313129607803e-04 -7.12914804191799672e-04
7.22998815916439533e-04 9.53372010487013675e-05
2.78438607897674509e-03 -5.29871921983554334e-03
-1.61662472344749428e-03 2.61704756872564812e-03
-6.88224000529858316e-03 -2.64886980510261225e-05
3.37486548783411718e-03 -7.16996335552211057e-03
-3.83327390955768297e-03 -2.91998912776865233e-04
3.10182026717270402e-03 3.56756565188824691e-03
-7.30001407955896062e-03 1.03613012047490730e-03
1.23922073990864181e-03 -8.43421700244895503e-03
5.20363402713535598e-03 -5.42442322327890149e-04
-3.87562361423325055e-03 3.10956718488920305e-03
2.63565099264492406e-04 6.76191334680909320e-03
9.41702630657475018e-03 -7.77706986167267522e-03
1.33103884764113945e-03 1.89979977533982747e-04
-3.00751699433625787e-03 2.05634660639493049e-03
-1.24794742321888692e-03 2.55843855571306466e-04
-1.74528739050865698e-03 -1.23402478269928214e-03
-2.03871854179208788e-03 3.33201878829146548e-03
1.44349363808382353e-03 -2.42073465642721674e-03
3.93933881264735882e-03 -3.51323504305918466e-03
-4.95026313960414670e-03 5.94428428867159464e-03
1.70895353070805328e-03 -2.34631571995338366e-03
-1.46427069454504099e-03 -1.20707815466044774e-03
5.48795881028730625e-03 -3.29870707298443415e-03
1.77609463752731803e-03 5.03587829097214713e-03
3.28936087144278671e-03 9.02454656892290010e-05
-2.94588592020493751e-03 1.00982929852839413e-03
9.50662755212684264e-03 6.19466987770384003e-03
3.29903937778187840e-03 -1.23435698197459629e-03
4.30465446435512877e-03 4.95784378868149075e-03
-1.79395361649309706e-03 -3.76048122139527232e-03
-1.38978717197706342e-03 4.00843997773611162e-03
-5.09080312640876591e-03 1.37985626728236144e-03
-4.01965107927312014e-03 1.98445162316820013e-03
2.76378862323717073e-03 -1.68183231663734337e-03
5.01555606760910148e-03 -1.60587435536001461e-03
-8.60941737146768589e-03 3.55737438752475391e-03
2.33795571318958775e-03 -1.56961572340197364e-03
-3.17473695293256104e-04 -1.92630297145752224e-03
6.81932534903773643e-03 -5.59559975465349826e-04
-8.82855567058659892e-04 5.23921449706786935e-03
-3.28772138002390510e-03 -3.57850361794268945e-03
4.26389147473343975e-03 1.42884682530174481e-03
3.36284862967439454e-03 -8.69905637004117320e-03
-9.01306884521932590e-03 -1.99385813599753511e-03
6.19080333254644951e-04 -3.74008521773981552e-03
1.05720853371193925e-03 2.14015894616001717e-03
2.73241479919695412e-03 9.73158132621553993e-05
2.02659040617315630e-03 3.21486707991442376e-03
-8.92385883330353881e-03 -6.36285680480680200e-03
6.60116189170604269e-03 2.97293063266008373e-05
-7.87656298651773175e-05 -6.90693182321184575e-03
-2.58252758640297973e-02 -3.66796186625064670e-03
-2.25484290376538237e-03 -7.24280057900587599e-03
7.83704429598035095e-03 1.82168801188057413e-03
6.77366640763599551e-03 -1.38954821538262032e-04
-6.40743256468436347e-05 -3.02302912603482537e-03
4.03082577386484030e-03 4.71489676295626294e-03
-6.93998578191863755e-03 -2.93979172434421458e-03
2.03587663123080860e-02 -2.20530890420507269e-04
8.72236518462044669e-03 1.42905253302140368e-02
1.42118555980571323e-02 9.78796567702744542e-03
-8.21881016642349999e-03 -1.38340959099101327e-02
1.40743964727819558e-03 9.46259040190903372e-03
-7.98847495141782882e-03 7.33732448789925669e-03
-4.72008050686770122e-03 1.69250065059138588e-03
1.03035545101156810e-03 -1.06698024093290246e-03
-2.47965931364728083e-03 5.48786956083085770e-03
-3.21139862337475619e-03 6.65858405664080354e-03
-2.47532867692546550e-03 4.17066426836888108e-03
2.25273703656097548e-03 -4.88529527651942498e-03
-2.44144419695213708e-04 2.74448202940553694e-03
-6.74126201934163033e-03 -6.81549598174300609e-04
1.86870336863582888e-03 -7.73235984355185734e-04
-1.42045985832015909e-03 1.43972980169045561e-03
5.44370060818462776e-03 -3.55856081889612105e-04
2.40065984395242604e-03 -1.63637650711531300e-03
3.61259087948544513e-03 5.11997110692723363e-04
-2.53945638053269633e-03 -8.83305608196038590e-04
7.80613967613605331e-04 2.00010021636512535e-03
-1.57023187326994990e-03 2.14512089340506470e-03
-5.96819753076125760e-03 -2.65239742862200803e-03
3.13234008938651810e-03 1.05844373760075462e-03
7.38370632088201001e-05 5.00544630693655797e-03
-9.62171586968025606e-03 -2.19130740852519629e-03
-5.81699224028288191e-04 2.45084331141689300e-03
3.93909756830891199e-03 -2.83247061921715164e-03
2.06351070009875084e-03 5.95570345498612052e-03
-7.35965339058380474e-03 -1.05895946990436970e-03
2.17597082242239944e-03 1.49534041788903583e-03
-2.17351309652782281e-03 -4.46132313416065091e-04
-3.70817105296916108e-04 9.95912830478028893e-03
3.24606233059077662e-03 -1.19800990054152079e-03
-1.66446275153949753e-03 4.32166695425505523e-03
1.48702776685800606e-03 -1.50688334672774535e-03
-3.40237420719475148e-03 5.09548987710417220e-04
-3.09246957704002951e-03 -3.09483236935790109e-03
-1.77690754853071942e-03 -5.48842274308455110e-03
1.64875312612421001e-03 -1.97329441434738204e-04
-7.39633067559095341e-03 -9.85011913566378149e-03
-1.18486626946092254e-02 -1.26317678929163874e-03
-6.24438198648367537e-03 -7.77279080680959300e-03
6.33336618963492928e-03 4.96719083075169727e-03
-2.07358632047800620e-03 -5.66687898029181666e-03
6.26149057268938179e-03 -8.61595328057269440e-03
5.37250863757589986e-03 3.49749784848355514e-03
-6.39031838399852035e-03 9.13128287501846253e-04
-1.39087979733185704e-02 -5.28762763807886452e-03
2.12964403811099559e-02 -8.51439049599244556e-05
1.96426450121105255e-03 -7.43991145455864551e-03
-9.47123480227000762e-03 4.66028736343716485e-03
3.17248138021510593e-03 -4.48117863517813898e-03
6.06319209950626718e-03 -9.72509854694396944e-04
-4.62295682690592579e-03 4.85492697503178087e-03
2.05001263830890349e-03 -2.45818212249050618e-03
5.09781356402751965e-03 2.62937546377014358e-03
-4.85119729262247293e-03 8.12858640445543977e-03
2.43022885692907196e-03 2.08395209533294556e-03
-1.51137327754073247e-03 -5.09825199590298577e-03
6.35908858510375943e-03 8.28567111408813162e-04
-4.30091773520840416e-03 6.92299022729312569e-03
-1.14177899306949012e-03 -8.45261916408804022e-04
1.66344015162889973e-03 4.63667671811272321e-04
-6.19097277886339163e-03 -8.31005336680304516e-04
-1.61064388580379027e-03 -2.80773489371668279e-03
-3.63214834470102117e-03 -2.93660634858860809e-03
1.75035219774465978e-03 3.57951002493828684e-03
-6.45676417987296199e-05 -2.73583994411789010e-03
2.57143601586898784e-03 -1.85485712719537631e-03
-2.05065478551975065e-03 -9.80735318603168441e-03
2.42109235769714243e-03 4.89133031740515613e-03
-2.32741090819567602e-03 2.76739010467281273e-03
-8.18996315293290221e-03 -1.60915084492808495e-02
-9.81971378117819926e-04 -2.25699265549980275e-04
5.88056798325794529e-03 3.20506328909873212e-03
-2.24025250976194390e-03 7.67694060276980124e-03
-3.91151419617221871e-03 -7.12496130943320038e-03
5.41273723499002563e-03 -4.31604204015214894e-03
-2.61917238649791171e-03 6.68133499443715386e-03
4.05990228758662444e-03 -2.99722196761644010e-03
8.70838537983355948e-03 -1.30723266737040149e-02
5.22798849368502107e-03 -5.60215035216832507e-03
-6.68772841047630268e-03 5.63269185884767484e-03
2.86578056829801114e-03 5.60634222608578990e-04
6.71350934317486146e-04 3.23144516439882084e-03
-4.79028933381386423e-03 3.84697163453910987e-03
2.31675660592030883e-03 -4.88349787849998076e-03
-1.25869067959923889e-03 -9.21586592976233847e-03
-1.21795240222189634e-02 1.39493769047230286e-02
-3.30145607300656035e-03 -6.05401504976975889e-03
1.83718440099058270e-03 -1.05642310225133838e-03
5.08672323635270610e-03 -8.94895682834574539e-03
4.68210493257449276e-03 1.50477975471577895e-03
3.98378535624715948e-03 -1.86687174477706552e-03
-3.89065270720714449e-03 2.84496301514838108e-03
2.52403580787633475e-02 -9.20458229218525624e-03
4.26022810122347710e-03 2.78383970163426217e-03
1.67762371005584880e-02 2.64515428232349817e-03
-1.02270684733112138e-02 -7.46942749309886626e-03
5.25170033004659746e-03 9.44409308217425067e-03
-5.58513923061583917e-03 1.16492765239216943e-02
-4.09675912494203778e-03 4.65742214619727351e-03
1.05789826168987917e-04 -3.95806042422973924e-03
-5.57965816012073908e-03 -7.09228615689242218e-04
-3.33803522908934043e-03 1.55905048417744243e-02
-5.45926229239960051e-03 7.68420040975113404e-04
2.06069994207286290e-03 -4.29324659477006102e-03
-8.22076985842128669e-04 -4.55900462502582381e-03
-1.41660439571296274e-03 -1.43930619974665954e-03
-2.21607562634747049e-03 -1.03554650211638583e-03
2.49659399318181985e-03 1.47507709126415719e-04
-5.82994346642482734e-03 -4.33589193547235206e-03
-3.21484485357671421e-03 -1.22890408128008819e-03
-3.02459687342936101e-03 -3.96325493436018150e-03
1.44868805148597353e-03 3.47483976871934682e-03
1.04953158995622887e-03 -2.73628746756653064e-03
3.48880555049805230e-03 -7.37717901818857476e-04
-5.94215380400943318e-03 1.21618438782927920e-04
2.08288716043931836e-03 -1.11914529211441793e-03
-3.39391680548914009e-03 2.84384233973064213e-03
-8.14614114955638374e-03 5.92559363697470112e-03
-3.54176831423502975e-03 1.88972106080711414e-03
4.02672810799756947e-03 -3.75933970655339565e-03
4.34295307585681766e-04 1.66777725958148809e-03
-5.49426261245747338e-03 -2.17362902109550366e-03
3.28317477121048982e-03 1.69727242365083565e-03
-3.90361310132422267e-03 6.38018176703624351e-04
-2.56923507634400491e-03 -3.63419274549934201e-03
1.12075030144685849e-02 1.00882051994436177e-03
3.70533298174023727e-03 -2.74138989331515351e-03
-6.21000063928572009e-03 6.24381667477247760e-04
2.22778187538603088e-03 -5.21034089138258378e-04
1.81070292662570279e-03 1.31965636276768763e-03
-2.55141150196392177e-04 4.93753474140100107e-04
6.52039283343642476e-04 7.20654443739482159e-04
4.75382795894884174e-03 2.85995367742453025e-03
5.10501732364081499e-04 -2.92812427597192440e-03
3.60870686875994738e-03 1.66782670368858317e-03
-1.83305088338926985e-03 -1.03875548116193314e-03
2.86460487232229619e-03 3.14891696621944243e-03
-2.32976292914179083e-03 3.94419213057321805e-03
2.16861441961007165e-03 -3.98336366677736571e-04
-1.84281009998292587e-03 1.48187292634974340e-03
2.49785327030620447e-03 -1.54867553540112167e-03
4.61501498626164068e-03 -1.71515651031963574e-03
3.21546541935449365e-03 -1.00005489487188536e-03
-3.40443303096524524e-03 2.40328515381443245e-04
1.25976312447988550e-03 9.16115344032319783e-04
-2.16789343241728254e-04 1.75717891918147949e-03
-3.57934678947555672e-03 -8.66362498449404226e-04
1.59245028715698030e-03 -1.69844930573326860e-04
-1.43013415852480765e-03 1.50677786191966037e-03
-5.87196019184941555e-03 1.45047416859407836e-03
-1.62646320014249554e-03 7.09188399585285894e-04
2.63372337896650805e-03 -1.66459025192187038e-03
6.67653315699451755e-04 1.61621805433147399e-03
-3.21196475509227981e-03 -1.35978271287720402e-03
1.32115441750832712e-03 -1.80193008709812036e-03
-6.96798548050698782e-04 1.80433872567238693e-03
1.10577856121686930e-02 -2.44287165348561078e-03
-5.91044551753030188e-04 -1.11655727714554502e-03
5.93411949586226777e-03 1.26022435888128114e-03
-2.83507238942995324e-03 -2.33674957562449463e-03
1.59026285465310117e-03 3.88564042121937285e-03
-2.74061310580560758e-03 4.39967431972732113e-03
1.83016488358424701e-04 3.68645870194591859e-04
-2.11897866180876370e-03 -2.15571078382999692e-03
-1.22412840585377422e-02 -4.05531019424669893e-03
1.21737476067504294e-03 1.00280072608514969e-02
-9.21987605427450514e-03 -1.57054386945585842e-03
4.07333465067593464e-03 5.07758565994647390e-04
-7.84557731991299308e-03 -6.66801258550068880e-03
3.28073872304719943e-03 -9.23437003743164675e-03
3.86747551693853364e-03 2.87137202484758413e-03
-4.05170602512069759e-03 1.51939503918038153e-04
-1.40701134762945389e-02 7.12242695290499477e-03
1.30208275421586483e-02 -3.41698328211341050e-03
-4.46198061771877798e-03 -1.97295871481313828e-03
-1.52894075101157271e-03 4.09931191690734303e-03
-2.12652728791872577e-03 -4.53154778742108355e-03
2.43743347034630934e-03 -5.78979330658287855e-03
-3.29552517099513395e-03 -1.44926291616483431e-03
2.36544246850096691e-03 1.40507213312965318e-03
4.40253775944359025e-03 4.80951607606328654e-03
-5.12146543898846490e-03 -4.73375733412624740e-03
3.03230036358662905e-03 2.37832758069228978e-03
5.88317002114272718e-04 -1.98805762956263997e-03
3.74600133318449052e-03 5.99992960527804316e-03
-5.64424908190748389e-03 2.79766122597737343e-03
7.22508308698345059e-04 -5.11094710829799320e-03
1.59956568731424442e-03 4.68751044366915760e-03
7.51486078693721325e-03 -6.26666780182646467e-03
-2.87508992651021528e-03 -8.56687446347468087e-03
3.91857973089571217e-03 -4.11966203815747074e-03
-2.41091827272380682e-03 3.41894698109065790e-03
2.97689605393061402e-03 1.50112570004660344e-03
3.62108765133095807e-04 4.38008760927965663e-03
1.07592909392879230e-02 2.28534564302138336e-03
-7.36902742981396675e-03 1.00408708345361866e-03
-5.83414106999931986e-03 2.41364364148288725e-03
2.49969096876379131e-02 3.53147515207031319e-05
-1.66769547223826592e-03 3.83443633534577902e-03
-4.82032281777459298e-03 2.24924784148291049e-03
-1.13863315968156312e-02 -2.45083144850468228e-03
4.29027946931447978e-03 -3.93138797826784233e-03
3.54414044020837440e-03 2.84381040820206373e-03
-4.03280156211501331e-03 -1.66865659446785181e-03
8.83074400148111706e-03 1.81980017594513786e-02
2.58939110448743511e-03 1.69347646151305907e-03
7.62680311367914913e-04 1.19196932166160396e-02
2.55649560911242434e-03 -7.53230300719792776e-03
-6.17346863489025548e-03 4.72042076348190912e-03
-9.05196388973928887e-03 -2.89999471773742541e-03
4.48000341246106767e-03 -2.10449152777191081e-03
2.97400711090075297e-04 4.36959658373501595e-03
1.37857056408466783e-02 5.00102398458596338e-03
6.49920824272758480e-03 -1.78445671524793785e-02
1.16702941321501306e-02 2.11353723802255216e-03
-6.35781075983140546e-03 2.17065863373952809e-03
5.60742684086415130e-03 8.37779224186764246e-03
-1.52130760955603754e-03 9.15624289192135121e-03
-2.63546643176984844e-04 6.67689467643390547e-04
1.79556173342331122e-03 -1.63504724493227600e-03
-5.85194856926072628e-03 3.17876220779742605e-02
-9.22675174349928823e-03 -8.34299082440863142e-03
-1.49137953448535455e-02 1.20294370924326419e-02
1.54510190302226333e-02 -3.15937588856721652e-04
-1.27893977884599684e-02 -1.55353262646809273e-03
-7.65963387800197397e-03 -1.30936376627487638e-02
-2.75663712187297681e-04 -3.41106525649422301e-03
3.39334200933606982e-03 3.15446631593824267e-04
7.39345906267836490e-03 -1.09984033814311041e-02
-1.24556146232523684e-02 -8.19134105855338392e-03
4.44687339546238989e-03 -9.48845473219328724e-03
-2.05696023558896862e-04 5.78181530119090993e-03
8.30733731768308441e-03 -3.76962976973031381e-03
8.08597885692967019e-03 3.84865717024407850e-03
-2.22498308625308176e-03 -1.59478455632067456e-03
2.38285365249422737e-03 1.68324722628371092e-04
3.50787464920630787e-03 -5.68945551171561124e-03
-5.71617661317453275e-03 9.74288166015727444e-04
1.24796060269889036e-03 -1.29205154850263611e-03
4.16790693940761027e-04 -1.73889540443367238e-04
1.75530996949116815e-03 7.86062853014241189e-04
6.87721974129455673e-04 2.50728552758991245e-03
6.78548658408556146e-03 -1.31936498010227291e-02
8.16031847417934050e-04 7.44643341219392192e-03
4.48448874645618594e-03 -6.28000759018491634e-03
-2.09330341414433246e-03 -3.07389726794110758e-02
5.34606177159984656e-03 -7.42512333696680217e-03
9.63638444918395913e-04 1.21827533440870359e-02
-5.87887704457560581e-04 4.18500615957179654e-03
7.76991116878532166e-03 -4.33053016939594602e-03
-6.22167661015263045e-03 7.27964095374567834e-03
2.04723886917179557e-03 -1.08431711851426065e-02
6.46397208502923204e-03 1.76444278587967150e-02
-1.55059650983132014e-02 2.05917520489060715e-02
-5.73192834013716481e-03 1.87653970953201091e-02
1.27442501125727432e-02 -1.55344890804891660e-02
-8.78362721972547437e-03 4.66153987016595245e-03
-9.52208774802887521e-03 -5.29864404488357681e-03
-4.94082988996454205e-03 -4.27274184156007340e-03
1.62175605977911701e-03 7.90817827092872789e-04
-8.17652338905953957e-03 2.48014934615300650e-03
-8.29910000099145714e-03 3.72445533873394714e-04
-6.39514967971416270e-03 1.17815178181162033e-03
6.99903357944613950e-03 -1.18542254437013056e-03
-4.03830238033536099e-03 2.67342257386893626e-03
-4.90918839827404491e-03 -8.36766443608243093e-03
-2.35612306486975508e-04 2.41420790120548808e-03
-9.03953428906504155e-04 -2.47308616418600745e-03
9.03985613286216352e-04 5.09774313153232850e-03
-2.58844946238465394e-04 4.89461506512118422e-03
-6.84880460318344438e-04 4.57275956947761093e-03
1.70991202267981729e-03 -3.82357646767404052e-03
-2.13639395810164391e-03 1.10744414115710029e-03
-2.41289638884745715e-03 -1.46436574377836379e-03
3.33504208269361181e-03 -7.81905894992100843e-03
-1.41654835562812710e-03 3.67528477901712860e-03
-7.82186989480060553e-03 -1.32505800214492752e-03
1.99335693051952813e-03 -1.12510781286563801e-02
-4.29909039227505986e-03 -1.66798564817712729e-03
4.29094520967178168e-03 5.49906812068597615e-03
-8.23547681838806243e-03 1.32668595369065875e-03
2.40513118120462945e-03 -1.06064184302126323e-02
3.13071077724463460e-05 3.36369038123720621e-03
-1.20513461362910202e-03 -2.57026387023360234e-03
-1.02623167263332475e-02 5.73765009320134113e-03
3.91911527906022277e-03 2.94517971591721529e-03
-5.09797506831559822e-03 1.08146917753618415e-03
2.08519199068682871e-03 3.41096675433986290e-04
-2.55694738972875009e-03 -3.03740338252628077e-03
1.17960522746344740e-03 -4.96584628911026209e-03
4.59804509919453739e-03 -1.46289972031650754e-03
2.20999889213438190e-03 4.64434171989481338e-05
1.38212793155534364e-02 -1.59776230824489156e-02
-7.13040084030076848e-03 -1.09746092965145418e-02
9.52356125816993838e-03 -1.28374744038600563e-02
-5.44801365942571610e-03 8.88928783519403465e-03
1.15769503363494786e-02 -7.30306315874898818e-03
1.47472560945831471e-02 9.57602794397342978e-03
-5.92574115608838006e-03 8.29774450822506372e-03
-8.78699876715348252e-04 -9.48483890673340949e-03
-8.41831809414367695e-04 -2.64602129159171549e-02
2.90011642191469752e-03 3.16242200563963821e-02
9.15936861807825284e-03 -2.40750995165154007e-03
-8.29572178926088130e-03 -1.02442676272966882e-02
8.58223680442371344e-03 1.22472001905311293e-03
6.17941344768085325e-03 8.30748896137792348e-03
-8.43391160940298520e-03 -2.91180433499515319e-03
3.48776621092142507e-03 1.53306284736064689e-03
-2.03036890497057575e-03 1.06275693879372760e-02
-1.00136036912849367e-02 -1.06776450492180350e-03
-2.07300757218531690e-03 6.43002155160889155e-03
5.71234500148681910e-03 -5.75417349968792863e-03
4.48290176421024659e-04 9.87300463420591294e-03
-1.30738023681503304e-02 -2.67227832667450401e-03
1.88685152357706510e-03 -5.86122320934823215e-04
-1.24331705295020224e-03 1.95010285181195430e-03
-5.26271985975700247e-03 -2.50340007058155603e-03
6.09772690951862310e-03 -4.28319300014489476e-03
-5.74751716490083355e-05 -4.48225673870758425e-03
-2.91260483134143976e-03 4.08987172289157399e-03
1.43103020956491622e-03 -2.22946508272243689e-03
2.83922050033209037e-03 -3.16066390796767281e-04
7.45856183459266651e-03 -7.92666021327279730e-03
-2.65984320611844637e-03 4.20268728085532433e-03
-5.25819250733272885e-03 -4.83249743801234151e-03
6.55265505319319649e-03 -1.51461052631726989e-02
-1.83662457611527812e-03 -4.10313683425306362e-03
1.52029446253024820e-03 8.64421363175338700e-03
-7.94381961992993157e-03 -8.66082295656326684e-04
7.36824927083573264e-03 -8.94360129023492878e-03
8.47580859726691088e-03 4.33968610329696879e-03
-9.58852664042820178e-03 1.09682437634266508e-03
-3.64392577513055795e-03 1.51660076986647428e-03
2.44506373522938823e-02 7.22458892079418081e-04
6.54769077894184343e-03 -1.23756143075705771e-03
-1.10772346651401583e-02 -4.94951197698499158e-04
1.48027461540866170e-03 3.46794162345363580e-05
3.44615075581786862e-04 4.14712753832812602e-04
-9.68039181177618967e-03 -5.40296131260236084e-04
6.55762273784207643e-03 -2.36233631557242457e-03
4.83702260770177764e-03 -5.55028227340590742e-03
-2.35820749060331285e-02 4.02223211427116343e-03
7.29142606334767015e-04 -5.48949114911702774e-03
4.01657640824581563e-03 -1.71019475290664410e-03
1.10613902988884148e-02 -1.30051124846081558e-03
-1.16866644727079989e-03 4.06261397062010737e-03
5.69663564171783536e-03 3.44997006190928728e-03
-7.05841238499404621e-03 -1.52903585421054842e-03
2.25328698870933299e-02 1.29003520549561025e-02
6.48169159382834537e-03 7.11466771299546896e-03
1.07297912133989832e-02 1.45172693284341126e-02
-3.74637333188202783e-03 -1.35620526438123088e-02
-3.25629803486872631e-03 1.02764805621431733e-02
-1.23492151429385865e-02 3.62572448372837104e-03
-8.07674489140206182e-03 -2.51029875712541325e-04
4.14101158003469562e-03 -1.84740454250435912e-03
-7.66202954475447796e-04 -9.20864400166276822e-04
-1.57031362508011987e-02 5.97558795266901494e-03
-2.49542064228763447e-03 -1.37033009140419943e-03
4.65638076899987062e-03 -3.06275353358457982e-03
4.70086661351604238e-03 1.24086871943170557e-04
-3.80332858319934637e-03 -2.01789356658772681e-04
5.03195874174157116e-04 -4.54083092017294309e-03
1.52115665321670909e-03 4.36397244027621981e-03
3.46960053653051683e-03 -8.22128685918779509e-03
-1.15815494189602059e-03 -7.87851632256646173e-03
3.04398935464114499e-03 -5.99724892573692218e-03
-3.01415222476159386e-03 4.67342054045570120e-03
3.60411760538916805e-03 1.48160229114447261e-05
2.24460947166845804e-03 3.85081843946978369e-03
4.41613958381201644e-03 -4.77557050813369813e-03
-4.38224451939355376e-03 3.25197763932312880e-03
-1.31295693259772459e-02 6.13418374997124621e-03
1.27071642614116440e-02 -4.77459012275502272e-03
-7.38122847537995078e-03 5.05243779389877041e-03
3.74863199918312653e-03 1.55481449521238722e-03
-1.45554134138421807e-02 3.25134699071497925e-03
-2.54945777755757018e-03 -1.30858778196373485e-02
-1.19131136337555818e-03 4.29509304751601872e-03
-8.49284366501113917e-04 -3.22378613385068680e-03
-1.90211417770259593e-02 -3.98735589281370203e-03
7.44206715800491136e-03 5.83340786027043874e-03
-5.58579458580668597e-03 -5.24334934087844224e-03
-7.59329607012730655e-04 3.51975921775390162e-03
7.66827730958519497e-04 -6.47980607138494338e-03
6.97396274345907317e-03 -4.35435488015923407e-03
1.03327517456257832e-03 3.55252346703295368e-03
-5.15091977176360843e-04 -6.02682866183145609e-04
5.30245361749162158e-03 2.43501310703749625e-03
4.62049309320910605e-03 1.63982507040447579e-03
3.98144190275606137e-03 2.12723878420030673e-03
-3.97452962346040231e-03 -1.91681781279930217e-03
2.90553909016266071e-03 9.51852672281564179e-04
-1.07941978101574912e-03 5.98488460943713899e-03
-1.44383602595653639e-03 5.53658354664646451e-03
-1.31865019789210937e-03 -5.17820991068603225e-03
-1.00713835517774689e-02 2.39979464526179518e-03
3.52928590878494493e-03 1.03757644490347928e-02
-3.87854947911159742e-03 2.12000887953375707e-03
1.48761814040643606e-03 -2.74704836502830379e-03
-1.70516688368009582e-03 -2.50006493558567943e-03
1.59249121899432780e-03 -3.90881284829083017e-03
3.81614975859541350e-03 -3.06122154863279223e-03
-3.13829349489495521e-03 1.41174656408842372e-03
-9.58532839705516365e-03 -4.94744858717040568e-05
7.59511589780589337e-03 -1.85969365507666364e-03
-5.74949560010192418e-03 5.75848981896775916e-04
2.51314421895179217e-03 2.68084079589119570e-03
-9.66694466388848955e-03 -1.25150541355192749e-03
1.99141121720257950e-03 -9.33543549957312375e-03
1.73942232525764722e-03 -1.64813171525979318e-03
-9.47261571907014174e-04 2.28931095584110128e-03
4.56813976575826293e-03 -3.28672019840885524e-03
2.50524170104527485e-03 -3.11928203310449150e-03
3.87595388297494719e-03 -1.72540240418138997e-03
-3.36496736347772574e-03 7.51808034461526483e-04
1.90875222434610213e-03 1.36155372694201477e-03
-1.86940571170856891e-04 2.82697039164061734e-03
3.78382888860703641e-03 7.01221455263407751e-03
-1.99151090973443551e-03 -4.48636366170960220e-03
2.29762456592714310e-03 -1.00285277419515702e-02
4.52833598793942523e-03 1.16719729934493064e-02
8.72611611491420241e-04 -5.48907795683273737e-03
-5.14993455660432697e-03 1.42207753519270536e-03
2.89825677079526018e-03 -1.14205256219075488e-02
1.02903047212818989e-02 5.44734859392060223e-03
-4.19995320356059566e-03 6.47195229160425333e-03
2.77467613981747759e-04 -7.07952703853724757e-03
-1.32624007176147252e-02 -4.97621454266478254e-03
1.22247796572836297e-03 1.59788518426138108e-02
-4.10077136490958737e-03 -2.93819503523197435e-04
1.24664016590810087e-03 -2.94098436043278193e-03
3.74173265602614335e-04 -3.73056731119027424e-03
4.60735061973773560e-03 -2.79908497003848863e-03
7.27296719399480023e-03 -1.64187535701316588e-03
-4.41905948182204009e-03 -5.42986432407227722e-04
-1.05155324128567203e-02 -9.79723134051931586e-03
8.67582979318223466e-03 1.69901271170839400e-03
-6.74364741408318112e-03 -5.70730095104831237e-03
9.88380743257432672e-04 6.61238181718864278e-03
-9.58745104782148146e-03 -9.86343961067104140e-03
1.15190891405994172e-02 -9.47445271757178277e-03
4.81568669849366789e-06 7.16519612374421667e-03
-3.55526731420531148e-03 -6.08845620314922564e-03
-5.78721731927258481e-03 4.36217073885018531e-03
6.71007120422701352e-03 1.38081245432527446e-02
-9.01477570075129818e-04 5.27225202952942042e-03
-2.79685822638205443e-04 -6.34755068767012005e-03
-2.06256551906993345e-03 -2.68081416510408178e-04
-8.04777623602079815e-04 -2.92494668462627309e-03
-9.92563504861632487e-03 6.36856630303735561e-03
6.75395004118418268e-03 -4.37769305385662857e-03
1.45163499132060156e-02 -2.32880544925748601e-03
-1.97032648189320349e-02 9.62983161282715550e-03
7.33763004506359732e-03 -2.58005812932433128e-03
-2.21797990220432830e-03 -5.94128307141397229e-03
1.80851515607241588e-02 -5.03477138856213316e-04
-3.34620604074146359e-03 1.53839241788547923e-02
-9.69383146340654402e-03 -5.13516245087182314e-04
7.76888660038114326e-03 -3.80454217289036539e-03
-5.99476181356882985e-03 -2.21044955902943985e-02
-1.43357934972153794e-02 1.14896272233615537e-02
-1.81136143628553856e-03 -7.81246028070625882e-03
2.07106662543124704e-03 1.27225253247258987e-03
6.03448052758607991e-03 -3.24489948244213386e-03
8.40208567974937842e-03 3.94184361341839377e-03
-4.75271265627870594e-04 -3.99705117112724839e-03
-1.75409926612617628e-03 9.88008398845306030e-04
-1.37159294538793004e-02 2.15331079657579217e-03
1.55544913936850977e-03 1.60973414303458898e-03
-9.41462757304022992e-03 1.98377370867913608e-03
6.41758457533681253e-03 3.50514866978316895e-04
-1.07268436024881390e-02 2.21816963732471707e-04
-2.15165814950126670e-03 -1.27808427576089154e-02
-4.78349660445979551e-03 -2.76407854806442479e-04
3.15662085316019674e-03 -8.40050814256350451e-04
-9.40992781904161947e-03 -2.82702332364513538e-02
4.34264867976576099e-04 7.90450025796763170e-03
3.14405888272639234e-03 -1.38781624382888734e-02
-6.71559196850580499e-03 4.87116906215349487e-03
9.73554148599465805e-03 -4.47895758731576329e-03
1.16709484022558541e-02 6.16954169971817810e-03
5.79452376892712010e-03 -1.31539937833957655e-03
-6.25705084374326547e-03 2.53953753814783892e-03
-1.32438263315640629e-02 1.01652054445440700e-02
2.05120516361095191e-02 -3.05039829618684898e-04
-7.04017894512722411e-03 8.88654313696425439e-03
1.33414732049700604e-03 -1.01161252990483405e-03
-1.62684837882345473e-02 3.86302171919676628e-03
-4.66460647401660024e-03 -1.13495868474367476e-02
7.04537131409250540e-03 5.89045884665007763e-03
-8.19347713430178086e-03 -1.52999306379942765e-03
-6.51072696085460215e-03 1.81640088861838890e-02
1.76425559603728167e-02 4.33785056315774318e-04
-1.65387309670124395e-03 6.66589582082853602e-03
-1.86766574994229957e-03 -2.69383974277274865e-03
-5.58830286825822472e-03 -4.25016893766506617e-04
-4.05904382949533876e-03 -6.59337767656357696e-03
3.85459906985386336e-03 -6.74610076415775410e-03
-1.73464408033050400e-03 3.00032948044212655e-03
-7.61214729744459032e-03 -2.68476773546301450e-03
2.74307057778637583e-03 -9.38574261078459725e-03
-4.25991801731639454e-03 -2.37120462776181260e-03
3.57001486210517527e-03 5.62486719483547282e-03
-7.90185791573967157e-03 -3.22404167964381375e-04
3.80046422342218259e-03 -9.87847657333790902e-03
-3.06041419378962065e-03 5.56500126307019321e-03
-3.33219730568390068e-04 -6.15166426698426222e-03
-5.97237175808510833e-03 -2.10156284128467470e-03
2.21604698008739107e-04 1.44909858537086520e-02
-1.60641865326923870e-03 2.56461348266335664e-03
1.05291472614697139e-03 -5.02771506444924746e-03
-2.84775523451587167e-04 -9.93066723628652139e-04
1.39205212945425760e-03 -1.42933464796789938e-03
-2.46120043834415717e-03 9.68730556228861476e-04
6.49500527184934716e-04 2.02795301106578228e-04
9.66297334849220368e-04 5.87584091075284923e-03
-1.88290178137263459e-04 1.26465691095678252e-03
6.34348805981776185e-04 4.13107265075601804e-03
2.04432569888019205e-04 -3.46187352951189903e-03
6.74429645268147119e-04 4.20995109779730755e-03
-5.83131606513006932e-03 1.42481204669750667e-03
-1.70976796467984865e-03 3.07846990255581775e-03
-1.07824732293219813e-04 -3.50967804505864477e-03
-2.59742571432217866e-03 3.91639325168967648e-04
-6.31728851387242086e-04 7.86469555430705305e-03
-1.21005691872498448e-03 2.36907838284020891e-03
1.28939896374519604e-03 -3.22168521723184163e-03
-7.58385281246123596e-04 -2.46374525364318777e-04
4.68699142547196343e-05 -1.12411677520647376e-03
3.24512921073422285e-03 -4.60891712606403738e-03
-2.02200811290372548e-03 1.80517208838286837e-03
-8.14522850762869691e-03 -2.24549856630538178e-03
3.54811038581436065e-03 -4.72106361002069732e-03
-4.93133622263327697e-03 -1.56181917756800163e-03
3.12555631611321919e-03 4.06683970090158942e-03
-7.80885025623696220e-03 -1.41919159203315512e-03
3.26438840171816005e-03 -9.05232411589991515e-03
1.63843631566118800e-03 2.16617305093961708e-04
-1.52657294084410241e-03 4.63891275491389813e-04
3.09647296741086134e-03 2.60487058065322907e-03
2.39206861913600615e-03 -6.46222829487637113e-04
1.70500868122787190e-03 1.75370610750929319e-03
-1.07164536301103028e-03 -1.27738181318198677e-03
-5.36044505963076292e-04 1.39001812294836007e-03
-1.85354782503124676e-03 3.64207639928630883e-04
2.27437265910765060e-03 3.85422049903610432e-03
2.31376088309421884e-04 -3.75984150716136096e-03
4.24964454768075959e-03 -1.40179204400074139e-02
-3.77080895851324843e-03 6.59176538803609054e-03
1.80911172527830331e-03 -9.42982341857196739e-03
-3.42274508096932330e-03 3.88185203511256507e-03
6.05598016713459076e-03 -1.16491438644593954e-02
1.23151873352417684e-02 5.30348472046091816e-03
-4.76413688253100268e-03 7.27348083803793823e-03
-2.05049039908904585e-04 -7.77650836751729840e-03
-1.25798621130068407e-02 -1.41986306121605309e-02
3.57605677406859761e-03 2.10030528090126671e-02
-2.58164766592511492e-04 -3.09636872817371312e-03
-2.76125389527631876e-03 -3.83881559385352818e-03
3.85939290663231535e-03 -3.43191952371542895e-03
6.93987592722962888e-03 6.07311574135576565e-04
-2.35380010517023501e-03 1.88228023905964324e-03
1.10906373303992171e-03 3.14909178933696053e-06
4.37677550600562917e-03 5.35981566288538068e-03
-6.29448645071645631e-04 7.10326894773250124e-04
2.98701670370021908e-03 3.64132172920528241e-03
-1.35632762712774410e-03 -3.52410875697338997e-03
3.33472643805695019e-03 4.22465032525124601e-03
-5.33712760541180629e-03 4.56270081914696406e-03
1.84342403994131043e-03 -1.03166852565824362e-03
-7.21088052056871880e-04 1.62958600173803737e-03
9.90901561130451978e-04 6.32798996209655781e-03
9.84479284813101615e-04 -5.44284337172078019e-03
-1.07949163962962197e-03 1.44834702879648950e-03
1.05160589339201894e-03 1.06717501480979690e-03
-1.95553639971532845e-03 2.84179946547473829e-04
-1.94007670765585557e-03 -1.59956437106402883e-03
-2.95003637209569026e-03 -1.14983066873198939e-03
7.23824429359915542e-04 -6.43596491257944665e-04
-5.52107439117999546e-03 -2.62927125951307203e-04
-4.97999231298588019e-03 3.75668203908860075e-03
-4.58057589719421121e-03 -1.57596123532851863e-04
3.89560360657655253e-03 -9.01191528455053993e-04
-2.23540665922172116e-03 -7.25717924535240213e-04
-1.50383992454730967e-03 -4.70164332051635579e-03
3.15756451119376903e-03 -1.94361398246462058e-03
-9.77114994443142914e-04 3.48343583494343688e-03
-6.30942458366794048e-03 8.25602646182308116e-03
4.47738593583708443e-03 -1.17778066177234852e-02
-4.34892056229280004e-03 -1.91983623227218723e-03
1.18032959953192663e-03 5.99592336498600519e-03
-2.46980439540438017e-03 -2.76491907665826894e-03
3.38379114608367427e-04 -4.25822035044812197e-03
-4.82548364299437583e-04 6.14790209197267883e-03
-1.92339196555331633e-03 -3.08373900958792534e-03
-3.17823126902646701e-03 2.53523103982509828e-03
6.01657638141748358e-03 1.32927081813196211e-02
-2.69658262167405934e-03 3.52931152544187429e-03
-1.46481772560846436e-03 -4.46501093451733347e-03
-2.07526299347151211e-03 -2.82953071228273087e-03
-1.82135391551794634e-03 1.00642344225955970e-03
2.49100512662469870e-03 -2.38155120403212538e-03
-1.21202032882412425e-03 3.97582929834710847e-03
-2.97478469075958653e-03 -9.07728439693395242e-03
7.48607823303497517e-03 -6.60101105633918543e-03
3.16448027254434897e-03 -8.11064206172055699e-03
-6.22711700426246441e-03 5.88681937587047250e-03
4.28873875305708571e-03 -1.91245115365522040e-03
4.44467633347590384e-03 2.74505218654732619e-03
3.00775814080736937e-04 3.86551410542014138e-03
-1.30128399970293375e-04 -1.13779300460456153e-03
5.13121166237164462e-03 1.38383653356498998e-03
2.80192412195669378e-03 3.13829848276022793e-03
3.55763023406633141e-03 1.39738328145407541e-03
-3.60617127629015962e-03 -2.05544389227194741e-03
3.56909851652225047e-03 2.29907865202448361e-05
-6.61725170557065918e-04 6.08638727357023891e-03
-2.22304963978744519e-03 -1.58312486565599479e-03
2.68325366548750237e-03 3.16604256111224357e-04
-1.02695358023881288e-03 -3.30442357311418146e-03
-5.33681718155646842e-03 -1.15718141725934943e-03
-1.63499714338624430e-03 -2.05985664886952202e-03
1.84043964678607709e-03 1.80871437311807930e-03
7.38476640276913366e-04 -9.72369973288446420e-04
1.59451791153011695e-03 3.03684250819930826e-04
-1.50597220250517838e-03 -3.56163100566382097e-03
-4.23752152995442166e-04 3.71409499538677672e-03
-3.28958216165959206e-03 1.32142224311465311e-02
4.59727023252775365e-03 -7.00765500562531771e-03
-1.04837820565102050e-03 8.89725473335855992e-03
2.61999225911171193e-03 -3.39148012205371142e-03
-5.57925434921952793e-03 1.10690616666108670e-02
-1.12551444183956288e-02 -4.45231902083964657e-03
3.51602410049867749e-03 2.66141383107882995e-03
-3.39228472527982553e-03 8.59197854842724995e-06
-1.45183789331514157e-02 1.10670268174599754e-02
1.07674086433007781e-02 -4.75960852229770966e-03
-6.58948977567820789e-03 -4.55138079318201535e-04
8.81559836839593898e-04 4.16651788989769352e-03
-3.78340128690301137e-03 -4.71119099599246784e-03
1.43141304308530603e-03 -7.41318500945572362e-03
2.34526013563633338e-03 1.81020952488138392e-03
7.54663906882947435e-05 -4.61766466404377152e-04
6.73753970799291849e-03 -3.69761737528488113e-03
1.28005211971969038e-03 -1.82835825467441608e-03
4.85128854520640133e-03 -2.71591966535108219e-03
-4.03018582263820532e-03 1.68837800549458865e-03
4.68453406951195236e-03 -2.16231182739631779e-03
4.25281424203642188e-03 6.05151270318021739e-03
2.65595211459770855e-03 3.15103951798870966e-03
-3.57636721094292415e-03 -1.21332635476501124e-03
-4.96642024040651331e-03 5.68337671387603421e-03
8.54974524593886918e-03 1.82015825277121249e-03
-8.23883520771052555e-04 1.76956437673524993e-03
-1.43040956435607739e-03 -9.01265134779539036e-04
-1.73251643101516358e-03 -9.29571262752469651e-04
-4.80802893190948838e-04 -2.78215685975014221e-03
-1.15644361566916414e-03 -3.05530630671374450e-03
-6.04435451438131623e-04 2.15314189838525022e-03
-5.78939099774307929e-03 7.36091726690206363e-03
2.30443199865260594e-03 -2.98968271432307683e-03
-3.41211851006792714e-03 5.08014112157246199e-03
3.40737561516103000e-03 -1.69708630203535982e-03
-5.90443885772996922e-03 5.74591828815516209e-03
-6.49938831688401126e-03 -6.10575252053735616e-03
-6.28068993772402549e-04 -2.70402798581661965e-03
1.47039340750756151e-03 2.38929621254265400e-03
4.24507245795008553e-04 -1.06190891042432078e-02
-5.22436344446971092e-04 -2.91595479503319651e-03
2.61353811546478042e-03 -6.25453433478858137e-03
-3.23638451393895360e-03 3.59586659170533889e-03
4.13126694949233954e-03 -7.79466580948865763e-04
3.59720895733783939e-03 3.62532566417839283e-03
6.92030623165691347e-03 1.21979611850483050e-03
-5.32923994295502867e-03 -5.51418864431762524e-04
-9.20790579069898432e-03 -2.50117675499864512e-03
1.46450075768598531e-02 4.39670518399454605e-03
-5.39397427575070629e-03 4.73990559574378323e-05
-9.29709920978637997e-04 2.60293595054942022e-03
-1.01788280778831487e-02 -5.91906647412893810e-03
5.87916400211095647e-03 -6.86800872141645619e-03
4.08115894635599410e-03 5.49276968234177314e-03
-5.53099972584987672e-03 -2.42937665808591000e-03
-1.04452415513650119e-02 1.28627306708893521e-02
1.30900881138280752e-02 2.30748354188268839e-03
-3.78992090367042626e-03 3.89982413264057222e-03
-3.17928551025692125e-04 -1.13008067804125541e-03
-4.36154897671374442e-03 -2.27739873830163503e-03
-1.13277997373896185e-03 -6.56048956238760184e-03
2.10777488437618316e-03 -2.71412450092759720e-03
-1.55480996811220595e-03 4.27849984901310684e-04
-7.31977421419451914e-03 -3.53370032404912290e-03
1.64540047246562802e-03 -5.89145014166571031e-04
-4.90276035621308153e-03 -2.23808970994281630e-03
2.71417424471533672e-03 3.06679961863614995e-03
-5.93184978839335440e-03 -3.18285089622829956e-03
3.74134980729643298e-03 -7.28515456177980178e-03
2.91767928016953770e-04 3.06756003963206281e-03
-1.89303104527474412e-03 -2.27668300238668140e-03
-3.47733201820280176e-03 -1.02640902360595448e-03
4.79391129364755558e-03 6.04567749471529668e-03
5.52761644960432204e-04 4.83873219058593104e-04
-1.77349750442946626e-03 -1.93812406607965894e-03
3.24710097277813544e-04 -5.51956747245695048e-04
8.95320187315087391e-04 -4.65669030682464968e-04
3.59400014999059891e-04 2.50454870543895475e-03
1.30666224777376970e-03 -1.06551989247685068e-03
8.58960706697641310e-03 -3.74053704080060242e-03
-2.49361835508295129e-03 -3.89329699140839188e-04
5.65831643305489320e-03 -2.95702321202234719e-03
-3.89989945403180788e-03 6.00663118548557993e-04
7.35846773740731104e-03 -1.89202457306264743e-03
3.22691644014245918e-03 7.99795291884046640e-03
-3.95163222642270009e-03 2.49056970430153396e-03
1.34621878514581267e-03 -3.86763114001503370e-03
-1.70796454958532378e-04 -1.31604441669477337e-02
-2.51723897190109756e-03 1.28870534246307220e-02
3.11017686147046189e-03 -1.93630658729337110e-03
-2.28687945688291249e-03 -3.58388904285064820e-03
4.05565541520577603e-03 2.28409063616731242e-04
3.28697760504212356e-03 3.90708694892300933e-03
-2.55395225114244361e-03 -5.77247443801084687e-03
2.23760790391884165e-03 2.30234368445957549e-03
-1.46183229036345413e-03 1.77579056482502650e-04
-8.30049392968334847e-03 -8.04909832424898462e-03
-1.10682255053531822e-03 -1.28793593509523262e-03
4.28553022029042139e-03 1.78563373720533303e-03
-1.40785714548180731e-04 3.58111198956844465e-03
-1.92967810294079152e-03 -4.18563849949239470e-03
-2.86555027402922132e-03 2.38080520098500181e-03
1.03172287864045933e-03 -3.55888413142913017e-03
-2.75583698830808522e-04 -2.64658783226028906e-03
-3.57532424237187165e-03 8.86935474553920619e-03
-2.52068798378702219e-04 1.96053444111568814e-03
1.38032166177388927e-03 -3.70194377225535652e-03
1.92907605942753521e-04 3.94317027821858084e-04
2.24939937243161291e-04 3.66892772429814728e-04
8.56842093671247645e-04 -4.30364553305525536e-03
-1.87199636764366368e-03 2.46000816430746875e-03
-9.46397985658335369e-03 5.29343733131283807e-03
4.80845836544775609e-03 -3.66158722965216751e-03
-5.68948211576330350e-03 3.85601157036563743e-03
4.23323204177474162e-03 2.94068755670949078e-04
-9.38142877799582990e-03 3.76574062803085611e-03
-3.86162805261869128e-03 -9.76336874883061007e-03
5.91652971300928639e-03 1.67774733880859321e-03
-5.52136879231689744e-03 1.36334007003437022e-03
1.02807363686362131e-03 1.12460039925545534e-02
1.14511912743091512e-02 -4.11062030638933377e-03
1.48156297526524038e-03 3.84675148015937995e-03
-2.66023100568441593e-03 -1.05493051388552803e-03
-2.88308765574880757e-03 1.26248335488063162e-03
-3.81393885957622119e-03 -2.32389783571793984e-03
-3.26070463825684507e-03 8.88434293810453192e-04
3.33869294415882348e-03 -1.87194719120196181e-04
9.65727815478906876e-03 -2.05865808118885532e-05
-8.15141534589116507e-03 -2.62425083220735452e-03
6.12124307652555776e-03 -1.08884101232500376e-03
-1.89777964796102104e-03 -1.27470730100576472e-03
9.16235692622415811e-03 2.51403085225466050e-03
-1.76444588137817673e-03 8.15363753869207016e-03
1.85238165342661311e-03 -2.23983212958660249e-03
-2.93594164631214472e-04 2.00044286084559647e-03
1.15282989261877369e-02 9.42507656939743817e-03
-3.87552063319493174e-03 -5.53851955147895928e-03
1.69235545883616870e-03 5.96150736332639111e-03
2.24108593985269423e-03 -2.62490961047999851e-03
-2.94495442908803556e-03 4.19158995615366483e-03
-6.36078424517860178e-03 4.10202107599092424e-04
3.06006295286238871e-04 -2.21192429036649917e-03
5.07170911520777706e-05 -6.25561975204122462e-05
-3.77975323530108879e-03 -4.60008056637893192e-03
-3.07024141833481040e-03 -5.08335727148555186e-04
-2.91832626274970411e-03 -3.40979050810258973e-03
2.32051820701366721e-03 2.59931786231310013e-03
-1.87651701219324844e-03 -3.07502858458510043e-03
3.57759217975298386e-03 -4.15029181160535103e-03
2.17047370138524114e-03 -2.30652434063015853e-03
-6.89606975396625066e-04 2.92557499150888521e-03
4.39947579743152350e-03 1.53673298785601646e-03
1.32150317862687948e-03 -6.36498710688298414e-03
1.95014883494778915e-03 -4.30304291501155955e-04
-1.36225701356846251e-03 1.46882659802360536e-03
1.31118110994616737e-04 1.22249849230485295e-03
-1.41967545867117181e-03 1.12358723601974422e-03
-3.33343586508188638e-03 1.00895520644361737e-03
2.26040142293789520e-03 -2.96480155975967867e-05
5.69989101249726050e-03 3.26437889174416773e-03
-4.87302914690557198e-03 -5.55874949980491337e-04
3.57502145544091616e-03 1.70398025671116352e-03
-7.82603765055020950e-04 -2.70487264799891243e-03
5.40814222596051625e-03 3.71757355910685202e-03
-4.32184827769313117e-03 5.15966137880405351e-03
-1.54782074905842498e-03 1.18366197984072323e-03
1.00726693336459215e-03 -1.55236656719313828e-03
-7.03759040383725252e-03 9.24171359250748614e-04
-1.05033218364348232e-03 1.61747589129923987e-03
-4.07205102219133051e-03 -7.18051857689229033e-04
2.36028093352614113e-03 1.21501635964583782e-03
-9.51710708237941743e-04 -2.50075422866139667e-03
1.88529549175462351e-03 -2.71762835353110991e-03
-5.01008219326876916e-04 -5.79554842371628968e-03
4.73582530506758592e-04 4.03748984931129491e-03
-1.67769364369640766e-03 6.96925504940512294e-03
2.12130122253627567e-04 -1.12760673337526304e-02
-8.83226496970467440e-05 3.80238629969669286e-03
2.88364771847124000e-03 4.00482804576602518e-04
-3.49536907506411325e-03 8.26283452107307199e-03
-6.02799708799865459e-03 -4.50105098401307451e-03
4.26399029156519522e-03 -3.57410478993006346e-03
-1.79556244055811918e-03 4.74638672063489985e-03
9.95969513371528642e-03 5.56178058042546778e-03
2.27957055925960073e-03 -1.04708329869974484e-02
3.83160236879447318e-03 1.51463264428944875e-03
-1.92307506668747130e-03 9.28788680025532032e-04
-7.46360742565996597e-04 3.21855140089949638e-03
-4.22869071723671209e-03 1.75766585964935848e-03
-1.00997109912567221e-03 -1.39633050195176736e-03
6.35050032238623514e-04 4.68946086784702382e-05
-1.70348791508397176e-03 -1.46599432293763364e-03
-3.40296965820991500e-03 -3.36208984576670522e-04
-1.48693505836793635e-03 -1.29910725592073174e-03
1.78602392889613305e-03 6.89537707527264582e-04
-3.45509133888436608e-04 -5.76266095186708641e-04
4.86241598079155098e-04 -2.02304805035289281e-03
-1.29628562100602318e-03 -3.57040817964859186e-04
9.95233122241578720e-04 -1.30955114405870393e-04
-5.48476836063458589e-04 -6.52953581634382538e-03
-1.03793416570142796e-03 1.85950636695411523e-03
1.14212381319410200e-03 -2.71272591752907532e-03
-1.31891254091730985e-03 6.48160271408985728e-04
2.23737102186142124e-03 -4.72902674711414648e-04
2.17018480302598503e-03 1.85340003156390454e-03
4.77760065821743879e-03 -1.92813183764862324e-03
-1.84012313027590133e-03 2.23491697026121120e-03
1.29528023600576810e-03 5.01360097672314420e-04
7.57049362041623940e-03 -7.98343323902967958e-03
2.26395778826978498e-03 2.13288018794046948e-04
-2.14307937759937060e-03 2.96503486715443904e-03
-2.37398544295661183e-03 1.42590308221785043e-03
2.14497770783954062e-03 -3.88536993281348158e-04
6.04080830290602009e-04 1.83022305818370456e-03
-1.97277252427798151e-03 -1.48208792318222878e-03
6.48093546811965432e-03 -3.24972324715426444e-03
2.55359485859001393e-03 6.77618133250907587e-03
5.38437676092736600e-03 2.32105804778512826e-03
-3.40285983582281270e-03 -4.84991211480859108e-03
1.51174812400773186e-03 3.01896641029461826e-03
-1.68849672792381611e-03 3.33420596718751348e-03
-1.33612363029103121e-03 -4.30001706938903331e-03
3.03382520612912850e-03 1.72321715189118754e-03
5.46255218218794168e-03 -3.86775314865412485e-03
-9.65521900145433452e-03 -9.75074438004646694e-03
3.61973637994336683e-03 -4.45892085750356718e-03
9.43062726827302708e-04 3.30163955264779633e-03
5.44503615223744953e-03 1.55050118810317814e-03
1.94752061517273231e-03 1.90595908283599570e-03
-1.39810524639578585e-04 2.30822338994027135e-03
-8.03106112738642252e-04 -3.10542212079572633e-03
9.30631735503843240e-03 1.34155229049384549e-02
-5.10737627103516941e-03 5.25950464345301474e-03
-3.15661124759514581e-04 1.13245586706992446e-02
4.98680430111898224e-03 -8.18128399249253881e-03
-5.25022514328207270e-03 4.55492072327344944e-03
-7.86314304077914694e-03 -1.87323833593123351e-03
-2.61042624045151189e-03 -2.76563261199212025e-03
1.69355917570904982e-03 -1.01049288798098067e-04
-3.01125135394690342e-03 -3.43523987943594169e-03
-8.33620214837024753e-03 -3.38763624929913599e-04
-2.87434313130188312e-03 -3.04358565836838468e-03
3.76263029101153333e-03 1.30088238315038767e-03
1.09279898620556000e-04 -1.35737339501263723e-03
1.02333093959771954e-03 -3.68302548924921485e-03
7.12771433390967492e-04 -1.60809743696972506e-04
-6.80027931586382078e-04 5.37786884131086110e-04
1.29977358663135932e-03 -1.79464018462086213e-03
1.80406784288835928e-03 -1.38575946414078204e-04
1.76070874663476068e-03 -7.11232070511425376e-04
-1.75175181369390844e-03 -2.95403671812529710e-05
9.32468292341351746e-04 4.66696647893648242e-04
1.42765875891068814e-04 1.17689950526559729e-03
-6.88545620966493459e-03 2.62919341146209849e-03
7.14981011398661132e-03 -1.61951979140952129e-03
1.96675291226986008e-02 -4.03085642343473365e-03
-1.92014183843745266e-02 -2.54014910104638546e-03
1.19284768505362529e-02 -4.92428082496364824e-03
-3.84798769033188430e-03 -1.79662511117740804e-03
2.00295473523007077e-02 1.73052291420935749e-03
-6.00677289381386782e-04 1.70866445074973304e-02
2.70120583467146902e-03 -4.95611648574776405e-03
9.21761321667505186e-05 3.89367528493332962e-03
2.65923441290896422e-02 1.28535086359129677e-02
-9.44482736259208248e-03 -8.52472467998436310e-03
6.25039932882474891e-03 1.08176659772659927e-02
2.82549001247897310e-03 -6.30785335589921416e-03
-3.70735269731044779e-03 9.51152228030938650e-03
-1.21189582558494484e-02 3.77648626177625769e-03
4.39930256525371743e-04 -4.33069247222123751e-03
-3.87702548614807848e-04 5.20815676260477298e-04
-8.28138337347050779e-03 -5.02288261013608423e-03
-3.34938817585411731e-03 -1.38373910050148988e-03
-5.97834310977182759e-03 -3.73298479827408394e-03
4.68252257948540730e-03 3.64010609540349429e-03
-5.34327799665322307e-03 -3.35037771655066242e-03
3.84873541765234917e-03 -8.80350991134104012e-03
3.75383578832688952e-03 -5.70062133961750286e-03
-4.36973214479167613e-04 6.21003606361724119e-03
1.35745112250002277e-02 3.16419225732041164e-03
-1.01455944307585742e-03 -1.31621242996957516e-02
4.95493424898472631e-03 4.61296803439347858e-04
-1.87336519166752397e-03 1.79383531808010341e-03
1.95203663097427628e-04 4.02441672725051269e-03
-4.36208591849175046e-03 3.47363700646450895e-03
-5.22442475123406375e-03 1.97213583244277343e-03
4.36871273175317744e-03 7.43216945818021309e-05
1.33462462688615276e-02 4.48878539026231153e-03
-9.00731702323213056e-03 -2.97146154590616348e-03
8.68243870974206439e-03 1.85977854707042745e-03
-2.83076984387909542e-03 -3.97126178377998039e-03
1.19077977264988033e-02 6.37619987087029595e-03
-6.27476767529826056e-03 1.17054269624805220e-02
-2.76800728802341182e-03 2.35458641590804030e-03
1.95504725434705396e-03 -3.28195987846845822e-03
-1.14238270443876994e-02 7.78733396442901887e-03
-4.02863476728583872e-03 2.26619357854986828e-03
-9.08441721681477014e-03 2.00055846608002564e-03
6.94422847444665751e-03 9.17801415422385934e-04
-4.11714907488521225e-03 -3.83444914786260950e-03
1.05754387582071498e-03 -6.67825858746611337e-03
-2.38716715055356608e-03 -1.12940928840082489e-02
2.13541369656585411e-03 6.97961283124581486e-03
-2.52080665748166156e-03 1.01385153620281027e-02
-4.78224540304913320e-03 -2.05435871224221370e-02
-3.10567040732151955e-04 4.72599564738039341e-03
6.31529622178945982e-03 1.37114474266220314e-03
-4.41393023680571560e-03 1.39547321130469599e-02
-9.87850165443447496e-03 -8.09301939000286671e-03
6.85308696957185205e-03 -6.92951467598155145e-03
-2.39137485037201449e-03 8.66395848972470635e-03
1.74282240742407203e-02 6.85017576500625367e-03
2.89953911713200984e-03 -1.86038231614751894e-02
7.04663220169477258e-03 1.15755619960546878e-03
-3.72301950464706214e-03 2.41494316758387095e-03
-3.08329166343690052e-04 5.37810275792171243e-03
-6.41934760029374066e-03 3.93382165984017523e-03
-7.29156562027998348e-03 -7.35552659815249307e-04
3.15347047551575678e-03 2.43969933236618973e-03
4.67695748784485287e-03 1.63784607773577520e-02
-4.27448498346696265e-03 -3.96715468804112546e-03
3.42081800774310472e-03 1.04961679093388532e-02
1.59180737816526255e-03 -7.92500050436873923e-03
3.22914793852320699e-03 1.44890675495523129e-02
-1.67515245402612700e-02 3.63371624476431856e-03
5.06506029104604027e-03 -5.65629086784532730e-03
-1.20214347580337925e-03 7.20429006281143001e-03
6.43067692250697421e-03 5.28490634669646214e-03
3.21798609421577748e-03 -1.72447376328739299e-02
2.09143609102545270e-03 -2.00821777300574543e-03
-1.99960119797715262e-03 5.46704975242968440e-03
-4.18956533140505761e-04 1.26826659228826389e-03
-2.39604417079317946e-03 8.68220842756135987e-04
6.70731598428674254e-03 -9.92570070036542448e-04
-5.66413071236006663e-03 -1.27018238177749885e-03
-1.68176384161036370e-02 -7.93774305301046465e-03
1.10894813112452067e-02 7.09575433556570035e-03
-1.12732342802636613e-02 -3.62077607125047603e-03
2.98792447564456875e-03 5.03025394303309795e-03
-1.42872544786221758e-02 -1.06329284690884571e-02
9.82199373225563221e-03 -1.39320253186776873e-02
8.74428190493918740e-03 4.01141197114433367e-03
-8.01927353655998258e-03 1.43779233310930687e-03
-1.66295338099790753e-02 2.23584926500068892e-02
2.11004146070116368e-02 -1.00532532585229182e-02
-7.16215999760210810e-03 2.24133681215630967e-03
-5.87153393714605061e-04 4.72158769827092650e-03
-6.93098701729753450e-03 -4.79085299243658860e-03
-1.23501124218045326e-03 -1.08740648499746038e-02
-3.48094695830720655e-03 9.62195480265820753e-03
4.13977678169825144e-04 -3.88736362307956409e-03
6.57892799480852032e-03 5.85958989107791730e-03
2.42358019185930865e-03 1.43292320337296917e-02
3.66778808563774945e-03 5.46389391513511097e-03
-4.84208872755444077e-03 -8.09708551204905286e-03
6.32412047150986579e-03 5.11486920404428903e-04
-5.85783402939155876e-03 1.06534577921065538e-02
5.98615452998355058e-03 1.51830018704293950e-03
-4.93200844327630009e-03 2.04221504995423129e-03
-1.01057996054464035e-02 1.37372854610491330e-02
1.34906454973356196e-02 -8.94285881325565350e-03
-4.30400619857518492e-03 3.83478663470313442e-04
-7.60534004425594216e-04 4.24820544265687959e-03
-4.05814311355265269e-03 -3.14633768085625714e-03
-5.50246800675521113e-04 -6.55427853858513935e-03
-6.33458453048817930e-03 1.79041882437474967e-03
6.43181001783565704e-03 7.69705298665013596e-04
2.10521868882877425e-02 4.83705737237519369e-03
-1.31148885177829050e-02 -7.89962164734519211e-03
1.40236744865520624e-02 1.18266589601981656e-03
-4.75411360115410991e-03 -4.00750261830586096e-03
1.80992730563192712e-02 9.03700766948909925e-03
-7.19380610901573098e-03 1.76323538249093768e-02
-4.21075450969663964e-03 -1.09682265336889483e-02
8.39744378356288047e-03 6.82181874976373233e-03
1.68062170394285212e-02 -1.40660509731313256e-02
-1.97348070214803627e-02 -1.26316501912285706e-02
4.37020740771341346e-03 -6.18969492839933130e-03
1.56500424600010228e-03 4.87297389321949322e-03
5.08925773318129500e-03 3.28318898603211298e-03
4.15827816417031868e-04 8.58796391271827129e-03
1.01418410348067152e-02 9.42777671569086304e-03
-7.84047050089240437e-03 -2.03818977681554389e-03
-1.25795147171838136e-03 3.97456878492529354e-03
2.86239667241957145e-02 1.02614012868108926e-02
9.98558732635385386e-04 6.08536522518083201e-03
-9.16360867357029346e-03 -2.00682155849090044e-03
-7.34785023433156756e-03 -4.41240611682750666e-03
3.20527182232304862e-03 3.62953263163499039e-03
-5.15188291546390953e-03 -6.37918600574237122e-03
8.44291901863579615e-03 4.03627618539617768e-03
-2.02089014945448266e-02 -7.14601930727983697e-03
-1.04652303242868758e-02 -1.52196546006116949e-02
-1.29054765764692134e-02 -1.37015690391269519e-02
6.74219728047320728e-03 1.58780506236658563e-02
1.26121519527658396e-03 -1.00265067380567660e-02
1.04598628055784723e-02 -5.00154809112827396e-03
4.60524070134197237e-03 -1.33888707286866290e-03
-1.32533381199925315e-03 1.07410658958641096e-03
1.79304848389133867e-03 -4.01904332074485421e-03
4.43428506379140146e-03 -5.85567923517174571e-03
2.07330220539225958e-03 -2.97205402247803247e-03
-2.20280831844255325e-03 4.11986422412356171e-03
-5.61790296808139318e-04 -2.07680853228733213e-03
5.57076912912667435e-03 3.55215403742029318e-04
-3.31703808286161472e-03 -6.04422372356428617e-05
3.04520717315858499e-03 -1.41630597840202419e-03
-5.85466515691792245e-03 -1.83828851915097393e-03
-5.74328653326373288e-03 1.44454019319332594e-03
-4.45712786277255128e-03 -1.61360906701426849e-03
3.62424591248094357e-03 1.70008544575211236e-03
-2.82764450659568330e-04 -2.47562114319927569e-03
2.48299489293410348e-03 -1.84469161275740935e-03
7.29812841374471218e-03 4.92511220927818304e-03
-3.71484966364363711e-03 -2.40759760193943236e-03
1.31109273270339300e-03 -8.16538492785593741e-03
1.11689922110644983e-02 5.43297472770033242e-03
1.36130821328852626e-03 -4.22228391659782223e-03
-5.88254301358214372e-03 3.34836807777051226e-03
-7.45106017164495348e-04 -9.42059126274711819e-03
1.06779642758358037e-02 3.31679722153268262e-03
-1.75960845614538922e-03 -1.43925575658695386e-03
1.78789706516169580e-03 4.78492627734819378e-04
2.13965104807425617e-03 -8.52985033820068995e-03
-3.14956881728179448e-03 1.17514562254871315e-03
2.21972578152500408e-03 -3.15857814450552776e-03
-1.46553822215759306e-03 6.65504839999658403e-04
2.97791455934967152e-03 2.45078006146845159e-04
2.04728932235727920e-03 3.21291073849588795e-03
-7.64312259667726188e-04 7.09662653137681579e-03
-3.25894197343886804e-04 -4.47026519985003134e-04
1.04219585108895566e-02 1.20362094239497269e-02
8.87543998555561341e-03 3.38898209080255777e-03
7.91174377844421073e-03 9.18081071429290713e-03
-6.82743044568030668e-03 -7.44603048622717763e-03
5.41057690321677855e-03 7.38345710398265534e-03
-9.26197136972222411e-03 1.20050569019670098e-02
-7.57107747149268068e-03 -5.94108733705343492e-03
9.44096858623550902e-03 -7.77284300017390617e-05
1.67063930253631872e-02 2.99306577668252086e-03
-2.87027734102428406e-02 -2.09332028923833388e-03
-2.72498396415177041e-03 6.62749859446186505e-03
1.18234682694688380e-02 -3.66119721550485239e-03
-2.72679905854277113e-03 4.81305990345337609e-03
-5.95345484925920935e-03 2.03193142377100641e-03
4.85004504238775204e-03 -4.43471525377276549e-03
-2.55294451399691504e-03 2.42009610390503047e-03
-6.03633356717008136e-03 -1.47078030480561899e-03
6.62127689154944424e-03 -7.18028001518262061e-03
-2.97368273169092926e-03 -1.03411375005594934e-03
1.45658449956976156e-03 4.53028121039036891e-03
-7.46843915617613832e-03 -5.35268906547819328e-04
3.56169061396566103e-03 -7.43157672537327757e-03
1.63236747912714770e-03 1.67636629212341865e-03
-2.31172980616521683e-03 -8.91327634365408211e-04
3.80770715509051510e-03 3.61846891942535194e-03
3.21175207220103769e-03 2.78603282827642566e-03
2.28058438119398956e-03 3.63083337139473265e-03
-1.19019372958896670e-03 -3.47669117422461267e-03
-9.76109866786698801e-04 2.08296351288505231e-03
-2.71927550147288942e-03 2.96668695883683671e-04
-2.43147211420202236e-04 9.20961629189762446e-03
-9.30009034097508866e-04 -5.40743740087534005e-03
2.38208629175879752e-03 -4.52842756256977789e-03
2.26190385776006567e-03 1.70325180214940287e-02
3.64308481481245264e-04 -1.39310468699052441e-03
-4.33471725205538706e-03 -3.28216609209428748e-03
4.14202603454822110e-03 -8.33034377380809619e-03
3.95251623661291036e-03 6.98805187394625597e-03
-5.39909148113415591e-03 4.04376229867740335e-03
2.82520342135909831e-03 -6.08016416807840264e-03
-9.03075999234232395e-03 6.94749379912229644e-04
-6.87165586082749691e-03 1.13347567693876331e-02
-6.57556954656553141e-03 2.43696971226637759e-03
6.02452693894705172e-03 -2.79618039240706008e-03
-2.03519634766615278e-03 -2.64453366457869212e-03
1.84971384879287302e-03 -3.92220674450345207e-03
3.33983606048869923e-03 -2.04547491530159215e-03
-2.60797017327639739e-03 3.21627622805254485e-03
-2.34138677080047769e-03 8.82127082529122163e-03
1.14574104111233952e-02 -7.00449621350364166e-03
1.69463085659157488e-04 6.42303825737517223e-03
-6.19958475121413664e-04 -5.91076887855550748e-04
-6.50080023761524448e-03 6.67540421381656538e-03
-5.06370608238763172e-03 -3.18075672439129984e-03
-3.26268849451135257e-03 1.59491919309664412e-03
2.95000132606694629e-03 -1.89662851769699056e-03
-2.49593655923627394e-02 7.87841814322316021e-04
-4.34056889240201418e-05 -1.83369982031130743e-03
-1.29007859025327080e-02 -6.70440857071459648e-03
5.45902492679382727e-03 8.51554491664260026e-03
-1.70994389012394331e-03 -9.54017463490626320e-03
8.12065794588262384e-03 -8.42873727027008968e-03
3.80863744037385947e-03 -3.13020965224864020e-03
-6.30812586463354243e-04 3.85009329430699779e-03
5.73009240127623880e-03 4.46082998310325194e-03
6.38825338332519276e-03 -1.36701933488040245e-02
5.74530911378924765e-03 2.24593448435489841e-03
-2.83693397483663051e-03 2.12594919234975052e-03
2.11324898346171958e-04 6.41506851153158912e-03
-1.53755408403297589e-03 2.41463207265690859e-03
2.34312665974891138e-03 4.18722983240800905e-04
-2.23678253874246957e-03 4.11083655061837477e-04
6.23934691019494524e-03 5.06963936057081704e-03
2.58615056827659435e-03 -3.97161148354746444e-04
2.72843966833675924e-03 3.88862646205018377e-03
-1.05189389838091733e-03 -2.90875310992361495e-03
-1.27560007253638640e-03 2.74657292530314148e-03
-3.71256425541827443e-03 5.98111279572911825e-04
6.41841968483616767e-03 -2.46009061600059142e-04
-3.32110291276539304e-03 1.67491427114115315e-03
4.61785262720700891e-05 9.32880541039220776e-04
1.24468400540105120e-02 -5.25428459214478862e-03
1.63700340914579379e-03 1.18767894462735567e-03
-3.33058025526250003e-03 2.56504212281242518e-03
-4.25125250994020428e-03 1.61462937379188478e-04
2.84514282487640865e-03 -5.15697064705396388e-04
-2.57474579272055611e-03 -7.76808475933778099e-04
3.09376049157928474e-03 -6.48215197904672305e-04
-5.09259212924944790e-03 4.12833841767783379e-03
-6.87353040646724363e-03 -2.21503352760443533e-03
-6.21238505394471063e-03 3.44730717233549314e-04
5.74483831874374618e-03 2.09521956457917524e-03
-2.40288355423854284e-03 -2.23204959886443878e-03
6.02718323218351198e-04 -3.60409325306525414e-03
5.74674084867751018e-04 5.80788856678949509e-04
-3.36330880545235983e-04 -9.42729768041453034e-04
-1.29754994415638811e-03 -3.30681331076397534e-03
-4.17501544796989666e-04 2.48206014715930765e-03
-1.18957911454244765e-03 -2.06375628865902022e-03
7.99829565801753081e-05 9.67014119508901237e-04
-3.05821803537580778e-04 -3.19950995724595146e-03
2.91278746038954074e-03 -7.03484466549731779e-04
-2.21788922682684877e-03 1.42821400746275082e-03
1.42451835375529226e-03 -2.24640040050298707e-03
-5.47936069052059552e-03 1.53685732127125264e-03
-3.00311172956639876e-03 3.18673794636313047e-03
-4.06183639388854427e-03 6.61153123127764214e-04
3.27303423098253710e-03 -1.15098671738888880e-04
-1.35872453632522616e-03 -1.82353773467765082e-03
1.05966070837998816e-03 -2.60848549922339593e-03
3.83391931074869401e-03 4.30263413323647400e-04
-2.34020512865958791e-03 3.35767443733743759e-04
-1.72029902103246527e-03 -4.47976672844451374e-04
7.63238891924609107e-03 -5.92744774025973065e-04
-4.36282610230148389e-04 2.96263158764828005e-04
-1.59137073732724585e-03 1.46063249807413783e-03
-3.46542241313349281e-03 -1.49265791196528789e-03
2.51687940499151696e-03 -1.32865876657564598e-03
-1.28005451386985236e-03 5.53440169952829140e-04
9.82103699596144700e-04 -5.99249400829180226e-04
-8.92675995115713335e-03 -3.02476240170219219e-03
8.23498467349090507e-04 2.62365194774023217e-04
-3.41051975949903732e-03 -3.78290703146666940e-03
5.37317969304821892e-04 3.24895791107481739e-03
6.65174464562755924e-04 -3.47946325946075488e-03
3.90337059589066036e-03 -1.87034223207334068e-03
1.70247662671410083e-03 1.59712639441535556e-03
1.96403635275562647e-04 1.17760230849489546e-03
9.25525728822462063e-03 3.67465586371875774e-03
4.25566964614203756e-03 -5.53083319609561259e-03
7.28914963127984695e-03 2.22698599420399160e-03
-4.88344054196734791e-03 -7.84305272890533202e-04
4.81208528057535268e-03 4.12275512845865482e-03
-1.80251085320396950e-03 7.90315739692522799e-03
-3.39516285330948358e-03 -1.05161156131981012e-03
3.03099050178052372e-03 -1.38489378772283390e-03
9.43271214107522897e-03 -2.86094560753610838e-03
-1.04548011515426253e-02 4.60276308447369383e-03
2.00317021000301007e-03 3.20585169098831259e-03
2.58171231297496572e-03 -4.25136473673459400e-03
4.22481484133244178e-04 3.28201441723093837e-03
-2.43904673466534185e-03 3.07268738863239639e-03
3.85999838944153448e-03 1.85958314785055877e-03
-2.43870802091719586e-03 -2.04970273192210195e-03
-4.34144218467677045e-03 -7.72325398775782195e-03
4.45930060924028607e-03 5.86810733126048173e-03
-3.19310489301205275e-03 -4.33882704201155912e-03
-9.04341060056912372e-04 2.99189090647323554e-03
-3.18442514954114797e-03 -8.42172065069877844e-03
8.23409404946536666e-03 -2.55251469134122090e-03
-2.27985665335548758e-03 5.65750517527043549e-03
-6.09308431736800852e-04 -5.83042274601843630e-03
-9.49512421404433496e-03 3.77240503757345861e-03
1.06814053793883516e-03 1.12794803058465735e-02
-4.77020921470744288e-03 3.41711470152389167e-03
3.06904219472509468e-03 -3.57712409045269925e-03
-2.46490232781536615e-03 -2.23133230976850852e-03
8.94197733310713155e-04 -4.40066865081352974e-03
-1.04041688270223500e-02 -3.97687829448573841e-03
7.96597453472738110e-03 6.31107748139380091e-04
9.01989279452194807e-03 -4.75385123419536245e-04
-2.50782805231040788e-02 -6.15813694107402929e-03
4.39391129676435562e-03 -3.12411121713802257e-03
4.17942867318418787e-03 -1.66584263599621951e-03
1.27596667917533012e-02 5.77927620880772444e-03
-5.70377788495343881e-03 5.41741652942224605e-03
-4.18938548266909686e-03 -3.68338310768890308e-03
4.56054247725667765e-03 1.86903176439504200e-03
-2.33047029413547364e-03 -2.29290019715612664e-02
-4.97285627755490820e-03 3.39763480454940297e-04
2.99397175475505251e-03 -1.17688327577423740e-02
-4.11432926148387092e-03 5.57331157565760238e-03
8.02080523059899887e-03 -2.48452577099064547e-03
8.31371666078683895e-03 6.35891207956450297e-03
-4.47623035088490131e-03 -7.83511375258379248e-04
8.07925619169424093e-04 -3.38974263684372820e-03
-1.28341761628989123e-02 -8.10573711159249220e-03
-1.08958442747878036e-02 1.26527876892195360e-02
-1.10406963966810379e-02 -5.11573785158382730e-03
7.45847277176521755e-03 4.39759199869633609e-04
-4.34576216894131014e-03 -8.57142616680669177e-03
3.72992067138811379e-03 -1.00278314420213632e-02
-7.09466934876289731e-04 -5.68161934999805848e-04
-1.22824288131327111e-03 5.65620445432392653e-04
1.32110105877102993e-02 -3.07014818256941061e-02
4.76324668403716161e-03 1.16886541845586146e-02
1.69283628119818001e-02 -8.14210552525326293e-03
-1.42821718400176767e-02 -3.71928648507271076e-03
1.22301430069768451e-02 4.48403623231273703e-03
4.63983277882532106e-03 1.47203945095991783e-02
5.52846530723210996e-04 2.52764107670477725e-03
-4.20114906342041339e-03 -8.03769521611551988e-04
-1.30171907373849999e-02 8.72611721694751576e-03
1.23586786711484854e-02 1.08077493565032646e-02
-8.58422937606134577e-03 8.24546686319898615e-03
2.44990153600235707e-03 -4.77733593248353804e-03
-1.20276376524778000e-02 1.04361314882391487e-03
-6.22273744369596093e-03 -8.68933321477156385e-03
3.00128573453131492e-03 3.55888449798894826e-03
-3.92648504463134762e-03 -1.36066983154379509e-03
-6.54762045093440492e-03 7.82888036455626525e-03
9.44045926621758964e-03 1.35549553062895502e-03
-1.87371761638011232e-03 2.21648625031471052e-03
-9.04037887285025080e-04 -6.52037991133989176e-04
-2.51042627946455356e-03 -1.38951338952077261e-03
-6.38751689944651443e-04 -3.91348456509159250e-03
-9.74904107903486368e-03 9.51923263422221715e-03
6.93607700097879031e-04 -6.09454444131243746e-03
-7.51206766794157866e-03 8.37029402977232558e-03
-3.76358317912768624e-03 2.74365945253463341e-02
-7.66910205991699467e-03 8.12359476356543618e-03
3.04729714442692964e-03 -1.24045766399512279e-02
-7.55886991618416604e-04 -9.16766475987581338e-04
-1.12671442806608138e-02 1.32596604274671522e-04
8.38892909107340039e-03 -4.29338867980869152e-03
-5.49318180137433384e-03 9.41460147265345097e-03
-6.91722241262830197e-03 -1.59191539521824355e-02
2.29302572363790889e-02 -1.61708564867025680e-02
7.95006191577635191e-03 -1.68332635793180183e-02
-1.56918864817592631e-02 1.27926838339576261e-02
8.58437566844631739e-03 -3.93097739723682980e-03
8.62750894828706247e-03 5.17327037152400578e-03
4.38463407204265406e-03 5.88180351596216070e-03
-1.33284055815532649e-03 -1.15152689892522478e-03
1.08436591040748567e-02 -8.42634842400512502e-04
8.77043503166374111e-03 7.60689532601494314e-04
8.20597622468291314e-03 5.20672521690283087e-05
-8.38207977344835979e-03 -2.83594387210639660e-04
6.03331054880257723e-03 -1.66796672675341689e-03
3.43493944062039534e-03 1.13465204798831650e-02
1.33466641049703673e-03 -1.08296294358552203e-03
-7.30180436118368936e-04 1.86723419526076779e-03
-7.35804215614145520e-04 -3.76934826914960587e-03
3.59325772693456667e-03 -3.06508996961270611e-03
1.71694153192410376e-03 -3.38727627456463952e-03
-2.94646016087852505e-03 2.44006914217095947e-03
1.86908376781163101e-03 -6.24373855284271798e-04
1.72406790236663662e-03 1.35459047506680526e-03
-5.05075220980568448e-03 5.19436634687107154e-03
1.95930892553022179e-03 -2.28930298259143574e-03
5.02638488138211319e-03 4.89612617560033960e-03
-3.83654548480412026e-03 8.46995939261388844e-03
2.48818247542934891e-03 3.76428103815604339e-03
-1.54873361547206876e-03 -6.21748733904465504e-03
5.97564084663044452e-03 2.29994289576736406e-03
-6.27693798813120773e-03 7.08863679737553598e-03
6.49548627813779597e-04 -4.00048523408580523e-03
9.09705189237045107e-04 3.39654379292879437e-03
1.21457039722779221e-02 -5.52068213849396614e-03
-3.46766548141558099e-03 -4.50432646109654496e-03
6.06805408156803425e-03 -1.06560321984950734e-03
-2.70187448020874164e-03 -2.04405262784350790e-04
2.71350290384790452e-03 3.63671857453141175e-03
-1.74756581990565376e-03 5.57197633445967542e-03
-2.55045485541392737e-03 9.46524711325374708e-04
-3.68441795735139667e-03 -1.10990588371536608e-03
-1.97731460970096973e-02 9.89334898113364454e-03
8.09565784704283607e-03 1.43099936915875720e-02
-1.39090668307223029e-02 9.12825810546336221e-03
6.94371426983712327e-03 -6.06752352492470268e-03
-1.55198661767659545e-02 1.29039796868049257e-03
-8.93775403571120224e-03 -1.45719575126663347e-02
8.48475155377708193e-03 -4.21304375539934342e-03
-3.12182291715279968e-03 7.86340227200316155e-03
-9.85725294422327807e-03 2.83800898755850253e-02
9.04899638093620978e-03 -2.84816440433804663e-02
-1.06085668582585040e-02 1.08723189110484435e-03
5.23477887097311204e-03 1.11196513302366743e-02
-8.98276682929862250e-03 -4.23518217380956276e-03
-3.70107024354842957e-03 -1.14525552090059910e-02
7.93717502911082951e-03 5.02812783110340947e-03
-3.00015236126221661e-03 -2.17410098564456986e-03
5.99981013355635733e-03 -9.83982890826478121e-03
1.00142306974071831e-02 2.44981705987118263e-03
4.70877624909522320e-03 -5.82142334821980894e-03
-7.73181005575358446e-03 4.40635439737020306e-03
2.75442302898865283e-03 -9.43829197450101604e-03
1.23151921986190960e-02 6.94330012005800121e-03
-1.56456213590727461e-03 -5.15359835579450314e-04
1.63763691740229783e-03 -1.01176761625708248e-03
7.19479036073931814e-03 4.95667542427861724e-03
-7.69336753078195528e-03 1.41018451626176542e-03
-3.28350985248865659e-04 5.27823929038640730e-03
3.96255247288060906e-03 -3.69588847590234838e-03
-2.24574935509612482e-03 2.74974719237220831e-03
-4.00832795248733630e-03 4.16480480617437379e-05
-9.43668340582735736e-03 7.72156191690593491e-03
3.10144218597661588e-03 -4.43003765786496948e-03
2.92553861740814857e-03 6.51531109275735407e-03
-8.60564353162217646e-03 1.72758847356997564e-02
-1.09973335515562326e-04 5.32688399272751925e-03
2.82003906492627290e-04 -1.00832529688940544e-02
6.97698811351615909e-03 1.76958169508770321e-03
-9.77522877999424319e-03 7.15796237715182054e-03
-7.61492546303170047e-03 -6.63066403902297027e-03
1.03652898748207382e-02 1.18868429832221607e-03
3.85713787708733685e-03 3.19089297938925749e-03
-2.61959485186485305e-02 -8.06664644560010392e-03
-8.67664248415315684e-03 1.13503876550013821e-03
1.30934743980120789e-02 3.21233028038524649e-03
-3.03258197976158167e-03 -4.52893059999602077e-04
-1.30072944005896370e-03 -1.95833529394405601e-03
1.11195489783504891e-02 3.66503723027917410e-03
-8.23785117262768041e-03 1.25377774488819363e-03
-5.58061031712825655e-03 6.90894400607280218e-03
2.95950410613869397e-02 9.38455920685602124e-04
-1.07490849603381500e-03 7.39655622331358755e-03
-5.93911654587707654e-03 1.89730123367110243e-04
-1.25496508958428937e-02 -1.95571592392202385e-05
1.12707641372720296e-03 -2.98760990164970239e-03
-5.29166637020520199e-03 -5.40055804018506856e-03
7.66445014501024573e-03 3.76482725129723746e-03
-2.52013606744702010e-02 -1.72537147212614740e-02
-5.18622421922187646e-03 -1.18699639066106449e-02
-1.07447965668594058e-02 -1.91719043767016872e-02
2.12024769239459523e-03 1.76619413161201513e-02
5.10183625582435931e-03 -1.19293381380302342e-02
1.50559943033538382e-02 -2.89793580774004231e-03
9.19171064720067724e-03 2.05832468607040258e-03
-4.66049428157894793e-03 1.27673715991840340e-03
2.80811275260479292e-03 4.73278648678869941e-04
1.81879001738208014e-02 -4.64611257128154896e-03
4.01615070494771784e-03 1.35953449077741905e-03
-6.66935532951185971e-03 2.86248186026385760e-03
-3.58890728366629110e-03 -1.11502531905753924e-03
4.88174046844697899e-03 2.71180408960434560e-03
-1.97805016777429996e-03 4.40265151242091608e-03
-1.46189484342913099e-04 -4.95513041565223255e-03
-4.98332052738310449e-03 7.38928871956764152e-03
-1.77682167009321859e-03 8.62962313405015585e-03
-4.60161945326130559e-03 5.61203122691585326e-03
4.58648223108703776e-03 -4.29221946221420344e-03
-3.69805637799271300e-03 -7.16171654875703075e-04
-1.49917344095959991e-03 -4.33809975286768464e-03
-6.52458413627856823e-03 3.75338662994148639e-04
5.49440964780406778e-03 1.29684190195755136e-03
1.52736524047301890e-02 7.02790006421300309e-03
-1.13609220170958029e-02 -7.06529817573340636e-03
1.01783639602049843e-02 3.00364585381191710e-03
-2.26712817249158328e-03 -4.42124357849816955e-03
1.32335232314593904e-02 9.90413108905947685e-03
-9.06549907226996028e-03 1.23952763738413938e-02
4.59952530325398543e-03 -2.43667252402168886e-03
-1.90524327031204883e-03 3.36332913704681657e-03
9.90740565640792041e-03 2.06625104367750279e-02
-9.63803545477446687e-04 -1.20040312225795243e-02
-1.33732669682529019e-03 8.74057307754733462e-03
4.35534752495914806e-03 -1.33884347710537424e-03
-6.67446728593159514e-03 3.79194384388290440e-03
-8.98759683678827456e-03 -3.48900372594006247e-03
1.92341266031858171e-03 -3.26625790497630554e-03
1.76462614789557240e-04 4.88356053440499650e-04
-1.51112026068729111e-03 -7.53353082986434400e-03
-3.40684609184330710e-03 -4.35334979908428860e-03
-1.11431106674828549e-03 -5.84906974127281064e-03
1.34144809499289882e-03 4.95746134491830640e-03
-5.12893317540678698e-04 -4.08403942010434045e-03
6.65983798213175444e-03 -3.08756063858843738e-03
5.32809095467708192e-03 -3.05319182764080856e-03
-2.91352814436840512e-03 4.95129960856378806e-03
8.21347012229184208e-03 6.27065621974359604e-03
5.48797820040740261e-03 -1.09928994467050622e-02
3.88561645515495512e-03 1.06484249044915989e-03
-2.97454449784019352e-03 1.46087982952611793e-03
-7.99441288946528290e-04 2.71963773364356431e-03
-3.87432183106810974e-03 1.22905120017497240e-03
-5.29526813757258234e-03 -4.44636748336886046e-04
3.19854253603461770e-03 1.41688234177223264e-03
6.54793640891874508e-03 8.65370983257746779e-03
-6.12425838422980817e-03 -3.96135062111308781e-03
4.41160453485084456e-03 4.98569659627809327e-03
2.62671896972201775e-04 -4.53087711314449811e-03
5.56643974832157079e-03 8.99588013614850170e-03
-9.66229059759467386e-03 5.11620482572596683e-03
-3.13744571259477398e-03 -3.40624577392830525e-04
3.01156571525964308e-03 -8.48005932384923592e-04
-8.26402164641169314e-03 -4.27364954815090056e-03
-4.14897505755704599e-03 4.26404733603171610e-04
-4.51796711589067933e-03 -3.91169073471726164e-03
2.52189838216148763e-03 3.40983917188081341e-03
7.04420210321278712e-04 -3.54652290311901998e-03
4.13052820478208849e-03 -1.66079318558704924e-03
3.56682713932967611e-03 -8.36781914526155482e-03
-2.74065320556493748e-03 5.58573326964339947e-03
-9.90135424517733266e-03 7.92934315756982887e-03
8.94620481678207874e-03 -1.36016974010288900e-02
-4.73706709934100696e-03 5.10510911624169079e-03
4.53570296332262129e-03 2.67726309243373302e-03
-1.25622224379212145e-02 7.80594279786994086e-03
-4.65418413144904914e-03 -1.25403287720121069e-02
8.88849370752808898e-03 -1.74572708337528723e-03
-6.14310420090257835e-03 5.43878582114244290e-03
7.54458036072883954e-03 1.68625786975984404e-02
1.16960465479842585e-02 -1.41960443113278434e-02
2.85637187473001229e-03 4.74720661680255469e-03
-2.79752127059691019e-03 8.16574256776460370e-04
-4.07317482491051288e-03 3.11956294725774944e-03
-6.93176298371039716e-03 -1.89930233790561089e-03
-6.86001137282005440e-03 -3.44484933819251809e-03
2.98184787754175772e-03 2.88329042655039759e-03
3.05862666873773224e-04 1.32675726462022862e-02
-6.29003039320779819e-03 -5.49870285829019961e-03
2.96253228582658943e-04 8.10945697775546440e-03
4.17359822556438199e-03 -5.54047764796811951e-03
3.69918949059181291e-04 1.26223378393340718e-02
-1.42724195827779784e-02 -1.26634642698941584e-03
3.90919829757738549e-03 -4.48884746055889291e-03
-1.07527412179592727e-03 5.90586210478323635e-03
3.95416160998321442e-03 -6.16730872282617677e-04
4.21940789869161038e-03 -1.27358134597544605e-02
2.97171841641958104e-03 -4.06643171353820998e-03
-3.64473983137672715e-03 5.16652587802178976e-03
1.52315201012961465e-03 4.63188922480297564e-04
-5.18634204786029600e-05 2.02367987985259097e-03
1.17024033729437784e-02 -9.13107373941390897e-04
-6.91906532322825001e-03 3.46699176407075968e-04
-1.01403468242412878e-02 -8.34446889740553428e-03
1.83703120880222871e-02 -7.02637692896640876e-04
-5.35864608596474043e-03 -4.12574390087974870e-03
-1.86808010548694149e-03 7.65974721758335905e-03
-1.24058871685281853e-02 -9.61806601041164527e-03
1.29062299375034707e-02 -9.06792696324524271e-03
7.13588763613448064e-03 6.64498272324798561e-03
-8.86082672241977724e-03 -1.90951555862872669e-03
-8.00962773905969545e-03 1.41895138162419412e-02
2.02914142065485428e-02 2.66730465655037798e-03
-3.10315476969779183e-04 4.94137537558411895e-03
-4.04226869040319112e-03 -2.62833588778962294e-03
-4.05737672288922907e-03 -8.74144875356729686e-04
-2.48796079599521202e-03 -5.58067971363034477e-03
-4.71078088511907560e-03 1.59749018216729364e-03
3.90200887046987825e-03 1.83745024298809374e-05
1.14178806962937675e-02 3.62846575812222731e-03
-8.36071687269919830e-03 -2.48399760062814222e-03
7.36474302543961915e-03 1.39547909933266474e-03
-2.25099722186457686e-03 -3.38249702747146948e-03
1.03882994420481881e-02 5.38405810179383958e-03
-5.34981909528762199e-03 9.98968007544600786e-03
3.53419142858087815e-03 4.17210550164947951e-03
-3.93008074136542377e-03 -2.49719748793917912e-03
-2.63304660249803714e-03 2.55666933802614280e-02
4.26107807138600449e-03 -9.27081838921211751e-04
-6.45829252581887371e-03 1.16445929111519391e-02
6.30759389271798483e-03 -4.26529081286237521e-03
-9.35017287387957668e-03 6.73065412360685780e-04
-7.48327746684970992e-03 -8.89769139363679080e-03
-6.56064718628923509e-03 -3.31072649650512299e-03
6.10598512683726679e-03 1.90828680664603678e-03
1.17508798239597846e-02 2.25054886738430566e-03
-1.63117047633193485e-02 -1.02260657493483034e-02
7.46922900536564367e-03 -9.34659245873545601e-04
8.04588800869644434e-04 -1.11994546009524772e-03
1.16547527702362871e-02 7.71903868970469278e-03
-5.63450068836866911e-03 7.64096925972333491e-03
-1.97957527814999242e-04 -8.75608973527616102e-03
4.02311015755872463e-03 6.92725659547946144e-03
1.62976084498947828e-02 -7.76933907189136796e-03
-1.02046873585045373e-02 -1.29469192154551827e-02
5.87846769800567936e-03 -3.76991741573075301e-03
-1.19686467568411170e-03 3.49206620088539236e-03
3.60158167080678465e-03 3.93434148223627440e-03
-1.57996003168781258e-03 7.17636608358682062e-03
-5.52697464855126264e-03 -7.10217183618556958e-03
5.51556765252270587e-03 2.66871272190633132e-03
5.24266563869302000e-03 -1.66708222091037101e-03
-1.78962460105041681e-02 -1.25051277226190909e-02
2.96662708344105084e-03 -3.87682246800980955e-03
4.28092129767114037e-03 2.22911524304367833e-03
6.97180061060204657e-03 5.28077673181498539e-03
-2.26670959059224741e-03 4.39169793289364749e-04
2.68603099869259287e-03 3.83059810004238903e-03
-4.39175691890778593e-03 -3.08560050712244644e-03
1.46382333136277874e-02 1.20604121493585823e-02
2.05405129841735321e-03 8.36284474748057519e-03
5.44954409446173158e-03 1.27429271648548011e-02
-5.54680339153407149e-05 -1.13966535142980014e-02
-3.89760814156162603e-03 7.14310658772170180e-03
-9.53556288225627414e-03 9.06452655038187619e-04
-2.71808166649859743e-03 -9.32691745659639101e-04
1.00063975909386784e-03 -4.24996825734167967e-04
-3.10715663117052364e-03 -6.80738995763169444e-05
-4.92448100376593340e-03 2.30366903124802321e-03
-2.79176377134656480e-03 -1.93066485478323108e-04
2.86602628696753679e-03 -8.36179836693641283e-04
-6.53357907259460402e-04 -5.93141127365725678e-05
-1.51431590112493706e-03 -2.74105253025348512e-03
2.87866942948872577e-03 -1.65342764297565548e-04
-2.43753568260329876e-03 1.39680955551341494e-03
4.60219246003876637e-03 2.84230898879072463e-03
4.48687359548257617e-03 -2.24832788075326031e-03
3.07138208360343374e-03 1.57937156806973208e-03
-2.44201460133444855e-03 -1.06993967061306552e-03
-2.53832299518429161e-04 1.92655415623438570e-03
-2.31514639179536928e-03 9.94564356310736206e-04
-4.78216878627540920e-03 -3.88228477400304629e-03
2.64469943967787389e-03 2.11591895477366817e-03
-1.33112530502634967e-04 6.03249826840351108e-03
-7.51696583224245422e-03 -5.46625473232425444e-03
-2.41466144638463934e-04 3.03148139508156939e-03
3.85223297695614112e-03 -2.03499171630788312e-03
7.53773833503817623e-04 7.28135126679459524e-03
-7.56379069989661021e-03 -1.98123082021617498e-03
1.22304504808286399e-04 1.58354350843769600e-03
-5.25697951163050224e-04 -1.17937921912850412e-03
-5.62713798508829993e-03 4.56509235759194800e-03
1.66528823138816450e-03 5.35598091229380906e-04
-3.39099048591932082e-03 9.49795706037929750e-04
1.78379761569531954e-03 4.48656828058183730e-04
-1.92321577732606531e-03 -1.71122652389406153e-03
2.75982633088224071e-04 -3.20593288750239264e-03
1.72768428929973017e-03 -6.31030664658990305e-03
1.45333146076945149e-04 1.96077229455599630e-03
-4.80046969762885651e-03 -6.06032406243226830e-03
-3.99878590081583548e-03 -8.07581238302804670e-03
-3.10231342626052188e-03 -5.18032741860531987e-03
3.75338985756315784e-03 5.78563350005891885e-03
-3.52329716606403958e-03 -2.02918957690827661e-03
5.22979567015242203e-03 -7.31107977319273624e-03
5.18895420103910199e-03 3.52228573930985639e-03
-6.40179518467785379e-03 2.03879464504063323e-04
-5.32980466415062908e-03 -2.13439020596437956e-03
1.76092725679377303e-02 2.22576886506577459e-03
4.27899211818614459e-03 -2.60721368235877077e-03
-8.34622764827713630e-03 3.03184342638579526e-04
2.03334026743951304e-03 -1.02662822312083726e-03
2.04695338616282330e-03 4.52787162771210207e-04
-3.76351930853522547e-03 9.97793871828767673e-04
2.11057457686309380e-03 -9.65665744633595986e-04
2.35729028878165154e-03 5.87063746961916880e-04
-6.59172654432510757e-03 2.74041722748554839e-03
7.94307778125064447e-04 7.28675185449043409e-05
7.26237206620819107e-04 -2.18697500174812797e-03
3.99841358269983904e-03 8.72088780963962149e-04
-2.48623268612890771e-03 2.61367252517590411e-03
-1.45538781713175271e-03 -1.34129089478812399e-03
1.74578305186516179e-03 6.87065842839667358e-04
-1.70045060258593433e-03 -6.23872173604304078e-03
-2.13552229971187635e-03 -7.75980460417635882e-04
-4.78140752642681929e-05 -3.74630055593683925e-03
-5.33963315694126694e-04 2.31745770409709550e-03
2.08981043207983035e-03 -1.19749065074051145e-03
2.69597568225667626e-03 1.32099506524360278e-03
4.02474494139163242e-03 -5.93239042887293982e-03
-1.29089755219523512e-03 4.34764259117738448e-03
-1.06692931652753648e-03 2.87453398829639510e-03
5.62313300539842974e-03 -1.39934022749709005e-02
9.93047660915902242e-04 1.16817755164625478e-03
6.10054504821298652e-04 3.81071921790975855e-03
-4.72189659303590917e-03 5.05812160430911279e-03
-3.60633476042866491e-04 -4.39414081770113461e-03
3.76860813681271101e-03 -5.92399121363479885e-04
-3.34080892901424944e-03 2.14355619629809542e-03
9.31549697698872553e-03 -6.11384150588814720e-04
6.13864867228873252e-03 -1.60537586026864411e-03
6.96022433877959909e-03 1.19493260808999232e-03
-5.31306121972931547e-03 -2.19355754774600053e-03
1.45468085056019549e-03 3.63848697444500062e-03
-2.80485177394334357e-03 3.80655444931828589e-03
-2.52323177705951734e-03 -1.89176503517236795e-03
3.41901084029072946e-03 -2.50716731021266256e-04
5.60462211827320988e-03 -6.48432598984004151e-03
-1.20036733802629282e-02 -3.79254031113835256e-03
2.96375907641521818e-03 -5.90898258496175798e-03
6.44303296833350259e-04 2.41641484643858456e-03
7.28577801826526313e-03 -1.68623645525504311e-03
3.45722157530704280e-03 3.44168285238499391e-03
1.79745859956652559e-03 6.94414664085734397e-04
-2.09619199023867867e-03 -1.02348878236664816e-03
1.87643700748914774e-02 1.07132314962082604e-02
-3.56702737860093268e-03 3.54074426822772971e-03
5.60801302996854784e-03 1.17078520065402782e-02
1.30931337032838676e-03 -9.74038111612596930e-03
-3.42854834656625314e-03 7.87438166841072061e-03
-9.95968501462525871e-03 2.27397038129344186e-03
-3.65318796911889019e-03 -3.66117511509654137e-04
1.68070906662009557e-03 -2.14461428675504764e-03
-4.41709438921646536e-03 -5.77333602380332520e-03
-9.80925114031617335e-03 6.48703247310318358e-03
-4.58267237639870071e-03 -4.12147635954886529e-03
3.89165470867082258e-03 2.91563593103643455e-04
6.49505459554822672e-04 -4.84095355869580603e-03
2.40503138470997283e-03 -3.35638863974080598e-03
-8.68222380876686075e-04 -2.99212965756110100e-04
7.75778114410633499e-04 9.25710016645424241e-05
-2.63229401360422872e-03 -4.53191088051953933e-03
-1.11288467530147201e-04 3.86636462421561481e-04
-1.66782783469887819e-04 -2.81793119237563807e-03
-7.89630850257179483e-04 1.57985270919832558e-03
1.52136738844175536e-03 -1.22745882835008650e-03
2.31460791422521310e-03 6.19150175212199736e-04
-4.10777278868041783e-03 2.74706035947077471e-03
3.89679439267082324e-03 -3.09222814533907479e-03
8.00398862259917368e-03 -8.38803138417808410e-03
-1.36751325614568146e-02 4.88042972001884959e-03
3.71187642608645845e-03 -6.59510275361525899e-03
-1.19432684237281181e-03 8.70121521827894141e-05
1.10531627697256392e-02 -5.11431098404083184e-03
4.33966399993199886e-03 7.98609034545020788e-03
2.00421983331656930e-04 -2.81842481313101818e-03
5.07478438249242135e-04 1.69701247986068842e-03
1.84919865427638046e-02 -3.39059492949406139e-03
-5.77234853513381319e-03 2.91221943607067031e-04
8.15350357596804007e-03 3.48607389269700498e-03
-2.02940714445328484e-03 -4.95691198911664323e-03
1.82960149016429840e-03 6.50248352893894200e-03
-4.93338786810747307e-03 6.67971281509490648e-03
-1.02785438888448465e-03 -2.37629780123568054e-03
-2.22344241475932861e-04 6.91678020269998178e-04
-5.80172383235813376e-03 1.42240856637038267e-03
-1.01734200363140601e-03 -1.65709544074866644e-04
-4.05374889686785974e-03 9.72777776899707626e-04
3.40512924650058927e-03 -1.39720575781487420e-05
-4.23954982943407482e-03 9.83983824569918761e-04
-1.81016703514482510e-03 -5.72717909781382019e-03
7.46320458528232714e-04 -3.89448461665210452e-03
1.05914001007216172e-03 3.41016555518194441e-03
9.01686229576335874e-03 -2.23741366647017999e-03
-3.42912294675021267e-03 -6.25695184464697754e-03
3.56451841824393777e-03 -8.46460431849137122e-04
-1.10797570209860362e-03 9.58493416470885705e-04
1.38414160368735572e-03 2.50556838469539848e-03
-1.65811478094411409e-03 3.47288612308410986e-03
-2.63434259096411620e-03 2.09398236249655392e-03
2.70648468297858850e-03 -1.16697619432491457e-03
8.38342903349727046e-03 -1.94165471500790414e-03
-7.08783595117066026e-03 5.92009109383193695e-04
5.04192765222384338e-03 -2.00440631026886336e-03
-2.19962278994646331e-03 -1.07549158306918476e-03
8.51564625303803321e-03 -6.18300870819691407e-05
1.41596296083401169e-04 7.79849732909328620e-03
-6.31950928533612648e-05 2.02235564159359551e-03
-5.06469580627282533e-04 -2.13485812704437752e-03
-8.22916431173931120e-04 9.93855560959552159e-03
-1.41463223526490855e-03 1.99127363368784829e-03
-3.37930063793365687e-03 5.58409603239290713e-03
4.04981617332481145e-03 -2.78974742526338264e-03
-4.03153083509113878e-03 4.00718355774899878e-04
-3.14395037768313689e-03 -3.68306560987436294e-03
-5.13266966818925335e-03 -5.08894375347190408e-03
3.49369581055095123e-03 2.19072562148903182e-03
5.19326733849002800e-04 3.24736362938987839e-03
-1.11053824807289970e-02 -7.17396660288756316e-03
-2.22714474763380616e-05 6.41699003314419075e-04
4.50048143525633767e-03 -5.76535063379046242e-04
2.11592316682860000e-03 6.22266367262162487e-03
-5.69356693256604669e-03 -2.10141397115808657e-03
1.53089048063922723e-03 -4.89643967251562982e-03
9.32526494415239471e-04 4.82663716224837527e-03
7.74436475885737895e-03 -3.23561064099746548e-03
-1.85389831322505449e-03 -9.52121297147909794e-03
3.56615104844609527e-03 -2.92910482686556438e-03
-2.07069839565537017e-03 3.15006687714609141e-03
1.99889010342195169e-03 1.73352664873608763e-03
-6.47971407396240339e-04 3.56227250684906923e-03
-4.03091938224850281e-03 3.96339845953444124e-04
2.24140639354349558e-03 1.32077395328950411e-03
6.13766995771415722e-03 9.19729161453913639e-03
-2.68158313526126527e-03 -3.15615162909361254e-03
4.39434956695401637e-03 5.72799551328878782e-03
-6.60046922577445499e-04 -4.63571907756418159e-03
4.41924365630724184e-03 8.62054182283284766e-03
-9.32746693254044544e-03 5.19784797247197557e-03
2.54846928282391428e-03 -5.00473847851059649e-03
3.82642546716003185e-04 5.29796737042058548e-03
7.65743069933529346e-03 1.74925266192631841e-03
-1.22467480990140292e-03 -1.20338845464459370e-02
2.31866002737435338e-03 -1.37076643187942549e-03
-9.14671124201075353e-04 3.37148264417395449e-03
2.97586693748343081e-04 1.78672022523339042e-03
-2.03320862070958388e-03 1.98167728372129195e-03
4.59182196373600186e-03 1.06316306894597003e-03
-4.89713255272334041e-03 -9.63072961186640301e-04
-1.24539821218999994e-02 -7.79057736880049050e-04
1.22493772804180816e-02 7.47401744504317973e-03
-8.07690461108995228e-03 1.37176149018114089e-03
1.33550718155850141e-03 9.21310552570911716e-04
-1.15990341980412529e-02 -5.23752445977804411e-03
3.25292517705362896e-03 -9.30303565322959831e-03
5.36552994958714238e-03 1.28234396473004349e-03
-3.99948808386248710e-03 1.38348635019070148e-03
-5.99758318333150613e-03 2.15441811644024837e-02
8.12614688139936571e-03 -9.54814239296516813e-03
-6.20213846540309394e-03 5.45818433656286833e-03
3.48988275671188687e-03 1.83397038116748373e-03
-7.23194108074644727e-03 -1.44681019179989799e-03
-4.35824133377654341e-03 -8.24802844456063756e-03
2.23231883670916295e-03 6.67073855787022555e-03
-1.96896025730426433e-03 -1.21465680165459811e-03
6.12224317130225133e-03 5.81555477271310066e-03
1.11256476528959862e-02 5.12701246141841847e-03
4.92142780124084703e-03 5.31016384983744750e-03
-6.41838763307053806e-03 -4.11985113853660830e-03
2.13263109166986426e-03 1.57751292819950412e-03
-2.82362905376552396e-03 8.28757133956467551e-03
3.23513467592656534e-03 -7.14072969601410503e-04
-1.22405600513882844e-03 2.49484604505582994e-03
-1.12481977161719635e-02 1.41153105596592172e-02
5.09327246650603891e-03 -1.21283937278299139e-02
-8.15354184150525289e-03 -4.04215457661245901e-04
3.71965319075183865e-03 6.45281002569084768e-03
-4.90213822883843638e-03 -4.28215258971170482e-03
7.67913247216448408e-05 -7.75041895887589125e-03
-1.95143621982191585e-03 1.92889526427459778e-03
4.09196829048876203e-03 -3.36686620514081247e-04
1.66003780573770396e-02 -3.08845547673752482e-03
-8.99217189896654896e-03 -5.49013687202034185e-03
1.10134789518743018e-02 -3.64417708073999473e-03
-5.15498713455850820e-03 1.73785114017505781e-04
1.43858443181423667e-02 1.45290276089133090e-03
1.37865436707422192e-03 1.40104262641100302e-02
-5.13495791797956812e-03 -5.45101427365324211e-03
6.59834925067643956e-03 1.93488429122587501e-03
7.24327222322094545e-03 -1.19088191439126780e-02
-1.50360818210303112e-02 -2.54695255583299498e-03
1.21498993013422385e-03 -4.22358935380900621e-03
2.26791086228550530e-03 2.11847572973609998e-03
3.62720424130063635e-03 1.00255644040883542e-03
1.92642980112650575e-03 5.02093077081019242e-03
6.13691326152078520e-04 -1.42466423852841769e-03
-7.38977322389314933e-04 1.12224532007572744e-03
-2.42202567270998186e-03 2.62338448014436251e-03
2.60311292707906313e-03 -2.16766023456413034e-03
-1.20694765082233080e-03 1.86300138659159791e-03
9.40048834500609751e-04 -1.29189737239572294e-05
-3.04042458229925039e-03 2.04586922761577439e-03
-1.76799771278415407e-03 -2.70736056000059778e-03
1.37149227987485970e-04 1.26173278210186699e-03
-5.49636853723223131e-04 -7.83778677781781495e-04
-5.32860737694620338e-03 1.30579290365959665e-03
2.43060607289413482e-03 7.09200333385887689e-04
-2.11720299487378350e-03 -5.96653079721528689e-04
3.29820890502383187e-04 9.28859061854649202e-04
-6.18773719780750498e-04 -1.73947093590074700e-03
1.23476878802570808e-03 -1.97625490258334291e-03
4.03885844731694302e-04 5.68994406254925826e-04
8.00302926510279003e-05 -2.43396577186431744e-06
2.10679803832182272e-03 -4.18671482030240759e-05
5.44719712043618119e-04 -6.42314782435610175e-04
1.55388730855375058e-03 -7.67252945772160219e-05
-1.15515525379183254e-03 1.40585676259839797e-05
1.35505459935849086e-03 1.68348111490847907e-04
2.89196858898459761e-04 1.91253165028282810e-03
1.07917138789035755e-04 1.26989902287945951e-03
-6.96763131523762459e-04 -9.80664981067465346e-04
-1.73966155709616801e-03 7.35126449934241457e-04
1.63455459469389447e-03 2.11682856398038265e-03
-3.69736502207065009e-04 5.88606830077244227e-04
-1.47925353018397396e-04 -7.45528505173144278e-04
-3.35872726667432579e-04 -3.30501009722594555e-04
1.30161719138846565e-04 -6.95997783779419253e-04
4.23929554968954499e-04 -1.31598361977490236e-03
-5.06664696219402970e-04 6.67276628117700714e-04
-2.54080335015992613e-03 8.18305812986239601e-04
1.12692998396329348e-03 -1.25303098203485928e-03
-1.53008101750863167e-03 5.81675271853584596e-04
1.14050007859429862e-03 4.46216828833881775e-04
-2.48578839302749082e-03 6.50348037743531311e-04
-4.72499468667183435e-04 -2.72040586399406592e-03
8.13058138633818069e-05 -6.12139912594610166e-04
1.00025305863129019e-04 5.97213544065553978e-04
1.27701813577764801e-03 -2.26620458849973241e-03
5.90101528845062354e-05 -5.05355916422416118e-04
1.22262637332118417e-03 -9.95484458621458124e-04
-1.02171082587501887e-03 3.33112555168095569e-04
9.62960359586585994e-04 3.01576410254362777e-04
3.64309220533394604e-04 1.17454444988190671e-03
1.77434396812025091e-03 1.20598018415767430e-03
-1.20815101711915611e-03 -8.16881793929933068e-04
-1.39621231074268915e-03 -2.27471484266442321e-03
3.00148143238101279e-03 2.59258555112974352e-03
-9.35808297275566789e-04 -1.05565108094584563e-03
-8.44601514016186331e-04 8.01412230188694322e-04
-1.35030337556190294e-03 -2.99051738019386320e-03
2.82311814028193917e-03 -5.16694285483995327e-04
-2.40797699300323586e-05 2.17626404164588663e-03
-9.86065428845361511e-04 -1.73572066051472847e-03
-3.96698486169786476e-03 1.07629476958654487e-03
2.62959881457244023e-03 3.53714974163207851e-03
-1.14749035438554427e-03 6.38636491525566060e-04
-2.06290321494361676e-05 -8.80013790873699882e-04
-5.77384828193911793e-04 -9.62597596109145484e-04
6.16608665355918516e-04 -1.47117397818172083e-03
9.40468344960581335e-04 1.23830465485236651e-05
-2.22651550206868571e-04 -3.03519007847708586e-05
5.92061814867353561e-04 -1.47736302082793116e-03
5.97140624491835866e-04 -6.34348253487006740e-04
4.93264686387905158e-04 -1.03762470615244057e-03
-6.08298537549678011e-04 9.25383453003659432e-04
2.66341409585002975e-04 -1.01598803735497329e-03
1.66230364191720750e-03 4.07317096095886975e-04
-1.73900510083877858e-04 -8.57388360101397348e-05
1.31713444609745224e-04 -1.15466787475247115e-04
1.71584198104920635e-03 -1.19439586492783822e-05
-9.26563863444854392e-04 5.44344186773236842e-04
5.66404222615381702e-04 6.82398662907675985e-04
1.23194869953555645e-04 -7.70026003596515490e-04
-9.25594046451595996e-06 6.50928088502061744e-04
-5.95163668083763231e-04 4.78526131217245246e-04
-3.36919381600703975e-04 1.57803342123242173e-03
-1.59808300728689074e-04 -5.91946660132609370e-04
6.34758662605881103e-04 1.17448810027127892e-03
1.10269607707218741e-03 2.43197791987601096e-03
3.56386137213946517e-04 1.11562812785942532e-03
-7.80056360273857189e-04 -1.32543094862149131e-03
5.06826434253096632e-04 8.93253771120383633e-05
-9.90890889967558546e-04 1.38713818002226684e-03
-1.07885727999000331e-03 -4.11836053029555524e-04
1.16558281748071991e-03 -3.86232373075742416e-04
1.78930528047962665e-03 1.18200838401529462e-03
-3.78712491563584601e-03 3.32015119149966815e-04
-7.39119598027019719e-04 1.38100731967665761e-03
1.91534140876228084e-03 -8.26617429412477016e-04
-7.12393359873749366e-04 5.83817827666400840e-04
-9.59890290673353795e-04 -1.34723573844905951e-04
1.80670173319374440e-03 -5.13961033452187588e-04
-9.10186054159668398e-04 9.74044734889404295e-04
3.13203015935606475e-04 1.53876724703202257e-03
3.97700404946344215e-03 -2.86626221828669130e-03
8.46713875371744081e-04 1.12056541362975286e-03
-9.23506974329631886e-04 5.46015233086645426e-04
-1.38727581771364537e-03 1.33605574607440587e-03
-2.11605234863521227e-04 -1.64969986554184753e-04
-1.01358537755595244e-03 -4.81846520888143566e-04
1.35016682497280998e-03 3.88631651260171388e-05
-4.02509165972898039e-03 8.06560666694086984e-04
-2.07398732320992086e-03 -1.75928801034992179e-03
-3.07444339509741968e-03 -1.14981092808488870e-03
2.07983232315652128e-03 2.04826244409366713e-03
-6.53146008622835692e-04 -1.74131068786987590e-03
1.23852721426263553e-03 -1.74608955346731119e-03
1.51535287086518745e-03 -4.97812968405296637e-04
-5.27784715573191413e-04 3.39172658676616231e-04
7.55114812837396845e-05 -1.28384496380329295e-03
1.58925418797812006e-03 -1.69177055003267999e-03
3.19752122214577296e-04 -9.11048979926870790e-04
-5.30796433178356295e-04 1.34238722871156770e-03
-5.77294054259831877e-04 -7.64751284282433135e-04
1.80105951347817712e-03 -3.14396495803399086e-04
4.48128852508592544e-05 1.00464972238513157e-03
-5.02990147874803474e-04 -8.42350252010706205e-04
-9.53136396992133330e-04 1.13720297698799064e-03
9.02625995099165935e-04 1.71220544089329373e-03
-3.60861892584929172e-04 8.90630263561449685e-04
1.66005208205400587e-04 -8.43056645263601896e-04
-4.89699740661767827e-04 -8.31288574605292099e-05
-2.18272712292734574e-04 -6.32285051682776882e-04
1.66987574625494361e-03 1.73922478076260771e-03
-1.87286875856447726e-03 -1.30237329528071059e-03
-4.28569369158145717e-03 -1.75900748480128022e-03
4.32712028924419397e-03 5.48427435588625008e-03
-3.03732953118280267e-03 -2.76631866075802873e-04
-8.12527500175668524e-05 1.33663588465082202e-04
-3.47685214227653420e-03 -3.75468413825543216e-03
2.40811851873349442e-03 -2.43913105726141109e-03
-8.65141353599018924e-04 -9.00868778136173451e-05
5.77704744840307010e-04 4.94032143229666153e-05
-3.61400275824406460e-03 -6.75449436915219817e-03
1.08996831019835851e-03 1.11316127777325697e-03
3.73110286141257346e-04 -4.00117469569378787e-03
-1.84418765477254972e-03 1.94446674936988250e-03
2.37600874462106119e-03 -1.60843408571582588e-03
3.29730165898536745e-03 1.12040442077483596e-03
-7.38381560379306628e-04 1.07141039260853842e-03
2.50088738133473162e-04 -2.93013711324736209e-04
1.29251274387407757e-03 1.48257047056629719e-03
2.25837960499800375e-05 1.23181164518209067e-03
8.14068508843200146e-04 1.11653643708234493e-03
-5.90536629105556832e-04 -1.29501835131759740e-03
1.09554436124828882e-03 8.56461857794824847e-04
-1.48577767245776414e-03 1.63738035518636352e-03
-1.77325840771831722e-03 1.63876428367918178e-04
1.38776712234746726e-03 -8.58089208425296692e-04
-2.82063591870131743e-03 -3.22155529486541949e-03
-2.21441176531561937e-03 1.91387479476692727e-03
-1.27721291219857298e-03 -1.55137981900303540e-03
7.84670103961154905e-04 6.76039199422099192e-04
7.39718938545393199e-04 -1.19152681478665334e-03
1.84812387500584807e-03 -7.72204481671406152e-05
1.13185931031121469e-03 1.31398020049223433e-03
-9.09104290590467476e-04 -1.09800205483364549e-03
-1.62739749723490737e-03 -2.62168582893916591e-03
1.70219769717042764e-03 3.49169190663231859e-03
-1.29509163961578065e-03 -1.31634343783149413e-03
-4.55170673533732389e-04 5.73994734383525434e-04
-1.00635387044728931e-03 -3.30787203511261497e-03
2.73808664081000861e-03 -5.86944576771830434e-04
6.94950005569755437e-04 -2.68962187738715284e-04
-6.52063096250030116e-04 5.30245648034081410e-04
2.85109263100286319e-03 -1.61431106491537581e-03
1.20007718895518800e-03 9.94406340054721150e-05
2.28801432514841785e-03 -1.06960375378788159e-04
-1.70438431733588584e-03 -6.40796699213430870e-04
8.87127593775975686e-04 1.04816314888829358e-03
-4.29059981017161846e-04 1.56921734940852981e-03
-1.43137436959029155e-03 2.63629393236953277e-03
3.82128243586942308e-04 -1.35704752086929377e-03
1.50329236768212068e-03 7.81340360034614477e-04
-7.11773698487370228e-04 4.69707280829335418e-03
5.91656330828462039e-04 8.90191395473047351e-04
-9.23963372510724500e-04 -2.16574081709854831e-03
2.04360016936823040e-03 -4.94898177306195459e-04
-1.22932082513793313e-03 2.71749537981926014e-03
-1.91389963499973502e-03 -5.99887487028038678e-04
1.95985159546414227e-03 -4.28137689578627799e-04
-1.09478763215593096e-03 -1.57559219463467058e-03
-4.25729793131224190e-03 4.03785090033618836e-04
-1.64406166936424745e-03 -7.04559710074532269e-04
1.90557583794897134e-03 6.33817031249142007e-04
1.06141358213277941e-04 -6.88341421548449551e-04
8.95740612791700642e-04 -2.12037389040502033e-04
1.45745385156600027e-03 1.94774729923389320e-03
-3.33755254956386222e-04 -1.61617638444522195e-03
1.41357597300444809e-03 -5.56344558772244296e-03
-9.22763914489051326e-05 3.19281507682684469e-03
6.10997994768481948e-04 -3.57060271807354938e-03
-1.73462369092414019e-03 1.54553439595566983e-03
1.90428568011400214e-03 -5.02046402377260680e-03
5.22677868265556365e-03 2.09148548086317840e-03
-2.99041886404524801e-03 9.51245040041345975e-04
2.01007892407665091e-03 -2.20483371581746239e-03
-3.10572545541021620e-03 -3.31706361656634429e-03
-4.24047936606025515e-03 4.83500319734044698e-03
-1.96094996148557478e-03 -5.18572852505562259e-04
1.94955844292782213e-03 -6.12491668633461804e-04
4.15343315445194689e-04 -1.12769204429730022e-03
1.74347214551342925e-03 -3.55487893006971030e-04
-1.99899393130065607e-03 -3.18642784812849097e-03
1.98270282058728630e-03 2.54658862689808576e-03
3.99138735009621753e-03 4.88662056790279895e-03
-3.74833981666623187e-03 -8.63184199710159347e-03
3.19694241471229568e-03 2.19149496609118881e-03
7.88417396098282995e-04 -5.74123271385693057e-04
2.43296532213867602e-03 6.88361642829716375e-03
-5.09495921538394465e-03 1.42192041284983626e-03
-1.14356375752539896e-03 -2.94954097026971663e-03
1.91407109955244945e-03 1.66737566836070447e-03
9.63521812121779370e-03 -6.72933044978169664e-03
-5.65673279424606587e-03 -9.06070712175249360e-04
4.52535223528635101e-03 -9.20048826797537577e-04
-1.30046511863245000e-03 -9.02505139752263425e-04
2.63214306630698072e-03 2.85286273355291704e-03
-8.22859082591564234e-04 4.89798381513616588e-03
1.01090871224388782e-03 -2.54740189146820603e-03
4.23481551069247871e-04 3.40619271039160638e-04
-8.81295350394704392e-04 -5.68698177891846599e-03
-3.52825731016393439e-03 -3.30178567266606804e-03
-7.52222511879686623e-04 -4.50655604567613745e-03
1.19466692105073529e-03 3.61669226003700833e-03
6.79802867878309198e-05 -2.91232426531534347e-03
4.78753513907588264e-03 -2.15352143446273427e-03
-9.48034712119568660e-04 -1.06750620412448790e-03
7.85288893188383478e-04 -1.09510212260185963e-04
1.18400271451552346e-02 -3.37448956378459328e-03
-5.13863890129247214e-03 3.23284469455559957e-03
5.17796301155692452e-03 2.79266075993805365e-03
-8.24198332967715085e-04 -4.40399572295352166e-03
1.33424086435029923e-03 4.30729761489288213e-03
-3.01500502500078905e-03 4.50654621335961746e-03
8.29962089128191867e-04 7.74820380166453830e-04
-1.58794994685499432e-03 -1.78229529667862712e-03
-7.40349233194354060e-03 -4.26427520789865021e-03
1.23451847281199007e-03 7.09549844234154143e-03
-5.64330707998232303e-03 -2.06218232472353460e-03
1.95723620095311157e-03 9.29390397440763233e-04
-4.62147530970829622e-03 -5.77102289449727204e-03
3.82006273283288112e-03 -5.32102968832164069e-03
-5.03652130525225443e-04 3.58329723079571505e-03
-1.23925357722937568e-03 -3.04909130531041484e-03
-7.17416563851169635e-03 9.74376433037364535e-04
3.67562308126429633e-03 6.24307998135071457e-03
-2.21345680587990310e-03 6.67579236217007827e-04
1.95916437348643140e-04 -1.26727507165187931e-03
-7.67673333627304460e-04 -1.86473223752139537e-03
1.45535175054019067e-03 -2.42884310202093898e-03
3.56676008680599803e-04 1.30872668190556789e-03
4.87445736064024923e-04 6.23247682528671769e-04
6.48473426608159060e-03 2.96852270726897724e-03
1.81614784885958174e-03 -3.04132566203725325e-03
4.93996717832467791e-03 1.81134721125255152e-03
-3.09166386347516564e-03 -1.13715120036753537e-03
3.79907107175232045e-03 3.14483020930322790e-03
-2.01782507105311088e-03 5.70247943858524699e-03
2.39242041658606168e-04 -2.08173691442723038e-03
1.39863053800778599e-03 1.55941827710829001e-03
8.75034851680633798e-04 8.81435442635308992e-03
-4.57910447679843284e-03 -7.10444839931034366e-03
-3.85743665289039897e-03 2.37822488819388429e-03
4.59393432702714932e-03 1.63294209095615371e-03
-3.34280198779002887e-03 -4.64388767081409581e-05
-2.50552429449282842e-03 -2.92706758091089772e-03
1.43327864093974601e-03 -2.15740734357868251e-03
-2.48866916302636555e-05 2.95859081914723689e-04
-1.36424318429386794e-03 -5.09707698469810764e-03
-1.93092285772580126e-03 -2.70674118684323265e-03
-9.73628873644762473e-04 -3.90022314571291046e-03
9.29810971916502130e-04 3.36308949085735269e-03
-6.71871060693595324e-04 -2.90800670190348269e-03
4.58703470497275837e-03 -2.33030590492961298e-03
1.25898046079455641e-03 -9.35663099324047999e-04
-5.35878450657639618e-04 1.40164244631051072e-03
1.07862216945741858e-03 1.51120764741371886e-03
1.31176448718858698e-03 -3.39917724196501072e-03
4.36840627753490600e-04 -2.41639046480975842e-04
-5.49120096546373815e-04 1.00984646353651799e-03
-2.12877636299445982e-04 2.46289072618870294e-04
-5.72095310072737997e-04 3.56024444734966304e-06
-8.19292636797260541e-04 5.79154585096481158e-04
6.74537375298100983e-04 8.67720234531493096e-05
2.73863419754724353e-03 1.48211270504314003e-03
-8.74067213824519687e-04 -6.17815952421832881e-04
1.88163567207480834e-03 8.47516757862452571e-04
-8.20925717527322082e-04 -9.84912485573315394e-04
2.14720205991392535e-03 1.58005836029147511e-03
-1.56591753091592559e-03 2.48330375153376281e-03
-1.76060355332499727e-03 3.01211900504983908e-04
1.36276557171502097e-03 -8.56441753507207796e-04
-4.79363000423496492e-03 -3.43394808185147268e-03
-1.47605486076253793e-03 1.61608524839570804e-03
-1.96787290975991656e-03 -2.31236526219645187e-03
7.49310962611841576e-04 1.45401282921960918e-03
7.84412406249730210e-04 -1.93677829000948746e-03
2.58335019252554530e-03 -5.88626182469139162e-04
1.14821772244884206e-03 -2.48882411296266152e-03
-6.99812061937113493e-04 2.80015831298995781e-03
9.98607993533060770e-05 6.59941940717650912e-03
4.87536729269804833e-03 -7.35380429743497099e-03
1.23625597854899890e-03 4.27043823633478561e-03
3.41165905014048569e-05 -4.00370057955722297e-04
-2.77292907421841390e-03 6.26441470990250771e-03
-4.61233406129650265e-03 -1.39850876326119027e-03
1.79563775304739950e-03 -2.32634223808226735e-03
-3.13793783825934262e-04 2.30411618747557688e-03
9.39558484260953619e-03 5.70396661278336960e-03
-2.28100400036170209e-03 -5.45797669180926679e-03
2.15070485477286211e-03 3.47716699919340495e-03
7.36224794789368492e-04 -1.28013073059636637e-03
-1.52111112489528239e-03 3.25425074716997323e-03
-4.46668403467859881e-03 1.06973809207682488e-03
5.23873494936992327e-04 -2.46388780879599296e-03
1.86432201063798199e-04 5.76430921638425363e-04
-1.99028411770159515e-03 -3.10973093937993083e-03
-2.32581551789348175e-03 -2.76249014318258410e-03
-1.40879933572536013e-03 -2.56414344769058649e-03
1.63200619430295488e-03 2.43842719181663198e-03
-1.15579093123811729e-03 -1.35354067216866369e-03
2.54016443165107743e-03 -2.93210122636838877e-03
-1.41387512154210210e-03 -3.89940023625905130e-04
9.95622851614209534e-04 -2.90998078053279167e-04
1.99411040018891315e-03 -6.91651790275220509e-03
-1.86741063960941958e-03 2.85179110226020703e-03
2.28101193076344147e-03 -1.85052954970600387e-03
-1.51811751153767922e-03 -5.29909000979947092e-04
2.40506579685164810e-03 5.15430867370431870e-04
1.38592857551715046e-03 2.72789473059208663e-03
5.46243622952531822e-03 1.04491998252436553e-03
-2.74920367958968355e-03 1.11441202716787901e-03
2.16106124418903632e-03 1.39352008350121016e-03
1.13078319232226433e-02 -3.73738001062260067e-03
2.86836624454865586e-03 1.51723524531666089e-03
-4.11582414997859435e-03 1.45287261133772915e-03
-2.10713450992101219e-03 3.98802330164657300e-04
2.03142517362611599e-03 1.88688688421537773e-03
-1.07958522196505190e-03 2.42153933982067757e-03
-7.84526104529772658e-04 -3.11703803259218409e-03
8.22920946830804981e-03 -1.04858851096242562e-03
-2.05895325012888817e-03 9.75960319667979262e-03
4.20910129281586252e-03 5.19706888398009225e-03
-6.42972903027013202e-04 -7.18514720075354423e-03
1.99152899908344803e-04 3.85699338184997392e-03
-3.18867942462681356e-03 2.74651109725052456e-03
1.31627425297206591e-03 -5.89116270060780281e-03
1.94120098781698936e-03 3.76030361903817705e-03
6.57316545129490396e-03 -1.01765148031874339e-03
-4.18088797705405777e-03 -1.61281148148961148e-02
5.46748920997125378e-03 -2.64784691647662693e-03
-3.08211164458509169e-04 4.38276981550567764e-03
3.62540907059515603e-03 4.64731610898444589e-03
1.12589649541921621e-03 1.69754773449564702e-03
-1.71940665156831637e-03 2.28092692128760779e-03
1.09319577795238278e-03 -3.73150491582636664e-03
2.00620631434575121e-03 1.75915072211031420e-02
-8.38653194141873379e-03 3.12488817425790903e-03
-6.36292994255524547e-03 1.09583786056011434e-02
9.39851133036016632e-03 -5.59039081338427550e-03
-7.46609702429009044e-03 1.68473956593063589e-03
-6.60453992184732459e-03 -5.90421161724170949e-03
-5.52153909002692234e-04 -4.13868774847329229e-03
1.34901401033205980e-03 7.39492396493892203e-04
-1.94578158517103852e-03 -5.56425696382366504e-03
-7.19536335542090774e-03 -4.49059799967814564e-03
-1.72325297575036114e-03 -4.81806019412445077e-03
3.04166756044501555e-03 3.67584353117377319e-03
6.17658132258889890e-05 -1.97072763693776926e-03
3.71880062605466251e-03 -3.75498309857630677e-03
9.51485454677331553e-04 1.13139292487759112e-03
-1.53844217907776987e-03 -4.92313800864212377e-04
1.12453591142555620e-03 -5.79886024256435128e-04
3.20384994788508069e-03 2.31447376585726438e-03
1.98857818169751160e-03 6.58967776817824687e-04
-1.94711558892015388e-03 -1.52527514591510962e-03
4.68025697626356591e-04 7.77006922195723330e-04
-4.28239825970696370e-04 8.06572828998705920e-04
-1.91753855203440375e-03 3.71718891118439504e-03
3.19411839646040370e-03 -4.71016525664072309e-03
7.18577351381140608e-03 -1.62228922335443462e-02
-1.40124927496084288e-02 7.87770795012497117e-03
2.74167391909091365e-03 -1.17349286755178781e-02
-2.01418156390995940e-03 3.08491915140288566e-03
1.14156463385768521e-02 -1.18887859281015633e-02
1.16682234917826703e-02 7.77002873764159538e-03
-2.44074170794549104e-03 -3.19031209971859476e-03
2.40130590020665516e-03 5.23678284646121530e-04
2.40966778124996339e-02 -1.07445533722814648e-02
-1.13026814994256295e-02 5.66366487742505764e-03
1.11935943291903116e-02 3.44556491351445671e-03
-2.49742309056339611e-03 -7.64749672215996046e-03
4.14176288130667022e-03 8.40087998048946044e-03
-4.76538259596274993e-03 1.03929315326486502e-02
-2.98219834294139157e-03 -2.84500090279301036e-03
-1.10025548784068252e-05 7.42133197461863773e-04
-8.95951212514356672e-03 4.25739291789593594e-03
-2.20081137400754282e-03 1.69848976994924441e-03
-6.44785170532206475e-03 3.04893796130942078e-03
5.51454123083790129e-03 -1.73751237494074021e-03
-6.17454007577106050e-03 2.65385025227593812e-03
-5.10210800594012876e-03 -8.29952954801400390e-03
-1.53649618617996949e-03 -4.80979071590965229e-03
3.31684333279706018e-03 3.04947587132273299e-03
9.70835229818218896e-03 -6.23225388650322249e-03
-8.49001486100609513e-03 -5.03070646149974751e-03
3.20622203461120312e-03 -1.97030701805903053e-03
1.05090665071393396e-04 1.16090401802961397e-03
2.39557217805756251e-03 2.38671242028664320e-03
-6.26086209463276133e-04 4.56360894218190826e-03
-1.24192820203177998e-03 3.25670238025935243e-03
2.41453929584074540e-03 -2.30133572867985848e-03
9.34274840914872673e-03 -6.79060390667262856e-03
-7.23632984084828478e-03 2.47423277728511457e-03
5.45594724011159646e-03 -5.19997291773350787e-03
-3.45756213491945838e-03 5.87124650778826835e-04
9.84352418543190527e-03 -4.19344840585121614e-03
4.72664613723856614e-03 9.10663244472548900e-03
6.79294383521701910e-04 3.56773768532199368e-03
-1.75096586435746424e-03 -3.27803648323545319e-03
-5.43602213319204441e-04 1.50837815744503997e-02
-3.30037517329244735e-05 3.71405486639046246e-03
-3.98163477946495651e-03 8.78948531054682576e-03
4.95850386137244858e-03 -4.88219770510543456e-03
-5.91346909967596299e-03 1.04883133716906422e-03
-5.08715884009119153e-03 -5.18800307961162031e-03
-8.71507249446832818e-03 -4.45392518109950179e-03
6.46525144493134869e-03 1.67877166486809495e-03
6.94757424668162801e-03 2.90654265089121096e-03
-1.93720253971329075e-02 -7.76110183821000083e-03
3.68508150091678742e-03 -4.36863811263960315e-04
3.98350789256213169e-03 -1.94332673487847361e-03
9.19267467500979249e-03 7.77719835725207160e-03
-7.39698704618924324e-03 3.44302941407906814e-03
-1.90456809581740147e-03 -6.82053734294546955e-03
4.33124220551367022e-03 4.74499545298435067e-03
1.15665900189422053e-02 -1.29164844966456922e-02
-9.46465930828164527e-03 -7.07203235074386344e-03
5.40885506442170469e-03 -5.53436096710639876e-03
-1.95021774644007660e-03 3.05758204127652830e-03
5.03588678086715116e-03 2.43368994759612109e-03
1.14715654478283764e-03 7.31840962815796456e-03
-4.25455369397880617e-03 2.94740685977290355e-03
2.88535821474576563e-03 3.34907226546339953e-05
1.06755854409710440e-02 7.18733089457623819e-03
-3.93157747441998193e-03 -7.66472098288579996e-04
7.17648740528566836e-03 4.38753424811192793e-03
-3.02927714864168786e-03 -5.12570833485585450e-03
8.70386091452548215e-03 6.87759373419098707e-03
-7.74698034861669681e-03 1.01359834305656867e-02
5.35698465786521041e-04 -5.78260438771234075e-03
2.48472514091143152e-03 4.90946035908197340e-03
7.64750744564777346e-03 1.66465833327593724e-04
-6.15850671608357894e-03 -1.15854428073018535e-02
9.84496180940518930e-04 -1.74410562135936384e-03
1.10280592418175965e-03 3.67145738663781978e-03
4.02854014967409110e-04 1.47741570284686484e-03
-1.48760704934723046e-03 2.06747976719802353e-03
2.86053227237919976e-03 -2.20466303930025526e-03
-4.15662737019187149e-03 1.16994704647403985e-03
-1.41467177740712390e-02 4.40558982697293166e-03
1.07189363947361137e-02 2.29583085500158386e-03
-8.87196675809096523e-03 4.36348932589770717e-03
3.89567418767525859e-03 6.51446686366683158e-05
-1.35675100460592359e-02 2.77694074162330507e-04
-1.91548206802485271e-03 -1.23249095638979980e-02
6.58687925660366661e-03 -1.95288277467099225e-03
-3.38153833923760883e-03 4.46388370151547947e-03
3.12282355887091975e-04 2.36574798043153907e-02
5.65503170279934870e-03 -1.67308203990285710e-02
-4.83796860663659317e-03 5.72069068035392040e-03
3.78799872426316842e-03 3.14868835442326522e-03
-7.51331268798110293e-03 2.56328113209100680e-04
-6.47992595493739228e-03 -7.00228970338838148e-03
4.05713025306536461e-03 7.94134083607885184e-03
-2.81968905533883660e-03 -2.19447369473855375e-03
6.04335411191312191e-03 2.12119115702461133e-03
1.29339560944395342e-02 7.29356784160765242e-03
4.79547020379255708e-03 3.11409065418749055e-03
-7.67071415606711271e-03 -2.77418534137322892e-03
2.12113646308558206e-03 -2.12023615929717284e-03
1.12511596093024259e-03 8.82701360871595252e-03
4.10886474681050953e-03 -2.63749570870861752e-03
-1.27372276034043940e-03 4.28338938152982105e-03
-3.44473561901159457e-03 1.29184681777091050e-02
3.75716435832164526e-03 -1.45334830674407889e-02
-4.51926658949744400e-03 2.20853178955070944e-04
2.28665006115893847e-03 5.54739974625656235e-03
-3.98567640307966910e-03 -1.70647864902440365e-03
-1.87487480048112529e-03 -4.88709319984419535e-03
-1.81165653402620176e-03 4.59563170390170968e-03
3.95555107370116395e-03 -2.76282470597973093e-03
1.63443632860179322e-02 -8.61319565924461780e-03
-1.05561562433023181e-02 1.10272304208391524e-03
1.00583683283249469e-02 -6.96602604043817988e-03
-5.95436166990885845e-03 6.62247293443144706e-04
1.59580348582373556e-02 -4.31834946588621673e-03
5.89150286723268135e-03 1.53026361972324366e-02
-8.33602733140228515e-03 -3.84260950346706261e-03
8.42708713672799849e-03 -7.59514031346655502e-04
1.64570012633147430e-03 -1.69510599474553304e-02
-1.79369786150674025e-02 3.63774008662957806e-03
-1.00332774207102966e-03 -5.84637442315602031e-03
3.58043727629722957e-03 1.91131208622112776e-03
4.60187187427932298e-03 -9.73524002210447129e-04
4.92379560462874715e-03 4.52055557401498734e-03
2.39392349234555804e-03 -9.83566387353809746e-03
1.43496835677042029e-03 5.64652950978632943e-03
2.54650452484446801e-03 -8.20335971195814361e-04
-3.69010814616337491e-03 -2.15692371198371174e-02
3.18921466118659560e-03 -2.91165879117413848e-03
2.14971356069826661e-03 6.60432395075098450e-03
-4.53078501590017989e-04 5.99024687419031504e-03
1.32931649740067868e-03 -3.67802225395211842e-03
-2.24883186588778093e-03 5.61259751950438004e-03
-4.91054589208485379e-04 -6.85288861815886580e-03
2.68266039820221416e-03 1.47075564685289414e-02
-5.72986973681900626e-03 1.24400541325749240e-02
-3.82510277894884156e-03 1.28653889595232041e-02
7.37789125529464927e-03 -9.99900238931239645e-03
-6.56135273817333095e-03 2.78441702156836078e-03
-6.72404857091733754e-03 -4.61897292502236843e-03
-2.57010987451925400e-03 -2.28396516539081064e-03
1.11971827609099492e-03 4.07888131148681943e-04
-3.24947617865836659e-03 5.82289179795345111e-04
-5.11853040706721635e-03 -4.08091586296111778e-04
-2.67177233143933279e-03 -1.30079656490390728e-05
3.37488325546365627e-03 -2.88457911828647899e-04
-1.17648873948646669e-03 1.19730606307149744e-03
-2.01503631822311539e-03 -3.61387531512330929e-03
1.04573651180663984e-03 2.20095480544043763e-03
-1.93188456856321000e-03 -1.53364088813767014e-03
6.80026073354047145e-04 4.35305001537443764e-03
2.86933657267336066e-03 3.31985635096217289e-03
4.24761501147816775e-04 3.40550812777899682e-03
-1.12868194152006528e-04 -2.91972124644578968e-03
-1.49637606336612528e-03 9.83249580173967738e-04
-1.98613536692634650e-03 -1.00128636011310719e-03
6.17059299108695916e-04 -6.30713127940752977e-03
-2.78720077376956609e-04 3.15748066161772138e-03
-5.77074475774241435e-03 1.94877772043155107e-03
-3.58219958418884248e-04 -8.82180699603888653e-03
-3.25116584852351261e-03 5.87015400617397847e-04
4.18715345152830508e-03 2.57349257311146034e-03
-5.81398645336863966e-03 3.64235952543912273e-03
-1.54424035100692199e-03 -8.01339176923507313e-03
-1.45561047764854705e-04 1.63031206442493855e-03
-4.45917017949771111e-04 -1.24706667557504514e-03
-6.02221547058122766e-03 1.98622271300237692e-03
2.05843048887561358e-03 1.42414090831990536e-03
-2.73731537893086557e-03 -1.56038944386717779e-04
9.04846592290045409e-04 6.52528325866570040e-04
-9.85353320248277560e-04 -1.90606435825616265e-03
1.17042177579070321e-03 -2.47573590418856231e-03
4.61886764071127182e-03 -1.84646505137163680e-03
-4.64280809761779894e-05 2.00257338315469298e-04
4.19629478997094688e-03 -1.12064214464018194e-02
-1.44961128897357419e-03 -6.46213149570982765e-03
3.11745235604020485e-03 -8.50722151610119708e-03
-2.36691513205903670e-03 6.93296927162225050e-03
3.16014270525793095e-03 -6.31511028216033467e-03
1.10778348934488461e-02 1.93017399073069310e-03
-1.27928823504343345e-03 6.93706834158744172e-03
-3.25817409153567137e-03 -6.05357394477313172e-03
-4.39447874141607724e-03 -1.22108025982857402e-02
8.69679489670462623e-03 1.92147365545288773e-02
5.08656353790285561e-03 -8.92131806181766418e-04
-6.52129384478445512e-03 -6.09874346735538031e-03
4.17781908167215010e-03 -1.32252798827977609e-04
3.68163887400946082e-03 3.10036402665161536e-03
-4.43589982090993214e-03 -1.54904578279997846e-03
2.24920763923622561e-03 7.36177430537187901e-04
4.43095747489349618e-04 4.39062573856913770e-03
-6.51434723238586335e-03 -1.29563036124298613e-03
-1.21878292698883781e-04 2.35852942350620433e-03
2.57874214469199815e-03 -2.52483487946421033e-03
1.67513136999755436e-03 4.75778538165380020e-03
-5.95534712099502882e-03 -2.45588878765963081e-04
5.70739408687260586e-04 -1.19522861331382226e-03
-3.23676150001952895e-06 1.49323617356272604e-03
-8.22973872684527001e-05 -3.31349269726475800e-03
1.37101603916882473e-03 -2.52763482504850473e-03
1.16924266026943832e-03 -2.66821250750236966e-03
-1.80278388541562284e-03 1.94637216423475127e-03
1.50585256495418284e-03 -3.98773945548953912e-04
1.31169536136969489e-03 1.21459964956537221e-03
5.41838195311914253e-03 -3.29075914038893256e-03
-2.62343809237907278e-03 2.44543450738375764e-03
-3.08871582252073481e-03 -4.67749980656718316e-04
8.36513946007227255e-03 -7.72525109221652243e-03
-7.19784382143260075e-04 -2.93701593610867871e-04
-3.76733578023868325e-04 4.01460568542677185e-03
-5.83769325562126518e-03 2.59829249386891558e-04
3.16772468514079980e-03 -4.56617639791962338e-03
4.30987558686700151e-03 2.06190446184159647e-03
-4.79847327479942729e-03 3.25910291722340025e-04
2.59663020458535598e-03 3.85172493459357739e-03
1.01121060150356490e-02 7.32470562830394418e-04
3.96618278191067809e-03 2.32893421608589783e-03
-4.42637866834848584e-03 -2.37840443814215903e-03
-3.78335509232570325e-04 1.79749182948323624e-03
-2.30437306829000882e-03 4.49106935335804257e-04
-3.13703674725366449e-03 -1.36968041536271370e-03
3.14407030752965160e-03 1.95582366087287518e-04
5.44819652116463812e-03 -2.00277468414351541e-03
-9.68939322847284928e-03 -3.51512306088953277e-03
3.11935596441112115e-03 -2.59828200488190124e-03
5.26657938841585348e-04 3.72252437348732424e-04
6.34014678817303428e-03 1.27287106155601535e-03
-3.06548848441502892e-04 3.64224513114018260e-03
2.24437012887830547e-03 1.59820361541405031e-03
-2.51743455921495758e-03 -1.19642608329149458e-03
1.01464165861754781e-02 1.33445954454085216e-02
-3.40914181577957635e-04 1.66682103088470210e-03
1.63585637353941575e-03 9.96303881270610772e-03
2.24208681737389894e-03 -6.79471778283003910e-03
-4.53837413934540107e-03 4.76958114963487584e-03
-7.85994346653100077e-03 -1.11508283538156198e-03
-3.46802590908261042e-03 -1.15615645598843558e-03
2.43277283050815762e-03 -9.34167113999710566e-04
-1.21878369045800139e-05 -4.08833300978051883e-03
-1.00849239534442654e-02 1.40865362803270868e-03
-1.12504159722044239e-03 -3.52299069898000987e-03
2.56256209609187317e-03 4.85927589204664318e-04
3.18301317393817999e-03 -1.89526047271768483e-03
1.14524180994344323e-03 -4.16396218103617282e-04
-1.66631406768607144e-04 -1.64422955866600092e-03
7.56391753132955986e-04 1.47765863475020809e-03
9.51439144445506224e-04 -4.97858334164182070e-03
-4.86671897874192357e-04 -2.11179061840168500e-03
1.48312430499332806e-03 -2.98789597627071961e-03
-1.58789446664938522e-03 1.83463571872920705e-03
1.99517165899965043e-03 -1.60940416849352657e-04
1.50334276060906050e-03 1.93746944085355964e-03
1.40699335150125545e-03 -3.95761425382799327e-03
-8.97152524458798999e-04 1.92464799068493538e-03
-5.02837218038099110e-03 5.21217615097448812e-04
1.59541990651539036e-03 -5.10286710736420224e-03
-2.88809127305113137e-03 9.93046665557215981e-05
2.60473106743994110e-03 2.20075949898316039e-03
-5.10681397184375128e-03 1.26900936084261033e-03
1.38338668002823496e-04 -6.17744562967094835e-03
-1.11692497485233670e-03 2.54733886464055329e-03
-4.11835719762150370e-04 -2.53895862496403973e-03
-4.07528654293970709e-03 -2.14323621363634795e-03
1.51542152100112666e-03 6.21886179244387008e-03
-6.23544628399350857e-04 7.59225281485283625e-06
-3.31953753895391059e-04 -1.48107702080646866e-03
3.89696485265990291e-04 -9.98391932447188638e-04
1.48449946607647084e-03 -5.77637076398860314e-04
2.36600555412004669e-04 9.81989319543981939e-04
-5.65801279985480763e-04 4.32379473413213553e-05
1.05220345189476530e-04 2.53015109394297538e-03
2.82723709596924277e-03 9.04357848226485742e-04
2.98139693451467418e-04 2.05850173025334208e-03
-7.29808409528308810e-04 -1.25117794036440529e-03
-6.83207932716271534e-04 1.23600265392038154e-03
-1.75170950634383942e-03 6.02711214078261001e-04
-2.63213143024556434e-04 2.66544648939278598e-03
-1.04660418354931358e-03 -2.40505949513558984e-03
-2.62943686693138581e-03 2.07014334898572225e-03
1.83781772211582184e-03 5.10458280320535626e-03
-9.27800952182092939e-04 2.08753049433192716e-03
4.65891456997566920e-04 -2.26642187708929336e-03
-1.02275584158467822e-03 -2.91973314282906995e-04
-2.79298820844652376e-04 -1.44352206471794631e-03
1.61421083975576800e-03 -2.32441325767972218e-03
-9.21099183690987319e-04 1.08916233208068312e-03
-3.35925851004480669e-03 -5.66852891389788113e-04
1.92658190512333795e-03 -3.03137599102146302e-03
-1.89458752746594948e-03 -4.58531990862679807e-04
1.30339128821164540e-03 1.89715587010784773e-03
-3.53932788153032583e-03 -8.92722282836273887e-05
1.19581228857878661e-03 -3.98718505352010227e-03
1.27414679220041343e-03 1.32520975322678643e-04
-1.04297279073448383e-03 3.45437278797389668e-04
1.88168986078150876e-03 3.94996014213444286e-03
1.31128632142346233e-03 -1.25878761632427756e-03
3.27028377837938549e-04 1.95704334880217844e-03
1.22383244093713067e-04 -8.32350468719303643e-04
-1.18804599619074837e-03 8.97381004773344418e-04
-1.82441556665731593e-03 -5.59253571073274288e-04
9.35853799158318893e-04 2.16723950309975853e-03
4.30250646864173739e-04 -2.14532966623228686e-03
2.98668066783881400e-03 -7.97457756945441250e-03
-2.99039787373555320e-03 3.56563942360364110e-03
1.35804734418969587e-03 -5.46045486378025132e-03
-1.93792756056119283e-03 2.10231567364589254e-03
4.07954460201027328e-03 -6.41244764399788794e-03
6.80330876404529675e-03 3.46529779617471599e-03
-2.61447428200287102e-03 3.36600972659239226e-03
2.19947572084425364e-04 -3.75815815762021044e-03
-6.32583544936638278e-03 -7.69815748784995636e-03
1.19904644967164394e-03 1.02232043361166324e-02
-2.18036677050775400e-04 -1.92606196767922989e-03
-1.27247852446469613e-03 -1.61955076873985040e-03
2.11073019559097647e-03 -1.82180677111930733e-03
3.70942783614189265e-03 4.40892240063365311e-04
3.33016274088469367e-03 -2.14994612207536698e-03
-2.33444183009029775e-03 8.38867295266905628e-04
-6.51991738545724866e-03 -1.67379832416598442e-03
5.38192737362835037e-03 -1.45246007769842867e-03
-3.90131822872289563e-03 -7.36158687196553996e-04
1.44990678327299783e-03 2.71895526967490123e-03
-6.57592406327013775e-03 -2.07892131369694002e-03
3.01634129828044512e-03 -6.43656704704643166e-03
2.27669800132322252e-03 3.15789677381609485e-03
-3.48907657007435168e-03 -1.67284426715404427e-03
1.51795598768744120e-04 4.90598474655714982e-03
6.61413477931648962e-03 4.11129851111189607e-03
1.39260186264019846e-03 3.62336980867948751e-03
-1.68686364349039143e-03 -3.41081030486421787e-03
-1.42507230787292474e-03 1.07853991844952357e-03
-2.09547907255671793e-03 -1.04220239210372025e-03
-4.75755667734994656e-03 6.90437333955385042e-03
2.22592441270656792e-03 -4.85028716328694733e-03
4.52792278835363864e-03 -3.88946430221163379e-03
-7.95994252055294907e-03 1.42473522575482722e-02
1.13666393744520111e-03 -2.09275513929460272e-03
-1.73444253013395463e-03 -4.08889872240183333e-03
8.08952873410783216e-03 -5.34597520044673580e-03
7.89965555606809804e-04 7.65106272450374620e-03
-4.88704422151259657e-03 1.53744431910109213e-03
3.52594195942599643e-03 -3.28291503838055694e-03
-1.08502303737092725e-02 -5.31947316690516148e-03
-5.50125793616753570e-03 5.88609094747502559e-03
-5.74200155944474318e-03 -3.08630363537370275e-03
3.63548146270196559e-03 1.73468966545514951e-03
5.31561546798869152e-04 -4.13972749331230783e-03
4.87760703502076662e-03 -2.34964700371571942e-03
2.49783451354561477e-04 4.39271668900910385e-04
-2.32211963529771036e-03 3.15928607831640151e-04
-7.56582135580755738e-03 6.48611869386373548e-03
7.27869661926490875e-03 4.00896171390633087e-03
-4.77203185319329762e-03 5.57013868616962685e-03
1.82391194131332774e-03 -2.74550190999251192e-03
-7.45428243422349788e-03 2.27947934856975775e-03
-4.81680535014100426e-03 -5.61889383106942315e-03
-1.97203824445940732e-03 1.00666290457113871e-05
1.62110437507367281e-03 3.20412631040899501e-04
-1.68144374756238370e-02 -1.36590384636938750e-02
4.30261732899513225e-03 -3.00605908075402700e-04
-3.42512429160371935e-03 -1.15699191868351217e-02
-2.88362174259472340e-03 8.08970918410556288e-03
4.56257206645912985e-03 -6.97263438922383644e-03
9.99056766629930794e-03 -6.36193492373572536e-04
3.32408974436693974e-03 -6.43297658223524220e-04
-2.40900765120609806e-03 2.49530869362710661e-03
-3.40182678319448371e-04 7.74682033316534142e-03
1.11455788100987691e-02 -5.44622867993965927e-03
1.37242297162241500e-03 5.76350448518254607e-03
-1.81750600734818194e-03 -8.44538182907943278e-04
-4.57556614811038126e-03 5.59518669852159586e-03
-4.16433037461686438e-03 -8.57501595897482388e-04
3.52319468865027125e-03 1.00204549252479072e-03
-3.18816007010169246e-03 7.46301912694058347e-04
5.11424234995151825e-04 8.43619907227794417e-03
6.25489670428030359e-03 -2.92636306380184008e-03
1.47374291721216413e-04 2.99697947804850821e-03
-7.49859857116640756e-04 -6.96347431652626450e-04
-2.40883004170906441e-03 7.36524767241624086e-04
-2.75125245299818544e-03 -2.03571257895611511e-03
-7.66350142090090145e-03 2.85644160080646007e-03
-1.19437353197806716e-03 -3.91836951597922169e-03
-2.02597073077414140e-02 6.24718046673537145e-03
-2.46718808974819058e-03 2.27908718533852313e-02
-1.59883544225084065e-02 6.54173366214591892e-03
9.19142285650993533e-03 -8.07507938405378073e-03
-1.14461552266554110e-02 -2.14713161764269701e-03
-8.87209930382177638e-03 -1.35466139277261709e-02
6.64352945100168176e-03 2.17466880652459303e-03
-7.73033965487757851e-03 3.59611718939225299e-03
-1.53780391539869426e-02 -2.45030041403027608e-02
2.99233792425313526e-02 5.25216381697642332e-05
9.27834518500056556e-03 -1.79266447899776339e-02
-1.94818244558306493e-02 8.77015435165457748e-03
1.11476840739324536e-02 -5.74326461885359824e-03
1.27318535716452706e-02 5.63120454265718818e-03
1.87215453053899816e-03 9.08248682338980672e-03
-9.05560759406902728e-04 -1.32079748111616738e-03
1.44134291204900383e-02 7.74830658281773152e-03
1.11862715355059133e-02 3.71322880934896789e-03
1.07770859977381461e-02 6.38541646676614363e-03
-1.01355112875836061e-02 -5.68854752136490390e-03
8.10419792746250311e-03 3.87311708591903028e-03
-4.37920515903046041e-03 1.60144937685167098e-02
-6.09138087373156515e-04 2.72111690185477964e-03
-1.02068560842957551e-03 -2.31669160071995691e-03
-4.58020182657635500e-03 -3.94575309133633582e-03
3.59530225052940959e-03 6.45250777202780422e-03
3.40760791108108395e-04 -1.07349302184793017e-03
-1.82766662363628100e-03 -1.13082571775656405e-03
1.22769868963832360e-03 -1.19069427298404851e-03
2.22076774567298322e-03 4.87349018969032683e-05
-2.09825811713515008e-03 7.48705604538568411e-04
-2.65983445659868239e-04 -6.83021132426744827e-04
-4.53840488406659966e-03 3.10961956387337127e-03
-1.33239359983697171e-05 5.09890566136248381e-03
-3.50038046025951928e-03 2.69020183835258758e-03
2.10632158356968387e-03 -2.59970513496581360e-03
-2.79724009377695527e-03 7.44351398832398940e-04
-3.51822979552628493e-03 -2.94830180662537670e-03
3.49408603720668433e-03 -4.74525421815073355e-03
-1.26313490770144283e-03 5.09905536223514543e-03
1.97689969894826595e-02 -2.18653563816536244e-03
-5.40909650391321645e-04 -7.19914079035640416e-03
9.94626817923960696e-03 1.46476811977776992e-03
-4.84934418014956650e-03 -2.02866551851717302e-03
2.32998301310173963e-03 6.61023514456838320e-03
-5.15949755717470034e-03 7.25385566357173925e-03
-7.63373647530142703e-04 6.57549341036528512e-03
-3.89406349518248715e-03 -6.80885094075694801e-03
-1.87736155505309824e-02 -7.24155042396478453e-03
3.42985449201073118e-03 2.76416354036108300e-02
-1.50322251333320153e-02 -1.84826380839321798e-03
4.28902998721258054e-03 -2.47845918000013385e-03
-1.04588016474977830e-02 -1.46030875621955894e-02
5.63312671805936589e-03 -1.07471799494067034e-02
4.02768474133313129e-03 4.34871064195408233e-03
-3.95235953811983766e-03 -4.73998858981146192e-04
-3.03961795136131717e-02 1.52544707735083468e-02
1.62397237934891747e-02 -7.68950140216180869e-03
-1.38751904928993107e-02 -3.79705106531448219e-03
2.65054717564498646e-03 9.49747560488736070e-03
-5.65528471607347656e-03 -1.04388299148859102e-02
5.48465295298218840e-03 -1.34929054754375378e-02
6.37297032723495045e-03 8.13639498325832537e-03
-2.71365311618643624e-03 -2.44183079268880379e-03
1.01392068378576214e-02 -3.37632343114983424e-03
1.25435123007819182e-02 4.75652475290107117e-03
7.71070039203649790e-03 -1.00339546855616698e-03
-1.00146081834409945e-02 1.92453509825722582e-04
5.24203531138810359e-03 -5.32207275358990116e-03
6.64285018382581270e-03 1.19516906065126726e-02
1.42573507669424711e-03 -7.53549225455614632e-04
-2.04204189794264979e-04 4.54480273093782721e-04
6.77347293747463004e-03 1.62020331108761982e-02
-4.56616312785127539e-03 -4.97319074443411131e-03
-2.67690966396142175e-03 8.38786062651649539e-03
5.72290987746230419e-03 -2.83349363493348759e-03
-5.88956831795395871e-03 2.81478056276499022e-03
-7.03937098229118381e-03 -3.43947576852538395e-03
-1.64885750733905663e-02 7.51953522410410240e-03
5.94967817801586758e-03 -6.75779036542502060e-03
-2.37213650289786263e-03 4.45795192315117782e-03
-2.18813494095827198e-02 2.60286376573120801e-02
-5.74821332119882650e-03 3.70412371347190669e-03
5.95646719017613960e-03 -1.26243556936949126e-02
8.06404001293684232e-03 -3.56308661104138451e-04
-1.21188167014335789e-02 3.42832939913355079e-03
-5.21770954907253923e-03 -9.73829355147950992e-03
1.08901506903079301e-02 5.66816675458400952e-03
-9.12895400686233524e-03 1.02174706899265406e-02
-2.24591242530209449e-02 -2.38154670507560798e-02
-1.65517984116639698e-02 -4.50932563832100782e-03
1.55184587191726942e-02 1.35762693928844977e-02
-5.30904263325523724e-03 -6.22330244945007785e-03
1.99450555339146128e-03 -8.01612829474534529e-03
1.00962572692316812e-02 1.31332728015421205e-02
-1.17718865894311676e-02 -3.82147586301973636e-03
-1.39765485760964606e-02 1.12498365497423185e-02
3.95999906477050925e-02 2.38702745916509265e-02
-7.77108629560115723e-03 1.34785836180488956e-02
-6.90313976600146623e-03 -7.16213309480329737e-03
-1.82438420360456627e-02 -5.02138581396231916e-03
-2.16328578192708345e-03 -4.12016839590543908e-03
-2.56592857738819529e-03 -9.06977518593092905e-03
6.43442948885096511e-03 9.77203575148069027e-03
-3.30822107710320376e-02 -3.97206699609024064e-02
7.43909539025592193e-03 -1.99331004507512927e-02
-4.83569205420270997e-03 -3.61012649206958747e-02
-9.88465884854473724e-03 2.84380245864775394e-02
1.47056292176660636e-02 -1.63749668860940743e-02
2.55750724222363682e-02 3.11370407071478398e-03
1.06430612943850447e-02 7.97736554732359458e-03
-6.23780949134169170e-03 4.48286780807959193e-04
8.60460612646248534e-03 7.31827224610034129e-03
2.81246928668963218e-02 -4.36471228514816244e-04
8.69094725551160935e-03 7.20161922170039961e-03
-1.23056560820261826e-02 -1.56052952120912139e-03
-1.57852588213844573e-03 1.67520423013638327e-03
7.81544330154346038e-04 1.03658627124158208e-02
-3.82174688703670060e-03 2.32870338111267625e-03
2.64607841487416720e-03 -4.11658827750108376e-03
-5.97422711911145456e-03 7.11485838851926358e-03
-7.71009977100065545e-03 5.18909334045262235e-03
-7.34080167929187545e-03 4.30041353626753158e-03
7.57671836779912240e-03 -1.95319386084105099e-03
-4.03761502091048649e-03 -1.74336149823569068e-03
-6.99203882527703389e-04 -5.04360903785888715e-03
-2.83357908898330220e-04 -4.86036047164009437e-03
-1.64983141377162096e-03 8.49875689088255490e-03
1.35228770599982325e-03 3.08909353129541916e-02
1.67326809446148514e-02 -1.83370246172901187e-02
4.50199986452384186e-03 2.09687844937170333e-02
-7.64621413469994269e-05 -7.81838431517029725e-03
-8.10300025547615148e-03 2.59340917345051922e-02
-2.42991792843564626e-02 -1.70901267324243206e-03
6.78665661202953411e-03 2.18637356142409745e-03
-4.13117389238668899e-03 2.21990204052944238e-03
-3.02546860828979761e-02 3.39626789513773411e-02
1.43519009318504552e-02 -2.01403387693436242e-02
-1.99920063420278397e-02 1.33050388106820583e-03
8.91557971400843037e-03 1.18568798106941618e-02
-1.22407048071640264e-02 -1.05430949668736569e-02
3.97881843745060792e-04 -1.96167115225688096e-02
6.44341667735056581e-03 2.05438892789972958e-03
-4.46904008785487544e-05 -1.22513892856539251e-03
1.18255818124223099e-02 -1.42258805869122425e-02
5.37904334721714720e-04 -4.80833785152880600e-03
8.36839422162779546e-03 -1.03854097277338835e-02
-7.35289446395934448e-03 7.12750655856765614e-03
8.84346068115287459e-03 -8.97817061390255786e-03
1.46461373067149139e-02 9.86734806154889767e-03
5.83981998136025651e-03 5.29430501746899155e-03
-6.83406278084203091e-03 -1.34704335913295842e-03
-1.07111889713736568e-02 1.48653547439044891e-02
1.64297019889118774e-02 -3.86084436221981685e-04
-3.40379175186292671e-03 3.70291767555325918e-03
-1.42345473034565678e-03 -2.41523425392855813e-04
-4.69670553635840628e-03 -2.35314725713624880e-03
-1.49450786249349563e-03 -6.99220198765159416e-03
-1.28666153630175120e-03 -4.54861480548133038e-03
-1.83984544944518951e-03 4.44838591255491706e-03
-9.10490102869947540e-03 1.72110353920057191e-02
8.63067933871719713e-03 -6.15445278686223892e-03
-4.69191137093972858e-03 1.21533326379069002e-02
4.63493575744769893e-03 -4.45739114657662562e-03
-1.11827015873365784e-02 1.29205013623043818e-02
-1.42470300723452296e-02 -9.50345869284178850e-03
-3.96967416048818553e-03 -5.46334009509614679e-03
5.37382942498023427e-03 4.10363713453002887e-03
-9.28571162537823215e-03 -2.76913434558641904e-02
-2.70253135378832306e-03 -5.19389264173950992e-03
1.22896127961887058e-03 -1.80636219815857382e-02
-5.48119454908429799e-03 1.14434548173928154e-02
9.89536667315671532e-03 -5.79299217690470384e-03
1.26170143376592280e-02 5.89819416027388601e-03
1.62786982149670800e-02 5.60399908431524394e-04
-1.18415108069058177e-02 2.56543655561665028e-03
-1.51228151928444795e-02 4.64477583651494007e-03
3.82026011503409993e-02 -1.34364396419563484e-03
-6.69786953176187971e-03 6.49248328479106775e-03
-4.00996379118141993e-03 4.21054451162220043e-03
-2.24051734709628456e-02 -2.96544767789806100e-03
5.54673706234768901e-03 -1.24249565150112290e-02
9.04975068444020293e-03 7.79053165772415103e-03
-1.01844156533058769e-02 -2.60785846022170299e-03
-7.03133064169298490e-03 3.29937546123326014e-02
1.92682670712610860e-02 -9.43036752964649576e-04
-5.24610765533719669e-03 1.34333263977935696e-02
1.98246698702763107e-03 -5.02866347357864858e-03
-1.09984462627862704e-02 2.29065630914678387e-04
-8.64955436311299307e-03 -1.15044012582435230e-02
3.44917995088972387e-03 -6.84655694980934593e-03
-3.54222537568287411e-03 1.19990467341697985e-03
-1.97141070114697919e-02 -5.55955434837934141e-03
3.28866773844834577e-03 -2.43167844561068458e-04
-1.33606123613901236e-02 -3.26814033298845983e-03
8.04423995180784772e-03 5.73954198085844906e-03
-1.56638919653584695e-02 -5.74115170951428055e-03
5.81463764207083410e-03 -1.92323647389933509e-02
8.69743389901404427e-04 8.43532437311431647e-03
-4.98835257131094879e-03 -6.08307549178789889e-03
-1.36489011148696968e-02 -6.87597174136445901e-04
1.36681606892151489e-02 1.46271189712869690e-02
-1.02681960431117445e-03 6.09454528357796367e-04
-3.67325670991883483e-03 -3.51954723528188256e-03
-5.99151559378419524e-06 -3.09687659898273682e-03
3.27007495202235069e-03 -3.25314543527929073e-03
5.41552500844851644e-04 1.26803479982373103e-03
4.61629840726699141e-03 -1.13858428040905187e-03
1.98387149819380451e-02 -1.34905780812077779e-02
-1.27781677473366474e-02 -7.80767396755794804e-03
1.29142150643234907e-02 -1.13940986947682864e-02
-6.63416163152365668e-03 5.25053920975442935e-03
1.80695400333013359e-02 -5.06468267813315904e-03
1.07363162759282430e-02 1.59876264516377702e-02
-7.35490822731008857e-03 7.00995090526953472e-03
6.56932085886218864e-04 -8.40427011313315403e-03
-6.41680670083692034e-03 -3.84586245065994814e-02
3.80721186732844823e-03 3.11279650142642396e-02
9.74381474905353269e-03 -1.01231384730699463e-02
-1.13246087142999351e-02 -5.76752364745933364e-03
1.28828642086151936e-02 -1.60873957340549570e-03
1.19837331461439458e-02 1.05221319759683882e-02
-1.20621996569346725e-02 -1.29532052421953495e-02
8.28883509910879890e-03 2.59609459844247761e-03
-5.79666495808559088e-03 -4.66828809619623721e-03
-3.32146986044384446e-02 -1.05069990238603420e-02
-6.27840588964999682e-03 -6.85426516712688352e-03
1.40786644279967278e-02 2.84339584335561741e-03
3.22807040562114300e-03 4.30969617687134050e-03
-3.95155970288107918e-03 -1.09147012912008713e-02
-4.52227634033209366e-03 7.58942128305118823e-03
-1.37505125032847471e-03 -9.21770148995275720e-03
1.03578533569754581e-02 -1.24368073410503314e-02
-2.06518971198666086e-03 2.88037072871405730e-02
9.25951000690412342e-03 6.81891642591212280e-03
-3.90560442132376366e-03 -1.50711722499797321e-02
3.65510657527018910e-03 5.77866094936390837e-03
-1.82513114849014576e-03 6.97834778177724643e-03
-2.07422931492784587e-03 -9.43876558099097061e-03
-3.42389004980537138e-03 5.62541923511198153e-03
-2.39725950572443544e-02 1.88652004221874156e-02
8.98719645157857253e-03 -5.06711635536937540e-03
-1.49711849277302002e-02 1.36534001890690395e-02
1.19985618900434465e-02 -3.65913095563401725e-03
-2.25112905005404491e-02 1.30542225875419290e-02
-1.62572022906477300e-02 -2.36540347960615613e-02
1.49195724850610806e-02 1.26342006536142039e-03
-1.25963669077031205e-02 5.91281209168178449e-03
6.87109457798314085e-03 2.52180014188689225e-02
2.60711284960543632e-02 -1.51097134542100796e-02
5.45020193866644579e-03 7.67620145507227555e-03
-7.35673800105920723e-03 -8.22910671359017363e-04
-5.84586616454487330e-03 4.01579549865869849e-03
-9.55132549517401751e-03 -3.59946621955171270e-03
7.18887691902478886e-03 1.03743487911209589e-02
-2.60709005143353089e-03 -5.13182532926177801e-03
1.05849007539554375e-02 -1.25053536503280088e-02
9.27323146656226262e-03 1.05865814671575308e-02
7.07936976077447235e-03 -7.04386565508357664e-03
-1.09923360241678363e-02 2.45160795981181961e-03
7.88051242533667137e-03 -1.33337424767630986e-02
1.43050677239967439e-02 1.35118412068479035e-02
-6.68558418632367833e-03 -8.64103053534739235e-03
9.72424515451023909e-03 3.45707644964523544e-03
1.20898884639523228e-02 -8.56507241938802774e-03
-2.40293783905993798e-02 -7.84421153636615832e-03
-7.03260092969300375e-04 -2.70007576644519997e-03
6.62142019565569763e-03 2.93651210972739477e-03
2.07865109432458801e-03 2.07445917960753356e-03
-1.88732186142501039e-04 4.79397798904618224e-03
-4.39170839205271367e-04 -4.78731531911233670e-03
-7.48970682852940486e-04 8.58961028347583169e-04
-1.13777864982845690e-02 -1.86610476352876316e-03
-2.31972161721436844e-03 -3.84565536187463910e-04
-8.04466165932603110e-03 -1.33467871601487950e-03
6.18201046159065626e-03 2.26714008617660704e-03
-7.99059680947856489e-03 -1.55342391902039989e-03
9.13688923082714498e-04 -1.13867016798515058e-02
-3.67644806975712468e-03 -5.31408326218622828e-03
5.80152172283079220e-03 2.61581953948415409e-03
2.72428114694895371e-03 -4.83589165113918699e-03
-1.26695828763515005e-02 -6.94194383836070194e-03
-2.27637941444333797e-03 -3.52631266033605296e-03
4.05224672034911523e-03 4.16236740831975403e-03
1.14347922604896360e-03 -5.53307527082343978e-04
1.43531238326224920e-03 1.45884119702157874e-03
4.44924221425295214e-03 8.29136685385853563e-03
-9.05702494421403216e-04 -4.47231803152816926e-03
1.03520786251877304e-02 -1.14887290952325159e-02
3.44900459195505949e-03 8.49179329265256633e-03
6.56959840540775712e-03 -7.01270752083887460e-03
-8.64961965419301475e-03 2.01343635582033149e-03
8.90736956836620832e-03 -1.10728685567919698e-02
1.18451019162681848e-02 1.23445298645311428e-02
-1.29700228425883913e-03 3.08578793942522640e-03
-1.10499260398417669e-05 -3.26702130033527981e-03
-6.98537853652948793e-03 5.95774415885740819e-03
-3.91896523845477606e-04 4.60072721173478572e-03
-4.95119235562122961e-03 2.85855107364933183e-03
3.69589424344389950e-03 -1.38610771188099461e-03
-2.94601600607506545e-03 -1.86306033055259543e-03
-3.03695480923020400e-05 -4.34581288678188588e-03
-8.65103651860245002e-03 -2.27063376424951923e-04
6.69626514387040763e-03 3.30271873577035399e-03
1.97774289571175793e-02 1.58805861104438228e-02
-1.09845173728729435e-02 -1.22263613438436600e-02
1.38790035330639619e-02 8.58424206164807267e-03
-2.91209479276601521e-03 -7.69867835575846655e-03
1.52741164426162986e-02 1.82239228457998122e-02
-1.71161298702376223e-02 1.56515683004258173e-02
-7.97317655107875924e-03 -1.30204210602762292e-02
1.23510892329662184e-02 5.62640741618834588e-03
3.18239433148412992e-02 -1.21761951690338641e-02
-3.50231769333638199e-02 -9.39531348829753150e-03
6.16582531886296359e-03 6.23959762918759953e-04
6.82957398680096237e-03 -1.23833000161822915e-03
3.68068465310109321e-03 8.58750321387908785e-03
-5.25486747457483503e-03 1.15312378121773043e-02
-1.84277380611681894e-03 -4.34441080638232717e-03
-4.26337634614217074e-04 1.56586297421771898e-03
-9.96147540094550685e-03 3.80377223690383723e-03
-1.15771755922117908e-03 -1.08276970145185095e-03
-6.82873366727702706e-03 2.58553359253492271e-03
5.92867914379404618e-03 -3.79743398526073998e-04
-7.65124710994275099e-03 2.84736223500505143e-03
-4.21390023810590351e-03 -9.99750461291218015e-03
4.12022865972304722e-04 2.91938406555034956e-03
-1.77036562715480669e-03 -1.68448234137270544e-03
-9.53857690280257575e-03 -2.74369631998067510e-03
7.07567114511292380e-03 3.97113990115256690e-03
-1.35628338445858477e-03 -2.81360607262939747e-03
-2.26020941828034439e-03 1.26652425595791046e-03
9.35607142273754493e-04 -3.02213498165498787e-03
3.59819465313587642e-03 -1.66104120681897257e-03
3.67927806212135691e-03 -4.15019276340630478e-03
2.36235538344163956e-04 1.67067066648000483e-03
2.41143920057895105e-03 -7.72624179070546813e-03
-1.96400009490103151e-03 -9.85657089697062304e-03
2.17289779473317643e-03 -6.43729867516802841e-03
-4.96642345139138778e-04 6.47070160493831616e-03
1.21463849941839800e-03 -2.75578154500745421e-03
7.72692739025336844e-03 -6.77140865703008640e-04
1.61813974088457395e-03 5.73921504715398968e-03
-4.97931635749870004e-03 -3.13160904528769074e-03
-8.72762168177648040e-03 -1.28681182378606700e-02
1.57474342614071089e-02 1.23984100537107983e-02
5.22310856894920867e-03 -5.15997401588204341e-03
-9.63392957711443204e-03 -1.44393543493544739e-03
5.18049690522665897e-03 -2.09224307088505925e-03
5.82918636233078873e-03 2.59269277300497401e-03
-8.82312005571733900e-03 -3.64299622759557684e-03
5.67491498522251347e-03 -1.41954145131491217e-03
-1.45433730096204586e-03 -6.58979598905028770e-03
-2.31316495507624328e-02 2.19331822865711373e-03
-3.43248992325121674e-03 -6.23668904092513146e-03
7.06031625751033301e-03 2.52317559720905153e-04
5.91038107618030006e-03 -2.00015061388535056e-03
-7.53279019622802199e-05 -2.57225979329851577e-03
2.61025522179403422e-03 5.04503626047123326e-03
-5.59643657924263887e-03 -3.87130246038885732e-03
1.59467471216103718e-02 2.04922354311059358e-03
6.05312517218543553e-03 1.43202316706987597e-02
1.04500981701883301e-02 9.94511615956069663e-03
-5.23630783768910726e-03 -1.28519661476235447e-02
3.15816705571251544e-05 7.80091957930093005e-03
-7.24473320327945376e-03 4.91448220677555368e-03
-6.49275147748109779e-03 -1.34632454915871555e-03
2.27350105184720257e-03 1.35485413820316929e-04
-3.72468370886947430e-03 6.25334122042072067e-03
-7.79751899263298690e-03 2.85126795953150524e-03
-3.42967011969884427e-03 3.98527375828665580e-03
4.85291538131826967e-03 -4.37973923865100662e-03
-5.85697158055712764e-04 5.02739161813522267e-03
-8.51537176950501254e-03 -3.21625059017481910e-03
2.88980731082915136e-03 -2.86856071076693883e-03
-1.21240830457674848e-03 3.86030882246938406e-03
5.77616052795304046e-03 -1.46679309068381515e-03
3.14886734473424773e-03 -7.12779377248536766e-03
4.03755025774173333e-03 -1.96404043697803862e-03
-3.54361472157714314e-03 1.99076360830203070e-03
1.56874006962485764e-03 1.57873308154770774e-03
-8.46984559084993857e-04 2.74800741306150190e-03
3.41950264877325955e-03 8.09664447165507097e-03
-2.02271108092325579e-04 -7.27417049863020911e-03
5.18874806192183135e-03 -2.27577448787782272e-02
-4.86430671025301319e-03 1.54819367822526775e-02
1.47712684553996318e-03 -1.47455857233202876e-02
-5.62552732828381849e-03 5.13679618479126205e-03
8.95686475625621405e-03 -2.05077515550188584e-02
1.99712766236626767e-02 8.34274107167230425e-03
-5.72086142682280349e-03 -5.53279022795539598e-03
6.09051227334121443e-03 1.09131754143209627e-03
2.37871808383295739e-02 -1.97684485939901879e-02
-1.80866834986630580e-02 5.42021175635695480e-03
1.09314377885485047e-02 -9.05627875407239314e-04
-1.81925474910120920e-03 -5.26260750460456027e-03
6.89440395716545227e-03 7.37224979603747464e-03
-1.59472289677422131e-03 1.26754113986580260e-02
-4.09469828730945045e-03 -2.27449732394053401e-03
1.44267560379689896e-04 1.81044682719684575e-04
-1.02278173266915160e-02 4.76661177528581431e-03
-3.18939944157957530e-03 4.26835101734315738e-03
-7.61616345862266286e-03 3.57464481774053336e-03
6.24612999227341752e-03 -2.75762959436232991e-03
-6.48820524951341290e-03 2.42772444203691925e-03
-6.06999124512022474e-03 -8.88352513229791717e-03
-5.64094966202895089e-03 -5.82341896217463285e-03
7.24703862197707653e-03 2.00260988901456100e-03
7.07174836060464607e-03 -1.19995392848581805e-02
-1.64805014197284723e-02 -3.00512199117129123e-03
6.22403674259375218e-04 -4.40433030229579140e-03
2.98036432316031198e-03 2.48135303476128407e-03
3.55440627403386371e-03 8.30913959054417552e-04
2.05374122771113726e-03 4.87909920985200255e-03
2.00104792670860801e-03 6.43113727950450024e-03
8.09524959811565780e-04 -4.24809199497456092e-03
1.01805385863525354e-02 -1.24898539485233193e-02
-3.06112426030679449e-03 7.13125828448037732e-03
5.94398354167785959e-03 -8.36404264190987110e-03
-6.45426434800039795e-03 2.26376554697838668e-03
1.03883985736542787e-02 -1.04287684712698406e-02
1.11280227693298130e-02 1.13289344276259925e-02
4.19109403539924975e-04 4.52480629849560598e-03
-2.00103351199274740e-03 -4.14875461071793471e-03
-2.42544197841103792e-03 1.48746661862960133e-02
8.03680249563072115e-04 5.63646539618571554e-03
-4.47383376295318585e-03 8.83767790894765190e-03
4.94161517863269881e-03 -5.25311194529225201e-03
-5.97080942722365803e-03 5.50327639856248801e-04
-4.56715507001999657e-03 -5.68947481439404084e-03
-1.21370346945406989e-02 -2.03428858934350627e-03
8.69774175227257945e-03 1.71351733359148290e-03
1.52930341383223523e-02 8.99666937208603266e-03
-2.22315209210197234e-02 -8.20414072002460457e-03
9.30382207630304353e-03 3.34813115794683515e-03
1.59645688573832557e-03 -6.20944586794365885e-03
1.59345568049556532e-02 1.34318692541960348e-02
-1.38559754378046115e-02 1.14327456846377174e-02
-6.27255871171020739e-03 -1.09780858146202257e-02
9.83779175275098852e-03 5.59961215858936680e-03
2.10003632955992128e-02 -1.77891547132293174e-02
-2.44250542857497623e-02 -8.36834964756378100e-03
6.00662704536462227e-03 -5.20838006373639840e-03
2.05094354551070947e-03 2.38257684064280446e-03
6.09534419574968376e-03 4.80801508811167042e-03
-6.79306014040004881e-05 1.07393532021456770e-02
-2.27539748351779500e-03 8.72709538602659679e-03
2.88823896302736749e-03 -3.25406846816103656e-03
1.82947602879123226e-02 -6.65079546723298747e-04
-3.62931022494390266e-03 5.63015282910850779e-03
1.17999880328587964e-02 -5.29506265114623189e-04
-8.61288715645608556e-03 -4.23112074792417799e-03
1.58578276011665902e-02 -4.92120331075340616e-04
-2.31783034233008897e-04 1.91163168487278427e-02
-4.51987103856444587e-03 -5.32557884713688850e-03
6.68932339824351158e-03 1.89784041974637571e-03
4.47747728132766309e-03 -9.87326640114448385e-04
-1.64455892669084745e-02 -6.56679337651344848e-03
-3.71882299718163467e-03 -7.96623365900662409e-04
6.79760303139862257e-03 2.76290027249636617e-03
-5.84233730918082002e-04 1.61537121053305545e-04
-3.71868449956768972e-04 4.55277695121989671e-04
-4.13707582097373391e-03 -9.46840972728865173e-03
2.77350357624311179e-04 5.35533070966733027e-03
-1.28638413391799662e-02 1.39050814676353468e-02
-1.35175011684950629e-03 -9.88519146495166548e-03
-7.94292983059513395e-03 8.75607260622223577e-03
9.67708304473149060e-03 -2.20790363685627886e-03
-1.17341589484394587e-02 1.28218041601444403e-02
-1.36072582926478943e-02 -1.49428364629001342e-02
6.46141475612867743e-03 -9.75657909506530939e-03
2.95003781951333770e-04 1.07043851000724888e-02
1.32931492915383132e-02 1.81051391473767732e-02
-3.37825965092977080e-03 -2.92056111437923559e-02
-7.60124837105352093e-04 2.30716984369464711e-03
3.40655664800147348e-03 6.92833788041984609e-03
-4.84986337915492127e-03 3.17842176666394962e-03
-7.75096479369491789e-03 -1.54763631901363953e-03
6.60345325575697421e-03 9.15379607140334034e-03
-4.20033774668585047e-03 -4.55999029905981151e-03
1.90591433150393897e-03 -7.63241481628793711e-03
1.30423804959421841e-02 1.32797625298592299e-02
1.29848651663349028e-03 -2.98296342184575054e-03
-7.55589961585955740e-03 6.94501402424023179e-04
4.15678121410872838e-04 -1.14202694310179056e-02
1.01541697976340710e-02 6.17157895809825399e-03
4.36629631353032191e-03 -6.43338097706454455e-03
-8.00147620407638425e-04 7.28087247619929687e-03
1.45935209656863230e-02 -6.41653973152909985e-04
7.64090715597052572e-04 -1.41391312628755036e-02
7.02751916513484360e-03 -1.65148424556527985e-03
-4.20009525993179488e-03 2.71812198617450490e-03
1.90968629764876269e-03 4.16635195974894394e-03
-3.36763088571179897e-03 5.22479697261183339e-03
-5.21087166041966465e-04 9.60915349404507964e-03
1.65547759745205292e-03 -6.96010630916657491e-03
9.97040522050872229e-03 -1.51780886336431772e-02
-7.33803685804419910e-03 1.57391394978602453e-02
4.64731290505366029e-03 -9.76604399689184194e-03
-6.25910335734146481e-03 3.93577975481447994e-04
1.29002784886120790e-02 -1.41598020805857438e-02
1.20163723323896045e-02 1.31114302938504009e-02
-1.26664933290617631e-02 8.50427694764233945e-04
9.79672689723755374e-03 -6.45405075130370525e-03
-1.02901463830381602e-02 -2.12619525041689086e-02
-1.92360433900868287e-02 1.58147682419574227e-02
-5.70644197047003813e-03 -6.68886197232213681e-03
5.87521707558542189e-03 4.37500246614575667e-04
4.76962824305572890e-03 -4.64603152509662342e-03
9.23131298037400266e-03 1.77047009371960121e-03
-5.01409645179622110e-03 3.88192339833878016e-03
1.12247189871181471e-03 -2.34673143828987955e-03
-1.03710968174142268e-03 4.23035687205982735e-03
-3.47867696108165262e-03 1.03114879382131541e-02
-1.82446477434754510e-03 3.60104082675997712e-03
1.06071404377160823e-03 -5.65436832449582333e-03
1.58227394405970685e-03 9.05474983381083457e-04
-5.80796788857137862e-03 1.68211062385719605e-03
4.15133308235825314e-03 -2.08644273489282193e-03
-2.60529223247035974e-03 4.33428619228469914e-03
-1.01806254892217998e-03 -3.67676776894056362e-03
9.34400701600866107e-03 -8.18221163325650279e-03
3.33525115619266038e-03 -5.54642006324364712e-03
-5.96225950504230412e-03 4.86482752606528200e-03
2.62811160792920289e-03 -9.04695943035160877e-04
2.13871184914938379e-03 1.79315767409905205e-03
2.05204566060110654e-03 1.94571871542989386e-03
-5.02773513921042853e-04 -4.60966772878064002e-04
4.14858252256890356e-03 -1.65943621151586973e-03
2.93189839806635164e-03 -1.73039095053294738e-04
3.11754349252805129e-03 -9.78771344451826028e-04
-3.19323951148719858e-03 6.57219037353696644e-04
2.42115642455755821e-03 -1.46188979763340211e-03
2.53188046035113202e-03 4.15051691209864827e-03
1.27008375316311909e-03 -7.99121247080946924e-04
-7.41521324938213141e-04 1.40871554823904840e-03
6.50439175916352175e-04 -1.06370663316107368e-03
2.43931072335059045e-03 -2.56819665733094490e-03
1.33372121951567967e-03 -1.41983992130496352e-03
-1.79715084040434807e-03 1.22738593275753798e-03
7.98957795766407075e-04 5.80245108535607868e-05
3.37313536936439593e-04 8.07570943481145174e-04
-3.07657765113427892e-03 2.07418096588160832e-03
1.40940267681054416e-03 -7.88342586148758255e-04
3.10169929030199281e-03 3.21456360012246922e-03
-2.95704945422621546e-03 3.03302365812140864e-03
1.66494910144323422e-03 2.20338137276021367e-03
-5.03715938859774170e-04 -3.29129423708610352e-03
3.48622894096442190e-03 2.25840512791522724e-03
-4.07037431790234581e-03 3.73892019072464502e-03
-1.30108227839672647e-04 -1.53583808043537546e-03
6.85341668567957516e-04 1.16242795045213578e-03
3.74570039038808278e-03 -2.67601494879532182e-03
-1.80311824690121544e-03 -1.54234499896966498e-03
1.85316372628243600e-03 -8.34140360581368942e-04
-7.72225862730136544e-04 2.47099797438716324e-04
1.14296714121201078e-03 1.00987215317681431e-03
-1.97538465856896277e-04 1.98029172320567494e-03
-7.36017865704615467e-04 -9.77827960377765718e-04
-1.78379449945355751e-03 4.43838726070124598e-04
-9.48600388695319124e-03 5.46233514312996927e-03
4.28023591273553935e-03 3.64547152587547853e-03
-6.35694727752239910e-03 4.60750964393291402e-03
3.64450421096436904e-03 -2.19027820498902005e-03
-8.10287483077179807e-03 1.98059875029134129e-03
-4.66261686619768179e-03 -7.82116579249918231e-03
4.89667216194751218e-03 -2.15316723315516585e-03
-2.20405347507675884e-03 4.21949287887655056e-03
-2.60072087380941886e-03 1.40019232398525366e-02
5.48672165444191989e-03 -1.41258686119470275e-02
-3.73227641377450996e-03 1.04021646065008085e-03
1.58715177160879180e-03 4.78005964614665498e-03
-4.19522395404621322e-03 -1.19087517264454459e-03
-2.57812612555074084e-03 -4.81924490415509919e-03
3.18840220348536865e-03 1.76102807628783237e-03
-9.43949780566573533e-04 -8.74121252230905055e-04
2.96778062365116125e-03 -4.93591456919178183e-03
3.01539342542232660e-03 3.90105459548197909e-04
2.21627359599431027e-03 -3.16492407146249429e-03
-3.12230695160487914e-03 2.26873395823029610e-03
1.76422137472484215e-03 -4.18934392493502082e-03
5.68880767575918097e-03 3.07833008270169293e-03
-1.21683454762152969e-03 -8.49769562494949058e-04
1.34260590172798630e-03 -1.56848686589866544e-04
4.28302614088507672e-03 -4.58169484409903815e-04
-4.60603880078620537e-03 7.01249179401387877e-04
6.69458605589621039e-04 1.37609350876114855e-03
1.30691939687401122e-03 -1.41117059492241494e-03
-4.58452449170285988e-05 1.41910358961956119e-03
-1.25823202735705041e-03 1.14514016057877402e-03
-1.99929481755712051e-03 3.29657893757022251e-03
1.34247302977987226e-04 -1.25335274247314840e-03
1.07663502831738278e-03 3.93692969350648014e-03
9.59186168421305007e-04 5.74930187987189849e-03
4.16911579625923328e-04 3.30663600270410599e-03
-9.55731720482511462e-04 -3.83232390477395053e-03
1.26371351979303855e-03 1.33395620696267906e-03
-3.93328777968383024e-03 2.78802391416647487e-03
-3.09135967904200244e-03 -2.40581222209460292e-03
3.98230964830761751e-03 -1.56368178989087235e-05
5.21417310878848853e-03 2.66190703759242682e-03
-1.17695645757362102e-02 -1.72252145086311949e-03
-2.35868015834568004e-03 2.70836361566692075e-03
5.60484269571193735e-03 -8.57728206890372873e-04
-1.71270794485284868e-03 1.36328904880653429e-03
-2.29910913743376112e-03 -1.66552824824357050e-04
5.55703147497499470e-03 1.14784339540669578e-04
-3.04135728818201792e-03 1.65013702539240355e-03
4.30287202626077384e-04 2.52478589591058475e-03
1.20656087025571759e-02 -4.67540932730216817e-03
1.84247701936855659e-03 2.30228951167223269e-03
-3.25527681618130102e-03 1.49722271210312938e-03
-3.84849680752580780e-03 1.29512082120495265e-03
1.16118536357090723e-03 3.28597102068945267e-05
-2.57698130002995303e-03 -1.86267328708746320e-03
3.62835166700218930e-03 7.19246777827134182e-04
-9.63348259893433839e-03 -4.97724640703642329e-04
-5.16010808699171857e-03 -5.11617430569677890e-03
-6.85033572858577064e-03 -4.28950067485777461e-03
4.28813321595236056e-03 5.87981018818594433e-03
-6.20794828954856289e-04 -4.40951614761898782e-03
3.84354028664536489e-03 -3.38656857511028444e-03
3.65753068656577427e-03 -1.52862801336661362e-04
-1.33542373890644891e-03 4.83347843572736586e-04
1.27824783334986257e-03 -2.61477366828262664e-03
4.59864410250198329e-03 -3.00211123963879754e-03
1.51593092836308429e-03 -1.71938105177428090e-03
-2.12442081573915127e-03 2.59383169110589387e-03
-6.20826754798184020e-04 -1.83563325038517042e-03
4.04048213645902266e-03 6.69137845710435371e-04
-1.15299859918332310e-03 2.12854847981308083e-03
-6.72854936004682520e-06 -2.45835252037033452e-03
-2.07084305800068905e-03 1.85229306377468657e-03
-8.28536908562187884e-04 4.91534640631998993e-03
-1.55704529302922020e-03 2.20028457245260468e-03
1.62338822280007062e-03 -2.19673403942124458e-03
-1.15526710284082762e-03 -2.47932363634807836e-04
-3.40163873166014741e-04 -1.42672232290892102e-03
-2.78468404954471940e-03 4.55751529657777953e-03
4.79959032812998353e-03 -2.99718758893081612e-03
1.76384513471778068e-02 -9.54256691663222557e-03
-1.33785826897653681e-02 1.09035510713534150e-03
1.06792480059349527e-02 -7.87309520215879154e-03
-5.81337607743698161e-03 6.67233966708490642e-04
1.77656558492143950e-02 -4.49518036009336017e-03
6.06636770312083459e-03 1.63441164686976802e-02
-3.81304928169723108e-04 -5.95369470960344007e-03
2.94179614269705902e-03 3.30637552082900087e-03
2.67139210826005044e-02 5.69989141633882226e-03
-1.52533117489668680e-02 -6.11957678015637337e-03
6.21411424181227048e-03 8.41526741472553227e-03
3.60305144558075103e-03 -5.82719468515195509e-03
-1.67600338763489133e-03 9.05892002552208427e-03
-9.94813742334813012e-03 5.63660060215074709e-03
-5.42354399513216554e-04 -4.44878440370934103e-03
-3.77232416040479651e-04 4.34171958913303919e-04
-1.02677655117412361e-02 -3.65401033439785583e-03
-3.79222070428970968e-03 6.01263560242171197e-05
-7.48464598682879127e-03 -2.66289416849316935e-03
5.82876110895852364e-03 2.70731091692902283e-03
-6.57778869152012263e-03 -2.73869395158013755e-03
2.24784216549061937e-03 -1.03368586531874251e-02
9.56733017877288709e-04 -5.95383897978438072e-03
2.01072211156257770e-03 5.11809261469628810e-03
1.16366357710737077e-02 -6.12346466424686900e-04
-6.06778700560934268e-03 -1.08389934369239899e-02
3.27503502280695807e-03 -8.40659414497468577e-04
1.44941752018069295e-06 2.21378283387232934e-03
9.08835853625303129e-04 3.03015998259659755e-03
-2.62835897571919589e-03 3.61503666060642966e-03
-2.65213193816643458e-03 3.64793419780596239e-03
3.22507889130792605e-03 -1.21524086349430430e-03
1.34312543548165079e-02 -6.50518273987211169e-04
-6.54807714463442273e-03 -2.84875102643783365e-04
8.66459790835464108e-03 -1.23152219613211324e-03
-4.61718208205550568e-03 -2.02782540673992389e-03
1.20026978861728431e-02 1.33994358476144794e-03
-7.72724481141200473e-04 1.25528062841030776e-02
-2.38990145944330181e-03 3.42166877890600577e-03
1.14601544428686859e-03 -4.06992703619481547e-03
-1.16040431599032986e-02 9.85938755400228052e-03
-2.79351348774299147e-03 3.83824103830098743e-03
-9.18498588873203556e-03 3.49205361662595446e-03
7.06327846950845911e-03 -3.01817646959537985e-04
-4.87547578832418869e-03 -3.56586667252454213e-03
2.91120995785958917e-04 -7.33468812727088026e-03
-5.20586378892933833e-03 -9.18664595396779561e-03
4.42669543419790899e-03 6.40189250275652322e-03
5.13601782269007719e-03 1.18970439750572358e-02
-9.49465315653276118e-03 -2.03282034426633673e-02
4.53881739496943531e-03 5.44444334675467118e-03
4.23330479603181969e-03 -1.06917590893195759e-03
2.64380407824239090e-03 1.63893972248204366e-02
-1.26817784185313739e-02 -8.37312710817564093e-04
2.56351214155172780e-03 -9.25748699312830929e-03
2.00924010314571530e-03 8.27450423077364869e-03
2.32137753616989823e-02 -8.57120024298355055e-04
-8.27411920524968696e-03 -1.61584324241435956e-02
8.09434939393125982e-03 2.45084596408016249e-04
-1.60300514559481855e-03 1.43588871742962305e-03
1.76617408824027286e-03 6.75410658678930222e-03
-5.87351548815069364e-03 7.37465104554822955e-03
-5.35699604799104792e-03 1.28737387818090502e-03
2.69586332590166910e-03 9.01894511271660515e-04
6.68259249139659030e-03 1.05835046806516449e-02
-3.74126491438524830e-03 -1.30845922485810814e-03
4.53908320363974414e-03 6.75931546102203924e-03
-6.09825276034073891e-04 -6.10226256684664320e-03
5.34138708837117709e-03 9.37100245787577356e-03
-1.10780408240479921e-02 6.19319393154605258e-03
2.19346387327739841e-03 -4.68512442005246041e-03
6.98843924970307478e-04 4.92288848506594514e-03
4.81213064327468652e-03 3.12411122032085504e-03
-1.49835816925324096e-03 -1.22677902955995125e-02
4.18453614426526530e-04 -1.48286505624576920e-03
2.41807086351071880e-04 4.09495265039363284e-03
-4.03110864695867624e-04 7.59127295537802413e-04
-1.52699590643649071e-03 5.77638489606013719e-04
3.34387620564946053e-03 -3.35403683941759611e-03
-3.47265282926696207e-03 5.20781703974892052e-04
-1.42016393456059990e-02 -2.54772227228047387e-03
6.09000561730616095e-03 1.76448506711577723e-03
-9.40559246274074584e-03 -8.58876562488033318e-04
4.56776009552635129e-03 3.18983466599894686e-03
-1.20627459134659467e-02 -4.14063034799552927e-03
3.63703549915757275e-03 -1.30229685928174542e-02
7.32473752454350716e-03 6.59738706688038482e-04
-5.45933664553519341e-03 3.32395078648570295e-03
-8.84750052541291056e-03 1.76613594565605964e-02
1.42112994664285244e-02 -1.28001141644487355e-02
-4.63524960669279510e-03 1.27513087651484093e-03
-3.14777686258997625e-04 4.94400893746398291e-03
-5.19870866933623121e-03 -2.75065864591610013e-03
-1.93990558954946135e-03 -7.33721363932922453e-03
-1.51373251311295995e-03 8.45735076764115440e-03
-3.06774198035677538e-04 -3.98070758066654956e-03
4.37395468844099886e-03 1.23387021004491676e-03
2.74073542934095884e-03 1.35496046461965353e-02
2.16673190054555162e-03 2.26316698677839039e-03
-4.36069281501510076e-03 -5.23030387811832930e-03
4.67984425291828165e-03 -2.96599521367858906e-03
-1.26319208514646345e-03 8.18725437754308158e-03
5.28550010235293456e-03 -6.07815227245572966e-05
-4.03360872018868402e-03 2.79010467965583320e-03
-2.00053050142193645e-03 8.48909268456240346e-03
1.00538530198327480e-02 -7.92521594127707125e-03
-3.65178291067878532e-05 3.82223169480824885e-04
-2.32348074577788406e-03 2.45378654564889619e-03
-1.96834655075546873e-03 -4.83150894430052708e-04
-1.54769791080770812e-03 -2.48168173863431421e-03
-4.99855624115369025e-03 3.47464911695659871e-03
4.93046518498448279e-03 -1.13380378394814085e-03
1.63630304215721077e-02 3.91825409156225878e-04
-1.11686582261085691e-02 -1.25924089168642545e-03
1.03519241689082764e-02 -1.03021247494278754e-03
-4.34633858763121186e-03 -3.11621992234307988e-03
1.52881511871352169e-02 3.28261444875941255e-03
-2.89992094557148727e-03 1.48779424579699743e-02
-5.72236889717145456e-03 -7.39717130040018923e-03
7.94695597572116913e-03 3.30445318111860812e-03
9.42197517353430582e-03 -1.50256917278146079e-02
-1.77414337325510867e-02 -5.05113912514221393e-03
2.02035607010457629e-03 -5.98319386320247774e-03
2.10598696559117842e-03 3.46875830045337893e-03
4.81018380431907575e-03 1.26141461956818753e-03
2.48148240031151584e-03 6.56454966483909635e-03
4.37597557813833304e-03 -1.17758094827010015e-03
-2.12826839914284681e-03 3.44839229375105841e-03
3.52651873640890366e-03 8.13560180623113492e-03
1.19195206260253282e-02 -9.92040194341353189e-03
4.49005543386385604e-03 5.62220372686091704e-03
-3.45528991992887294e-03 -1.95222818591921314e-05
-2.58484282186208095e-03 7.18849888997055968e-03
-3.91432180824298048e-03 1.76494719002280500e-03
-1.36162727928326602e-03 -4.15085304289570037e-04
2.57794528765009764e-03 -2.87165035073298140e-04
-1.15453062889628363e-02 1.32727658298321307e-02
-5.10512941169354289e-03 -7.02941752184902367e-03
-1.14563870724408729e-02 1.47134041660311682e-03
8.86860491542309538e-03 4.53471088105056406e-03
-5.82535244166014401e-03 -4.48083042124389035e-03
1.22896540743657449e-04 -8.51965838026925819e-03
2.87005449200744989e-03 -2.16906953263679841e-03
-1.32475407340728593e-04 7.01525364871186043e-04
1.40289980500016764e-03 -6.05165846008120633e-03
-6.67666380258455068e-04 -5.35752519972417744e-03
1.25437677671648103e-03 -4.74356661252701029e-03
-6.84672426206018713e-04 4.46768586945011335e-03
7.18015874565396789e-04 -2.96653528465580735e-03
6.11684278016237822e-03 -2.96888876228379439e-04
1.02384690747569260e-03 1.61618432496165145e-03
-1.48459648670756154e-03 -8.60728822069881843e-04
-2.44259251393059811e-03 4.05862186298743769e-03
3.17809350416732887e-03 9.90549367781591713e-04
-1.09563970720264674e-03 1.60058942617511335e-03
2.13936482428775875e-04 -7.21015000972059978e-04
-1.43504789003407666e-03 -4.20354550826705002e-04
-6.49653331228808740e-04 -1.88456975983806486e-03
1.97816917722373710e-03 -1.98944405058324933e-03
-1.12288298712969479e-03 1.53988585839675272e-03
-1.97090082352880313e-03 1.55465204608374718e-03
3.89774427234663903e-03 -4.19604478766923052e-03
-6.24486745627136257e-04 1.03544198128106921e-03
3.80439626320993218e-04 1.25317341792184882e-03
-3.31697265524169994e-03 1.59854542814766645e-03
-2.13203629901337983e-04 -2.75600368453079135e-03
-2.23206993830983190e-03 -6.24235073710676237e-04
2.02651531930106129e-03 -1.66949411314958035e-04
-4.28816149786303245e-03 -7.93899277848133383e-03
-2.05348482209310752e-03 1.20210723722220282e-03
-7.78932206829691912e-04 -4.56844269326117484e-03
-4.79145683565713955e-04 2.47732162779720246e-03
2.47903770087853741e-03 -2.08225820253710040e-03
3.93610581093047519e-03 1.00790510761968846e-03
5.11989546168488061e-03 4.83602026518661909e-04
-2.69850507069726393e-03 1.57636812961733865e-03
1.68916016795402622e-03 2.92624603953009358e-03
1.14503044113371168e-02 -4.64565371513267229e-03
2.65675866922591465e-03 2.51184172516382429e-03
-3.63114225620039550e-03 1.05786971386844755e-03
-2.73342035675502512e-03 1.76872102739057202e-03
6.20558723649108955e-04 1.22818394703868954e-03
-4.19456095827759753e-04 1.40207758572553323e-03
-3.86996738738413940e-04 -2.00141380574008236e-03
6.44308177109114560e-03 5.14008133039463907e-03
-3.08055974381256760e-03 4.54455364476470582e-03
1.06132340356738684e-03 6.04712254657881285e-03
1.97305262184866142e-03 -5.26231036315718409e-03
-2.07413457752586182e-03 3.01068499865194111e-03
-4.16412135541685460e-03 9.50165840335324052e-05
1.87409701244939430e-03 -4.07248856901175956e-03
-3.43004208668614503e-04 1.74405104528915084e-03
-2.61353772476886426e-03 -2.50147762447968693e-03
-3.41066946338207941e-04 -6.46436188265995908e-03
-1.33574485891242516e-03 -2.31321528301015478e-03
1.78174288850626965e-03 3.61938984137705070e-03
-2.79187996026292141e-03 -2.28141674501210483e-04
2.71858837334881245e-03 -4.39453015540184309e-03
1.75208437118009236e-04 -4.89005634515732746e-04
-3.34575025447979540e-04 3.23628184384910835e-04
6.41883057690356001e-03 -3.79390623848911744e-03
-4.07447100753157028e-04 1.83018599196243235e-03
4.16992050455467639e-03 4.24133497622463892e-04
-2.25599136705198792e-03 -2.10444537747154180e-03
1.68192614528178165e-03 2.34915395836016476e-03
-1.02183660935784297e-03 3.28923557320221936e-03
5.23352231351110250e-03 6.16542302920642347e-03
-3.74138890558757152e-03 -1.93530941310903100e-03
1.29481170514035961e-03 -1.03959776994206753e-04
1.36919616038300024e-02 7.01002571492470496e-03
1.57648714311169687e-03 1.69277039743332162e-03
-5.80738579131537345e-03 -8.83350318884729255e-04
-1.63090620348487945e-03 -4.09882430140172654e-03
3.39450143103744040e-03 4.08796286763832891e-03
-2.79321072680754554e-03 3.69456454741244264e-03
4.41154833861235240e-04 -5.14502663307094075e-03
3.86141122508218805e-03 4.09506240315637635e-03
-5.52308425695106041e-03 1.15573516078936820e-02
-4.62729367131198646e-04 7.48974897410167526e-03
3.69412316866366214e-03 -7.68445680479337527e-03
-2.42353000760029942e-03 2.51277425918197163e-03
-3.54896014538309953e-03 -7.02043847945351697e-04
3.73640572028120354e-03 -5.29606739643138577e-03
-1.47029856980337704e-04 5.17863339654206067e-03
6.19768750671277104e-03 5.47718239888150566e-03
5.28549945374525137e-03 -1.82499403455064838e-02
6.36558178848850315e-03 2.42606274377279345e-03
-2.09349662076072128e-03 2.91108078883374564e-03
6.94258108443305963e-05 8.64069136010771170e-03
-2.49169653504640069e-03 1.57014448762552447e-03
-3.03020040319513899e-03 2.15737673140602810e-03
2.95846042459436097e-03 -3.55508959707160786e-03
-1.35900093808217336e-02 1.86203239970223269e-02
-7.92248506427385701e-03 -1.47772214426144079e-03
-1.45743928343145760e-02 5.77686227811916812e-03
1.25958304486913381e-02 1.34512810608867421e-03
-8.51435538735405631e-03 -4.54696909626074557e-03
-1.41031245392163676e-03 -1.12631422443509738e-02
1.97858861703175239e-03 -5.32249545949315533e-03
1.08088687385953061e-03 2.59256794502300738e-03
2.73623005067745581e-03 -4.33263751020302942e-03
-3.74507144044651172e-03 -1.20157786852813503e-02
2.46717775630798074e-03 -4.45443183912727723e-03
5.84684437441597947e-04 5.24830862119976538e-03
1.42440543175266911e-03 7.19560263276877460e-04
4.08873515056558303e-03 -9.71927206483482581e-04
1.57571774911806307e-03 1.00158406767740602e-03
-2.00977918961115333e-03 -2.49029777750506580e-04
3.80393126399928769e-03 1.29012958111941636e-03
3.22799104973128586e-03 1.84979091769381441e-03
2.83369771117817975e-03 2.12816355631520460e-03
-1.95546017786837759e-03 -2.51961742585324160e-03
-5.36215021094316630e-05 1.85364485929209234e-03
-1.88153499083702205e-03 1.07156068843786102e-03
1.79216488543674926e-03 -3.54362717993320770e-04
4.61485605993207089e-04 9.68990738163261179e-04
6.20979962967279937e-03 -1.11747580297421440e-03
6.24922184172116337e-04 -5.84299192047634756e-03
4.80714852339431380e-03 -1.36059843974276323e-03
-2.79670810584971893e-03 1.69814640750407019e-03
3.68559106190861560e-03 9.73955741459002033e-04
1.82712535033473841e-03 4.47915711280276029e-03
-9.52457316244774378e-04 -1.71995454134716273e-03
1.90140435143177234e-03 3.52018779934286103e-04
6.54805900378047610e-03 6.71604608849355085e-03
-7.80234412195251331e-03 -2.68393100823936586e-03
-1.36860327441284393e-03 4.54117063582289322e-03
4.54362675827618256e-03 -1.79641721480038735e-03
-2.74186664104757345e-03 2.22146316327082038e-03
-4.02989973414041077e-03 -7.10925823908228915e-04
5.65483159775547807e-04 -1.00351200787775359e-03
-5.97602010300979283e-04 -4.38664169572354490e-04
-4.42536502553785103e-03 -3.27570502569852345e-03
-6.58613300930431240e-04 1.64683605554629591e-03
-3.29706592654141961e-03 -2.08913208779286591e-03
1.80367517604665536e-03 1.59672473135768957e-03
-2.75511462687534408e-03 -3.07342864818458848e-03
2.78579293779968214e-03 -3.99504372910780645e-03
-5.17341244899975237e-05 -5.00734148114883714e-04
4.44522299892788971e-04 2.50631785561481011e-04
8.72873207221795851e-04 2.88177958595223042e-03
-1.78083694224814566e-03 -1.57905507676708249e-03
-1.02577968309237378e-03 1.21339628919885458e-03
1.55027636664389142e-03 -1.50610923502645547e-05
-1.12442782653725997e-03 2.68078974052449908e-04
-1.07826021989361779e-03 -8.04093085378436391e-04
8.61906119025024385e-04 4.90000224692549924e-04
-3.53574984021417762e-05 4.92212328406756660e-04
3.28935149722212744e-03 1.20867091743174517e-03
1.86680730586238366e-03 -2.26145931897816892e-03
2.64717401747059829e-03 7.25988438644370611e-04
-1.83179774139492378e-03 -9.62820075471863704e-05
1.56820735773858209e-03 1.41248265004451827e-03
-4.24845866379721900e-04 2.74966793356010630e-03
-1.42115715552412953e-03 1.44459287772917447e-03
9.61710819045284672e-04 -1.62982353775905546e-03
-9.86052234997537858e-03 2.85601449978249234e-03
-4.29061592186996655e-04 6.63980876095266207e-04
-5.82544293732756378e-03 -8.48511251009205860e-04
3.20761110102794379e-03 2.14390829141802635e-03
-1.74523972051947220e-03 -3.50531401470317947e-03
2.25926581998024982e-03 -4.22161652085865056e-03
1.63241521357876282e-04 -2.80612942099399670e-03
1.33736373544039895e-03 2.86931531953000260e-03
6.33845135181276050e-03 3.95485655348614979e-03
-7.17495784444783396e-04 -1.07803151971950905e-02
5.25995053818019507e-03 1.56682517378729813e-03
-1.23747421242797594e-03 6.00323718586010728e-04
3.10037455148193773e-03 6.40456390374499578e-03
-3.15687604963304494e-03 3.30546648088627998e-03
-4.03954840385278011e-04 -2.60460144768194859e-03
1.26165810509890433e-03 1.50829682729675075e-03
1.13405167233038996e-02 -2.09106429243653821e-03
-5.59892764741365227e-03 -1.39771855109602932e-03
4.17871193059398804e-03 1.68252063406298469e-03
-2.64906184016764799e-04 -2.16604542698220796e-03
1.01251679676003900e-03 3.73131748702255428e-03
-2.86262633858041030e-03 3.93798985192160209e-03
9.85519547035639248e-04 3.46027924781452790e-05
-1.34049510492508330e-03 -1.69174914827696985e-04
-4.15275644861890121e-03 2.79491347466515559e-04
3.20810284482239780e-03 2.13222828609336765e-03
-2.73939755992901003e-03 7.25688462691279437e-04
8.39041112165513645e-04 5.77777912005630054e-05
-3.71651900136863106e-03 -1.09667441346824246e-03
3.41650913409430052e-04 -3.25234822293470191e-03
1.15090086027839350e-03 3.01160749200444404e-03
-2.19463507980508432e-03 -1.95749519945723118e-03
-4.51645513162239349e-03 5.83232225585680539e-03
4.70896833224942850e-03 2.99624632512059596e-03
-1.94086161882971544e-03 2.58696663042788048e-03
5.03937302097115535e-04 -1.51842277895959448e-03
-2.17477265525802379e-03 -8.30611035843622537e-04
-7.46493298841600971e-04 -3.02599623849024273e-03
-5.97794582057962175e-03 -7.94102707458053492e-04
4.09305910707845159e-03 -1.64411502108311120e-03
1.85447957281578268e-03 -5.00064300362545577e-03
-1.56668195126003738e-02 2.82756666330804705e-03
-4.88451184230873927e-04 -4.51295680984652864e-03
3.15602327278641150e-03 -3.62005436308420804e-04
6.40113529830859708e-03 -1.99327949663586626e-03
4.70357958645662984e-04 1.38830095184386292e-03
-1.32687284817111320e-03 -1.66915159369941950e-04
1.15183881052301294e-03 4.24686479353564945e-04
-1.17470977671024473e-02 -1.01190299498929194e-02
3.15770733765833971e-03 -5.11550780730015081e-04
-2.20371451829895352e-03 -8.48912409188104337e-03
-2.28615334569513004e-03 5.91915211720693384e-03
3.43198135130480227e-03 -4.92738103797621396e-03
7.19363156888184075e-03 -2.36168068724265732e-04
-4.72114864652811630e-03 2.85144188911407416e-03
2.52610737454787241e-04 -3.62523665164677343e-03
-8.87076559593201475e-03 -1.42301182329499973e-03
-5.34448149545809024e-03 1.50759151003897630e-02
-7.88635316146027963e-03 1.14495164740787656e-04
4.30668232978491990e-03 -3.56798578981302149e-03
-2.81247308629045461e-03 -4.81977973696470340e-03
-1.33514944075862414e-03 -4.94211595414560147e-03
1.09242541462055702e-03 4.73862297039021442e-04
-2.31996463295331638e-03 9.61001252845358539e-04
2.93498552789804871e-04 -2.02557254633287213e-02
9.78098885664913445e-03 5.41606893523023311e-03
9.17225290321636334e-03 -8.72905608096473211e-03
-1.10892008433611869e-02 1.06936381611600836e-03
8.30712558910448769e-03 -9.82168514255278558e-05
5.95841088311750353e-03 7.55706301906062215e-03
-1.14904941303487352e-03 1.94800637825933527e-03
-1.23418632018923663e-03 6.62194666634429254e-04
-1.69704804323682454e-03 1.07939113136616659e-02
7.04886821609090452e-03 2.62523804135501209e-03
-5.64053406223621163e-04 8.29351132959350867e-03
-3.08725217211180990e-04 -5.21573767792245496e-03
-3.36836602845040287e-03 6.29331989580186445e-03
-8.83167476632121771e-03 -1.76831060480068316e-04
2.01640574821214001e-03 -1.41298801101240627e-03
-8.65613188479433769e-04 2.11360704498196345e-03
2.19849797982610588e-03 3.33719888224291326e-03
1.74341445649863662e-03 -5.33474198138482892e-03
5.79896147718757791e-04 2.42131521070030090e-04
-5.11364050340613885e-04 1.24626097894035468e-03
-6.81799982521182654e-04 6.09041223680401077e-04
-1.37134271180506498e-03 -1.55219658311240948e-04
-3.50248024752295361e-03 -1.46243849943763289e-03
6.13691497065225111e-04 6.35281749615909945e-04
-4.76977393555699011e-03 5.76570637102962608e-03
-2.32723043698491268e-03 1.38151333718193278e-03
-3.52652817483384848e-03 3.98775255329695492e-03
3.70965769887516075e-03 -2.94414280549660850e-03
-3.08154514564795050e-03 4.13195785291737509e-03
-6.48625116857558422e-03 -4.27919979473018706e-03
3.32751645340318130e-03 1.84187156691242903e-03
-3.69378019229729855e-03 5.95248503640277205e-04
-6.17328392643057798e-03 -9.21150517691164542e-05
1.11800652370639565e-02 -8.21561043848264162e-04
8.63140197158044319e-04 -2.53944913145832517e-03
-4.40439355039483338e-03 1.92249292203593072e-03
7.65064502801687633e-04 -1.84122478929395054e-03
1.99625061900520666e-03 -1.01164239982768907e-03
1.18098602732575209e-03 2.45091853751846578e-03
-7.00684722439138489e-05 -3.83537041891991921e-04
5.65527350101325231e-03 2.74852210230550488e-04
2.55899438193253354e-03 -1.73394526138646892e-04
4.14992785824260836e-03 2.97426370356480938e-04
-3.56974920868690640e-03 -5.35087914345590407e-04
3.56575198176741761e-03 1.50505568760818902e-04
5.88202150238662999e-04 5.64083006455113473e-03
1.31246589877298471e-03 1.61609453032191788e-03
-1.94746685300843246e-03 -6.48335977945871411e-04
-1.19357871023844449e-03 9.48552540390685183e-04
4.58025912041932267e-03 1.94285790702506539e-03
8.92742643882898034e-04 6.14095544770688461e-04
-1.69062339741858875e-03 -9.83967781867018483e-04
-9.65251152032287264e-05 1.77420120313206154e-05
-1.34819307161929001e-04 -3.25811360793588434e-04
-1.94447636066377759e-03 -1.73162033285484147e-03
4.69227321467540100e-04 1.03582005981577843e-03
-2.46977133673810566e-03 4.21149021368210242e-03
-1.29676825661647396e-03 -1.35304064500379475e-03
-1.64304304629862689e-03 2.71020234606869420e-03
2.33255625204786777e-03 -1.47822983244842916e-03
-1.96476710977790082e-03 3.65442871972172963e-03
-4.43730618057929047e-03 -2.75317675309918672e-03
4.45494753015827428e-04 -1.74260157980825206e-03
2.46623314974717979e-04 1.64284384833303159e-03
4.50786385225522470e-03 -3.12106238559276342e-03
-6.82334384449228247e-04 -2.19892942657239207e-03
2.71607283161103431e-03 -1.15562480765301788e-03
-1.65980229476847410e-03 3.91227809669098924e-04
1.49761974252134752e-03 1.26889234253203614e-03
-2.65442661440927431e-04 2.47689757544220478e-03
2.44029587723141412e-03 5.48755324062963801e-04
-2.84296808250277455e-03 -1.30381829191704565e-03
-9.32269695185501505e-03 -3.17038081087210512e-03
5.36490827793451811e-03 6.54711471422999517e-03
-6.52191001855788842e-03 -9.84695555280047912e-04
1.78592381417935200e-03 1.25709352187537487e-03
-7.35576863757380836e-03 -5.54831425797811927e-03
3.85938571632260400e-03 -7.03452210283008438e-03
3.66912994968430876e-03 3.37364072208769022e-03
-4.17018723944117577e-03 -6.09203358252784753e-04
-1.13692256409285361e-02 8.83062898393604731e-03
1.17453721989924757e-02 -1.57666467333734332e-03
-3.90137449774986735e-03 3.13604814701627817e-04
-8.49639478782503459e-04 2.01901481132239942e-03
-2.82449049384784785e-03 -3.30323690749329641e-03
8.44714964087724032e-04 -5.60215841141743689e-03
2.23488699607608679e-03 1.97792824193887030e-03
-4.68552582456081422e-04 -6.55363567466088395e-04
4.23841701232213330e-03 -2.82688889668910237e-03
2.47358291304224228e-03 1.65891044733174855e-05
3.10742050204270391e-03 -1.81003101038729056e-03
-3.26698252433110445e-03 1.11820758130062457e-03
2.70909468746682999e-03 -2.32602962208481451e-03
3.54058402463889015e-03 4.23605410421271349e-03
-1.60849740610066050e-04 -1.21229401984974429e-03
7.15964504627107927e-04 5.93105040932771842e-04
5.41256264273871652e-03 1.99419612537520821e-03
-3.57600485025256305e-03 -1.38660474360748662e-03
8.59879881696319496e-04 2.10286248308288407e-03
1.23067131417090177e-03 -1.26518116054904236e-03
-6.98749371827624816e-04 1.84586802960918931e-03
-2.26536795103050468e-03 8.25225203537916516e-04
-2.63674754168446686e-03 3.72101901296506684e-03
7.41801447513137300e-05 -1.86774575850744769e-03
-6.92373268930690576e-04 3.50222168805165495e-03
2.57297647530020299e-04 8.31746731346857775e-03
-1.08689255606791968e-03 3.21540003105325913e-03
-1.87113675523220351e-04 -4.28851154950524779e-03
5.38912185820582018e-04 3.20323037159554855e-04
-3.92223637434146923e-03 1.70348430339785253e-03
-2.13070251717039673e-03 -2.70821763493518230e-03
3.59584637984646351e-03 7.78183716640509305e-04
2.83711628673441029e-03 6.18929068970911801e-03
-1.03632142880117923e-02 -5.04041838577435047e-03
-4.14484002294643415e-03 2.61030663458415883e-03
6.36395333086090236e-03 7.59189245290639971e-04
-2.88430826088208929e-03 4.37933600920998125e-04
-2.40151443791408519e-03 -1.94594187994799649e-03
5.45926139742065539e-03 1.94987424413367409e-03
-3.71589275385870001e-03 1.01499556613801503e-03
-2.44301218608529707e-04 4.57414390685871759e-03
1.47526636316833819e-02 -1.28331633883054593e-03
1.37755169424025130e-03 4.26336849322346816e-03
-3.88563082722678029e-03 -2.31586351643414136e-04
-4.66328862602563999e-03 1.46439476912032769e-03
-3.53715529577553682e-04 5.38641690370106536e-04
-1.98289829599156619e-03 -2.57331099423231463e-03
3.51328717772918199e-03 1.91350399971885370e-03
-1.26654992062943585e-02 -2.57392620688128753e-03
-2.93971854179421802e-03 -7.83403864098200162e-03
-7.19567680850351742e-03 -7.21155997754610676e-03
3.05657125659075180e-03 8.54753344324430016e-03
3.28414122834798014e-04 -5.82242681838506318e-03
5.73368541638722903e-03 -3.47082167269549980e-03
4.10642166665060350e-03 5.79110667506119148e-04
-1.43886609512696340e-03 4.88308490122056128e-04
3.04017202929820563e-03 -2.05353635184023090e-03
5.84822935233361360e-03 -3.30495296120681542e-03
2.88011375282468075e-03 -1.28433121237823077e-03
-3.29446789331914059e-03 2.31956408166854961e-03
3.02270521632337305e-04 -1.43126953867246361e-03
3.90026077588119871e-03 2.40497352439090909e-03
-1.38070396767972395e-03 1.59075475413854306e-03
4.81514702706882210e-04 -2.10870926597841839e-03
-2.08718683353011254e-03 1.63329169740655551e-03
-1.78905421259855420e-03 3.91058292757438721e-03
-1.90747468229041876e-03 1.77784519806437362e-03
2.00610225801890404e-03 -1.60050805558888858e-03
-1.11393621286911691e-03 -4.12855161175109721e-04
-1.61823831081792780e-04 -1.43178821908756236e-03
-1.77156310479758346e-03 -8.39020796451053113e-04
1.81290035278821779e-03 1.76992279266856723e-03
6.63744153578246354e-03 5.48329232322105741e-03
-1.99705732804539597e-03 -6.36121372132448550e-03
5.00792572130924745e-03 2.91908232251177719e-03
-1.25989981099165456e-03 -1.75288391186514264e-03
4.29432606360340662e-03 6.58338815189480914e-03
-5.28398969382011096e-03 4.75482214706753493e-03
2.00011527175481376e-03 -9.70247620564509755e-04
-6.18336295104264630e-04 1.39241240192295151e-03
1.93690888142225874e-03 1.21145422001326716e-02
-7.81897395770179797e-04 -6.61679834594276935e-03
-2.79154948171329463e-03 4.28632841468015117e-03
3.49669513721864895e-03 2.13777133582639697e-04
-4.18854491635655638e-03 7.92263110924987593e-04
-4.02779491659518030e-03 -3.34115454119443631e-03
1.69005077404626438e-03 -1.03688672766914965e-03
-2.94648920647278738e-04 -1.08493332836629425e-04
-7.03203830479481417e-04 -4.84488318504217551e-03
-6.72361383383831526e-04 -1.30918497770244517e-03
-5.14686689976424504e-04 -3.50249029882386022e-03
8.05758997281484098e-05 2.84021855095666596e-03
-3.03740744157311282e-04 -3.26111388481513387e-03
4.60567774913191001e-03 -1.21670006769499721e-03
2.47365586229221501e-03 -3.06295059871152626e-04
-1.78028775656784892e-03 1.37417026744059557e-03
1.58249189316746024e-03 4.91892899322058166e-03
3.47967204537131440e-03 -3.75366166505349853e-03
5.65552152792946463e-04 1.36233578379622421e-03
-7.04546246978421452e-04 2.30914356922684095e-04
-1.24471608856465245e-03 7.17352421505845837e-04
-1.85011997455242650e-03 -7.59524960220528660e-04
-1.61966430411975568e-03 -6.08114761801494376e-04
8.64144557930906945e-04 1.16780193325639837e-03
2.17521768911401467e-03 5.12550326113293386e-03
-5.65711035581461055e-04 -2.89563147428339345e-03
1.76858266298082940e-03 3.18305942540560508e-03
7.68214598896013512e-05 -1.95614929306053061e-03
1.07621065550230909e-03 4.89823868593660793e-03
-4.89507709442109102e-03 1.42941275532455238e-03
-1.71000285438496140e-03 -2.12063726330435486e-04
1.71362945272496747e-03 -3.17005511801373774e-04
-6.51165310799526297e-03 -2.67956355841833397e-03
-1.64868063537038979e-03 -4.17891733614982985e-04
-3.20057392500638655e-03 -3.09280755980736793e-03
1.35527675132410762e-03 2.86118856804780082e-03
4.85563345967884332e-04 -2.74037477293661560e-03
3.07707035966352542e-03 -1.38988459624536350e-03
2.89698878582943979e-03 -3.46277624204910459e-03
-1.63322827873215153e-03 2.82715950300121499e-03
-2.70466259443333419e-03 3.66005401163346789e-03
6.23490543604626225e-03 -7.67980859975040710e-03
-5.89735861202922537e-04 2.37227112994071055e-03
6.44282808438924673e-04 1.67185284565072212e-03
-5.17550338159648068e-03 3.75013843598687906e-03
-1.43088579047633739e-03 -4.20983348949793140e-03
3.64034527905718894e-03 -4.13184166019721117e-04
-2.69825207496357652e-03 1.83926287543567635e-03
4.74629091950805066e-03 7.82484934701795087e-03
4.33302476869923143e-03 -4.78014572634993980e-03
1.65844341642347784e-03 3.23012414743795856e-03
-9.37319777039844837e-04 -8.78860837824748894e-04
-2.01188195474102851e-03 2.03122335410644856e-03
-3.76932515376207297e-03 -5.90853248297554517e-04
-7.57148068695664847e-04 -2.48560278220604641e-03
-3.95819376526965151e-04 1.23114270871186021e-03
-5.12200683021514763e-03 3.28513261237266523e-03
4.92677253811353729e-04 -1.53010597519797459e-03
-3.30688795714982955e-03 2.24642259541996169e-03
2.97482325991401840e-03 -4.25814837488340883e-04
-4.45500052168061860e-03 2.57003374171991704e-03
-3.10451263861849036e-03 -5.29373410242494312e-03
2.18970078359691537e-03 1.08984254883387499e-03
-2.33638194517985778e-03 2.81110369418539159e-04
-1.59485763595634909e-03 2.15826242226080161e-03
5.85876404398946206e-03 -5.70255778157186888e-04
7.00236363234223538e-04 1.54608408102874961e-04
-1.97177276516121401e-03 1.03546490700419928e-04
-3.23113420813509616e-04 -2.26254207538716334e-04
-2.09034105751805456e-04 -7.18169760678410724e-04
1.31285651354863444e-03 1.23711143569071500e-03
-1.33759942027132845e-04 -1.57781929241403661e-03
6.76671134909111985e-04 -6.72025657684052063e-03
-1.44451289769022707e-03 2.78912131319812443e-03
-6.75699067439105871e-06 -4.50154555122629120e-03
-1.04152930479050406e-03 2.19362862696077885e-03
1.70811303547822066e-03 -5.61405445725054499e-03
5.98864997471249601e-03 1.13905513858661802e-03
-9.65407290933419820e-05 3.44724864036737499e-03
-1.72291707385580648e-03 -2.40213420701350551e-03
-9.13945935952145683e-03 -4.23504161310422726e-03
6.76605069423732910e-03 6.22806314756046975e-03
-7.58271261757161334e-04 -2.63573834892795933e-03
-2.56710015480735368e-03 3.27787668433131177e-04
1.36535421650094721e-03 -2.76839774847480354e-03
3.77964240473285503e-03 -1.09079007147118282e-03
-4.28786339695960347e-03 -2.58578620564415315e-04
1.90221311063043150e-03 -5.70677745552478056e-04
-9.87189031005713917e-04 1.60135588201407446e-03
-6.83224777806595157e-03 2.75696431701941873e-03
-1.51660633354925526e-03 8.09167379548282519e-04
2.59181696261471823e-03 -2.29312810643881584e-03
1.46920315487390719e-03 1.50484988847312358e-03
-3.64249656091827608e-03 -6.33850091320971440e-04
4.47023708763639310e-04 2.53939794338425666e-03
-1.76034768405319668e-03 -1.72895130474674938e-03
-3.28356715379704307e-03 -1.43385047068351275e-03
4.74769847538381203e-03 4.83148920707498000e-03
6.75318934623821317e-04 -1.01087080632577305e-04
-1.96810375003822350e-03 -1.29998813241920925e-03
5.47087206803630022e-04 -6.26366746630015354e-04
1.07447140131528506e-03 -2.45406117025838281e-04
-2.09204654964104597e-03 -1.92929570765063897e-03
7.82977956308749659e-04 2.09912316813413947e-03
4.45163278219213015e-04 7.85723918073567666e-03
-3.23194983423152695e-05 -4.61655429197542228e-03
8.10091929126954065e-04 4.97713096724972104e-03
1.30585170266328131e-03 -2.47745582870788046e-03
-8.01361758367667276e-04 7.27211056863676531e-03
-7.35076666282197689e-03 -6.14442418433632019e-04
3.12544675442116664e-03 -2.97039265203897975e-03
-1.15369412883810384e-03 3.82110712598836885e-03
7.15195584062680752e-03 3.31372199337783783e-03
1.63734767541851142e-03 -8.35596151806500959e-03
2.88155949111637815e-03 4.44131628145811306e-04
-1.62478089578485226e-03 1.23425312017308550e-03
-2.35593309942765550e-04 2.18795290230143621e-03
-2.73848388605279656e-03 1.50005053536793722e-03
5.29547545648895342e-03 2.89053799892918491e-03
-1.45017296729794357e-03 -1.09849751537950354e-03
6.11156704637312673e-03 -7.04964841218479622e-03
5.43488751668030814e-03 -5.30179046078381650e-04
4.64850238586077876e-03 -4.55820406847075223e-03
-5.63141249223055463e-03 3.47206672435727793e-03
3.45843473552813951e-03 -5.76729409191854316e-03
8.56675435883462282e-03 5.99762106684595571e-03
-4.71076699870027690e-03 -3.08493415097681493e-03
5.54908909015701477e-03 -2.57465629936004796e-04
6.19302469790041291e-03 -7.05371012105447605e-04
-1.53340016484076087e-02 -6.07100980349222440e-04
-2.20902185775936509e-03 1.85609206657539314e-03
6.19530574532579491e-03 -8.78892786017194949e-04
-7.84167004085479461e-04 1.45354575405801122e-03
-1.56490679086956908e-03 9.36644209569629160e-04
-9.49827409994702778e-04 -3.37862447649980250e-03
-6.68885868058009591e-05 6.51104472134975761e-04
-7.09067839213876200e-03 -8.62670896776656466e-04
-2.78357724551420941e-03 -5.84742928718208423e-04
-5.10497021111894385e-03 -7.68882728232540163e-04
4.35878344296488675e-03 1.23111393249094952e-03
-4.68663822362022815e-03 -4.32289669831212504e-04
-6.25138432329204761e-05 -7.27498576685546485e-03
-1.93207479379697952e-03 -2.11386760204830852e-03
2.73043803511939347e-03 7.62198950497859845e-04
1.16924025364424687e-03 -1.59604387010359476e-03
-6.27751240526066602e-03 -2.38121134386067718e-03
-1.36789280683756258e-03 -1.01102572634786513e-03
2.33497492424177217e-03 1.41410853634973380e-03
2.00628707283860173e-04 -1.92085707193692537e-04
4.12526732541081533e-04 3.86494145762564701e-04
3.01008220604438888e-03 2.70884804355765122e-03
-8.02133956788935744e-04 -1.59185486160812488e-03
3.59136162899330487e-03 -6.26389033768021391e-03
2.26571626680248687e-03 2.23342839815480684e-03
2.40053539387841521e-03 -3.98136545770959652e-03
-3.56103367497609055e-03 2.17461155556178528e-03
2.80396815777322200e-03 -5.55392687515851233e-03
6.67408472456256213e-03 4.09952585258217903e-03
-7.38344104846794594e-04 2.15722736615781658e-03
-1.77801685079253554e-04 -2.13704668497962432e-03
-5.29681314960299583e-03 3.42591002277398918e-03
4.79843453685311141e-04 3.10583833746087747e-03
-3.21586135134694804e-03 1.43980538032860016e-03
2.05776390667203237e-03 -6.59375097869057281e-04
-1.72685534325219101e-03 -1.47249310762705447e-03
3.51797204938839600e-04 -2.86620051371634394e-03
-3.36141542038661482e-03 -1.77804494306396291e-04
3.66654112638464293e-03 1.69611936028571104e-03
1.27454214368459551e-02 5.44109615413843149e-03
-6.22560171047596787e-03 -8.16728832376735492e-03
8.97134851796544883e-03 2.27364914392046450e-03
-2.73893650896819699e-03 -2.39918814614045999e-03
9.81909283048511619e-03 8.03809353497711258e-03
-6.10591146510949812e-03 9.93466429527185835e-03
-5.28563525653289682e-03 -5.06845463876449791e-03
6.22465028856173611e-03 9.82698203004487951e-04
1.64449408309803556e-02 -1.08143954830226732e-02
-1.77747166503680713e-02 1.31036961466349786e-03
4.80359310295316953e-03 2.29116769036211414e-04
2.19730905702622071e-03 -2.81272971988362269e-03
3.32236438453766686e-03 4.76413533198484854e-03
-1.77037839113010614e-03 7.40163180609679661e-03
-1.99402612584861525e-03 -3.08821514671923708e-03
3.26844510749396678e-04 1.09527750146871266e-03
-5.66658216506801295e-03 2.63278776068658592e-03
-2.54163178669007152e-03 -1.23520362956598055e-03
-4.00048856886131305e-03 1.57993207825803052e-03
4.10464736345583781e-03 -4.53279342780683945e-04
-3.96206886272354973e-03 2.44520228653576305e-03
-3.32435987796646454e-03 -5.97065989168347588e-03
1.47426513553932054e-04 1.37777119426136965e-03
-8.72869044161746059e-04 -7.11569404671204969e-04
-5.15096361768535571e-03 -3.20667558297483245e-03
4.04205510852011403e-03 2.18904433619957579e-03
-2.04698325148451604e-04 -2.38474879898561455e-03
-1.86691796915566680e-03 1.01628775650872160e-03
1.17496476684814197e-03 -1.71937039767685739e-03
2.50087307630635775e-03 -3.11050980543558619e-04
3.89473049035678328e-03 -2.94336680145730481e-03
-7.66485147680643448e-04 1.68372287892261624e-03
1.06482484083671842e-03 -3.97564772351475387e-03
2.21662863905349459e-03 -7.86811772990870031e-03
1.52760392604493690e-03 -3.30071554336138938e-03
-9.01140469735221133e-04 4.59878584601604388e-03
-8.33984517478112623e-04 -1.17693878801857746e-03
5.03772882998921624e-03 -1.06500717355334225e-03
1.74766429401707730e-03 3.88594023747417840e-03
-3.93063122342327247e-03 -2.00691497150432691e-03
-2.88800184073790406e-03 -6.41215559218910169e-03
1.06446721517055448e-02 8.21373779096475770e-03
4.44852144832354017e-03 -1.61707628800423879e-03
-6.44218002516581088e-03 -2.30931947497671833e-03
2.82993525613386542e-03 -1.56487777877728100e-04
2.21297348134074810e-03 1.98870138378298656e-03
-5.39309896370899610e-03 -3.19942542660205456e-03
4.09457868647365112e-03 -2.06940784841820461e-04
1.17508322229878501e-03 -4.25777743182159923e-03
-1.55472966449732384e-02 -1.81910326401680394e-03
-5.46677340058184923e-04 -4.41333740721571149e-03
4.05487854906503870e-03 8.64305780065135858e-04
5.07663253511852260e-03 -1.99694821653176042e-04
6.41763809550844033e-05 -5.23246682731201324e-04
1.72779160690173786e-03 3.36085228423459127e-03
-3.49396918625772971e-03 -2.83505171748553138e-03
1.17308991431688114e-02 6.31413952280391634e-03
2.04951771068255561e-03 8.64919850027981614e-03
5.48403792160284589e-03 9.19532186109588492e-03
-1.21660077003684611e-03 -9.42357777020780968e-03
-1.92087428464915964e-03 5.72709145991585726e-03
-6.71342669427887027e-03 1.84507553062318651e-03
-4.32949542239920420e-03 -1.48900633154331295e-03
1.87928950811435042e-03 -1.41299607765503265e-04
-2.65380162158094244e-03 1.47742671575825648e-03
-7.40387703186689682e-03 1.65496671161538154e-03
-2.63045651941750704e-03 5.98978275766437148e-04
3.70638958057610936e-03 -1.72220796840141235e-03
1.84614356168870592e-04 1.71057156362424399e-03
-3.64045032401058653e-03 -2.59799441035636364e-03
1.70464147149876582e-03 -1.58301211499118169e-03
-8.19413673365166750e-04 2.24427375289629628e-03
3.00764579287694008e-03 -1.92855833645792394e-03
2.42179230960461959e-03 -3.80636883125917182e-03
2.67942309932507486e-03 -1.68427871029577358e-03
-2.60722194855956451e-03 1.29831378015624554e-03
1.33437986733585538e-03 7.84811409198941825e-04
-6.26583728164981953e-05 1.88394566633266172e-03
2.92220684571543616e-03 4.88604064325822741e-03
-1.00819296702406021e-03 -5.32102711653718863e-03
-1.07163931249950684e-03 -1.73455419659021073e-02
-2.63091212625869405e-03 1.26010872036604743e-02
-2.30709158854379816e-03 -1.09943913768364692e-02
-2.22351966665698328e-03 4.42260055668919176e-03
2.83272290662744649e-03 -1.62875646755581312e-02
1.53249474294927003e-02 1.74459587677063162e-03
-4.69870107902164904e-03 -2.55775741151771738e-03
3.92301572969542579e-03 -4.04421826490018971e-04
1.40025962501034058e-02 -1.95925852412687021e-02
-1.04447736158654655e-02 8.12796880002354671e-03
8.83014693797888779e-03 -2.79065525887686695e-03
-3.45549902025829060e-03 -3.92076440445790920e-03
6.82604935131322487e-03 4.33942326105739382e-03
1.23933197165386672e-03 1.00385631310478899e-02
-3.49139596569674219e-03 -7.55871508664225731e-04
1.31197690713813481e-04 1.83582888271643908e-04
-6.29351036505828784e-03 6.10744139155501315e-03
-1.16593607081537549e-03 3.63691446743411115e-03
-4.64655649989099973e-03 4.54541759093603833e-03
3.88853930154590185e-03 -3.50863778451443453e-03
-4.21730998424926524e-03 3.50808450186837657e-03
-6.67844744973005063e-03 -5.05335784566873000e-03
-4.77517515899190687e-03 -3.11987601396943948e-03
5.24385130316547005e-03 2.54944527344550681e-04
3.26944316470478315e-03 -9.88427005952430791e-03
-1.16618479595169966e-02 7.33498813256002651e-04
8.10768427351983648e-05 -3.24713275602800562e-03
2.15093430517897949e-03 1.14582451327921117e-03
2.79317432057928213e-03 1.18368232540136685e-04
2.23361783952841751e-03 3.31171095047752160e-03
2.10022495443111653e-03 4.10448658608486127e-03
6.54171361872920757e-05 -3.21675906967424426e-03
4.92335069147674474e-03 -1.06987945575441560e-02
-1.83699577474964607e-03 5.79873933880922961e-03
2.57256013159069341e-03 -7.06777448357078647e-03
-3.86242557452924152e-03 2.61382124672811982e-03
5.74342638424087462e-03 -9.17467422755086082e-03
9.66543565044619343e-03 5.97062554724027850e-03
1.53412772772682166e-03 3.06286811645029196e-03
-2.50187161399360869e-03 -2.40465727688865755e-03
2.50804491448232631e-03 1.19393413547553458e-02
1.79248196384707622e-03 3.57044662946499501e-03
-9.87752428065891055e-04 7.84235423197437304e-03
2.41261199985830146e-03 -5.16351961523198958e-03
-4.36726279988047719e-03 2.09085694075688807e-03
-5.06529350304443619e-03 -2.99598380775739203e-03
-9.33943575536722893e-03 7.73667086296568650e-04
6.59049269374357462e-03 -7.91728665944174161e-04
1.14499732084523895e-02 2.35111911898101041e-03
-1.84954402914080558e-02 -4.56075120415193563e-04
6.25211212937641474e-03 -1.41804704923334019e-04
6.07763459085428081e-04 -4.49857967929258307e-03
1.35711384551623314e-02 5.45912220979843585e-03
-6.98372696656169266e-03 9.86417275956807081e-03
-6.19610739634414778e-03 -6.30523626974687466e-03
7.64477282752059478e-03 2.15686260803649036e-03
9.54852751785178859e-03 -1.68846084491790435e-02
-1.72448218861690587e-02 -1.51956869400185295e-03
2.93602300876484156e-03 -5.65396281984638892e-03
1.38366597703911071e-03 2.01929858292226958e-03
5.39210501963762259e-03 1.55830442022547068e-03
2.73012179384730068e-03 7.22402457408186875e-03
-2.10921684412097778e-04 6.07384689200718333e-03
1.43893816955851183e-03 -2.53329705483535663e-03
1.20766431834843802e-02 -3.04182247385560234e-03
-1.53573831789707437e-03 4.11269546466401601e-03
7.79495827093321277e-03 -2.03617864207652089e-03
-6.34061967760823474e-03 -1.53492362809064665e-03
1.04353462534413008e-02 -2.55265393167551386e-03
2.59313062722493900e-03 1.27162965890139298e-02
-3.68662049805905346e-03 -3.06602792586405321e-03
4.70415118314678003e-03 4.89107487212108133e-04
3.31558612655049245e-03 -1.71012556655909288e-03
-1.18280621469887305e-02 -2.22428803791034158e-03
-2.23294066860775129e-03 -1.59509457154553721e-04
4.65407237190088724e-03 9.07075237112213570e-04
-1.66031712680060633e-04 3.29466000598531200e-04
-1.86304220093525799e-04 6.55725259606691410e-04
-3.85012059890497103e-03 -5.08975294527430275e-03
6.27906470155714723e-04 3.33168135154801636e-03
-6.66073048703967954e-03 1.15056229292686673e-02
-1.09140849994189787e-03 -5.45946652907395961e-03
-4.05183049163696744e-03 7.43560342962250407e-03
5.72918917881437301e-03 -3.21113236336952263e-03
-6.25093193653427238e-03 1.00734692943709146e-02
-1.13264393783291707e-02 -7.73939911866628610e-03
2.78911749378833729e-03 -7.32455414707082128e-03
1.82762968265451375e-03 6.87898085937410034e-03
1.16950313968319768e-02 1.12817995969792511e-02
-7.06094692182104335e-03 -1.88324604108437085e-02
-5.59155402641257665e-04 2.35986085490569623e-03
3.88155550028516320e-03 3.76798098812917938e-03
-3.25113230606777562e-03 2.95367397877188860e-03
-5.83924380291005792e-03 -2.66492382428077984e-04
6.33233587378242025e-03 5.13281434688221769e-03
-3.77163106769860942e-03 -2.13049313090780436e-03
5.02123384169810591e-04 -4.67588673195219132e-03
1.21142034835866660e-02 6.09585875275832096e-03
8.87720763704982979e-04 -1.66367451782744018e-03
-5.40156890630066368e-03 1.61263216286243374e-03
-1.70414286786825433e-03 -7.13317920869011631e-03
7.46804692478180744e-03 2.85584379310560013e-03
1.86484556861221413e-03 -5.07336430761197704e-03
8.18945785290063730e-04 5.06206685155078436e-03
8.35059331219505270e-03 -1.35608047598485067e-03
-2.01854673431560482e-03 -1.05282344095543323e-02
3.26608543199966234e-03 -2.18183134837224638e-03
-1.56240624278161395e-03 3.08903604776848651e-03
1.35715068936750785e-03 1.96924887651906333e-03
-1.36161439335704695e-03 3.12879647154079218e-03
1.35624738547404254e-03 6.45939061195695188e-03
1.11553207597174146e-04 -4.89554615724181134e-03
4.94921690411038485e-03 -1.23102107444657306e-02
-2.69269547217608051e-03 1.11602753313702948e-02
2.04226930714827793e-03 -7.75008216571840009e-03
-4.39219651840168975e-03 1.59326123503100844e-03
6.92905666653071371e-03 -1.17305025597393680e-02
1.06571754998579325e-02 7.35575200102442546e-03
-8.48341334671534088e-03 2.55732869153499310e-03
5.66025120242907159e-03 -5.92412644992950949e-03
-1.03245701557322933e-02 -1.27750202989388752e-02
-1.06413516336388500e-02 1.37416779704567869e-02
-4.96046114518200725e-03 -3.62430959370780171e-03
4.10389293620744538e-03 -6.24922748806739791e-04
2.48580170219411811e-03 -3.90538539337070530e-03
6.53287067730337276e-03 -2.68377907920200321e-04
3.23088719945966200e-04 -4.94984424667817627e-03
1.74898150472290142e-03 1.22873136584312993e-03
5.97207226682402548e-04 -7.48047878967192034e-03
-8.12994846823097972e-03 -7.81815800319519104e-03
1.86152497710556717e-04 -6.56661266142147433e-03
2.19575483496395503e-03 5.26780629289266486e-03
1.82341434613427942e-03 -2.23140527127531395e-03
5.62844740680948450e-03 -2.30865607612081806e-03
-1.84570966022795657e-03 3.20354335194554009e-03
-5.40837391646895862e-04 -4.40371361855299709e-03
1.02750647466557880e-02 7.36940659202742036e-04
-4.26105732093165577e-03 1.25511837256616042e-02
4.14504206211976488e-03 7.74387749806194296e-03
6.96599349136374437e-04 -9.52381522785208934e-03
-7.03034145848894544e-04 4.89145614162881260e-03
-4.66746104411244495e-03 2.60236985138748069e-03
-3.78931267170121849e-03 -8.11123033183645901e-04
8.02982730646997051e-04 -8.78717877332791183e-05
-4.71338764417726912e-03 4.04852009554771634e-03
-3.59831669790620316e-03 3.24099993909506391e-03
-3.78656729598938167e-03 2.86324838482359409e-03
3.66545974903814686e-03 -2.82626012947738208e-03
-2.30760660333202824e-03 2.52136127983257526e-03
-5.26620815839668171e-03 -3.84919934474900905e-03
-5.95481773715479516e-04 -2.70899145102556133e-05
4.51018415793524039e-04 -4.00733643141520685e-04
1.89912245278963288e-03 -2.00681050467574915e-04
-1.84926495830238101e-03 1.17803464789718046e-03
4.16930351726764827e-04 9.11533839544189121e-04
5.12634213008215868e-04 -1.07347513752398672e-03
-3.85381740789177805e-05 7.25634342927688916e-04
-6.50007912106940079e-04 5.19707928010934702e-04
4.54270653018771367e-05 -2.12982155321269837e-03
2.07706751783031328e-04 6.57749918779343846e-04
-1.84742643703405488e-03 -1.34213196427091213e-03
-1.81450447197873841e-03 -2.37768899215738076e-03
-1.26768024485277150e-03 -1.26621010450923333e-03
1.58517770765083301e-03 1.47244992641494890e-03
-1.22399043116440875e-03 -1.80200181782789358e-04
9.27938893051446709e-04 -2.61614112456731674e-03
1.16408291617678297e-03 1.98739657445738032e-03
-1.64308085612500173e-03 -1.20413872816515859e-03
-2.64527383294471631e-03 7.02640519266343501e-03
2.90396321044913150e-03 8.93902204872865222e-04
-2.06370524270154320e-03 3.02038409258771883e-03
1.31034531787432395e-03 -1.22200759509249958e-03
-2.57732589871898909e-03 -3.40434001214204058e-04
-1.55240839168947460e-03 -2.94215836015181880e-03
-1.07235887858951975e-03 -1.36078843719981881e-03
2.60450323653958976e-03 -5.17630503919634037e-04
5.11198715305815569e-03 -7.80084110580051438e-03
-9.69163257585995731e-03 -3.12607687750775243e-03
2.76172688167814276e-03 -6.55167736733303346e-03
-9.71035874286768229e-05 3.16435518737316276e-03
6.45679071660121718e-03 -3.27616156370120039e-03
5.31579305737079656e-03 3.27219980780776246e-03
-2.05084158308071682e-03 2.39068202556692649e-03
-2.03303335259980152e-04 -2.53344077728165059e-03
-2.89239984987406384e-03 -1.41051516208038526e-02
2.89643970226453841e-03 1.02091549695415614e-02
3.77568311041792670e-03 -4.36436787109106394e-03
-4.84641665384224953e-03 -1.39597568133187572e-03
4.89588184529984437e-03 -8.27532732802894067e-04
4.65826922405926380e-03 3.82640180775613336e-03
-4.34070870034678619e-03 9.67382470720209151e-04
1.59720856366943396e-03 -5.50696603618093918e-04
1.37377550963997539e-04 4.45935444979697788e-03
-4.43674393027458733e-03 3.53732858464158792e-03
-5.41375947073989626e-04 3.03333888392203280e-03
1.55128743267909062e-03 -3.84759550100265742e-03
1.63885161182269925e-03 3.14589901243747657e-03
-5.79396586183824041e-03 9.09846624470482881e-04
9.61133829092695785e-05 3.35748898200305716e-04
-4.89926451042049668e-05 1.20943010263376287e-04
-6.31073940037815435e-03 -4.36731814281676690e-04
2.30750776536090777e-03 -1.32249109111725227e-03
-2.31462890346868138e-03 -2.44954361253110677e-03
-2.18863878787187647e-05 2.63250197133484132e-03
7.59537499626639746e-05 -2.41495718591957630e-03
2.30167205772291482e-03 -1.70475945151671846e-03
4.65458699100283388e-04 -7.19272681270233423e-03
1.09966292180190364e-03 3.38872219510161004e-03
-1.65951644973090723e-03 -1.21635857447000375e-03
-4.54769189054569836e-03 -1.23183306322756717e-02
-5.61930442566891970e-04 -2.32921534060306521e-03
3.45823054901821508e-03 4.27795597729139620e-03
-1.91575327225750134e-03 3.06989585343730650e-03
7.29141292407202391e-04 -5.31152788890974087e-03
4.70891413043189599e-03 -3.23511862715867942e-04
-4.07110885767833323e-03 3.12924768004478300e-03
-1.33959926319794274e-03 -3.72792086812197450e-03
1.24034627754245601e-02 -4.63675200995572120e-03
4.47071892668345332e-03 -4.55086267668182876e-03
-7.31770391722778336e-03 3.06377842405223177e-03
2.73356902743812679e-03 -5.34508284802755001e-04
1.91468112608891936e-03 1.92011864425644199e-03
-6.17638949904266224e-03 1.44290872200116536e-03
3.32971314137443363e-03 -3.41617561550623975e-03
-9.78721784299963187e-04 -6.59757796074312512e-03
-1.47515762369109966e-02 9.51746096772753368e-03
-2.93664608326365878e-03 -4.87668095338248449e-03
3.34080743371525284e-03 -1.24863394092397943e-03
5.15476235346324762e-03 -5.31902986387779077e-03
1.73463655788047024e-03 4.62466527219928007e-04
3.72803431102406877e-03 4.80188702865487699e-04
-4.47480591004090385e-03 7.49468042947261837e-04
1.96965540806728866e-02 -3.77957122927688330e-03
5.43891143389621089e-03 5.28519406763933424e-03
1.31370333555029736e-02 4.77836128762097311e-03
-7.87279335732646475e-03 -8.20004895226809742e-03
2.85699845063973812e-03 7.97705597613602817e-03
-5.77208159168780474e-03 8.11779924439074568e-03
-4.57575469505323070e-03 2.37791828681696571e-03
9.98066964555648821e-04 -2.38068735468426398e-03
-3.83635520689967801e-03 1.03481149767774738e-03
-5.12578734251395267e-03 9.99094637745954160e-03
-3.93223548406370325e-03 1.27526435742143893e-03
2.60188095871593302e-03 -3.77983749936315052e-03
1.11458054065508878e-05 -1.32623516125840988e-03
-3.18168634790524539e-03 -1.33847122796723443e-03
-3.41951785204689361e-04 -1.74847361446835549e-03
1.14313194431138660e-03 1.57030378725306319e-03
-1.76186003553477659e-03 -3.68394417032024595e-03
-7.32114288733497903e-04 -3.44910071227429171e-03
-3.76689499128883771e-04 -3.50825175624228146e-03
-5.43659865464192656e-04 3.09600204904510049e-03
1.39526191394369337e-03 -1.24702743970917331e-03
2.09572840633907029e-03 6.23150152076445236e-04
9.84809761416378417e-04 -1.01686435157120067e-03
-2.93016702949595127e-03 -1.07137691513072095e-03
-1.46641806692337732e-02 -1.74851376762790410e-03
3.98506312466586059e-03 7.88242520835544941e-03
-1.04251543168387591e-02 9.15986656546360120e-05
4.92527144925230219e-03 6.59580927174675683e-04
-1.09053856983562774e-02 -4.89722643083806766e-03
1.86045383083925566e-03 -1.19378461540133960e-02
-1.09782418171274539e-03 3.83985457566371957e-03
-1.60913694109680004e-03 -2.66520018866813401e-03
-1.22013516890452783e-02 -1.64164292591222997e-02
9.67925635453115683e-03 1.01792390403265681e-02
2.10080172870686808e-03 -8.31570855692748308e-03
-7.02474732761537105e-03 1.74220376763687432e-03
5.85540330776889145e-03 -4.13057605668683443e-03
8.39938828903406820e-03 2.12105387510158616e-03
-1.64699598735471519e-03 2.72448050295767729e-03
5.83145723774695641e-04 2.64358620088821726e-04
5.60914804678365898e-03 7.54921128605965611e-03
2.42722805690099653e-03 3.47286531994172383e-04
4.17788431942414922e-03 5.34439821450095800e-03
-2.62200772642913775e-03 -4.31621872198515843e-03
3.26367450359048294e-03 5.56373064477905851e-03
-6.56822163159537231e-03 5.92306520983269021e-03
-2.23270007228194541e-03 2.50004635231668680e-03
4.50704335353869525e-04 -2.93949954537677839e-03
-5.09839345118316255e-03 -5.49321952963383042e-03
2.24638090714475035e-04 7.66110806911272750e-03
-6.56166705008659761e-04 -1.36751099587480618e-03
-4.52470769400771132e-04 -1.13022547640591895e-03
1.40235588983345441e-03 -1.52584717172287495e-03
2.81740809210909897e-03 7.51732407300876449e-05
1.50335655825286859e-03 -1.08047125271708657e-03
-1.48729174630985546e-03 -8.47362850339218035e-04
-7.55624620094134947e-03 -5.03413406644774835e-03
7.12885271543003702e-04 3.45963806862001431e-03
-5.50944384639113702e-03 -2.96993971448663218e-03
2.49779730418470819e-03 2.44019532207919712e-03
-5.12765535154756195e-03 -5.29027104531591425e-03
4.66230904077422591e-03 -6.50962704224475591e-03
3.26028501572949705e-03 -1.40125393216207982e-03
-2.66186551353004468e-03 2.26153723126047441e-03
1.49281579711808415e-02 -6.14126790852317981e-04
2.74619942262740654e-03 -1.14065726055799662e-03
8.60123908161182851e-03 2.99214511876606890e-03
-4.76544844790990994e-03 -4.03847054889215195e-03
1.44675265670612323e-03 5.62562429918225283e-03
-4.64894742472525112e-03 5.34833179448616219e-03
-1.38411778131243340e-03 7.09868057857795075e-03
-2.66470548279753238e-04 -6.09759031639613407e-03
-2.40330723353652685e-03 -9.99082789388743009e-03
-3.75826938796417539e-03 1.86542985347513228e-02
-3.71343169905113697e-03 -5.43134082251758334e-03
-9.09507817979256315e-04 -1.12489281569623490e-03
2.68854498664727968e-03 -1.22310793034255006e-02
7.40313095265272749e-03 2.21013379469511698e-03
-3.80333281008629663e-03 4.70773290333155806e-03
9.93995682781946988e-04 -4.99811987519511482e-03
-1.78766630149114411e-02 -6.84027077642854198e-03
2.33701207399833336e-03 1.03722397823908744e-02
-5.84507070916128607e-03 -4.49168515034140473e-03
8.56917157166508766e-04 1.67545864740664273e-03
1.19443768534709615e-03 -6.05368178430812278e-03
7.20922814984413778e-03 -3.52882960852913315e-03
2.28662956862204017e-03 1.15421600807189624e-03
-9.67930406620947780e-05 -1.05699182390717097e-03
3.36995261874506501e-03 -6.71215059108508198e-03
-4.22190934066095868e-04 1.03348687302126251e-04
2.16964583589763886e-03 -4.70935036040556927e-03
-2.41645854613705335e-03 2.82011697146334825e-03
3.05762343921932430e-03 -4.89764065715227962e-03
6.51859478681720943e-03 3.11279128733926713e-03
-2.84954511568267718e-03 -7.75612720875556256e-04
2.47271611474192106e-03 -8.42987350928828976e-04
2.87850358701913179e-03 -6.04497281669751259e-03
-6.13390859697769686e-03 3.36179679018357418e-03
1.00486858965690264e-03 -7.69136187522487572e-04
7.38873595681309534e-04 -1.08185576053153017e-03
1.69536506011706725e-03 7.30033633235384425e-04
8.23911285252839232e-04 2.35590170616235177e-03
9.42163105598900052e-04 1.88364184953483497e-03
-1.09722174906506822e-03 1.30047827248684026e-03
3.54029762863672468e-03 8.90059773996649574e-03
8.17665307187619497e-03 -2.01015823621028718e-03
3.50524858259688423e-03 6.56699663282439040e-03
-3.01235234431283675e-03 -3.34098887099351215e-03
-3.25054834549675915e-04 6.21570037331265098e-03
-6.21927184611663179e-03 3.69532259728173884e-03
-2.33601169125812781e-03 -2.55600754097581612e-03
3.03639444221317969e-03 -6.55086167097487223e-05
1.59099657298808865e-02 3.32605459827517826e-03
-1.31118934937339855e-02 6.55537744897236540e-04
2.50854948488585944e-03 6.72896752536144595e-03
4.32817741833108668e-03 -5.47093078967542199e-03
-1.56505815327124794e-03 5.59133001691949471e-03
-6.23057832882130836e-03 2.97771134943910533e-03
7.09188508599860410e-03 -4.28252446861237656e-03
-2.00691037775218434e-03 4.14760620425029362e-03
3.88559601220154994e-03 2.96041629129920774e-04
9.37823318995224635e-03 -1.57088233002768904e-02
4.85612802525793759e-03 -5.35700085586616960e-04
-3.20202800676367208e-03 5.41057163935812144e-03
-2.12643546811340425e-03 3.22519127889951945e-03
3.44648198113097978e-03 1.49886544408727660e-04
-3.07034262005676569e-03 -2.26834831056745402e-03
4.45413959622711561e-03 -1.17697276650163520e-04
1.33894657134104553e-04 9.59261628588212005e-03
-1.26242324080220545e-02 -4.91522758618076917e-03
-7.19185474199103211e-03 3.79794377788787111e-03
9.14292689884056362e-03 9.00719554109900020e-04
-4.55435268239076738e-03 -4.78825089766782329e-04
-2.61440621838546347e-03 -4.16031257742789304e-03
4.48848255284457504e-03 -9.37356120777909675e-04
-1.71851514244486850e-03 -1.35272504596216999e-03
-4.37664516915967344e-03 -1.22300862815566038e-02
6.07744154586427224e-04 1.46112996070819467e-03
-3.27326915458611700e-03 -8.17393889930008964e-03
2.36031983939615322e-04 6.23118659778653002e-03
-2.62059676420710970e-03 -1.00406397316471427e-02
1.18799010791770122e-02 -4.15854377250692020e-03
-1.45813952811097900e-03 5.81617941421368797e-03
-1.53677904663863983e-03 -5.37715869529594402e-03
-1.01252019140907756e-02 1.13799556522533956e-03
4.20836488698389348e-03 1.13630154780333566e-02
-3.28053123710348631e-03 1.79379479804532300e-03
8.00796150155946808e-04 -2.99446179240289581e-03
-1.22591302411493045e-03 -2.45525594723942355e-03
1.92201972893863652e-03 -3.47633437845953170e-03
-1.10677788937223512e-03 -2.66693289223795095e-03
2.59628482707646886e-03 1.54483730749846665e-03
6.87286797152363883e-03 -1.42497818066429963e-03
-6.80843136327591997e-03 -8.49555305653204411e-03
4.78985450429675243e-03 -2.44516189596433176e-03
-4.91354416464891922e-04 1.81200869333551068e-03
5.81235895149632541e-03 2.68634701975109134e-03
2.96306656125551167e-04 3.88584721931673361e-03
1.20791497260683696e-04 4.76237301322368980e-04
-2.00073767599803185e-04 -1.23033239186818417e-03
9.35506746894517079e-03 9.83432458280709618e-03
-5.00412255676571834e-03 1.63654842117557124e-03
4.74782957215301796e-04 8.23185407049055982e-03
3.67310064566754579e-03 -5.61618491697482916e-03
-3.70279463281077484e-03 4.01946823832454760e-03
-6.39024000052981073e-03 -6.25498576235646812e-04
-1.13516201880994915e-03 -2.17218111850206019e-03
4.49398873363792198e-04 4.93625402625357240e-05
-4.19192107572101923e-03 -2.09230398285689722e-03
-3.91668482405035673e-03 1.69178192196290836e-04
-3.29809659084598968e-03 -1.68475531558613624e-03
3.04760724236402764e-03 1.10157352488807528e-03
-1.98595738055037984e-03 -1.23778842440399510e-03
8.49631685763341943e-04 -4.36029810582802026e-03
1.48073735634228205e-03 -9.08246793668571759e-04
-7.78012881265616380e-04 1.37550971015271183e-03
2.96057564838432454e-03 2.20592468529618455e-03
1.14085040480696215e-03 -3.08789928436008611e-03
1.16528508750181705e-03 7.15757860911479175e-04
-6.34477183553863885e-04 1.26944294287144793e-04
-3.89068004471434137e-04 1.02088530984589224e-03
-1.45113204299161607e-03 3.78533552016549675e-04
-1.72155689403416740e-03 -1.15123463470748460e-03
1.23502619772909781e-03 8.03617190719050105e-04
1.68682003113029182e-03 2.14736407743648661e-03
-3.03080449370096011e-03 -2.68109758131323444e-03
1.13709914981411958e-03 9.53425955584711552e-04
7.04066198368061063e-04 -7.50008932716533273e-04
1.56738308249525704e-03 2.93999925499045626e-03
-2.69047362886407982e-03 7.60328634007000981e-04
-7.95251639287671160e-04 1.46574452412960034e-03
2.34907219100944791e-04 -1.44215845449352444e-03
-6.57290251834150366e-03 2.01390705674910899e-03
5.01516132865552681e-04 1.45479233431986986e-03
-3.57485671441021323e-03 -1.90483648620578497e-04
1.81320335902778731e-03 8.63386980666654928e-04
-1.17917091921352648e-03 -2.19369216320024121e-03
1.36684446255959206e-03 -2.79219185273048330e-03
6.70175135034099530e-04 -4.11543288125982600e-03
7.74167563999551573e-04 2.46750812794377990e-03
1.43429748495045475e-03 3.61023258117968272e-04
-1.78218792409116705e-03 -9.25019416541834026e-03
1.59837901039252238e-03 -7.78614541272240526e-04
9.06535009849887487e-04 2.41063906740866763e-03
9.12395949647989431e-05 3.15983551162574497e-03
-1.79089108937262049e-04 -1.22880910509324355e-03
1.70210405702844497e-03 -1.89386857291982188e-04
-1.69741638424140300e-03 9.34477583838717245e-04
5.03899161750865580e-03 -2.36156730257810034e-03
3.33372862377736027e-03 2.78508524228119529e-04
4.35669186983772029e-03 3.32870539643005862e-05
-3.46821314115387542e-03 -1.33963489781949055e-03
1.49450393940688854e-03 1.95498381238886710e-03
-9.52106753733841273e-04 2.71522766334648643e-03
-2.73394097160759193e-03 -1.63317117156874217e-03
1.13970188779915636e-03 3.06995626012025594e-04
-2.37960933561846572e-03 1.51947683039676575e-03
-4.57061535004776170e-03 7.00987817250104398e-05
-2.04800475134395490e-03 7.11708492889188689e-04
2.83860879492235305e-03 -9.62753846114361303e-04
-6.36676567928063275e-04 1.73778061002617364e-03
-2.79085278417979523e-03 -2.57360705966341819e-03
-4.32185433165511730e-04 2.77508959329575197e-05
2.02965184076064605e-04 8.48756178020484547e-05
-2.88873500016885009e-03 -4.98340188275120995e-03
1.43563864400951860e-03 7.70504418550939873e-04
3.87682563340030907e-04 -3.06131777051598481e-03
-1.63567233584982399e-03 1.50410454783585202e-03
1.80534220297909223e-03 -1.24031937817128068e-03
2.49546040222913728e-03 8.07058604366936525e-04
4.74315453218215367e-03 -3.65966308064087208e-03
-1.43132505492991457e-03 2.69080356024091862e-03
4.76616991366903356e-04 -1.28354458006643170e-03
5.30028436395559108e-03 -1.01476568738823325e-02
1.64054169713964693e-03 -1.39173506499380250e-03
-1.00475000959028278e-03 4.40457580142916694e-03
-2.62758574464560211e-03 9.74623032739094621e-04
3.38928535088270843e-03 -1.97771385510471824e-03
2.36224382317376481e-03 2.32654211893370015e-03
-3.68551680843205417e-03 -7.27934496706246839e-04
3.12621525977397827e-03 -3.84265626234459165e-03
8.22524024819066418e-03 5.33149213356223003e-03
5.79553913436247747e-03 3.33034570074119106e-04
-5.79973217672621194e-03 -3.17161564910575572e-03
2.14221405951589951e-03 1.87098250139238484e-03
-3.31930891018803419e-04 2.93877049557527250e-03
-4.01864435700952528e-03 -3.28754124724071634e-03
4.02754787235421342e-03 3.53660082269212004e-04
4.18566583120544376e-03 -4.66423137483292904e-03
-1.41475562018416132e-02 -4.88678115281778857e-03
1.90682580579088607e-03 -4.91002555014317683e-03
2.39022114675751162e-03 1.81436450681742262e-03
6.51887830065409069e-03 2.65288496978595618e-04
1.13254948676947222e-03 1.66088175403855285e-03
1.32305200877981858e-03 2.54048994262963618e-03
-2.53093568064993724e-03 -2.60434844028843097e-03
1.35610233763193855e-02 1.04305505387352754e-02
-1.53057384243475403e-03 6.65022094235580286e-03
3.95482642607994372e-03 1.12225278659699793e-02
1.40837652347941761e-03 -9.71321658310269481e-03
-3.60033239252726062e-03 6.29323810102202976e-03
-8.44914276273362082e-03 8.01595908827359939e-04
-3.95834894157186517e-03 -1.90952861397224779e-03
1.90223454583204952e-03 -5.40105893237135116e-04
-3.62661534299885124e-03 -1.62090488181238055e-03
-8.84945525289763078e-03 2.12710434110007125e-03
-3.52232061896116163e-03 -1.59705803908605118e-03
4.20078273421954033e-03 -3.67221376911269163e-04
7.69699673159550255e-05 -5.99546256785250895e-04
-1.06952651360825522e-03 -3.59762883500119781e-03
1.11076774613652856e-03 -1.14202030430182689e-03
-5.07008135494768056e-04 1.62197845428470279e-03
1.47515144948443628e-03 -2.21443966498849430e-03
1.92566168374942379e-03 -2.65563654299940657e-03
1.86654255433739077e-03 -1.78499424269105999e-03
-2.07890596149799085e-03 1.27182146825567340e-03
1.24303227538835777e-03 2.75457257926608405e-04
4.40394932126490671e-04 1.41674542805604663e-03
-1.53786413403149760e-03 -3.96203638979693838e-04
1.10563749802832932e-03 7.81277251339770368e-06
1.23656932574882079e-03 4.25952536677110782e-05
-3.46493136810341112e-03 -5.15588428616670568e-04
5.74947969255160422e-04 -3.25756569063855462e-04
5.59621171593141661e-04 -3.90077233376161453e-04
1.80345364786965506e-03 7.91639691346505666e-04
-9.18602971446756504e-04 8.31638727792261782e-04
6.62231787103423125e-04 2.04926526900093144e-06
-6.35677268085057482e-04 2.02076916809467301e-04
2.55521721925451887e-03 7.43079313475930657e-04
6.53238599484501858e-04 5.94667930794786248e-05
1.33318560596741250e-03 1.02128983756229869e-03
-6.35958566297618768e-04 -1.00631919347616487e-03
-6.74576826206250117e-05 1.04722894746606576e-03
-1.09922357931581784e-03 6.50031226104031789e-04
1.55472439347618838e-04 -2.07365855503532860e-04
-1.56003974486513581e-04 1.43887428801994983e-04
-4.84153951677831075e-04 2.73013509166300983e-04
4.66379324016841571e-04 -2.42444931093971643e-04
-2.66152460417793323e-04 2.12342807437170992e-04
1.52345902625379217e-04 5.51975837890820854e-05
-5.48765585319632601e-04 1.74940030664854393e-04
-1.36995524974713249e-04 -4.99794766269658530e-04
7.81798083881534421e-04 -2.88562067095427595e-04
-5.35265174214385043e-04 5.60712810682318145e-04
1.70984461003404788e-03 9.22821404204756356e-04
8.22420022816069702e-04 -1.06863486943175722e-03
8.60003941874643626e-04 4.80983378794255984e-04
-5.30216418178144368e-04 -2.18195189488736436e-04
-1.12602542945665522e-04 6.41653700634359832e-04
-7.83503253849572937e-04 3.41623956436994699e-04
-8.08886234809287662e-04 -2.72698666092284720e-04
5.90295978633779170e-04 2.41569397856608435e-04
1.06885153066759060e-03 8.69629418478828431e-04
-1.40529481770860750e-03 -9.09105193926466469e-04
6.95767631609483270e-04 3.81772104942704757e-04
1.31439053429130952e-04 -4.29759497080503918e-04
1.00602926654756882e-03 1.19218078602152319e-03
-1.14125722737425128e-03 7.20931051327901307e-04
5.84120376077640056e-05 5.44407494747185068e-05
8.01413086945748601e-06 -9.02015070485809913e-05
1.52174206448949878e-04 1.75156937462603193e-03
-4.43572054114428366e-04 -3.26386437485510345e-04
-5.51828063211961682e-04 8.29785935058703085e-04
7.23338490493983773e-04 -2.35133406099304033e-04
-6.75867316783798438e-04 1.08946738621755769e-04
-5.92249654816238329e-04 -5.60168250340081233e-04
-7.85609755724224132e-05 -1.05794820904839054e-03
8.77071961899612146e-05 2.20937284958785290e-04
-1.38061506843997761e-03 -8.66965094738246034e-04
-1.09914324053929867e-03 -7.44054707985629827e-04
-1.00489704082140923e-03 -7.35744587223147368e-04
1.00582895037585251e-03 7.28387202552806712e-04
-8.23416146271252697e-04 -3.55677766323629434e-04
5.58479395591881373e-04 -1.64557410943549053e-03
9.41661283964918632e-04 1.09600825816417779e-04
-8.24021965033006065e-04 4.62792222833567093e-04
-8.94058807240797736e-04 4.37931101299250474e-04
2.40550727647720038e-03 -1.03258176559643312e-03
2.40439130997605348e-04 -5.08656371751363867e-04
-9.30058425796491482e-04 6.13866579566609244e-04
6.08119795571089540e-05 -2.84601328255154877e-04
2.10342647202725169e-04 -2.16901762350166450e-04
-7.88757541855462365e-04 -8.07109089040756512e-04
1.25549007812166577e-04 8.28081267319632618e-04
-6.04813700009177520e-04 3.34321378511161791e-03
4.06015495517166600e-04 -1.46716075023226923e-03
-2.03399606773444473e-04 2.21284270525236434e-03
7.59519250202033412e-04 -1.06747594321801283e-03
-9.81677592561342252e-04 2.85092568612498910e-03
-3.06978234810263576e-03 -8.71382613986432632e-04
1.74331283189773137e-03 -6.00075477840161689e-04
-1.12474540618073718e-03 1.33110909271111138e-03
1.54433613377371031e-03 2.14212705989206458e-03
2.42748496036600562e-03 -3.06922984756697942e-03
9.25580169804372018e-04 2.51387125267119266e-04
-1.00276598869374328e-03 5.24139314167193851e-04
-3.28282631348292980e-04 5.43235426866626016e-04
-9.74384889010608307e-04 5.09093212422325592e-05
7.98623951136856382e-04 1.82959888700000078e-03
-9.89927177796863208e-04 -1.51257525013650997e-03
-2.36542985432097036e-03 -2.64166229018472859e-03
1.63115664114903179e-03 5.20616775552220148e-03
-1.95270557108614094e-03 -1.16410823826400647e-03
-2.54837312518428887e-04 1.21160247086848661e-04
-1.27985743645630526e-03 -3.81675372576953387e-03
2.60461867800420742e-03 -8.50696023904619673e-04
6.78971040224411368e-04 1.43833230696487221e-03
-9.49856168762154432e-04 -7.18584575270761125e-04
-5.80774434541467700e-03 4.14876445732904799e-03
3.03794765845972819e-03 -2.68688759050176120e-04
-2.92847436255874814e-03 3.30020454301042574e-04
9.68916727315495812e-04 9.50271698913246433e-04
-1.61492224927924739e-03 -1.81008901598940725e-03
5.40848812427787936e-04 -3.00511512962700015e-03
-4.04296821505968672e-04 1.88794269843978939e-03
-5.07063932179770854e-04 -3.99597874509162584e-04
1.14362914696493773e-04 3.34646885176849429e-03
2.81683582035733042e-03 2.81114719573526822e-03
1.60488924327142603e-04 2.80018322268952170e-03
-8.34001983280719663e-04 -2.27465253375388815e-03
-4.11347881653635248e-04 1.33683811100697219e-03
-2.68498160231611877e-03 1.16050103430057560e-03
6.12279320940311623e-04 3.24180030583653750e-04
-4.02945787477773404e-04 4.02037258417348067e-04
-6.93449677157360021e-03 8.32861649378501337e-04
3.24994065952634520e-03 -2.36165781894618265e-03
-2.67668496838927667e-03 -2.39250684464105195e-03
-1.18061364493541469e-05 3.04780578735835582e-03
-3.03706475665429349e-04 -2.62363288553945240e-03
2.17902960792042914e-03 -2.23639592658885075e-03
-3.15880673441370314e-04 -4.76314070183234692e-05
7.60550214864522144e-04 8.85388013347319100e-04
4.38314229052456494e-03 2.54344200020878127e-03
-1.01225179231518632e-04 -3.55998652248389275e-03
3.34654797473980152e-03 1.34556443623501387e-03
-1.42779388843324354e-03 -6.97163242374614837e-04
2.66507393899417496e-03 3.15599397995757792e-03
-2.15160590530795968e-03 3.36764698050816096e-03
9.11729614831155373e-05 -2.02387152825436343e-03
8.83744796430709469e-04 1.62866587995853579e-03
3.73799453960098598e-03 -4.89159998017218425e-04
-2.47149119291147946e-03 -3.46807246847418826e-03
9.37654097576346855e-04 -3.85667393436801874e-04
1.76632436216358634e-04 7.86783144349360365e-04
3.51291271593772206e-04 9.23420135760506995e-04
-7.38201288089472378e-04 1.21365890278304369e-03
1.64818209323042836e-02 -6.37203576039909944e-03
-6.12807380993805884e-03 9.26951195361645774e-03
9.28318926215263018e-03 8.18899143317812668e-03
2.93448268657943677e-02 -3.20588940797189859e-02
1.19110940290000911e-02 4.95941340715417081e-03
-9.50460631652350757e-03 8.20611983590947835e-03
-6.49762374142557990e-03 1.07985356324397149e-02
2.45439678218754972e-03 2.52430619211204505e-03
-9.41874278848668645e-03 1.29529187035608848e-03
9.86403809272069776e-03 -6.42478503526282881e-03
-2.05623241703697564e-02 2.96416329519544365e-02
-2.57067460232623668e-02 -2.75414993718875760e-03
-2.73668567359614569e-02 1.00349417865216953e-02
2.64277258128875377e-02 2.51777136853319943e-03
-1.47114169989788195e-02 -7.53990620550095032e-03
-2.39533841008274196e-03 -1.87203977600855186e-02
2.57142406083608931e-03 -7.73495322933539717e-03
5.83346548670925094e-04 2.34632959488447574e-03
-3.58635322681288490e-03 -9.39049721009372305e-03
-6.03965251077918756e-03 -1.12345293668533793e-02
-2.24371717407551409e-03 -7.95973484640522151e-03
3.71548874526066771e-03 8.07701253054883377e-03
-2.37591369870312780e-03 -3.31793374596011130e-03
8.18224713877720514e-03 -7.20940920897114590e-03
-3.49191714529157248e-04 3.52227548298395541e-03
-1.06920706045659912e-03 -3.31020799402163834e-03
-4.65745942177187705e-03 7.81969632949672776e-03
1.02155135225977288e-03 5.04263097838083749e-03
-3.73730716776342385e-03 4.49553080803753204e-03
3.09716770976801049e-03 -2.79437548439317486e-03
-3.40008480594531509e-03 -7.47652240720023467e-04
-1.49196327885856538e-03 -4.09861258756930632e-03
8.65831712482969737e-03 -6.18988571806624362e-03
-4.18537148379265374e-03 3.64459457579199625e-03
-7.28650679224256224e-03 -3.30658111923134469e-03
1.15794599005982178e-02 -1.17716415643707786e-02
-3.02747607153958272e-03 -2.29957113389387758e-03
7.44038363980110626e-04 7.61949505188753637e-03
-1.04174664386648998e-02 -1.55043032853426337e-03
7.01070098376998987e-03 -9.61224100779761205e-03
-4.40610576338555399e-03 1.18368378514750326e-03
3.03531841163254181e-03 -2.33870839890578048e-03
-1.29848429671673982e-02 -1.16884055264476622e-02
-1.97705745223008102e-03 5.51315427906267329e-03
-3.93523076360323496e-03 -7.16954490438102311e-03
3.19828066372613597e-04 3.79195600985626248e-03
3.15460747406076224e-03 -5.16718172734439030e-03
7.65219575907964689e-03 -6.74406522785575145e-04
1.01499260400990804e-02 2.43318400619774991e-03
-2.26537751897224696e-03 2.62237204576630609e-03
1.77985262604950234e-02 -4.11619292928963316e-04
1.55080406550408365e-02 -1.45863571031091179e-02
1.49068755929158397e-02 -6.26019085001664681e-04
-1.22813008303334394e-02 4.25877641346540051e-03
7.02357786539912609e-03 2.15308052188486858e-03
6.08322009289787632e-03 1.44088622311248759e-02
-8.50121202708404612e-03 4.68905436029192890e-03
3.49421263808775669e-03 -9.46352021441763079e-03
1.89157003192029008e-02 -1.04442724808621757e-02
-1.70340760229689206e-02 2.80485961860619110e-02
7.65769429409390075e-03 1.05702997272717428e-02
2.45148585645969894e-03 -1.71877065712275068e-02
2.03275320827677559e-03 8.28160984471188431e-03
-5.02899463478135352e-03 7.82414200882382282e-03
-1.74190200725020958e-03 -9.73123180732543731e-03
1.73329819887815340e-03 4.66749728602309111e-03
-4.94493388158093357e-03 2.84845530723384184e-03
-6.78967175277996049e-03 -1.43968508885477901e-02
-2.79762448167254676e-03 1.39588500713655901e-04
6.55761569999303504e-03 3.11524281339402211e-03
-4.35491789549964734e-03 6.91237323274176106e-03
-3.77665571701628735e-03 -9.12127784495300568e-03
1.42909120413940434e-03 -2.05047860491474557e-03
-9.55292327370093003e-04 2.36243350688392084e-03
1.02313389118702316e-02 -8.51625979660327465e-03
1.70920771753233901e-03 -5.20026393987699600e-04
7.94227537621754534e-03 -1.92320124176866610e-03
-5.68649091769019704e-03 -1.19103730680188537e-03
4.01385565131074425e-03 3.39183955785648909e-03
-5.55754429664549483e-04 6.30286054030152181e-03
1.53646471429140438e-02 7.01361306000182136e-03
-9.67723837807180770e-03 -1.12481874476760293e-03
-2.94520401430775885e-03 -2.66605063389966507e-03
3.26705921750496051e-02 5.08680662385415164e-03
5.31361449186047133e-04 1.39239873646607778e-03
-9.91705210338600200e-03 3.60549865618997383e-03
-1.02094134838087505e-02 -8.76447649012442563e-03
1.10738810323494988e-02 6.34749602767442178e-04
6.24620097986285853e-04 9.91736391079004256e-03
-5.58115190967606572e-03 -9.05001201979218489e-03
4.94464230332810912e-03 1.29040554057639201e-02
5.07755718941876964e-03 2.11415500707734551e-02
2.11131486911006212e-03 1.50629678944768242e-02
1.22253524784796293e-03 -1.51243017656379711e-02
-5.16877711400168423e-03 4.90010927124892495e-03
-7.75301965394775781e-03 -2.44816148640611495e-03
2.32402520555466223e-03 -9.79685633989319481e-03
3.14243615506354162e-03 8.58881145823005981e-03
1.57923044475511004e-02 7.79535277463861559e-03
-1.58009332999024940e-03 -3.28412630035638392e-02
1.35945721066149210e-02 1.94944813693005009e-03
-2.77728861423605410e-03 4.46389155538234016e-03
6.79632770268229214e-03 1.59985106652850637e-02
-5.37765379258487147e-03 6.54172830814761606e-03
-1.88389244546783002e-03 6.05115447926612027e-03
1.31471506095675998e-03 -7.35881197839517113e-03
-1.40313184215010538e-02 4.66985253904467282e-02
-1.09621648791814325e-02 -7.47166220352355457e-04
-2.30983132798033043e-02 2.02433170554027451e-02
2.29751770794551675e-02 -4.69049849428516529e-03
-1.94539950976304644e-02 -3.10882815912682381e-03
-1.05028067149010550e-02 -2.09282272412669688e-02
-1.12492832867394925e-03 -9.80918066753243972e-03
5.28917708138066777e-03 3.53101987931126512e-03
8.02988098740769519e-03 -1.07345607437857368e-02
-1.85294749869397458e-02 -2.00733181238563693e-02
5.31154588835896450e-03 -1.09232823737211056e-02
2.74899794057327507e-03 8.72632056955437337e-03
8.54782158735445038e-03 6.73525333620667130e-04
6.99028713261954249e-03 8.29798553422300038e-04
1.87621684881299515e-03 -1.18955929321653436e-03
-1.65815855902318220e-03 1.75354739505368079e-03
9.98304176795541433e-03 -5.59220354026404923e-03
2.62404633057753810e-03 2.72949245952790718e-04
7.42817206745484317e-03 -2.64489210228372330e-04
-5.15442364760049666e-03 -2.17994488735428864e-03
2.93036337380242658e-03 3.59410149471844995e-03
-1.52423701569907128e-03 5.32893206479179409e-03
-4.19029614284496289e-03 -2.10010781657665171e-03
6.57209341767218177e-03 6.50760088262816012e-04
1.72892501028139647e-02 -6.57551752018417819e-03
-1.85601725737075847e-02 -1.09484067994662405e-02
1.10044352459214827e-02 -7.36740374685388236e-03
-2.29074545839722541e-03 2.54307923720041096e-03
1.68365993700827811e-02 1.86032913677044390e-03
2.56588640424237945e-03 1.24457750189175265e-02
5.30717785637975026e-04 -2.73458808691219709e-03
6.76566146116938942e-04 6.62722222456786528e-04
2.81607550763829061e-02 1.28277882510741108e-02
-1.28847182768876065e-02 -7.30867688573630793e-04
6.23870868869143627e-03 1.41823066185660703e-02
4.52464508093327472e-03 -1.05943664455879771e-02
-4.32679241653234105e-03 1.06656183851854443e-02
-1.32639127605160504e-02 3.90155073279889724e-03
-2.92198917317334028e-05 -3.83645202399866781e-03
-1.00333135044210534e-03 2.18213431666875482e-04
-1.12347411554105017e-02 -3.21121584541868114e-03
-1.83132214773381154e-03 1.38731261338894654e-03
-8.07442006785048447e-03 -2.05749741633243178e-03
5.59442810918360945e-03 2.40021231815022934e-03
-7.66369544275705573e-03 -3.12489419892818081e-03
2.23538563155444405e-03 -1.07804317997850525e-02
2.83496576295502213e-03 -3.37210572481036214e-03
-7.36674857793832806e-04 3.69479514800248729e-03
1.15173795265658806e-02 5.42976496454170357e-03
-1.24670190085616182e-03 -8.09927272088905442e-03
3.52471006228281813e-03 2.89374691491016542e-03
-4.24693634274478284e-04 -5.92262886993926308e-04
-1.05993795204349954e-03 3.85413777466191848e-03
-4.86953626574881254e-03 1.97294135473832571e-03
-3.11456489811450356e-03 -2.98434224330479142e-04
3.46685970038954462e-03 1.32627400327153832e-03
1.13371965746416180e-02 3.66402021114301327e-03
-6.66645853107349431e-03 -7.09660360149763463e-03
7.84320010715575978e-03 1.13510545009351820e-03
-2.24540423253441826e-03 -1.72429363786482043e-03
9.12101159950952367e-03 6.39395544151241842e-03
-4.60263770629797900e-03 8.75631886178770795e-03
-1.94439340602526743e-03 3.78663961785189948e-03
9.41123418785632130e-04 -4.14488071870904723e-03
-1.48743441128612788e-02 1.46820953675079469e-02
-2.18984115717274193e-03 1.93133366525450353e-03
-1.19676253131947366e-02 4.36527478000549914e-03
8.87468705383953789e-03 6.35377131222170728e-04
-6.73373103164258847e-03 -4.65608175349476166e-03
-6.33807067562054460e-05 -9.92251627568548414e-03
-2.10620559478579559e-03 -1.06994474414456239e-02
4.00682671380283521e-03 6.16059143064851857e-03
5.02063618096902208e-03 3.22041902641420500e-03
-1.06391275110782474e-02 -2.28591147026495425e-02
4.42618387380522109e-03 -8.61686966433216836e-04
3.80994579325617897e-03 3.93796239362714275e-03
2.92657728538197985e-03 1.06490945169368315e-02
-4.36775121165091772e-03 -1.95092611734693552e-03
3.44856504396310682e-03 -4.78920321360867211e-03
-1.23968390956641339e-03 5.38215605428432955e-03
1.67904262882167636e-02 -4.99725495433246767e-03
1.02656950127216220e-03 -7.54481339562439960e-03
9.71498450351496873e-03 -9.23925628816035186e-04
-5.90031003770672639e-03 -4.03640481508871435e-04
3.37608193519520856e-03 5.37258855982439710e-03
-3.25901906299330473e-03 7.33049045087358613e-03
-3.58011349744326085e-03 -1.36312299404443794e-03
5.70443935164848784e-04 2.27442944413944843e-03
-1.37861633269720403e-03 1.28750095228551756e-02
1.51510970258073724e-03 -2.64851348317670862e-03
-3.82738395130323623e-04 8.78295308631889086e-03
2.14562613576428944e-03 -5.20369663967496909e-03
-2.56759323839781447e-03 1.02215245019691217e-02
-1.20153539083730707e-02 -1.62060250754248424e-03
6.41236208888141482e-03 -1.30855846917689918e-03
-4.38292048405948889e-03 4.07204208485917925e-03
3.96984182289021603e-03 1.13599040224937695e-02
9.02611071546768375e-03 -1.06465599885532964e-02
1.71126638761535856e-03 2.46045518122219161e-03
-2.26988816081516486e-03 1.39794039487894646e-03
-2.64406427133479470e-03 1.62513911040050845e-03
-4.22147073131962352e-03 -1.51411046703980911e-03
-1.76292542796787689e-03 3.21391067888810366e-03
-8.78506814139158793e-04 -5.26823139562654103e-03
-1.14066538499032668e-02 -1.09286872940299474e-02
-5.34326587436890349e-03 1.80501608174785354e-02
-1.00254164209843052e-02 -6.11709068053152300e-03
4.00668965727868538e-03 5.21858133078992640e-04
-3.78379865670134402e-03 -1.30033598843258720e-02
7.67505867367898262e-03 -6.86184004175440301e-03
3.73543131454992560e-03 3.46496279279639476e-03
-3.49335779900159264e-03 1.23310165378837073e-04
-2.78339599131185549e-02 1.17626297720186714e-02
1.52431855428674708e-02 -7.72680840444288884e-03
-1.20374731019112242e-02 -4.84854948959998790e-03
1.52455335722781037e-03 9.48821676518699260e-03
-4.28187629425577903e-03 -9.73647607295306979e-03
5.80045804593615037e-03 -1.15881024144001525e-02
-4.70561530788793456e-03 1.13247910424308668e-02
-1.82119410062946867e-03 -5.62789381759239843e-03
-4.96512574344254096e-03 8.71040069081815277e-03
6.45528854719253954e-03 2.54463019428803651e-02
-4.79677886584168548e-03 8.97992795357528510e-03
-1.23781174827297647e-03 -1.11572979717423533e-02
-1.94440334180919828e-03 -1.61177598210529051e-03
-8.60465622502943304e-03 2.77499973817626989e-03
4.77368982042188257e-03 7.98324247815711632e-04
-4.36341507293138038e-03 3.45070824648445896e-03
-2.02549618932554125e-02 -9.99406236092289027e-03
2.05889567752826352e-02 -6.82712091587464945e-03
-6.36434850282472969e-04 -1.38296020683004554e-02
-9.49817236359678900e-03 1.10633399012225343e-02
4.84576971857262652e-03 -7.84038102384968655e-03
1.03045587771469788e-02 -1.47259156832910847e-03
-3.54040950788485223e-03 3.18413064937791371e-03
3.16775185376774694e-03 2.16542769066064731e-03
1.80049710565381507e-02 1.42957100397655412e-02
3.84952199892468717e-04 -7.78962743887530625e-03
1.33149008181571021e-02 8.87888738061658189e-03
-6.36439719956962899e-03 -6.88005943110781785e-03
1.16130628721942773e-02 1.39023110314156415e-02
-1.28332938299487286e-02 1.58516912556366171e-02
-1.11536246255052648e-03 -9.31028630224883628e-03
5.29555931266514728e-03 6.92682202798836598e-03
1.45632952134306798e-02 -6.10792792114600146e-03
-1.30041904553117645e-02 -1.44227930040524248e-02
3.48607800675268531e-03 -3.76992377601999707e-03
1.04853463172907102e-03 4.54581054551798144e-03
2.68602122022755128e-03 3.08321780307118298e-03
-1.37330433180645568e-03 5.83827740237879630e-03
-2.14721520035979956e-03 -7.81205190648800400e-03
2.14355912602705008e-03 4.00206803722880609e-03
-1.55988427394629717e-03 3.18171034558173459e-03
-6.89688553277531362e-03 -1.29087340515885041e-02
-5.93339690170688631e-04 4.50901825018053574e-04
4.79679382527983724e-03 2.01846661603759941e-03
-1.53381348259251931e-03 6.96668692746382767e-03
-4.15281095996533883e-03 -5.42992142449907466e-03
1.58530515253407908e-03 5.29332658938375892e-03
-3.78687527606538874e-03 -4.05461482797451513e-03
-7.30612851006584162e-04 9.73109889737834403e-03
5.56949317282921796e-03 8.24389982251401074e-03
-4.47407497764943447e-04 7.36374878168520770e-03
6.82943323516515643e-04 -6.20395446843833871e-03
-3.60513891770585957e-03 1.37601061192986333e-03
-3.74128658735433696e-03 -3.06318326915555345e-03
-1.10858915845165034e-03 3.97099998864645660e-04
8.21156463467145490e-04 -8.43900149688394920e-05
2.14762029787339548e-03 7.27152468008160336e-04
-1.89023405232722325e-03 -1.38547243271788849e-04
1.32437313233710547e-03 2.96430470259387020e-04
-3.46912777283703278e-04 -7.96594596471118886e-04
2.08865851885818663e-03 1.00760114417764997e-03
-1.15629819998596382e-03 1.94024911052904513e-03
1.89694235395250878e-03 2.40644683072367476e-03
-2.84860857385801436e-03 -1.17880065579615027e-03
4.74779250107099083e-04 3.05768935195572166e-03
5.55304024334635042e-03 3.27922587157376735e-03
1.61103214325679909e-03 2.53679591918139777e-03
-1.82815472667204135e-03 -2.66265455951544654e-03
-7.65535516105597409e-04 9.54455715543816360e-04
-1.51357316974605905e-03 -4.04627392727385294e-04
-1.92903227450550818e-03 -5.65883964014191488e-03
6.91246405268981204e-04 2.92548645060537521e-03
-5.21038861484963891e-03 4.99216493190778564e-03
-2.73934889629938493e-03 -7.04730320314205568e-03
-3.18327556819573282e-03 2.64406625516184308e-03
4.87432126517704963e-03 1.61723335366891575e-04
-4.61257723909458753e-03 5.88776686398492007e-03
-5.27270369301247131e-03 -7.06225808352520766e-03
2.64359675753162663e-04 -6.83225036594685024e-05
-1.92355814937479434e-04 2.51396886492646953e-04
-4.80264849472605100e-04 -3.88805605973154022e-04
8.13353582431309728e-04 -4.77519162537787625e-04
1.22817138495106090e-04 -5.32437109581540753e-04
-4.46939437032329852e-04 4.37532827738489104e-04
2.23738933359000675e-04 -2.05173700697040601e-04
3.04870516481325264e-04 4.57032814272482311e-05
4.62280982496455443e-03 -1.67782530688106871e-03
-2.12502235459908389e-03 -6.14854321334532515e-04
-5.70890051052064511e-03 -9.83820084215984540e-03
2.34409247792812924e-03 2.26451489468753090e-04
-3.89128194811883509e-03 -6.47294329810135360e-03
7.83509781191347771e-04 5.79888884873395842e-03
-4.42861465326754421e-03 -8.22776583833184638e-03
1.00594041581911105e-02 -5.61549991724813371e-03
2.91018956003859545e-03 7.14220381088751747e-03
-6.09852990197253843e-03 -3.90755347664178358e-03
-1.22118120354612215e-02 -6.66131778338427817e-04
1.68868799115697889e-02 1.01811662849547544e-02
6.01250288980500558e-04 -7.65458296309128061e-04
-5.76802630924402350e-03 -1.85389431499676004e-03
5.89893578592903269e-04 -2.81889824637179777e-03
3.15465403451654046e-03 -2.44762153048359984e-03
-1.31450084903038237e-03 1.56701076289274981e-03
1.53297026831565771e-03 -5.34532109980457898e-04
6.04903964448754317e-03 -2.97851353095084819e-04
-3.23060713989473851e-03 -1.91644646786282122e-04
3.88360560023382102e-03 -5.88912112963442557e-04
-1.98520470410376570e-03 -9.20211786028014150e-04
5.47681611685407743e-03 6.60454942176609181e-04
-4.14730377245315317e-04 5.62603223813143948e-03
-5.36121944944498705e-04 -2.56029649958684291e-03
1.59122802463476220e-03 1.70303379315945593e-03
5.42839101963407417e-03 -1.80505102268587836e-03
-4.43826100352678280e-03 -3.23317957210583328e-03
1.44303610078799099e-03 -4.20881521122399259e-04
4.09764006580530407e-04 4.95405501768104149e-04
7.49094151976293049e-04 1.40528857482055832e-03
-8.56927049866435366e-04 2.02961191335690070e-03
1.62725475882277877e-03 -3.59212264255688094e-05
-1.98002068304341770e-03 9.52347495419455115e-04
-3.46654090828678709e-03 4.85895314778010245e-03
7.29189038727161114e-03 -1.88752105388799126e-04
-1.61902462646655370e-03 3.99055676348450059e-03
2.70445893677222560e-05 -1.11252830288855907e-03
-4.91664209560584500e-03 2.41069024193346550e-03
-2.83387924956862236e-03 -2.80798790432001564e-03
1.61110894914628391e-03 -2.01465398020994743e-03
-5.92866623111244431e-05 1.86461991423602898e-03
7.85927020146521757e-03 9.60034443213581869e-03
-3.34058040685336882e-03 -6.07403819741380267e-03
-4.13977978661901936e-05 4.87958456769827052e-03
2.78129542292391120e-03 -1.26969112178189954e-03
-3.15136656392006696e-03 2.79922153258724575e-03
-5.17076995747714659e-03 -8.02745688186524368e-04
3.63163725827849891e-03 8.14810932570061552e-04
-1.25917597874712866e-03 1.12368816839748180e-03
4.81714061500949486e-03 1.49598053769672704e-03
7.04917985132427847e-03 -4.71912879896288235e-03
4.39025837223360783e-03 1.10176495681038795e-03
-3.95166689832099609e-03 9.14139614815765041e-04
9.09873926881482652e-04 1.55883814786962377e-03
9.15544545667179208e-04 3.93188617656628232e-03
-1.09259912400079296e-04 -1.71912268801315991e-03
1.60870391232368227e-03 1.17161566851259336e-03
-1.59004104056708392e-03 9.10016567608260517e-03
-4.52222579675642770e-03 -6.83193854259500286e-03
-5.14007226625009736e-03 1.97891894975643287e-03
5.18598053766375442e-03 2.19986794478830823e-03
-3.60810124692322563e-03 -9.28921287282377119e-04
-1.81136462420525626e-03 -3.83239360368675024e-03
1.23959954273189705e-03 1.25776105991265809e-04
5.76665857661449424e-04 -9.38100732898649518e-04
2.64257268421939093e-03 -7.29239295780952264e-03
-3.29685503198992157e-03 -4.22237362496538757e-04
1.43639385263004513e-03 -5.37964206922141031e-03
-1.15093305760554450e-03 3.05480940657472996e-03
3.23040434536247395e-03 -4.77466239303607053e-03
6.31467991193145669e-03 2.04642053779736368e-03
-2.44415538675377825e-03 7.54821831957985931e-04
1.60478801455908636e-03 -1.73163745163060060e-03
-2.75458851034290214e-03 -3.78898366047938223e-03
-3.06945442853516796e-03 4.10719801938638860e-03
-1.28447397694204913e-03 -9.84999888583200801e-04
1.11091568717481865e-03 -3.03472468726740036e-04
7.58462749051294518e-04 -1.03302867022300369e-03
1.83017513973746451e-03 2.38789522343933982e-05
-7.22595727128228990e-03 -2.58534762515728574e-03
6.23741354358434662e-03 1.33901872618968670e-03
1.14377514849785516e-02 2.12114799828713122e-03
-1.70337415971565202e-02 -8.13872933728241807e-03
7.01724889439450487e-03 -8.88657762779483185e-04
9.42923136635331655e-04 -1.75882048587479821e-03
1.19504230625086440e-02 7.16231135431079878e-03
-5.85515568789422240e-03 7.83987034348388595e-03
3.53216637860022083e-03 -5.20944956356492119e-04
-2.62691136949272592e-03 1.12446506558796263e-03
1.46660354802700503e-02 1.33310446780811991e-02
-4.43161428076358562e-04 -2.99923840239774576e-03
3.62949403668783770e-03 9.46501862170830155e-03
1.15658745861715352e-03 -5.83960048948105673e-03
-4.03283628641339879e-03 6.02588447504798057e-03
-8.94127817084748762e-03 4.20613476080251955e-04
1.00790208930750537e-03 -2.66035225379071408e-03
-3.87344794611869220e-04 6.62179854988511024e-04
-3.75259721224679467e-03 -2.82559944491431918e-03
-8.65736592557539474e-04 -2.34672147617952503e-03
-2.51624286519616528e-03 -2.17459846924861503e-03
2.02945566482050930e-03 2.54436116657877874e-03
-2.84399876313427185e-03 -1.56890545891401204e-03
2.56981911005570943e-03 -4.43237054782435937e-03
4.82402197309810942e-03 -1.89797555379454114e-03
-3.16922217412626611e-03 3.63968335502053283e-03
8.97615685817952126e-03 5.87388612547751557e-03
5.31227758844487856e-03 -7.44551985332929898e-03
4.50445858638827586e-03 2.33743730205646528e-03
-3.03570815331407869e-03 -4.76230357346560450e-04
-7.95481798295552284e-04 3.31047267530420238e-03
-4.30532345863978479e-03 1.55777662183689217e-03
-4.97989015438783829e-03 -1.76693746967224109e-03
3.48491847054458077e-03 1.69262897025439663e-03
6.23424273164557147e-03 6.37379144574810614e-03
-7.92690746039761973e-03 -5.80774622699034657e-03
4.14515942956907371e-03 3.09890926830499926e-03
9.02825268178058214e-04 -2.96084548564052663e-03
5.64403654450679280e-03 8.03723493766993202e-03
-7.81481366558421132e-03 4.12022452929642052e-03
-1.18457723245137306e-03 8.50088709447791567e-04
1.04515465142110105e-03 -1.34133572798591713e-03
-4.99968051660253359e-03 5.44769998981818430e-03
-2.55956472450819157e-03 1.18383497717825153e-05
-4.83982729310177256e-03 1.59788208203020393e-03
4.03715982381828466e-03 4.94756702217209353e-04
-2.59295170356931741e-03 -1.68815794097187813e-03
-1.18635449872273052e-04 -3.64958765407980348e-03
1.21629524045105777e-03 -7.82731819298711391e-03
-2.17723874918805118e-04 3.60299964531238118e-03
-6.60754852032150678e-03 -5.09613476483230680e-05
-1.42464549820341927e-03 -1.09828426017078585e-02
-3.77213944084849951e-03 -1.06557029194108985e-03
4.91499469823812422e-03 4.24886177399833812e-03
-6.38372634300917244e-03 2.83591571798803887e-03
2.17830809534347292e-04 -9.52771804869125515e-03
6.49031266106835526e-03 -2.99635479613230289e-04
-5.26996298005798398e-03 3.55491498495135805e-03
2.24451328259365037e-03 5.60599105756922310e-03
1.25543099006158159e-02 -7.43657866639615105e-03
3.76814413594245496e-03 7.39407587204779108e-05
-5.35539125677370834e-03 1.38901572485333855e-03
-4.13412053060652923e-04 1.12649318839883722e-03
-2.09100150482115308e-03 6.44474966322859834e-05
-4.43392445069376410e-03 -4.19251855297892231e-03
1.41922225979863848e-03 3.42383571512992670e-03
-2.42408745944001957e-03 1.28073896465191496e-02
-1.83209704172404022e-03 -6.61464535942022074e-03
-1.08531106107107793e-03 8.10392845951901988e-03
4.15796717172814412e-03 -4.12128908488442434e-03
-3.07642613084292129e-03 1.17245582327243567e-02
-1.26140910143093411e-02 -3.94205421045940117e-03
6.09944164428586656e-03 -3.20574458816951565e-03
-3.57092438809820511e-03 5.67633712052138199e-03
6.95064334618095483e-03 3.89681583290595306e-03
8.28085020732691884e-03 -1.18989010427845328e-02
4.81047927869573261e-03 -9.36935072558966282e-04
-4.89071730138195687e-03 2.70493718717573816e-03
3.41093734109852980e-04 2.14892780137058374e-03
-2.63746731049836237e-03 1.86416822329070757e-03
7.33216283854634318e-03 5.72092367911730248e-03
-5.83238834175110570e-03 -4.20882657061470277e-03
-9.53988082255552948e-03 -9.80332950111197955e-03
1.36881942727526545e-02 1.47732926914402683e-02
-6.68676717854664072e-03 -4.09542672117339628e-03
-2.52596507642746399e-03 2.83307712292382718e-03
-8.13530295376764349e-03 -1.41766071206604269e-02
1.20296608847979790e-02 -4.62428925459146007e-03
3.79401687238921153e-03 6.96102865952022073e-03
-5.64981847150733407e-03 -3.62931614484749906e-03
-1.73978339376250311e-02 1.63574015710778280e-02
1.43947383764779918e-02 2.79765594159710586e-03
-7.70213581210904465e-03 3.97102769174299385e-03
1.59037821625032552e-03 -3.90997676612004536e-06
-6.00415378917478620e-03 -4.57398971928508341e-03
-4.38337210428654483e-05 -9.88300525139893145e-03
-2.28186665323663277e-03 4.50096526594787570e-03
2.01693413654427113e-04 -1.19454749921990390e-04
5.66428402750244250e-03 1.09698013033608290e-02
4.80271281469523640e-03 3.13077367053336917e-03
4.26827253860507291e-03 8.16317706778495016e-03
-3.28012482337848837e-03 -6.66498705718441241e-03
2.91776226707999480e-03 7.03304314438749599e-03
-9.45574386282754982e-03 7.00161889505968894e-03
2.44557127222403336e-03 2.88039313993155091e-03
-2.09069174635647401e-03 -5.90825341586269696e-04
-2.12128693226405311e-02 1.54622307049561321e-02
8.68897027335102309e-03 -6.63057850223165279e-03
-1.19400934639521932e-02 -5.28509148914894987e-04
4.63096681138976205e-03 6.34879437283750094e-03
-5.94815547776267155e-03 -7.25656832889656506e-03
2.39396182585471492e-03 -1.12095426794030419e-02
-3.15072368310482989e-03 -2.39113587327019310e-03
4.55684295350847028e-03 3.42064698311912111e-03
1.60451596344914210e-02 6.54578335398675690e-03
-7.54385412464573472e-03 -1.50154364650536727e-02
1.17064416054341938e-02 2.24097534512805339e-03
-3.06677536389056904e-03 -1.31974348731796393e-03
1.15441441362196702e-02 1.11292317718733602e-02
-6.99914002488508016e-03 1.12307866281969870e-02
5.62389625366262083e-04 -8.35133264722949173e-03
3.34597161856271851e-03 6.86786386073499726e-03
1.60851808666823172e-02 -4.07024453734090418e-03
-9.23479910166515906e-03 -1.37290238135444487e-02
5.11191039426870091e-03 -2.29503324826846192e-03
-5.15351258283103394e-04 3.13904120552336392e-03
2.32363612314895199e-03 4.04514722453437007e-03
-2.65936541107077368e-03 5.97745520995952417e-03
2.18412891266835593e-02 2.69399639278478965e-03
-1.02778402636487139e-02 3.12070298380715157e-03
5.79582170011525531e-03 -3.75493752865664263e-03
3.85502572111909095e-02 -1.32029616935550043e-02
8.60372354885496210e-03 -7.09831764499692678e-04
-1.43092874616480830e-02 9.53058556976568196e-03
-8.02391711164519329e-03 -5.10066746634185459e-03
1.52472284053577541e-02 4.57088039662355717e-03
-1.44825404918108736e-02 -3.83622842801575013e-03
1.57482268395502840e-02 -4.05027792908216940e-03
-1.74810673965569291e-02 6.03883024917525012e-03
-3.52429456187966506e-02 -3.00748117744949889e-03
-2.31353499601955441e-02 -6.45135872088673976e-04
2.32487970025260469e-02 7.03480470271350324e-03
-6.51774944453063776e-03 -8.30930606359671364e-03
4.47798397860484261e-03 -1.07607519788598498e-02
1.23445116408668404e-03 -7.38008807420289549e-03
-2.88569418324950277e-04 2.40698869235818867e-03
-8.52584410059785761e-03 -4.05505387704281021e-03
-3.29658985443004749e-03 -7.74308688922755936e-03
-5.59406624604145714e-03 -3.65571745826103779e-03
5.59267114322836972e-03 5.24507666116303273e-03
-6.61130900556023988e-03 -9.08961934810802348e-04
3.36563344172829959e-03 -1.07372715588810331e-02
-5.47785925921908095e-03 7.65192463955499604e-04
4.63588230735012107e-03 -3.41171771069795002e-03
-6.45250128683685920e-03 9.42006233021598334e-04
-1.08453724274473872e-02 4.47732670474184843e-03
-7.13309088359012806e-03 1.00004735477653714e-03
7.30627723796324711e-03 -4.21006270602446443e-05
-2.00168167508079286e-03 -2.49412178158389545e-03
1.54592147059718450e-03 -3.44436531705564000e-03
1.37539777175831879e-02 1.30160865175260750e-03
-6.39351553014161009e-03 -9.39285124782295597e-04
-3.02027740806916399e-03 -1.50653450668291056e-02
1.71769651745408043e-02 -1.01018069187727298e-03
-6.45755422827589591e-04 -9.01147072852954631e-03
-5.85481434701374398e-03 1.00549004832887756e-02
-6.35293331386849701e-03 -1.41107287601900163e-02
1.93820131622987959e-02 -2.44357124855159452e-03
-2.77017105453852917e-03 2.20761760038912626e-03
1.24450502437115063e-03 -2.78360577276235473e-03
-9.10427494372434247e-03 -5.04253831183758966e-03
-4.06152445820191213e-04 6.01317500407343945e-03
-3.10919086028247282e-03 -2.72707714004664838e-03
7.92748549564249489e-04 8.78815110676222548e-04
9.97655684691820454e-04 -3.17959630695596870e-03
4.14938772411468492e-03 -1.46195017161464703e-03
1.12709089209466666e-03 7.71312737637541018e-03
3.36482262002875789e-03 5.97576808343730872e-04
3.20741104690311224e-02 5.72844931564126317e-03
2.56844559241239381e-03 -9.80457581456919275e-03
2.32450602400460608e-02 2.74564752277981416e-03
-1.49341820711068642e-02 -3.56493390500463216e-03
2.18595946832033407e-02 8.33413966029051233e-03
-3.35671746695467756e-03 2.89301085944481118e-02
-1.75266634912479985e-02 -3.60744136963059119e-03
1.48193824832060315e-02 -7.39918896292680352e-03
3.05837902884653554e-02 -2.39469572169467952e-02
-4.44926432554886842e-02 2.43114743210468658e-02
7.01630230462379611e-03 6.92661302193455907e-03
9.51310364255053900e-03 -1.50255385754858792e-02
5.42470297771894660e-03 1.01096459258479456e-02
-3.78685726585913053e-03 1.37700298261709802e-02
-1.58032722469534487e-03 -1.01686791780335704e-02
-2.98558599846750650e-04 4.78420536638597075e-03
-1.35941592516434558e-02 6.61630798894150170e-03
-1.83572759496029186e-03 -1.04622472140903661e-02
-8.57112194294095547e-03 3.65564532674105425e-03
9.32570867334373173e-03 1.63090307404739837e-03
-1.18740123297350723e-02 7.46418272052210008e-03
-6.60451432550376860e-03 -1.60625860740250676e-02
2.98620694610542657e-03 3.00001740631479150e-03
-4.20990011780978356e-03 -7.03906677430919648e-04
-3.42679335957899334e-03 -1.20111960750329816e-03
1.11272524462852161e-02 3.42908029992979296e-03
2.74371253952555893e-03 -8.66990154281068815e-04
-5.13465930840062684e-03 -8.42261994101925959e-04
1.13128263927156554e-03 -4.66842298415536504e-04
1.07671378391849455e-03 1.89186326702353607e-04
8.61592180781070929e-03 3.01304157380270776e-03
-3.65368944676840168e-03 -1.74254108784986563e-03
1.42167859317069789e-03 -1.13379093106188676e-02
1.01131198159930633e-02 1.75717952154633410e-03
1.58734197716437061e-03 -6.83161026624481277e-03
-5.60354976334361508e-03 5.96978610692298125e-03
-7.99119665013409402e-04 -1.06461648171804896e-02
1.37286487500340119e-02 2.23170411720219125e-03
4.94408211694666029e-04 1.10743438320147214e-02
-6.38304965910177144e-03 -8.48309188567722243e-03
-1.30393756275600722e-02 -4.80858571518453810e-03
1.64566804632449264e-02 2.24916650944162778e-02
1.76431252439325330e-03 1.35619401006569070e-03
-6.18897554123470309e-03 -6.92389274178893590e-03
1.43169334249651872e-03 -2.24311867170995079e-03
3.72551800223971767e-03 -1.53715509256702816e-03
-7.04812463285234888e-03 -6.99202880066398299e-03
5.27426551325698920e-03 2.83478958665380138e-03
2.33010474505794714e-03 2.70013892012228732e-03
-1.68829171944585681e-02 -1.04494564922774594e-02
9.54170715301862508e-04 -5.43635866378930615e-04
5.74081624931079091e-03 -1.14458166910851440e-04
4.57158285321638842e-03 7.73054086594063185e-03
-6.47019260291833639e-03 -1.65808968289700713e-03
9.22076169637052316e-04 7.27333723446116440e-03
-3.84149350476140202e-03 -6.31425068946362376e-03
-2.88249606738611016e-03 1.70145733305031646e-02
3.94367859700743301e-03 1.09312084703557817e-02
-3.84605086837090182e-03 1.15276930685138199e-02
4.31862697641382555e-03 -8.36574168822828805e-03
-6.77147008311785453e-03 1.17303696746104283e-03
-5.63407761034394241e-03 -6.33285721139703866e-03
-4.34572503948385449e-03 -5.98696480863156362e-03
3.41814114008774563e-03 3.23202823484169087e-03
1.96018264379942131e-03 4.63346368352173660e-03
-9.71271344398304780e-03 -1.07683495300493412e-02
1.41467499331128358e-03 1.35787466014387274e-03
3.91203175280814119e-03 -1.46580410054786536e-04
2.18682013539735079e-03 8.11545219815485754e-03
-6.38925991108269236e-03 -1.55299527608517311e-03
5.17164891756099858e-03 -3.07829551264899529e-03
-3.21649633736437396e-03 4.97214891818916968e-03
1.11667530886722256e-02 -1.25483652230274121e-04
6.48458737320138819e-03 -8.26914375200461620e-03
7.53265055951769617e-03 -4.75736315135375193e-04
-5.98542354319015271e-03 4.74277483172706109e-04
1.75357384493280300e-03 3.75326328953404231e-03
-3.00619951077096435e-03 4.36881698939848434e-03
1.28500402054437246e-02 -6.36152638917232213e-03
-1.08706794741496096e-02 2.12623074623213533e-03
-3.13437364928227311e-02 -3.81616098336586690e-03
2.56080576519718550e-02 1.49971258319962731e-03
-1.94263524764593000e-02 1.35558724595061041e-04
6.69099264149868554e-03 8.22704332776842684e-03
-3.04209057399026511e-02 -9.06361630380230800e-03
9.76249339607372472e-03 -2.85429943018802104e-02
-7.60959623652750303e-03 8.61708770896456137e-03
1.52951021118223943e-03 -9.01891270018420101e-03
-3.12262172668543100e-02 -2.73040177099524821e-02
7.36453670961833597e-03 2.38830051940889208e-02
-4.76646579767086524e-03 -1.36992676979583294e-02
-4.69639103153491732e-03 3.11991264158814835e-03
7.89725262097916610e-03 -1.07778821136383148e-02
1.70757077793175401e-02 -9.10508321224821242e-04
-2.75807398523777786e-03 6.36914238119054132e-03
1.94578574404427173e-04 -7.09025010205339024e-04
7.30488524033050257e-03 1.25779284715925848e-02
5.85829737208813043e-03 5.40869102564766734e-03
5.32272794482498233e-03 9.53066883400640295e-03
-4.46320714273502547e-03 -8.27780352777362713e-03
4.15289203159297828e-03 7.55245908635651837e-03
-1.08178018312121305e-02 9.31512789618625138e-03
-7.97027721882463853e-03 8.89233878741662112e-03
2.34649631611813731e-03 -1.09214766308689537e-02
-1.89293973603994296e-02 -6.62760359021494910e-03
-3.40686797015581468e-03 2.36874122202613870e-02
-7.76789099672239077e-03 4.05164467291252309e-04
4.56072837876229670e-03 -4.54176285444061155e-03
-1.57038150534294824e-04 -5.48380008962754805e-03
6.39674826581054356e-03 -4.59210566718186962e-03
1.01220174938623612e-02 -3.70217490315200883e-03
-6.96587303750525501e-03 -1.24840108994152195e-04
-1.94361198353771580e-02 -1.16227258157236540e-02
1.37692530611523405e-02 2.41937014759827703e-03
-1.25068152559396316e-02 -6.33661881744762567e-03
3.46321916219074653e-03 8.99117581579089373e-03
-1.75570653659866023e-02 -1.27406215075901302e-02
1.44054585768189306e-02 -1.76615973355911428e-02
5.57098463634745234e-03 -1.12465193491509971e-03
-4.84074673320061561e-03 3.21287251884683298e-03
1.62628165200964202e-02 1.87573749502291680e-04
7.84921345536035257e-03 -2.39785383895859891e-03
1.08180841433738323e-02 3.01537229701513351e-03
-7.41644156070385939e-03 -4.18074038712682935e-03
1.76668725640440061e-03 6.32467756851182346e-03
-5.30079777058426686e-03 5.96326134043533539e-03
5.16395994482935324e-05 1.72673611722171001e-02
1.06250782274170600e-03 -1.16768352315159262e-02
1.35009204029421948e-02 -2.17659238212021267e-02
-6.35870517302990473e-03 2.90859897677450269e-02
5.94999935081289098e-03 -1.30472846060881859e-02
-1.06132431329190816e-02 -9.67458303462763523e-04
1.77895658347900290e-02 -2.27892304748528972e-02
1.79091455101142612e-02 2.00606738293851276e-02
-1.52785913305618377e-02 1.03091271150607660e-02
7.00152593837509787e-03 -1.51287892846464281e-02
-2.48038933810213885e-02 -2.75722247586197601e-02
-1.07236342369790450e-02 3.72746707427459578e-02
-7.19471359965275122e-03 -6.41460200340979343e-03
3.50235866895888927e-03 -4.88091382839189562e-03
5.98304116469880465e-03 -8.04470945179644806e-03
1.41248438434596803e-02 -4.27774001444197641e-04
1.18775315220520303e-02 3.14542629562649919e-03
-5.30759146895081694e-03 -4.09052975275749683e-03
-4.73963239958000594e-03 -2.36025419680827853e-02
9.64095668428201040e-03 7.29241882198280143e-03
-3.35718028780158115e-03 -1.47199322198054341e-02
-4.57516512318557975e-03 1.10304461755543065e-02
-3.82779043759860250e-03 -2.17532081200019975e-02
2.50271244903649479e-02 -2.62229508090746927e-03
-6.31757380645135702e-03 8.96784471939778699e-03
7.20031260553218857e-04 -1.08744681767391511e-02
-7.84477480794384778e-03 -1.10504552676094674e-03
-4.13336029842151145e-03 2.46693225578899049e-02
-3.81119988606962255e-03 6.45147928059567385e-03
4.34467850032298295e-03 -9.62082548474805545e-03
-1.71033177744742680e-03 -8.96071022847040903e-04
8.62537973736576423e-04 -2.87675076171820584e-03
-1.71380404872651486e-02 3.23470178222568829e-03
1.10239279512891718e-02 -7.26081006437210631e-04
2.17634666753883203e-02 1.25413940664451350e-02
-2.72622486080523196e-02 -2.22614113048994042e-04
1.26850605744508217e-02 6.00692825175945001e-03
-3.99714672233155766e-04 -1.19066638050845750e-02
2.33153662954347571e-02 1.50944775452226225e-02
-1.90398919974955998e-02 1.96617517697643754e-02
-1.35471322984634032e-02 -8.78000739271532146e-03
1.45417954031634624e-02 3.26243615567654020e-04
1.58642465929447508e-02 -2.89890993762271371e-02
-3.44311425811083122e-02 4.73057809025235771e-03
3.44042267477667058e-03 -6.96513535049421602e-03
5.21071308553863743e-03 1.14684528620189033e-04
8.40074330842367420e-03 2.91709838448468576e-03
4.28248074270272307e-03 1.17217564720897196e-02
6.79418132546558660e-03 -7.58739426270312045e-03
-4.71159725939069001e-03 2.54525132321032450e-03
-1.76052880587033514e-02 -5.34479258511662975e-03
8.58817306105815609e-03 -5.48572907210378383e-03
-1.09777908221955177e-02 -3.19925322695874953e-03
5.89325926276206783e-03 7.61641523645062261e-03
-1.63433638626278022e-02 -4.87969089608175210e-03
7.46545841457977710e-03 -1.82335703943423966e-02
-7.64831106158762788e-03 -5.25873478010932278e-03
7.37758389958475830e-03 1.47888992768023726e-03
5.01051462722655779e-03 -3.76414198664611135e-02
-1.15076015637536663e-02 6.10690011679605044e-03
8.46576747833063109e-03 -1.48710047520412437e-02
-6.70011450697062701e-03 3.73039038980677289e-03
1.30987261852819441e-02 -3.80332548023947013e-04
1.02891214746127294e-02 1.29600739553814067e-02
1.15576526601869674e-02 2.05612847376849010e-03
-1.08610068946112109e-02 -1.89831988667005865e-03
-2.54310693053137783e-02 -3.96235119754293017e-03
2.73942252102085601e-02 1.41747948793498162e-02
-1.62240483108995852e-02 1.25524427878035967e-03
1.77630449870211761e-03 3.67125086508532199e-03
-2.43785041996757122e-02 -1.25853798530587094e-02
9.68932056982937592e-03 -1.92107992769325678e-02
3.85122751642219107e-03 1.61936116761686177e-02
-1.03385715836444153e-02 -1.11635819347079331e-02
-2.76366623590367719e-02 1.86957964689234875e-02
2.49832310320915671e-02 2.04298872387234688e-02
-8.73317085504004068e-03 8.21865142637203359e-03
-1.90011960956380517e-04 -6.61316851356850716e-03
-7.38565804950906939e-03 -6.08844839908242487e-03
9.02673578560080590e-04 -1.33049030464309631e-02
-9.22266075078946763e-03 1.09176833139738357e-02
2.26953272221543188e-03 -6.86622271282923222e-03
9.13232742032811214e-04 3.11554262443813337e-03
-7.70456645364370023e-03 2.53929055978931485e-02
-2.13965713148015152e-03 3.84825641506576473e-03
-3.27843128047647923e-04 -1.06515357183583556e-02
6.68836548116586403e-03 -3.28431547445074941e-03
-6.84668933084621369e-03 7.38596644992481604e-03
6.88357300456371272e-03 -6.59973442682630553e-03
-3.13054352732651617e-03 9.77136417547356910e-03
5.09433880548186731e-03 -1.17666860259012050e-02
1.27358069343365393e-02 -1.72156713447653500e-02
9.23277097425647710e-03 -1.14579131403351273e-02
-1.18269929102738369e-02 9.10374185221433756e-03
6.82846648852645371e-03 2.29229027256441906e-04
3.52536065345472431e-03 6.87290227269983338e-03
3.11935209775061114e-03 2.87963687788718578e-03
-1.13503838950795334e-03 -9.23943879353813168e-04
4.15278626594036381e-03 -2.77051703376484390e-03
4.82787376396240017e-03 1.12370849702454409e-03
3.17224700090350947e-03 -1.46404164023757836e-03
-4.08820398716297061e-03 9.93742842130176723e-04
2.17472100649734358e-03 -2.96286147287550851e-03
4.03815746462397526e-03 4.61030474395691774e-03
1.47784363728082919e-03 -3.67300981225325823e-03
4.51908216244675375e-04 4.03428182340147615e-03
2.57776566049794549e-03 -3.97622909802904101e-03
7.42206323414344921e-04 -8.13254117606658847e-03
2.15108600410453092e-03 -4.28833670283642818e-03
-2.46608461802444879e-03 4.11903495328280311e-03
2.13511236700943303e-03 -3.85081186803716516e-06
1.16708469840012211e-03 2.31890802528762850e-03
-5.59490804345860130e-03 7.16537781514044701e-03
2.89831738653885656e-03 -3.27261967535647175e-03
9.75612077802892087e-03 3.17672529713971478e-03
-5.94888380042786491e-03 9.79125167176019169e-03
5.41508217169179001e-03 2.45068746411339919e-03
-3.58282651605725628e-03 -6.62685472310873235e-03
1.04545165304447442e-02 1.21669037804795848e-03
-5.13803065217817521e-03 1.18695532534178298e-02
-1.69464125459500674e-04 -1.94755199046070028e-03
9.17574203429316788e-04 1.37501726766089483e-03
5.51178631417920378e-03 -2.03268783931174948e-03
-2.95640812823867033e-03 -2.03898231253416733e-03
2.13985174255208787e-03 -1.69747261999808363e-04
-3.84750887126930998e-04 -1.41116961437209328e-04
9.21641592010237444e-04 1.60333097009772549e-03
-9.25386665143629892e-04 2.26319304026461254e-03
-5.14719742045307432e-03 -2.51123851298673453e-03
-9.55281791169264750e-04 1.77503543863094656e-03
-1.35251596543735468e-02 1.53019252375738192e-02
2.77267185423935069e-03 3.90636167609990925e-03
-9.14575866266246866e-03 1.13503154747112821e-02
7.37559378769816251e-03 -6.79560512670519378e-03
-1.12476008079460729e-02 9.42613396287127897e-03
-1.47936049316832463e-02 -1.15211271666861848e-02
7.85291662610778339e-03 -8.60660399771118537e-03
-8.81936043689121704e-04 1.08264931471189971e-02
3.12280926857912838e-03 2.33695216792258534e-02
1.81074132261158224e-03 -3.25796097322678807e-02
-5.57829101584863315e-03 8.44769028535199149e-04
4.43852657936247372e-03 1.04859353774766646e-02
-6.78552622249484119e-03 -3.99691040260046252e-04
-5.89356929073946764e-03 -6.12160439906725765e-03
5.09436699825279501e-03 2.44785243858659449e-03
-2.22297240970884642e-03 -1.63275525597729584e-03
5.99141365618150747e-04 -7.92926219986927854e-03
5.67418659853777697e-03 2.77884027515304952e-03
5.82766589285720342e-04 -4.74855183980883375e-03
-3.44382672902298617e-03 3.58135439072461773e-03
-2.27469479330919520e-04 -7.67080646586038462e-03
9.10889384385385470e-03 1.51667382390873449e-03
-2.15109822256354848e-03 6.03210246382608075e-04
1.45179981810499947e-03 -1.73934233643895965e-03
8.25904560100232171e-04 -9.05587650777574422e-04
-4.41145897993754088e-03 3.94359586123515984e-03
-7.12787981674166101e-04 1.40387046064197681e-03
1.92338653259718686e-03 -1.88551923488577793e-03
-2.31427753611180355e-04 4.06270384178174866e-04
-2.57245356688233875e-04 1.34683661453301960e-04
-4.17187137804801798e-03 2.75098910613196315e-03
2.18054027774301990e-03 -1.16226739984138399e-03
4.99941443351796695e-03 3.32334679991999225e-03
-4.99241129168455540e-03 3.74752310802630752e-03
2.72447079871340411e-03 2.14168708619584926e-03
-8.54086020184048763e-04 -4.03617035731614927e-03
5.58992134082358840e-03 2.56555051893284569e-03
-4.71371676000368039e-03 5.65107006975449321e-03
-5.21006987074367454e-03 -3.01282242258081590e-03
5.72084442735243566e-03 -3.43849096500505687e-04
5.07245446452735550e-03 -5.70839431969531828e-03
-1.44703231593605024e-02 9.28636175469797808e-04
-1.08889888553592110e-03 -4.53939982671120899e-04
4.49848617256148452e-03 -2.85048565516923694e-04
1.04482840470630734e-03 9.17043865745632608e-04
2.94949627038776775e-04 2.27904164213528406e-03
4.69434432349891129e-03 -9.07086699313167251e-04
-2.65742420956783859e-03 1.20057636311674334e-03
-2.38515871879603752e-03 -1.22637644745081338e-04
8.70955993911376285e-03 -3.33257488546330688e-03
-5.63941329335503299e-04 3.67962584308755784e-04
-1.26612896887421549e-03 2.38051455682941832e-03
-4.72036277540385449e-03 -7.01783198045411870e-04
2.66113753738882013e-03 -2.64698522854227335e-03
-3.48292368227355598e-03 -1.59828098976934905e-03
3.74154467530105278e-03 8.18481788342086380e-05
-6.23706588174337100e-03 -7.85649462663345725e-03
-5.43928506519973827e-03 -6.06602020687383261e-04
-3.09232112064383724e-03 -5.49404418033142689e-03
1.59934952000107878e-03 4.10853564052799172e-03
2.10263963952264654e-03 -3.15880715120905615e-03
4.74866376090164830e-03 7.30363372057389685e-05
3.66298645236313829e-03 -1.01251808952105643e-04
-2.52153555928749402e-03 6.84418889331457766e-04
-3.03228875670089656e-03 8.08480541351304805e-04
8.17097372396528507e-03 -9.14969162261572086e-04
-1.24283186310567874e-03 1.19713437581171842e-03
-9.15570558908297455e-04 1.16992775978981534e-03
-4.72764114528219197e-03 -5.93876364129319162e-04
1.41888544550257747e-03 -2.63529441946222520e-03
1.17910766434223176e-04 2.89753195388766987e-03
-1.31284999061945544e-03 -2.53076042409464391e-03
-2.65445359972776027e-03 5.68762788692286220e-03
1.74107719958388170e-03 4.35537006366631344e-03
-1.95368186225766986e-03 3.64105244008546165e-03
1.61897114662270733e-03 -2.63748780182098330e-03
-2.36143100802538959e-03 -1.58927179445404260e-04
-1.38856969201100566e-03 -2.64920763481652508e-03
-7.87970178544574254e-03 1.27970508060003610e-03
5.66689633204026533e-03 -1.31882567936093364e-03
9.94878226939115672e-03 9.44036850758420132e-05
-1.65125053248183495e-02 1.11902784634930930e-03
5.23811668470781748e-03 -1.36044409018000315e-03
2.51926895307524651e-04 -3.47650303419502803e-03
1.22585009761486154e-02 2.92888828534166147e-03
-4.40560754050854566e-03 8.89285581304226011e-03
3.66224353824379711e-03 -1.34270383223384390e-03
-2.53808430832440065e-03 2.24439503119182229e-03
1.28430599361624015e-02 7.25717989101493967e-03
1.61857142780353703e-03 -4.10762071712164698e-03
4.95784210561175682e-03 5.42302094787526674e-03
-1.43112262659943808e-03 -3.51033067407489473e-03
-1.60005993498316709e-03 4.97237746760713535e-03
-6.27591880271379486e-03 2.01809029646788209e-03
-2.36201368852789767e-04 -2.84560226564740861e-03
6.08871463476812029e-04 1.04356000638808149e-03
-1.27627884371979828e-03 -1.24728213337942160e-03
-2.93159139703890294e-03 -3.94688283300521567e-03
-8.43286839503199002e-04 -1.44554661064859899e-03
1.84101312930733639e-03 1.73078921067892216e-03
-7.31106990333696047e-04 5.28458134320250223e-04
6.41546912860064340e-04 -2.54851026619408189e-03
3.94040264038857287e-03 -3.77800202178078933e-03
-1.66549036817854315e-03 4.92063393170599252e-03
1.00512634498199430e-02 7.55415223244006997e-04
2.92814867914304193e-03 -9.37326172653517135e-03
5.41305272066177484e-03 -5.26595285698839080e-04
-3.72385488296826835e-03 1.33457552409703656e-03
1.07336192823705135e-03 3.10161212052896280e-03
-2.78210142425585000e-03 3.41485918434817010e-03
-5.60951565375377749e-03 6.30672676750716402e-05
3.64726357493895840e-03 9.00497318994193441e-05
6.03516629306451342e-03 3.70607049092306316e-03
-9.57912530943979754e-03 -1.07610053104422094e-03
3.41986183555915372e-03 1.56458407026581286e-03
6.76217866249729832e-04 -3.30928533166108523e-03
6.84270245565989955e-03 4.96766564015480201e-03
-5.99376656683207974e-03 5.03411301320114222e-03
-9.47457370691422510e-04 -3.17695954150530419e-06
8.40279751669836816e-04 -6.31921025643795162e-04
1.19052768187147056e-03 1.03929408892162252e-03
-2.90192658752865549e-03 1.00795076007504443e-03
-6.48567364254596821e-04 1.34937575112398971e-03
1.57285002581687640e-03 -9.88764192129711712e-04
-6.41940155151661399e-04 4.56003042792293110e-04
-7.90924022825460955e-04 -2.06239654962587571e-04
-5.02942392597178654e-04 -6.40943326670876529e-03
-7.19440128524772757e-04 2.67084829179849549e-03
-1.06835766748656167e-02 2.91777063400060167e-03
-4.97300269842105040e-04 -5.16384809464295533e-03
-6.93133004608537800e-03 1.66026902307953115e-03
6.39377950718682340e-03 1.53639862729901223e-03
-8.97359473179947832e-03 3.14452518524380598e-03
-2.92438801576855745e-03 -1.17753624014129057e-02
6.87038111068528565e-03 -1.35592696291993208e-03
-4.71862449371846047e-03 4.66378591318282465e-03
1.62292301672728075e-05 9.41421536902912852e-03
1.17579788007756599e-02 -1.20172250478487973e-02
1.13007251799286472e-03 -1.78904523444705217e-04
-3.47752290033429175e-03 3.62486418502684996e-03
-1.82203688631135457e-03 4.23535096119883635e-05
-2.19890057057103372e-03 -1.93177041851935131e-03
-8.28789801641030034e-03 -1.79169166954202489e-03
4.60791550750516785e-03 2.66777661400084036e-03
7.39653658378201274e-03 1.44433457348236791e-02
-8.95607947866277829e-03 -6.56850639152445175e-03
5.04728771535205897e-03 8.48488776701253333e-03
1.77462742094416492e-03 -6.98350744537948754e-03
6.26895347383430411e-03 1.46092625768239563e-02
-1.58828281004167286e-02 5.21651460627730549e-03
3.08163050646184482e-03 -8.26303951560915066e-03
1.34775872879879638e-03 8.53938542820220463e-03
9.80016822998716446e-03 -3.98528686747098761e-03
-1.61642115122802386e-03 -1.80141744901248235e-02
4.41921598600299604e-03 -5.82210302646986311e-03
-3.18187175128371207e-03 6.94741425214560806e-03
2.85792299854907865e-03 1.66668353928348914e-03
-3.37377312959105820e-04 4.60862518057562898e-03
1.50834932547093785e-02 -5.80375502235076497e-04
-1.04388071240301417e-02 1.55040788031737191e-03
-1.57623210155537104e-02 -2.01684548867798411e-03
3.07997238555589199e-02 -3.68243414743352269e-04
-8.00649729963889140e-03 1.38574537376378844e-03
-2.28784923736537844e-03 6.48540090758642149e-03
-2.03608979636649839e-02 -7.16197389970137880e-03
9.94596658769099015e-03 -1.34496691828626183e-02
9.62800811766485395e-03 5.03385066568763292e-03
-9.63650603263481627e-03 -1.60814258517130211e-04
6.07598009082899247e-04 2.94482859790985776e-02
1.72998202773706859e-02 -4.47939505779050822e-03
-1.36560340735122541e-03 1.24662320107154674e-02
1.21143863714695538e-04 -4.79708093117682272e-03
-9.20877266616806217e-03 2.46874374910489814e-03
-9.67478922458833886e-03 -7.95665015208687001e-03
1.07462918841778909e-03 2.97113949937708116e-03
1.68932682238746206e-03 1.61668187690137488e-03
1.79833913297553633e-02 5.79180761309420773e-03
3.07825240907856363e-03 -9.04512965177730471e-03
1.35314934243757970e-02 3.12279305857247717e-03
-8.19557575594561001e-03 -1.95876430890481925e-03
1.11010832924899432e-02 7.34635107796243695e-03
-3.71516843003529777e-03 1.54426318819307715e-02
3.91076483660068343e-03 1.95560210800994156e-03
-2.11333316803756759e-03 -7.77417527884587903e-04
-5.39167595019468971e-03 4.03833667426664461e-02
-1.20728008638401087e-03 -1.12508447303332655e-02
-1.41924099018623986e-02 1.50059897819613142e-02
1.38609602088510149e-02 -1.10700197678841928e-03
-1.50969903439340802e-02 -7.30829636504090759e-04
-1.04679050340795547e-02 -1.50388075043174294e-02
-5.20579899601242985e-03 -2.17658262979927072e-03
7.51692221567973762e-03 1.32888657878160618e-04
1.81933085863250216e-02 -8.81298666367073998e-03
-2.23076145146312958e-02 -1.03913400829637511e-02
1.11930065101074200e-02 -9.17305416293143390e-03
-1.88043653627158582e-03 2.93985331810526183e-03
1.87551568669574176e-02 6.32291362636957783e-04
3.70867994745445462e-03 1.31803633143842535e-02
-4.87417210874853141e-03 -8.05483220953124093e-03
7.41889407025703509e-03 4.17499252841302924e-03
1.28843040760349675e-02 -1.53907581529016090e-02
-1.71237593262827358e-02 -6.11881026305831181e-03
4.02330283796301525e-03 -5.67468267285914547e-03
9.10289153000690566e-04 2.97375492313541653e-03
5.25973515739630321e-03 2.48303292257900411e-03
1.53510995232635991e-03 7.87779908362979363e-03
-8.99469413833972045e-04 1.80302653853656042e-02
-3.41265031162074975e-03 -1.08628736216204638e-02
-3.22015466560088585e-03 -5.77867506655402666e-03
7.92448758952359576e-03 3.81161628217171269e-02
-4.73954847442146533e-03 2.56636359124930613e-04
-5.81686135921371649e-03 -8.09399101145459772e-03
1.77510304228201306e-03 -1.62461392908675936e-02
5.12344285421635365e-03 7.64745684203596045e-03
4.68720797956622055e-04 -1.06066856436884040e-02
3.84246176851581536e-03 1.06189015453406650e-02
8.84342136382739721e-04 -3.05226677232381532e-02
1.30465629974433066e-03 -1.72715858445504772e-02
7.86850799535980007e-03 -2.14057448475767041e-02
-1.09966655006953368e-02 1.48375325124761506e-02
1.25658750159263442e-02 -3.07532821532771703e-03
1.12162600242676491e-02 1.06747448448644925e-02
2.58947762799432166e-03 2.65686160024539630e-03
-1.92022127635491568e-03 -4.76743625521139510e-04
5.85628569387113126e-04 1.42643189373934938e-03
7.51901239599927617e-03 2.34825725724564088e-03
9.32587647042490246e-04 1.81861924778178473e-03
-2.77701197361332518e-03 -7.27973616355342230e-04
-1.30268409321671334e-03 -7.21750030653017620e-04
5.08764351442924441e-04 1.76816527956790912e-03
-3.74145189407952203e-03 -4.93638417074433559e-03
5.55105581932323171e-03 2.60455820865103296e-03
-8.23626346866496509e-04 -9.21308016794904899e-03
-1.00888816471354052e-02 -6.05703045651393573e-03
-1.96765713300574296e-03 -6.48310524063270849e-03
2.17188851528211328e-03 5.65072490463870356e-03
2.77954629912403753e-03 -1.95540318148950494e-03
3.95405834936526576e-03 1.96087553234810261e-03
1.31221316729474729e-03 1.26141437583503994e-02
-3.68322905127163570e-04 -6.70326542668429285e-03
1.11127592753204225e-02 -8.51369059094341657e-03
2.44738323894052581e-03 1.74255811225794005e-02
6.31081692317763624e-03 -4.22644081852796300e-03
-9.28923251264948159e-03 -2.54204466728695944e-03
1.10360860529037843e-02 -1.10406530877203788e-02
8.06878344780141872e-03 1.55413983043274292e-02
8.38370708644501652e-04 -1.30022280190296956e-03
-2.59992133373413944e-04 1.06284419670832418e-03
8.74168473621064930e-03 1.49948524185352879e-03
-1.99464579237028112e-03 -1.26161357706244879e-03
3.23909353332613040e-03 2.66774682455550322e-03
-4.22487123403960155e-04 -2.31279599048275124e-03
-1.72557361214604039e-04 3.15607989380176828e-03
-3.21100571655723917e-03 2.22584264627342888e-03
-1.12355959412649316e-02 4.13810315311836843e-03
3.36257427310219636e-03 -6.04950460845353455e-04
2.14175689116863398e-03 1.92647068181009892e-02
-5.58302725665760138e-03 8.84560887740197879e-03
5.28011024260371920e-04 1.35954550529580383e-02
2.26342206415631369e-03 -1.32742860678932099e-02
3.53659428905230000e-03 1.32526453147742279e-02
-2.08355971789143876e-02 4.64688803399305843e-03
-2.52146347629532116e-03 -1.43828761313281560e-02
1.02007800804074997e-02 1.00007575960797263e-02
1.41241159174246792e-02 9.24768438399296323e-03
-2.61009105746792015e-02 -2.91838859610661187e-02
-6.17334204374744323e-03 -7.09887893323677159e-04
1.19523733618608283e-02 9.40207248012670492e-03
-3.60822073882394309e-03 1.79021034017417310e-03
-4.84039080550661190e-03 -3.17337202068041174e-04
5.37403728021632315e-03 1.37677395873308183e-03
-3.80883943460669097e-03 -7.94239946561494195e-04
-5.74062941853869385e-03 -3.43163459331510042e-03
1.02648458256545706e-02 3.66669256046208867e-03
-3.36607113135954867e-03 -1.07953302915221724e-03
-1.28338559511885606e-03 2.37562938669238187e-03
-6.41021519934491333e-03 -5.55127209540971344e-03
5.73767893175514739e-03 -4.00292538537176928e-03
-9.34654369592833321e-05 4.14186448821585000e-03
-1.56973751448077643e-03 -3.50163172102386112e-03
-7.72615108682460014e-03 6.79048044301693975e-03
3.33437727992701854e-03 5.49176077221450332e-03
-4.16346315212567843e-03 3.20562132177435160e-03
2.26916057979133093e-03 -1.92861839716457727e-03
-2.98872735764410145e-03 -1.81690767900398605e-03
-1.99517492682224574e-04 -4.54625067071966031e-03
-9.32949505883200192e-03 1.47217332127390420e-03
6.12332311976290702e-03 -2.91608502008716729e-03
6.39964877554372903e-03 -4.21622263623750836e-03
-2.10700416908091367e-02 6.10446694388884145e-03
1.88324772117730646e-03 -4.19051030336321361e-03
2.38218215517981956e-03 -2.97383367321006967e-03
1.18161179202031941e-02 -1.19173076111917702e-03
-1.86122408293269660e-03 6.37070056242677093e-03
-5.22262847933047808e-03 -1.44129782060405001e-03
5.00540095859083184e-03 -4.38779241424174416e-04
-1.20636869434532067e-02 -1.50255387850276867e-02
-5.47767665178931946e-03 1.26805882181234893e-03
-4.08573243750311611e-03 -9.94258772437462898e-03
6.84131146674969086e-04 6.48590279671322923e-03
4.35652963959000990e-03 -5.61679464586458451e-03
8.85790983493915142e-03 5.06714353806146179e-04
-1.55966507659768068e-03 2.43815381667810164e-03
-2.11033757539273682e-03 -3.09783620327521055e-03
-1.30390833591622936e-02 -1.10781746928198467e-03
1.63730718130461906e-03 1.48351062386167156e-02
-1.00888780403179251e-02 9.55646766423179361e-04
4.20197868653719112e-03 -2.35428978560494251e-03
-7.94803182974804755e-03 -5.85136440312322183e-03
1.68674841651107673e-04 -8.58944135415007359e-03
-1.20287044452677973e-03 -8.15236200958411152e-04
5.63129445008468086e-05 1.43757610226150924e-03
-4.55243440539494521e-03 -3.00535215701650260e-02
7.72734656973339974e-03 5.40181485808499326e-03
8.52531901746419150e-03 -1.48137750337297008e-02
-1.20738516358294377e-02 4.72612287308077361e-03
1.15158554326283431e-02 -2.62053908811582222e-03
1.07939342399418596e-02 9.01341330449764375e-03
1.93014312771364353e-03 3.04305962213120276e-03
-3.64493930501225572e-03 9.60655647791256871e-04
-3.70684168828992397e-03 1.28991159496526127e-02
1.55695108686144581e-02 3.30316033425792936e-03
-1.18237577509192429e-03 1.05454726065544475e-02
-1.84768347250383372e-03 -5.29532946887568100e-03
-7.22845074530541545e-03 6.25092470152118981e-03
-8.66298929920283727e-03 -1.32384281912752296e-03
2.09168924456033713e-03 8.60767201708143807e-04
-1.82524894758657086e-03 9.48846198251329729e-05
-7.92525867147025577e-05 8.67642116914841242e-03
2.82278087897380780e-03 -2.19323670030475938e-03
-1.39577909793652715e-03 3.40618930404367783e-03
1.20701733914008896e-03 -7.95878536401909949e-04
-2.88942782122652685e-03 4.21498664002810386e-04
-2.65492957939298876e-03 -2.60714929348344069e-03
9.07644201637537729e-03 2.59094753438536378e-03
-8.25482022298401272e-03 -2.01731117336249400e-03
-1.80910606176260431e-02 -4.22315141892398282e-03
2.09014531867543624e-02 1.19645952379964053e-02
-1.15981836807217114e-02 2.21841420767261005e-04
4.34846823004979505e-04 2.85080845948765781e-03
-1.73518893716771358e-02 -1.07775624533485593e-02
8.52166621512503476e-03 -1.30839993242372887e-02
-5.03288843454761676e-03 2.18725559706873336e-03
2.80867571779703715e-03 -2.77643301931773580e-03
-2.08129687292078099e-02 -2.12744810516494361e-02
2.72572577169730721e-03 8.29435924075967550e-03
-3.57376515791684238e-03 -1.32899751170546272e-02
-3.27756723384189843e-03 6.66412396803301842e-03
6.60500033269525999e-03 -8.20361122385106223e-03
1.30834241911568193e-02 3.12314323306041341e-04
-2.33713062570497241e-03 3.43032809684510904e-03
9.74059064598104961e-04 -4.37910408119569837e-04
5.96544389862744238e-03 6.37171079265443779e-03
7.23832812326271236e-04 2.23335365890378655e-03
4.09265952935135725e-03 4.55923617002378448e-03
-2.61098914964908628e-03 -4.56702950868706752e-03
4.36166218540719013e-03 4.43871529736615273e-03
-5.99556272613050931e-03 6.64279643816058189e-03
-6.54149577335533423e-03 2.76801706595218187e-03
4.08036687737595508e-03 -5.06755255889090438e-03
-1.16641766916379275e-02 -9.64055110029242088e-03
-6.58988637016032480e-03 1.11555592020605773e-02
-5.14189590342387180e-03 -3.53869955304364926e-03
3.21880839159077855e-03 2.83059405837780484e-04
1.74770356528485015e-03 -4.26838541209796640e-03
6.12022419779460931e-03 -1.34994593109414684e-03
6.34088945933922350e-03 1.54119833962932632e-03
-4.52230225216988801e-03 -2.40677597065745231e-03
-1.02156808288823790e-02 -1.01328096696771293e-02
8.85223516880806124e-03 8.17877050196405726e-03
-7.06047585802161131e-03 -5.33042537206205105e-03
3.46738580162367596e-05 4.67953764291468167e-03
-8.34983256529901914e-03 -1.19055504861383735e-02
1.14640766612131694e-02 -7.39267625814133463e-03
2.57590675579741227e-03 -1.28328016073033435e-03
-2.34375614638380678e-03 2.18160674591479347e-03
1.17545956011824403e-02 -6.73208964489864850e-03
4.13241763257940400e-03 2.83426176020785600e-04
9.15365141931710931e-03 -4.79517970388279114e-04
-6.64162645608677021e-03 -2.53180071819981804e-03
3.61641765939716732e-03 4.26711590571203676e-03
-1.72841074301061538e-03 6.41875328125978556e-03
-2.15892477847605879e-03 1.16422228219586876e-02
3.88480738175501919e-04 -6.43705652313597207e-03
7.21870025319688597e-03 -3.78508995932792802e-03
-4.47112297438001581e-04 1.94266174396257110e-02
3.25712533119741762e-03 -9.61198280511650171e-04
-6.02610438716511682e-03 -5.33648755884227020e-03
8.90470909681627919e-03 -7.73234562614515553e-03
2.46386534329455639e-03 1.21916579181873576e-02
-9.30150774108938136e-03 2.14804171323764630e-03
6.67661957644827102e-03 -6.19855881228844989e-03
-8.79987071204862623e-03 -1.04003552932808684e-02
-1.41519425877404560e-02 1.34359724404646014e-02
-6.07893335790158935e-03 -1.95678111352423937e-03
6.28243036277933466e-03 -1.30652756631730190e-03
1.36990721481441004e-03 -3.40245499112171905e-03
5.32442780054796869e-03 -8.43624420257845301e-04
4.63712011582951330e-03 5.44469212105857994e-03
-6.76886290233858130e-04 -4.35957597443344547e-03
6.25991266008623249e-03 -1.65567113410584853e-02
-5.26963496414413566e-04 7.23152199729874042e-03
3.40013429279235240e-03 -1.08906846538605866e-02
-5.85605756515487127e-03 5.03603054504651437e-03
6.93993954271909796e-03 -1.41719988145898312e-02
1.56938579239685148e-02 7.59425220901540146e-03
-8.73967499421562412e-03 2.02621624853863928e-03
6.18911682082849950e-03 -5.97961009462394562e-03
-5.80595547200061721e-03 -9.32794774887471707e-03
-1.40610760823972024e-02 1.33665995545267126e-02
-4.81430346667944663e-03 -6.67287990340686434e-04
5.93459856273806288e-03 -2.43474924343932550e-03
1.15128355677868491e-03 -2.19786782591126044e-03
3.98753403973088703e-03 -2.23045527835569852e-04
-5.38910804630229282e-03 -7.40843120840823256e-03
4.70056389819612647e-03 6.85733608037202534e-03
1.04323712947831607e-02 1.64573194864046750e-02
-6.94571040513299997e-03 -2.17423465033391335e-02
8.61092421010492201e-03 8.57880544230865336e-03
1.53310770013183545e-03 -3.28203259106824843e-03
5.51607447052733426e-03 2.01221690435083173e-02
-1.61877665533610993e-02 4.23102461827512544e-03
-3.51987284122692954e-03 -8.99348147852534370e-03
6.18060531331792416e-03 4.73892085225637374e-03
3.06532963956991679e-02 -1.37727328120956487e-02
-1.99298325508420020e-02 -4.04136565100272557e-03
1.16697876848665030e-02 6.11567384751129863e-04
-8.32080788771274223e-04 -3.81968364673570919e-03
5.37078329236897675e-03 9.32843427693178309e-03
-4.99726215264675085e-03 1.29129124896784700e-02
5.94316836656009172e-03 -7.51569241025173973e-03
-3.03595248365971164e-04 2.35802538062855182e-03
-1.20225975483564083e-03 -1.37361923841811881e-02
-3.19041875240001641e-03 -1.36101418252302306e-02
-2.16877561537808688e-04 -1.09799416520375125e-02
1.32383340420574543e-03 1.10028560575402296e-02
-1.48643280233587676e-03 -6.29741822700416540e-03
1.34288866550079031e-02 -5.47266253228024819e-03
-3.46806771548602158e-03 -4.07220845231732933e-03
3.88970579395056960e-03 2.79821034657589329e-04
2.86458260578111475e-02 -5.67489276049758153e-03
-1.74283850406562607e-02 4.76151461517802365e-03
9.93181024137334070e-03 7.18850218886368537e-03
1.18705300381770416e-03 -9.44339422136707650e-03
1.97219381408119060e-03 1.00278054609518122e-02
-7.78643239771722746e-03 9.68213056083314441e-03
4.44663740344169479e-03 2.09872158392915590e-03
-4.78019230638729135e-03 -5.23088317740829159e-03
-1.92595472853559872e-02 -1.64994993769270980e-02
3.86266473913494078e-03 1.85022759386337700e-02
-1.47086883782347362e-02 -9.03225695012668459e-03
4.17825869603289171e-03 5.15641390258491598e-03
-1.19072734468906160e-02 -1.92454684290178230e-02
1.53853010201897896e-02 -1.39314967641370399e-02
-2.51593877430969720e-03 1.16781192978963281e-02
-3.38373583433268814e-03 -1.04056592282052059e-02
-2.27356364459627355e-02 1.66643353542638914e-03
1.02573906263755937e-02 2.17704029616907699e-02
-7.04022512941478076e-03 2.18615445059243407e-03
9.60563327193763184e-04 -4.66733457742040357e-03
-2.13404218930007957e-03 -5.87953067139439060e-03
4.92425168994164650e-03 -7.37864144747031776e-03
-3.47908828599593437e-03 1.54013282659364774e-03
1.08539750397619150e-04 -5.92869233614535369e-04
-3.52353581652870441e-03 6.70831737182821242e-03
1.21581860692943810e-04 5.86698818965582583e-03
-2.79686161205585987e-03 5.23645377982297558e-03
1.94032932391359513e-03 -4.74787110791220334e-03
-2.13498861219519904e-03 3.29985087798355175e-03
-7.00889953165174679e-03 -1.64574212411152786e-03
3.61942084414926951e-03 -3.30798517759144247e-04
-2.78822639092951878e-03 2.74940299257219216e-03
-6.91705490550987082e-03 -1.65207225573048440e-03
1.05620604734358754e-02 -6.06320848127471241e-03
3.87288633587231030e-04 -5.35843509787767465e-03
-4.62197782267242171e-03 5.15379101589881830e-03
1.51689238187036361e-03 -2.74417114812838814e-03
3.21795969602005176e-03 -7.30367200426036765e-04
2.24710617089255880e-03 2.47606580764192811e-03
-4.80081289896704393e-04 -4.08469817717303329e-04
5.72106714203562180e-03 -1.00634280763571993e-03
3.67966042895447520e-03 -5.67866560876113769e-04
4.31256216788333813e-03 -5.28962851576244859e-04
-4.08561558611645302e-03 3.38700356621576663e-04
3.31596558070667733e-03 -8.92461249555488896e-04
2.16902159066426330e-03 5.64139393906906879e-03
1.24237531162225317e-03 7.77935884158552794e-04
-1.42089920834046770e-03 4.72063442903815860e-05
-1.24017473732533092e-03 8.75193863621891578e-04
3.67275875520973842e-03 3.68444635303874217e-05
4.59930707568309495e-04 -6.71816190686127580e-05
-1.31780668956075629e-03 4.38049405010035837e-05
-6.21712900232995096e-05 -2.30774148427008582e-04
8.36401602003331886e-05 -3.75205151679815663e-04
-1.69569915803497915e-03 2.54318515210649222e-04
3.71734335909114139e-04 2.23608811853242705e-04
-2.94001849111975887e-04 3.87018890013362963e-03
-2.70802057103625322e-04 7.94277588461721543e-04
-2.30908167877823939e-04 2.72435821291439886e-03
6.46105187724053216e-04 -2.16849240819587353e-03
-2.25687242182624509e-04 2.75940550489572412e-03
-3.91351206988821507e-03 1.75953524223489197e-05
-7.24745038360231218e-06 -2.15028935574527536e-03
8.11438790219706882e-04 1.80702882517715276e-03
4.22107272279264104e-03 -4.37792872381410729e-03
-1.63127680863898203e-03 -2.50870550400119924e-03
2.54080764949221778e-03 -1.92318715064678436e-03
-1.52351377990162700e-03 9.38938688868730994e-04
1.87891461042763615e-03 1.00610672016630712e-03
2.83836945321137325e-04 2.71933256304859872e-03
1.62447300467693525e-03 7.27479725434549839e-04
-2.88356249614277194e-03 -7.02246222316169717e-04
-9.19516455609518599e-03 1.27738070026716419e-03
6.96043978139865727e-03 6.13858767983591243e-03
-6.18190464907458423e-03 2.17295288607673555e-03
1.82985633158622390e-03 -6.62180193371221331e-04
-7.99538134061192340e-03 -2.29685246893736230e-03
-1.18558704584412860e-05 -6.79326770425646605e-03
3.80175557610761689e-03 8.90964216384188511e-04
-2.85474240125944793e-03 1.26125138760871413e-03
-7.22573115168728426e-03 1.25442790571435800e-02
7.42429881081704650e-03 -7.11354641512694941e-03
-4.61635639635230369e-03 1.51105515978282139e-03
1.40080555731082507e-03 2.91037815074144876e-03
-4.10034563731445298e-03 -2.26134705489265458e-03
-1.20611023516868231e-03 -5.77407898118731475e-03
2.75630324649797252e-03 1.22474515600749074e-03
-1.13586430464176331e-03 -2.43482787522130703e-04
1.76367118798097570e-03 -1.98137722428371648e-03
4.17986119983783464e-03 -3.03070770740646392e-04
1.59912210426233674e-03 -1.07496314747303396e-03
-2.44203413754715947e-03 1.30457415425204730e-03
2.61866990618136704e-04 -1.99731542257320814e-03
3.13530979850544511e-03 1.87172806067986350e-03
5.64549629719933227e-04 -2.66606265481363145e-04
-2.74305512471532194e-04 1.94590734391179859e-04
3.70523404138729156e-03 3.91507315519224169e-03
-1.19419375738770103e-03 -9.06266916230673010e-04
3.79253227895949856e-04 2.67223082564081943e-03
1.00428563361733953e-03 -1.47323466377291177e-03
-1.32367307515713403e-03 1.48443331497992654e-03
-2.40529444104201637e-03 -1.66211490655739872e-04
-3.42156107547148588e-03 4.33090840579005917e-03
8.30594049475995712e-04 -2.81149367670490303e-03
2.99341761932929353e-04 5.74067687178687262e-04
-3.05426153309545142e-03 1.01426067344572383e-02
-9.08765095246610475e-04 1.07660782144747020e-03
-1.91893177964710352e-04 -3.90847898522964088e-03
2.64261046201440556e-03 -1.82936914297942297e-03
-2.06485697257523465e-03 2.86498484328397444e-03
-2.81499763768516559e-03 -1.66178118063022321e-03
3.62209705182157558e-03 -1.27896892917061833e-04
-2.08682336707707123e-03 2.98688476407352622e-03
-8.65300760288718884e-03 -2.77097611723968722e-03
-5.06542224940419953e-03 4.42481916097400569e-04
5.62969162026538943e-03 1.75257102708174990e-03
-1.92853627150872632e-03 -1.31059501912732961e-03
5.39017776423800801e-05 -2.38456697636852972e-03
3.86445631588640042e-03 2.20067208672915108e-03
-3.42182999096153542e-03 4.20287649760747034e-04
-2.44060463484967573e-03 5.05680052072731215e-03
1.28824307202745417e-02 1.66716559604798849e-03
-5.47282822634176987e-04 4.74975270698039902e-03
-2.45152964030621824e-03 -1.33792154831746668e-03
-5.37949844598495548e-03 1.20772856648499274e-03
-1.59505529286530163e-03 -9.13336545612505315e-04
-1.97360084204002088e-03 -1.83276266868782293e-03
2.91856366251843366e-03 1.55401587303393481e-03
-1.45994692331694632e-02 -7.14790914055804874e-03
-1.85511874570254453e-04 -5.57168062171875707e-03
-5.88127332383287741e-03 -9.35740296227641037e-03
7.38115098307221213e-04 8.86446300095610103e-03
2.08260848612826363e-03 -6.47282993125132197e-03
7.64099415147836362e-03 -2.38484622218768485e-03
3.73089358511898657e-03 4.03056262674902173e-04
-1.66189210549296060e-03 1.31629644509524473e-03
2.92924276973848723e-03 2.25588701201945340e-03
7.99203858434901181e-03 -4.48593892885488284e-03
3.16803720483860079e-03 1.75563269283008456e-03
-3.24219324162761547e-03 8.06946657472428072e-04
-7.82770987638181973e-04 1.82622374394009147e-03
3.56977711044138791e-04 2.23470250624185083e-03
-1.31401707738148236e-04 7.35232926294644555e-04
-1.05532727437487043e-04 -8.76995387656856365e-04
3.42986038991135826e-04 3.74548757143895825e-03
-9.81162751228036858e-04 1.00377630866773965e-03
-1.09757111478515131e-03 2.38676119785341664e-03
1.63143885163765062e-03 -1.36331521324895336e-03
-1.53764657402939882e-03 3.95283625372734246e-04
-1.41169654083463363e-03 -1.22364222679267800e-03
9.81148622806419330e-04 -7.15503238973939394e-03
-1.38307340326455420e-03 7.52632014602091885e-03
-2.05391434500667340e-03 2.00789413847707598e-02
1.10591400430266589e-02 -1.82071280190399219e-02
1.44209503872474716e-03 1.31087860966984625e-02
2.02898763060034527e-03 -2.66483681066589971e-03
-8.55391330476258129e-03 1.83891676406343040e-02
-1.53953231160013602e-02 -5.67725221613414165e-03
3.11539805659814817e-03 3.83440682635824686e-03
-2.83423760377552467e-03 -1.24275556006238027e-03
-2.20165952657166986e-02 2.17561792366072794e-02
9.23700409143019679e-03 -6.90865283656759421e-03
-1.37965083241399066e-02 2.31147136451440244e-03
6.47617452779843030e-03 5.38547467207939421e-03
-8.30121881737604442e-03 -7.17680768038961997e-03
5.99765576203813437e-04 -1.35028149198089253e-02
4.24499199834832766e-03 1.51219526036659550e-03
-4.44238304743544972e-04 -4.33464767511897945e-04
7.21045525589857766e-03 -6.69920672965080427e-03
2.44799146810793572e-03 -3.21003959576750177e-03
5.35206441415539066e-03 -4.82290744493348543e-03
-4.87770442797176920e-03 3.68666970450992355e-03
4.66325205052457205e-03 -4.23126845752675850e-03
7.60354449859511339e-03 6.13238499624777292e-03
3.89288211818491960e-03 5.46876970256225236e-03
-5.50226203825385663e-03 -2.64291641550735068e-03
-7.62942804019869740e-03 1.20854084700406234e-02
1.21481601615211175e-02 3.58568812604470079e-03
-2.44238812163700492e-03 4.74704167063300271e-03
-6.25807043004816431e-04 -2.45399450275200553e-03
-4.06086082052629829e-03 -1.19791787775958719e-03
-1.89968889511010633e-03 -5.47854337032155445e-03
6.47100492902320476e-04 -5.58400303158179592e-03
-1.85747571332211332e-03 4.18584962731219801e-03
-8.58559322138254151e-03 1.06661297661387131e-02
6.91926836056707545e-03 -7.98959962999756107e-03
-4.44470499527104771e-03 7.32151520182674521e-03
4.28062651304718204e-03 -8.71120226694854696e-04
-1.02683960758988523e-02 8.74060127110346669e-03
-8.19321244849757074e-03 -9.79255239837103185e-03
-1.65743211335313279e-03 -3.33978644423299194e-03
2.73987873719457519e-03 2.75885415838071505e-03
-4.53348998047235340e-03 -1.38014517635976653e-02
-1.18640237201752402e-03 -4.31423582401051133e-03
6.23134755634338860e-04 -9.60266949963188739e-03
-2.89691957135400965e-03 6.53792534343067191e-03
5.04155020883130262e-03 -3.00352277276085379e-03
6.40041067199641992e-03 3.00012473473442592e-03
1.17864234410065289e-02 1.70602251547483032e-03
-7.29785761211095962e-03 -6.94850469937161860e-05
-7.28044965032534526e-03 -5.10499436777544970e-03
2.17852373760609244e-02 1.29798061041798136e-03
-3.18830110150888565e-03 -1.47024662726687031e-03
-4.17830567945013266e-03 5.41114116162778446e-03
-1.10149691113985999e-02 -8.08725537161826546e-03
1.06209869354806623e-02 -5.42448549841447261e-03
3.57703689380679899e-03 8.54804714368838890e-03
-6.75877356833695826e-03 -5.41939930969525998e-03
-1.02468140776737285e-02 1.37782254099675389e-02
1.43851256001646718e-02 9.81231292267470065e-03
-3.06086433624542121e-03 7.02562846683298277e-03
-4.37732827583056801e-04 -5.22435604612148542e-03
-4.95830507076934837e-03 -1.37267698299867787e-03
-2.16305956900396347e-03 -6.77939086961017179e-03
3.01637118766454959e-03 -6.86099416284526725e-03
-3.30017635340712750e-03 2.45830035689308547e-03
-1.67872107301939473e-02 -1.07547407277297735e-04
5.38535791820151256e-03 -3.47095977310637452e-03
-1.07898453318308971e-02 3.20548679078998418e-04
6.96847446925647710e-03 3.91563253185650811e-03
-1.48057406142680838e-02 -8.82338145645681802e-04
1.35534186581047923e-03 -1.69640747261564709e-02
4.06054835156287146e-03 6.48108142551624081e-03
-6.61991127356020490e-03 -3.22525190039546017e-03
-6.44063454161620478e-03 5.40084811525247573e-03
1.54505706581060578e-02 7.91925489706231216e-03
1.30525851622801162e-03 3.05021968750655197e-03
-4.45722917977420512e-03 -3.72722169499539648e-03
-1.36044131458656447e-03 -5.61795118437379286e-04
-5.34511966639808337e-04 -2.65157766458218183e-03
-1.32321471453901440e-03 7.08525616270839261e-03
2.86673822106646393e-03 -5.37920918901774181e-03
1.20172266892225980e-02 -1.38812953956864004e-02
-1.02891498492086158e-02 9.82918105084795712e-03
6.28663437677807156e-03 -9.69780024996324749e-03
-5.51284540238331823e-03 1.06419691118398991e-03
1.42556855216320073e-02 -1.09839205158713225e-02
1.03962727761150193e-02 1.33206127144195191e-02
-6.45209855350616524e-03 7.18496754344578013e-03
1.10640907498541700e-03 -8.10910120175186745e-03
-1.73574647907231081e-02 -2.15032232546405570e-02
3.20087472134306279e-03 2.26384476153232046e-02
-8.26756882516737203e-04 -7.40704094277739970e-03
-3.77133482342938402e-03 -1.62744289713226409e-03
6.20562283063420383e-03 -5.54450612778145495e-03
1.07732854418451911e-02 1.39950930489481876e-03
-7.86992960677155087e-03 -5.74027319872916567e-03
3.21472165284243964e-03 1.48041897654794738e-03
-7.89621481573977123e-03 5.22475508578804006e-03
-1.30012440696813201e-02 -1.26805228888635167e-03
-6.46116027282740181e-03 2.53468708423640896e-03
8.90751355413291201e-03 -2.57775009378537158e-03
-2.94255037926465391e-03 5.98069459295715294e-03
-8.77184539883020011e-03 -8.79863221107352218e-03
-3.19414085573012244e-03 5.15452414125640215e-03
-4.07547841173097288e-04 -5.08077691870739874e-03
-1.19881540623992151e-02 -1.42273810813024031e-02
5.15905675198497209e-03 1.47418775639395795e-02
2.77711537391951994e-04 -5.27686129267529534e-03
-3.93736283818941265e-03 -9.23125387445634287e-04
4.38440908124294176e-03 -3.71993311276703435e-03
7.26372633995353220e-03 1.03487562107209717e-03
4.28044053095274525e-04 -6.40928386780698599e-03
-2.61633476327821938e-03 6.02585286286769477e-03
-9.75522016111208742e-03 1.88431783440550192e-02
1.18507532950310173e-02 -1.08467520614498932e-02
-4.42854218186968136e-03 1.31165632038316351e-02
4.64792689719449158e-03 -3.32218662871747346e-03
-1.33831398415913891e-02 1.49100387189702241e-02
-1.46860709190633799e-02 -1.11672966615395039e-02
1.14956251230439351e-02 -8.72930689260290071e-04
-8.78563601795244974e-03 5.95540163799507596e-03
8.82848592958566415e-03 1.97975879077121920e-02
1.73260883828010512e-02 -1.48973651310065659e-02
4.71549761575020768e-03 5.99805601633791527e-03
-5.02336625075563981e-03 -5.90627637894907586e-05
-4.52858830469627868e-03 3.99252914900001879e-03
-8.32053095355651980e-03 -1.93971005626007481e-03
-3.97343076175621888e-03 -1.19254490841557629e-03
3.05895485988122700e-03 -5.67832204220205736e-04
2.43852303909072605e-03 -3.01047635187315452e-03
-1.09865667535002688e-02 -2.70065195477913855e-04
6.37249207712181219e-04 -3.05118603202648173e-03
1.95730369474042976e-03 7.78952472854338955e-05
4.97389964490736053e-03 -3.35421280018380200e-04
2.26599110254744987e-05 1.47691604195707951e-03
1.83191492024814139e-03 5.62216415269093891e-04
-2.27249001182717406e-03 -7.78278319112135538e-05
1.07169110849563709e-02 8.94835321396740243e-04
1.77784165056984133e-03 3.00789602090982457e-03
5.97028407067056333e-03 4.20029740723413224e-03
-2.76497113525026343e-03 -5.10711435831806126e-03
3.23061894042134625e-04 4.47049409445221622e-03
-4.10860301370606206e-03 3.34043735189531576e-03
-1.59922313201744113e-03 7.11951093650981529e-05
2.98131166104464095e-04 -4.45536817662645394e-04
-2.21805104856227482e-03 7.99691301581304686e-04
-1.78208284830817039e-03 2.54728732970387712e-03
-1.89280839350396612e-03 6.74723481889414017e-04
1.50075348416368534e-03 -1.12074054271834992e-03
-8.39661886441576727e-04 8.09992167248187433e-05
-1.49760030153331023e-03 -1.56867899005895192e-03
1.01654746735391275e-03 -1.13874399963417405e-03
-3.68606401419518774e-04 1.41362254100506064e-03
2.86049929946281725e-03 -1.89244066370836865e-04
6.63997806246772299e-04 -2.61664288934720110e-03
1.58974099374913297e-03 -3.26622031521639836e-04
-1.10016030844969871e-03 4.45861301139177863e-04
4.41863282963853271e-04 8.55704075006900964e-04
-6.64038089723390326e-04 1.09354159459094653e-03
-2.92421322027193974e-03 5.44149494726369718e-05
1.67836995938748599e-03 -4.53442005013489203e-05
2.08025337452850349e-03 2.06389510809997737e-03
-4.59363113652245993e-03 1.70943539041338671e-04
1.02614102705794481e-03 1.02551244335473998e-03
6.91397975844766166e-04 -1.84536663638725255e-03
2.75462017213368030e-03 2.37066129880664743e-03
-3.22391586416930593e-03 1.81324221114593739e-03
4.69386964610039924e-04 8.88815676619553294e-04
-6.16427840004910477e-04 -5.68865107641202154e-04
-1.80618006885163674e-03 4.03449305404279552e-03
1.03285543018385886e-03 7.84286964749465074e-06
-1.58258202368260505e-03 1.51392037438234412e-03
1.11191918452795873e-03 -3.33642227016887156e-04
-1.53006372567289733e-03 -3.86659348123870306e-04
-7.45196314418527508e-04 -1.82585690508721833e-03
-1.48577775761917050e-03 -3.28056469929563499e-03
1.05990840165125634e-03 9.97325532539455753e-04
-2.43392653218907351e-03 -6.49225597896343023e-04
-4.85230571412913116e-03 -3.25915224374485847e-03
-1.86562335365755795e-03 -1.11416995322382900e-03
3.03235393176267591e-03 1.15797888437365682e-03
-1.01102839130441029e-03 1.03664461241194774e-03
-5.36050532020720710e-04 -3.60245440838907749e-03
2.73229503003784334e-03 -5.59342846660554490e-04
-2.05416189693688337e-03 2.10332298821629647e-03
-1.19844659917608563e-03 -6.03989374470837131e-04
6.43440649867544571e-03 -4.11130199820905918e-03
1.63028356726792052e-03 -2.43019811020417581e-03
-3.34301458369941351e-03 2.32712348743250837e-03
9.73835909291284347e-04 -5.47279292486252140e-04
8.69569878399850628e-04 4.13685428829816120e-04
-1.55275952420340520e-03 1.07827633326006557e-03
5.59830843637483208e-04 -9.29566764101968815e-04
-1.20090013333672014e-04 -1.73383030177248575e-04
-2.23352169258067947e-03 3.23891904241725920e-03
-5.63109366894262047e-04 -2.63996462707475006e-06
4.05290866696448541e-04 -1.17942502411604987e-03
1.04121590945052429e-03 -6.67289938174047510e-04
-6.59812384467103842e-04 6.05989858932774435e-04
-9.79243186004468639e-04 3.46214705070025167e-04
6.78241071475802165e-04 -5.36859944300978982e-04
-3.98059872157455804e-03 -2.49073461532768299e-03
-1.19970898772342173e-04 1.02297293383228562e-03
-1.34952676176971478e-03 -1.91324826364414340e-03
1.64228316512311274e-04 1.25100990689828388e-03
6.38553431475260506e-04 -1.55974461060037002e-03
2.03740854890939330e-03 -5.07343781569945533e-04
2.53686569214295148e-04 -4.32298905075577042e-03
9.41968314946642934e-04 2.50723785870485966e-03
1.11308760955483154e-03 6.46152120161807360e-04
-2.42644735453033345e-03 -9.20543156219502667e-03
1.31627962992126148e-03 -6.26502208661555184e-04
1.30610480850663555e-03 2.22705173332681580e-03
1.33273005559877987e-05 3.44837337663294599e-03
-6.41957353100111399e-04 -1.56686403763848115e-03
1.55070597964082927e-03 -7.87617068591495444e-04
-1.30917165376067215e-03 1.58941253919843602e-03
3.03477639062240106e-03 -5.23692009293546656e-03
3.90674124936654741e-03 -9.26884624840651331e-04
4.22920492044370853e-03 -2.39695639981932825e-03
-4.27525913323101390e-03 4.76705045879450531e-04
2.57459704656032859e-03 9.40480626446268172e-04
7.49687447957085888e-04 3.07036759745852889e-03
-2.87568178528270664e-03 -6.59700925999699814e-04
2.17830556386908051e-03 -1.29019500951007117e-03
1.41859950076279163e-04 -5.37320594633468405e-03
-9.53476100549888184e-03 2.17060065260308221e-03
-1.05167395804069467e-03 -4.29775563024319563e-03
2.06276388318603603e-03 9.21654529479811716e-04
3.34485594491887609e-03 -3.15401197956261458e-03
2.49500152411496687e-03 -6.21753632857344147e-05
1.20679382734330005e-03 3.41430733202980686e-04
-1.83874546431050251e-03 -3.08936561045808930e-04
1.36727246512912317e-02 -1.33082503525561147e-03
9.06199023065142219e-05 4.64125234336653682e-03
7.52041141827859607e-03 4.51617585939440881e-03
-3.16456205834589029e-03 -6.31523258231748204e-03
1.09721734901998321e-03 5.51986412365873969e-03
-4.47204853390456309e-03 4.87617640135898454e-03
-2.38809277488955581e-03 6.90083871073709121e-04
1.77908285442413119e-04 -1.39500785789249118e-03
-4.81162005937503783e-03 -2.57651047772904410e-04
-2.82979712771217048e-03 6.32024778079551177e-03
-4.10692165273196606e-03 2.49428700955098433e-04
2.57848057088398740e-03 -1.58500751927253452e-03
-1.87361047807445887e-03 -1.72537748591318203e-03
-1.07369152393373721e-03 -3.16953357168733374e-03
1.45968073185929846e-04 -5.40823777697140040e-05
-5.61187521880971346e-05 2.73800253825291556e-04
-2.12315184705730037e-03 -7.32994506173957833e-04
1.09264778286557031e-03 -7.91760870819194175e-04
-5.28067190362102395e-04 -1.26159474144594565e-03
-3.67042557613910436e-04 1.17320356610202208e-03
2.95984732070787946e-04 -8.60693232946103969e-04
9.92779515487055442e-04 -3.45385144701783732e-04
7.33874421012914013e-04 1.81381764634310611e-03
-1.12949166975527364e-03 -2.28474464191611880e-03
-4.72890464364526981e-03 -5.40703698215391510e-03
2.66510287301802487e-04 7.59013079758422225e-03
-3.95299507568419410e-03 -2.92683333636523189e-03
7.44479563479094912e-04 8.87100380729414183e-04
-2.17629672375840421e-03 -6.48364029233406206e-03
4.70554635505349671e-03 -2.67243856790897599e-03
-1.50260394686309805e-03 1.16646929883464711e-04
6.18943278661525874e-04 -5.03264015275000677e-04
6.93105837535463006e-05 -1.14988692197324511e-02
4.34015549516829986e-04 4.66060102418977638e-03
3.41411989981782156e-03 -4.13778701817144393e-03
-3.62839067700309681e-03 3.41519862979066809e-05
4.14395473345596527e-03 -2.01977079778988531e-04
3.33943495622385580e-03 3.79104751096020608e-03
-1.42899186910490535e-03 5.22599762885848245e-04
2.35369849333445102e-04 2.55541631331781855e-04
1.89366276989663088e-04 4.21431921402982360e-03
5.12485391347040735e-04 6.87131282220678798e-04
1.87819269895788321e-04 3.00584984767563942e-03
2.11326751971719284e-04 -2.27931256025433893e-03
-1.08895158098501948e-04 2.94915796731034076e-03
-4.00776335442688380e-03 5.19755975251699493e-04
-1.93735431084075533e-03 -4.49927642071372934e-04
1.68843229805261614e-03 -4.90600036119874451e-04
-2.51791486566901206e-04 -4.84458124754670854e-03
-3.28657063859017287e-03 1.90248924163595521e-03
5.51088292266811237e-05 -1.65243481830118152e-03
2.78489158769827021e-04 2.66796744170852082e-04
1.40870907889270851e-03 -3.75528648767464420e-04
1.54589236630252444e-03 1.20969969382354642e-03
8.72614107514407171e-04 1.23420904117971047e-03
-3.32393275279890842e-04 -1.43389726553740039e-03
-5.63297701875458074e-04 -4.85331107403608620e-03
-6.50315912662917839e-04 3.41701093175134389e-03
-8.08955119000744679e-04 -3.07363595013800291e-03
-5.07776040538988763e-04 1.31395115377894601e-03
5.52373939099225024e-04 -4.55353340269870187e-03
4.30514802464947513e-03 2.09206586962806568e-04
1.49038900402490601e-03 2.45650591435406273e-04
-1.52758049742012479e-03 1.64791466783376696e-04
6.39108142442720850e-03 2.84138969280110050e-03
1.13754626025457258e-03 6.19868306184621692e-04
2.92672992354966023e-03 3.24292492555275803e-03
-1.01448028864586470e-03 -2.94018056124100867e-03
-6.12324437473224016e-04 2.69691979273356574e-03
-3.10129233647298127e-03 1.25190337627985467e-03
-3.38761739050564420e-03 2.52972953235551567e-03
1.71955015951477230e-03 -2.20722966804972210e-03
1.73789781032897489e-03 -1.87572782031289074e-03
-6.32408883469955194e-03 6.44418066566007901e-03
4.63896990303961683e-05 -1.24922081865949512e-03
2.28043838595744724e-04 -2.04526398727842076e-03
4.17282620668093206e-03 -2.09117435364527225e-03
-2.76596969407744066e-04 2.97358830528843569e-03
-2.76807358231817482e-03 -6.76119690825684617e-04
2.57859528386154878e-03 -5.67079317385815285e-04
-2.98827227404137698e-03 -6.00748126907255618e-03
-4.35713002290681172e-03 1.52409860616548607e-03
-1.42624187007292752e-03 -3.02172032984196785e-03
1.01854282144864575e-03 1.59402438516772268e-03
1.59690012179345645e-03 -1.56730286649656809e-03
2.87580538875599999e-03 6.06143584282275625e-04
1.11774557904806450e-04 1.69277213698898975e-03
6.32007408201215744e-04 -7.21724968347344561e-04
4.55512080399568357e-03 -1.73737324979613512e-03
-1.04522684834364296e-03 4.58933228363149698e-04
2.97856890915888057e-03 -1.31577944629704944e-03
-2.20062859749731686e-03 1.49235119777518765e-05
3.92159193025373807e-03 -1.04144407097069491e-03
1.50209733201130645e-03 4.45406728844496749e-03
-1.63592818596840434e-03 -1.65475231466142669e-03
2.10913462207328777e-03 5.04743475911995456e-04
2.32567043479084499e-03 -2.77002136513414309e-03
-5.06104716384375534e-03 -8.73765679940082191e-04
3.32215553613970804e-05 -8.32951576872346185e-04
1.16944768647737353e-03 4.96342856273768564e-04
7.47199712440251365e-04 3.69358912211695852e-04
2.84006160279527339e-04 1.24579071470967153e-03
6.35559286266462091e-04 -6.80010984300951173e-04
-1.06207841808515367e-03 1.38359583951205259e-03
-1.68644906298942186e-03 5.55866424175000071e-03
4.96855743788374941e-03 -2.10469589085327024e-03
-4.37806189286395154e-04 4.07345273469672878e-03
1.87368875298683563e-04 -1.32562290987854148e-03
-3.26862291042235003e-03 3.92932088830552032e-03
-3.97035500515717250e-03 -1.73177945861295677e-03
6.70426935595468186e-04 -2.16598038319168939e-03
6.53205026011749630e-04 1.58912826636941132e-03
8.07543631220676572e-03 6.19917513588851173e-03
-4.60822898679198994e-03 -4.60639730126065784e-03
5.72712243045805989e-04 3.81380849737521666e-03
2.37514110259688270e-03 -1.31258204938677881e-03
-2.04968092960495585e-03 2.74912212973629690e-03
-4.23916954285025790e-03 2.61494143043278368e-04
4.01553276798058932e-03 3.45819245909396108e-05
-1.46127338377462245e-03 9.94310247121323173e-04
2.81052622341689809e-03 -6.40580044786488939e-04
6.31749947818078562e-03 -4.49101267385446697e-03
2.88580456372876165e-03 -3.79105730600789797e-04
-3.02076212338709803e-03 2.08164564933312809e-03
-2.68198116238574629e-04 -1.20391844890624876e-04
2.73111413745863191e-03 1.93011640843588446e-03
-2.40305812231316965e-04 -1.81857119619000624e-03
1.48869636344360753e-03 1.12063355213298907e-03
1.73813354852466015e-03 6.10720619908185908e-03
-4.76924791108355398e-03 -5.04984784271966195e-03
-2.68121598623803680e-03 1.98068043953434974e-03
3.74807265023012828e-03 9.06091753086829695e-04
-2.39353517302976111e-03 3.02845841657190765e-04
-2.07841770404036631e-03 -1.79944172356341116e-03
1.39855559164396288e-03 1.14755796286769530e-03
6.57110894704979268e-05 -1.65969605585351582e-03
1.28629928175505513e-03 -7.78952132000085371e-03
-2.24634897387889334e-03 2.44112169271011592e-03
3.53300477216824782e-04 -5.34845249863764860e-03
-1.18907418737890604e-03 2.67163654614060954e-03
2.39217465913777296e-03 -6.17312250723041616e-03
6.85705364625372165e-03 1.55940541272225506e-03
-3.00351804677316840e-03 1.91830982463565098e-03
1.50698480932789035e-03 -2.93587014175079658e-03
-4.81772190012698387e-03 -4.03903048641755802e-03
-2.68759130247622118e-03 6.73823868397541159e-03
-1.98041320962892261e-03 -7.25989913785053177e-04
1.37563270682081423e-03 -9.51432136744900228e-04
6.31659769283371615e-04 -1.55775006960385924e-03
2.35933568808038016e-03 -5.67721390721523801e-04
-1.48944444016613784e-03 7.79567189826813230e-04
3.39896961221804476e-04 -1.05567015284814829e-03
-1.78005232134186920e-03 -8.41731013526055786e-04
-2.31819386280461039e-03 3.94710498025445302e-03
-1.78315960522978630e-03 -3.78148248291706340e-04
1.09242751129573143e-03 -8.70734472572535535e-04
-4.76204030530734418e-05 -1.44313437814860726e-03
-1.28506748928237778e-04 -8.40064284698420287e-04
8.74905300334643588e-04 -5.13311967520767217e-05
-9.97609450830682027e-04 6.25197718409103878e-04
1.19751540959398407e-03 -4.05299986015186103e-03
3.07473201296750917e-03 5.12535599667299268e-04
2.77809062430872623e-03 -1.71693605775873667e-03
-3.04542941202076266e-03 1.05672056238073701e-04
1.86572615750236429e-03 4.12787878852274122e-04
8.52895489739032312e-04 1.98991909989532567e-03
-3.01848477201242078e-04 1.00513340421745862e-03
-5.94131854359037761e-05 -2.62598524271881559e-04
6.76900216930440327e-04 1.29543975801383465e-03
8.37845059537007959e-04 1.27288000816911002e-03
4.58508264338120615e-04 1.06967965397150523e-03
-5.74584244607727790e-04 -1.04819017684379466e-03
4.20978331674240610e-04 5.41952152726298355e-04
-1.10333901934911178e-03 1.09706099544602310e-03
-1.54999692743776471e-04 -2.33319583102074363e-04
2.09779271410505993e-04 1.56435960812678838e-04
4.74416353438226353e-07 -1.04388128271959619e-03
-2.31200949703170146e-04 -1.36953778257928766e-04
1.80534936002712555e-04 -5.64013312295497224e-04
-2.13766626255796054e-04 2.99075168714464537e-04
3.80132775789379337e-04 -8.88117444981692642e-05
3.58482949733143611e-04 3.28364935721945717e-04
-6.76989726029486767e-04 7.33884987931823557e-04
2.55495239854342177e-04 -4.77313200697180922e-04
3.55731967008805089e-04 3.40080598862377097e-05
-8.23245511645092406e-04 1.59496204320856315e-03
3.74010401546860438e-05 9.79131279916552747e-05
-8.03091559889927660e-05 -6.64558928391897419e-04
7.49005498508521208e-04 -2.58074257245886332e-04
-3.59173038789194579e-04 7.26697223532756214e-04
6.05987444745436439e-04 -2.38272880264894598e-04
-4.16683884585533778e-04 4.01083948713596339e-04
1.97872896269269587e-03 9.83534469078239460e-04
3.63505939917631543e-04 -7.10359381265901479e-04
8.34823614490115204e-04 7.33482614572017228e-04
-3.22647542390818744e-04 -4.77454496373610712e-04
-1.81072383673659009e-04 7.55480386944057088e-04
-9.16252628363321874e-04 3.67739495045543035e-04
-1.13059240050995304e-03 2.62177191011261814e-04
2.14347571866029235e-04 -5.90926661769668551e-04
-1.72627066301114969e-03 -2.19398847513835522e-04
-1.60500833986816876e-03 2.52117348066634942e-03
-1.55127205737599439e-03 -2.39086168809219635e-05
1.07042725255061658e-03 -6.50319524894265102e-04
-4.64211824093198702e-04 -6.92401517254589136e-04
-4.38750673363498707e-04 -1.11014645174261815e-03
5.55663005941367917e-04 -3.69859042302506493e-04
-1.33495062451750174e-04 7.43165205363611049e-04
-2.60888450750752180e-03 8.10441326217397565e-04
1.36535060115645012e-03 -2.47891765887944945e-03
-1.17003681619599529e-03 -1.22588285194121481e-03
1.64295074781092700e-05 1.83975722171383330e-03
-2.06811257644893399e-04 -1.09934405752395124e-03
7.92127218455169861e-04 -9.73646659073017077e-04
3.42098469109237827e-04 1.01103520328857605e-03
-3.02911648698001078e-04 -5.24724686692412418e-04
1.91287508999458521e-04 -5.13550199797027760e-04
9.47366700849687905e-04 1.66279224215124411e-03
7.33242803137340484e-05 -1.23745833813059832e-04
-6.44931298561779963e-04 -2.01495334375617413e-04
1.78795156864740637e-04 -9.85129370086544479e-04
6.50610242894041936e-04 6.88845411025809087e-04
-1.99466231504984810e-04 4.51189133730486923e-04
3.47057139948055404e-05 -4.57904153092861005e-04
-1.56102111613369088e-03 9.79396468091671543e-04
2.05527884899518508e-05 4.70210852571209905e-04
-1.00737362861827678e-03 2.56666673763918584e-04
6.41187891917471288e-04 4.09614205694266048e-05
-4.85011830401626349e-04 -4.84925713902081910e-04
1.52044584505109593e-04 -8.37306581534527682e-04
-1.87312911074086685e-03 -7.75976246962702077e-04
1.26246316439525491e-03 1.17296376276848380e-04
8.10682969688880910e-04 1.97270569672665716e-04
-4.13934819674163356e-03 -7.44796710440873274e-04
2.40109552552377240e-04 -2.89518481448112499e-04
1.03225647191162746e-03 -4.11428431975728766e-04
1.61822071942923414e-03 1.05394800859755916e-03
-1.24739983976987164e-03 3.14867104069930278e-04
-2.60445099573024946e-04 -1.07090966776420059e-03
7.27668325825439654e-04 9.05444447422456438e-04
-6.02602490423890993e-04 -2.24173648212619859e-03
-6.99631608843065194e-04 -1.90773380248203048e-03
-7.72157117150051121e-05 -1.92963466737171188e-03
-2.90377227512872394e-04 1.64960876526471000e-03
8.40460623713814876e-04 -5.78621010691128079e-04
1.10732303578554045e-03 5.03813815181144140e-04
-3.96097954302769876e-04 8.60500480271238731e-04
-2.79398539276135233e-04 -9.28359948902227213e-04
-2.08850821677641300e-03 -1.01299278028442658e-03
-2.50075054430548061e-04 3.58741318751544047e-03
-1.77739097002791628e-03 -3.53541667556304040e-04
5.98771660391042527e-04 -4.06287521592806240e-04
-8.95098662040247372e-04 -1.82239631878525752e-03
6.19899625725234033e-04 -1.10228976140871646e-03
1.13569367047639417e-04 -6.31131020093036229e-04
-1.34890001090396278e-04 7.36536036259612266e-04
1.88733458169119159e-03 -5.86572983090629524e-03
1.17470843655071247e-03 5.54522084059322546e-04
2.91696533538391605e-03 -2.33473047775726141e-03
-2.79242359412562504e-03 3.25280489701127091e-04
2.40858245677950901e-03 4.70958171971643848e-04
1.24012174989360040e-03 2.64664823816723217e-03
1.99426003851673860e-04 1.04765000788801165e-03
-7.51491271476690701e-04 -3.68304902862288258e-04
-1.47162958890105023e-03 1.42414101434140271e-03
2.48643815114327768e-03 2.43031547444396041e-03
-9.62816220002762446e-04 1.43630593145263716e-03
-1.46908635389165907e-04 -1.02735543221511762e-03
-1.48814480866285548e-03 -5.17630646460827160e-05
-9.15007389584406852e-04 -5.68027461126835204e-04
1.28133798535697725e-05 3.11596783296523106e-04
-7.27990724307238591e-05 -2.34175778312507420e-04
-1.33650660357155005e-03 1.12503070080833601e-03
2.85956381528322523e-04 -2.02662540333109702e-05
-8.63107134448526099e-04 1.96694198765338252e-04
4.85924832674869368e-04 1.79616893154070027e-04
-4.74809566821389765e-04 -4.24254892973274203e-04
7.11225334061757160e-05 -7.82399498672298687e-04
1.60079533555763215e-03 9.07271169818908035e-04
-2.08877110910851141e-03 -8.79763291900102925e-04
-6.01633434421553100e-03 -8.00666738761842398e-04
4.74468266156075937e-03 4.89241732234604269e-03
-4.12768797524043843e-03 3.91838040818749407e-04
8.31958566037414578e-04 1.16079886172217880e-04
-5.05423350259410955e-03 -3.02173762182287187e-03
1.58035239111179717e-03 -4.23564640187590932e-03
-8.69618735504672853e-04 7.90785496892482576e-04
1.61847491133966650e-04 -5.50127865145082716e-04
-6.33457666317257737e-03 -7.34203503646497883e-03
2.79943194181336971e-03 2.42548190049490494e-03
-1.64737534332874989e-04 -4.62379581463902289e-03
-2.26581022125375712e-03 2.18528983333239049e-03
2.52913459236637789e-03 -2.45805134919983327e-03
4.25049712493235851e-03 5.53762788577858572e-04
-6.36956658026354371e-04 1.22907170125582856e-03
2.92626307678292281e-04 -6.90874556462211365e-05
2.42226669473061046e-03 2.36596364176333953e-03
6.13519103534297325e-04 4.42201249107301332e-04
1.72615691943419670e-03 1.68298505529492024e-03
-1.14054694929769805e-03 -1.56148678482087165e-03
1.62197302614125547e-03 1.71059756166926178e-03
-2.10248564401410059e-03 2.58579793334808928e-03
-1.58447805824606536e-03 7.76587953924288434e-04
9.06732350275975913e-04 -1.27572484479446095e-03
-3.17178033213876345e-03 -3.00541665765028136e-03
-1.18294920141304226e-03 3.00777244272797551e-03
-1.08281599451050237e-03 -1.19860803413923103e-03
4.47366332812569373e-04 1.47985936512825460e-04
6.79354004736116516e-04 -1.15631390796418448e-03
1.78615445803786532e-03 -1.86151283505383300e-04
1.27779458271635418e-03 4.88580916547916950e-04
-1.06817544803443354e-03 -8.01788268781281196e-04
-3.02890555197598286e-03 -2.71345438082291413e-03
1.72031245835677256e-03 2.82634969140628696e-03
-2.20579612411297629e-03 -1.41761191968908080e-03
2.94847809363673458e-04 1.01623539166855663e-03
-2.17978874846345072e-03 -3.27303276574974220e-03
2.84048297484593235e-03 -2.13629510141747194e-03
1.04396452171165921e-03 -6.58405347123234923e-04
-8.49206288849628271e-04 9.52775973450330975e-04
5.20246694184533544e-03 -1.99925107903046713e-03
1.18499210034401841e-03 -2.51412482980799246e-04
3.54806262866599496e-03 1.82410833100345339e-04
-2.32493466540378618e-03 -1.11295964290242244e-03
1.19044916296859706e-03 1.87837817159845527e-03
-1.04772500928259076e-03 2.46922975607918090e-03
-7.95849483923222623e-04 3.51054712351316989e-03
-1.15595317530282714e-04 -2.25842758253099688e-03
3.09230847399461818e-04 -1.65865647871948170e-03
-2.42873630308805316e-04 7.37557033704466184e-03
-4.49019672934743673e-04 -4.85117489058925976e-04
-1.08699032004773454e-03 -1.60983705806296202e-03
1.56108501350211547e-03 -3.22176747926507419e-03
1.06544289300612043e-03 2.24732956807555985e-03
-2.14091002670973229e-03 8.84841804338769235e-04
1.44555415630994648e-03 -1.63709498039150882e-03
-4.72940854300236968e-03 -1.95541386658060071e-03
-2.34393122727427411e-03 2.98735486454646502e-03
-2.55432032785074276e-03 -1.01584305890340320e-03
1.68644020441220113e-03 4.66059555335156012e-04
7.91126275667108214e-05 -1.73951035607575947e-03
1.97102053848661248e-03 -1.14442971159402847e-03
1.30765586036951892e-03 1.19339878365116482e-03
-1.79935717284831700e-04 -1.04928667372446312e-03
1.52062352148270622e-03 -4.51641061796501098e-03
-2.17619605032120302e-04 1.52337419597685917e-03
8.29239056773214988e-04 -3.01596791259096247e-03
-1.43259348381748956e-03 1.53433793501774117e-03
1.69979470128333123e-03 -3.74200653970562219e-03
4.28669728710918355e-03 1.76297530963057027e-03
-2.32338830578138634e-03 3.08921991618160447e-04
1.70997487589136287e-03 -1.38368563241641194e-03
-1.06240409068444788e-03 -3.31003146793894384e-03
-3.79473437900797270e-03 3.38848007806819137e-03
-8.51798455798878206e-04 -5.27253655945362034e-04
1.24040923534079572e-03 -5.36383632793464523e-04
6.50688859380624349e-04 -4.70828146848618131e-04
1.18937727315574361e-03 3.68152239117625231e-04
-5.69622111235059563e-04 -1.32809689607580272e-03
6.92212113140684422e-04 1.76010805352021411e-03
3.03852469547101619e-03 4.66254140359232370e-03
3.41545320683690767e-04 -5.44589669767419141e-03
2.65133392416426299e-03 2.68699687471609912e-03
-4.25044190493751271e-04 -9.19831076537010097e-04
1.10917725866578653e-03 5.14352972537478453e-03
-4.00331092128963957e-03 1.62914016004441116e-03
-1.11989464365287923e-03 -2.05687843012194527e-03
1.62132114573594090e-03 7.77719626044039809e-04
9.19662623800450788e-03 -2.83643831874748819e-03
-5.96999317986546089e-03 2.52127146809297067e-05
3.23620889329304454e-03 1.27818451591294336e-03
1.96297255515230862e-04 -2.04395206772801756e-03
1.06017050148607796e-03 2.99407106908990313e-03
-2.03089025424063770e-03 3.43288569359346315e-03
2.18798854841640049e-03 -2.63354830651065831e-03
-1.19037813924754356e-04 1.30101018552896850e-03
7.14320771102487369e-04 -3.04826908372634719e-03
-3.20983439697612399e-05 -6.10324157027657913e-03
9.46864315210518880e-04 -2.68190200400859457e-03
-7.68279881774914418e-05 3.37810727388698382e-03
-2.59572199602753448e-04 -6.11192738332743887e-04
3.40093695407152645e-03 -1.05271393717306467e-03
-1.28101524880575783e-03 -1.00034992013075695e-03
1.47958389005742818e-03 -2.44762703803874215e-04
6.62268810766471466e-03 1.10066690180295277e-03
-6.02865342697234824e-03 7.86782248784642928e-04
9.40878995960879225e-04 2.87436826072980751e-03
2.02209909375471565e-03 -2.45696696793965040e-03
-6.27188878742531309e-04 2.33217207185418100e-03
-2.54061185889393288e-03 1.27307361595330984e-03
1.47509009692444230e-03 2.87100082325333967e-05
-1.21227733782680613e-03 -1.23913493866039531e-03
-5.11661532116278270e-03 -5.33643444358134801e-03
5.54462672878460339e-04 3.98323152288811502e-03
-3.88903875096106334e-03 -3.18197658733682109e-03
1.23911304880259436e-03 2.09100771427147289e-03
-3.13261295941171230e-03 -5.50935098164262015e-03
4.95135923390845403e-03 -4.01230990184544157e-03
-5.55486874544511679e-04 3.31809355995064861e-03
-1.09613445191625021e-03 -2.90037364610513503e-03
-6.09748511027732257e-03 8.10764545685747299e-04
3.08249776123664448e-03 6.07334058554233249e-03
-1.85132074599576369e-03 8.36764348649932533e-04
2.12700275372715807e-04 -1.46061164729864579e-03
-6.91157952992437429e-04 -1.51528320715904954e-03
1.17610930342066993e-03 -2.07404063895876229e-03
5.81063624905042448e-03 1.49724046655571874e-02
-6.93181905863398101e-03 -4.53451430150102371e-03
8.99988001581979559e-04 9.44420914415589237e-03
2.75502316268569983e-02 2.06824279851830842e-02
1.61108202122015260e-03 1.06991424227621899e-02
-1.03138733961753142e-02 -8.46333572276688519e-03
-4.03755184468173635e-03 -2.80768434288527179e-03
-3.07608503407433894e-03 8.65695989927199420e-03
-1.21482243570665191e-03 -1.01503603884230791e-02
7.12804593440474841e-03 9.60889750549468249e-03
-2.13135754624198467e-02 -7.89345194100580551e-03
-4.16348331743376238e-03 -2.79566288114693057e-02
-1.17044914195903148e-02 -1.92571722475549725e-02
3.06975638336388348e-03 2.25692976994106217e-02
2.72327998693948836e-03 -1.13745535616259896e-02
1.21004031667402805e-02 -4.41006337478740303e-03
7.50357535100907008e-03 -4.64696466617428626e-04
-1.97853918024998906e-03 7.82587113557831819e-04
4.96721145626290508e-03 -8.08651498240244536e-03
6.82438412728230640e-03 -7.29974508979373826e-03
4.53771599393997058e-03 -5.75666406116728726e-03
-4.91328230879752633e-03 6.44598380369066585e-03
1.19103364107540433e-03 -4.99130361737788828e-03
1.03612861191174702e-02 3.11130924984605360e-03
-1.70140737999688427e-03 -1.57351076980238977e-03
2.42925493066278864e-03 7.70159172281155132e-04
-5.00244153087576332e-03 -2.22344668043950641e-03
-3.43304699807925936e-03 -3.23338631640502673e-03
-3.35801044047610939e-03 -3.38475757091889718e-03
1.98044720146174635e-03 3.79110073618034796e-03
3.65160479647139396e-04 -2.50504571237332094e-03
2.71620247924759606e-03 -1.18439302299600435e-03
4.34988308029713930e-03 8.08164618100929051e-03
-2.26116951882591663e-03 -3.55368474351386516e-03
6.16736645236269816e-03 -4.98065060433036146e-03
8.70542254877170428e-03 9.21090646665443866e-03
4.21944964773854521e-03 -1.95789297543783091e-03
-7.50050709960805705e-03 -3.40210399517672224e-04
4.06355199019684844e-03 -7.37525635145738854e-03
6.76859159240397572e-03 9.00425500727897177e-03
-2.73694861357222981e-03 -2.92122024158252870e-03
3.16788052346991551e-03 1.30948625709776203e-03
3.65873937644733884e-03 -1.30175122001798069e-02
-5.71421712257772201e-03 2.64934959288150469e-04
3.18121927557054934e-03 -5.21457963070731927e-03
-1.92332283540327183e-03 1.69698760902327155e-03
4.56498372737557633e-03 3.26940834404640011e-04
3.13385431965555739e-03 4.98566422461381355e-03
-1.44476541691875254e-03 5.44868360311834884e-03
-2.19901224156447521e-03 1.28401686406530305e-03
2.08882914383362378e-03 2.17451855968412398e-02
1.53666545360351264e-02 3.78253651372767452e-03
2.89161422557204437e-03 1.65791041268407678e-02
-3.56379734102522851e-03 -1.06096689855962739e-02
-3.15986328195548213e-03 1.31956810316310631e-02
-1.72141422423791428e-02 4.68641974149546902e-03
-2.50086569112650424e-03 -1.00510349696790093e-02
8.08724696264252058e-03 5.52509955044082866e-03
2.00684157246480907e-02 1.94930111527624808e-02
-2.70100904730615557e-02 -1.96267840797789868e-02
-5.63780137034526271e-03 9.45551780388950540e-03
1.47158373134576234e-02 6.05016307011496733e-04
-7.68894270844368982e-03 5.50502083957001183e-03
-1.09743453596486615e-02 -1.94251503161028982e-03
8.13207022043589862e-03 -4.59592698988653230e-03
-3.76553841951242059e-03 2.17629535991447796e-03
-6.44655738495786626e-03 -6.59428732904969884e-03
9.26455572410135424e-03 -8.09555578130507700e-03
-3.01636628718035711e-03 -4.42703368692138211e-03
2.48270074781406795e-04 7.70768979798402889e-03
-8.37440047630682964e-03 -4.63254682769315314e-03
9.33267195023465730e-03 -8.03482520441597091e-03
4.61512785572918858e-04 1.56274617258842972e-03
-1.47760464865111306e-03 -1.51673678039170793e-03
6.80506539858551172e-03 1.20442252288490803e-03
3.94241378705202758e-04 5.24644586205531491e-03
3.54192270575654378e-03 4.22038164368387925e-03
-1.05522707324254912e-03 -5.03271115853273429e-03
-2.80935044632740218e-04 3.15959313712293023e-03
-3.08981672933527620e-03 1.79521303179376373e-03
1.54279259146155243e-05 1.28637258012430714e-02
-1.45022379826633221e-03 -6.55519876826020712e-03
5.41956671644808121e-03 -2.61840264082609372e-03
5.77291856333482078e-03 2.10892587415058008e-02
2.47620793161885434e-03 5.40782059318784870e-04
-7.16019383627793712e-03 -5.54329690054259326e-03
6.04105323578752861e-03 -8.38005536923322296e-03
2.85746425354673882e-03 1.13428056443955448e-02
-9.06834527653581704e-03 3.86011139050614722e-03
5.87531814892054173e-03 -8.19582419427226753e-03
-4.09005755875028153e-03 -4.16074448582003792e-04
-1.65924163160051270e-02 1.62699435677322451e-02
-7.00596793531426017e-03 5.44183481510332814e-03
9.73679847282872026e-03 -6.21455459201011862e-03
-2.48847576031457169e-03 -8.78698848768235188e-04
2.76321233715586380e-04 -2.83860309016425224e-03
7.36266377903179586e-03 -4.69932222449358922e-03
-3.94913792535120899e-03 5.96496213600848212e-03
-5.63712211258429762e-04 1.06764710960616533e-02
1.78850315824985798e-02 -1.65097860830309556e-02
2.80894430292210262e-03 7.32700335049752804e-03
-2.29813646768430458e-03 2.00508182190670082e-03
-8.51929731493347372e-03 9.75178596165291421e-03
-4.42359136141182944e-03 -3.55420635973352017e-03
-6.29003442287386430e-03 1.60746955538934718e-03
6.11160951987064528e-03 -3.33175442548824504e-03
-3.29368710250417182e-02 4.98895438630433778e-03
-6.53240946207729427e-03 -2.76066229864709847e-03
-2.03782307737794509e-02 -6.62732886888521035e-03
1.16890297121995182e-02 1.08244436987733426e-02
-4.34181241592965401e-03 -1.27134337865252994e-02
9.52758303091227193e-03 -1.29845616706737929e-02
6.38809964953971840e-03 -5.36410799711348890e-03
-1.42491367477267142e-03 5.16997296477296128e-03
5.14440471342940148e-03 2.81272136803819737e-03
8.68373934735695158e-03 -1.88048433910855232e-02
5.95494517998212784e-03 8.33004678365989720e-04
-2.94103370091399873e-03 4.91682878364998761e-03
-1.59065590330722487e-03 6.16530804198390462e-03
1.02637908381734131e-03 5.55247510204638769e-04
2.92037504079928258e-03 2.26583991658911750e-03
-3.59886944619152403e-03 -1.01260420681321224e-03
6.41353891909307583e-03 8.40856493077464170e-03
4.49426898381836189e-03 2.61813521699405657e-03
2.79520562373413014e-03 6.59350892175618146e-03
-8.95215071045182636e-04 -5.26445064937372097e-03
-2.50012082178484264e-03 3.39639765418639494e-03
-5.15176382758484458e-03 -3.20868953905255327e-04
3.83539588108338910e-03 -7.54751631861553000e-04
-5.12681433403723574e-04 1.47509333230110549e-03
5.87551556010881392e-03 -1.63870336853072897e-03
3.89993017028893380e-03 -7.65323912925458191e-03
5.02189238853881399e-03 -1.61075383950145309e-03
-3.55330175131119298e-03 2.93577574991778787e-03
2.27515148033466830e-03 5.31050608915039951e-04
3.34384681871393533e-03 3.86701900920227281e-03
-2.21876337098446744e-03 -1.35608258278643954e-03
2.91744953611301674e-03 -5.89884800335334944e-04
4.49892106353529109e-03 7.43269022852964100e-03
-1.01618270546217620e-02 -1.52316529369525707e-03
-3.36779480021039829e-03 4.91509930634136637e-03
6.43506652418558180e-03 -1.80600210281730992e-03
-3.41835523636492425e-03 1.48169646623014977e-03
-3.66161979569409445e-03 -1.83958700949112832e-03
1.76622854397032051e-04 -1.39695319053840931e-03
-3.58281923269311868e-04 -3.32108489297193270e-04
-4.62983621781481568e-03 -3.22930533278866514e-03
-1.57571599823788178e-03 1.31072585543210514e-03
-3.49399875589951909e-03 -2.16193565219285292e-03
2.24132143985129482e-03 1.60938520129344184e-03
-2.71686403146513631e-03 -2.81199991393295311e-03
2.50997978516100465e-03 -4.34600442698508498e-03
-7.28126683981660861e-04 -2.26347563371870645e-04
8.97985089909470293e-04 -3.04020251879819363e-04
-4.71577470669036421e-05 2.55911523989551951e-03
-2.77373952788483426e-03 -5.30697405682451179e-04
-1.70449846792741495e-03 1.24163942188379645e-03
2.18579056497474489e-03 -1.52666244913461099e-04
-1.20532857676876651e-03 -4.92691808399102856e-05
-7.49705336335995329e-04 -1.09932958641468831e-03
2.05598541893739365e-03 1.34941442517722167e-04
-7.13793885285015002e-04 5.72899230703624259e-04
1.94851422990986387e-03 5.86915892956522853e-05
3.43485522670909085e-03 -2.53265153731087019e-03
1.87216946532312999e-03 5.91346947977239187e-05
-1.78885776044524760e-03 9.04718123138882222e-04
1.36440649381307965e-04 2.88406493368389115e-04
1.10849366117013524e-03 1.44450688004906197e-03
-1.56583283484441156e-03 1.57517707721073637e-03
9.75974466179569343e-04 -1.74925722047379086e-03
-1.04464647867202262e-02 1.73623600601965065e-03
-1.17569962959813341e-04 1.19680482165693226e-03
-5.69174357445475978e-03 -1.39094992002275551e-03
2.84705456425069338e-03 2.28143891906130037e-03
-1.35654691988222587e-03 -3.72628089654414600e-03
2.76971032253213456e-03 -4.02716516733690570e-03
6.50855547513690190e-04 -1.90049603720348270e-03
1.39028717842783482e-03 2.64631580581419510e-03
8.66302852417349424e-03 3.45836101321483468e-03
-1.49949712778707907e-04 -1.08752265324615158e-02
6.91435978288452817e-03 1.22625448480508754e-03
-2.62665023115107518e-03 6.37928890595657180e-04
4.72680087781691873e-03 6.08576570319859043e-03
-2.44873115539340517e-03 5.57040476598876649e-03
-1.88567979650200164e-03 -2.07323999670351936e-03
2.08923780306124324e-03 2.58184777583697416e-04
1.22776088261993682e-02 -4.49878294094878482e-03
-8.02716458844341708e-03 2.17178429310171603e-03
4.59816083908149743e-03 2.11759911399995700e-03
1.52723644695890675e-04 -3.65858635557335821e-03
1.56505548968767613e-03 4.15232491430982467e-03
-2.66099070422997318e-03 4.78499510266259739e-03
3.66788389445252847e-04 2.14311450885223596e-04
-8.60071011978718269e-04 -2.78196916995777737e-04
-3.08148104881640454e-03 3.21516066970742526e-04
1.90904142294798631e-03 2.16130593128665508e-03
-2.12335997916957529e-03 6.32092437965812168e-04
7.26731844818058817e-04 -2.50781640905124975e-04
-2.54413111552659983e-03 -8.09360640778015680e-04
-2.50432903435936539e-05 -2.28673282119998570e-03
5.43869544929463308e-04 2.68441525026104268e-03
-1.52836009287662077e-03 -1.95130567380232467e-03
-4.86712703914071298e-03 4.74792388967883259e-03
3.42973407945072186e-03 2.95102529881728940e-03
-2.29652058406257719e-03 2.00281370581338602e-03
8.84577519673626178e-04 -1.10898340168967525e-03
-1.90552540095020742e-03 -1.09728249267604405e-03
-2.56386759378265342e-04 -2.89462747915471361e-03
-5.12650502128282094e-03 -2.32501451945191012e-03
3.77681916444125645e-03 -5.23554126797145776e-04
1.33829515103128511e-03 -3.93205414080559715e-03
-1.42767301487971947e-02 -5.78064264855174888e-04
-4.15565203458967999e-04 -3.96870874255588878e-03
3.47240768977071131e-03 4.18034578149618528e-04
5.03107842797553308e-03 -4.98217573871371664e-04
2.20679717906816445e-05 8.02495043048122352e-05
-4.03361494913279334e-04 -4.54363162254612090e-04
4.35335779725804775e-04 1.02643876490912406e-03
-9.07498139356790849e-03 -9.57404639830364973e-03
4.19487016009733975e-03 -1.28840714504708186e-03
-6.69053273711619958e-04 -7.85718847323066925e-03
-3.23308078642002344e-03 5.32570608440599731e-03
3.52545566087149017e-03 -3.90693240583001641e-03
6.18867216027387413e-03 5.59350542942867114e-04
-4.84786390455560490e-03 2.29830834390411720e-03
8.32345496640923333e-04 -3.54532335907724967e-03
-7.62010340853209057e-03 -2.99484804508694767e-03
-7.38477274910923076e-03 1.37130790061172590e-02
-7.12501268146205173e-03 -1.28523635985774618e-03
4.28525897849623728e-03 -2.73167930083052573e-03
-1.43692249680369864e-03 -5.25211671712027661e-03
-2.32082916709873421e-04 -4.27482196253145194e-03
1.46285599560868978e-03 4.91353282934442188e-04
-2.67128289360551692e-03 8.20864341266114468e-04
4.54484803976319164e-03 -1.75792561409717253e-02
8.67196772461690385e-03 5.85844562535355311e-03
1.02512616660971802e-02 -6.06316593983475226e-03
-1.05766966100590484e-02 -9.96703113714600712e-04
7.42613879271415266e-03 1.65174758252417610e-03
3.65489654618561966e-03 7.96755390832879461e-03
-1.68026987042950156e-03 2.04962182320567740e-03
-8.86197802533233471e-04 2.03280255202190582e-05
-2.31421804506881700e-03 8.63817696460500266e-03
4.82671579943274535e-03 4.20498792398377435e-03
-1.36039637433647636e-03 6.77977673208677006e-03
2.61025612072151387e-04 -4.81406926252717256e-03
-2.86682963176176963e-03 4.54136070211048556e-03
-7.45702885406108584e-03 -5.56093166198785003e-04
1.40422294604988242e-03 -1.13911462150823061e-03
-5.43250118317213778e-04 1.64990218059174964e-03
1.25331112769285500e-03 1.61925592797125539e-03
1.38013000965110568e-03 -3.99395449457382121e-03
4.91823759274086811e-04 -3.68623517132311146e-04
-6.12700386692266626e-04 1.23845668174175287e-03
-1.93727780543999644e-04 2.59110804015316135e-04
-6.09839702056344198e-04 5.35451316185537191e-05
6.79760610894276050e-03 4.42070256824009610e-05
-4.50257341866961650e-03 1.00256826357973000e-03
-5.03195608538357844e-03 4.33036682359171099e-04
1.44192189184465178e-02 -1.37941719448286143e-03
-2.01223366835390433e-03 1.44735661312191035e-03
-1.92495721943610355e-03 2.43771083853694046e-03
-8.01303469408652831e-03 -1.86220958092619309e-03
3.47178950337058770e-03 -4.29513257255105790e-03
-4.12143630430751584e-03 5.70480235569524987e-04
3.54539543425575268e-03 -1.95057833654032004e-03
-1.28883773942849670e-02 -4.03505867029226289e-03
-4.49799292060995906e-03 1.87045506774528468e-03
-6.96242430011201081e-03 -4.45420605976142893e-03
3.80879897790112332e-03 4.08538563427316998e-03
2.23694513513180901e-04 -5.15440646264497988e-03
5.46353447110576197e-03 -3.31640985198680682e-03
6.11077953934417695e-04 -1.32362003705400994e-04
-1.76427235263416357e-04 6.62807602973850820e-04
1.44066483395220257e-03 1.67563538075351679e-03
1.79037683064335726e-03 -2.12030812077277113e-03
1.36181569162933166e-03 1.08166866363182792e-03
-8.44712904283831585e-04 -1.41304998331932504e-04
1.81461146637527942e-04 1.64410227461966613e-03
-9.58965330308554371e-04 9.93485127780865430e-04
-2.37699833871027029e-03 1.84771772269745724e-03
1.17272423759984994e-03 -2.69812381146364039e-03
-4.12366726362971888e-03 -4.34008705635501361e-04
-2.67535871700712996e-03 5.28542291050819284e-03
-2.63926049783055373e-03 7.47723782429301847e-04
2.29045609627100263e-03 -1.19192905634848815e-03
-6.06360611149235184e-04 -1.21938611216713087e-03
1.07443005933631161e-03 -1.50799514154073989e-03
5.16357564114835414e-03 -6.83306054149321806e-04
-2.85499793900331322e-03 6.01204458940213319e-05
-4.42072647800968201e-03 -4.92571895982690019e-03
7.03365861120227708e-03 -5.33532484896158464e-04
-2.42906801470896922e-03 -2.79259506528196401e-03
-6.43347713653371917e-04 3.94891195671894998e-03
-5.10999297684912139e-03 -4.96510156047193663e-03
6.64380782087317743e-03 -4.10485317392124925e-03
1.80918483824654702e-04 -5.69601520040091702e-04
-9.06832491388691206e-05 5.32273387981133106e-04
2.98355508105472038e-03 -2.48097000511951146e-03
-2.73002149091806676e-05 1.36012200871512239e-04
2.14062139016555882e-03 -4.29928472269380932e-04
-1.37797111778615341e-03 -4.70033888006964745e-04
1.10180800186583899e-03 9.90653472085609946e-04
-1.76417831924636576e-04 1.78146611447230077e-03
1.19715415562987289e-03 5.47778182663590570e-03
-1.21020658713959006e-04 -2.47381853697410670e-03
6.97532380789183618e-03 -3.21521801526763453e-03
1.96445476024836732e-03 5.54467822909892813e-03
4.47634224902499888e-03 -1.64908278704816369e-03
-5.10515318254136426e-03 -8.73496935937604843e-04
5.82543420434873671e-03 -3.90362894438799155e-03
3.48834570725283866e-03 8.35381943791854362e-03
-6.17721571535732438e-03 1.88448990978871056e-03
3.95783636319341475e-03 -4.80880511878105637e-03
-3.27611634639095458e-04 -7.05415329326198378e-03
-1.03450167397851640e-02 1.19039226917834751e-02
-1.39636025555388938e-03 1.17141833324759925e-03
3.55773130847121056e-03 -4.02281397535953194e-03
1.05384986696488046e-03 4.65369339703675464e-05
1.51783825773855476e-03 1.17610815300276707e-03
5.36742530269103792e-04 -1.15944156331628662e-03
-3.63938834034089199e-04 1.22109857475745051e-03
-2.84007138202261829e-04 2.80979535878007197e-03
2.18674917385448895e-03 -3.12807020477963655e-03
3.12859176706409617e-04 1.83423080120756823e-03
1.39046976059541822e-04 -1.18794462944974810e-04
-1.45920234449805264e-03 2.63239085255598465e-03
-1.94489542946319665e-03 -9.04555936698748109e-04
1.86549577865348132e-03 1.84880248809766047e-06
-1.45512865520171404e-03 7.26049210699984031e-04
2.38089488695650362e-03 4.82764192500973518e-03
2.15359881523005539e-03 -2.17171944918449072e-03
6.03241299747468295e-04 2.15721441129002869e-03
-1.71266033846783174e-04 -7.44886688503896958e-04
-1.36352925292871382e-03 1.09061623693858397e-03
-2.20363713103765776e-03 -5.93840227975753177e-04
-1.08612742930755727e-03 3.47347983109035736e-03
-3.97058370655633999e-04 -2.67631377582102379e-03
-2.28346858674389292e-03 -2.25865868267519825e-03
-5.03418674865924805e-04 9.44408474165364838e-03
-2.43967058594334561e-03 -6.86449102118973867e-04
-1.94860919460100838e-05 -1.66991459124482804e-03
1.78015037055948237e-05 -4.33792265806296623e-03
1.36786444178125144e-03 2.49530489448070917e-04
-3.45579733887654416e-04 1.03697952851659501e-03
3.07505800146517692e-04 -9.14196056175494852e-04
-7.37175968273111066e-03 5.63898434897157960e-03
1.48929338930993904e-04 -1.17326879121011662e-03
-5.18300281888361275e-03 5.09430441862252360e-04
3.18507264896579403e-03 1.69064683008473670e-03
-2.49763033056272761e-03 -2.54318204389115000e-03
6.80512563517698412e-04 -4.24774889028385789e-03
1.15694376020800994e-03 2.32557779775874243e-03
-2.05673423668988704e-03 -1.01972885895834832e-04
-2.17078009379200474e-03 5.52780699981837188e-03
8.15706598818383838e-03 3.48786251476341461e-03
-9.41966205324737816e-04 4.84662710101477039e-03
-1.20540363231924673e-03 -2.70232737217959620e-03
-3.61813030621901911e-03 1.83854766855360424e-03
-3.46179940390052565e-03 -4.62033997074022399e-04
2.71632996221831744e-05 -4.70719210314882999e-04
5.61781157030352175e-04 1.22510317161539720e-03
-1.26587405528948791e-02 -3.04534372047663652e-03
3.91460284429001344e-03 -4.62576768835496442e-03
-4.44565325327804083e-03 -6.67180665613808892e-03
-4.31648142634043219e-04 6.76189727094563073e-03
9.92642356654089035e-04 -5.19567169292229486e-03
5.52466407223954278e-03 -2.75293147902348897e-03
1.70603521010071423e-03 5.52900732916536321e-04
-1.38910629759141790e-04 1.09042751876861545e-03
5.64328997613322125e-03 2.31062312471551389e-03
3.59675389235536956e-03 -4.65067748641991192e-03
4.64474939360438877e-03 1.37110494349592738e-03
-3.15225416766202896e-03 5.56929124856717389e-06
2.45470461961243324e-03 2.75520140827751822e-03
-8.10712037182213254e-04 4.54201410278326067e-03
-1.90106135409424043e-04 -8.32248495799580595e-04
5.46597595483814397e-04 4.80291159610561841e-04
2.42672089114905065e-03 1.26739420204980438e-04
-1.89620236426513351e-03 -9.98810545994050034e-04
4.54032143532839523e-04 4.36211989073773880e-04
4.51109497035234632e-04 -2.03223977602619396e-04
-3.24916081300877276e-05 7.26782371384304313e-04
-7.26641687998383183e-04 5.98741844382625417e-04
4.59807572988122065e-03 -4.97040084509625668e-03
-3.54136228869534296e-03 3.57288739609264812e-03
-9.08244104029686319e-03 4.97769738900783257e-03
1.10048068672683776e-02 -7.70364585259731942e-03
-4.52401595399296291e-03 3.77719796228318493e-03
2.45329993628865721e-03 2.36349323649012429e-03
-1.14151123450445639e-02 3.65675144869904772e-03
-1.57625087292794929e-03 -1.00832990599678610e-02
-1.67247314455986045e-03 3.88956384953858831e-03
-1.12623040676128409e-04 -3.51240638879124750e-03
-1.52420666808961731e-02 3.91135286315626401e-04
3.47748908658430077e-03 5.47476146008080231e-03
-6.24833008880885769e-03 -1.97306396188257635e-03
1.79247894266612714e-03 1.75542497226094970e-03
-1.01424206092870354e-03 -5.02729966091383738e-03
4.37245990336606206e-03 -4.89733613084514241e-03
6.41584461627969739e-04 1.99423353196998042e-03
-1.98937254224756260e-04 -3.11973302397167043e-04
3.50698118970614852e-03 1.16199829541083059e-03
2.42156618731925776e-03 5.74296072344935454e-04
2.60953399357681222e-03 9.97260357171010246e-04
-2.42787792808399350e-03 -9.49414693747639401e-04
2.03659134893151772e-03 5.27875653775806085e-04
-4.13303647653602687e-04 3.76370207208785940e-03
-1.05925911275179196e-03 4.60839782795977038e-03
-1.21438200120673671e-03 -4.27628004925138458e-03
-7.88376316298072463e-03 2.49844584777330963e-03
2.97664940676683597e-03 8.54313030180783514e-03
-3.09712959372747919e-03 2.11216365457353667e-03
1.26553684278067819e-03 -2.50294206984681038e-03
-1.57033864061559931e-03 -1.86773977050831924e-03
1.00211816670195365e-03 -3.25197540447155070e-03
3.38232344039426404e-03 -3.32518378753378450e-03
-2.60650523372298612e-03 1.59468957047901108e-03
-8.24650113620203039e-03 -1.53682440080912687e-05
6.25129500701108662e-03 -2.96872994445812870e-03
-4.85916003561705830e-03 3.63447959619121557e-04
2.40478025873387636e-03 2.70225773055697126e-03
-8.46021035150106362e-03 -6.37890594731431860e-04
1.70464251989652224e-03 -8.42431544506482867e-03
9.71126403122268530e-04 -9.60103871413176772e-04
-5.54130081117440898e-04 1.40142027912315299e-03
1.88788854040748905e-03 -3.17622186361145829e-03
1.98748149392403073e-03 -1.71587749025660223e-03
2.38769837172132012e-03 -1.83286673220208786e-03
-2.45080982361374272e-03 8.72545224348263669e-04
1.58586834894562916e-03 4.64118608967368899e-04
5.42660502029043701e-04 1.84951843333239262e-03
3.92353475928992803e-03 5.14159014139245561e-03
-1.66334769311511036e-03 -3.10318654640990860e-03
3.14018878283433851e-03 -8.41890372703571824e-03
4.34258364879603568e-03 7.05420147849048981e-03
1.84561267313243754e-03 -4.83637994149300424e-03
-4.80127936807649407e-03 1.97620711544052238e-03
2.77203974180414460e-03 -8.85958036246555988e-03
9.00266605207357754e-03 5.04313547442522027e-03
-3.68508094437176989e-03 5.79215717504291336e-03
2.64885870838018893e-05 -6.41199569637672558e-03
-9.04956936408917584e-03 -5.37254226861936645e-03
8.50694289331033670e-04 1.54203269475806128e-02
-2.03769708803679681e-03 4.16497559103889481e-04
4.01939556326604008e-04 -3.87164944070439400e-03
7.71158518882396663e-04 -2.23724436200761420e-03
3.40099617045894718e-03 -1.31242896707573615e-03
5.05768664852011742e-03 -1.59598362317025502e-03
-2.90545471763199552e-03 -3.49519491362027901e-04
-7.45901985863921691e-03 -7.80098202101546945e-03
5.08044492312377787e-03 7.04551847589439807e-04
-4.85529351267345935e-03 -4.77148296643373996e-03
9.90075899523401495e-04 5.15818356724312855e-03
-6.54229671308409564e-03 -7.33798735154345821e-03
8.74421218515967005e-03 -6.95237043068530885e-03
-4.34599875400515779e-04 5.10567521797836588e-03
-2.24625139022725925e-03 -4.54931976986397597e-03
-3.71897769962233797e-03 1.66359344357904599e-03
4.13361544395948830e-03 1.07559408843264526e-02
-2.46399848712433730e-04 3.49595603310097871e-03
-3.71675063291849214e-04 -4.78234536387322270e-03
-1.00877380050028967e-03 -7.05756151063564825e-05
-3.04971805008070909e-04 -1.54436042076808318e-03
-6.12829462747173717e-03 4.29234910721258949e-03
4.37714867898615721e-03 -2.58232731275355150e-03
1.07765040981747592e-02 -7.95251659131902995e-04
-1.19753203117967943e-02 5.20561034208830674e-03
5.86896450351807267e-03 -1.23223155420656072e-03
-2.16659565476046189e-03 -3.96303431658389608e-03
1.23441546602977084e-02 4.46302172190715337e-04
-2.54148182175329253e-03 1.10948581140117800e-02
-6.88517731379206799e-03 -1.81729012053015725e-04
5.30361578878032255e-03 -2.99397122978269353e-03
-1.64489576974490557e-03 -1.59269806151574912e-02
-1.06090606659004147e-02 9.53174690884255570e-03
1.05493359917354056e-05 -4.47496559065713520e-03
1.11845715225936701e-03 -5.36624271403884044e-04
4.41918744298580406e-03 -1.22532311034121875e-03
5.06721561573619458e-03 3.67782212251949658e-03
-1.15902421122881524e-04 -4.17637861781161752e-03
-7.75198113506391298e-04 1.44904505785663456e-03
-8.48083967886048389e-03 9.50005787406776794e-04
-1.61932997916863151e-04 -2.21037066556275955e-03
-5.66566042036320289e-03 5.73409031308794843e-04
4.62680501567697654e-03 1.31376710829656700e-03
-6.81749431506140872e-03 9.01759265389982367e-04
-1.04641595323572644e-03 -8.86493262702404278e-03
-3.65075725913981608e-03 9.88597891977284319e-05
2.41747149398567358e-03 -1.22067244960438032e-03
-4.96104006483515190e-03 -1.66282625775975544e-02
-1.62271899285172964e-03 6.23846992975581049e-03
1.55309805221144821e-03 -7.34446574923663942e-03
-3.06127374301627501e-03 1.95543220718258489e-03
5.50262870633130927e-03 -2.36298032962602026e-03
6.55810182508964612e-03 3.63445492138858312e-03
4.07470483259727515e-03 -1.64183035566120832e-03
-4.27593943476634215e-03 1.67861119807793122e-03
-1.04427719371778423e-02 5.26762444010493106e-03
1.29506396606031554e-02 -2.65520305580951106e-04
-5.89118437034972988e-03 4.84373724861892740e-03
1.73394672962978225e-03 2.24776614660494802e-04
-1.18068655781532576e-02 1.47284734872481509e-03
-1.87400259520119372e-03 -9.24659199391737394e-03
5.10906996554958900e-03 4.80842681173554096e-03
-6.25077042182962776e-03 -1.51072466363303586e-03
-5.46772371951303755e-03 1.24945226883718397e-02
1.37156644039475029e-02 1.50415536577592959e-03
-1.00582461091444728e-03 4.67616865995747200e-03
-1.82809072517510626e-03 -2.21602759232783671e-03
-3.81613770626454841e-03 -4.69281342065843202e-04
-2.59167285658743743e-03 -4.73787137279669222e-03
-4.26674793646447757e-03 -3.55498174620515542e-03
5.00715885182335431e-03 -3.75923907388135453e-04
5.70788722787743570e-03 -9.69340184657886857e-03
-1.86474802854803626e-02 -4.86055588642272940e-03
2.45472318267594318e-03 -8.77280001753274336e-03
2.42872415369288193e-03 3.61969400902902635e-03
9.17699640942789066e-03 -2.77425510440679939e-03
4.85398806107768550e-03 2.71104078877766608e-03
5.90482226379786907e-04 1.68311950570286138e-03
-2.18619024198794332e-03 -2.42488535282056735e-03
2.22496579958846794e-02 2.30650434475901129e-03
-3.55170705206698948e-03 1.03387421910985169e-02
9.91123729375656057e-03 1.08010758620140489e-02
-1.78537940804534179e-03 -1.24864198844998001e-02
-3.93858848368030417e-04 9.32731352004236881e-03
-8.94372784565078231e-03 6.10534749073388811e-03
-4.51327266104439590e-03 -1.29510436986259784e-03
9.06851510306442578e-04 -5.23286363243658978e-04
-7.36363249088953752e-03 2.67179767823023462e-03
-5.49662724768081815e-03 5.02864163391233271e-03
-5.95838794257296835e-03 1.96633441780802313e-03
5.21828381266903948e-03 -2.58161233498634948e-03
-3.44927114707549443e-03 1.14781210260505142e-03
-4.63621308563668105e-03 -6.10949384227262200e-03
7.79446523238138409e-04 -2.24236473694755783e-03
3.26494328026891005e-04 2.13057525916562386e-03
5.38858742932172684e-03 -7.63931804811240033e-04
-1.37676299508243433e-03 -3.99923483173097831e-03
2.21298145709405199e-03 -3.45049690573593910e-04
-8.37505049776994265e-04 5.55782213874735195e-04
6.92298480841853467e-04 1.54500350588097760e-03
-1.17238062872569541e-03 1.95406995924046409e-03
-3.58565205913268263e-03 -3.75550701487483546e-04
2.38237587943287889e-03 -1.03936746803734550e-04
2.91277636953875003e-03 9.13038587408170196e-04
-7.14571118748613242e-03 -4.13098084695496474e-04
1.39220426625526563e-03 -4.65192568063660822e-05
1.01339218109660137e-03 -1.46977107143397390e-03
4.05010161600726035e-03 2.10583161823838915e-03
-2.73479575469946085e-03 2.25617662218388811e-03
9.69817587082095383e-04 2.83469323242521113e-03
-1.68845697135974596e-03 -1.99736319219239551e-03
-5.56518995422390726e-03 9.71557244490757997e-03
3.07371253905194472e-03 1.39460277690974595e-03
-4.14101616248046395e-03 3.79077315544595547e-03
2.69235014493339388e-03 -1.14125998388567578e-03
-3.77450583269129747e-03 -1.22684116666521852e-03
-1.51903314434588326e-03 -4.76882411765936366e-03
-3.35518828503493342e-03 -5.65438192725380151e-03
3.64131530000280082e-03 1.77244981701845218e-03
2.03756165952802141e-03 -3.20801246559636105e-03
-1.29952924422245247e-02 -8.73297990984062654e-03
8.76361124671987666e-04 -4.13217403974198722e-03
3.68748422609004858e-03 2.72540968104571313e-03
3.88425309952106050e-03 2.11311156779693575e-03
2.30117508126023956e-04 -1.34745313643004714e-03
1.80460202062412436e-03 -8.49265346128934197e-04
-1.69924821730231567e-03 2.07742324472480391e-03
1.19942734948658841e-03 -1.02795909974300551e-02
6.62361057082682184e-03 -6.25827292949803870e-04
5.59681066078517118e-03 -5.45092959197870149e-03
-6.81870636043196629e-03 1.85198854557309554e-03
4.60647834389913205e-03 1.13178486011616036e-04
2.94705302110999986e-03 4.36281954914841119e-03
-5.05994963486233306e-03 1.26293813328703952e-03
1.83930830750706300e-03 -1.47143368868786245e-03
-1.43268474973334793e-03 2.07850098354945981e-03
-6.76797900999971756e-03 6.32464297221297777e-03
-2.11148172414404173e-03 1.48087955234799617e-03
2.47189786833786410e-03 -3.60855648515920986e-03
1.64733750853134921e-03 8.57514363777015214e-04
-4.33240477531673072e-03 -8.67717890093858347e-05
-1.77409855364833008e-03 9.83324474549752622e-04
1.08828156465890424e-03 -1.05112175835295717e-03
-1.05363280099213790e-02 -5.81804361751800305e-03
1.41049043382185748e-03 1.90210662221986177e-03
-3.19868835470693644e-03 -5.05458984688260480e-03
-2.27575702458414505e-04 3.48763358076463687e-03
1.60371060887162494e-03 -4.06999811875774758e-03
5.18570628641859196e-03 -1.43805258936359937e-03
2.19692683009968439e-03 -1.12381949482046085e-02
1.56759499561627720e-03 6.37670152762739254e-03
1.51400102409951411e-03 -4.34965106672299771e-05
-4.22459094477767826e-03 -2.35922925635683838e-02
2.60847160566989164e-03 -2.58948915205997176e-03
3.15207655916653964e-03 6.93912694902738564e-03
-1.43991196553125574e-03 7.15585527577194350e-03
5.18072882322448782e-04 -5.23377939455322867e-03
5.16971883616400025e-03 -3.72408253156870320e-04
-5.12537941019254335e-03 3.39022197215894895e-03
5.08817053455902241e-03 -1.17780454214936776e-02
1.45022664912103656e-02 -9.38018517879847828e-04
1.07404703483088872e-02 -5.73829342561253761e-03
-1.20908117126003120e-02 8.12669973775934909e-04
6.16688354484925053e-03 1.86033872621384016e-03
2.08970518080294236e-03 6.81712151905514152e-03
-8.66295749219465026e-03 -1.90936671583803795e-03
6.32782699181753342e-03 -3.29753092836145532e-03
8.79586527794119733e-04 -1.31436419743957023e-02
-2.67211774491743700e-02 5.53782869774637528e-03
-2.53873211578820512e-03 -1.07823618724842418e-02
5.84713727812106489e-03 1.74495734109747459e-03
9.55178981263931672e-03 -7.20636247197502591e-03
5.17410373765179402e-03 1.98467269961998254e-04
3.95522571278960396e-03 1.74655764653100943e-03
-5.78853856219426702e-03 -1.19265389526461191e-03
3.51540056101382406e-02 -3.26391465680917045e-04
2.00638786019933938e-03 1.23897106573676828e-02
1.91948984865052442e-02 1.32390963525345177e-02
-8.05327836845846738e-03 -1.71882228261464251e-02
1.79864574529170441e-03 1.45120144420035381e-02
-1.25744950634272094e-02 1.16671097880682601e-02
-7.06997654775755064e-03 1.48467037458182021e-03
1.31012279322156324e-03 -3.46981649693369918e-03
-1.07322780694188869e-02 -6.50525568190492916e-04
-9.66324622969793288e-03 1.52397591273367890e-02
-9.56756593504300666e-03 3.32189444411388156e-04
6.69404990665001254e-03 -4.22740869447761364e-03
-3.07873544899287584e-03 -3.68504128709160701e-03
-3.31111267753653789e-03 -6.98650629199991813e-03
5.03326242139040276e-04 -9.85697060782645849e-04
6.61911066863146393e-05 1.49005680022362068e-03
-3.86491428390136260e-03 -3.55555013934887813e-03
2.47489530422265094e-03 -3.18095494380273404e-03
-3.03453089295530520e-04 -4.06409955814762778e-03
-1.67462467964297991e-03 3.46319325417629833e-03
1.51322167257425750e-03 -1.83795326564272963e-03
2.67847160860841321e-03 1.70597287474414885e-04
1.70566477213405371e-03 2.26195531097077166e-03
-3.89882861119566528e-03 -5.97968461912753383e-03
-2.14724313799352293e-02 -1.58095357848432767e-02
-6.65379140929607923e-05 2.20266816929250049e-02
-1.68954418927695048e-02 -8.52006160809009629e-03
6.26386947348816885e-03 3.54116736064931902e-03
-1.19816647454701261e-02 -1.91821544679391526e-02
1.33316104704761709e-02 -1.53798078490773558e-02
-4.51062192368968749e-03 3.86324517388560423e-03
-1.35200820545684357e-04 -4.07719284979060972e-03
-5.57134939856116906e-03 -3.91614499780030892e-02
7.63346912972682513e-03 2.15132510463221273e-02
1.12041373804379982e-02 -1.39091309983768972e-02
-1.40235737087946490e-02 -1.16473891240499836e-03
1.40599799281008481e-02 -2.02912686336574610e-03
1.27174094483769300e-02 1.14714253019173214e-02
-5.26106598514595059e-03 2.78679456108574903e-03
1.10851239163952970e-03 9.85217542071204801e-04
3.48396002437574440e-03 1.65925306212010119e-02
2.45836991563306174e-03 1.95029713134965352e-03
2.72735993146540996e-03 1.17576702117942761e-02
-5.83993369000681130e-04 -9.03701939476226138e-03
1.41455823347348100e-03 1.18934390482889531e-02
-1.55356466566085507e-02 4.53413890466747380e-03
-5.95219393404257738e-03 6.77628240175370800e-04
4.08264442868157967e-03 -3.15912613752655259e-03
-2.91028235595646931e-03 -1.55865677713829288e-02
-7.39675791185663220e-03 1.01583943294160303e-02
4.71993335582165008e-04 -4.59013391519727445e-03
-1.10678201668288649e-04 -6.48502445602518228e-04
4.50320899336166362e-03 -1.46046975785397884e-03
5.27752805528053631e-03 3.43571685770945913e-03
2.63136853648838435e-03 1.37205979665372423e-03
-1.39394519819738228e-03 -3.77231178579776495e-03
-6.74250411397028966e-03 -1.54072325188568116e-02
-2.74183397988467378e-03 9.56158444913979624e-03
-5.93972379075030123e-03 -9.85395129115185231e-03
1.20430346103121591e-03 5.15062756233749044e-03
-2.03984705899365199e-03 -1.42576935362540499e-02
1.34368323840479524e-02 -4.56534518518484853e-03
6.26285449648566334e-03 7.59029764405604257e-05
-6.03577756310124617e-03 1.66828476970169682e-03
2.64575850101427014e-02 8.82961165325281926e-03
5.04241746907054672e-03 1.01094201588753751e-03
1.29085507060083260e-02 1.13745013201735981e-02
-5.33779053281737553e-03 -1.07834568482338411e-02
-1.31531502632612493e-03 1.08603879873049227e-02
-1.17530813740602119e-02 6.19449157842863821e-03
-9.46184634161013893e-03 1.03978637244623254e-02
4.51291133417839121e-03 -9.80556950666386894e-03
2.45925800476690928e-03 -1.40408582404300247e-02
-2.06654402766446137e-02 2.82990061706649733e-02
-2.79439008428750439e-03 -8.81197511605609843e-03
5.37080644138315712e-04 -4.66618446133241788e-03
1.27537989806458425e-02 -1.50051477866007671e-02
6.23686874702114591e-03 8.33318196460460306e-03
-9.30897845289724302e-03 2.48403172202570294e-03
6.34140490538352697e-03 -5.35700082476059641e-03
-2.14865006853358076e-02 -2.21772118125210770e-02
-6.60591653471999211e-03 1.29932790479013061e-02
-6.74983756106672939e-03 -1.17371212453884002e-02
1.46079273869650808e-03 5.05108651400759581e-03
5.78372788023532279e-03 -8.54730228104730490e-03
1.33087387185340453e-02 -4.60133834417285315e-04
1.06030421161600638e-03 4.73409994479489799e-03
1.98590613146706505e-03 -2.25445375611424068e-03
1.43533842403455424e-02 -7.75767696012344757e-03
-3.94805653321054616e-03 4.54188167999448889e-04
9.37149420470009646e-03 -5.86769978304579280e-03
-6.91242829929364106e-03 1.42886793051969743e-03
1.25007706343436033e-02 -4.64721207187746965e-03
6.85006276544061071e-03 1.36625974070965894e-02
-5.61035233295004414e-03 -5.44619003185738745e-03
6.93325635074351979e-03 1.53743611969619923e-03
9.39980230224127591e-03 -1.16371522415266177e-02
-1.67852733858542304e-02 -1.42493725331581866e-03
1.67385952825264191e-03 -3.03482412088920293e-03
2.81763272441877023e-03 8.94694797095875222e-04
3.42673547657109745e-03 1.85492379608071987e-03
1.06377999560808702e-03 5.47080239715981142e-03
3.57847916517900272e-03 1.46503555734279941e-04
-4.53538854464003577e-03 4.24157805258965331e-03
-3.33643737031437317e-03 2.02272340933261005e-02
2.15148488181841485e-02 -5.55201960432315580e-03
4.78963953662248022e-04 1.52583217411803827e-02
-2.03670671014453790e-03 -5.48984630582636645e-03
-1.03639502382655447e-02 1.33259808509231647e-02
-1.35783523659209430e-02 -2.76791514182090194e-03
8.24263875791088514e-04 -6.68870253562919154e-03
2.98205851022160205e-03 3.78527704021214750e-03
3.12411264794303714e-02 2.13636633632631467e-02
-1.95432725926460021e-02 -1.15115025788706631e-02
2.61934771091209022e-03 1.57810793024462867e-02
9.48410653102270233e-03 -7.64494951843554781e-03
-7.42655605246619020e-03 1.09844765701168634e-02
-1.60656577444583601e-02 1.65036872684617758e-03
1.54391447184663664e-02 -2.52315905239500335e-03
-5.17281318506702427e-03 5.68272708338426070e-03
1.13834155136818514e-02 -1.64499838637827367e-04
2.38318288409609495e-02 -2.32582448495962657e-02
1.19849903593165549e-02 -4.74570424264880611e-04
-1.08090016077763348e-02 8.66119516913273386e-03
-1.54534289905429141e-03 3.02764273702611211e-03
8.55672410016431600e-03 6.37843128824905781e-03
-2.41388736915295991e-03 -6.08637531756185159e-03
6.81533941990288081e-03 2.80192576842860355e-03
2.63480095567908109e-03 2.61673410782306132e-02
-2.08715320902706954e-02 -1.79522862266544535e-02
-1.38701206629945929e-02 8.58482014043552080e-03
1.74347152503405711e-02 3.53169540075063152e-03
-1.07730853630164346e-02 -1.91109295140524666e-04
-7.63814580121626417e-03 -9.36781953995781055e-03
6.40977362457685346e-03 2.00837456668961000e-03
-3.49790376639267243e-04 -5.07996820012015810e-03
2.22632045755208991e-03 -2.93225962088110616e-02
-7.21319485440902186e-03 5.84467009715240217e-03
-8.01435656710416461e-05 -2.02994996320167674e-02
-3.21516612909695599e-03 1.16037719343263148e-02
6.14198633434739731e-03 -2.26613117269842158e-02
2.63055581068322858e-02 2.49149920319258851e-03
-9.02083658997577566e-03 8.26674577084709344e-03
3.34373954651350641e-03 -1.08358310081327919e-02
-1.84171785484568348e-02 -1.08507927592197458e-02
-5.15252126878993407e-03 2.44843964322008778e-02
-6.99695890531002503e-03 -1.19242161359789291e-03
4.05195227888060106e-03 -4.15929226202625506e-03
1.23235836035355301e-03 -5.53698297053137854e-03
7.56041049290928635e-03 -3.22489728397082776e-03
1.68109902321286167e-03 -9.49986624132589594e-03
3.69236316835397675e-03 4.97947680034526927e-03
9.85948201876378841e-03 -6.41576989062265027e-03
-1.06174232631474665e-02 -2.38776758640568167e-02
7.69138961594117467e-03 -7.67616609764870325e-03
2.70449784970258308e-04 8.43157311810932737e-03
6.93568584749898638e-03 3.85343501058805658e-03
5.25438403117609639e-03 2.20523230746944758e-03
-3.02278534017894973e-03 4.20484279750910333e-03
6.36628160836739520e-04 -6.92062741166568629e-03
1.61649255922604700e-02 1.81338261860678508e-02
-1.34968287480517497e-02 1.35154897758232306e-02
-6.30982167551862017e-04 1.88815567728471516e-02
9.56248049554519509e-03 -1.51561801369624934e-02
-7.83289135565359840e-03 7.78017699168071213e-03
-1.22872152200712743e-02 -2.01228865712510226e-03
-4.33931188802963528e-03 -4.53705090099101784e-03
1.36632262484619421e-03 3.89988322298125492e-04
-9.61752231271320764e-03 -2.34785816674386208e-04
-8.80904660045364260e-03 1.18417685128375280e-03
-7.54489588554161424e-03 -6.34094078708518521e-04
7.43894584037479469e-03 2.91416252047676136e-05
-4.72161128736669090e-03 3.90361181116005262e-04
-2.50054919460411312e-03 -9.65566621622021039e-03
1.38385335019861446e-03 -1.45472737577140022e-04
-1.04785448378600559e-03 5.09849459615202062e-04
4.18257251328473662e-03 4.41298565436975838e-03
5.64875697797912499e-04 -1.36025780256455509e-03
1.10212353707911230e-03 2.79597338579055553e-03
1.48784486593465151e-04 -1.57188002561084190e-03
-1.28636715022823291e-03 1.75479959021481780e-03
-2.73309249480065347e-03 -1.75154755076859684e-05
-5.28642077971898535e-04 -4.83353134100981355e-03
8.68370452636304342e-04 2.43273495107439435e-03
-1.60242338319948078e-03 1.20690972471328302e-03
-3.12216679155927473e-03 -7.89442072658101332e-03
-7.23619388284932634e-04 -1.33869715811426519e-04
2.81012028039300454e-03 1.80711487656822541e-03
-1.69992249537307284e-03 3.48625224053241865e-03
-1.52551567528874774e-03 -3.90695393636209844e-03
-5.17361308671371051e-04 3.61380803376657421e-03
-7.40972493519303664e-04 -3.02728171745637008e-03
-1.22121912110588326e-02 6.65821839972852852e-03
3.04407994363123727e-03 3.15324386321620210e-03
-6.61807840909452334e-03 1.16286313182418903e-03
3.22866681630873441e-03 6.81296917160470581e-04
-3.11364563713457162e-03 -3.74645672471949666e-03
1.51448516359519998e-03 -5.97759372498215050e-03
2.07884897319108924e-03 -5.53812607805903318e-03
2.65040187070200500e-03 2.66215704088706116e-03
9.04236710203101986e-03 -7.95586381156910931e-03
-7.91481420328439544e-03 -1.57916897975457181e-02
6.68551125961258826e-03 -7.74555527310173686e-03
-1.26822134240773664e-03 6.98859782711874766e-03
6.96193878043351814e-03 -9.02885225862620076e-06
6.90500781621696674e-03 3.77149583204926427e-03
-1.25542235028006034e-03 3.52589422238370424e-03
-2.02844865635706112e-03 -3.37345392683681237e-03
5.08330307044736491e-03 -1.76558366262057967e-02
4.96926403481078808e-03 1.57528655123077496e-02
9.75289067822497982e-03 -2.22114155727401496e-03
-8.46289197856623168e-03 -6.00836711789466509e-03
6.62687335898330936e-03 2.59608558942223989e-03
2.68787393522367619e-03 7.72218555462611360e-03
-7.68516126542277429e-03 -3.23600227916968778e-03
3.04345218394862617e-03 9.54053450950503347e-04
-4.48878557132669810e-03 7.20568268953116365e-03
-1.04987923574923273e-02 4.21279770076355320e-04
-3.99257303340838383e-03 4.20658718606590522e-03
6.48675306621845048e-03 -4.26716466933472604e-03
-8.74183218652586436e-04 6.80472762427804332e-03
-1.00302008250889481e-02 -4.78999051206007321e-03
3.15475893937259134e-04 1.53664528275189325e-04
-4.57110253159775525e-04 7.48096169303890421e-04
-7.72161682591099210e-03 -7.33896181783771136e-03
5.35321748633278086e-03 -6.62256451355528212e-04
-1.16475063718783910e-04 -6.22198100670474669e-03
-3.38243030594385149e-03 4.07493316497967942e-03
2.85218953039047046e-03 -3.13972748843723091e-03
4.92787988215031073e-03 3.57278952354426267e-04
9.01011702848254943e-03 -9.25775277406241590e-03
-2.48921798117252967e-03 5.72523450103070482e-03
-1.38217008653924848e-03 -4.20671232583585183e-03
7.87684359851736210e-03 -2.15423355597250503e-02
1.49698146521528349e-03 -4.21679325687446694e-03
-5.39484360055387944e-05 1.00291395084035045e-02
-6.40223253535338738e-03 1.35022102893455091e-03
7.65473630083550894e-03 -6.80022823582489538e-03
7.23637708093509933e-03 4.85491652839729632e-03
-9.39826368753602336e-03 -4.26787751928040250e-05
1.58205848812930619e-03 -5.92330181375145572e-03
2.31700227505348931e-02 6.77136913424167437e-03
1.09730767835561245e-02 -1.40603530363237286e-03
-1.36106934459776958e-02 -3.55700988461721181e-03
4.17154384357421894e-03 2.06242102852936858e-03
5.53248796596325578e-04 4.39531187993773449e-03
-1.06065857416973268e-02 -4.26060423957520720e-03
8.56106563059252403e-03 -1.25204844234831961e-03
6.58151907515674116e-03 -9.58047799895832448e-03
-3.11496767737948592e-02 -2.35668494863632266e-03
1.69572940422588561e-03 -9.51520941044066253e-03
5.75038039693518375e-03 1.29498836351702481e-03
1.36524016824861542e-02 -1.32600638410707212e-03
1.17837967071303938e-03 3.39953389905944337e-03
4.74137031682580427e-03 4.83516832264647718e-03
-7.09918127344439601e-03 -3.85699193620636996e-03
3.06147027048578081e-02 1.68465236099063255e-02
2.10543782986938972e-03 1.29829256108470424e-02
1.25377416174911136e-02 2.09300917325322688e-02
-1.78920127920192181e-03 -1.97022195519663337e-02
-4.97098391409209195e-03 1.38946500294967294e-02
-1.67652984826917005e-02 4.52581578683906773e-03
-9.25991021161957917e-03 -2.04795159552593510e-03
4.16797718222759045e-03 -1.87124104588938544e-03
-6.17991507608043646e-03 -1.70288057584061276e-03
-1.82155585714574714e-02 7.35297799144154704e-03
-6.58601972554950180e-03 -1.90538201785586951e-03
7.89884423613550733e-03 -2.68803836067610684e-03
1.52381372992706904e-03 -7.33953907137866531e-04
-3.96174675109501034e-03 -5.29788264041110204e-03
1.83747186971621335e-03 -3.58876863477578228e-03
-4.95470984857636305e-05 4.24474186781310676e-03
2.84839364646402018e-03 -6.35307727977081193e-03
2.40663244168521718e-03 -7.56816809212902588e-03
3.54193238094101682e-03 -5.29662437625556554e-03
-4.09311649033358444e-03 4.17764859017732363e-03
3.18544077017079291e-03 1.08250503154627042e-04
1.76116069788220570e-03 3.33898958887486347e-03
2.93998623591097859e-03 -3.00420637882979971e-03
-3.14022431651127644e-03 5.76107721903282668e-04
-1.26977445489319263e-02 -1.66164086180856422e-03
5.76046628463464799e-03 1.43108916146299898e-03
-8.36783289322261259e-03 -3.31360812169900017e-04
4.08787753616797912e-03 2.62668669419952386e-03
-1.09262885979355805e-02 -3.24881150548028772e-03
2.75304605972299552e-03 -1.16551813631653473e-02
-2.28373651598628991e-03 3.63430522773994453e-03
-3.44954253486505025e-04 -3.38768737675455281e-03
-1.03057156966629808e-02 -1.28906470009245017e-02
5.01403369603924554e-03 1.05317175776488206e-02
4.96346011825711357e-04 -5.66940578693359443e-03
-3.95864619555376124e-03 4.10105949892800720e-04
4.17927680491952860e-03 -3.40748609951019386e-03
6.64511485776882269e-03 1.16954813605609853e-03
-7.08003963839457591e-04 2.56623028093847351e-03
-3.23565068109496229e-04 5.12756558888800319e-05
2.67994304964149291e-03 6.50737208363925436e-03
4.17072260610459183e-03 1.67827053713594460e-03
2.19477482170608862e-03 4.94021255479505910e-03
-2.00786793756311177e-03 -3.65876948978345693e-03
8.23150957638104481e-04 3.97497592064770082e-03
-5.24387449757597341e-03 3.51933798632980948e-03
-2.26332948018372450e-03 3.51680912048524946e-03
1.29064271811607940e-04 -3.95406804802113463e-03
-5.64018701241932822e-03 -1.78307944782881995e-03
-1.12022245341702048e-05 8.94703848532182530e-03
-1.90275705755440215e-03 8.36471584022861520e-04
9.83774028615155361e-04 -2.38501320186730766e-03
-1.17868718846349894e-04 -1.39425188198835127e-03
1.66736337536854814e-03 -1.36360302483591622e-03
3.16512204012437759e-03 -1.82088351862554304e-03
-2.07566725777522066e-03 1.10435918176611303e-04
-6.64114304957011230e-03 -4.33422731561309681e-03
3.52080734334825080e-03 9.45795471428399770e-05
-4.32796848901804455e-03 -2.58118011532937341e-03
1.59584627625912142e-03 3.35925475905829831e-03
-5.77354880938802262e-03 -4.23931548588483888e-03
5.00168726013739458e-03 -6.32532599519839474e-03
2.85060652407917144e-03 -5.13663025970605689e-04
-2.35334169046693287e-03 1.41500315123091100e-03
9.09717629236937546e-03 3.55526271718720720e-03
2.70279827329457682e-03 -1.71054266934171791e-03
4.53784167759348472e-03 3.38558647696171264e-03
-2.23996198306670048e-03 -2.81564257484727062e-03
-4.51997667398719503e-04 3.62290273732925093e-03
-4.04622196315214400e-03 2.06207224082484561e-03
-6.34155645113019606e-04 6.38061430605574732e-03
7.69152554364120307e-04 -5.22654044229029120e-03
3.51119262837844021e-03 -1.12905370446150111e-02
-5.37861596927980985e-03 1.31106484387891829e-02
6.52078329037016438e-04 -7.06847539286939181e-03
-2.89206441773524111e-03 3.58845683958421526e-04
6.82262876783277551e-03 -1.11364028500634538e-02
8.76137722220314552e-03 6.32427787902232336e-03
-5.49533760344750582e-03 4.53024721248032874e-03
2.12168330546215738e-03 -5.86350283263681153e-03
-1.31041276379638069e-02 -1.16931139823378272e-02
-1.41232984669059430e-03 1.43931518300223528e-02
-3.30904416299180031e-03 -4.06259686655373233e-03
3.91564278221629173e-04 -6.73454276237623901e-04
2.74980705772522255e-03 -4.35847196310772036e-03
6.92512574769590245e-03 -7.40510123841853218e-04
4.64565852916604734e-03 -6.05384745938300863e-04
-2.49573037516339757e-03 -1.10546231786821638e-04
-4.00849174270346501e-03 -5.26111615915098637e-03
5.78677218532653009e-03 -2.10617768531219261e-04
-2.29235739141920962e-03 -3.10144455442804695e-03
-5.24533526545279479e-04 3.82136896506802279e-03
-4.38467611816104139e-03 -5.08227385776009299e-03
6.61011519202369269e-03 -3.71580330487039949e-03
4.41579717044393745e-04 3.03351131740899754e-03
-1.93091891655606629e-03 -2.52279299614496409e-03
2.41229602323954118e-04 2.98262947930178803e-03
2.80045851131301843e-03 6.05661214172644336e-03
6.77847155548353905e-04 3.57847101413524653e-03
-3.04059456448886199e-04 -3.86845590531890082e-03
-1.15689222105378017e-03 9.86723400048171786e-04
-1.61332039655213587e-03 -7.35666575119979689e-04
-5.96968118863377712e-03 6.46298273031335139e-03
2.77389517943471943e-03 -3.79007498365613055e-03
6.17228175642936094e-03 9.38388465900942353e-04
-7.70023332165246238e-03 1.18167600060781353e-02
2.57246402090255443e-03 1.00298292184718900e-03
-1.74679394551663933e-03 -5.88711967132049107e-03
8.62947591684215531e-03 -9.60045503572177963e-04
-3.63755542650613444e-03 8.74109581634505486e-03
-5.83097987516036694e-03 -8.51405731315234239e-04
5.41455832833086931e-03 -2.14755113981317551e-03
-3.33679749201126882e-03 -4.99537352398900496e-03
-1.19973996195120881e-02 3.58228826755240329e-03
-4.48462680925192699e-03 -1.45422653466614174e-03
5.34454528268637954e-03 7.44551663151472518e-04
3.67574796359520497e-04 -1.83660605206777692e-03
2.57345082768158009e-03 -5.27354186346015827e-04
3.38263168365678449e-03 -6.54246843319199450e-04
-3.53247262630554566e-03 1.30001707608321947e-03
-7.41875978268284001e-03 5.14679502981742112e-03
1.14134804131645652e-02 3.54869845977589407e-05
-3.97958228731818634e-03 4.61879488200213177e-03
6.80900801269942232e-04 -3.75732267894173140e-04
-9.03462502793854830e-03 1.69238330808506266e-03
-2.10595249467130817e-03 -6.31382382725608100e-03
-3.05707410958992081e-03 -1.69438966079471552e-03
3.40502030600656246e-03 1.05649312716256838e-03
-1.40789521856230712e-02 -1.38218104764438535e-02
-4.91738787641387144e-04 -2.34346742376507480e-03
-3.82951938006949018e-03 -1.14154781097680156e-02
-1.16613231202942341e-03 8.48919333778253363e-03
4.43858356194742204e-03 -6.38752665263213251e-03
9.37706268685120810e-03 -8.10133631799279632e-05
5.45602558919724718e-03 1.73472297055871880e-04
-3.66440470124461534e-03 1.23584256476452401e-03
-3.04913609668538109e-03 2.42336469390508043e-03
1.28254979586304736e-02 -2.09537416077886906e-03
-7.00286767988265372e-04 2.58745412168753927e-03
-2.06418208412739723e-03 1.25331149167434773e-03
-6.28301846116517768e-03 2.16501420458993434e-04
1.18793273200785477e-03 -2.61726874903256716e-03
2.21961748346092809e-03 4.04443599612505558e-03
-3.52002599289775921e-03 -2.30627673885705920e-03
-5.55158800621748886e-03 8.49765334346840734e-03
7.55967942000199209e-03 3.39867911587258100e-03
-2.11619696289395108e-03 3.65059557878354840e-03
1.31266140156291764e-04 -2.06800890947151598e-03
-2.99739374687062318e-03 -8.79452088686619648e-04
-1.33885913455750465e-03 -4.01009256322485026e-03
