# n_qubits=14; one amplitude per line: real imag; index = sum_k x_k 2^(n-1-k), qubit 0 = most significant bit
-1.67601028723518303e-03 0.00000000000000000e+00
1.48025353594536638e-03 0.00000000000000000e+00
-2.47807087624217319e-03 0.00000000000000000e+00
4.22375120799152481e-04 0.00000000000000000e+00
2.92236566725400304e-04 0.00000000000000000e+00
-2.83899020352451495e-03 0.00000000000000000e+00
8.01509768109355579e-04 0.00000000000000000e+00
-1.87070748267462281e-03 0.00000000000000000e+00
-2.08091308876106381e-03 0.00000000000000000e+00
2.11980662333517136e-03 0.00000000000000000e+00
8.36355672207785608e-05 0.00000000000000000e+00
1.54409381888087442e-04 0.00000000000000000e+00
8.53296087249362815e-04 0.00000000000000000e+00
-1.17302309511780126e-03 0.00000000000000000e+00
4.28759727430840193e-04 0.00000000000000000e+00
-4.91125775200990013e-04 0.00000000000000000e+00
9.77537508891844660e-03 0.00000000000000000e+00
-1.05503275924486335e-02 0.00000000000000000e+00
-4.21456393941224000e-03 0.00000000000000000e+00
1.19516894122616446e-05 0.00000000000000000e+00
-2.24334544915653737e-03 0.00000000000000000e+00
-6.45835565625113659e-03 0.00000000000000000e+00
7.59511126095265519e-03 0.00000000000000000e+00
-8.79918328525846997e-03 0.00000000000000000e+00
5.54586065807238446e-03 0.00000000000000000e+00
-4.93498064603828564e-03 0.00000000000000000e+00
1.15824187635371161e-02 0.00000000000000000e+00
-3.35876887887449124e-03 0.00000000000000000e+00
1.50270580979069784e-03 0.00000000000000000e+00
5.67868109831579787e-03 0.00000000000000000e+00
-7.04053813591668919e-03 0.00000000000000000e+00
7.74264499050128768e-03 0.00000000000000000e+00
-7.49007024719018817e-03 0.00000000000000000e+00
7.46591473030604625e-03 0.00000000000000000e+00
-1.04398610150298874e-03 0.00000000000000000e+00
4.26534207304322044e-04 0.00000000000000000e+00
3.62903965315337093e-03 0.00000000000000000e+00
3.11490066737051094e-05 0.00000000000000000e+00
-5.79036574029585804e-03 0.00000000000000000e+00
4.75278232236181746e-03 0.00000000000000000e+00
-2.36356303913867749e-03 0.00000000000000000e+00
3.44689977763057431e-03 0.00000000000000000e+00
-7.89086779579493448e-03 0.00000000000000000e+00
3.52760172124871613e-03 0.00000000000000000e+00
-1.99300942027545421e-03 0.00000000000000000e+00
-8.03652035571910707e-03 0.00000000000000000e+00
9.45320997788658482e-03 0.00000000000000000e+00
-1.01468682225162813e-02 0.00000000000000000e+00
-1.98222205628305467e-03 0.00000000000000000e+00
1.92000120073543366e-03 0.00000000000000000e+00
-6.68413045318803044e-04 0.00000000000000000e+00
1.71662990001332104e-04 0.00000000000000000e+00
4.81209112920601763e-04 0.00000000000000000e+00
-1.16256297116580355e-04 0.00000000000000000e+00
-1.04446375178903557e-03 0.00000000000000000e+00
7.02685206596244220e-04 0.00000000000000000e+00
-1.32773766321481646e-03 0.00000000000000000e+00
1.40010721023496750e-03 0.00000000000000000e+00
-1.00563558801891064e-03 0.00000000000000000e+00
4.57775311080703352e-04 0.00000000000000000e+00
-3.16853164557709090e-05 0.00000000000000000e+00
-9.76177566185445480e-04 0.00000000000000000e+00
1.10435927314718896e-03 0.00000000000000000e+00
-1.14964754501609449e-03 0.00000000000000000e+00
1.78773014753852780e-03 0.00000000000000000e+00
-9.73851482432998576e-04 0.00000000000000000e+00
6.59721569002660966e-03 0.00000000000000000e+00
-9.13406841283320855e-04 0.00000000000000000e+00
5.81344143690519684e-04 0.00000000000000000e+00
6.00688679125409644e-03 0.00000000000000000e+00
-2.62654844091193959e-03 0.00000000000000000e+00
5.10797807583074186e-03 0.00000000000000000e+00
3.90787349092122649e-03 0.00000000000000000e+00
-3.97634382096175194e-03 0.00000000000000000e+00
-5.29115545616732925e-03 0.00000000000000000e+00
1.29783672152816807e-03 0.00000000000000000e+00
-2.36596213132899769e-03 0.00000000000000000e+00
-1.61178502256772928e-03 0.00000000000000000e+00
3.06762808969879112e-03 0.00000000000000000e+00
-3.51653175501097804e-03 0.00000000000000000e+00
-1.51559894575791095e-03 0.00000000000000000e+00
1.65834124628851370e-03 0.00000000000000000e+00
5.38965454648277658e-04 0.00000000000000000e+00
3.27851282452480312e-05 0.00000000000000000e+00
1.39631853370254105e-04 0.00000000000000000e+00
7.02048938337969755e-04 0.00000000000000000e+00
-7.11432157373790772e-04 0.00000000000000000e+00
8.68690522565617926e-04 0.00000000000000000e+00
-1.30316990960770997e-03 0.00000000000000000e+00
1.05411220638826526e-03 0.00000000000000000e+00
-1.66203289855952532e-03 0.00000000000000000e+00
3.75405059483679526e-04 0.00000000000000000e+00
9.01194638399878850e-05 0.00000000000000000e+00
-6.53919127214267750e-04 0.00000000000000000e+00
5.92179446628607873e-04 0.00000000000000000e+00
-6.95605188838012358e-04 0.00000000000000000e+00
-9.44111939623505994e-03 0.00000000000000000e+00
9.89215003638472222e-03 0.00000000000000000e+00
2.43809264783898276e-03 0.00000000000000000e+00
4.83210630621673794e-05 0.00000000000000000e+00
5.88131935385602204e-03 0.00000000000000000e+00
3.35918779810442285e-03 0.00000000000000000e+00
-9.98829046362618815e-03 0.00000000000000000e+00
9.92550460723436341e-03 0.00000000000000000e+00
-4.04816154817640216e-04 0.00000000000000000e+00
2.12766069182229126e-03 0.00000000000000000e+00
-1.48940136660581559e-02 0.00000000000000000e+00
6.10614328989802970e-03 0.00000000000000000e+00
-4.58382206718900218e-03 0.00000000000000000e+00
-1.32564184526694460e-02 0.00000000000000000e+00
1.62875469666753578e-02 0.00000000000000000e+00
-1.76337460689057063e-02 0.00000000000000000e+00
-8.44686192604854140e-04 0.00000000000000000e+00
3.51082809778576507e-04 0.00000000000000000e+00
-5.20223256518942759e-03 0.00000000000000000e+00
7.48335272792364039e-04 0.00000000000000000e+00
-1.73222691317103934e-04 0.00000000000000000e+00
-6.24803744934139364e-03 0.00000000000000000e+00
3.19752342291981751e-03 0.00000000000000000e+00
-5.27824726016541765e-03 0.00000000000000000e+00
-2.74614754768047475e-03 0.00000000000000000e+00
2.82375059999519099e-03 0.00000000000000000e+00
2.84222953339784276e-03 0.00000000000000000e+00
-6.00012048683790100e-04 0.00000000000000000e+00
2.00049249201187957e-03 0.00000000000000000e+00
-4.20533065158533361e-04 0.00000000000000000e+00
-1.26295288458720570e-03 0.00000000000000000e+00
1.34962877456997594e-03 0.00000000000000000e+00
-3.98141188162450151e-03 0.00000000000000000e+00
2.91477094477734589e-03 0.00000000000000000e+00
-9.14235452392159892e-03 0.00000000000000000e+00
1.32960500241088462e-03 0.00000000000000000e+00
4.45532686514809359e-04 0.00000000000000000e+00
-8.64109988788800201e-03 0.00000000000000000e+00
2.26308148897186485e-03 0.00000000000000000e+00
-5.93461249496612074e-03 0.00000000000000000e+00
-5.28642312556952543e-03 0.00000000000000000e+00
5.81317630169358914e-03 0.00000000000000000e+00
4.50736724375558600e-03 0.00000000000000000e+00
-5.56981626356970318e-04 0.00000000000000000e+00
2.48118918833767268e-03 0.00000000000000000e+00
-8.30510221408895140e-04 0.00000000000000000e+00
-8.10032247499374428e-04 0.00000000000000000e+00
1.11018648755257252e-03 0.00000000000000000e+00
9.41343798516031810e-03 0.00000000000000000e+00
-1.08060232356693743e-02 0.00000000000000000e+00
-1.38404333429832677e-02 0.00000000000000000e+00
1.48448223133416414e-03 0.00000000000000000e+00
-3.36169110337437372e-03 0.00000000000000000e+00
-2.04771379218669364e-02 0.00000000000000000e+00
1.68958718368364194e-02 0.00000000000000000e+00
-2.19720667348603689e-02 0.00000000000000000e+00
-6.62578387707248289e-04 0.00000000000000000e+00
7.04604197003955959e-04 0.00000000000000000e+00
1.62631052376729368e-02 0.00000000000000000e+00
-4.82292952159811723e-03 0.00000000000000000e+00
6.70320064685087438e-03 0.00000000000000000e+00
4.56896067318338268e-03 0.00000000000000000e+00
-1.07841466237361457e-02 0.00000000000000000e+00
1.14028817846730298e-02 0.00000000000000000e+00
-1.56927965113896999e-02 0.00000000000000000e+00
1.53083754285162996e-02 0.00000000000000000e+00
-4.37833774719394945e-03 0.00000000000000000e+00
1.15045630196001255e-03 0.00000000000000000e+00
7.12148693009671558e-03 0.00000000000000000e+00
-1.60362143281996168e-03 0.00000000000000000e+00
-1.11484183601712594e-02 0.00000000000000000e+00
8.22842242673746393e-03 0.00000000000000000e+00
-5.87594513282879705e-03 0.00000000000000000e+00
8.16562771188682548e-03 0.00000000000000000e+00
-1.36803637735367321e-02 0.00000000000000000e+00
6.59333133973348008e-03 0.00000000000000000e+00
-3.37567651725856344e-03 0.00000000000000000e+00
-1.52906626599360138e-02 0.00000000000000000e+00
1.78896293092244106e-02 0.00000000000000000e+00
-1.90628952159172006e-02 0.00000000000000000e+00
-7.76776935437654970e-03 0.00000000000000000e+00
7.73135787802591620e-03 0.00000000000000000e+00
-3.77016285004604362e-03 0.00000000000000000e+00
9.68616563076848329e-04 0.00000000000000000e+00
1.60169751710104321e-03 0.00000000000000000e+00
-4.20790666648332423e-03 0.00000000000000000e+00
-8.57357506530287221e-04 0.00000000000000000e+00
-1.05998664073221442e-03 0.00000000000000000e+00
-7.16408709097348783e-03 0.00000000000000000e+00
6.91298836696761006e-03 0.00000000000000000e+00
-5.20400612719839825e-03 0.00000000000000000e+00
1.86664642740250034e-03 0.00000000000000000e+00
1.47279548636634460e-03 0.00000000000000000e+00
-5.51460236856526984e-03 0.00000000000000000e+00
4.12944095097428788e-03 0.00000000000000000e+00
-4.65183810353686153e-03 0.00000000000000000e+00
2.83033229105215771e-03 0.00000000000000000e+00
-4.76904935507256025e-04 0.00000000000000000e+00
1.77968165877298266e-02 0.00000000000000000e+00
-2.32483906842638390e-03 0.00000000000000000e+00
2.27624954315460565e-03 0.00000000000000000e+00
1.56462725825992320e-02 0.00000000000000000e+00
-7.64564277025992639e-03 0.00000000000000000e+00
1.41479330402776854e-02 0.00000000000000000e+00
9.13972975969658610e-03 0.00000000000000000e+00
-9.38412356158866215e-03 0.00000000000000000e+00
-1.71505163960126612e-02 0.00000000000000000e+00
4.43040877427969704e-03 0.00000000000000000e+00
-6.36211780773802710e-03 0.00000000000000000e+00
-6.78620381181056775e-03 0.00000000000000000e+00
1.04554085825061642e-02 0.00000000000000000e+00
-1.19739429269840273e-02 0.00000000000000000e+00
9.69688484857573270e-04 0.00000000000000000e+00
-5.13535899459580027e-04 0.00000000000000000e+00
7.21680885695312382e-03 0.00000000000000000e+00
-1.12782941841190138e-03 0.00000000000000000e+00
3.57976733877040385e-04 0.00000000000000000e+00
1.04479076560545087e-02 0.00000000000000000e+00
-6.26476527272342484e-03 0.00000000000000000e+00
9.24572697176796222e-03 0.00000000000000000e+00
4.65015590899040682e-03 0.00000000000000000e+00
-4.39817611353339900e-03 0.00000000000000000e+00
-2.50528633451776788e-03 0.00000000000000000e+00
6.37107524381276937e-04 0.00000000000000000e+00
-3.55306319691995904e-03 0.00000000000000000e+00
1.88261070867813771e-03 0.00000000000000000e+00
1.53201836161305721e-03 0.00000000000000000e+00
-1.37100906384303727e-03 0.00000000000000000e+00
-1.41979424767776398e-02 0.00000000000000000e+00
1.58698750386599939e-02 0.00000000000000000e+00
1.11012836812560984e-02 0.00000000000000000e+00
-8.66643260940922681e-04 0.00000000000000000e+00
1.08915234687752549e-02 0.00000000000000000e+00
1.15765821827669979e-02 0.00000000000000000e+00
-1.96529205803654197e-02 0.00000000000000000e+00
2.20931826832810839e-02 0.00000000000000000e+00
3.60673983712360424e-03 0.00000000000000000e+00
-6.63221251987040255e-04 0.00000000000000000e+00
-3.16760594030300463e-02 0.00000000000000000e+00
1.20565982204769960e-02 0.00000000000000000e+00
-1.03935865851191803e-02 0.00000000000000000e+00
-2.51774628533894436e-02 0.00000000000000000e+00
3.17867090936329311e-02 0.00000000000000000e+00
-3.46730298258892955e-02 0.00000000000000000e+00
1.87038361171330565e-03 0.00000000000000000e+00
-2.59965613990010723e-03 0.00000000000000000e+00
-4.43531090140099858e-03 0.00000000000000000e+00
4.03284437253996313e-04 0.00000000000000000e+00
-7.88123242972908994e-04 0.00000000000000000e+00
-3.97987730429710980e-03 0.00000000000000000e+00
2.52559876645950697e-03 0.00000000000000000e+00
-4.05400666872542462e-03 0.00000000000000000e+00
2.33214736839106176e-04 0.00000000000000000e+00
2.02227772806144545e-04 0.00000000000000000e+00
6.48734622532911535e-03 0.00000000000000000e+00
-1.61703913184313192e-03 0.00000000000000000e+00
1.13183260536283098e-03 0.00000000000000000e+00
2.85493365775307166e-03 0.00000000000000000e+00
-3.38841561504470102e-03 0.00000000000000000e+00
3.93011562386324891e-03 0.00000000000000000e+00
-3.36739928490643317e-03 0.00000000000000000e+00
2.94842307452282751e-03 0.00000000000000000e+00
-5.82492455026953695e-03 0.00000000000000000e+00
9.98041704241087830e-04 0.00000000000000000e+00
1.06931301790569975e-04 0.00000000000000000e+00
-6.99209810058738432e-03 0.00000000000000000e+00
2.94175060102393497e-03 0.00000000000000000e+00
-5.38194563848810523e-03 0.00000000000000000e+00
-5.32327277470135904e-03 0.00000000000000000e+00
5.10390677914666739e-03 0.00000000000000000e+00
9.55666967322714531e-04 0.00000000000000000e+00
-1.12285835176932535e-04 0.00000000000000000e+00
2.59562980468444312e-03 0.00000000000000000e+00
-1.78991060549711558e-03 0.00000000000000000e+00
-4.34681736993794464e-04 0.00000000000000000e+00
3.49336050423304588e-04 0.00000000000000000e+00
2.72866332028516359e-02 0.00000000000000000e+00
-2.90979168346064375e-02 0.00000000000000000e+00
-6.40733947046110384e-03 0.00000000000000000e+00
-7.75761765427600562e-04 0.00000000000000000e+00
-5.53829571555161486e-03 0.00000000000000000e+00
-1.02361367100407101e-02 0.00000000000000000e+00
1.58910225442139459e-02 0.00000000000000000e+00
-1.71165899600644635e-02 0.00000000000000000e+00
1.88638940879395992e-02 0.00000000000000000e+00
-1.68207328591449407e-02 0.00000000000000000e+00
2.94476468034378935e-02 0.00000000000000000e+00
-8.45168031965890833e-03 0.00000000000000000e+00
1.25200391362798101e-03 0.00000000000000000e+00
1.62087745671711109e-02 0.00000000000000000e+00
-1.72876745644136437e-02 0.00000000000000000e+00
1.92661588116862896e-02 0.00000000000000000e+00
-1.15177471903762027e-02 0.00000000000000000e+00
1.13774333274061362e-02 0.00000000000000000e+00
-2.69295403418958043e-03 0.00000000000000000e+00
8.15456427992765354e-04 0.00000000000000000e+00
5.09162787969526156e-03 0.00000000000000000e+00
-1.13779700526825791e-03 0.00000000000000000e+00
-7.78437862459270460e-03 0.00000000000000000e+00
5.82780971981593666e-03 0.00000000000000000e+00
-4.66617269083848072e-03 0.00000000000000000e+00
6.11728622423972270e-03 0.00000000000000000e+00
-1.08011978330105011e-02 0.00000000000000000e+00
4.89756963694120990e-03 0.00000000000000000e+00
-2.25692876695769490e-03 0.00000000000000000e+00
-1.14482101085848879e-02 0.00000000000000000e+00
1.30562488861049215e-02 0.00000000000000000e+00
-1.40086947262128697e-02 0.00000000000000000e+00
-1.16270440332733667e-03 0.00000000000000000e+00
1.10307743931234870e-03 0.00000000000000000e+00
1.46217258683693178e-03 0.00000000000000000e+00
-2.41598779858314956e-04 0.00000000000000000e+00
5.86455749997661898e-04 0.00000000000000000e+00
3.69790111948356927e-03 0.00000000000000000e+00
-3.51310868459073526e-03 0.00000000000000000e+00
4.11483346243153320e-03 0.00000000000000000e+00
1.00759205374353683e-03 0.00000000000000000e+00
-6.18452083366007586e-04 0.00000000000000000e+00
-6.05722809071693917e-04 0.00000000000000000e+00
4.38751264292535151e-04 0.00000000000000000e+00
-1.52002466195833800e-03 0.00000000000000000e+00
4.03696838399965981e-04 0.00000000000000000e+00
1.27465363811826498e-03 0.00000000000000000e+00
-1.11769334103712834e-03 0.00000000000000000e+00
4.31525979549598603e-03 0.00000000000000000e+00
-4.15103342975015489e-03 0.00000000000000000e+00
3.15358235548063390e-03 0.00000000000000000e+00
-6.51509322993039418e-04 0.00000000000000000e+00
-1.21279550773622635e-03 0.00000000000000000e+00
3.58822570295056886e-03 0.00000000000000000e+00
2.64756423804397118e-04 0.00000000000000000e+00
1.27210331339407470e-03 0.00000000000000000e+00
3.76506256002853658e-03 0.00000000000000000e+00
-3.90679625711258700e-03 0.00000000000000000e+00
2.49832470131182817e-03 0.00000000000000000e+00
-1.15229456314126376e-03 0.00000000000000000e+00
-7.85232006946309487e-04 0.00000000000000000e+00
3.72005791021076237e-03 0.00000000000000000e+00
-2.90970763365526854e-03 0.00000000000000000e+00
3.22449091443528660e-03 0.00000000000000000e+00
-7.03480031511769747e-03 0.00000000000000000e+00
7.12406819670521191e-03 0.00000000000000000e+00
-5.41515984411004153e-03 0.00000000000000000e+00
1.30827718256774483e-03 0.00000000000000000e+00
2.92019325793442595e-04 0.00000000000000000e+00
-8.20503621518643179e-03 0.00000000000000000e+00
3.65162344764127268e-03 0.00000000000000000e+00
-6.16599832771465902e-03 0.00000000000000000e+00
-9.89383038813965859e-03 0.00000000000000000e+00
8.70233818592279149e-03 0.00000000000000000e+00
-4.14834146784096372e-03 0.00000000000000000e+00
9.20659776746938574e-04 0.00000000000000000e+00
3.97884466070961423e-03 0.00000000000000000e+00
-4.82194192695991567e-03 0.00000000000000000e+00
1.04973902666649437e-03 0.00000000000000000e+00
-1.65539549776071789e-03 0.00000000000000000e+00
-1.51344384509763275e-02 0.00000000000000000e+00
1.44972815155873461e-02 0.00000000000000000e+00
-6.35219794570890135e-03 0.00000000000000000e+00
1.37744621039629853e-03 0.00000000000000000e+00
6.64347462686002213e-03 0.00000000000000000e+00
-3.72344584133284555e-03 0.00000000000000000e+00
-9.57090339098190350e-03 0.00000000000000000e+00
5.95986738800639328e-03 0.00000000000000000e+00
-6.45388975232453338e-03 0.00000000000000000e+00
8.73597346690118716e-03 0.00000000000000000e+00
-1.12141838800095088e-02 0.00000000000000000e+00
5.87204520579195574e-03 0.00000000000000000e+00
-2.51983556136096964e-03 0.00000000000000000e+00
-1.41823256875838345e-02 0.00000000000000000e+00
1.61792391846578426e-02 0.00000000000000000e+00
-1.71719527042088309e-02 0.00000000000000000e+00
-4.48263280634998533e-03 0.00000000000000000e+00
3.49006188866510855e-03 0.00000000000000000e+00
-1.44237604004335291e-02 0.00000000000000000e+00
2.31883203124132881e-03 0.00000000000000000e+00
8.61529591281114170e-05 0.00000000000000000e+00
-1.93727715330719794e-02 0.00000000000000000e+00
9.86253596837886014e-03 0.00000000000000000e+00
-1.59003134434218853e-02 0.00000000000000000e+00
-1.01466865867012260e-02 0.00000000000000000e+00
9.90912077655551823e-03 0.00000000000000000e+00
3.57546269752358680e-03 0.00000000000000000e+00
-5.54571873824759418e-04 0.00000000000000000e+00
6.35290166047025682e-03 0.00000000000000000e+00
-4.72108759808313912e-03 0.00000000000000000e+00
-1.21109750342057948e-03 0.00000000000000000e+00
8.96919355549742354e-04 0.00000000000000000e+00
-1.74511271188559783e-03 0.00000000000000000e+00
1.22835717925812247e-03 0.00000000000000000e+00
-3.93738206927269491e-03 0.00000000000000000e+00
5.45180887422880983e-04 0.00000000000000000e+00
3.92755352300518893e-04 0.00000000000000000e+00
-3.36618875468524615e-03 0.00000000000000000e+00
3.99692265506736166e-04 0.00000000000000000e+00
-1.98479516376498565e-03 0.00000000000000000e+00
-1.81638167893592847e-03 0.00000000000000000e+00
2.23005217140995627e-03 0.00000000000000000e+00
2.04936121311827474e-03 0.00000000000000000e+00
-1.42284096466387025e-04 0.00000000000000000e+00
7.19782784557297358e-04 0.00000000000000000e+00
-4.21506708991724202e-04 0.00000000000000000e+00
5.98056660111511169e-05 0.00000000000000000e+00
9.98112143843201348e-05 0.00000000000000000e+00
-1.01260361798387690e-03 0.00000000000000000e+00
5.84178357203546448e-04 0.00000000000000000e+00
-7.26381775481156188e-03 0.00000000000000000e+00
1.15899419362743700e-03 0.00000000000000000e+00
-7.40785403810708277e-04 0.00000000000000000e+00
-1.05420761870635808e-02 0.00000000000000000e+00
6.77669401768625935e-03 0.00000000000000000e+00
-9.73087131933559127e-03 0.00000000000000000e+00
-5.33720865449253089e-03 0.00000000000000000e+00
4.82880803276825987e-03 0.00000000000000000e+00
2.86351250532622349e-03 0.00000000000000000e+00
-9.26086310857395824e-04 0.00000000000000000e+00
4.00640328178686160e-03 0.00000000000000000e+00
-1.23480657637108082e-03 0.00000000000000000e+00
-2.49641976885193540e-03 0.00000000000000000e+00
2.38486078296880301e-03 0.00000000000000000e+00
-7.92181882621816220e-03 0.00000000000000000e+00
7.77054042843309221e-03 0.00000000000000000e+00
-1.73454572139598818e-03 0.00000000000000000e+00
5.09892748096325409e-04 0.00000000000000000e+00
3.81304514968225025e-03 0.00000000000000000e+00
-2.75165856576166292e-04 0.00000000000000000e+00
-6.13728344700006229e-03 0.00000000000000000e+00
4.82164742742206658e-03 0.00000000000000000e+00
-2.50043452904811061e-03 0.00000000000000000e+00
3.75581185623710114e-03 0.00000000000000000e+00
-7.47810382252149346e-03 0.00000000000000000e+00
3.55933789457583971e-03 0.00000000000000000e+00
-2.06821343258378667e-03 0.00000000000000000e+00
-8.11058904133441123e-03 0.00000000000000000e+00
9.68432682306344730e-03 0.00000000000000000e+00
-1.03244420346266449e-02 0.00000000000000000e+00
-4.91759994260260354e-03 0.00000000000000000e+00
4.89473811027553527e-03 0.00000000000000000e+00
-3.00560263956791774e-03 0.00000000000000000e+00
7.24339460217288166e-04 0.00000000000000000e+00
9.09755999558747451e-04 0.00000000000000000e+00
-3.86235099706292231e-03 0.00000000000000000e+00
3.73799125080223106e-04 0.00000000000000000e+00
-1.85117706294374859e-03 0.00000000000000000e+00
-5.10694059471444341e-03 0.00000000000000000e+00
4.84122487191026955e-03 0.00000000000000000e+00
-3.22977830954205430e-03 0.00000000000000000e+00
1.11240825660304811e-03 0.00000000000000000e+00
1.41316805893497281e-03 0.00000000000000000e+00
-3.76011447997892006e-03 0.00000000000000000e+00
2.38029305290051200e-03 0.00000000000000000e+00
-2.76172266449623569e-03 0.00000000000000000e+00
6.79998618334654221e-04 0.00000000000000000e+00
1.04762575715469913e-03 0.00000000000000000e+00
1.24705249785320386e-02 0.00000000000000000e+00
-1.55130948111654120e-03 0.00000000000000000e+00
2.18221303863071724e-03 0.00000000000000000e+00
1.07279797252213711e-02 0.00000000000000000e+00
-5.99283024946837238e-03 0.00000000000000000e+00
1.04158903359576165e-02 0.00000000000000000e+00
5.74792581555972400e-03 0.00000000000000000e+00
-5.85536980688278197e-03 0.00000000000000000e+00
-1.39049571299960147e-02 0.00000000000000000e+00
3.78606055080777390e-03 0.00000000000000000e+00
-4.62968195025868345e-03 0.00000000000000000e+00
-6.46330145852217017e-03 0.00000000000000000e+00
9.02981195482585423e-03 0.00000000000000000e+00
-1.02911129091660166e-02 0.00000000000000000e+00
2.64049115757944517e-03 0.00000000000000000e+00
-2.32885797872022828e-03 0.00000000000000000e+00
6.85717642991415677e-03 0.00000000000000000e+00
-1.19938727697235402e-03 0.00000000000000000e+00
1.90503545796719712e-04 0.00000000000000000e+00
1.00568109632900703e-02 0.00000000000000000e+00
-5.69840298133300963e-03 0.00000000000000000e+00
8.60800931265989083e-03 0.00000000000000000e+00
6.18396821807267773e-03 0.00000000000000000e+00
-5.66381741115610810e-03 0.00000000000000000e+00
-7.11608593148562677e-04 0.00000000000000000e+00
2.21236703927683647e-04 0.00000000000000000e+00
-3.74915036628034604e-03 0.00000000000000000e+00
2.73887413171766594e-03 0.00000000000000000e+00
8.55132308874138707e-04 0.00000000000000000e+00
-5.65274450562240128e-04 0.00000000000000000e+00
-6.57800448368015336e-03 0.00000000000000000e+00
8.08115056872343689e-03 0.00000000000000000e+00
1.06385665830115283e-02 0.00000000000000000e+00
-1.09789231226301693e-03 0.00000000000000000e+00
6.54392311855048550e-03 0.00000000000000000e+00
1.02382053472373606e-02 0.00000000000000000e+00
-1.25593293271501205e-02 0.00000000000000000e+00
1.55688848372823440e-02 0.00000000000000000e+00
4.78859720662225177e-03 0.00000000000000000e+00
-3.16440794269900452e-03 0.00000000000000000e+00
-2.14670681349177321e-02 0.00000000000000000e+00
7.68906769453396761e-03 0.00000000000000000e+00
-7.40689090628801009e-03 0.00000000000000000e+00
-1.54654569485169254e-02 0.00000000000000000e+00
2.00630330548870542e-02 0.00000000000000000e+00
-2.20259682629879612e-02 0.00000000000000000e+00
2.58813432297891116e-03 0.00000000000000000e+00
-2.83260025611468394e-03 0.00000000000000000e+00
1.04215245130950102e-03 0.00000000000000000e+00
-3.91889063505609871e-04 0.00000000000000000e+00
-5.82798124615124574e-04 0.00000000000000000e+00
2.93852657819980304e-03 0.00000000000000000e+00
-1.20588667747485050e-03 0.00000000000000000e+00
1.88248910225917768e-03 0.00000000000000000e+00
3.13595126731280567e-03 0.00000000000000000e+00
-2.74060544924142760e-03 0.00000000000000000e+00
3.66181498307961446e-03 0.00000000000000000e+00
-1.00353000475906541e-03 0.00000000000000000e+00
-1.08610217084975581e-03 0.00000000000000000e+00
3.50156288266322609e-03 0.00000000000000000e+00
-2.08598635224355308e-03 0.00000000000000000e+00
2.58275565157138403e-03 0.00000000000000000e+00
-5.25050714479604729e-03 0.00000000000000000e+00
4.52968525626927868e-03 0.00000000000000000e+00
-8.66213369800238747e-03 0.00000000000000000e+00
1.44382862635726757e-03 0.00000000000000000e+00
5.93313362341236052e-04 0.00000000000000000e+00
-9.74256860304045097e-03 0.00000000000000000e+00
3.21601480625436503e-03 0.00000000000000000e+00
-6.86606262193288023e-03 0.00000000000000000e+00
-7.17673189192988541e-03 0.00000000000000000e+00
7.19733939155636337e-03 0.00000000000000000e+00
1.40413197006725252e-03 0.00000000000000000e+00
8.88611262615898896e-05 0.00000000000000000e+00
3.20052180859907746e-03 0.00000000000000000e+00
-2.95706193788966782e-03 0.00000000000000000e+00
2.89539712614494385e-04 0.00000000000000000e+00
-3.79780029674127819e-04 0.00000000000000000e+00
3.07044234220509166e-02 0.00000000000000000e+00
-3.29863837369234955e-02 0.00000000000000000e+00
-1.07544848111891574e-02 0.00000000000000000e+00
-3.43295516037929699e-04 0.00000000000000000e+00
-6.66471679912785352e-03 0.00000000000000000e+00
-1.66134139649899253e-02 0.00000000000000000e+00
2.12836815033844579e-02 0.00000000000000000e+00
-2.40777437574534944e-02 0.00000000000000000e+00
1.90909344525998226e-02 0.00000000000000000e+00
-1.69750619269344767e-02 0.00000000000000000e+00
3.50541347448064255e-02 0.00000000000000000e+00
-1.00966042733917471e-02 0.00000000000000000e+00
3.28224888454172262e-03 0.00000000000000000e+00
1.79717020319775482e-02 0.00000000000000000e+00
-2.09191831683203169e-02 0.00000000000000000e+00
2.31366816026558689e-02 0.00000000000000000e+00
-1.63366550636846221e-02 0.00000000000000000e+00
1.62648833978589341e-02 0.00000000000000000e+00
-2.58230818541532910e-03 0.00000000000000000e+00
9.81750557842443880e-04 0.00000000000000000e+00
7.67307199548686054e-03 0.00000000000000000e+00
-2.90508115205506949e-04 0.00000000000000000e+00
-1.21655725322562750e-02 0.00000000000000000e+00
9.81343580559607478e-03 0.00000000000000000e+00
-5.62394778455285651e-03 0.00000000000000000e+00
7.85476678174263504e-03 0.00000000000000000e+00
-1.67510298873751878e-02 0.00000000000000000e+00
7.46888031909822767e-03 0.00000000000000000e+00
-3.99700613291004148e-03 0.00000000000000000e+00
-1.71029437146953955e-02 0.00000000000000000e+00
1.99428326861561117e-02 0.00000000000000000e+00
-2.14124077330667684e-02 0.00000000000000000e+00
-3.65107264839895302e-03 0.00000000000000000e+00
3.66421043055155035e-03 0.00000000000000000e+00
1.41505563737833124e-03 0.00000000000000000e+00
-1.00792699570391206e-04 0.00000000000000000e+00
1.15880279870540933e-03 0.00000000000000000e+00
4.02353568574225721e-03 0.00000000000000000e+00
-4.80887263985180051e-03 0.00000000000000000e+00
5.27069763425319464e-03 0.00000000000000000e+00
-7.15904208491178378e-04 0.00000000000000000e+00
1.03296477996044772e-03 0.00000000000000000e+00
-2.80932858169385524e-03 0.00000000000000000e+00
1.16365179579514606e-03 0.00000000000000000e+00
-1.57499007519410470e-03 0.00000000000000000e+00
-1.11988981738352393e-03 0.00000000000000000e+00
2.86616005014800074e-03 0.00000000000000000e+00
-2.86053394253961901e-03 0.00000000000000000e+00
4.80147085310256468e-03 0.00000000000000000e+00
-3.44566170018696617e-03 0.00000000000000000e+00
1.19370759291320822e-02 0.00000000000000000e+00
-1.75632380735950278e-03 0.00000000000000000e+00
3.76951478022611718e-04 0.00000000000000000e+00
1.13073805071923651e-02 0.00000000000000000e+00
-4.17039161550660127e-03 0.00000000000000000e+00
8.82669244349911647e-03 0.00000000000000000e+00
7.98619470586776382e-03 0.00000000000000000e+00
-8.13872409998701342e-03 0.00000000000000000e+00
-7.18744506585488815e-03 0.00000000000000000e+00
1.52546615689309992e-03 0.00000000000000000e+00
-4.16965414190195553e-03 0.00000000000000000e+00
-7.82338695890671086e-04 0.00000000000000000e+00
3.53514176908598186e-03 0.00000000000000000e+00
-4.08777502865702736e-03 0.00000000000000000e+00
-7.68679605577469744e-03 0.00000000000000000e+00
8.12980636068123645e-03 0.00000000000000000e+00
-4.36469812707643084e-04 0.00000000000000000e+00
5.99677225335342790e-04 0.00000000000000000e+00
8.90634692752735667e-04 0.00000000000000000e+00
-8.00965583031786749e-04 0.00000000000000000e+00
-1.42299851741946337e-03 0.00000000000000000e+00
8.94487392848608695e-04 0.00000000000000000e+00
-7.52092875522265229e-03 0.00000000000000000e+00
6.49254367322854315e-03 0.00000000000000000e+00
-7.11869810400218503e-03 0.00000000000000000e+00
1.78592389215976536e-03 0.00000000000000000e+00
1.44201785293202175e-03 0.00000000000000000e+00
-4.42276861408045108e-03 0.00000000000000000e+00
3.07877372902051749e-03 0.00000000000000000e+00
-3.66264691357131005e-03 0.00000000000000000e+00
-1.86611106829481545e-02 0.00000000000000000e+00
1.91558868302100678e-02 0.00000000000000000e+00
1.87332422272227963e-03 0.00000000000000000e+00
4.64722799814582498e-04 0.00000000000000000e+00
1.08840496834794534e-02 0.00000000000000000e+00
4.04444693393495296e-03 0.00000000000000000e+00
-1.79820049948676911e-02 0.00000000000000000e+00
1.68435979824914303e-02 0.00000000000000000e+00
-2.36411169035134110e-03 0.00000000000000000e+00
5.67274076997429516e-03 0.00000000000000000e+00
-2.58466841117030895e-02 0.00000000000000000e+00
1.09870511897423393e-02 0.00000000000000000e+00
-7.74500110770098230e-03 0.00000000000000000e+00
-2.42632202452556234e-02 0.00000000000000000e+00
2.94861126126335915e-02 0.00000000000000000e+00
-3.18177953190396726e-02 0.00000000000000000e+00
-2.73081437990657086e-03 0.00000000000000000e+00
1.62629465976212484e-03 0.00000000000000000e+00
-1.32321441932151777e-02 0.00000000000000000e+00
1.99069259441103782e-03 0.00000000000000000e+00
-3.03626151639574957e-04 0.00000000000000000e+00
-1.68101093190288452e-02 0.00000000000000000e+00
8.76148793049267086e-03 0.00000000000000000e+00
-1.41483397423779588e-02 0.00000000000000000e+00
-7.87971839905865154e-03 0.00000000000000000e+00
7.87711315280755810e-03 0.00000000000000000e+00
5.72659463217557296e-03 0.00000000000000000e+00
-1.17350893314647456e-03 0.00000000000000000e+00
5.46941809323969394e-03 0.00000000000000000e+00
-2.32571568587730624e-03 0.00000000000000000e+00
-2.52256545460201017e-03 0.00000000000000000e+00
2.53226858548989903e-03 0.00000000000000000e+00
-7.25469289428731703e-03 0.00000000000000000e+00
5.63236203829134332e-03 0.00000000000000000e+00
-1.42108436959815839e-02 0.00000000000000000e+00
2.11586131975929253e-03 0.00000000000000000e+00
1.27719624311112669e-03 0.00000000000000000e+00
-1.34567573304151464e-02 0.00000000000000000e+00
2.71693147561761572e-03 0.00000000000000000e+00
-8.53556242787678263e-03 0.00000000000000000e+00
-8.50554547934476331e-03 0.00000000000000000e+00
9.47373937860556889e-03 0.00000000000000000e+00
5.51494805346303477e-03 0.00000000000000000e+00
-2.56749095035611614e-04 0.00000000000000000e+00
3.53742969696357705e-03 0.00000000000000000e+00
-2.73113408206207813e-03 0.00000000000000000e+00
3.50046851305360043e-04 0.00000000000000000e+00
-3.11865571548964064e-05 0.00000000000000000e+00
1.39155945920637451e-02 0.00000000000000000e+00
-1.60310237388032878e-02 0.00000000000000000e+00
-2.10086501859903345e-02 0.00000000000000000e+00
2.26767551142419707e-03 0.00000000000000000e+00
-5.00579321724170176e-03 0.00000000000000000e+00
-3.09303597207030712e-02 0.00000000000000000e+00
2.53460998869785500e-02 0.00000000000000000e+00
-3.30647372365468623e-02 0.00000000000000000e+00
-1.19748741335057285e-03 0.00000000000000000e+00
1.27444031010671001e-03 0.00000000000000000e+00
2.44315425495408682e-02 0.00000000000000000e+00
-7.21961750273883689e-03 0.00000000000000000e+00
1.01147906599665799e-02 0.00000000000000000e+00
6.77149127159893446e-03 0.00000000000000000e+00
-1.61303937674546552e-02 0.00000000000000000e+00
1.70615014747937978e-02 0.00000000000000000e+00
-2.24517572326745074e-02 0.00000000000000000e+00
2.22011707038150437e-02 0.00000000000000000e+00
-3.88174834898357118e-03 0.00000000000000000e+00
1.33736629022387313e-03 0.00000000000000000e+00
1.08318206107166394e-02 0.00000000000000000e+00
-5.33956981661398499e-05 0.00000000000000000e+00
-1.75588694478769174e-02 0.00000000000000000e+00
1.42052006635944045e-02 0.00000000000000000e+00
-7.00179993607458022e-03 0.00000000000000000e+00
1.04098386937433573e-02 0.00000000000000000e+00
-2.23868186314136637e-02 0.00000000000000000e+00
1.03173379504376429e-02 0.00000000000000000e+00
-5.99704184294240494e-03 0.00000000000000000e+00
-2.33994798265883576e-02 0.00000000000000000e+00
2.78536820229571720e-02 0.00000000000000000e+00
-2.97803388948978537e-02 0.00000000000000000e+00
-1.18212689024345292e-02 0.00000000000000000e+00
1.19660661759626585e-02 0.00000000000000000e+00
-3.26766681021727718e-03 0.00000000000000000e+00
1.12213331072872268e-03 0.00000000000000000e+00
2.55955991873242422e-03 0.00000000000000000e+00
-2.99576165051849324e-03 0.00000000000000000e+00
-3.32938296124234232e-03 0.00000000000000000e+00
1.41136259242810006e-03 0.00000000000000000e+00
-9.76896768345647190e-03 0.00000000000000000e+00
9.37394916333838049e-03 0.00000000000000000e+00
-9.20611704888482998e-03 0.00000000000000000e+00
3.13506736869900281e-03 0.00000000000000000e+00
1.18578160041764172e-03 0.00000000000000000e+00
-8.00427518237091865e-03 0.00000000000000000e+00
6.89271019712656662e-03 0.00000000000000000e+00
-7.67965396186593135e-03 0.00000000000000000e+00
3.27461201544970108e-03 0.00000000000000000e+00
1.04848458447647126e-03 0.00000000000000000e+00
3.21921481026492470e-02 0.00000000000000000e+00
-4.11618334413479080e-03 0.00000000000000000e+00
5.03258467718620262e-03 0.00000000000000000e+00
2.82710605941869052e-02 0.00000000000000000e+00
-1.51118306712166185e-02 0.00000000000000000e+00
2.66941209378769445e-02 0.00000000000000000e+00
1.58861871831128230e-02 0.00000000000000000e+00
-1.61292640401681543e-02 0.00000000000000000e+00
-3.34904380924438624e-02 0.00000000000000000e+00
8.99051184825925241e-03 0.00000000000000000e+00
-1.19616432163554554e-02 0.00000000000000000e+00
-1.45793946404245197e-02 0.00000000000000000e+00
2.14472167530625375e-02 0.00000000000000000e+00
-2.44329469858594883e-02 0.00000000000000000e+00
-3.25179440093622391e-04 0.00000000000000000e+00
1.43312447645596195e-03 0.00000000000000000e+00
1.64559058980757872e-02 0.00000000000000000e+00
-2.44257911847197470e-03 0.00000000000000000e+00
1.54218256815593572e-03 0.00000000000000000e+00
2.42296957852340157e-02 0.00000000000000000e+00
-1.58177525680169156e-02 0.00000000000000000e+00
2.24747602420502270e-02 0.00000000000000000e+00
9.09473560967683121e-03 0.00000000000000000e+00
-8.50308683891636517e-03 0.00000000000000000e+00
-8.12187133490119111e-03 0.00000000000000000e+00
2.30426066830289027e-03 0.00000000000000000e+00
-8.33244936158154641e-03 0.00000000000000000e+00
2.49879710671219212e-03 0.00000000000000000e+00
5.47976357458351739e-03 0.00000000000000000e+00
-5.28660087830033244e-03 0.00000000000000000e+00
-1.74904701757257162e-02 0.00000000000000000e+00
2.11290661223179979e-02 0.00000000000000000e+00
2.56966565725653164e-02 0.00000000000000000e+00
-2.59948987464491462e-03 0.00000000000000000e+00
1.67936437749034613e-02 0.00000000000000000e+00
2.49895184388158609e-02 0.00000000000000000e+00
-3.19460672742202384e-02 0.00000000000000000e+00
3.90535210744342789e-02 0.00000000000000000e+00
1.14533643392734363e-02 0.00000000000000000e+00
-7.18189675243784045e-03 0.00000000000000000e+00
-5.39202656103184505e-02 0.00000000000000000e+00
1.95195485043317164e-02 0.00000000000000000e+00
-1.86060215086982159e-02 0.00000000000000000e+00
-3.94559356739363765e-02 0.00000000000000000e+00
5.10659346486798948e-02 0.00000000000000000e+00
-5.59939903597202401e-02 0.00000000000000000e+00
5.44056719181367551e-03 0.00000000000000000e+00
-6.22007304698754798e-03 0.00000000000000000e+00
-5.85972242783416235e-04 0.00000000000000000e+00
-4.42468173227574652e-04 0.00000000000000000e+00
-1.47400815233585526e-03 0.00000000000000000e+00
2.70878179176308040e-03 0.00000000000000000e+00
-4.65985817594149804e-04 0.00000000000000000e+00
8.02187849156306030e-04 0.00000000000000000e+00
5.32081442509861873e-03 0.00000000000000000e+00
-4.48002195607286394e-03 0.00000000000000000e+00
9.61195015847721157e-03 0.00000000000000000e+00
-2.59143724585899271e-03 0.00000000000000000e+00
-1.12050729970999356e-03 0.00000000000000000e+00
7.45073194721897290e-03 0.00000000000000000e+00
-5.46306487054584733e-03 0.00000000000000000e+00
6.57797848248266748e-03 0.00000000000000000e+00
3.47485809836670925e-03 0.00000000000000000e+00
-2.52927512358529531e-03 0.00000000000000000e+00
7.93197451601707418e-03 0.00000000000000000e+00
-1.14873241596127190e-03 0.00000000000000000e+00
-2.72537199457261684e-04 0.00000000000000000e+00
7.28143091680476685e-03 0.00000000000000000e+00
-1.89616671937340754e-03 0.00000000000000000e+00
5.05274430990236296e-03 0.00000000000000000e+00
4.68340855357525163e-03 0.00000000000000000e+00
-5.10263246688100018e-03 0.00000000000000000e+00
-4.22290419900413737e-03 0.00000000000000000e+00
6.07585507290373992e-04 0.00000000000000000e+00
-2.19553871581866381e-03 0.00000000000000000e+00
3.26751821512199863e-04 0.00000000000000000e+00
1.05575707719998365e-03 0.00000000000000000e+00
-1.37008222232817573e-03 0.00000000000000000e+00
-3.11235599128491464e-03 0.00000000000000000e+00
3.72476722539852052e-03 0.00000000000000000e+00
6.40108153418447821e-03 0.00000000000000000e+00
-7.49389224084875700e-04 0.00000000000000000e+00
1.21127067622101383e-03 0.00000000000000000e+00
9.25423517257015216e-03 0.00000000000000000e+00
-7.06170968647046576e-03 0.00000000000000000e+00
9.47538058155996538e-03 0.00000000000000000e+00
1.05477674265644274e-03 0.00000000000000000e+00
-1.07825577736141761e-03 0.00000000000000000e+00
-6.37169345148124421e-03 0.00000000000000000e+00
1.82607972165310379e-03 0.00000000000000000e+00
-2.99301064866650110e-03 0.00000000000000000e+00
-1.27220346870447233e-03 0.00000000000000000e+00
4.05070870691658612e-03 0.00000000000000000e+00
-4.25651276626224859e-03 0.00000000000000000e+00
-7.86974426510096410e-04 0.00000000000000000e+00
8.35347121752008821e-04 0.00000000000000000e+00
1.39700436044004947e-04 0.00000000000000000e+00
1.76428110137611615e-05 0.00000000000000000e+00
5.74116259371627749e-04 0.00000000000000000e+00
3.05779435951502871e-05 0.00000000000000000e+00
-7.33852296489829548e-04 0.00000000000000000e+00
6.80453286667387987e-04 0.00000000000000000e+00
-5.22894795756461970e-06 0.00000000000000000e+00
1.75240862849242450e-04 0.00000000000000000e+00
-1.45616996563977994e-03 0.00000000000000000e+00
5.97832373552774289e-04 0.00000000000000000e+00
-3.84285623572435710e-04 0.00000000000000000e+00
-1.41806512242615736e-03 0.00000000000000000e+00
1.61221310255185908e-03 0.00000000000000000e+00
-1.76606673784122838e-03 0.00000000000000000e+00
2.22757089422996168e-03 0.00000000000000000e+00
-2.65248984502505997e-03 0.00000000000000000e+00
-3.65044164293646788e-03 0.00000000000000000e+00
3.76139461186811774e-04 0.00000000000000000e+00
-7.53839326004558706e-04 0.00000000000000000e+00
-4.89912753466590929e-03 0.00000000000000000e+00
3.80100062872707921e-03 0.00000000000000000e+00
-5.13124031132384563e-03 0.00000000000000000e+00
-3.68161473379969398e-06 0.00000000000000000e+00
1.39048451205877661e-04 0.00000000000000000e+00
4.43012111158544008e-03 0.00000000000000000e+00
-1.22146025438692922e-03 0.00000000000000000e+00
1.49704148040371286e-03 0.00000000000000000e+00
1.32457892459053616e-03 0.00000000000000000e+00
-2.63292834710637195e-03 0.00000000000000000e+00
2.84972378406412718e-03 0.00000000000000000e+00
2.93095263114602153e-04 0.00000000000000000e+00
-8.84746863203748121e-04 0.00000000000000000e+00
-4.27968995848059149e-03 0.00000000000000000e+00
5.13621105192335007e-04 0.00000000000000000e+00
-9.35696864744865959e-04 0.00000000000000000e+00
-3.85947434805537348e-03 0.00000000000000000e+00
2.50764748127484593e-03 0.00000000000000000e+00
-3.99665352003259183e-03 0.00000000000000000e+00
-1.76299001248428171e-03 0.00000000000000000e+00
1.75656343893688862e-03 0.00000000000000000e+00
5.21710570655725854e-03 0.00000000000000000e+00
-1.48680420605847800e-03 0.00000000000000000e+00
1.71234792835134016e-03 0.00000000000000000e+00
2.57363260292216593e-03 0.00000000000000000e+00
-3.57680413654995130e-03 0.00000000000000000e+00
4.03393012383464547e-03 0.00000000000000000e+00
3.71843364784217286e-03 0.00000000000000000e+00
-4.34458363531381019e-03 0.00000000000000000e+00
-7.18032224650932450e-03 0.00000000000000000e+00
8.61307377226688104e-04 0.00000000000000000e+00
-1.59123724737547504e-03 0.00000000000000000e+00
-1.08407294085337644e-02 0.00000000000000000e+00
8.65354737196591048e-03 0.00000000000000000e+00
-1.13543480977038209e-02 0.00000000000000000e+00
-1.52326526005648762e-03 0.00000000000000000e+00
1.36383863508514683e-03 0.00000000000000000e+00
7.12680516059514216e-03 0.00000000000000000e+00
-2.17886633122881847e-03 0.00000000000000000e+00
3.72668828714479939e-03 0.00000000000000000e+00
1.51743868628154057e-03 0.00000000000000000e+00
-5.01767103959883162e-03 0.00000000000000000e+00
5.21573960020544833e-03 0.00000000000000000e+00
-9.95048789389219729e-03 0.00000000000000000e+00
9.12980461581179396e-03 0.00000000000000000e+00
-7.31541634979519708e-03 0.00000000000000000e+00
1.31371606391017504e-03 0.00000000000000000e+00
3.33403889762603394e-03 0.00000000000000000e+00
-5.25805540443924271e-03 0.00000000000000000e+00
-4.08255952586168442e-03 0.00000000000000000e+00
6.57162788557075304e-04 0.00000000000000000e+00
-6.31928152688014666e-03 0.00000000000000000e+00
7.55239816097783012e-03 0.00000000000000000e+00
-3.33076757767118660e-03 0.00000000000000000e+00
2.52494368550617177e-03 0.00000000000000000e+00
2.55625270495140175e-05 0.00000000000000000e+00
-6.84862947847034425e-03 0.00000000000000000e+00
7.14236129094548023e-03 0.00000000000000000e+00
-7.41528778023469587e-03 0.00000000000000000e+00
-3.82320548988039979e-03 0.00000000000000000e+00
3.37317836303911321e-03 0.00000000000000000e+00
-7.42144369110505926e-03 0.00000000000000000e+00
1.27877641673452094e-03 0.00000000000000000e+00
4.74980657513343694e-04 0.00000000000000000e+00
-9.87599626890924183e-03 0.00000000000000000e+00
4.30286300574416521e-03 0.00000000000000000e+00
-7.50294264627634350e-03 0.00000000000000000e+00
-6.20337959816068350e-03 0.00000000000000000e+00
6.06150250711029719e-03 0.00000000000000000e+00
2.56135905473900232e-04 0.00000000000000000e+00
2.48116879459908050e-04 0.00000000000000000e+00
3.19462146976280149e-03 0.00000000000000000e+00
-3.62989419454828356e-03 0.00000000000000000e+00
6.02487391388858463e-04 0.00000000000000000e+00
-8.93718079553932070e-04 0.00000000000000000e+00
2.61077639853730730e-03 0.00000000000000000e+00
-2.97767314841617574e-03 0.00000000000000000e+00
-1.40417746771978689e-03 0.00000000000000000e+00
9.52750164636524578e-06 0.00000000000000000e+00
-1.43623067796166178e-03 0.00000000000000000e+00
-6.52709836366656610e-04 0.00000000000000000e+00
1.89603846407249404e-03 0.00000000000000000e+00
-2.11746041996565366e-03 0.00000000000000000e+00
7.72999822162100244e-04 0.00000000000000000e+00
-8.66844646040140624e-04 0.00000000000000000e+00
5.50313515761082384e-03 0.00000000000000000e+00
-1.82830004636013463e-03 0.00000000000000000e+00
8.25785510874711237e-04 0.00000000000000000e+00
4.27409540679176119e-03 0.00000000000000000e+00
-4.49856367103770253e-03 0.00000000000000000e+00
5.05635370150087169e-03 0.00000000000000000e+00
-5.26343570814516090e-03 0.00000000000000000e+00
5.28381896952696307e-03 0.00000000000000000e+00
-4.60105641684736659e-03 0.00000000000000000e+00
1.05492482802028303e-03 0.00000000000000000e+00
2.50487734907368280e-04 0.00000000000000000e+00
-6.91247568161844524e-03 0.00000000000000000e+00
3.12681419729137671e-03 0.00000000000000000e+00
-5.23909963112588646e-03 0.00000000000000000e+00
-7.56863341042033830e-03 0.00000000000000000e+00
6.71489165704562251e-03 0.00000000000000000e+00
-2.89397498286881986e-03 0.00000000000000000e+00
6.71791887607192315e-04 0.00000000000000000e+00
3.15423876934455526e-03 0.00000000000000000e+00
-3.81575186120304121e-03 0.00000000000000000e+00
8.04794526858484309e-04 0.00000000000000000e+00
-1.27131401351221430e-03 0.00000000000000000e+00
-7.35809672414130481e-03 0.00000000000000000e+00
6.30942726051968595e-03 0.00000000000000000e+00
-8.71507317080858802e-03 0.00000000000000000e+00
1.38661283786777772e-03 0.00000000000000000e+00
1.65725252137039120e-03 0.00000000000000000e+00
-6.83680278587412999e-03 0.00000000000000000e+00
-1.03704565877228640e-03 0.00000000000000000e+00
-2.63964661127462624e-03 0.00000000000000000e+00
-6.40928356719784077e-03 0.00000000000000000e+00
7.22076518059191694e-03 0.00000000000000000e+00
1.50865951144693697e-03 0.00000000000000000e+00
6.77255597914499033e-04 0.00000000000000000e+00
1.48438286964781949e-03 0.00000000000000000e+00
-2.96320580904255041e-03 0.00000000000000000e+00
2.31343958715859608e-03 0.00000000000000000e+00
-2.15568617802124052e-03 0.00000000000000000e+00
-3.54835026194927090e-03 0.00000000000000000e+00
3.00301916641736210e-03 0.00000000000000000e+00
-9.34555233012033734e-03 0.00000000000000000e+00
1.56876111576149642e-03 0.00000000000000000e+00
2.51722672958661249e-04 0.00000000000000000e+00
-1.30653605416019610e-02 0.00000000000000000e+00
6.56334415999024461e-03 0.00000000000000000e+00
-1.05527798247273992e-02 0.00000000000000000e+00
-7.24456634722610033e-03 0.00000000000000000e+00
6.98960110933820496e-03 0.00000000000000000e+00
1.09531496505409719e-03 0.00000000000000000e+00
-2.43940707012888588e-05 0.00000000000000000e+00
4.29024798626764271e-03 0.00000000000000000e+00
-4.08315169995893991e-03 0.00000000000000000e+00
-6.25030451903286057e-05 0.00000000000000000e+00
-2.93778854225766530e-04 0.00000000000000000e+00
2.49984509460944408e-03 0.00000000000000000e+00
-3.34747312221527014e-03 0.00000000000000000e+00
-5.84386675633600475e-03 0.00000000000000000e+00
6.20429939741589157e-04 0.00000000000000000e+00
-2.55949986462277075e-03 0.00000000000000000e+00
-5.39080065517107219e-03 0.00000000000000000e+00
5.31565032022817286e-03 0.00000000000000000e+00
-7.12312179737461734e-03 0.00000000000000000e+00
-2.13023122332453053e-03 0.00000000000000000e+00
1.71295719735239807e-03 0.00000000000000000e+00
1.00337015003218039e-02 0.00000000000000000e+00
-3.30102773670222158e-03 0.00000000000000000e+00
3.17491126206178708e-03 0.00000000000000000e+00
6.43936608162399508e-03 0.00000000000000000e+00
-8.33448353885461735e-03 0.00000000000000000e+00
9.23947471277418095e-03 0.00000000000000000e+00
8.32834304929308544e-03 0.00000000000000000e+00
-9.25486386662635434e-03 0.00000000000000000e+00
-8.90585786058732502e-03 0.00000000000000000e+00
8.48560932879172938e-04 0.00000000000000000e+00
-2.65471964597231887e-03 0.00000000000000000e+00
-1.38474847227139253e-02 0.00000000000000000e+00
1.23443583482957114e-02 0.00000000000000000e+00
-1.55254173366590666e-02 0.00000000000000000e+00
1.02306607753258646e-03 0.00000000000000000e+00
-9.66578245911175484e-04 0.00000000000000000e+00
1.21585875377710866e-02 0.00000000000000000e+00
-3.68835553178080335e-03 0.00000000000000000e+00
4.47152848729068242e-03 0.00000000000000000e+00
3.98369517611735918e-03 0.00000000000000000e+00
-8.22168076240536658e-03 0.00000000000000000e+00
8.69854735655269974e-03 0.00000000000000000e+00
-1.25415156573048699e-02 0.00000000000000000e+00
1.07092566630162776e-02 0.00000000000000000e+00
-1.54822828823476203e-02 0.00000000000000000e+00
2.46368348639927756e-03 0.00000000000000000e+00
2.45860050513221949e-03 0.00000000000000000e+00
-1.24097949595639682e-02 0.00000000000000000e+00
-9.53488782363583372e-04 0.00000000000000000e+00
-5.51535165362237838e-03 0.00000000000000000e+00
-1.16886782740412039e-02 0.00000000000000000e+00
1.28810550703252358e-02 0.00000000000000000e+00
3.35926886462566479e-03 0.00000000000000000e+00
7.97603404172043517e-04 0.00000000000000000e+00
3.11539604012364474e-03 0.00000000000000000e+00
-4.43538234309656231e-03 0.00000000000000000e+00
2.89639287400242276e-03 0.00000000000000000e+00
-2.56158862934785904e-03 0.00000000000000000e+00
-4.25426322940296309e-03 0.00000000000000000e+00
3.37845419299362361e-03 0.00000000000000000e+00
-1.31909933577594937e-02 0.00000000000000000e+00
2.13587808858864718e-03 0.00000000000000000e+00
3.01491884791626281e-04 0.00000000000000000e+00
-1.79921151848365518e-02 0.00000000000000000e+00
8.99539830793949675e-03 0.00000000000000000e+00
-1.45680710862211519e-02 0.00000000000000000e+00
-9.23768391932954305e-03 0.00000000000000000e+00
9.08026384523784660e-03 0.00000000000000000e+00
2.64658697655517682e-03 0.00000000000000000e+00
-2.63890718336472414e-04 0.00000000000000000e+00
5.72304570260936257e-03 0.00000000000000000e+00
-5.01898706998836226e-03 0.00000000000000000e+00
-4.42391387447612771e-04 0.00000000000000000e+00
6.56659676930412335e-05 0.00000000000000000e+00
-5.47860564168171135e-03 0.00000000000000000e+00
3.80724932710991290e-03 0.00000000000000000e+00
-1.38045843902147424e-02 0.00000000000000000e+00
1.96721488466951267e-03 0.00000000000000000e+00
2.89037249113300318e-04 0.00000000000000000e+00
-1.26676968574741897e-02 0.00000000000000000e+00
3.58405338205601380e-03 0.00000000000000000e+00
-9.03548612794820641e-03 0.00000000000000000e+00
-7.80038306433991028e-03 0.00000000000000000e+00
8.52965818838464888e-03 0.00000000000000000e+00
8.00352997334787160e-03 0.00000000000000000e+00
-1.28213174675749801e-03 0.00000000000000000e+00
3.85847983890637552e-03 0.00000000000000000e+00
-4.04755245670361519e-05 0.00000000000000000e+00
-2.37060836482083908e-03 0.00000000000000000e+00
2.97583318602016216e-03 0.00000000000000000e+00
7.01818592129327661e-03 0.00000000000000000e+00
-8.38671880224202762e-03 0.00000000000000000e+00
-1.49195611635371816e-02 0.00000000000000000e+00
1.78551068545326460e-03 0.00000000000000000e+00
-2.94887867364554803e-03 0.00000000000000000e+00
-2.18342346831794445e-02 0.00000000000000000e+00
1.68286707874416297e-02 0.00000000000000000e+00
-2.24621941517947100e-02 0.00000000000000000e+00
-3.05479173241130549e-03 0.00000000000000000e+00
2.93263125515974207e-03 0.00000000000000000e+00
1.45348931906922659e-02 0.00000000000000000e+00
-4.27270538518541645e-03 0.00000000000000000e+00
7.28280011598752674e-03 0.00000000000000000e+00
2.88263136440580162e-03 0.00000000000000000e+00
-9.65476158907396971e-03 0.00000000000000000e+00
1.00947521828904756e-02 0.00000000000000000e+00
-8.00728916179752233e-03 0.00000000000000000e+00
7.58570567939090539e-03 0.00000000000000000e+00
-3.77360200843163737e-03 0.00000000000000000e+00
7.75881743483144591e-04 0.00000000000000000e+00
3.10397762924669030e-03 0.00000000000000000e+00
-1.97049357245903051e-03 0.00000000000000000e+00
-4.78788922670253352e-03 0.00000000000000000e+00
2.80055251538939565e-03 0.00000000000000000e+00
-3.94029091365804759e-03 0.00000000000000000e+00
5.00421820793112322e-03 0.00000000000000000e+00
-4.75548908895892519e-03 0.00000000000000000e+00
2.65127805634880753e-03 0.00000000000000000e+00
-9.62714811372671563e-04 0.00000000000000000e+00
-6.34581586840102501e-03 0.00000000000000000e+00
7.28805648127143612e-03 0.00000000000000000e+00
-7.65765428385107097e-03 0.00000000000000000e+00
-6.99890878625250915e-03 0.00000000000000000e+00
7.37568876532440892e-03 0.00000000000000000e+00
7.05126670424561282e-04 0.00000000000000000e+00
3.19432837584432340e-04 0.00000000000000000e+00
1.69480247909542178e-03 0.00000000000000000e+00
1.26042096773902514e-03 0.00000000000000000e+00
-3.62434264800126074e-03 0.00000000000000000e+00
3.51143363863978993e-03 0.00000000000000000e+00
-4.79634106763481092e-03 0.00000000000000000e+00
4.46859917624310883e-03 0.00000000000000000e+00
-7.46635821825196964e-03 0.00000000000000000e+00
2.31695441920604789e-03 0.00000000000000000e+00
-2.36949054454575043e-04 0.00000000000000000e+00
-4.95406947545402702e-03 0.00000000000000000e+00
5.04117540253215795e-03 0.00000000000000000e+00
-5.61128740220972425e-03 0.00000000000000000e+00
1.44822436582332814e-03 0.00000000000000000e+00
2.53521153396315765e-04 0.00000000000000000e+00
1.27223641080181984e-02 0.00000000000000000e+00
-1.63160755737364266e-03 0.00000000000000000e+00
1.78224671033122995e-03 0.00000000000000000e+00
1.12453257381070204e-02 0.00000000000000000e+00
-5.77483444112626872e-03 0.00000000000000000e+00
1.03890883912544241e-02 0.00000000000000000e+00
6.16059441371033956e-03 0.00000000000000000e+00
-6.34371977011010876e-03 0.00000000000000000e+00
-1.28245959680257024e-02 0.00000000000000000e+00
3.35757365764522385e-03 0.00000000000000000e+00
-4.57703600915362538e-03 0.00000000000000000e+00
-5.26824692262804588e-03 0.00000000000000000e+00
7.91146987448637651e-03 0.00000000000000000e+00
-9.03958597138194639e-03 0.00000000000000000e+00
-2.30297444477444140e-03 0.00000000000000000e+00
3.08990543125553258e-03 0.00000000000000000e+00
1.03660869601446392e-02 0.00000000000000000e+00
-1.41744755793315330e-03 0.00000000000000000e+00
1.55067087796638523e-03 0.00000000000000000e+00
1.53605404499306698e-02 0.00000000000000000e+00
-1.09835461038316450e-02 0.00000000000000000e+00
1.50482990878668156e-02 0.00000000000000000e+00
4.32904677029822150e-03 0.00000000000000000e+00
-3.99943963978771026e-03 0.00000000000000000e+00
-7.31849127739684410e-03 0.00000000000000000e+00
2.18194309631717688e-03 0.00000000000000000e+00
-5.32194516493759984e-03 0.00000000000000000e+00
-8.29800742757847093e-05 0.00000000000000000e+00
5.11387622198538564e-03 0.00000000000000000e+00
-5.17429970195251113e-03 0.00000000000000000e+00
2.37177201618319917e-03 0.00000000000000000e+00
-9.03866947695684971e-04 0.00000000000000000e+00
1.13449398169100275e-02 0.00000000000000000e+00
-1.53301181307304024e-03 0.00000000000000000e+00
1.94420982271955819e-03 0.00000000000000000e+00
9.71753152742387688e-03 0.00000000000000000e+00
-5.15844019455657683e-03 0.00000000000000000e+00
9.23800793741562029e-03 0.00000000000000000e+00
7.12032403405987550e-03 0.00000000000000000e+00
-6.89094177551600236e-03 0.00000000000000000e+00
-1.12511193096541257e-02 0.00000000000000000e+00
3.17718353635933204e-03 0.00000000000000000e+00
-4.64414646588745365e-03 0.00000000000000000e+00
-5.27865076952654076e-03 0.00000000000000000e+00
7.94752304572115230e-03 0.00000000000000000e+00
-9.00318205128247673e-03 0.00000000000000000e+00
4.63531808871295130e-03 0.00000000000000000e+00
-4.62036448506976220e-03 0.00000000000000000e+00
4.21244699917388849e-03 0.00000000000000000e+00
-9.26756834447231299e-04 0.00000000000000000e+00
-8.85730519281909836e-04 0.00000000000000000e+00
6.48912250019718397e-03 0.00000000000000000e+00
-2.25275651590975227e-03 0.00000000000000000e+00
4.27769726824768146e-03 0.00000000000000000e+00
5.76295019913198453e-03 0.00000000000000000e+00
-5.40814592521121108e-03 0.00000000000000000e+00
3.34272198343650703e-03 0.00000000000000000e+00
-1.12703132157171947e-03 0.00000000000000000e+00
-2.19366893890513481e-03 0.00000000000000000e+00
4.77656312968645705e-03 0.00000000000000000e+00
-2.43700009318469470e-03 0.00000000000000000e+00
2.97939234250389155e-03 0.00000000000000000e+00
-5.25801880056583036e-03 0.00000000000000000e+00
4.52810895281130586e-03 0.00000000000000000e+00
-7.61127585565839638e-03 0.00000000000000000e+00
1.24011285832397030e-03 0.00000000000000000e+00
1.24393249543693660e-03 0.00000000000000000e+00
-7.85427227129603146e-03 0.00000000000000000e+00
1.22779742572463380e-03 0.00000000000000000e+00
-4.50334723468602711e-03 0.00000000000000000e+00
-5.53739423401263930e-03 0.00000000000000000e+00
6.01312190120057571e-03 0.00000000000000000e+00
6.41969367223716759e-04 0.00000000000000000e+00
6.05607198777475576e-04 0.00000000000000000e+00
1.93525812589540047e-03 0.00000000000000000e+00
-3.50747281587002061e-03 0.00000000000000000e+00
1.95182614212810728e-03 0.00000000000000000e+00
-2.04974458094482137e-03 0.00000000000000000e+00
1.62838771870961602e-02 0.00000000000000000e+00
-1.79061618311660668e-02 0.00000000000000000e+00
-1.17015351559436355e-02 0.00000000000000000e+00
7.14694310176532013e-04 0.00000000000000000e+00
-4.28069569262607905e-03 0.00000000000000000e+00
-1.74293913889293009e-02 0.00000000000000000e+00
1.70582133794429242e-02 0.00000000000000000e+00
-2.09324003180290964e-02 0.00000000000000000e+00
6.49030615096896340e-03 0.00000000000000000e+00
-5.68644842485510962e-03 0.00000000000000000e+00
2.18538187475979910e-02 0.00000000000000000e+00
-6.35809456047326318e-03 0.00000000000000000e+00
4.92451579766195902e-03 0.00000000000000000e+00
9.10701402504539986e-03 0.00000000000000000e+00
-1.36114761463973569e-02 0.00000000000000000e+00
1.47752459106082826e-02 0.00000000000000000e+00
-1.53789544652516725e-02 0.00000000000000000e+00
1.55393854584727886e-02 0.00000000000000000e+00
-3.01484818228537146e-04 0.00000000000000000e+00
6.27140319450464117e-04 0.00000000000000000e+00
7.99308180114422992e-03 0.00000000000000000e+00
1.93871617995760226e-03 0.00000000000000000e+00
-1.33185991923561297e-02 0.00000000000000000e+00
1.18288955214865717e-02 0.00000000000000000e+00
-3.62557650902038068e-03 0.00000000000000000e+00
6.00649806902208913e-03 0.00000000000000000e+00
-1.82873897476137220e-02 0.00000000000000000e+00
7.93619635854145473e-03 0.00000000000000000e+00
-5.09921175109308029e-03 0.00000000000000000e+00
-1.76344971920381968e-02 0.00000000000000000e+00
2.12271657110655529e-02 0.00000000000000000e+00
-2.28251390917117193e-02 0.00000000000000000e+00
-6.15619587660779909e-03 0.00000000000000000e+00
6.27266682520071384e-03 0.00000000000000000e+00
1.64492935170777876e-05 0.00000000000000000e+00
2.96525712984939817e-04 0.00000000000000000e+00
1.48944346467057894e-03 0.00000000000000000e+00
1.51880360533743469e-03 0.00000000000000000e+00
-3.88905094280466053e-03 0.00000000000000000e+00
3.62277951442851543e-03 0.00000000000000000e+00
-3.83432772739605160e-03 0.00000000000000000e+00
3.79482574406772577e-03 0.00000000000000000e+00
-5.07692912990404324e-03 0.00000000000000000e+00
1.76662235234472135e-03 0.00000000000000000e+00
-4.75432290157252254e-04 0.00000000000000000e+00
-3.39993467939594344e-03 0.00000000000000000e+00
3.97793892862681724e-03 0.00000000000000000e+00
-4.27011184871194886e-03 0.00000000000000000e+00
2.45766845961032949e-03 0.00000000000000000e+00
5.06590984986211965e-04 0.00000000000000000e+00
2.24182938477529153e-02 0.00000000000000000e+00
-2.89493908355604578e-03 0.00000000000000000e+00
3.54988648829781313e-03 0.00000000000000000e+00
1.99309832866777746e-02 0.00000000000000000e+00
-1.07837994535566715e-02 0.00000000000000000e+00
1.88652100713526151e-02 0.00000000000000000e+00
1.14553701062218936e-02 0.00000000000000000e+00
-1.15149007773184681e-02 0.00000000000000000e+00
-2.29929667695109897e-02 0.00000000000000000e+00
6.22813322914135374e-03 0.00000000000000000e+00
-8.52521050580697451e-03 0.00000000000000000e+00
-9.96317625363439541e-03 0.00000000000000000e+00
1.49595031433816059e-02 0.00000000000000000e+00
-1.69937857214133257e-02 0.00000000000000000e+00
-3.33695032718336936e-03 0.00000000000000000e+00
4.17926234207702946e-03 0.00000000000000000e+00
1.00515027786016575e-02 0.00000000000000000e+00
-1.28749355994899083e-03 0.00000000000000000e+00
1.41483223585090476e-03 0.00000000000000000e+00
1.48944338330028025e-02 0.00000000000000000e+00
-1.06722397973498945e-02 0.00000000000000000e+00
1.45932448066104156e-02 0.00000000000000000e+00
2.81250309156116192e-03 0.00000000000000000e+00
-2.77575086350253988e-03 0.00000000000000000e+00
-7.89443229483283160e-03 0.00000000000000000e+00
2.20435713999972893e-03 0.00000000000000000e+00
-4.75494660686178253e-03 0.00000000000000000e+00
-2.78770772747765911e-04 0.00000000000000000e+00
4.84940011545418031e-03 0.00000000000000000e+00
-4.95375052503438471e-03 0.00000000000000000e+00
-1.43441548610321844e-02 0.00000000000000000e+00
1.69131754697245638e-02 0.00000000000000000e+00
1.80252320151682542e-02 0.00000000000000000e+00
-1.75020596440790630e-03 0.00000000000000000e+00
1.29491503370915920e-02 0.00000000000000000e+00
1.78682531258316235e-02 0.00000000000000000e+00
-2.43652383094374939e-02 0.00000000000000000e+00
2.91559275014551256e-02 0.00000000000000000e+00
7.71424198691614098e-03 0.00000000000000000e+00
-4.33652126151945396e-03 0.00000000000000000e+00
-4.03844986466637343e-02 0.00000000000000000e+00
1.48332004735117241e-02 0.00000000000000000e+00
-1.38605380804358996e-02 0.00000000000000000e+00
-3.01937100920015404e-02 0.00000000000000000e+00
3.89146558415094448e-02 0.00000000000000000e+00
-4.25964831137754171e-02 0.00000000000000000e+00
2.62907209013711835e-03 0.00000000000000000e+00
-3.24201668449962269e-03 0.00000000000000000e+00
-1.97664085558324357e-03 0.00000000000000000e+00
-1.18655199498621377e-05 0.00000000000000000e+00
-8.89172222420888487e-04 0.00000000000000000e+00
-2.31128385604173877e-04 0.00000000000000000e+00
5.28526866426792699e-04 0.00000000000000000e+00
-9.87742088577466763e-04 0.00000000000000000e+00
2.04131146759124141e-03 0.00000000000000000e+00
-1.53982308663376229e-03 0.00000000000000000e+00
6.39624441950324869e-03 0.00000000000000000e+00
-1.66801474613565781e-03 0.00000000000000000e+00
-3.41164005581467473e-05 0.00000000000000000e+00
4.21214600052780951e-03 0.00000000000000000e+00
-3.53675689530386214e-03 0.00000000000000000e+00
4.22211246674653647e-03 0.00000000000000000e+00
-1.82229172658155835e-03 0.00000000000000000e+00
1.52639416846056465e-03 0.00000000000000000e+00
-4.13037101966976915e-03 0.00000000000000000e+00
6.91054408842105652e-04 0.00000000000000000e+00
-2.75967595104674695e-04 0.00000000000000000e+00
-5.07742308362394996e-03 0.00000000000000000e+00
2.68428287679828249e-03 0.00000000000000000e+00
-4.35870924912119817e-03 0.00000000000000000e+00
-3.75355180746449494e-03 0.00000000000000000e+00
3.46795738572896247e-03 0.00000000000000000e+00
1.38411929964448550e-03 0.00000000000000000e+00
-4.11534686467564020e-04 0.00000000000000000e+00
2.10746263536542655e-03 0.00000000000000000e+00
-5.46357796480199964e-04 0.00000000000000000e+00
-1.22821314559424404e-03 0.00000000000000000e+00
1.22908457190320933e-03 0.00000000000000000e+00
2.18358241044983893e-02 0.00000000000000000e+00
-2.32657273659073530e-02 0.00000000000000000e+00
-5.04971263340400420e-03 0.00000000000000000e+00
-6.25733299913537318e-04 0.00000000000000000e+00
-4.45040327630466959e-03 0.00000000000000000e+00
-8.17346662088700923e-03 0.00000000000000000e+00
1.27629206674912711e-02 0.00000000000000000e+00
-1.37151292126369735e-02 0.00000000000000000e+00
1.50517072554821017e-02 0.00000000000000000e+00
-1.34476337968396521e-02 0.00000000000000000e+00
2.34612284675652025e-02 0.00000000000000000e+00
-6.75542671538168198e-03 0.00000000000000000e+00
1.02818731542879144e-03 0.00000000000000000e+00
1.29444424271075303e-02 0.00000000000000000e+00
-1.38444071078226809e-02 0.00000000000000000e+00
1.54157743494788783e-02 0.00000000000000000e+00
-1.04685180901618463e-02 0.00000000000000000e+00
1.01515160648818405e-02 0.00000000000000000e+00
-3.89480803156199307e-03 0.00000000000000000e+00
9.24454839312471854e-04 0.00000000000000000e+00
4.27897642420877258e-03 0.00000000000000000e+00
-2.35738700607441469e-03 0.00000000000000000e+00
-6.18343836544437211e-03 0.00000000000000000e+00
3.90155075233474457e-03 0.00000000000000000e+00
-5.00939777433791113e-03 0.00000000000000000e+00
6.28167286987224485e-03 0.00000000000000000e+00
-8.11494478058590388e-03 0.00000000000000000e+00
3.94012326341079515e-03 0.00000000000000000e+00
-1.40227140607640998e-03 0.00000000000000000e+00
-9.52324994192660021e-03 0.00000000000000000e+00
1.05898838192486685e-02 0.00000000000000000e+00
-1.13045347655843509e-02 0.00000000000000000e+00
-9.97100655546836112e-04 0.00000000000000000e+00
7.99995748861601053e-04 0.00000000000000000e+00
-6.87299578070212948e-04 0.00000000000000000e+00
7.47266813999421562e-05 0.00000000000000000e+00
3.85580351157947939e-04 0.00000000000000000e+00
4.17184217425942562e-04 0.00000000000000000e+00
-1.32551671755027018e-03 0.00000000000000000e+00
1.05351428808852848e-03 0.00000000000000000e+00
-9.82498477697350559e-05 0.00000000000000000e+00
4.14622138913918145e-04 0.00000000000000000e+00
4.40701157951077938e-04 0.00000000000000000e+00
1.41807624032218673e-04 0.00000000000000000e+00
-4.20804264337047576e-04 0.00000000000000000e+00
1.32207269470824798e-05 0.00000000000000000e+00
5.83676127715372661e-04 0.00000000000000000e+00
-4.65285188200436099e-04 0.00000000000000000e+00
4.12290710799413131e-03 0.00000000000000000e+00
-4.40125081122840021e-03 0.00000000000000000e+00
-2.87034571271004653e-04 0.00000000000000000e+00
-2.07456474580725535e-04 0.00000000000000000e+00
-1.87994941719156461e-03 0.00000000000000000e+00
4.03096721155347655e-04 0.00000000000000000e+00
2.20546670968557387e-03 0.00000000000000000e+00
-1.89546868967390824e-03 0.00000000000000000e+00
1.95893490899316661e-03 0.00000000000000000e+00
-2.15462673244038979e-03 0.00000000000000000e+00
6.18139925590877395e-03 0.00000000000000000e+00
-2.20685783852626752e-03 0.00000000000000000e+00
6.52974925630475547e-04 0.00000000000000000e+00
5.42163374385056483e-03 0.00000000000000000e+00
-5.49891874701902931e-03 0.00000000000000000e+00
6.13181449370515681e-03 0.00000000000000000e+00
-4.19614941373049489e-03 0.00000000000000000e+00
3.99155863758262220e-03 0.00000000000000000e+00
-7.79915390521366148e-03 0.00000000000000000e+00
1.48876138107135927e-03 0.00000000000000000e+00
-4.60956370834912687e-04 0.00000000000000000e+00
-1.18509373470987566e-02 0.00000000000000000e+00
7.01943472066022568e-03 0.00000000000000000e+00
-1.03583900881445406e-02 0.00000000000000000e+00
-8.96990013794099310e-03 0.00000000000000000e+00
7.90257592460346346e-03 0.00000000000000000e+00
-2.98799163815577785e-04 0.00000000000000000e+00
-1.97193100868816332e-04 0.00000000000000000e+00
5.02610919225277442e-03 0.00000000000000000e+00
-3.42505920915079894e-03 0.00000000000000000e+00
-1.34136757786574266e-03 0.00000000000000000e+00
9.12869840868477350e-04 0.00000000000000000e+00
-1.55308802354577578e-02 0.00000000000000000e+00
1.43750187528755916e-02 0.00000000000000000e+00
-1.03906825190907895e-02 0.00000000000000000e+00
1.91061741764808135e-03 0.00000000000000000e+00
5.69211113174243524e-03 0.00000000000000000e+00
-7.30886120872579950e-03 0.00000000000000000e+00
-7.25465400675023332e-03 0.00000000000000000e+00
2.23084132866962397e-03 0.00000000000000000e+00
-8.95692871884424223e-03 0.00000000000000000e+00
1.10608902080078994e-02 0.00000000000000000e+00
-6.70029780937175367e-03 0.00000000000000000e+00
4.49881098723173278e-03 0.00000000000000000e+00
-6.63414422232632729e-04 0.00000000000000000e+00
-1.17943216695810295e-02 0.00000000000000000e+00
1.26806362030972009e-02 0.00000000000000000e+00
-1.32572163010046228e-02 0.00000000000000000e+00
-5.28636936963875707e-03 0.00000000000000000e+00
4.25311298828450098e-03 0.00000000000000000e+00
-1.56924785718902601e-02 0.00000000000000000e+00
2.55791198483865112e-03 0.00000000000000000e+00
2.39958213569449230e-04 0.00000000000000000e+00
-2.12961174167785525e-02 0.00000000000000000e+00
1.07145031510282908e-02 0.00000000000000000e+00
-1.73283469725486472e-02 0.00000000000000000e+00
-1.13780106384863688e-02 0.00000000000000000e+00
1.10886828517715516e-02 0.00000000000000000e+00
3.19461030692544737e-03 0.00000000000000000e+00
-3.92697466318979373e-04 0.00000000000000000e+00
6.95648792798845336e-03 0.00000000000000000e+00
-5.73205658715132335e-03 0.00000000000000000e+00
-8.36200583933194600e-04 0.00000000000000000e+00
4.12578719265419773e-04 0.00000000000000000e+00
1.84638795755321977e-03 0.00000000000000000e+00
-2.00804133322962175e-03 0.00000000000000000e+00
2.96116806668532152e-05 0.00000000000000000e+00
-1.40486602432378312e-04 0.00000000000000000e+00
-6.62303858927058538e-04 0.00000000000000000e+00
6.95750636486831093e-04 0.00000000000000000e+00
3.75557796891956878e-04 0.00000000000000000e+00
-1.75746070386689052e-04 0.00000000000000000e+00
1.36938622733493820e-03 0.00000000000000000e+00
-1.29400841136249260e-03 0.00000000000000000e+00
2.79208100319954661e-03 0.00000000000000000e+00
-8.88142909276438833e-04 0.00000000000000000e+00
-7.80244511159094631e-05 0.00000000000000000e+00
2.40028153209193712e-03 0.00000000000000000e+00
-2.07366004509143683e-03 0.00000000000000000e+00
2.38410938644992342e-03 0.00000000000000000e+00
-7.46910561676595967e-03 0.00000000000000000e+00
7.64204837141293884e-03 0.00000000000000000e+00
-3.72059735282905717e-03 0.00000000000000000e+00
1.05545549228062648e-03 0.00000000000000000e+00
7.45637295002988349e-04 0.00000000000000000e+00
-5.42330730909635489e-03 0.00000000000000000e+00
1.35887882192363809e-03 0.00000000000000000e+00
-3.21869606045128596e-03 0.00000000000000000e+00
-8.80022073025514377e-03 0.00000000000000000e+00
7.82783856587807372e-03 0.00000000000000000e+00
-5.33739160192549592e-03 0.00000000000000000e+00
1.39236209493181335e-03 0.00000000000000000e+00
2.80206081926923523e-03 0.00000000000000000e+00
-4.97953562534852751e-03 0.00000000000000000e+00
2.31737888738599339e-03 0.00000000000000000e+00
-2.91900885235355000e-03 0.00000000000000000e+00
-6.82367004493870163e-03 0.00000000000000000e+00
6.20839069955295923e-03 0.00000000000000000e+00
-5.24012769786273095e-03 0.00000000000000000e+00
9.16216434485148893e-04 0.00000000000000000e+00
2.36946667090221288e-03 0.00000000000000000e+00
-3.69812255747713073e-03 0.00000000000000000e+00
-2.93018404742768652e-03 0.00000000000000000e+00
4.92666480930695552e-04 0.00000000000000000e+00
-4.17950545020637221e-03 0.00000000000000000e+00
5.12585581308788035e-03 0.00000000000000000e+00
-2.05702979148103711e-03 0.00000000000000000e+00
1.73940484338392493e-03 0.00000000000000000e+00
-7.41611049236303821e-05 0.00000000000000000e+00
-4.71265280989166188e-03 0.00000000000000000e+00
5.01637937436901112e-03 0.00000000000000000e+00
-5.18125771055078128e-03 0.00000000000000000e+00
-3.69365999431463558e-03 0.00000000000000000e+00
3.28225163124442080e-03 0.00000000000000000e+00
-7.72387952540180920e-03 0.00000000000000000e+00
1.34554732931983410e-03 0.00000000000000000e+00
3.29468432902418743e-04 0.00000000000000000e+00
-1.07718361650148992e-02 0.00000000000000000e+00
5.16767426508081378e-03 0.00000000000000000e+00
-8.50091832605906310e-03 0.00000000000000000e+00
-6.64014838098518374e-03 0.00000000000000000e+00
6.35565817967864190e-03 0.00000000000000000e+00
1.90041709381778042e-04 0.00000000000000000e+00
1.77825117514729663e-04 0.00000000000000000e+00
3.61831998766668893e-03 0.00000000000000000e+00
-3.82189335882234015e-03 0.00000000000000000e+00
3.29278673553936923e-04 0.00000000000000000e+00
-6.77963037239772098e-04 0.00000000000000000e+00
1.25514109233901836e-03 0.00000000000000000e+00
-1.01039451254823342e-03 0.00000000000000000e+00
1.67578958429306793e-03 0.00000000000000000e+00
-2.39798487679569793e-04 0.00000000000000000e+00
-3.74621050393814559e-04 0.00000000000000000e+00
1.09292414685399500e-03 0.00000000000000000e+00
4.54940556026091575e-04 0.00000000000000000e+00
2.40115336803827152e-04 0.00000000000000000e+00
8.53704730668085440e-04 0.00000000000000000e+00
-1.11867604648323879e-03 0.00000000000000000e+00
-5.73279901384076535e-04 0.00000000000000000e+00
-1.12271816685661097e-04 0.00000000000000000e+00
-9.22927719626431451e-05 0.00000000000000000e+00
4.24822393429073763e-04 0.00000000000000000e+00
-5.06041722936672591e-04 0.00000000000000000e+00
4.36409187432779003e-04 0.00000000000000000e+00
7.67088215223702807e-03 0.00000000000000000e+00
-8.18874156892549984e-03 0.00000000000000000e+00
-2.56373835862508653e-03 0.00000000000000000e+00
-8.22594044851387963e-05 0.00000000000000000e+00
-1.79200978207084602e-03 0.00000000000000000e+00
-4.23488169219183100e-03 0.00000000000000000e+00
5.61195723182290884e-03 0.00000000000000000e+00
-6.25951073516073809e-03 0.00000000000000000e+00
4.48925472310850171e-03 0.00000000000000000e+00
-4.09257542312599712e-03 0.00000000000000000e+00
8.58553625465482452e-03 0.00000000000000000e+00
-2.56548002528870535e-03 0.00000000000000000e+00
1.01165237031685881e-03 0.00000000000000000e+00
4.52645117350530379e-03 0.00000000000000000e+00
-5.45610037115303124e-03 0.00000000000000000e+00
5.98635802484547962e-03 0.00000000000000000e+00
-1.09225988615719236e-02 0.00000000000000000e+00
1.05563215400515508e-02 0.00000000000000000e+00
-4.12716734628787874e-03 0.00000000000000000e+00
9.54397264964717217e-04 0.00000000000000000e+00
4.73301723556742489e-03 0.00000000000000000e+00
-2.44415028326983421e-03 0.00000000000000000e+00
-6.82049455009966273e-03 0.00000000000000000e+00
4.38466852359762054e-03 0.00000000000000000e+00
-4.77422148016476335e-03 0.00000000000000000e+00
6.29427319426744021e-03 0.00000000000000000e+00
-8.61972538103275912e-03 0.00000000000000000e+00
4.29664944431970303e-03 0.00000000000000000e+00
-1.76918749100578592e-03 0.00000000000000000e+00
-1.03536805244976993e-02 0.00000000000000000e+00
1.16946650341044258e-02 0.00000000000000000e+00
-1.24635279580849329e-02 0.00000000000000000e+00
-1.44968135586336089e-03 0.00000000000000000e+00
8.52631901990052381e-04 0.00000000000000000e+00
-6.82173466486683030e-03 0.00000000000000000e+00
1.01328898838630443e-03 0.00000000000000000e+00
-1.90286991930197405e-05 0.00000000000000000e+00
-8.50472984596070680e-03 0.00000000000000000e+00
4.19834195551967160e-03 0.00000000000000000e+00
-6.98375010303742445e-03 0.00000000000000000e+00
-3.81162590875342745e-03 0.00000000000000000e+00
3.91887737499378459e-03 0.00000000000000000e+00
2.93225312881415390e-03 0.00000000000000000e+00
-5.21500245397887928e-04 0.00000000000000000e+00
2.61919619895224515e-03 0.00000000000000000e+00
-1.32001737824833667e-03 0.00000000000000000e+00
-9.96760744751339772e-04 0.00000000000000000e+00
1.00689854647735577e-03 0.00000000000000000e+00
-6.42542622438944683e-03 0.00000000000000000e+00
5.47862329128066382e-03 0.00000000000000000e+00
-1.10150949994588659e-02 0.00000000000000000e+00
1.81419024790783166e-03 0.00000000000000000e+00
6.64049459522222138e-04 0.00000000000000000e+00
-1.22404475126254488e-02 0.00000000000000000e+00
4.08871137323453277e-03 0.00000000000000000e+00
-8.70070852871518766e-03 0.00000000000000000e+00
-8.91230126186593960e-03 0.00000000000000000e+00
8.95956213445144208e-03 0.00000000000000000e+00
2.22529829280432604e-03 0.00000000000000000e+00
-1.90123532309030949e-05 0.00000000000000000e+00
4.03748704014429086e-03 0.00000000000000000e+00
-3.38141230841984596e-03 0.00000000000000000e+00
6.69028820264677639e-05 0.00000000000000000e+00
-1.29002858511391395e-04 0.00000000000000000e+00
3.69717972887270638e-02 0.00000000000000000e+00
-3.97624155128850215e-02 0.00000000000000000e+00
-1.36108198088771004e-02 0.00000000000000000e+00
-3.13521615824300499e-04 0.00000000000000000e+00
-8.10412917530996951e-03 0.00000000000000000e+00
-2.09754657302609337e-02 0.00000000000000000e+00
2.62799361261549097e-02 0.00000000000000000e+00
-2.99097923688432694e-02 0.00000000000000000e+00
2.25818909255044060e-02 0.00000000000000000e+00
-2.00709833052345570e-02 0.00000000000000000e+00
4.25453712763236361e-02 0.00000000000000000e+00
-1.22618929962033212e-02 0.00000000000000000e+00
4.30800653654628968e-03 0.00000000000000000e+00
2.15688268096867856e-02 0.00000000000000000e+00
-2.54520632471741635e-02 0.00000000000000000e+00
2.81167288493425309e-02 0.00000000000000000e+00
-2.00403389908540876e-02 0.00000000000000000e+00
1.98994409101216109e-02 0.00000000000000000e+00
-3.55189152905444365e-03 0.00000000000000000e+00
1.25207562600276726e-03 0.00000000000000000e+00
9.31308550893276445e-03 0.00000000000000000e+00
-6.84932832242006939e-04 0.00000000000000000e+00
-1.46997149528520568e-02 0.00000000000000000e+00
1.16831071581468045e-02 0.00000000000000000e+00
-7.10266127022796383e-03 0.00000000000000000e+00
9.82654284138831553e-03 0.00000000000000000e+00
-2.00675289863936138e-02 0.00000000000000000e+00
9.01697774694899291e-03 0.00000000000000000e+00
-4.73240854019423788e-03 0.00000000000000000e+00
-2.07133267964128599e-02 0.00000000000000000e+00
2.41005280533539840e-02 0.00000000000000000e+00
-2.58581785479202741e-02 0.00000000000000000e+00
-4.72823887622746478e-03 0.00000000000000000e+00
4.74362800623794045e-03 0.00000000000000000e+00
1.46836820810840210e-03 0.00000000000000000e+00
-6.63393633668647308e-05 0.00000000000000000e+00
1.45913832333623757e-03 0.00000000000000000e+00
4.50856513826449444e-03 0.00000000000000000e+00
-5.71469242634504212e-03 0.00000000000000000e+00
6.15534283099189884e-03 0.00000000000000000e+00
-1.23048339359805962e-03 0.00000000000000000e+00
1.59147596879623764e-03 0.00000000000000000e+00
-3.61748834065174323e-03 0.00000000000000000e+00
1.48089886934346291e-03 0.00000000000000000e+00
-1.77932870499145882e-03 0.00000000000000000e+00
-1.64181309856188369e-03 0.00000000000000000e+00
3.62330281083441882e-03 0.00000000000000000e+00
-3.64826776709028643e-03 0.00000000000000000e+00
5.89704215168401248e-03 0.00000000000000000e+00
-4.26091147271644849e-03 0.00000000000000000e+00
1.44178055915122460e-02 0.00000000000000000e+00
-2.12489724648166466e-03 0.00000000000000000e+00
3.94969495684300957e-04 0.00000000000000000e+00
1.36488207182232264e-02 0.00000000000000000e+00
-4.94562588456464152e-03 0.00000000000000000e+00
1.05799938310310870e-02 0.00000000000000000e+00
9.65634495422527592e-03 0.00000000000000000e+00
-9.86051418186064191e-03 0.00000000000000000e+00
-8.54769659871138995e-03 0.00000000000000000e+00
1.78331960808805604e-03 0.00000000000000000e+00
-4.99541672005635734e-03 0.00000000000000000e+00
-8.10050601093717754e-04 0.00000000000000000e+00
4.10837183349082018e-03 0.00000000000000000e+00
-4.76317426010880018e-03 0.00000000000000000e+00
-9.08707355425470917e-03 0.00000000000000000e+00
9.61585157262784609e-03 0.00000000000000000e+00
-4.96490541812684059e-04 0.00000000000000000e+00
7.07859414655652615e-04 0.00000000000000000e+00
1.04358607496656615e-03 0.00000000000000000e+00
-9.41296654413288528e-04 0.00000000000000000e+00
-1.66609585034944215e-03 0.00000000000000000e+00
1.04913777097649045e-03 0.00000000000000000e+00
-8.90885512467837030e-03 0.00000000000000000e+00
7.68259585654892593e-03 0.00000000000000000e+00
-8.43563318135065812e-03 0.00000000000000000e+00
2.10944193960750648e-03 0.00000000000000000e+00
1.71588769212227782e-03 0.00000000000000000e+00
-5.22558960488462253e-03 0.00000000000000000e+00
3.62489727065763842e-03 0.00000000000000000e+00
-4.31722837485993324e-03 0.00000000000000000e+00
-2.25281298657107297e-02 0.00000000000000000e+00
2.30911877406907544e-02 0.00000000000000000e+00
1.99126640257588430e-03 0.00000000000000000e+00
5.95973655456614516e-04 0.00000000000000000e+00
1.30640362798983712e-02 0.00000000000000000e+00
4.63165746112685368e-03 0.00000000000000000e+00
-2.15259037644699690e-02 0.00000000000000000e+00
2.00586746133483880e-02 0.00000000000000000e+00
-3.01569331022960140e-03 0.00000000000000000e+00
6.99396577104450384e-03 0.00000000000000000e+00
-3.08776454289282735e-02 0.00000000000000000e+00
1.31609873387557360e-02 0.00000000000000000e+00
-9.21614668843487653e-03 0.00000000000000000e+00
-2.91108352262068083e-02 0.00000000000000000e+00
3.53327201089693385e-02 0.00000000000000000e+00
-3.81184892731318628e-02 0.00000000000000000e+00
-3.25757383145975580e-03 0.00000000000000000e+00
1.90964071901936769e-03 0.00000000000000000e+00
-1.61419898773414450e-02 0.00000000000000000e+00
2.42510365515470182e-03 0.00000000000000000e+00
-3.82592541417019357e-04 0.00000000000000000e+00
-2.05340289141122505e-02 0.00000000000000000e+00
1.07366914176675182e-02 0.00000000000000000e+00
-1.73062095773977888e-02 0.00000000000000000e+00
-9.56218245558375542e-03 0.00000000000000000e+00
9.56136403404364045e-03 0.00000000000000000e+00
7.03173818535766156e-03 0.00000000000000000e+00
-1.44669603357358394e-03 0.00000000000000000e+00
6.67543198808078549e-03 0.00000000000000000e+00
-2.81496370693756033e-03 0.00000000000000000e+00
-3.10776370025257244e-03 0.00000000000000000e+00
3.12063748139961451e-03 0.00000000000000000e+00
-8.57484797673256985e-03 0.00000000000000000e+00
6.63348025583287981e-03 0.00000000000000000e+00
-1.69624157353220166e-02 0.00000000000000000e+00
2.52043684453034499e-03 0.00000000000000000e+00
1.49239552524211400e-03 0.00000000000000000e+00
-1.60511963659873171e-02 0.00000000000000000e+00
3.28093381699181988e-03 0.00000000000000000e+00
-1.02186273063594249e-02 0.00000000000000000e+00
-1.01024220515818636e-02 0.00000000000000000e+00
1.12570133604732604e-02 0.00000000000000000e+00
6.69486441205671516e-03 0.00000000000000000e+00
-3.45264376815852250e-04 0.00000000000000000e+00
4.22870129605910049e-03 0.00000000000000000e+00
-3.16384276250470916e-03 0.00000000000000000e+00
3.23836696762200976e-04 0.00000000000000000e+00
6.79227948520275040e-05 0.00000000000000000e+00
1.66169413622356162e-02 0.00000000000000000e+00
-1.91612983186314791e-02 0.00000000000000000e+00
-2.54076965144735892e-02 0.00000000000000000e+00
2.75763331904794280e-03 0.00000000000000000e+00
-6.02581011554868037e-03 0.00000000000000000e+00
-3.74199513960750615e-02 0.00000000000000000e+00
3.06077042712447032e-02 0.00000000000000000e+00
-3.99531545063100541e-02 0.00000000000000000e+00
-1.64965049539615672e-03 0.00000000000000000e+00
1.71472801906095897e-03 0.00000000000000000e+00
2.93338888347828251e-02 0.00000000000000000e+00
-8.67692238876001908e-03 0.00000000000000000e+00
1.22672744108197982e-02 0.00000000000000000e+00
8.05696882714028451e-03 0.00000000000000000e+00
-1.94101208092937114e-02 0.00000000000000000e+00
2.05183516744805762e-02 0.00000000000000000e+00
-2.75921601102762128e-02 0.00000000000000000e+00
2.72545581819926518e-02 0.00000000000000000e+00
-5.00678458424818132e-03 0.00000000000000000e+00
1.67396689796766099e-03 0.00000000000000000e+00
1.32573452935676149e-02 0.00000000000000000e+00
-2.92672793418197793e-04 0.00000000000000000e+00
-2.14261657631185307e-02 0.00000000000000000e+00
1.72213712658119619e-02 0.00000000000000000e+00
-8.73182564568239158e-03 0.00000000000000000e+00
1.29121214487828342e-02 0.00000000000000000e+00
-2.72476581609724031e-02 0.00000000000000000e+00
1.25999422633498170e-02 0.00000000000000000e+00
-7.26242683302051866e-03 0.00000000000000000e+00
-2.86271756477346831e-02 0.00000000000000000e+00
3.40320524212714415e-02 0.00000000000000000e+00
-3.63774555095095625e-02 0.00000000000000000e+00
-1.43907122005656612e-02 0.00000000000000000e+00
1.45286972613693499e-02 0.00000000000000000e+00
-4.45560733431125608e-03 0.00000000000000000e+00
1.43443702418768310e-03 0.00000000000000000e+00
3.08615776480658955e-03 0.00000000000000000e+00
-4.30626701460712618e-03 0.00000000000000000e+00
-3.65399249180186183e-03 0.00000000000000000e+00
1.12646935224093472e-03 0.00000000000000000e+00
-1.21214084530925342e-02 0.00000000000000000e+00
1.16390671236872249e-02 0.00000000000000000e+00
-1.09521721435902088e-02 0.00000000000000000e+00
3.75486679320830539e-03 0.00000000000000000e+00
1.65437455471954776e-03 0.00000000000000000e+00
-9.80812187028287479e-03 0.00000000000000000e+00
8.25773204575618036e-03 0.00000000000000000e+00
-9.21640279623022612e-03 0.00000000000000000e+00
4.08235785181134975e-03 0.00000000000000000e+00
1.11878662223276366e-03 0.00000000000000000e+00
3.87534009441606458e-02 0.00000000000000000e+00
-4.96110373105437819e-03 0.00000000000000000e+00
5.98955533908589622e-03 0.00000000000000000e+00
3.40202802543918201e-02 0.00000000000000000e+00
-1.80811935844376569e-02 0.00000000000000000e+00
3.20366571039043396e-02 0.00000000000000000e+00
1.91670025706872499e-02 0.00000000000000000e+00
-1.94769833473749411e-02 0.00000000000000000e+00
-4.01442702513576041e-02 0.00000000000000000e+00
1.07520222322344018e-02 0.00000000000000000e+00
-1.43600018908591719e-02 0.00000000000000000e+00
-1.73907166714759934e-02 0.00000000000000000e+00
2.56324429729295374e-02 0.00000000000000000e+00
-2.92113347722727026e-02 0.00000000000000000e+00
5.26510774437883965e-05 0.00000000000000000e+00
1.23445579504607690e-03 0.00000000000000000e+00
1.93742099531113987e-02 0.00000000000000000e+00
-2.90082806446662414e-03 0.00000000000000000e+00
1.71235036464776800e-03 0.00000000000000000e+00
2.84893137145342534e-02 0.00000000000000000e+00
-1.84153446118701450e-02 0.00000000000000000e+00
2.62763475556963624e-02 0.00000000000000000e+00
1.10164995211377587e-02 0.00000000000000000e+00
-1.03033343571822585e-02 0.00000000000000000e+00
-9.13927061554118542e-03 0.00000000000000000e+00
2.57741978816611534e-03 0.00000000000000000e+00
-9.80637132868675612e-03 0.00000000000000000e+00
3.23984637547185999e-03 0.00000000000000000e+00
6.15470070125797523e-03 0.00000000000000000e+00
-5.89497441158895984e-03 0.00000000000000000e+00
-2.21633985956764430e-02 0.00000000000000000e+00
2.64879642799955642e-02 0.00000000000000000e+00
3.03838496939839407e-02 0.00000000000000000e+00
-3.01633190944574584e-03 0.00000000000000000e+00
2.06639439848564123e-02 0.00000000000000000e+00
2.97245990756011373e-02 0.00000000000000000e+00
-3.90762428946779608e-02 0.00000000000000000e+00
4.73402426353431716e-02 0.00000000000000000e+00
1.32370063465675168e-02 0.00000000000000000e+00
-7.94377465707283952e-03 0.00000000000000000e+00
-6.56191511586381032e-02 0.00000000000000000e+00
2.38848360501998994e-02 0.00000000000000000e+00
-2.25216578329704119e-02 0.00000000000000000e+00
-4.84572395800654532e-02 0.00000000000000000e+00
6.25388583502631129e-02 0.00000000000000000e+00
-6.85337150391620437e-02 0.00000000000000000e+00
6.29204191401007591e-03 0.00000000000000000e+00
-7.29092797594628993e-03 0.00000000000000000e+00
-1.51010006955346770e-03 0.00000000000000000e+00
-4.05329945279725217e-04 0.00000000000000000e+00
-1.76011165651768979e-03 0.00000000000000000e+00
2.21786866522053275e-03 0.00000000000000000e+00
-5.81753774492256540e-05 0.00000000000000000e+00
1.27089586735992246e-04 0.00000000000000000e+00
5.86476241705151478e-03 0.00000000000000000e+00
-4.85437828237577675e-03 0.00000000000000000e+00
1.17913411128465276e-02 0.00000000000000000e+00
-3.14888207076791842e-03 0.00000000000000000e+00
-1.01767556631762691e-03 0.00000000000000000e+00
8.71974167491689801e-03 0.00000000000000000e+00
-6.63072870584134437e-03 0.00000000000000000e+00
7.96008574599696775e-03 0.00000000000000000e+00
3.54834190538834502e-03 0.00000000000000000e+00
-2.59811145883338986e-03 0.00000000000000000e+00
8.05694418363488672e-03 0.00000000000000000e+00
-1.17243749215672219e-03 0.00000000000000000e+00
-2.57221073590822749e-04 0.00000000000000000e+00
7.45548242006232806e-03 0.00000000000000000e+00
-2.00259593133259636e-03 0.00000000000000000e+00
5.21083200930602761e-03 0.00000000000000000e+00
4.83885128521275871e-03 0.00000000000000000e+00
-5.23748220672692194e-03 0.00000000000000000e+00
-4.23768556216649189e-03 0.00000000000000000e+00
6.19269344827018267e-04 0.00000000000000000e+00
-2.28008022353061316e-03 0.00000000000000000e+00
3.54520079749471011e-04 0.00000000000000000e+00
1.10262922054235059e-03 0.00000000000000000e+00
-1.41350598489764327e-03 0.00000000000000000e+00
-3.98827016936860804e-03 0.00000000000000000e+00
4.63876597811066493e-03 0.00000000000000000e+00
6.29068325572480248e-03 0.00000000000000000e+00
-6.76429325393005602e-04 0.00000000000000000e+00
1.34549872682445445e-03 0.00000000000000000e+00
9.11820033181835569e-03 0.00000000000000000e+00
-7.25293194686760408e-03 0.00000000000000000e+00
9.57974142888435957e-03 0.00000000000000000e+00
2.45825506287239914e-04 0.00000000000000000e+00
-3.56274022615264978e-04 0.00000000000000000e+00
-7.15073733743832891e-03 0.00000000000000000e+00
2.04308538201369762e-03 0.00000000000000000e+00
-2.85671158673630500e-03 0.00000000000000000e+00
-1.81640487948691557e-03 0.00000000000000000e+00
4.46543880293474339e-03 0.00000000000000000e+00
-4.73657650099380215e-03 0.00000000000000000e+00
-9.98836629596179569e-04 0.00000000000000000e+00
1.04317261831089487e-03 0.00000000000000000e+00
1.09562986672121019e-04 0.00000000000000000e+00
2.79920837186862420e-05 0.00000000000000000e+00
6.94355305868254351e-04 0.00000000000000000e+00
4.74259941241448688e-05 0.00000000000000000e+00
-9.33875889288324104e-04 0.00000000000000000e+00
8.49661022366361403e-04 0.00000000000000000e+00
-3.60991060941123784e-05 0.00000000000000000e+00
2.51077236162054534e-04 0.00000000000000000e+00
-1.68133334442691204e-03 0.00000000000000000e+00
7.08283543940543955e-04 0.00000000000000000e+00
-4.66039944301515144e-04 0.00000000000000000e+00
-1.66294588491134525e-03 0.00000000000000000e+00
1.91932104930087250e-03 0.00000000000000000e+00
-2.09251543264941638e-03 0.00000000000000000e+00
2.00998120102529850e-03 0.00000000000000000e+00
-2.44613655138236014e-03 0.00000000000000000e+00
-3.97540417812114032e-03 0.00000000000000000e+00
4.38020930538611942e-04 0.00000000000000000e+00
-7.32677278867505631e-04 0.00000000000000000e+00
-5.37053650974113079e-03 0.00000000000000000e+00
4.01957766274166524e-03 0.00000000000000000e+00
-5.49399563381113530e-03 0.00000000000000000e+00
-3.50633687177191169e-04 0.00000000000000000e+00
4.62606821205310739e-04 0.00000000000000000e+00
4.36264909045932982e-03 0.00000000000000000e+00
-1.19619947401392642e-03 0.00000000000000000e+00
1.66612047088746302e-03 0.00000000000000000e+00
1.11392346413053973e-03 0.00000000000000000e+00
-2.58837249924794531e-03 0.00000000000000000e+00
2.78292909748593942e-03 0.00000000000000000e+00
2.27436262348168548e-04 0.00000000000000000e+00
-7.29710068123805809e-04 0.00000000000000000e+00
-3.68760090488942345e-03 0.00000000000000000e+00
4.46446107194454892e-04 0.00000000000000000e+00
-7.89186895028614038e-04 0.00000000000000000e+00
-3.37822213703427342e-03 0.00000000000000000e+00
2.18652388532592423e-03 0.00000000000000000e+00
-3.47606787944730253e-03 0.00000000000000000e+00
-1.54652450241248365e-03 0.00000000000000000e+00
1.53711216882643589e-03 0.00000000000000000e+00
4.40630895069342270e-03 0.00000000000000000e+00
-1.25493076448322393e-03 0.00000000000000000e+00
1.48508878019926616e-03 0.00000000000000000e+00
2.13143975386376801e-03 0.00000000000000000e+00
-3.02007210869335288e-03 0.00000000000000000e+00
3.40085475642174645e-03 0.00000000000000000e+00
4.17143878991515192e-03 0.00000000000000000e+00
-4.79685562794237262e-03 0.00000000000000000e+00
-6.79230191716591152e-03 0.00000000000000000e+00
7.73355457628216556e-04 0.00000000000000000e+00
-1.62908670567006391e-03 0.00000000000000000e+00
-1.02726806727609851e-02 0.00000000000000000e+00
8.42467163486412297e-03 0.00000000000000000e+00
-1.09458867913680390e-02 0.00000000000000000e+00
-9.08567212714206482e-04 0.00000000000000000e+00
8.09623580293270017e-04 0.00000000000000000e+00
7.38120653720981783e-03 0.00000000000000000e+00
-2.24711969168590441e-03 0.00000000000000000e+00
3.48204644929685095e-03 0.00000000000000000e+00
1.85953271185602194e-03 0.00000000000000000e+00
-5.12442376862971144e-03 0.00000000000000000e+00
5.36224416584388502e-03 0.00000000000000000e+00
-1.02278329667476048e-02 0.00000000000000000e+00
9.49786062397627549e-03 0.00000000000000000e+00
-6.66406073288217972e-03 0.00000000000000000e+00
1.24202494991129805e-03 0.00000000000000000e+00
3.66057531089519989e-03 0.00000000000000000e+00
-4.64769715748294867e-03 0.00000000000000000e+00
-4.73286971549801393e-03 0.00000000000000000e+00
1.50424661909831178e-03 0.00000000000000000e+00
-6.01029734909853692e-03 0.00000000000000000e+00
7.31831413919178681e-03 0.00000000000000000e+00
-4.48279664526018192e-03 0.00000000000000000e+00
2.92334592599281405e-03 0.00000000000000000e+00
-3.76884610097946086e-04 0.00000000000000000e+00
-7.63349140539754372e-03 0.00000000000000000e+00
8.17370846393855079e-03 0.00000000000000000e+00
-8.55200164192326112e-03 0.00000000000000000e+00
-3.64151776325751918e-03 0.00000000000000000e+00
3.19067092921556522e-03 0.00000000000000000e+00
-7.16602438894970578e-03 0.00000000000000000e+00
1.22582158821041179e-03 0.00000000000000000e+00
4.48535810036814061e-04 0.00000000000000000e+00
-9.43283952397244718e-03 0.00000000000000000e+00
4.07600527839734657e-03 0.00000000000000000e+00
-7.15645719615043245e-03 0.00000000000000000e+00
-5.89817925853104892e-03 0.00000000000000000e+00
5.78391125578530622e-03 0.00000000000000000e+00
3.98415563375730561e-04 0.00000000000000000e+00
2.06214014555697577e-04 0.00000000000000000e+00
3.04041394076886868e-03 0.00000000000000000e+00
-3.37839737453848486e-03 0.00000000000000000e+00
5.19259647240420327e-04 0.00000000000000000e+00
-7.78375881526207052e-04 0.00000000000000000e+00
2.21949416839258224e-03 0.00000000000000000e+00
-2.68637093694606109e-03 0.00000000000000000e+00
-2.31949422656541710e-03 0.00000000000000000e+00
1.45622162452518244e-04 0.00000000000000000e+00
-1.41066521479479281e-03 0.00000000000000000e+00
-1.56405561320496528e-03 0.00000000000000000e+00
2.18932604300641018e-03 0.00000000000000000e+00
-2.77866930499886177e-03 0.00000000000000000e+00
1.98893452800657979e-04 0.00000000000000000e+00
-2.59075604898749738e-04 0.00000000000000000e+00
5.93557546093414524e-03 0.00000000000000000e+00
-1.89170618846456248e-03 0.00000000000000000e+00
1.11098757145929061e-03 0.00000000000000000e+00
4.18732569125036553e-03 0.00000000000000000e+00
-4.61511129936679598e-03 0.00000000000000000e+00
5.19811018779652110e-03 0.00000000000000000e+00
-3.58360182529842254e-03 0.00000000000000000e+00
3.42345138418979336e-03 0.00000000000000000e+00
-6.06094014360327241e-03 0.00000000000000000e+00
1.16832132566717741e-03 0.00000000000000000e+00
-2.27225325378710826e-04 0.00000000000000000e+00
-9.10304332320260347e-03 0.00000000000000000e+00
5.16273583720990113e-03 0.00000000000000000e+00
-7.77679495496648009e-03 0.00000000000000000e+00
-7.07422323926584252e-03 0.00000000000000000e+00
6.28164013371818476e-03 0.00000000000000000e+00
-5.25657073621527290e-04 0.00000000000000000e+00
-2.47794159587615393e-05 0.00000000000000000e+00
3.81312677938272591e-03 0.00000000000000000e+00
-2.91170047364795520e-03 0.00000000000000000e+00
-7.08339481695628151e-04 0.00000000000000000e+00
3.56962954286818568e-04 0.00000000000000000e+00
-9.35663440748916997e-03 0.00000000000000000e+00
8.25594189113810009e-03 0.00000000000000000e+00
-9.31822941697828776e-03 0.00000000000000000e+00
1.54025857622643188e-03 0.00000000000000000e+00
2.54690890884601024e-03 0.00000000000000000e+00
-7.10172153207676553e-03 0.00000000000000000e+00
-2.40348012579888080e-03 0.00000000000000000e+00
-1.66137300264324679e-03 0.00000000000000000e+00
-7.20124248314376377e-03 0.00000000000000000e+00
8.29535175127811032e-03 0.00000000000000000e+00
-1.91766495338326163e-04 0.00000000000000000e+00
1.49930975828534629e-03 0.00000000000000000e+00
1.08926762419193652e-03 0.00000000000000000e+00
-4.88804120921687742e-03 0.00000000000000000e+00
4.54119138089255879e-03 0.00000000000000000e+00
-4.53047450961003868e-03 0.00000000000000000e+00
-4.32998802426971374e-03 0.00000000000000000e+00
3.76375581373475810e-03 0.00000000000000000e+00
-9.84725235550051176e-03 0.00000000000000000e+00
1.68044703183319109e-03 0.00000000000000000e+00
4.12375744436271885e-04 0.00000000000000000e+00
-1.36048658900902730e-02 0.00000000000000000e+00
6.52153584896189315e-03 0.00000000000000000e+00
-1.07506938438131812e-02 0.00000000000000000e+00
-7.98672063245815453e-03 0.00000000000000000e+00
7.72028859127735743e-03 0.00000000000000000e+00
6.80732803998522788e-04 0.00000000000000000e+00
1.43745456601010067e-04 0.00000000000000000e+00
4.46382468539672714e-03 0.00000000000000000e+00
-4.62053997851118517e-03 0.00000000000000000e+00
3.20803150491120689e-04 0.00000000000000000e+00
-7.21742516944346097e-04 0.00000000000000000e+00
2.94941697210594289e-03 0.00000000000000000e+00
-3.58447919553453193e-03 0.00000000000000000e+00
-4.16371592236374193e-03 0.00000000000000000e+00
3.90606257128902419e-04 0.00000000000000000e+00
-2.42509076172587939e-03 0.00000000000000000e+00
-3.89189502990755888e-03 0.00000000000000000e+00
4.69118102555641375e-03 0.00000000000000000e+00
-5.86711837325515524e-03 0.00000000000000000e+00
-1.17840178240367476e-03 0.00000000000000000e+00
7.28163544925660355e-04 0.00000000000000000e+00
8.66605949846720701e-03 0.00000000000000000e+00
-2.97483951723332167e-03 0.00000000000000000e+00
2.60093129665560580e-03 0.00000000000000000e+00
6.02470900095157524e-03 0.00000000000000000e+00
-7.57815293661347287e-03 0.00000000000000000e+00
8.36516978617871804e-03 0.00000000000000000e+00
8.36482964741897157e-03 0.00000000000000000e+00
-9.26785279656764348e-03 0.00000000000000000e+00
-8.63484969893909583e-03 0.00000000000000000e+00
8.09683844773981623e-04 0.00000000000000000e+00
-2.67414671508824130e-03 0.00000000000000000e+00
-1.34871512165841145e-02 0.00000000000000000e+00
1.21780251264981543e-02 0.00000000000000000e+00
-1.52449815687551709e-02 0.00000000000000000e+00
1.12984758972061480e-03 0.00000000000000000e+00
-1.09068880025384434e-03 0.00000000000000000e+00
1.20677825552464035e-02 0.00000000000000000e+00
-3.68419500288236093e-03 0.00000000000000000e+00
4.38618840163688614e-03 0.00000000000000000e+00
4.08603293180039885e-03 0.00000000000000000e+00
-8.23785522195059385e-03 0.00000000000000000e+00
8.72014212104463109e-03 0.00000000000000000e+00
-1.47785265962704169e-02 0.00000000000000000e+00
1.30506560098036899e-02 0.00000000000000000e+00
-1.49357198863558395e-02 0.00000000000000000e+00
2.47986358353578405e-03 0.00000000000000000e+00
3.83951804364509935e-03 0.00000000000000000e+00
-1.16520164628839008e-02 0.00000000000000000e+00
-3.28580605131920242e-03 0.00000000000000000e+00
-3.20870985325093271e-03 0.00000000000000000e+00
-1.18140482301135746e-02 0.00000000000000000e+00
1.34085991412511395e-02 0.00000000000000000e+00
-1.37149015387159169e-04 0.00000000000000000e+00
2.23115058131721040e-03 0.00000000000000000e+00
2.05261388452475076e-03 0.00000000000000000e+00
-7.55662344697305161e-03 0.00000000000000000e+00
6.71801962481734672e-03 0.00000000000000000e+00
-6.69986160252596108e-03 0.00000000000000000e+00
-4.34956983006077810e-03 0.00000000000000000e+00
3.35080513526172510e-03 0.00000000000000000e+00
-1.44013949489105245e-02 0.00000000000000000e+00
2.30235215724649417e-03 0.00000000000000000e+00
2.41386780259742731e-04 0.00000000000000000e+00
-1.94256943112616522e-02 0.00000000000000000e+00
9.75572384177947859e-03 0.00000000000000000e+00
-1.58057083800465584e-02 0.00000000000000000e+00
-9.78386452365831785e-03 0.00000000000000000e+00
9.65631448887805353e-03 0.00000000000000000e+00
3.42975923608231613e-03 0.00000000000000000e+00
-4.36867779242673172e-04 0.00000000000000000e+00
6.17337461856671404e-03 0.00000000000000000e+00
-5.02965887225036764e-03 0.00000000000000000e+00
-8.03401161790754433e-04 0.00000000000000000e+00
4.58704212583902404e-04 0.00000000000000000e+00
8.67276077305842788e-03 0.00000000000000000e+00
-5.41173637718422602e-03 0.00000000000000000e+00
2.53212705096417488e-02 0.00000000000000000e+00
-3.47731353049570606e-03 0.00000000000000000e+00
1.24049881206443929e-05 0.00000000000000000e+00
2.21729615962385322e-02 0.00000000000000000e+00
-6.39328117304595496e-03 0.00000000000000000e+00
1.62079707407598167e-02 0.00000000000000000e+00
1.30877129470072552e-02 0.00000000000000000e+00
-1.45559101162873461e-02 0.00000000000000000e+00
-1.73801019385762534e-02 0.00000000000000000e+00
3.15598941450051908e-03 0.00000000000000000e+00
-6.85182384314568169e-03 0.00000000000000000e+00
-2.30868340698971381e-03 0.00000000000000000e+00
6.19363055474553975e-03 0.00000000000000000e+00
-7.64294108601816079e-03 0.00000000000000000e+00
3.48307468361675095e-03 0.00000000000000000e+00
-2.06626468799177721e-03 0.00000000000000000e+00
2.31787109165491924e-02 0.00000000000000000e+00
-3.67884252382608048e-03 0.00000000000000000e+00
1.93862145418359326e-03 0.00000000000000000e+00
3.33463760825137706e-02 0.00000000000000000e+00
-2.08170439405988700e-02 0.00000000000000000e+00
3.02867249500379902e-02 0.00000000000000000e+00
1.64961549594019978e-02 0.00000000000000000e+00
-1.51468745023094434e-02 0.00000000000000000e+00
-8.77532721584852252e-03 0.00000000000000000e+00
2.64216077424416851e-03 0.00000000000000000e+00
-1.22808290736411696e-02 0.00000000000000000e+00
4.53890776174148934e-03 0.00000000000000000e+00
6.94934714065274187e-03 0.00000000000000000e+00
-6.56702898487999866e-03 0.00000000000000000e+00
2.99621623296212139e-04 0.00000000000000000e+00
5.37889329758915323e-04 0.00000000000000000e+00
5.69977831245775668e-03 0.00000000000000000e+00
-7.02102821521263473e-04 0.00000000000000000e+00
1.56626381261344401e-03 0.00000000000000000e+00
4.28270666195415105e-03 0.00000000000000000e+00
-2.84234752078726255e-03 0.00000000000000000e+00
4.74657788902422672e-03 0.00000000000000000e+00
3.20792032245894362e-03 0.00000000000000000e+00
-3.00908901401098806e-03 0.00000000000000000e+00
-7.56579990359259463e-03 0.00000000000000000e+00
2.28686155995304688e-03 0.00000000000000000e+00
-2.47847974813269816e-03 0.00000000000000000e+00
-4.55412647159782105e-03 0.00000000000000000e+00
5.76907408325150022e-03 0.00000000000000000e+00
-6.53916844665173962e-03 0.00000000000000000e+00
1.03517819667791611e-02 0.00000000000000000e+00
-1.13687713796850332e-02 0.00000000000000000e+00
-4.22204808311024606e-03 0.00000000000000000e+00
-1.05669565253781845e-04 0.00000000000000000e+00
-2.61081177309126916e-03 0.00000000000000000e+00
-4.74698605186378488e-03 0.00000000000000000e+00
6.49803852430253220e-03 0.00000000000000000e+00
-7.52667476843027917e-03 0.00000000000000000e+00
6.46447397958529665e-03 0.00000000000000000e+00
-5.65426538437799591e-03 0.00000000000000000e+00
1.41022731156290847e-02 0.00000000000000000e+00
-4.03268701156438581e-03 0.00000000000000000e+00
1.05416444869320543e-03 0.00000000000000000e+00
8.06728653234007644e-03 0.00000000000000000e+00
-8.56442291869244712e-03 0.00000000000000000e+00
9.65005326809536754e-03 0.00000000000000000e+00
6.39860353173322960e-04 0.00000000000000000e+00
-2.36587957703920200e-03 0.00000000000000000e+00
-1.19728998448743306e-02 0.00000000000000000e+00
1.40788461994937166e-03 0.00000000000000000e+00
-2.30300839085740162e-03 0.00000000000000000e+00
-1.03207244185580128e-02 0.00000000000000000e+00
6.17374149125808104e-03 0.00000000000000000e+00
-1.03548171076773745e-02 0.00000000000000000e+00
-4.40009316372062462e-03 0.00000000000000000e+00
4.63291539752959999e-03 0.00000000000000000e+00
1.45814908123162879e-02 0.00000000000000000e+00
-3.97383423186106668e-03 0.00000000000000000e+00
4.31311260478615521e-03 0.00000000000000000e+00
6.98624441908103286e-03 0.00000000000000000e+00
-9.32835716889173112e-03 0.00000000000000000e+00
1.06338936395722495e-02 0.00000000000000000e+00
3.25798370251590644e-03 0.00000000000000000e+00
-4.70398793639996080e-03 0.00000000000000000e+00
-2.08444305103881143e-02 0.00000000000000000e+00
2.97599864841211186e-03 0.00000000000000000e+00
-3.29818104971521487e-03 0.00000000000000000e+00
-3.11390973356475385e-02 0.00000000000000000e+00
2.23767777493857137e-02 0.00000000000000000e+00
-3.05829948330849609e-02 0.00000000000000000e+00
-1.06628092837073099e-02 0.00000000000000000e+00
9.55780038291671220e-03 0.00000000000000000e+00
1.35520397781406527e-02 0.00000000000000000e+00
-4.28634722928932302e-03 0.00000000000000000e+00
1.13808665891352925e-02 0.00000000000000000e+00
-1.76239688290050624e-04 0.00000000000000000e+00
-1.05189808032200155e-02 0.00000000000000000e+00
1.05503280645215473e-02 0.00000000000000000e+00
-2.72740702710915668e-02 0.00000000000000000e+00
2.52383535522802578e-02 0.00000000000000000e+00
-1.82309038506867950e-02 0.00000000000000000e+00
3.35652782601946137e-03 0.00000000000000000e+00
9.72335696488848406e-03 0.00000000000000000e+00
-1.26295837499199610e-02 0.00000000000000000e+00
-1.25967703843729330e-02 0.00000000000000000e+00
3.82973605318034666e-03 0.00000000000000000e+00
-1.60645115657055866e-02 0.00000000000000000e+00
1.96179454750505730e-02 0.00000000000000000e+00
-1.13104283222757816e-02 0.00000000000000000e+00
7.65681395218520845e-03 0.00000000000000000e+00
-9.50487975992400907e-04 0.00000000000000000e+00
-2.00451337689625947e-02 0.00000000000000000e+00
2.15202805825986214e-02 0.00000000000000000e+00
-2.24597161825501983e-02 0.00000000000000000e+00
-1.17078038346189461e-02 0.00000000000000000e+00
1.05557926973259084e-02 0.00000000000000000e+00
-2.04537351518675331e-02 0.00000000000000000e+00
3.61118742108712575e-03 0.00000000000000000e+00
1.50605632364900210e-03 0.00000000000000000e+00
-2.73937437234017533e-02 0.00000000000000000e+00
1.16533841870160131e-02 0.00000000000000000e+00
-2.05438021823583228e-02 0.00000000000000000e+00
-1.81918193170869588e-02 0.00000000000000000e+00
1.76543104722825944e-02 0.00000000000000000e+00
-6.14350829679017382e-04 0.00000000000000000e+00
1.03475912589368947e-03 0.00000000000000000e+00
8.99092395994573537e-03 0.00000000000000000e+00
-1.09025519275412468e-02 0.00000000000000000e+00
2.33836567328057302e-03 0.00000000000000000e+00
-3.26336079341701946e-03 0.00000000000000000e+00
2.06243120774216460e-03 0.00000000000000000e+00
-3.12463345997657628e-03 0.00000000000000000e+00
-6.00804597802710554e-03 0.00000000000000000e+00
5.62067414636828314e-04 0.00000000000000000e+00
-1.84282516057076391e-03 0.00000000000000000e+00
-4.21994976957841203e-03 0.00000000000000000e+00
3.22983705286098745e-03 0.00000000000000000e+00
-5.11989944272138800e-03 0.00000000000000000e+00
-8.56829937973506515e-04 0.00000000000000000e+00
1.06801682900390239e-03 0.00000000000000000e+00
1.03597158757237420e-02 0.00000000000000000e+00
-2.94348785397436806e-03 0.00000000000000000e+00
2.03290056618684245e-03 0.00000000000000000e+00
6.17996538413594695e-03 0.00000000000000000e+00
-6.90191264514035136e-03 0.00000000000000000e+00
7.91867856403255868e-03 0.00000000000000000e+00
-1.20092185750310474e-02 0.00000000000000000e+00
1.20754325848220455e-02 0.00000000000000000e+00
-9.09811360159184027e-03 0.00000000000000000e+00
2.16125809619645368e-03 0.00000000000000000e+00
9.17745601807932131e-04 0.00000000000000000e+00
-1.32665739752659915e-02 0.00000000000000000e+00
5.12144285002933720e-03 0.00000000000000000e+00
-9.37275957896122058e-03 0.00000000000000000e+00
-1.59032963355181627e-02 0.00000000000000000e+00
1.42296749842037700e-02 0.00000000000000000e+00
-7.06486383654349702e-03 0.00000000000000000e+00
1.81224569770279298e-03 0.00000000000000000e+00
6.07224205826735822e-03 0.00000000000000000e+00
-8.48286448351400109e-03 0.00000000000000000e+00
2.70989119688202140e-03 0.00000000000000000e+00
-3.71158517294459690e-03 0.00000000000000000e+00
-6.45907994712263504e-03 0.00000000000000000e+00
5.00869935855803843e-03 0.00000000000000000e+00
-1.14615808752237449e-02 0.00000000000000000e+00
1.68870418955510194e-03 0.00000000000000000e+00
4.67047436468116535e-04 0.00000000000000000e+00
-9.22004753603777177e-03 0.00000000000000000e+00
1.27284004998078374e-03 0.00000000000000000e+00
-5.79941459725694716e-03 0.00000000000000000e+00
-7.62687279107373845e-03 0.00000000000000000e+00
8.22083706214104572e-03 0.00000000000000000e+00
6.13779514012186868e-03 0.00000000000000000e+00
-8.53191823387410117e-04 0.00000000000000000e+00
2.98085079607387842e-03 0.00000000000000000e+00
8.48027720878029854e-05 0.00000000000000000e+00
-1.58868069111386110e-03 0.00000000000000000e+00
2.18174307371422601e-03 0.00000000000000000e+00
-6.05474051986372962e-03 0.00000000000000000e+00
5.61608163081958600e-03 0.00000000000000000e+00
-1.06505284469596648e-02 0.00000000000000000e+00
1.94809344177398797e-03 0.00000000000000000e+00
7.07033582826178085e-04 0.00000000000000000e+00
-1.54680376605600099e-02 0.00000000000000000e+00
7.28957678359625546e-03 0.00000000000000000e+00
-1.19863863573468846e-02 0.00000000000000000e+00
-1.01448111977258358e-02 0.00000000000000000e+00
9.60405572370510302e-03 0.00000000000000000e+00
-1.37326787155879156e-03 0.00000000000000000e+00
6.87584174524529142e-04 0.00000000000000000e+00
5.23171744043493710e-03 0.00000000000000000e+00
-6.59208713391973809e-03 0.00000000000000000e+00
1.38523863833380488e-03 0.00000000000000000e+00
-2.06179656517426228e-03 0.00000000000000000e+00
2.15038500764075770e-03 0.00000000000000000e+00
-3.00891658506752561e-03 0.00000000000000000e+00
-6.30830321835028872e-03 0.00000000000000000e+00
7.15696651508727975e-04 0.00000000000000000e+00
-2.66137506450024510e-03 0.00000000000000000e+00
-6.02785121882928963e-03 0.00000000000000000e+00
5.74677599463167300e-03 0.00000000000000000e+00
-7.74194047548460232e-03 0.00000000000000000e+00
-2.86044499809977228e-03 0.00000000000000000e+00
2.32397082461814359e-03 0.00000000000000000e+00
1.00844411769445835e-02 0.00000000000000000e+00
-3.37057227403638349e-03 0.00000000000000000e+00
3.55509271438787756e-03 0.00000000000000000e+00
6.40273967733326257e-03 0.00000000000000000e+00
-8.61821030356148612e-03 0.00000000000000000e+00
9.51492539138719222e-03 0.00000000000000000e+00
1.06272177529799974e-02 0.00000000000000000e+00
-1.15025202441286327e-02 0.00000000000000000e+00
-6.12411048378749736e-03 0.00000000000000000e+00
2.74613058238137614e-04 0.00000000000000000e+00
-2.63778896056944675e-03 0.00000000000000000e+00
-9.78729826139112385e-03 0.00000000000000000e+00
1.02639772167669625e-02 0.00000000000000000e+00
-1.22228070220091242e-02 0.00000000000000000e+00
4.81066627590609908e-03 0.00000000000000000e+00
-4.33354942584661743e-03 0.00000000000000000e+00
1.29044535608732365e-02 0.00000000000000000e+00
-3.81692730428352450e-03 0.00000000000000000e+00
2.67862444524900878e-03 0.00000000000000000e+00
5.58869717712933735e-03 0.00000000000000000e+00
-8.15130309666261404e-03 0.00000000000000000e+00
8.81709505574072329e-03 0.00000000000000000e+00
-6.27450702833030980e-03 0.00000000000000000e+00
4.42047743881522105e-03 0.00000000000000000e+00
-1.50766435271333481e-02 0.00000000000000000e+00
2.17851363648086755e-03 0.00000000000000000e+00
-8.74016400417421254e-04 0.00000000000000000e+00
-1.29238578787660742e-02 0.00000000000000000e+00
4.45520071822554879e-03 0.00000000000000000e+00
-1.01982714986063108e-02 0.00000000000000000e+00
-1.02799846741311873e-02 0.00000000000000000e+00
1.04227187913603428e-02 0.00000000000000000e+00
1.06466582199886313e-02 0.00000000000000000e+00
-2.45147315798316260e-03 0.00000000000000000e+00
5.21408993835683569e-03 0.00000000000000000e+00
2.85750461249254005e-03 0.00000000000000000e+00
-5.87556799916120944e-03 0.00000000000000000e+00
6.85666120087935309e-03 0.00000000000000000e+00
-2.14288322281258907e-03 0.00000000000000000e+00
1.50630651843085966e-03 0.00000000000000000e+00
-9.42777594511495266e-03 0.00000000000000000e+00
1.48359691936818033e-03 0.00000000000000000e+00
7.91466933344073470e-05 0.00000000000000000e+00
-1.31644866149162425e-02 0.00000000000000000e+00
6.98024219286528472e-03 0.00000000000000000e+00
-1.09392982054505403e-02 0.00000000000000000e+00
-5.95741597897756370e-03 0.00000000000000000e+00
5.88615085217887232e-03 0.00000000000000000e+00
2.46218596929453568e-03 0.00000000000000000e+00
-3.68002004080220839e-04 0.00000000000000000e+00
4.10636822068844321e-03 0.00000000000000000e+00
-3.31568950920586945e-03 0.00000000000000000e+00
-6.64346762090563736e-04 0.00000000000000000e+00
4.10469294590091853e-04 0.00000000000000000e+00
-7.86088019210651190e-03 0.00000000000000000e+00
6.78191653129909568e-03 0.00000000000000000e+00
-1.23973073901628688e-02 0.00000000000000000e+00
2.05698463962733155e-03 0.00000000000000000e+00
1.06791445871555241e-03 0.00000000000000000e+00
-1.35195092933136207e-02 0.00000000000000000e+00
3.90507631060806265e-03 0.00000000000000000e+00
-9.14031042915398884e-03 0.00000000000000000e+00
-1.01049045059815757e-02 0.00000000000000000e+00
1.02801012640564918e-02 0.00000000000000000e+00
1.91313820106475316e-03 0.00000000000000000e+00
2.70597943022815894e-04 0.00000000000000000e+00
4.27413823871901528e-03 0.00000000000000000e+00
-4.36992182650355453e-03 0.00000000000000000e+00
8.81139882436155039e-04 0.00000000000000000e+00
-9.86917831485292210e-04 0.00000000000000000e+00
3.59593332789690731e-02 0.00000000000000000e+00
-3.85989982994772787e-02 0.00000000000000000e+00
-1.15720211428004018e-02 0.00000000000000000e+00
-5.73445654097191350e-04 0.00000000000000000e+00
-7.56828455248263754e-03 0.00000000000000000e+00
-1.77575173203502502e-02 0.00000000000000000e+00
2.35974124816271738e-02 0.00000000000000000e+00
-2.64609033606518287e-02 0.00000000000000000e+00
2.32656743480405062e-02 0.00000000000000000e+00
-2.06214796327291831e-02 0.00000000000000000e+00
4.06047925043100527e-02 0.00000000000000000e+00
-1.16092442411421925e-02 0.00000000000000000e+00
3.09164387146682170e-03 0.00000000000000000e+00
2.11228257485267489e-02 0.00000000000000000e+00
-2.38612360644515006e-02 0.00000000000000000e+00
2.64836436216776307e-02 0.00000000000000000e+00
-1.18196493619272727e-02 0.00000000000000000e+00
1.20597314790951583e-02 0.00000000000000000e+00
2.48050626704841598e-04 0.00000000000000000e+00
4.52533948045423116e-04 0.00000000000000000e+00
5.89379761931722694e-03 0.00000000000000000e+00
1.69038288378094625e-03 0.00000000000000000e+00
-9.87304523936941882e-03 0.00000000000000000e+00
8.92772281578075623e-03 0.00000000000000000e+00
-3.22851625172911787e-03 0.00000000000000000e+00
4.79723658717175726e-03 0.00000000000000000e+00
-1.44657773260704406e-02 0.00000000000000000e+00
6.02684983467949558e-03 0.00000000000000000e+00
-3.64670226813136340e-03 0.00000000000000000e+00
-1.33863651718418471e-02 0.00000000000000000e+00
1.58786124086386406e-02 0.00000000000000000e+00
-1.71435340775063297e-02 0.00000000000000000e+00
-2.57229663369348827e-03 0.00000000000000000e+00
3.01989237399558725e-03 0.00000000000000000e+00
7.47947636994019099e-03 0.00000000000000000e+00
-1.03568284391583219e-03 0.00000000000000000e+00
1.31500069175360425e-03 0.00000000000000000e+00
1.23502974176215499e-02 0.00000000000000000e+00
-9.44661402912729681e-03 0.00000000000000000e+00
1.24106540958309319e-02 0.00000000000000000e+00
3.03627735439378514e-03 0.00000000000000000e+00
-2.62867552982485025e-03 0.00000000000000000e+00
-4.98750509321433874e-03 0.00000000000000000e+00
1.62850878466765038e-03 0.00000000000000000e+00
-4.29902724981739634e-03 0.00000000000000000e+00
4.11396779850980413e-04 0.00000000000000000e+00
3.89376363434937962e-03 0.00000000000000000e+00
-3.79640374637621545e-03 0.00000000000000000e+00
3.89466938749994133e-03 0.00000000000000000e+00
-2.44394374497188156e-03 0.00000000000000000e+00
1.26469169591170785e-02 0.00000000000000000e+00
-1.81473931134569564e-03 0.00000000000000000e+00
9.77012766392259093e-04 0.00000000000000000e+00
1.21809556045426749e-02 0.00000000000000000e+00
-5.43663010388254625e-03 0.00000000000000000e+00
1.02703883652364766e-02 0.00000000000000000e+00
8.13139556922852329e-03 0.00000000000000000e+00
-8.13286646279524905e-03 0.00000000000000000e+00
-8.98073198563476352e-03 0.00000000000000000e+00
2.19713189863347813e-03 0.00000000000000000e+00
-4.78369400083513731e-03 0.00000000000000000e+00
-2.09649598181229713e-03 0.00000000000000000e+00
5.28207437194735605e-03 0.00000000000000000e+00
-5.98113460830497750e-03 0.00000000000000000e+00
-1.36574670101075914e-02 0.00000000000000000e+00
1.46778641029506364e-02 0.00000000000000000e+00
4.34244536546605879e-03 0.00000000000000000e+00
2.40326220627119400e-04 0.00000000000000000e+00
2.63540966417445200e-03 0.00000000000000000e+00
6.62099049684294200e-03 0.00000000000000000e+00
-8.59148833666589958e-03 0.00000000000000000e+00
9.68488927667429320e-03 0.00000000000000000e+00
-9.26013017612118197e-03 0.00000000000000000e+00
8.09614174650831984e-03 0.00000000000000000e+00
-1.51970021313371523e-02 0.00000000000000000e+00
4.22881740308567351e-03 0.00000000000000000e+00
-8.77039746283567851e-04 0.00000000000000000e+00
-7.64379270986431224e-03 0.00000000000000000e+00
8.46455162263841723e-03 0.00000000000000000e+00
-9.43412902180978605e-03 0.00000000000000000e+00
-7.33908502219526252e-03 0.00000000000000000e+00
8.38780675075415788e-03 0.00000000000000000e+00
7.39648709588932012e-03 0.00000000000000000e+00
-6.78414809669105213e-04 0.00000000000000000e+00
6.31323190681075050e-03 0.00000000000000000e+00
7.61449068796496865e-03 0.00000000000000000e+00
-1.16264812500374137e-02 0.00000000000000000e+00
1.34346806123299724e-02 0.00000000000000000e+00
3.25086283350543631e-03 0.00000000000000000e+00
-1.47386651159077658e-03 0.00000000000000000e+00
-1.85118958509438158e-02 0.00000000000000000e+00
7.01869169923503497e-03 0.00000000000000000e+00
-6.46687133928037974e-03 0.00000000000000000e+00
-1.44447559170706140e-02 0.00000000000000000e+00
1.85828527738264096e-02 0.00000000000000000e+00
-2.02705542383820082e-02 0.00000000000000000e+00
-7.66065398160547357e-05 0.00000000000000000e+00
-4.59251605328059526e-04 0.00000000000000000e+00
-5.70391095011127305e-03 0.00000000000000000e+00
7.90967346274125101e-04 0.00000000000000000e+00
-5.10095632897280497e-04 0.00000000000000000e+00
-7.16047715367549090e-03 0.00000000000000000e+00
4.27313462790078740e-03 0.00000000000000000e+00
-6.50892904321782265e-03 0.00000000000000000e+00
-2.71379644278817948e-03 0.00000000000000000e+00
2.71229531133510872e-03 0.00000000000000000e+00
3.83473416548333387e-03 0.00000000000000000e+00
-9.71668840697907958e-04 0.00000000000000000e+00
2.42269475729521219e-03 0.00000000000000000e+00
1.25902177629368220e-04 0.00000000000000000e+00
-2.19246480788167159e-03 0.00000000000000000e+00
2.32712137021548297e-03 0.00000000000000000e+00
-1.08386830802542581e-02 0.00000000000000000e+00
9.73962188342280578e-03 0.00000000000000000e+00
-1.19038953133656783e-02 0.00000000000000000e+00
2.04188820491110496e-03 0.00000000000000000e+00
3.34962311227952761e-03 0.00000000000000000e+00
-1.19911104586699954e-02 0.00000000000000000e+00
-3.38652629971547959e-04 0.00000000000000000e+00
-5.03044487871664309e-03 0.00000000000000000e+00
-9.23988603187684589e-03 0.00000000000000000e+00
1.03957036283202110e-02 0.00000000000000000e+00
-2.27986016392935044e-03 0.00000000000000000e+00
2.35469675805531804e-03 0.00000000000000000e+00
2.13509879587646606e-03 0.00000000000000000e+00
-8.64940294991791044e-03 0.00000000000000000e+00
6.81725731160722371e-03 0.00000000000000000e+00
-7.26613608977766737e-03 0.00000000000000000e+00
1.69018935856069044e-02 0.00000000000000000e+00
-1.87058657593852998e-02 0.00000000000000000e+00
-1.26058907601460882e-02 0.00000000000000000e+00
7.68660478412110494e-04 0.00000000000000000e+00
-4.30820309519657635e-03 0.00000000000000000e+00
-1.81772876154046373e-02 0.00000000000000000e+00
1.73825314016687847e-02 0.00000000000000000e+00
-2.15748572462798049e-02 0.00000000000000000e+00
7.04717302484692693e-03 0.00000000000000000e+00
-6.00953610879221677e-03 0.00000000000000000e+00
2.32910925877135508e-02 0.00000000000000000e+00
-6.63000924721106853e-03 0.00000000000000000e+00
4.92026289352771699e-03 0.00000000000000000e+00
9.57978564900418932e-03 0.00000000000000000e+00
-1.40087493253951353e-02 0.00000000000000000e+00
1.52866869169577570e-02 0.00000000000000000e+00
-6.85635082952256673e-03 0.00000000000000000e+00
8.21605922810771279e-03 0.00000000000000000e+00
1.00169734661060862e-02 0.00000000000000000e+00
-1.02684743483680068e-03 0.00000000000000000e+00
6.16518929115146205e-03 0.00000000000000000e+00
1.03839143765822369e-02 0.00000000000000000e+00
-1.26000332481506442e-02 0.00000000000000000e+00
1.54634412017131996e-02 0.00000000000000000e+00
4.13618390862697128e-03 0.00000000000000000e+00
-2.60527380963618748e-03 0.00000000000000000e+00
-2.00271356562865058e-02 0.00000000000000000e+00
7.20313624881038957e-03 0.00000000000000000e+00
-7.08728545585690477e-03 0.00000000000000000e+00
-1.41231035275810914e-02 0.00000000000000000e+00
1.87444512518926132e-02 0.00000000000000000e+00
-2.04981271331267229e-02 0.00000000000000000e+00
-5.62580232031315887e-03 0.00000000000000000e+00
6.70486182279111248e-03 0.00000000000000000e+00
1.19550354329761264e-02 0.00000000000000000e+00
-1.43004545168430347e-03 0.00000000000000000e+00
2.01982438444410148e-03 0.00000000000000000e+00
1.77923428216081106e-02 0.00000000000000000e+00
-1.33569021595839870e-02 0.00000000000000000e+00
1.79337061979808650e-02 0.00000000000000000e+00
2.04996471135365961e-03 0.00000000000000000e+00
-2.11745843910461596e-03 0.00000000000000000e+00
-1.09984527256493034e-02 0.00000000000000000e+00
3.10302378523808842e-03 0.00000000000000000e+00
-5.58328943877319482e-03 0.00000000000000000e+00
-1.41919630194078353e-03 0.00000000000000000e+00
6.77213706239874168e-03 0.00000000000000000e+00
-7.02271062817439850e-03 0.00000000000000000e+00
-1.59526743537249504e-03 0.00000000000000000e+00
6.84641604148841613e-03 0.00000000000000000e+00
3.80660983631527020e-02 0.00000000000000000e+00
-4.62904913007272743e-03 0.00000000000000000e+00
8.75932580767615349e-03 0.00000000000000000e+00
3.37199495271970767e-02 0.00000000000000000e+00
-2.21397118506805185e-02 0.00000000000000000e+00
3.53161054919305176e-02 0.00000000000000000e+00
1.72124404756253645e-02 0.00000000000000000e+00
-1.67787380710730204e-02 0.00000000000000000e+00
-4.66443511491362456e-02 0.00000000000000000e+00
1.35318235175995952e-02 0.00000000000000000e+00
-1.57437114904081729e-02 0.00000000000000000e+00
-2.39057129634486706e-02 0.00000000000000000e+00
3.30034655259370119e-02 0.00000000000000000e+00
-3.71895179806462084e-02 0.00000000000000000e+00
-1.27600292308084461e-02 0.00000000000000000e+00
1.52990537338647346e-02 0.00000000000000000e+00
3.08626908328108844e-02 0.00000000000000000e+00
-3.89034714154387444e-03 0.00000000000000000e+00
5.76265737567832875e-03 0.00000000000000000e+00
4.66567883914196027e-02 0.00000000000000000e+00
-3.56043183491426482e-02 0.00000000000000000e+00
4.74483870871269392e-02 0.00000000000000000e+00
8.50562120096725986e-03 0.00000000000000000e+00
-7.83497799083375697e-03 0.00000000000000000e+00
-2.68504924527306829e-02 0.00000000000000000e+00
8.06083914136582549e-03 0.00000000000000000e+00
-1.57881307955819380e-02 0.00000000000000000e+00
-3.44792804669462371e-03 0.00000000000000000e+00
1.84745615134877944e-02 0.00000000000000000e+00
-1.89816325164079841e-02 0.00000000000000000e+00
8.50530354075750526e-03 0.00000000000000000e+00
-2.19433813804616878e-03 0.00000000000000000e+00
4.91075109140902341e-02 0.00000000000000000e+00
-6.59291854548476729e-03 0.00000000000000000e+00
9.22044436618915143e-03 0.00000000000000000e+00
4.28721969095128344e-02 0.00000000000000000e+00
-2.42504369026406673e-02 0.00000000000000000e+00
4.18037244563824947e-02 0.00000000000000000e+00
3.05113219218914981e-02 0.00000000000000000e+00
-2.92192536870449389e-02 0.00000000000000000e+00
-5.01739256329544470e-02 0.00000000000000000e+00
1.44823718216036072e-02 0.00000000000000000e+00
-2.07948450867707080e-02 0.00000000000000000e+00
-2.41788193651013804e-02 0.00000000000000000e+00
3.63922513773258169e-02 0.00000000000000000e+00
-4.10336302687269172e-02 0.00000000000000000e+00
1.30015099842856665e-02 0.00000000000000000e+00
-1.20957831249685118e-02 0.00000000000000000e+00
2.36391795620536777e-02 0.00000000000000000e+00
-4.32383019516079711e-03 0.00000000000000000e+00
-1.90949657893188605e-03 0.00000000000000000e+00
3.52374762645207493e-02 0.00000000000000000e+00
-1.66748221220225055e-02 0.00000000000000000e+00
2.71892065241563612e-02 0.00000000000000000e+00
2.19341311794934157e-02 0.00000000000000000e+00
-2.08745470913153167e-02 0.00000000000000000e+00
3.92701543617279564e-03 0.00000000000000000e+00
-1.88790544539556770e-03 0.00000000000000000e+00
-1.14830583717019791e-02 0.00000000000000000e+00
1.59135335739155372e-02 0.00000000000000000e+00
-4.16712670420263647e-03 0.00000000000000000e+00
5.85364327385238820e-03 0.00000000000000000e+00
-2.21028982650167899e-03 0.00000000000000000e+00
1.23904650311605722e-03 0.00000000000000000e+00
-7.14586541700940221e-03 0.00000000000000000e+00
9.50531903059796874e-04 0.00000000000000000e+00
-5.69234857704065762e-05 0.00000000000000000e+00
-5.96201335407475948e-03 0.00000000000000000e+00
1.62055819348581875e-03 0.00000000000000000e+00
-4.35634772777651353e-03 0.00000000000000000e+00
-3.36394813717118008e-03 0.00000000000000000e+00
3.84682995145554452e-03 0.00000000000000000e+00
5.43643109102879586e-03 0.00000000000000000e+00
-1.01796314595659857e-03 0.00000000000000000e+00
1.80703601305934347e-03 0.00000000000000000e+00
1.08801189377518955e-03 0.00000000000000000e+00
-1.99736404852520312e-03 0.00000000000000000e+00
2.47842353410791761e-03 0.00000000000000000e+00
-5.54150040909659383e-03 0.00000000000000000e+00
5.42087112522785658e-03 0.00000000000000000e+00
-5.75036153893542217e-03 0.00000000000000000e+00
1.20723013010769448e-03 0.00000000000000000e+00
3.68355830179808205e-04 0.00000000000000000e+00
-8.08293193022287595e-03 0.00000000000000000e+00
3.44122284070020852e-03 0.00000000000000000e+00
-6.02236735741318047e-03 0.00000000000000000e+00
-7.92702164188946110e-03 0.00000000000000000e+00
7.20953814955131722e-03 0.00000000000000000e+00
-2.29831323714620693e-03 0.00000000000000000e+00
6.35451023557235140e-04 0.00000000000000000e+00
3.37040034990633954e-03 0.00000000000000000e+00
-4.03703517949854755e-03 0.00000000000000000e+00
8.67173655412881790e-04 0.00000000000000000e+00
-1.30655960723426385e-03 0.00000000000000000e+00
3.15432390097231770e-03 0.00000000000000000e+00
-3.37926919061024011e-03 0.00000000000000000e+00
-1.10547660466042935e-03 0.00000000000000000e+00
4.79538175549246396e-06 0.00000000000000000e+00
-2.00095949061427974e-03 0.00000000000000000e+00
-1.12995564351937449e-03 0.00000000000000000e+00
3.23486868120328487e-03 0.00000000000000000e+00
-3.30233086979031792e-03 0.00000000000000000e+00
1.63121998785375978e-04 0.00000000000000000e+00
-6.79175720380800437e-04 0.00000000000000000e+00
5.53230263910956324e-03 0.00000000000000000e+00
-2.16218183274711519e-03 0.00000000000000000e+00
1.52252790915052209e-03 0.00000000000000000e+00
4.77263836469203877e-03 0.00000000000000000e+00
-5.68923976856943944e-03 0.00000000000000000e+00
6.20928911584736620e-03 0.00000000000000000e+00
-2.57571109611332092e-03 0.00000000000000000e+00
2.94968196209022260e-03 0.00000000000000000e+00
1.82601251818273989e-03 0.00000000000000000e+00
-5.91514644524402899e-05 0.00000000000000000e+00
6.61280504191581373e-04 0.00000000000000000e+00
1.82462540304844691e-03 0.00000000000000000e+00
-1.82221939472154031e-03 0.00000000000000000e+00
2.36767911744965691e-03 0.00000000000000000e+00
-1.50624869185472191e-03 0.00000000000000000e+00
1.20559261037621736e-03 0.00000000000000000e+00
-4.29873230935142597e-03 0.00000000000000000e+00
1.15119257373794723e-03 0.00000000000000000e+00
-3.95430514701669523e-04 0.00000000000000000e+00
-2.21577020573055731e-03 0.00000000000000000e+00
2.38473777236166556e-03 0.00000000000000000e+00
-2.72228345784701837e-03 0.00000000000000000e+00
-1.09135706514193551e-03 0.00000000000000000e+00
1.41365818135650028e-03 0.00000000000000000e+00
1.82332929882619084e-03 0.00000000000000000e+00
-1.53297837260594507e-04 0.00000000000000000e+00
7.13644095605156753e-04 0.00000000000000000e+00
1.43497998484414923e-03 0.00000000000000000e+00
-1.36337148760578512e-03 0.00000000000000000e+00
1.91263495288393395e-03 0.00000000000000000e+00
5.62201625180732927e-05 0.00000000000000000e+00
-8.94356354258822676e-05 0.00000000000000000e+00
-3.52897531349181384e-03 0.00000000000000000e+00
1.05116589675172600e-03 0.00000000000000000e+00
-7.13409837149785392e-04 0.00000000000000000e+00
-2.17260731908174584e-03 0.00000000000000000e+00
2.49053268157365401e-03 0.00000000000000000e+00
-2.81944369550649098e-03 0.00000000000000000e+00
-4.85260686521307141e-04 0.00000000000000000e+00
9.38527740495960754e-04 0.00000000000000000e+00
7.22615582330888954e-03 0.00000000000000000e+00
-1.08104271763001330e-03 0.00000000000000000e+00
1.10684553670431355e-03 0.00000000000000000e+00
1.08519642099191172e-02 0.00000000000000000e+00
-7.69314724751312025e-03 0.00000000000000000e+00
1.05649594085202338e-02 0.00000000000000000e+00
4.39316531747737174e-03 0.00000000000000000e+00
-3.89091024246346253e-03 0.00000000000000000e+00
-4.08496984200111633e-03 0.00000000000000000e+00
1.35564551287261801e-03 0.00000000000000000e+00
-4.10960440853833184e-03 0.00000000000000000e+00
3.88884170223205525e-04 0.00000000000000000e+00
3.46862881394233548e-03 0.00000000000000000e+00
-3.42967539091497669e-03 0.00000000000000000e+00
1.31686768401833767e-02 0.00000000000000000e+00
-1.25542529082566055e-02 0.00000000000000000e+00
6.02136112993213561e-03 0.00000000000000000e+00
-1.26688332640690379e-03 0.00000000000000000e+00
-5.50387620019894639e-03 0.00000000000000000e+00
3.65332107048476100e-03 0.00000000000000000e+00
7.87043413057930859e-03 0.00000000000000000e+00
-4.58004229884933275e-03 0.00000000000000000e+00
6.10867521446690001e-03 0.00000000000000000e+00
-7.98477256949405197e-03 0.00000000000000000e+00
8.97337756890987000e-03 0.00000000000000000e+00
-4.80512722908273820e-03 0.00000000000000000e+00
1.81657257171529340e-03 0.00000000000000000e+00
1.17155346013509132e-02 0.00000000000000000e+00
-1.32282531140216104e-02 0.00000000000000000e+00
1.40100726475074055e-02 0.00000000000000000e+00
4.47845530863405332e-03 0.00000000000000000e+00
-3.86203590192662474e-03 0.00000000000000000e+00
9.55442425762274838e-03 0.00000000000000000e+00
-1.61395334238815429e-03 0.00000000000000000e+00
-4.51813701642482361e-04 0.00000000000000000e+00
1.25781534049544865e-02 0.00000000000000000e+00
-5.65259278349198539e-03 0.00000000000000000e+00
9.73011495155181975e-03 0.00000000000000000e+00
7.67145488303063675e-03 0.00000000000000000e+00
-7.50289884520915877e-03 0.00000000000000000e+00
-9.86133308350450356e-04 0.00000000000000000e+00
-1.08281700041970263e-04 0.00000000000000000e+00
-4.10590860742404522e-03 0.00000000000000000e+00
4.11550031519956894e-03 0.00000000000000000e+00
-2.81837139373906085e-04 0.00000000000000000e+00
5.85519137175298954e-04 0.00000000000000000e+00
5.20197478663388460e-04 0.00000000000000000e+00
2.02472103307831374e-04 0.00000000000000000e+00
5.07171857455864655e-03 0.00000000000000000e+00
-6.24579334536216543e-04 0.00000000000000000e+00
5.11410100813311052e-04 0.00000000000000000e+00
4.26844613995496554e-03 0.00000000000000000e+00
-1.87094929163020827e-03 0.00000000000000000e+00
3.72077223765175614e-03 0.00000000000000000e+00
1.96953867628624343e-03 0.00000000000000000e+00
-2.22056963618588081e-03 0.00000000000000000e+00
-5.15615746841879136e-03 0.00000000000000000e+00
1.22946547591360096e-03 0.00000000000000000e+00
-1.50906768099897076e-03 0.00000000000000000e+00
-1.94310683264986876e-03 0.00000000000000000e+00
2.71674253342466974e-03 0.00000000000000000e+00
-3.17695585648426065e-03 0.00000000000000000e+00
1.22082551370736011e-03 0.00000000000000000e+00
-7.75442405861290207e-04 0.00000000000000000e+00
8.01827249388494499e-03 0.00000000000000000e+00
-1.29554061183061306e-03 0.00000000000000000e+00
8.07393819618661026e-04 0.00000000000000000e+00
1.17986678699163652e-02 0.00000000000000000e+00
-7.60773358655054705e-03 0.00000000000000000e+00
1.08834988925352733e-02 0.00000000000000000e+00
6.07151121111798760e-03 0.00000000000000000e+00
-5.46619393093605854e-03 0.00000000000000000e+00
-2.91016326901309122e-03 0.00000000000000000e+00
9.70769169565762163e-04 0.00000000000000000e+00
-4.50460017517720183e-03 0.00000000000000000e+00
1.55923052367433154e-03 0.00000000000000000e+00
2.66925293153399577e-03 0.00000000000000000e+00
-2.51100197842684921e-03 0.00000000000000000e+00
8.12260678522175837e-03 0.00000000000000000e+00
-7.46228880311901235e-03 0.00000000000000000e+00
5.71825899099840610e-03 0.00000000000000000e+00
-1.02970109334967201e-03 0.00000000000000000e+00
-2.81506428708033687e-03 0.00000000000000000e+00
3.89696288178620646e-03 0.00000000000000000e+00
3.67988631965847097e-03 0.00000000000000000e+00
-9.78529954901388981e-04 0.00000000000000000e+00
4.89140918778225783e-03 0.00000000000000000e+00
-5.95671718802311383e-03 0.00000000000000000e+00
2.89285888678117312e-03 0.00000000000000000e+00
-2.14683582951337177e-03 0.00000000000000000e+00
1.92649343316019471e-04 0.00000000000000000e+00
5.65954853987807403e-03 0.00000000000000000e+00
-6.08730593697370294e-03 0.00000000000000000e+00
6.31287081754824345e-03 0.00000000000000000e+00
4.94038403356438036e-03 0.00000000000000000e+00
-4.74579631672992965e-03 0.00000000000000000e+00
5.45297490213372382e-03 0.00000000000000000e+00
-1.08495947837706033e-03 0.00000000000000000e+00
-8.04433237846815716e-04 0.00000000000000000e+00
7.43746129828853388e-03 0.00000000000000000e+00
-2.54414869250432947e-03 0.00000000000000000e+00
5.02786574112878276e-03 0.00000000000000000e+00
6.32945611811547987e-03 0.00000000000000000e+00
-6.04552027875306791e-03 0.00000000000000000e+00
2.18188667661454701e-03 0.00000000000000000e+00
-8.71389073416282793e-04 0.00000000000000000e+00
-2.52752697288701226e-03 0.00000000000000000e+00
4.35665983903875311e-03 0.00000000000000000e+00
-1.88003533259648286e-03 0.00000000000000000e+00
2.30737178675344701e-03 0.00000000000000000e+00
-1.80685888922836949e-03 0.00000000000000000e+00
1.27025979664568706e-03 0.00000000000000000e+00
-4.11727817513493632e-03 0.00000000000000000e+00
5.77119477567151476e-04 0.00000000000000000e+00
1.46220038823766379e-04 0.00000000000000000e+00
-3.43381362682374435e-03 0.00000000000000000e+00
6.55787601102858801e-04 0.00000000000000000e+00
-2.27192862933887300e-03 0.00000000000000000e+00
-2.25547078809054452e-03 0.00000000000000000e+00
2.53847053958727387e-03 0.00000000000000000e+00
2.51909295817332769e-03 0.00000000000000000e+00
-3.72742391440574036e-04 0.00000000000000000e+00
9.98049804028629684e-04 0.00000000000000000e+00
1.27058960487472721e-04 0.00000000000000000e+00
-6.39208848681281443e-04 0.00000000000000000e+00
8.62012316868315657e-04 0.00000000000000000e+00
-4.45229496823037509e-03 0.00000000000000000e+00
4.63221072973638796e-03 0.00000000000000000e+00
-1.43191194141250065e-04 0.00000000000000000e+00
2.86354222110943139e-04 0.00000000000000000e+00
9.05729743743599993e-04 0.00000000000000000e+00
1.45262368615317150e-04 0.00000000000000000e+00
-1.79831005027727454e-03 0.00000000000000000e+00
1.51672724589346514e-03 0.00000000000000000e+00
-3.47005536074883368e-03 0.00000000000000000e+00
3.20264662832082979e-03 0.00000000000000000e+00
-4.13692361863956474e-03 0.00000000000000000e+00
1.26366979055444572e-03 0.00000000000000000e+00
1.92520414645036900e-04 0.00000000000000000e+00
-2.84007376864499469e-03 0.00000000000000000e+00
2.64675162369799486e-03 0.00000000000000000e+00
-2.96270844496552806e-03 0.00000000000000000e+00
7.98427520874291433e-03 0.00000000000000000e+00
-7.90315268280107099e-03 0.00000000000000000e+00
1.61781432962137877e-03 0.00000000000000000e+00
-5.19758046385975945e-04 0.00000000000000000e+00
-3.88556176482109106e-03 0.00000000000000000e+00
5.75037303938403664e-04 0.00000000000000000e+00
5.89078981104190942e-03 0.00000000000000000e+00
-4.58071015979585622e-03 0.00000000000000000e+00
2.64035033482130704e-03 0.00000000000000000e+00
-3.84080681886437734e-03 0.00000000000000000e+00
8.10524347488587177e-03 0.00000000000000000e+00
-3.71613164782593755e-03 0.00000000000000000e+00
1.98915153921148859e-03 0.00000000000000000e+00
8.64380340841789177e-03 0.00000000000000000e+00
-1.00294334022449846e-02 0.00000000000000000e+00
1.07625818989061772e-02 0.00000000000000000e+00
2.45172158798333359e-04 0.00000000000000000e+00
2.72322837142934427e-04 0.00000000000000000e+00
5.32987788568865459e-03 0.00000000000000000e+00
-7.34395810876592426e-04 0.00000000000000000e+00
2.40130431723865472e-04 0.00000000000000000e+00
6.59442521309718671e-03 0.00000000000000000e+00
-3.60276970738649489e-03 0.00000000000000000e+00
5.72096512952034991e-03 0.00000000000000000e+00
2.30917362300012445e-03 0.00000000000000000e+00
-2.44053633835306311e-03 0.00000000000000000e+00
-3.29074812695286534e-03 0.00000000000000000e+00
7.17481932973324855e-04 0.00000000000000000e+00
-2.01960845179324344e-03 0.00000000000000000e+00
2.84990504839074781e-04 0.00000000000000000e+00
1.45998373507774649e-03 0.00000000000000000e+00
-1.55776490640914815e-03 0.00000000000000000e+00
4.06497440416749272e-03 0.00000000000000000e+00
-3.43688605335528297e-03 0.00000000000000000e+00
6.91515708832352288e-03 0.00000000000000000e+00
-1.12509110581827877e-03 0.00000000000000000e+00
-4.63581116309852393e-04 0.00000000000000000e+00
7.43609315862393469e-03 0.00000000000000000e+00
-2.27579940461618757e-03 0.00000000000000000e+00
5.16174272682003426e-03 0.00000000000000000e+00
5.43296938539428610e-03 0.00000000000000000e+00
-5.53129759958231968e-03 0.00000000000000000e+00
-1.56330323786046639e-03 0.00000000000000000e+00
1.53637063589963305e-05 0.00000000000000000e+00
-2.39455162099846660e-03 0.00000000000000000e+00
1.99857966818916925e-03 0.00000000000000000e+00
-8.98946676752831341e-05 0.00000000000000000e+00
9.40453504013598628e-05 0.00000000000000000e+00
-1.88316358435658034e-02 0.00000000000000000e+00
2.02574670240204015e-02 0.00000000000000000e+00
6.77460592024010239e-03 0.00000000000000000e+00
1.91005666093942541e-04 0.00000000000000000e+00
4.05716934981149163e-03 0.00000000000000000e+00
1.03662178327292714e-02 0.00000000000000000e+00
-1.30884675737612290e-02 0.00000000000000000e+00
1.48749895689149151e-02 0.00000000000000000e+00
-1.17235721068417488e-02 0.00000000000000000e+00
1.03871751159741905e-02 0.00000000000000000e+00
-2.16191739239769282e-02 0.00000000000000000e+00
6.19578806196033338e-03 0.00000000000000000e+00
-2.01948095740095857e-03 0.00000000000000000e+00
-1.09845049547758443e-02 0.00000000000000000e+00
1.27958052038802499e-02 0.00000000000000000e+00
-1.41614366204911735e-02 0.00000000000000000e+00
7.05651477730478028e-03 0.00000000000000000e+00
-7.09562131397197156e-03 0.00000000000000000e+00
6.14926402194819564e-04 0.00000000000000000e+00
-3.64661980243154778e-04 0.00000000000000000e+00
-3.34882923986953417e-03 0.00000000000000000e+00
-3.37762157474007436e-04 0.00000000000000000e+00
5.46543073844220698e-03 0.00000000000000000e+00
-4.63544844716886392e-03 0.00000000000000000e+00
2.29725530711875989e-03 0.00000000000000000e+00
-3.22297776588138058e-03 0.00000000000000000e+00
7.72816300566236611e-03 0.00000000000000000e+00
-3.33483377825035971e-03 0.00000000000000000e+00
1.86048280747199281e-03 0.00000000000000000e+00
7.52935196938487455e-03 0.00000000000000000e+00
-8.83442962557408860e-03 0.00000000000000000e+00
9.50751153668467214e-03 0.00000000000000000e+00
1.78050512805957286e-03 0.00000000000000000e+00
-1.98002621010342269e-03 0.00000000000000000e+00
-3.22708402307225186e-03 0.00000000000000000e+00
4.17357476885239504e-04 0.00000000000000000e+00
-7.49334780973710877e-04 0.00000000000000000e+00
-5.52826171376098827e-03 0.00000000000000000e+00
4.55570135311857572e-03 0.00000000000000000e+00
-5.80468375682367897e-03 0.00000000000000000e+00
-9.40992246135361962e-04 0.00000000000000000e+00
7.50110625983136108e-04 0.00000000000000000e+00
2.68912202498816774e-03 0.00000000000000000e+00
-9.03659725551419959e-04 0.00000000000000000e+00
1.94175150570213319e-03 0.00000000000000000e+00
1.96749753940361229e-04 0.00000000000000000e+00
-2.15192599928054791e-03 0.00000000000000000e+00
2.13837334717123387e-03 0.00000000000000000e+00
-2.29796185377257678e-03 0.00000000000000000e+00
1.55401896362478576e-03 0.00000000000000000e+00
-6.55683688658731043e-03 0.00000000000000000e+00
9.53426054412378631e-04 0.00000000000000000e+00
-3.61898443830463304e-04 0.00000000000000000e+00
-6.30938648529556258e-03 0.00000000000000000e+00
2.60751033933277667e-03 0.00000000000000000e+00
-5.14085115137494133e-03 0.00000000000000000e+00
-4.29806258432369366e-03 0.00000000000000000e+00
4.33488844132543308e-03 0.00000000000000000e+00
4.28682722171292059e-03 0.00000000000000000e+00
-9.88492542381062475e-04 0.00000000000000000e+00
2.40056492149206668e-03 0.00000000000000000e+00
7.36488872200548208e-04 0.00000000000000000e+00
-2.34247209540991907e-03 0.00000000000000000e+00
2.66969689701589737e-03 0.00000000000000000e+00
6.62519188186995196e-03 0.00000000000000000e+00
-7.10822741510673973e-03 0.00000000000000000e+00
-1.79856719821481852e-03 0.00000000000000000e+00
-1.67106306182060970e-04 0.00000000000000000e+00
-1.21510465810286935e-03 0.00000000000000000e+00
-2.71205584381040967e-03 0.00000000000000000e+00
3.78817485061381989e-03 0.00000000000000000e+00
-4.19526761996935876e-03 0.00000000000000000e+00
4.74667106573100142e-03 0.00000000000000000e+00
-4.13925769676599508e-03 0.00000000000000000e+00
7.23398144974066269e-03 0.00000000000000000e+00
-1.99070075024728246e-03 0.00000000000000000e+00
2.12289546455822514e-04 0.00000000000000000e+00
3.73494095909105350e-03 0.00000000000000000e+00
-3.93085740861743790e-03 0.00000000000000000e+00
4.40801596044435723e-03 0.00000000000000000e+00
4.95224775104132105e-03 0.00000000000000000e+00
-5.39912406198883935e-03 0.00000000000000000e+00
-2.96062405969334946e-03 0.00000000000000000e+00
1.95727809357655879e-04 0.00000000000000000e+00
-3.65441642572908324e-03 0.00000000000000000e+00
-3.29782307197876720e-03 0.00000000000000000e+00
6.47014098147522670e-03 0.00000000000000000e+00
-7.00037760782286703e-03 0.00000000000000000e+00
-9.39555237465926384e-04 0.00000000000000000e+00
-1.22799388353430239e-04 0.00000000000000000e+00
9.96517566208770730e-03 0.00000000000000000e+00
-3.92527345677571009e-03 0.00000000000000000e+00
3.33445647863910444e-03 0.00000000000000000e+00
8.28162608097404371e-03 0.00000000000000000e+00
-1.04464288829141522e-02 0.00000000000000000e+00
1.13530662341481958e-02 0.00000000000000000e+00
2.99192752395983507e-04 0.00000000000000000e+00
5.83294545531122286e-05 0.00000000000000000e+00
4.02808825877937985e-03 0.00000000000000000e+00
-5.76444245090247860e-04 0.00000000000000000e+00
2.64098487202831563e-04 0.00000000000000000e+00
5.13920244208135486e-03 0.00000000000000000e+00
-2.95258877201766889e-03 0.00000000000000000e+00
4.55634423080832594e-03 0.00000000000000000e+00
2.08148818983021604e-03 0.00000000000000000e+00
-2.07635554997561778e-03 0.00000000000000000e+00
-2.33021301957143804e-03 0.00000000000000000e+00
5.62135405660373305e-04 0.00000000000000000e+00
-1.70905391930850593e-03 0.00000000000000000e+00
2.40017523628004701e-04 0.00000000000000000e+00
1.25323622284899145e-03 0.00000000000000000e+00
-1.30652785312242018e-03 0.00000000000000000e+00
5.10208199941744080e-03 0.00000000000000000e+00
-4.53716717365585612e-03 0.00000000000000000e+00
5.94311088861999674e-03 0.00000000000000000e+00
-1.00190640131793797e-03 0.00000000000000000e+00
-1.53720305213712058e-03 0.00000000000000000e+00
5.95112075969219355e-03 0.00000000000000000e+00
4.33454201218921117e-06 0.00000000000000000e+00
2.64653783318826970e-03 0.00000000000000000e+00
4.46078926247835475e-03 0.00000000000000000e+00
-5.02167376467343562e-03 0.00000000000000000e+00
7.14587916964495688e-04 0.00000000000000000e+00
-1.02077878956774882e-03 0.00000000000000000e+00
-1.11025915775715212e-03 0.00000000000000000e+00
3.93877645660279958e-03 0.00000000000000000e+00
-3.01617724280465451e-03 0.00000000000000000e+00
3.19769189680186314e-03 0.00000000000000000e+00
-8.41180983622481608e-03 0.00000000000000000e+00
9.35447896308479014e-03 0.00000000000000000e+00
7.08095148499712345e-03 0.00000000000000000e+00
-5.08221237755821431e-04 0.00000000000000000e+00
2.26597562189928678e-03 0.00000000000000000e+00
1.02760299913465109e-02 0.00000000000000000e+00
-9.51815999926967395e-03 0.00000000000000000e+00
1.19283221966282361e-02 0.00000000000000000e+00
-2.94969209297260213e-03 0.00000000000000000e+00
2.50250914009783262e-03 0.00000000000000000e+00
-1.19855732507944297e-02 0.00000000000000000e+00
3.43889167983041279e-03 0.00000000000000000e+00
-2.92795653822801316e-03 0.00000000000000000e+00
-4.68795444581929233e-03 0.00000000000000000e+00
7.34387092678250811e-03 0.00000000000000000e+00
-7.96936754064093110e-03 0.00000000000000000e+00
5.35262517812221551e-03 0.00000000000000000e+00
-5.90748797154913227e-03 0.00000000000000000e+00
-3.85521281726574966e-03 0.00000000000000000e+00
2.93193920302062445e-04 0.00000000000000000e+00
-3.81151770602963054e-03 0.00000000000000000e+00
-4.40819794277713586e-03 0.00000000000000000e+00
7.27040356711579263e-03 0.00000000000000000e+00
-8.12742413344158705e-03 0.00000000000000000e+00
-1.01520132826909168e-03 0.00000000000000000e+00
-9.53853844610096648e-06 0.00000000000000000e+00
1.09933621048798353e-02 0.00000000000000000e+00
-4.19979018260388873e-03 0.00000000000000000e+00
3.67629751330370231e-03 0.00000000000000000e+00
8.58951868076630529e-03 0.00000000000000000e+00
-1.10399108197877308e-02 0.00000000000000000e+00
1.20010359198594787e-02 0.00000000000000000e+00
3.46898681967134498e-03 0.00000000000000000e+00
-3.90949864826933315e-03 0.00000000000000000e+00
-4.44613544413025724e-03 0.00000000000000000e+00
4.59013620043573591e-04 0.00000000000000000e+00
-1.07036079159693581e-03 0.00000000000000000e+00
-6.85656248038697246e-03 0.00000000000000000e+00
5.72907227873142074e-03 0.00000000000000000e+00
-7.36572662340278551e-03 0.00000000000000000e+00
1.65652603497525762e-04 0.00000000000000000e+00
-1.05597104794596651e-04 0.00000000000000000e+00
5.30174478421023554e-03 0.00000000000000000e+00
-1.55498558902332430e-03 0.00000000000000000e+00
2.12862280853081537e-03 0.00000000000000000e+00
1.34813621756612895e-03 0.00000000000000000e+00
-3.40151479675656091e-03 0.00000000000000000e+00
3.57447941373876350e-03 0.00000000000000000e+00
3.07292849399065594e-04 0.00000000000000000e+00
-2.95073916158254158e-03 0.00000000000000000e+00
-1.92539926094502413e-02 0.00000000000000000e+00
2.36330822063712809e-03 0.00000000000000000e+00
-4.18229320041441695e-03 0.00000000000000000e+00
-1.70243493736427498e-02 0.00000000000000000e+00
1.08137104071214796e-02 0.00000000000000000e+00
-1.75243978914318421e-02 0.00000000000000000e+00
-8.86077344849975183e-03 0.00000000000000000e+00
8.70279508847359058e-03 0.00000000000000000e+00
2.29628425811302141e-02 0.00000000000000000e+00
-6.58679759888312118e-03 0.00000000000000000e+00
7.82423393301495164e-03 0.00000000000000000e+00
1.15022003642019973e-02 0.00000000000000000e+00
-1.60178032148864738e-02 0.00000000000000000e+00
1.80773371028191132e-02 0.00000000000000000e+00
5.16548264718271442e-03 0.00000000000000000e+00
-6.31281919096290337e-03 0.00000000000000000e+00
-1.42966329721985978e-02 0.00000000000000000e+00
1.84459695051098003e-03 0.00000000000000000e+00
-2.48757886212990810e-03 0.00000000000000000e+00
-2.15454029829100988e-02 0.00000000000000000e+00
1.61284198475176825e-02 0.00000000000000000e+00
-2.16555066970981688e-02 0.00000000000000000e+00
-4.45896561404890510e-03 0.00000000000000000e+00
4.12379263476071647e-03 0.00000000000000000e+00
1.17125450831543024e-02 0.00000000000000000e+00
-3.49893787190657399e-03 0.00000000000000000e+00
7.30024903024293920e-03 0.00000000000000000e+00
1.08143926578931483e-03 0.00000000000000000e+00
-8.03832793813355137e-03 0.00000000000000000e+00
8.21781963957858227e-03 0.00000000000000000e+00
-9.76274576115671727e-04 0.00000000000000000e+00
-2.02671412948545468e-03 0.00000000000000000e+00
-2.30164962939577479e-02 0.00000000000000000e+00
2.97379397430595814e-03 0.00000000000000000e+00
-5.96129685449721999e-03 0.00000000000000000e+00
-2.04537993389959476e-02 0.00000000000000000e+00
1.40136734938543228e-02 0.00000000000000000e+00
-2.19567077155684645e-02 0.00000000000000000e+00
-1.36823565045320894e-02 0.00000000000000000e+00
1.25833211093571099e-02 0.00000000000000000e+00
2.73005150040736937e-02 0.00000000000000000e+00
-8.42264830709720490e-03 0.00000000000000000e+00
1.08073690864446039e-02 0.00000000000000000e+00
1.49974085204183129e-02 0.00000000000000000e+00
-2.14415126777868746e-02 0.00000000000000000e+00
2.39578532683690885e-02 0.00000000000000000e+00
-5.80144737296513745e-03 0.00000000000000000e+00
5.53470366659617255e-03 0.00000000000000000e+00
-9.39873480590083972e-03 0.00000000000000000e+00
1.78364437717690822e-03 0.00000000000000000e+00
9.30471532449659330e-04 0.00000000000000000e+00
-1.44834552726736988e-02 0.00000000000000000e+00
6.79618430625042198e-03 0.00000000000000000e+00
-1.10478862055459273e-02 0.00000000000000000e+00
-9.39703895765928165e-03 0.00000000000000000e+00
8.86873501012736508e-03 0.00000000000000000e+00
-2.70892095411935348e-03 0.00000000000000000e+00
1.05772597859097694e-03 0.00000000000000000e+00
4.74694108410736709e-03 0.00000000000000000e+00
-7.26708473513668161e-03 0.00000000000000000e+00
2.30309878737382321e-03 0.00000000000000000e+00
-3.11512681607268313e-03 0.00000000000000000e+00
-2.00335916492693855e-03 0.00000000000000000e+00
7.19929088567727491e-04 0.00000000000000000e+00
-8.50105488722567235e-03 0.00000000000000000e+00
1.05172989750641765e-03 0.00000000000000000e+00
-1.86714219176391624e-04 0.00000000000000000e+00
-6.37249964418512994e-03 0.00000000000000000e+00
1.47220469745057403e-03 0.00000000000000000e+00
-4.64398397749430421e-03 0.00000000000000000e+00
-3.12686103093193961e-03 0.00000000000000000e+00
3.88546370360914493e-03 0.00000000000000000e+00
7.78989965486266700e-03 0.00000000000000000e+00
-1.51932948342517991e-03 0.00000000000000000e+00
1.81550460576371882e-03 0.00000000000000000e+00
2.35331991564937445e-03 0.00000000000000000e+00
-2.96072736621121220e-03 0.00000000000000000e+00
3.70946334001809232e-03 0.00000000000000000e+00
-1.73425885147716966e-02 0.00000000000000000e+00
1.77983518685987073e-02 0.00000000000000000e+00
-5.95581148487008775e-03 0.00000000000000000e+00
1.98525938166253715e-03 0.00000000000000000e+00
2.45391352758592141e-03 0.00000000000000000e+00
-7.94418078699957175e-03 0.00000000000000000e+00
-6.29034329002552085e-04 0.00000000000000000e+00
-2.61781301035062409e-03 0.00000000000000000e+00
-1.77986131511494172e-02 0.00000000000000000e+00
1.60761049013919619e-02 0.00000000000000000e+00
-1.34887110598597773e-02 0.00000000000000000e+00
3.84163963722776577e-03 0.00000000000000000e+00
4.34814952844747755e-03 0.00000000000000000e+00
-1.13782408423137721e-02 0.00000000000000000e+00
7.25196317451867137e-03 0.00000000000000000e+00
-8.56412655498316709e-03 0.00000000000000000e+00
9.14801926562466838e-03 0.00000000000000000e+00
-9.44739427918203645e-03 0.00000000000000000e+00
-7.89043662468149796e-04 0.00000000000000000e+00
-2.81817280720748691e-04 0.00000000000000000e+00
-5.01928461766697025e-03 0.00000000000000000e+00
-1.43866902431883455e-03 0.00000000000000000e+00
7.99762406534824249e-03 0.00000000000000000e+00
-7.40401742572646335e-03 0.00000000000000000e+00
1.89073165167220718e-03 0.00000000000000000e+00
-3.24872682932825100e-03 0.00000000000000000e+00
1.26303196533175816e-02 0.00000000000000000e+00
-5.19387678827354024e-03 0.00000000000000000e+00
3.26270415828087881e-03 0.00000000000000000e+00
1.16691841216143115e-02 0.00000000000000000e+00
-1.37417665772906362e-02 0.00000000000000000e+00
1.49026997872237915e-02 0.00000000000000000e+00
-3.10258008027893039e-03 0.00000000000000000e+00
3.67684765573754371e-03 0.00000000000000000e+00
2.36698766324103813e-03 0.00000000000000000e+00
-4.67610713000669265e-05 0.00000000000000000e+00
7.21946187561877382e-04 0.00000000000000000e+00
1.63533682076108067e-03 0.00000000000000000e+00
-1.49226481903639305e-03 0.00000000000000000e+00
2.17592513188110412e-03 0.00000000000000000e+00
-2.26220597969952917e-03 0.00000000000000000e+00
1.70119099126510038e-03 0.00000000000000000e+00
-5.94864283367203209e-03 0.00000000000000000e+00
1.48390903087366284e-03 0.00000000000000000e+00
-1.43134213064886239e-04 0.00000000000000000e+00
-3.19652871894965948e-03 0.00000000000000000e+00
2.94609474156924634e-03 0.00000000000000000e+00
-3.47729295178979920e-03 0.00000000000000000e+00
-3.07980383116642463e-03 0.00000000000000000e+00
3.33109724893956285e-03 0.00000000000000000e+00
4.13109319112518628e-04 0.00000000000000000e+00
1.42622692810916022e-04 0.00000000000000000e+00
1.21722980621432816e-03 0.00000000000000000e+00
-1.41435640624597129e-04 0.00000000000000000e+00
-1.46864556055726833e-03 0.00000000000000000e+00
1.33588537561474957e-03 0.00000000000000000e+00
-1.74115024726468389e-03 0.00000000000000000e+00
1.73958609951160186e-03 0.00000000000000000e+00
-4.62505745497639609e-03 0.00000000000000000e+00
1.53943913616617846e-03 0.00000000000000000e+00
-3.15211079607012037e-04 0.00000000000000000e+00
-3.75899787070350802e-03 0.00000000000000000e+00
3.69064744508200687e-03 0.00000000000000000e+00
-4.15258385561529438e-03 0.00000000000000000e+00
1.50315633605938069e-03 0.00000000000000000e+00
-8.97649229329875007e-04 0.00000000000000000e+00
1.18444682520480859e-02 0.00000000000000000e+00
-1.92931359250233885e-03 0.00000000000000000e+00
1.50027685609378423e-03 0.00000000000000000e+00
1.78248399110072821e-02 0.00000000000000000e+00
-1.20078584146091853e-02 0.00000000000000000e+00
1.68241471269377149e-02 0.00000000000000000e+00
9.31372645843470473e-03 0.00000000000000000e+00
-8.21259331805494937e-03 0.00000000000000000e+00
-4.47754767348247304e-03 0.00000000000000000e+00
1.64447412625306783e-03 0.00000000000000000e+00
-7.05836829505069110e-03 0.00000000000000000e+00
1.99504509275495257e-03 0.00000000000000000e+00
4.63478882501193890e-03 0.00000000000000000e+00
-4.39445929384287091e-03 0.00000000000000000e+00
2.51955539595092141e-02 0.00000000000000000e+00
-2.42389807447651248e-02 0.00000000000000000e+00
9.84682190172720025e-03 0.00000000000000000e+00
-2.20907112471714151e-03 0.00000000000000000e+00
-1.10501402002244134e-02 0.00000000000000000e+00
5.51279745031976135e-03 0.00000000000000000e+00
1.61791781723166321e-02 0.00000000000000000e+00
-1.04470374555916869e-02 0.00000000000000000e+00
1.06414750416623186e-02 0.00000000000000000e+00
-1.43494089162388497e-02 0.00000000000000000e+00
1.93114238518108140e-02 0.00000000000000000e+00
-9.88498875040365321e-03 0.00000000000000000e+00
4.33012617608671217e-03 0.00000000000000000e+00
2.36961456137416079e-02 0.00000000000000000e+00
-2.70988227530359269e-02 0.00000000000000000e+00
2.87961213867529917e-02 0.00000000000000000e+00
7.89378237856010190e-03 0.00000000000000000e+00
-6.63263650501820772e-03 0.00000000000000000e+00
1.87820264684504384e-02 0.00000000000000000e+00
-3.11540271592345526e-03 0.00000000000000000e+00
-6.47972334494004783e-04 0.00000000000000000e+00
2.46918406320821571e-02 0.00000000000000000e+00
-1.14698053818124337e-02 0.00000000000000000e+00
1.94257940764193705e-02 0.00000000000000000e+00
1.44179665024857448e-02 0.00000000000000000e+00
-1.41263131159359602e-02 0.00000000000000000e+00
-2.95627070893586443e-03 0.00000000000000000e+00
1.09047441688609937e-04 0.00000000000000000e+00
-8.06078123627574153e-03 0.00000000000000000e+00
7.32363929417694653e-03 0.00000000000000000e+00
1.62498384823961368e-04 0.00000000000000000e+00
3.43981793829475609e-04 0.00000000000000000e+00
2.19582347174974990e-03 0.00000000000000000e+00
-7.66807332269760743e-04 0.00000000000000000e+00
1.05254903993689981e-02 0.00000000000000000e+00
-1.36327267273732050e-03 0.00000000000000000e+00
5.16710102279733380e-04 0.00000000000000000e+00
9.10613435606626859e-03 0.00000000000000000e+00
-3.33157577839662301e-03 0.00000000000000000e+00
7.29325148049126282e-03 0.00000000000000000e+00
4.60637507852418738e-03 0.00000000000000000e+00
-5.20027394707281779e-03 0.00000000000000000e+00
-8.99596040854284094e-03 0.00000000000000000e+00
1.92709743611960247e-03 0.00000000000000000e+00
-2.95815765093189725e-03 0.00000000000000000e+00
-2.45237717946187022e-03 0.00000000000000000e+00
4.05903418290505785e-03 0.00000000000000000e+00
-4.83088107611301214e-03 0.00000000000000000e+00
-2.46172521787642567e-04 0.00000000000000000e+00
1.32203825473314147e-03 0.00000000000000000e+00
1.65594549783675375e-02 0.00000000000000000e+00
-2.49221977931867117e-03 0.00000000000000000e+00
2.13414703892922733e-03 0.00000000000000000e+00
2.43495245652323306e-02 0.00000000000000000e+00
-1.65674400536831821e-02 0.00000000000000000e+00
2.31916531445931981e-02 0.00000000000000000e+00
1.01492790152430835e-02 0.00000000000000000e+00
-9.17215384394224655e-03 0.00000000000000000e+00
-8.74647096319951939e-03 0.00000000000000000e+00
2.76402594664606821e-03 0.00000000000000000e+00
-9.02139994722822580e-03 0.00000000000000000e+00
1.44805261817323332e-03 0.00000000000000000e+00
6.99440237545720205e-03 0.00000000000000000e+00
-6.88855336672825752e-03 0.00000000000000000e+00
1.70548096638979581e-02 0.00000000000000000e+00
-1.59907405931283414e-02 0.00000000000000000e+00
9.55005177826129432e-03 0.00000000000000000e+00
-1.85009080580308006e-03 0.00000000000000000e+00
-6.55106164200332415e-03 0.00000000000000000e+00
5.96481373073736321e-03 0.00000000000000000e+00
9.27147843602699542e-03 0.00000000000000000e+00
-4.44589835192671628e-03 0.00000000000000000e+00
8.90391365941804909e-03 0.00000000000000000e+00
-1.12455154580596208e-02 0.00000000000000000e+00
9.04187801769112953e-03 0.00000000000000000e+00
-5.41819558199879703e-03 0.00000000000000000e+00
1.54681006361347866e-03 0.00000000000000000e+00
1.34943399698541668e-02 0.00000000000000000e+00
-1.50805683177222018e-02 0.00000000000000000e+00
1.58227638250228141e-02 0.00000000000000000e+00
1.00861948044149302e-02 0.00000000000000000e+00
-9.81015124467265499e-03 0.00000000000000000e+00
9.23028232768102926e-03 0.00000000000000000e+00
-1.92953294858619296e-03 0.00000000000000000e+00
-1.75913187688695361e-03 0.00000000000000000e+00
1.23207543411569115e-02 0.00000000000000000e+00
-3.38470240859734114e-03 0.00000000000000000e+00
7.67264412601287044e-03 0.00000000000000000e+00
1.18945896401867774e-02 0.00000000000000000e+00
-1.13631505978849991e-02 0.00000000000000000e+00
5.23786101871393569e-03 0.00000000000000000e+00
-1.98088398485879013e-03 0.00000000000000000e+00
-4.22772960499621670e-03 0.00000000000000000e+00
8.42535231917147798e-03 0.00000000000000000e+00
-4.29183877231439481e-03 0.00000000000000000e+00
5.12015126577141343e-03 0.00000000000000000e+00
-3.36674519882884833e-03 0.00000000000000000e+00
1.61639434111362145e-03 0.00000000000000000e+00
-1.31642630997090195e-02 0.00000000000000000e+00
1.75425448031760233e-03 0.00000000000000000e+00
-8.90238865485824186e-04 0.00000000000000000e+00
-1.12534492707501935e-02 0.00000000000000000e+00
4.25891636976817502e-03 0.00000000000000000e+00
-9.19122328023160712e-03 0.00000000000000000e+00
-6.78044327525029362e-03 0.00000000000000000e+00
7.26427194077961837e-03 0.00000000000000000e+00
1.11435756249228246e-02 0.00000000000000000e+00
-2.53783027131563796e-03 0.00000000000000000e+00
4.08313960331423403e-03 0.00000000000000000e+00
3.43496186952546405e-03 0.00000000000000000e+00
-5.67416825243319180e-03 0.00000000000000000e+00
6.66794068421878387e-03 0.00000000000000000e+00
-7.07926114435807573e-03 0.00000000000000000e+00
7.13160395760424615e-03 0.00000000000000000e+00
-3.80917083316283578e-03 0.00000000000000000e+00
9.93378247126722137e-04 0.00000000000000000e+00
1.10272802884400539e-03 0.00000000000000000e+00
-5.06196441662494240e-03 0.00000000000000000e+00
5.95467651450364596e-04 0.00000000000000000e+00
-2.49511249250611951e-03 0.00000000000000000e+00
-7.58914246349434284e-03 0.00000000000000000e+00
7.01598308962288024e-03 0.00000000000000000e+00
-4.88438094985803924e-03 0.00000000000000000e+00
1.51997314708840264e-03 0.00000000000000000e+00
2.14913818685565777e-03 0.00000000000000000e+00
-5.09689339536160361e-03 0.00000000000000000e+00
3.02472087259982253e-03 0.00000000000000000e+00
-3.57605326588475610e-03 0.00000000000000000e+00
1.58733250016237920e-02 0.00000000000000000e+00
-1.65437605262449064e-02 0.00000000000000000e+00
-3.14865119073701486e-03 0.00000000000000000e+00
-2.20203148104709031e-04 0.00000000000000000e+00
-9.52091120750379882e-03 0.00000000000000000e+00
-4.56615659617429399e-03 0.00000000000000000e+00
1.58441432323900705e-02 0.00000000000000000e+00
-1.54120194171863661e-02 0.00000000000000000e+00
1.50977518404391106e-03 0.00000000000000000e+00
-4.24868733854000171e-03 0.00000000000000000e+00
2.39833396588657009e-02 0.00000000000000000e+00
-9.86048144272890816e-03 0.00000000000000000e+00
7.04723952396015072e-03 0.00000000000000000e+00
2.16431263181622591e-02 0.00000000000000000e+00
-2.62570142557516303e-02 0.00000000000000000e+00
2.84374662423847145e-02 0.00000000000000000e+00
-8.57131629223748534e-04 0.00000000000000000e+00
1.80335012232890027e-03 0.00000000000000000e+00
8.05695114219301053e-03 0.00000000000000000e+00
-9.91822681720200532e-04 0.00000000000000000e+00
6.82333878518792138e-04 0.00000000000000000e+00
9.18759786482278504e-03 0.00000000000000000e+00
-5.23659080278257322e-03 0.00000000000000000e+00
8.31087822553572796e-03 0.00000000000000000e+00
2.22491657250740906e-03 0.00000000000000000e+00
-2.61450142989502103e-03 0.00000000000000000e+00
-7.05523460464400551e-03 0.00000000000000000e+00
1.64611741672503068e-03 0.00000000000000000e+00
-2.74140400557431295e-03 0.00000000000000000e+00
-1.24761594974714431e-03 0.00000000000000000e+00
3.38619136635773602e-03 0.00000000000000000e+00
-3.78279409414670423e-03 0.00000000000000000e+00
4.74397838300712367e-03 0.00000000000000000e+00
-4.05907233131736715e-03 0.00000000000000000e+00
7.62979702350320092e-03 0.00000000000000000e+00
-1.25273789941025620e-03 0.00000000000000000e+00
-6.67001327286676675e-04 0.00000000000000000e+00
8.21265581490408444e-03 0.00000000000000000e+00
-2.30221538525059426e-03 0.00000000000000000e+00
5.51543751244740980e-03 0.00000000000000000e+00
6.04405420152421581e-03 0.00000000000000000e+00
-6.19709931214001367e-03 0.00000000000000000e+00
-1.34650082633120576e-03 0.00000000000000000e+00
-1.41852189725414209e-04 0.00000000000000000e+00
-2.55071138547451320e-03 0.00000000000000000e+00
2.58149418412874018e-03 0.00000000000000000e+00
-5.25042215299713799e-04 0.00000000000000000e+00
5.67883622341932366e-04 0.00000000000000000e+00
-2.07532111955004636e-02 0.00000000000000000e+00
2.23455428405539835e-02 0.00000000000000000e+00
7.73694985824310930e-03 0.00000000000000000e+00
1.70967046562846276e-04 0.00000000000000000e+00
4.50526054374044381e-03 0.00000000000000000e+00
1.17952281217783960e-02 0.00000000000000000e+00
-1.46681631916897731e-02 0.00000000000000000e+00
1.67438704167252629e-02 0.00000000000000000e+00
-1.27640396315782511e-02 0.00000000000000000e+00
1.13025633949554068e-02 0.00000000000000000e+00
-2.39907658211547213e-02 0.00000000000000000e+00
6.87689977350606704e-03 0.00000000000000000e+00
-2.36258513403947911e-03 0.00000000000000000e+00
-1.21031060626144316e-02 0.00000000000000000e+00
1.42217814443577634e-02 0.00000000000000000e+00
-1.57294311326793661e-02 0.00000000000000000e+00
8.23296565598405708e-03 0.00000000000000000e+00
-8.34343290491851297e-03 0.00000000000000000e+00
1.87202091442591456e-04 0.00000000000000000e+00
-3.55444855279755392e-04 0.00000000000000000e+00
-4.07426911006750821e-03 0.00000000000000000e+00
-8.95226865120449830e-04 0.00000000000000000e+00
6.76562747229544903e-03 0.00000000000000000e+00
-5.97762776220824976e-03 0.00000000000000000e+00
2.32832968102436675e-03 0.00000000000000000e+00
-3.45357190333630453e-03 0.00000000000000000e+00
9.66589528294657316e-03 0.00000000000000000e+00
-4.10589174944539590e-03 0.00000000000000000e+00
2.45727556918959962e-03 0.00000000000000000e+00
9.16558269231208290e-03 0.00000000000000000e+00
-1.08705410727695413e-02 0.00000000000000000e+00
1.17142378666103310e-02 0.00000000000000000e+00
2.22850791904642557e-03 0.00000000000000000e+00
-2.46944141633347785e-03 0.00000000000000000e+00
-3.72413990343352895e-03 0.00000000000000000e+00
4.69665588661437273e-04 0.00000000000000000e+00
-8.89632094400090402e-04 0.00000000000000000e+00
-6.37425583687124125e-03 0.00000000000000000e+00
5.30188549747234728e-03 0.00000000000000000e+00
-6.73462085961123221e-03 0.00000000000000000e+00
-9.26691485241794982e-04 0.00000000000000000e+00
7.27172106796165440e-04 0.00000000000000000e+00
3.27483322527601399e-03 0.00000000000000000e+00
-1.08790531884792345e-03 0.00000000000000000e+00
2.21662808580948669e-03 0.00000000000000000e+00
3.34224347729101092e-04 0.00000000000000000e+00
-2.56666382053310875e-03 0.00000000000000000e+00
2.56497614975860749e-03 0.00000000000000000e+00
-2.41332774880586177e-03 0.00000000000000000e+00
1.31968748994674219e-03 0.00000000000000000e+00
-9.16905022772338332e-03 0.00000000000000000e+00
1.28333045924581418e-03 0.00000000000000000e+00
-8.63705024319730134e-04 0.00000000000000000e+00
-8.64114085843721742e-03 0.00000000000000000e+00
3.99827950662537835e-03 0.00000000000000000e+00
-7.45701282659123974e-03 0.00000000000000000e+00
-5.58433694224875522e-03 0.00000000000000000e+00
5.60528378279330757e-03 0.00000000000000000e+00
7.18636099252717344e-03 0.00000000000000000e+00
-1.80513951833398477e-03 0.00000000000000000e+00
3.44442734311309123e-03 0.00000000000000000e+00
2.10626009774218153e-03 0.00000000000000000e+00
-4.32537317541006969e-03 0.00000000000000000e+00
4.91013866836397840e-03 0.00000000000000000e+00
7.40336493690761481e-03 0.00000000000000000e+00
-8.02270849702251855e-03 0.00000000000000000e+00
-3.32016788081163777e-03 0.00000000000000000e+00
1.31487988380572641e-05 0.00000000000000000e+00
-1.50266329318229572e-03 0.00000000000000000e+00
-5.00151677089689939e-03 0.00000000000000000e+00
5.55467900527873218e-03 0.00000000000000000e+00
-6.54027001237039718e-03 0.00000000000000000e+00
4.49531238746062826e-03 0.00000000000000000e+00
-3.89062132957632839e-03 0.00000000000000000e+00
8.69215127694913589e-03 0.00000000000000000e+00
-2.41397413509333598e-03 0.00000000000000000e+00
9.48228641457518357e-04 0.00000000000000000e+00
3.96954251698579917e-03 0.00000000000000000e+00
-4.86944663824775623e-03 0.00000000000000000e+00
5.38197561059486091e-03 0.00000000000000000e+00
5.72568566467322043e-03 0.00000000000000000e+00
-6.53423633427246096e-03 0.00000000000000000e+00
-5.64134399378977622e-03 0.00000000000000000e+00
5.08510422201088864e-04 0.00000000000000000e+00
-4.83728745921644353e-03 0.00000000000000000e+00
-5.79395259610126449e-03 0.00000000000000000e+00
8.89627053876844605e-03 0.00000000000000000e+00
-1.02677112467208665e-02 0.00000000000000000e+00
-2.36325058006197795e-03 0.00000000000000000e+00
1.02264060030486811e-03 0.00000000000000000e+00
1.42581151950754489e-02 0.00000000000000000e+00
-5.39080730956401858e-03 0.00000000000000000e+00
4.91468806271552240e-03 0.00000000000000000e+00
1.11112675494036677e-02 0.00000000000000000e+00
-1.42471077520349466e-02 0.00000000000000000e+00
1.55467329802350517e-02 0.00000000000000000e+00
-2.07399864134972980e-04 0.00000000000000000e+00
5.79843796115996394e-04 0.00000000000000000e+00
3.50776352179653448e-03 0.00000000000000000e+00
-4.57963099531673247e-04 0.00000000000000000e+00
3.72384542356170138e-04 0.00000000000000000e+00
4.17782008527036158e-03 0.00000000000000000e+00
-2.51588662768727472e-03 0.00000000000000000e+00
3.86117067520566192e-03 0.00000000000000000e+00
1.36299379851825635e-03 0.00000000000000000e+00
-1.41812586200416217e-03 0.00000000000000000e+00
-2.84367393498919123e-03 0.00000000000000000e+00
7.19516977144004722e-04 0.00000000000000000e+00
-1.39185543810785208e-03 0.00000000000000000e+00
-4.68351910484430243e-04 0.00000000000000000e+00
1.59320965540101639e-03 0.00000000000000000e+00
-1.73753074001995627e-03 0.00000000000000000e+00
7.40863500640165720e-03 0.00000000000000000e+00
-6.50211861028847111e-03 0.00000000000000000e+00
9.35765411055974883e-03 0.00000000000000000e+00
-1.55070940284825903e-03 0.00000000000000000e+00
-2.06311326369014621e-03 0.00000000000000000e+00
9.37797479129724547e-03 0.00000000000000000e+00
-5.00855279245845117e-04 0.00000000000000000e+00
4.60889381017792494e-03 0.00000000000000000e+00
6.88893070049157504e-03 0.00000000000000000e+00
-7.67108652241577701e-03 0.00000000000000000e+00
2.57407600567441017e-04 0.00000000000000000e+00
-1.24291207348331111e-03 0.00000000000000000e+00
-1.95991236073114186e-03 0.00000000000000000e+00
5.35069156733873185e-03 0.00000000000000000e+00
-3.77545732061559426e-03 0.00000000000000000e+00
3.97641249233224824e-03 0.00000000000000000e+00
-1.39578340703991697e-02 0.00000000000000000e+00
1.54754804756814263e-02 0.00000000000000000e+00
1.12819896480581237e-02 0.00000000000000000e+00
-7.80033559347475527e-04 0.00000000000000000e+00
3.72471848029219373e-03 0.00000000000000000e+00
1.64771740558374916e-02 0.00000000000000000e+00
-1.54625167918132651e-02 0.00000000000000000e+00
1.92786313336903541e-02 0.00000000000000000e+00
-5.09298564677111276e-03 0.00000000000000000e+00
4.35865867116080451e-03 0.00000000000000000e+00
-1.95624484755518371e-02 0.00000000000000000e+00
5.62829592607575445e-03 0.00000000000000000e+00
-4.67377667835316979e-03 0.00000000000000000e+00
-7.76679415706623983e-03 0.00000000000000000e+00
1.20178842121145581e-02 0.00000000000000000e+00
-1.30431984252979208e-02 0.00000000000000000e+00
9.30379852988878243e-03 0.00000000000000000e+00
-9.97665267156925932e-03 0.00000000000000000e+00
-4.39181110199853616e-03 0.00000000000000000e+00
2.11129368182993348e-04 0.00000000000000000e+00
-6.00403714835814548e-03 0.00000000000000000e+00
-5.49949395160168487e-03 0.00000000000000000e+00
1.10893331681734299e-02 0.00000000000000000e+00
-1.17806229705147789e-02 0.00000000000000000e+00
-4.11071910688211957e-04 0.00000000000000000e+00
-1.24515814804872921e-03 0.00000000000000000e+00
1.63738450731954199e-02 0.00000000000000000e+00
-6.44300007954465032e-03 0.00000000000000000e+00
5.26463659666832288e-03 0.00000000000000000e+00
1.34496598219041794e-02 0.00000000000000000e+00
-1.70027390747638091e-02 0.00000000000000000e+00
1.84316034349520583e-02 0.00000000000000000e+00
5.44617410263616760e-03 0.00000000000000000e+00
-6.02817956856194995e-03 0.00000000000000000e+00
-5.66520349667143461e-03 0.00000000000000000e+00
5.34650135304523674e-04 0.00000000000000000e+00
-1.62153927974378561e-03 0.00000000000000000e+00
-8.96956785689485142e-03 0.00000000000000000e+00
7.94193137841869672e-03 0.00000000000000000e+00
-9.97955124386533561e-03 0.00000000000000000e+00
8.44290092936241746e-04 0.00000000000000000e+00
-7.64325561215801748e-04 0.00000000000000000e+00
7.62594866759795653e-03 0.00000000000000000e+00
-2.28577984118051841e-03 0.00000000000000000e+00
2.79416650713967428e-03 0.00000000000000000e+00
2.31687541520871542e-03 0.00000000000000000e+00
-5.02580188273019784e-03 0.00000000000000000e+00
5.29916472283273408e-03 0.00000000000000000e+00
-1.76790256494463547e-04 0.00000000000000000e+00
-3.52976013474434183e-03 0.00000000000000000e+00
-2.72013910096313705e-02 0.00000000000000000e+00
3.37115729549635357e-03 0.00000000000000000e+00
-5.61644004398651007e-03 0.00000000000000000e+00
-2.41031997418697380e-02 0.00000000000000000e+00
1.49044771081083688e-02 0.00000000000000000e+00
-2.44458780760055082e-02 0.00000000000000000e+00
-1.27700140661973650e-02 0.00000000000000000e+00
1.25982266642251043e-02 0.00000000000000000e+00
3.15954246144659126e-02 0.00000000000000000e+00
-8.98336095266357576e-03 0.00000000000000000e+00
1.09318535383866617e-02 0.00000000000000000e+00
1.54701872640588649e-02 0.00000000000000000e+00
-2.18053596886594800e-02 0.00000000000000000e+00
2.46302679241116040e-02 0.00000000000000000e+00
7.27999395544207291e-03 0.00000000000000000e+00
-8.84887811642861774e-03 0.00000000000000000e+00
-1.92051046165888847e-02 0.00000000000000000e+00
2.45072033421568549e-03 0.00000000000000000e+00
-3.35583878537631594e-03 0.00000000000000000e+00
-2.88982694875177006e-02 0.00000000000000000e+00
2.16804332026481715e-02 0.00000000000000000e+00
-2.90906116165410324e-02 0.00000000000000000e+00
-5.60585202355971986e-03 0.00000000000000000e+00
5.22457415754385649e-03 0.00000000000000000e+00
1.60668136732128458e-02 0.00000000000000000e+00
-4.76775833400769952e-03 0.00000000000000000e+00
9.70854688324421927e-03 0.00000000000000000e+00
1.62946463383597064e-03 0.00000000000000000e+00
-1.08836293620342330e-02 0.00000000000000000e+00
1.11528111967718110e-02 0.00000000000000000e+00
8.28363318878900536e-04 0.00000000000000000e+00
-4.88740523479629704e-03 0.00000000000000000e+00
-3.08763507023290008e-02 0.00000000000000000e+00
3.90773106365048268e-03 0.00000000000000000e+00
-9.17881225154578914e-03 0.00000000000000000e+00
-2.76969280741220930e-02 0.00000000000000000e+00
2.07028952504280626e-02 0.00000000000000000e+00
-3.11544783152452875e-02 0.00000000000000000e+00
-1.79442502274665648e-02 0.00000000000000000e+00
1.61079412423195643e-02 0.00000000000000000e+00
3.93264060743196767e-02 0.00000000000000000e+00
-1.24729119257367994e-02 0.00000000000000000e+00
1.52710947925083235e-02 0.00000000000000000e+00
2.27508981195354183e-02 0.00000000000000000e+00
-3.19207017599970402e-02 0.00000000000000000e+00
3.55405851555985822e-02 0.00000000000000000e+00
-7.55983082935418084e-03 0.00000000000000000e+00
7.33819714155530337e-03 0.00000000000000000e+00
-1.10478752986141650e-02 0.00000000000000000e+00
2.16470422469221442e-03 0.00000000000000000e+00
1.30056369874745142e-03 0.00000000000000000e+00
-1.74501556450598790e-02 0.00000000000000000e+00
8.05559559345169623e-03 0.00000000000000000e+00
-1.31291784809590192e-02 0.00000000000000000e+00
-1.17640960021472302e-02 0.00000000000000000e+00
1.10453099653531912e-02 0.00000000000000000e+00
-4.40971140722480007e-03 0.00000000000000000e+00
1.58485784974344299e-03 0.00000000000000000e+00
5.73429886243965233e-03 0.00000000000000000e+00
-9.53991198565893109e-03 0.00000000000000000e+00
3.44054283038572979e-03 0.00000000000000000e+00
-4.53932979003877652e-03 0.00000000000000000e+00
1.32566955323530928e-02 0.00000000000000000e+00
-8.68743572919381847e-03 0.00000000000000000e+00
3.65952873079059271e-02 0.00000000000000000e+00
-5.11405874315243921e-03 0.00000000000000000e+00
-1.63962550483410564e-04 0.00000000000000000e+00
3.28668185317293887e-02 0.00000000000000000e+00
-9.70356301148552966e-03 0.00000000000000000e+00
2.39890105698487809e-02 0.00000000000000000e+00
1.98492782001395106e-02 0.00000000000000000e+00
-2.17888898024078785e-02 0.00000000000000000e+00
-2.35545993606297646e-02 0.00000000000000000e+00
4.17232748993134808e-03 0.00000000000000000e+00
-1.02364604518797205e-02 0.00000000000000000e+00
-2.04114568191580449e-03 0.00000000000000000e+00
8.16595621191949610e-03 0.00000000000000000e+00
-1.00518810894227959e-02 0.00000000000000000e+00
-7.56778312771457483e-03 0.00000000000000000e+00
1.03846813008042389e-02 0.00000000000000000e+00
3.56254711510206323e-02 0.00000000000000000e+00
-4.83993098546350777e-03 0.00000000000000000e+00
5.32257710963482053e-03 0.00000000000000000e+00
5.17678464861486623e-02 0.00000000000000000e+00
-3.67429513726773918e-02 0.00000000000000000e+00
5.06571218276772248e-02 0.00000000000000000e+00
1.47515731022679081e-02 0.00000000000000000e+00
-1.37389445123659477e-02 0.00000000000000000e+00
-2.58569041580226471e-02 0.00000000000000000e+00
7.62641254484214791e-03 0.00000000000000000e+00
-1.79739558520269488e-02 0.00000000000000000e+00
-1.06809744626577417e-03 0.00000000000000000e+00
1.78340369691075452e-02 0.00000000000000000e+00
-1.81994176787010666e-02 0.00000000000000000e+00
9.21760985667336753e-03 0.00000000000000000e+00
-7.99808871657371745e-03 0.00000000000000000e+00
9.43676266076419468e-03 0.00000000000000000e+00
-1.51820410784682153e-03 0.00000000000000000e+00
-2.00689720852128455e-03 0.00000000000000000e+00
6.25452921492015024e-03 0.00000000000000000e+00
2.59253738465158295e-03 0.00000000000000000e+00
1.37712359560035165e-03 0.00000000000000000e+00
7.44371448155793387e-03 0.00000000000000000e+00
-8.41025183047357759e-03 0.00000000000000000e+00
-1.52100183590106594e-03 0.00000000000000000e+00
-8.69644628403638191e-04 0.00000000000000000e+00
-1.27391735968203010e-03 0.00000000000000000e+00
2.98450734144843589e-03 0.00000000000000000e+00
-2.83000048621735376e-03 0.00000000000000000e+00
2.55615879513800557e-03 0.00000000000000000e+00
1.58715645553500311e-02 0.00000000000000000e+00
-1.71147280473651422e-02 0.00000000000000000e+00
-4.54275005818543902e-03 0.00000000000000000e+00
-3.68191416486817933e-04 0.00000000000000000e+00
-3.98230434573580011e-03 0.00000000000000000e+00
-5.78611945061357092e-03 0.00000000000000000e+00
9.56428574391196551e-03 0.00000000000000000e+00
-1.04267585833534085e-02 0.00000000000000000e+00
1.00981853715488637e-02 0.00000000000000000e+00
-9.12802250639885814e-03 0.00000000000000000e+00
1.95577571069489066e-02 0.00000000000000000e+00
-5.80199227531493639e-03 0.00000000000000000e+00
1.33755842031194386e-03 0.00000000000000000e+00
1.17675734981380065e-02 0.00000000000000000e+00
-1.24871225096818764e-02 0.00000000000000000e+00
1.39659920615120281e-02 0.00000000000000000e+00
-1.52237183554506132e-03 0.00000000000000000e+00
-1.45785711963874304e-03 0.00000000000000000e+00
-2.18069558963092242e-02 0.00000000000000000e+00
2.73103791355310205e-03 0.00000000000000000e+00
-3.22977485590234112e-03 0.00000000000000000e+00
-1.91802908491968301e-02 0.00000000000000000e+00
1.01319407448057543e-02 0.00000000000000000e+00
-1.79823572459312381e-02 0.00000000000000000e+00
-9.70682491610021236e-03 0.00000000000000000e+00
1.01240053198671312e-02 0.00000000000000000e+00
2.30250662099135070e-02 0.00000000000000000e+00
-6.04236303131763190e-03 0.00000000000000000e+00
7.72567539586703576e-03 0.00000000000000000e+00
9.74549007269666714e-03 0.00000000000000000e+00
-1.41354162344809881e-02 0.00000000000000000e+00
1.61617336399667508e-02 0.00000000000000000e+00
6.06055537894418551e-03 0.00000000000000000e+00
-8.04973489304347187e-03 0.00000000000000000e+00
-2.66986279002303546e-02 0.00000000000000000e+00
3.66905787633407679e-03 0.00000000000000000e+00
-4.34447766935884636e-03 0.00000000000000000e+00
-3.97389051078935948e-02 0.00000000000000000e+00
2.88847088204496859e-02 0.00000000000000000e+00
-3.93163791622111042e-02 0.00000000000000000e+00
-1.16471014497016474e-02 0.00000000000000000e+00
1.05688420332005571e-02 0.00000000000000000e+00
1.91476244809647526e-02 0.00000000000000000e+00
-5.87823223275956135e-03 0.00000000000000000e+00
1.41184556225137058e-02 0.00000000000000000e+00
7.39525765890900930e-04 0.00000000000000000e+00
-1.40211828832249950e-02 0.00000000000000000e+00
1.42055755386547942e-02 0.00000000000000000e+00
-2.46350642906536937e-02 0.00000000000000000e+00
2.17485562004498777e-02 0.00000000000000000e+00
-2.43820901018159918e-02 0.00000000000000000e+00
4.03889042875006307e-03 0.00000000000000000e+00
6.48226730779746102e-03 0.00000000000000000e+00
-1.83738657000785052e-02 0.00000000000000000e+00
-6.28320585012690468e-03 0.00000000000000000e+00
-4.31918880744590079e-03 0.00000000000000000e+00
-1.91997083766331997e-02 0.00000000000000000e+00
2.19529656131062650e-02 0.00000000000000000e+00
-2.30543789476312034e-04 0.00000000000000000e+00
3.76551622903495810e-03 0.00000000000000000e+00
3.00603275831068514e-03 0.00000000000000000e+00
-1.23201723029050039e-02 0.00000000000000000e+00
1.13712104599303140e-02 0.00000000000000000e+00
-1.12874682476747628e-02 0.00000000000000000e+00
-1.38173457979613064e-02 0.00000000000000000e+00
1.29338289948730829e-02 0.00000000000000000e+00
-1.94924338008791755e-02 0.00000000000000000e+00
3.63891232652654127e-03 0.00000000000000000e+00
2.11487564172945256e-03 0.00000000000000000e+00
-2.67251265020578901e-02 0.00000000000000000e+00
1.05710275876969521e-02 0.00000000000000000e+00
-1.92487190148378680e-02 0.00000000000000000e+00
-1.95663480004388095e-02 0.00000000000000000e+00
1.88288083151054650e-02 0.00000000000000000e+00
-4.04009569147312751e-03 0.00000000000000000e+00
2.00208559801758708e-03 0.00000000000000000e+00
8.82984888811729450e-03 0.00000000000000000e+00
-1.30507909272829879e-02 0.00000000000000000e+00
4.42434224328454306e-03 0.00000000000000000e+00
-5.65697145044525163e-03 0.00000000000000000e+00
6.20940611460513332e-03 0.00000000000000000e+00
-6.56650811348942140e-03 0.00000000000000000e+00
7.93524542632196000e-04 0.00000000000000000e+00
-5.04054984148308077e-04 0.00000000000000000e+00
-2.74552752129552952e-03 0.00000000000000000e+00
2.56924446150964434e-03 0.00000000000000000e+00
2.03210827948353346e-03 0.00000000000000000e+00
-1.05486438748164072e-03 0.00000000000000000e+00
3.68633485718618129e-03 0.00000000000000000e+00
-3.92224938991611160e-03 0.00000000000000000e+00
8.90327844141201169e-03 0.00000000000000000e+00
-3.20397155908965902e-03 0.00000000000000000e+00
3.25121075659007101e-04 0.00000000000000000e+00
8.54909324832977928e-03 0.00000000000000000e+00
-7.98718636142700840e-03 0.00000000000000000e+00
8.99122464551879198e-03 0.00000000000000000e+00
-2.37097868105815568e-02 0.00000000000000000e+00
2.51098168083692327e-02 0.00000000000000000e+00
1.92667404720610683e-03 0.00000000000000000e+00
1.25126771428260347e-03 0.00000000000000000e+00
4.33191707382560385e-03 0.00000000000000000e+00
3.09892111610312508e-03 0.00000000000000000e+00
-9.74477059960729940e-03 0.00000000000000000e+00
9.32458485333001810e-03 0.00000000000000000e+00
-1.89203758814461727e-02 0.00000000000000000e+00
1.68311323936163847e-02 0.00000000000000000e+00
-2.41253562946141357e-02 0.00000000000000000e+00
6.81391664118466064e-03 0.00000000000000000e+00
1.09848264305833598e-03 0.00000000000000000e+00
-1.47923627199269409e-02 0.00000000000000000e+00
1.35960168816856315e-02 0.00000000000000000e+00
-1.54163172325339753e-02 0.00000000000000000e+00
7.86520084462397941e-03 0.00000000000000000e+00
-9.30309747925846774e-03 0.00000000000000000e+00
-9.99304692342883015e-03 0.00000000000000000e+00
9.57040532120814356e-04 0.00000000000000000e+00
-6.70072536741053368e-03 0.00000000000000000e+00
-9.98414940377892295e-03 0.00000000000000000e+00
1.29983828049297576e-02 0.00000000000000000e+00
-1.57258959302463072e-02 0.00000000000000000e+00
-3.65586051887337735e-03 0.00000000000000000e+00
2.05654383013109373e-03 0.00000000000000000e+00
2.17406587716474885e-02 0.00000000000000000e+00
-7.82473910319513716e-03 0.00000000000000000e+00
7.22512412577034236e-03 0.00000000000000000e+00
1.57634797998826050e-02 0.00000000000000000e+00
-2.03219921967957226e-02 0.00000000000000000e+00
2.22731249712068598e-02 0.00000000000000000e+00
1.17304163021667279e-04 0.00000000000000000e+00
-5.83464184051225767e-04 0.00000000000000000e+00
-9.03539180789810110e-03 0.00000000000000000e+00
1.39915659659729341e-03 0.00000000000000000e+00
-6.61144671329214452e-04 0.00000000000000000e+00
-1.44359887139841499e-02 0.00000000000000000e+00
9.51485529194145453e-03 0.00000000000000000e+00
-1.32700925183988749e-02 0.00000000000000000e+00
-5.33087027779259592e-03 0.00000000000000000e+00
4.90505681602805901e-03 0.00000000000000000e+00
3.11486824485875807e-03 0.00000000000000000e+00
-9.08801981389945859e-04 0.00000000000000000e+00
4.84252850915881886e-03 0.00000000000000000e+00
-2.73863891990033977e-03 0.00000000000000000e+00
-2.18095067689486055e-03 0.00000000000000000e+00
1.84857619755948960e-03 0.00000000000000000e+00
-1.32670658780763300e-04 0.00000000000000000e+00
-3.30819812492732937e-03 0.00000000000000000e+00
-2.57571553060913713e-02 0.00000000000000000e+00
3.22684068394022685e-03 0.00000000000000000e+00
-5.62915621569253909e-03 0.00000000000000000e+00
-2.32167063487772815e-02 0.00000000000000000e+00
1.48554566828004147e-02 0.00000000000000000e+00
-2.38742126550758570e-02 0.00000000000000000e+00
-1.27406973284669173e-02 0.00000000000000000e+00
1.23148878601763677e-02 0.00000000000000000e+00
2.98923428434155862e-02 0.00000000000000000e+00
-8.68362683834646848e-03 0.00000000000000000e+00
1.08325398137192382e-02 0.00000000000000000e+00
1.48825072735265275e-02 0.00000000000000000e+00
-2.13258477300598444e-02 0.00000000000000000e+00
2.39805961632485534e-02 0.00000000000000000e+00
1.17377013925827247e-02 0.00000000000000000e+00
-1.32351954453590760e-02 0.00000000000000000e+00
-1.44830983368620589e-02 0.00000000000000000e+00
1.44809888759403482e-03 0.00000000000000000e+00
-3.49531261956512402e-03 0.00000000000000000e+00
-2.20851692641929609e-02 0.00000000000000000e+00
1.84863318620374119e-02 0.00000000000000000e+00
-2.37892409995730109e-02 0.00000000000000000e+00
1.14417772167096205e-03 0.00000000000000000e+00
-8.19270376262584980e-04 0.00000000000000000e+00
1.78797322475673301e-02 0.00000000000000000e+00
-5.18140012437437979e-03 0.00000000000000000e+00
6.72164580694202714e-03 0.00000000000000000e+00
4.77248330704490784e-03 0.00000000000000000e+00
-1.12256679188009190e-02 0.00000000000000000e+00
1.18567475440796884e-02 0.00000000000000000e+00
7.53153756558915845e-03 0.00000000000000000e+00
-1.15164031970075766e-02 0.00000000000000000e+00
-2.97812822214679404e-02 0.00000000000000000e+00
3.52321264367712588e-03 0.00000000000000000e+00
-1.25713946347067469e-02 0.00000000000000000e+00
-2.77307463846028016e-02 0.00000000000000000e+00
2.61479751948575090e-02 0.00000000000000000e+00
-3.56008285078952200e-02 0.00000000000000000e+00
-1.61104590984228434e-02 0.00000000000000000e+00
1.31646637246251412e-02 0.00000000000000000e+00
4.62443133167947731e-02 0.00000000000000000e+00
-1.56889526709297483e-02 0.00000000000000000e+00
1.72409369571352063e-02 0.00000000000000000e+00
3.00467031432499442e-02 0.00000000000000000e+00
-4.06609016382676672e-02 0.00000000000000000e+00
4.48857145965043253e-02 0.00000000000000000e+00
-4.30920472237896791e-03 0.00000000000000000e+00
4.28709823116585516e-03 0.00000000000000000e+00
-6.81512521589124065e-03 0.00000000000000000e+00
1.36561542818947903e-03 0.00000000000000000e+00
8.61386369024738185e-04 0.00000000000000000e+00
-1.18415568564414937e-02 0.00000000000000000e+00
5.94754427302071793e-03 0.00000000000000000e+00
-9.14471437380786310e-03 0.00000000000000000e+00
-7.29795696874925483e-03 0.00000000000000000e+00
6.76775836693762137e-03 0.00000000000000000e+00
-3.54004037620674365e-03 0.00000000000000000e+00
1.16451675624651462e-03 0.00000000000000000e+00
3.80246608064974557e-03 0.00000000000000000e+00
-6.83363188809059038e-03 0.00000000000000000e+00
2.56347065763562216e-03 0.00000000000000000e+00
-3.41804067384898725e-03 0.00000000000000000e+00
-6.65015153258815325e-03 0.00000000000000000e+00
5.87665185790265613e-03 0.00000000000000000e+00
-9.33719177999284278e-03 0.00000000000000000e+00
1.59031987687241905e-03 0.00000000000000000e+00
1.15076000746522919e-03 0.00000000000000000e+00
-1.02859894469783039e-02 0.00000000000000000e+00
2.53786325034640074e-03 0.00000000000000000e+00
-6.55588373542489913e-03 0.00000000000000000e+00
-7.93604246800516319e-03 0.00000000000000000e+00
8.12018238414638494e-03 0.00000000000000000e+00
3.93075009024907340e-04 0.00000000000000000e+00
5.94156241399991882e-04 0.00000000000000000e+00
3.09273133410621365e-03 0.00000000000000000e+00
-4.25495127517042018e-03 0.00000000000000000e+00
1.65401159395485659e-03 0.00000000000000000e+00
-1.84180501752596133e-03 0.00000000000000000e+00
2.77420245779031877e-02 0.00000000000000000e+00
-2.97189270846358704e-02 0.00000000000000000e+00
-7.80620555316212817e-03 0.00000000000000000e+00
-6.18121579979042561e-04 0.00000000000000000e+00
-5.67125708536939804e-03 0.00000000000000000e+00
-1.19697390007693517e-02 0.00000000000000000e+00
1.69819494307332647e-02 0.00000000000000000e+00
-1.87397343826929200e-02 0.00000000000000000e+00
1.87317696903055893e-02 0.00000000000000000e+00
-1.65927496313099700e-02 0.00000000000000000e+00
3.08015745425021734e-02 0.00000000000000000e+00
-8.76812703234962354e-03 0.00000000000000000e+00
1.71258337837449487e-03 0.00000000000000000e+00
1.64292591936752372e-02 0.00000000000000000e+00
-1.79028925265282308e-02 0.00000000000000000e+00
1.99446856228119272e-02 0.00000000000000000e+00
-6.69710401688025994e-03 0.00000000000000000e+00
7.12539673207614015e-03 0.00000000000000000e+00
2.31178731101486712e-03 0.00000000000000000e+00
-1.41469208961206018e-05 0.00000000000000000e+00
3.81725720561548786e-03 0.00000000000000000e+00
2.90381089707642502e-03 0.00000000000000000e+00
-6.84105271996441732e-03 0.00000000000000000e+00
7.06436497408732128e-03 0.00000000000000000e+00
-7.68295933387293348e-04 0.00000000000000000e+00
1.69086402637799293e-03 0.00000000000000000e+00
-1.07404828927421293e-02 0.00000000000000000e+00
4.15344323703185653e-03 0.00000000000000000e+00
-2.97541350880249937e-03 0.00000000000000000e+00
-8.85932948441228371e-03 0.00000000000000000e+00
1.08084800956703125e-02 0.00000000000000000e+00
-1.17517925026257887e-02 0.00000000000000000e+00
-1.16777118421830073e-03 0.00000000000000000e+00
1.66363598418374113e-03 0.00000000000000000e+00
8.06325401880092670e-03 0.00000000000000000e+00
-1.17442642606947149e-03 0.00000000000000000e+00
9.55436112824806835e-04 0.00000000000000000e+00
1.26326616785061990e-02 0.00000000000000000e+00
-8.81325841539584709e-03 0.00000000000000000e+00
1.20702762012456239e-02 0.00000000000000000e+00
4.01334300680032327e-03 0.00000000000000000e+00
-3.66413427431928028e-03 0.00000000000000000e+00
-4.26079233079217166e-03 0.00000000000000000e+00
1.29013561598915463e-03 0.00000000000000000e+00
-4.31685730651018822e-03 0.00000000000000000e+00
1.20689196973406657e-03 0.00000000000000000e+00
3.06275307350301106e-03 0.00000000000000000e+00
-2.92101827074817697e-03 0.00000000000000000e+00
2.19399741837529062e-03 0.00000000000000000e+00
-8.88799351129545157e-04 0.00000000000000000e+00
1.09379764647572070e-02 0.00000000000000000e+00
-1.50873173107845247e-03 0.00000000000000000e+00
1.40662173833115342e-03 0.00000000000000000e+00
1.04608939451950236e-02 0.00000000000000000e+00
-5.44229796452172163e-03 0.00000000000000000e+00
9.50776534102692680e-03 0.00000000000000000e+00
6.56117535413414457e-03 0.00000000000000000e+00
-6.45900878746152700e-03 0.00000000000000000e+00
-9.36829174869341190e-03 0.00000000000000000e+00
2.51517221697672997e-03 0.00000000000000000e+00
-4.38183752886452376e-03 0.00000000000000000e+00
-3.28955796045026080e-03 0.00000000000000000e+00
6.14479513504064771e-03 0.00000000000000000e+00
-6.90782010002051559e-03 0.00000000000000000e+00
-1.23124934056121540e-02 0.00000000000000000e+00
1.33341876941247741e-02 0.00000000000000000e+00
5.92229260450408915e-03 0.00000000000000000e+00
-1.00612339623499901e-04 0.00000000000000000e+00
2.70382136657115225e-03 0.00000000000000000e+00
9.08840302094799518e-03 0.00000000000000000e+00
-9.98930290626021122e-03 0.00000000000000000e+00
1.17808679329495149e-02 0.00000000000000000e+00
-6.89146376051034959e-03 0.00000000000000000e+00
6.04145540889995669e-03 0.00000000000000000e+00
-1.46462429315124092e-02 0.00000000000000000e+00
4.16694034017172331e-03 0.00000000000000000e+00
-2.03383400903376548e-03 0.00000000000000000e+00
-6.68333025173744894e-03 0.00000000000000000e+00
8.60036236220762355e-03 0.00000000000000000e+00
-9.44132679611511816e-03 0.00000000000000000e+00
-1.37877257790781742e-03 0.00000000000000000e+00
2.65290499942725556e-03 0.00000000000000000e+00
9.74411170321145235e-03 0.00000000000000000e+00
-1.20385944658914679e-03 0.00000000000000000e+00
3.67004467386092227e-03 0.00000000000000000e+00
8.97579944135649434e-03 0.00000000000000000e+00
-7.80795039004858384e-03 0.00000000000000000e+00
1.09856944327218625e-02 0.00000000000000000e+00
5.74486365795018328e-03 0.00000000000000000e+00
-4.85846878272505611e-03 0.00000000000000000e+00
-1.38905442758913891e-02 0.00000000000000000e+00
4.65338989469967369e-03 0.00000000000000000e+00
-5.43071663143846438e-03 0.00000000000000000e+00
-8.75275195225015852e-03 0.00000000000000000e+00
1.20906543828816979e-02 0.00000000000000000e+00
-1.33666386405524047e-02 0.00000000000000000e+00
1.30059922398262861e-03 0.00000000000000000e+00
-1.43624886328323634e-03 0.00000000000000000e+00
-2.90791521347720625e-04 0.00000000000000000e+00
-5.48666474666349122e-05 0.00000000000000000e+00
-4.82882641569762773e-04 0.00000000000000000e+00
2.45736577978072554e-05 0.00000000000000000e+00
5.45718044760593068e-04 0.00000000000000000e+00
-5.37698600216795293e-04 0.00000000000000000e+00
8.02143724900584499e-04 0.00000000000000000e+00
-7.54693472770631528e-04 0.00000000000000000e+00
2.10180289569955169e-03 0.00000000000000000e+00
-6.58671492527216490e-04 0.00000000000000000e+00
9.40397428247864351e-05 0.00000000000000000e+00
1.61328736485379315e-03 0.00000000000000000e+00
-1.52834443194569650e-03 0.00000000000000000e+00
1.74090317216503638e-03 0.00000000000000000e+00
-1.06972590181441726e-02 0.00000000000000000e+00
9.78488979727920594e-03 0.00000000000000000e+00
-1.05823818537392322e-02 0.00000000000000000e+00
1.87940789419193972e-03 0.00000000000000000e+00
3.43186494201938412e-03 0.00000000000000000e+00
-1.08457869335844316e-02 0.00000000000000000e+00
-7.95390433694476043e-04 0.00000000000000000e+00
-4.08255706147646249e-03 0.00000000000000000e+00
-8.78447806810690734e-03 0.00000000000000000e+00
9.84953531886337275e-03 0.00000000000000000e+00
-3.53293854117488161e-03 0.00000000000000000e+00
2.62858331689399009e-03 0.00000000000000000e+00
1.78198991916283752e-03 0.00000000000000000e+00
-9.03079183446210167e-03 0.00000000000000000e+00
7.38461261084893874e-03 0.00000000000000000e+00
-7.93960605258620632e-03 0.00000000000000000e+00
1.62149292176300176e-02 0.00000000000000000e+00
-1.77527920944967263e-02 0.00000000000000000e+00
-8.89063230773558602e-03 0.00000000000000000e+00
2.45854375105035189e-04 0.00000000000000000e+00
-3.68494389044717475e-03 0.00000000000000000e+00
-1.26544646204125120e-02 0.00000000000000000e+00
1.33655465688967690e-02 0.00000000000000000e+00
-1.61045970951008768e-02 0.00000000000000000e+00
8.87037996798683247e-03 0.00000000000000000e+00
-7.64001061513087682e-03 0.00000000000000000e+00
2.07264245273200316e-02 0.00000000000000000e+00
-5.81857662541403892e-03 0.00000000000000000e+00
2.89436580293963523e-03 0.00000000000000000e+00
9.48751635296832090e-03 0.00000000000000000e+00
-1.20244415942260419e-02 0.00000000000000000e+00
1.32810607783028101e-02 0.00000000000000000e+00
-7.25460784659730023e-04 0.00000000000000000e+00
2.33206187674798613e-03 0.00000000000000000e+00
1.24784661648166696e-02 0.00000000000000000e+00
-1.57127527379213156e-03 0.00000000000000000e+00
3.53016897918104677e-03 0.00000000000000000e+00
1.17251358260135347e-02 0.00000000000000000e+00
-8.69303800427644220e-03 0.00000000000000000e+00
1.29649246189186343e-02 0.00000000000000000e+00
6.79086167085050669e-03 0.00000000000000000e+00
-6.14674770249197880e-03 0.00000000000000000e+00
-1.55031138336033294e-02 0.00000000000000000e+00
4.86123698293775431e-03 0.00000000000000000e+00
-6.08006543959619967e-03 0.00000000000000000e+00
-8.52008361395082542e-03 0.00000000000000000e+00
1.23233030580029816e-02 0.00000000000000000e+00
-1.36870039677548083e-02 0.00000000000000000e+00
-2.98536395819675934e-03 0.00000000000000000e+00
4.23916296687651233e-03 0.00000000000000000e+00
1.53575535334494716e-02 0.00000000000000000e+00
-2.06648130077166604e-03 0.00000000000000000e+00
1.61893551175856841e-03 0.00000000000000000e+00
2.22022719724632271e-02 0.00000000000000000e+00
-1.48995393587207491e-02 0.00000000000000000e+00
2.09851913913553928e-02 0.00000000000000000e+00
5.54633655078474314e-03 0.00000000000000000e+00
-5.50513562819786480e-03 0.00000000000000000e+00
-1.03230843899785561e-02 0.00000000000000000e+00
2.74178970661054493e-03 0.00000000000000000e+00
-7.05319439968130849e-03 0.00000000000000000e+00
7.64959712227859432e-04 0.00000000000000000e+00
5.97298550571465515e-03 0.00000000000000000e+00
-6.03568021446163235e-03 0.00000000000000000e+00
-2.77015779782593865e-03 0.00000000000000000e+00
7.42373914775457545e-03 0.00000000000000000e+00
3.35269352194094636e-02 0.00000000000000000e+00
-4.01999133607028932e-03 0.00000000000000000e+00
8.40832188273005036e-03 0.00000000000000000e+00
2.98217918061218432e-02 0.00000000000000000e+00
-2.06035651824108060e-02 0.00000000000000000e+00
3.20834742849118240e-02 0.00000000000000000e+00
1.47800211346231902e-02 0.00000000000000000e+00
-1.42137679400819172e-02 0.00000000000000000e+00
-4.27840554588704708e-02 0.00000000000000000e+00
1.26275625528969922e-02 0.00000000000000000e+00
-1.42773637498535329e-02 0.00000000000000000e+00
-2.26607829064257200e-02 0.00000000000000000e+00
3.09415349266724017e-02 0.00000000000000000e+00
-3.47821344596388540e-02 0.00000000000000000e+00
-1.53138303443052896e-02 0.00000000000000000e+00
1.79500672990728846e-02 0.00000000000000000e+00
3.07448906333748183e-02 0.00000000000000000e+00
-3.72367258069979676e-03 0.00000000000000000e+00
6.33654068468885844e-03 0.00000000000000000e+00
4.66865908489537962e-02 0.00000000000000000e+00
-3.66690646255240643e-02 0.00000000000000000e+00
4.83296803281048626e-02 0.00000000000000000e+00
6.58560944651681753e-03 0.00000000000000000e+00
-6.03318058959764064e-03 0.00000000000000000e+00
-2.92675129075896413e-02 0.00000000000000000e+00
8.82565120251096666e-03 0.00000000000000000e+00
-1.57211599053573327e-02 0.00000000000000000e+00
-5.18895290483122312e-03 0.00000000000000000e+00
2.01277712024659911e-02 0.00000000000000000e+00
-2.08253459155728002e-02 0.00000000000000000e+00
1.66893359844312028e-02 0.00000000000000000e+00
-1.05979728262640665e-02 0.00000000000000000e+00
4.83797606900239832e-02 0.00000000000000000e+00
-6.81707281400781642e-03 0.00000000000000000e+00
4.56307042153029398e-03 0.00000000000000000e+00
4.12534551319647461e-02 0.00000000000000000e+00
-1.65982062532492834e-02 0.00000000000000000e+00
3.46755954664179494e-02 0.00000000000000000e+00
3.17801997665138128e-02 0.00000000000000000e+00
-3.18639017035370481e-02 0.00000000000000000e+00
-3.89801641213722849e-02 0.00000000000000000e+00
9.75745027385611398e-03 0.00000000000000000e+00
-1.75682140387697777e-02 0.00000000000000000e+00
-1.37051788507494710e-02 0.00000000000000000e+00
2.37607352367815092e-02 0.00000000000000000e+00
-2.73912761201882821e-02 0.00000000000000000e+00
1.35113111586369159e-02 0.00000000000000000e+00
-1.21818394053952624e-02 0.00000000000000000e+00
2.78439372056098963e-02 0.00000000000000000e+00
-4.91022947249896650e-03 0.00000000000000000e+00
-1.76873275789295029e-03 0.00000000000000000e+00
4.01868276109940831e-02 0.00000000000000000e+00
-1.91861286090260937e-02 0.00000000000000000e+00
3.13705507430505834e-02 0.00000000000000000e+00
2.39100351903055244e-02 0.00000000000000000e+00
-2.29665501614119867e-02 0.00000000000000000e+00
1.39168858911321641e-03 0.00000000000000000e+00
-1.35969192580267509e-03 0.00000000000000000e+00
-1.30121896003963806e-02 0.00000000000000000e+00
1.61059836076924215e-02 0.00000000000000000e+00
-3.09521302314789840e-03 0.00000000000000000e+00
4.68488745986770250e-03 0.00000000000000000e+00
-2.02764493371575521e-03 0.00000000000000000e+00
1.41158903010054986e-03 0.00000000000000000e+00
-5.24789149961727222e-03 0.00000000000000000e+00
7.55923797854836810e-04 0.00000000000000000e+00
6.13336036581466244e-06 0.00000000000000000e+00
-4.94025365344390611e-03 0.00000000000000000e+00
1.60910685083376576e-03 0.00000000000000000e+00
-3.67437460489363236e-03 0.00000000000000000e+00
-3.12945357848825288e-03 0.00000000000000000e+00
3.32905900933766182e-03 0.00000000000000000e+00
3.07523822059319833e-03 0.00000000000000000e+00
-5.53800174358650907e-04 0.00000000000000000e+00
1.61246960802560236e-03 0.00000000000000000e+00
8.25364377200695382e-05 0.00000000000000000e+00
-1.13404666188358775e-03 0.00000000000000000e+00
1.36081195529600459e-03 0.00000000000000000e+00
4.41865294826924732e-03 0.00000000000000000e+00
-4.98406900900069758e-03 0.00000000000000000e+00
-5.00517031725913279e-03 0.00000000000000000e+00
4.66437057490252406e-04 0.00000000000000000e+00
-1.33480894387855652e-03 0.00000000000000000e+00
-7.38969818999147231e-03 0.00000000000000000e+00
6.35365051355734137e-03 0.00000000000000000e+00
-8.14379320422652618e-03 0.00000000000000000e+00
7.23223602370037691e-04 0.00000000000000000e+00
-5.73154896107287205e-04 0.00000000000000000e+00
6.83907615039429633e-03 0.00000000000000000e+00
-1.98381449165972419e-03 0.00000000000000000e+00
2.26129629888874913e-03 0.00000000000000000e+00
2.21509642137498021e-03 0.00000000000000000e+00
-4.31394324895138966e-03 0.00000000000000000e+00
4.61250656238741501e-03 0.00000000000000000e+00
-2.17842102524230070e-03 0.00000000000000000e+00
2.00791854035404799e-03 0.00000000000000000e+00
-1.48722738227341175e-03 0.00000000000000000e+00
2.72821883982455617e-04 0.00000000000000000e+00
6.69949681301352878e-04 0.00000000000000000e+00
-9.61580696524705716e-04 0.00000000000000000e+00
-9.38725463524418564e-04 0.00000000000000000e+00
2.45962280346886833e-04 0.00000000000000000e+00
-1.41926963897791086e-03 0.00000000000000000e+00
1.65252832950055738e-03 0.00000000000000000e+00
-6.89369925555455201e-04 0.00000000000000000e+00
5.09862768534158871e-04 0.00000000000000000e+00
1.47101491839970139e-05 0.00000000000000000e+00
-1.33291506609701030e-03 0.00000000000000000e+00
1.41572972165638039e-03 0.00000000000000000e+00
-1.45943009935858414e-03 0.00000000000000000e+00
-1.92424638314524655e-03 0.00000000000000000e+00
2.07794139004842610e-03 0.00000000000000000e+00
9.20790062269951021e-04 0.00000000000000000e+00
-2.03121665001616581e-05 0.00000000000000000e+00
5.36719550571937930e-04 0.00000000000000000e+00
1.39895197282322026e-03 0.00000000000000000e+00
-1.67974953471141091e-03 0.00000000000000000e+00
1.94174160611759565e-03 0.00000000000000000e+00
-9.05385061043814405e-04 0.00000000000000000e+00
8.42720733159273453e-04 0.00000000000000000e+00
-2.41972637557082105e-03 0.00000000000000000e+00
7.41782980077378921e-04 0.00000000000000000e+00
-4.32961576450887123e-04 0.00000000000000000e+00
-1.26753244626040909e-03 0.00000000000000000e+00
1.63832266026628305e-03 0.00000000000000000e+00
-1.78935677062864529e-03 0.00000000000000000e+00
7.01359698879011986e-04 0.00000000000000000e+00
-4.00106338947645241e-04 0.00000000000000000e+00
2.45817219922934635e-03 0.00000000000000000e+00
-3.40717553121238682e-04 0.00000000000000000e+00
1.29691257911074850e-04 0.00000000000000000e+00
2.27678589732628871e-03 0.00000000000000000e+00
-9.06630847009613121e-04 0.00000000000000000e+00
1.84639868158730674e-03 0.00000000000000000e+00
1.37723806004064566e-03 0.00000000000000000e+00
-1.44400134220019905e-03 0.00000000000000000e+00
-1.81454518779859903e-03 0.00000000000000000e+00
4.04052876499889284e-04 0.00000000000000000e+00
-8.13255393944612858e-04 0.00000000000000000e+00
-3.95380425212735816e-04 0.00000000000000000e+00
9.06254538123502248e-04 0.00000000000000000e+00
-1.05183095305960359e-03 0.00000000000000000e+00
-1.79126227568207879e-03 0.00000000000000000e+00
2.03899840565622886e-03 0.00000000000000000e+00
2.35540446774989759e-03 0.00000000000000000e+00
-2.39495995517291971e-04 0.00000000000000000e+00
5.80358608957970857e-04 0.00000000000000000e+00
3.49481317194002888e-03 0.00000000000000000e+00
-2.91630022621722478e-03 0.00000000000000000e+00
3.77430577751864229e-03 0.00000000000000000e+00
-8.26122471550106650e-05 0.00000000000000000e+00
4.37481722512473049e-05 0.00000000000000000e+00
-2.91934418901455741e-03 0.00000000000000000e+00
8.52382140834092921e-04 0.00000000000000000e+00
-1.10047344168810713e-03 0.00000000000000000e+00
-8.45615850455141830e-04 0.00000000000000000e+00
1.87311856883277863e-03 0.00000000000000000e+00
-1.98805462077861293e-03 0.00000000000000000e+00
1.67438859563637590e-03 0.00000000000000000e+00
-1.47468078048916605e-03 0.00000000000000000e+00
1.68984344684421843e-03 0.00000000000000000e+00
-2.79716144595625678e-04 0.00000000000000000e+00
-4.01567463750244829e-04 0.00000000000000000e+00
1.26980557901935822e-03 0.00000000000000000e+00
3.77934077844221592e-04 0.00000000000000000e+00
3.49297344173985142e-04 0.00000000000000000e+00
1.36725336151099011e-03 0.00000000000000000e+00
-1.53505735389884300e-03 0.00000000000000000e+00
-6.40808561935416122e-05 0.00000000000000000e+00
-2.18551063966973606e-04 0.00000000000000000e+00
-2.48947591163707898e-04 0.00000000000000000e+00
7.52395763440951186e-04 0.00000000000000000e+00
-6.61958382925117647e-04 0.00000000000000000e+00
6.46630872574011236e-04 0.00000000000000000e+00
1.06950004405147680e-03 0.00000000000000000e+00
-1.06621117853718445e-03 0.00000000000000000e+00
6.35368398831366566e-04 0.00000000000000000e+00
-1.54294515617735191e-04 0.00000000000000000e+00
-2.28165857557077739e-04 0.00000000000000000e+00
8.30961049324591030e-04 0.00000000000000000e+00
-4.66618682880927922e-05 0.00000000000000000e+00
3.65379387693610708e-04 0.00000000000000000e+00
1.06375624002410943e-03 0.00000000000000000e+00
-1.02163913674354723e-03 0.00000000000000000e+00
7.58264310639787469e-04 0.00000000000000000e+00
-2.69736096493485965e-04 0.00000000000000000e+00
-2.74315381391578223e-04 0.00000000000000000e+00
8.82952495038719434e-04 0.00000000000000000e+00
-6.01707503225937094e-04 0.00000000000000000e+00
6.91827505553613406e-04 0.00000000000000000e+00
-6.47829356491872962e-04 0.00000000000000000e+00
7.32954787867239510e-04 0.00000000000000000e+00
3.03293309439596557e-04 0.00000000000000000e+00
2.69873413276047320e-06 0.00000000000000000e+00
3.73179787274060409e-04 0.00000000000000000e+00
1.07871272313609377e-04 0.00000000000000000e+00
-4.63773585451131808e-04 0.00000000000000000e+00
4.98490875633483019e-04 0.00000000000000000e+00
-1.78270310473798159e-04 0.00000000000000000e+00
2.15451213289813323e-04 0.00000000000000000e+00
-1.35400037333226501e-03 0.00000000000000000e+00
4.61583576697293003e-04 0.00000000000000000e+00
-2.09364389973297032e-04 0.00000000000000000e+00
-1.09524483080117307e-03 0.00000000000000000e+00
1.15082441433637266e-03 0.00000000000000000e+00
-1.29093958681690806e-03 0.00000000000000000e+00
1.79778715397713087e-03 0.00000000000000000e+00
-1.88175750247920859e-03 0.00000000000000000e+00
2.56668356726511059e-04 0.00000000000000000e+00
-1.57463662266150685e-04 0.00000000000000000e+00
-2.76036504974959916e-04 0.00000000000000000e+00
3.84107926231225033e-04 0.00000000000000000e+00
3.10874936458904283e-04 0.00000000000000000e+00
-1.16058885692493270e-04 0.00000000000000000e+00
1.70237436274209525e-03 0.00000000000000000e+00
-1.51371827566921494e-03 0.00000000000000000e+00
1.64691076771545752e-03 0.00000000000000000e+00
-4.54671341969668916e-04 0.00000000000000000e+00
-3.15630597088130253e-04 0.00000000000000000e+00
1.18170836643359555e-03 0.00000000000000000e+00
-8.68300136862771893e-04 0.00000000000000000e+00
1.01379945415562382e-03 0.00000000000000000e+00
-2.59957610082845467e-04 0.00000000000000000e+00
4.74579642327254791e-04 0.00000000000000000e+00
1.60718435346085108e-03 0.00000000000000000e+00
-1.94191435246641786e-04 0.00000000000000000e+00
5.62753140847270083e-04 0.00000000000000000e+00
1.48243799921641650e-03 0.00000000000000000e+00
-1.24251645363079150e-03 0.00000000000000000e+00
1.77149255220801971e-03 0.00000000000000000e+00
8.44339115228248107e-04 0.00000000000000000e+00
-7.31673950267701509e-04 0.00000000000000000e+00
-2.27042051959206685e-03 0.00000000000000000e+00
7.38547680418872058e-04 0.00000000000000000e+00
-8.41546716445965579e-04 0.00000000000000000e+00
-1.37421691800968036e-03 0.00000000000000000e+00
1.88840499622960401e-03 0.00000000000000000e+00
-2.09382072895730091e-03 0.00000000000000000e+00
1.60080879496600031e-04 0.00000000000000000e+00
-8.95759694718094128e-05 0.00000000000000000e+00
1.26620409510709423e-03 0.00000000000000000e+00
-2.00831043857125778e-04 0.00000000000000000e+00
3.97082808780603258e-05 0.00000000000000000e+00
1.92102735232148065e-03 0.00000000000000000e+00
-1.15487026195695451e-03 0.00000000000000000e+00
1.68640577211865220e-03 0.00000000000000000e+00
8.11666465151339380e-04 0.00000000000000000e+00
-7.68213608395775611e-04 0.00000000000000000e+00
-3.37833233321930572e-04 0.00000000000000000e+00
7.93548674960512841e-05 0.00000000000000000e+00
-6.30647114618470769e-04 0.00000000000000000e+00
4.47557030721989634e-04 0.00000000000000000e+00
1.83731082522525021e-04 0.00000000000000000e+00
-1.37482265568182648e-04 0.00000000000000000e+00
-2.47192895771716000e-04 0.00000000000000000e+00
6.85457316692815195e-04 0.00000000000000000e+00
3.17970717801489573e-03 0.00000000000000000e+00
-3.83722861493818526e-04 0.00000000000000000e+00
8.17496678197398002e-04 0.00000000000000000e+00
2.83476206040543001e-03 0.00000000000000000e+00
-1.98219354778246927e-03 0.00000000000000000e+00
3.06919707514078646e-03 0.00000000000000000e+00
1.45423568721302857e-03 0.00000000000000000e+00
-1.38334823491078696e-03 0.00000000000000000e+00
-4.06010833995593470e-03 0.00000000000000000e+00
1.20991199458716039e-03 0.00000000000000000e+00
-1.38258441233738371e-03 0.00000000000000000e+00
-2.17523836973733051e-03 0.00000000000000000e+00
2.98204182173232536e-03 0.00000000000000000e+00
-3.34737658693032422e-03 0.00000000000000000e+00
-1.31999495760542649e-03 0.00000000000000000e+00
1.52052017215068458e-03 0.00000000000000000e+00
2.21633390463822372e-03 0.00000000000000000e+00
-2.54414897846630438e-04 0.00000000000000000e+00
4.75816983743960857e-04 0.00000000000000000e+00
3.38563960996742831e-03 0.00000000000000000e+00
-2.70965631211212386e-03 0.00000000000000000e+00
3.54286950000376336e-03 0.00000000000000000e+00
2.71247372711086129e-04 0.00000000000000000e+00
-2.59905494514739107e-04 0.00000000000000000e+00
-2.28449473571971668e-03 0.00000000000000000e+00
6.78186143509083958e-04 0.00000000000000000e+00
-1.10111480181813038e-03 0.00000000000000000e+00
-4.61541731551070959e-04 0.00000000000000000e+00
1.51589611873300788e-03 0.00000000000000000e+00
-1.57710619879908786e-03 0.00000000000000000e+00
-2.17324859947157823e-05 0.00000000000000000e+00
5.88723511620099890e-04 0.00000000000000000e+00
4.34503378693987686e-03 0.00000000000000000e+00
-5.54665317438609554e-04 0.00000000000000000e+00
1.23699931635197209e-03 0.00000000000000000e+00
3.90887676793169429e-03 0.00000000000000000e+00
-2.84741634696821563e-03 0.00000000000000000e+00
4.32907151307534641e-03 0.00000000000000000e+00
2.55109212997378610e-03 0.00000000000000000e+00
-2.30603050193918004e-03 0.00000000000000000e+00
-5.38990358565736346e-03 0.00000000000000000e+00
1.69736149312102761e-03 0.00000000000000000e+00
-2.12131580357186869e-03 0.00000000000000000e+00
-3.06055357989788116e-03 0.00000000000000000e+00
4.33935571182356671e-03 0.00000000000000000e+00
-4.83362343144560450e-03 0.00000000000000000e+00
8.15794214820848070e-04 0.00000000000000000e+00
-7.48931859215423192e-04 0.00000000000000000e+00
1.78599732088136043e-03 0.00000000000000000e+00
-3.20313091013724465e-04 0.00000000000000000e+00
-1.14249110143901483e-04 0.00000000000000000e+00
2.74333644893475816e-03 0.00000000000000000e+00
-1.39048390326145985e-03 0.00000000000000000e+00
2.18144473742509348e-03 0.00000000000000000e+00
1.55717515229257053e-03 0.00000000000000000e+00
-1.47728612605221897e-03 0.00000000000000000e+00
2.09632462841739207e-04 0.00000000000000000e+00
-1.10057045091451725e-04 0.00000000000000000e+00
-8.85355749362046586e-04 0.00000000000000000e+00
1.16503628805123167e-03 0.00000000000000000e+00
-2.45729273000324744e-04 0.00000000000000000e+00
3.73824701680372041e-04 0.00000000000000000e+00
2.47483145047041990e-03 0.00000000000000000e+00
-2.12531957697083707e-03 0.00000000000000000e+00
4.25365335235927330e-03 0.00000000000000000e+00
-7.08992291110918768e-04 0.00000000000000000e+00
-1.74030790224748632e-04 0.00000000000000000e+00
4.81347185704719162e-03 0.00000000000000000e+00
-1.75892884597374168e-03 0.00000000000000000e+00
3.53457931137641460e-03 0.00000000000000000e+00
3.60793127589866458e-03 0.00000000000000000e+00
-3.55907864238236586e-03 0.00000000000000000e+00
-8.67374424895159279e-04 0.00000000000000000e+00
5.70523413145947669e-05 0.00000000000000000e+00
-1.68043391583435698e-03 0.00000000000000000e+00
1.22915674629041523e-03 0.00000000000000000e+00
1.58882464677317025e-04 0.00000000000000000e+00
-1.32496093184053640e-04 0.00000000000000000e+00
-1.52282273180921954e-02 0.00000000000000000e+00
1.62771557681256306e-02 0.00000000000000000e+00
4.02179781842730913e-03 0.00000000000000000e+00
3.70062554825784649e-04 0.00000000000000000e+00
3.11893514553326619e-03 0.00000000000000000e+00
6.31062276277458752e-03 0.00000000000000000e+00
-9.22507191315512405e-03 0.00000000000000000e+00
1.00876703505849152e-02 0.00000000000000000e+00
-1.03219794104081053e-02 0.00000000000000000e+00
9.18010996004921601e-03 0.00000000000000000e+00
-1.66898778164957205e-02 0.00000000000000000e+00
4.77778517862192248e-03 0.00000000000000000e+00
-8.88962104415849642e-04 0.00000000000000000e+00
-9.00234693120566774e-03 0.00000000000000000e+00
9.77869625422034781e-03 0.00000000000000000e+00
-1.08852696836248021e-02 0.00000000000000000e+00
5.29039626983546663e-03 0.00000000000000000e+00
-5.27170898779258379e-03 0.00000000000000000e+00
9.00311732216175923e-04 0.00000000000000000e+00
-3.33562363674961919e-04 0.00000000000000000e+00
-2.38119077474300590e-03 0.00000000000000000e+00
2.09506567993209333e-04 0.00000000000000000e+00
3.74169547138235650e-03 0.00000000000000000e+00
-2.96563733601595131e-03 0.00000000000000000e+00
2.02321953588955813e-03 0.00000000000000000e+00
-2.67687515128857238e-03 0.00000000000000000e+00
5.31143282137909543e-03 0.00000000000000000e+00
-2.33743881133252835e-03 0.00000000000000000e+00
1.14814603094960926e-03 0.00000000000000000e+00
5.38790932634269394e-03 0.00000000000000000e+00
-6.19390598090040646e-03 0.00000000000000000e+00
6.65978464829476875e-03 0.00000000000000000e+00
6.61467716972832776e-04 0.00000000000000000e+00
-7.35326261778805894e-04 0.00000000000000000e+00
-2.01554925049697835e-03 0.00000000000000000e+00
3.01336808013254046e-04 0.00000000000000000e+00
-4.00072927718977446e-04 0.00000000000000000e+00
-3.64346481205456325e-03 0.00000000000000000e+00
2.89085667095180261e-03 0.00000000000000000e+00
-3.70524600266519720e-03 0.00000000000000000e+00
-1.08269146292306055e-03 0.00000000000000000e+00
8.79540536125698684e-04 0.00000000000000000e+00
1.06016469219349582e-03 0.00000000000000000e+00
-4.13487409431831572e-04 0.00000000000000000e+00
1.34198289958511498e-03 0.00000000000000000e+00
-3.17990238072367358e-04 0.00000000000000000e+00
-1.06547945573106512e-03 0.00000000000000000e+00
9.89738427389352197e-04 0.00000000000000000e+00
-2.05998768947175453e-03 0.00000000000000000e+00
1.87079983017387976e-03 0.00000000000000000e+00
-2.38744355847996014e-03 0.00000000000000000e+00
4.24130058848284095e-04 0.00000000000000000e+00
3.91598136467491387e-04 0.00000000000000000e+00
-2.56590394763189008e-03 0.00000000000000000e+00
4.30446347002511813e-04 0.00000000000000000e+00
-1.47737709277510334e-03 0.00000000000000000e+00
-2.24869684497969353e-03 0.00000000000000000e+00
2.29560289028969255e-03 0.00000000000000000e+00
-2.27177822303250459e-04 0.00000000000000000e+00
2.66606505295432844e-04 0.00000000000000000e+00
7.61722076041726243e-04 0.00000000000000000e+00
-1.32604964944387947e-03 0.00000000000000000e+00
6.89406288626464138e-04 0.00000000000000000e+00
-7.59499302224597630e-04 0.00000000000000000e+00
4.89176894435116704e-03 0.00000000000000000e+00
-5.09118385898348156e-03 0.00000000000000000e+00
1.29004465768691335e-03 0.00000000000000000e+00
-5.24277776744947193e-04 0.00000000000000000e+00
-5.74701441786909300e-04 0.00000000000000000e+00
1.93221080566687757e-03 0.00000000000000000e+00
1.20307300661545802e-04 0.00000000000000000e+00
6.34936485364717825e-04 0.00000000000000000e+00
5.17174555757532635e-03 0.00000000000000000e+00
-4.55474886828645658e-03 0.00000000000000000e+00
4.08796325240629466e-03 0.00000000000000000e+00
-1.06513238022187123e-03 0.00000000000000000e+00
-1.29820176549554013e-03 0.00000000000000000e+00
3.10221945908818048e-03 0.00000000000000000e+00
-1.86455733531018801e-03 0.00000000000000000e+00
2.25267698258563341e-03 0.00000000000000000e+00
5.34576922679487910e-03 0.00000000000000000e+00
-5.21483020736494308e-03 0.00000000000000000e+00
1.49267531972215321e-03 0.00000000000000000e+00
-3.87992201363833412e-04 0.00000000000000000e+00
-2.59694068067410069e-03 0.00000000000000000e+00
6.29018397841137815e-04 0.00000000000000000e+00
3.92587078490175701e-03 0.00000000000000000e+00
-2.90243620812121687e-03 0.00000000000000000e+00
1.77133310777158868e-03 0.00000000000000000e+00
-2.64578952371537527e-03 0.00000000000000000e+00
4.91794316487612331e-03 0.00000000000000000e+00
-2.39357063707430632e-03 0.00000000000000000e+00
1.30126774051561047e-03 0.00000000000000000e+00
5.59502859848157348e-03 0.00000000000000000e+00
-6.55445604042370188e-03 0.00000000000000000e+00
6.99399296082486247e-03 0.00000000000000000e+00
1.52669475606939014e-03 0.00000000000000000e+00
-1.13875359899275703e-03 0.00000000000000000e+00
5.58567251194231305e-03 0.00000000000000000e+00
-8.88472339760560466e-04 0.00000000000000000e+00
3.79982648823250086e-05 0.00000000000000000e+00
7.54530724894304262e-03 0.00000000000000000e+00
-3.96836104338825057e-03 0.00000000000000000e+00
6.29408414474881724e-03 0.00000000000000000e+00
3.82783209210779511e-03 0.00000000000000000e+00
-3.72535819978875435e-03 0.00000000000000000e+00
-1.58597366359062783e-03 0.00000000000000000e+00
2.92169378079200760e-04 0.00000000000000000e+00
-2.49538950999865852e-03 0.00000000000000000e+00
1.66785277637002084e-03 0.00000000000000000e+00
6.59087203093520015e-04 0.00000000000000000e+00
-5.51813269141359004e-04 0.00000000000000000e+00
1.76033821074092077e-03 0.00000000000000000e+00
-1.56478260631602931e-03 0.00000000000000000e+00
1.87404489330576449e-03 0.00000000000000000e+00
-3.12015562431891655e-04 0.00000000000000000e+00
-6.29813146426700093e-04 0.00000000000000000e+00
1.73887064021758923e-03 0.00000000000000000e+00
3.20986064604461801e-04 0.00000000000000000e+00
5.29578404965358506e-04 0.00000000000000000e+00
1.27925457246867713e-03 0.00000000000000000e+00
-1.54269864162542999e-03 0.00000000000000000e+00
3.65804412065830144e-04 0.00000000000000000e+00
-4.31621915320763228e-04 0.00000000000000000e+00
-1.81871507466922007e-04 0.00000000000000000e+00
1.43535427047402188e-03 0.00000000000000000e+00
-1.29545806936559441e-03 0.00000000000000000e+00
1.35829944562615283e-03 0.00000000000000000e+00
-4.55701506468735094e-04 0.00000000000000000e+00
6.55513367394052610e-04 0.00000000000000000e+00
2.38433233022700098e-03 0.00000000000000000e+00
-3.21268893444078311e-04 0.00000000000000000e+00
3.45545676862396805e-04 0.00000000000000000e+00
3.35898123416122213e-03 0.00000000000000000e+00
-2.34164950919626101e-03 0.00000000000000000e+00
3.26889574127363618e-03 0.00000000000000000e+00
9.75228147451051119e-04 0.00000000000000000e+00
-9.23195327479170110e-04 0.00000000000000000e+00
-1.78100937629111162e-03 0.00000000000000000e+00
5.13743511461777977e-04 0.00000000000000000e+00
-1.16368941439645539e-03 0.00000000000000000e+00
-1.29317440149542920e-04 0.00000000000000000e+00
1.19340526691798145e-03 0.00000000000000000e+00
-1.23188404598053138e-03 0.00000000000000000e+00
1.18678318002790302e-03 0.00000000000000000e+00
-1.42599780950727353e-03 0.00000000000000000e+00
-1.82701680766027426e-03 0.00000000000000000e+00
1.93965330994309750e-04 0.00000000000000000e+00
-1.12909625355564827e-03 0.00000000000000000e+00
-1.92728419279957191e-03 0.00000000000000000e+00
2.32730391908083679e-03 0.00000000000000000e+00
-2.85308830382946044e-03 0.00000000000000000e+00
-8.50188416092697392e-04 0.00000000000000000e+00
5.48809086773683979e-04 0.00000000000000000e+00
3.57441375622151707e-03 0.00000000000000000e+00
-1.30255007221592440e-03 0.00000000000000000e+00
1.32881639140668703e-03 0.00000000000000000e+00
2.53427986625504682e-03 0.00000000000000000e+00
-3.41397059704771173e-03 0.00000000000000000e+00
3.72537437770972726e-03 0.00000000000000000e+00
1.42683801541502986e-03 0.00000000000000000e+00
-1.61094850914414727e-03 0.00000000000000000e+00
-1.55947619873457411e-03 0.00000000000000000e+00
1.39314548732258066e-04 0.00000000000000000e+00
-3.97756550277748150e-04 0.00000000000000000e+00
-2.27574177893673365e-03 0.00000000000000000e+00
1.93952545379784294e-03 0.00000000000000000e+00
-2.49615138235770350e-03 0.00000000000000000e+00
3.23675237612211367e-04 0.00000000000000000e+00
-2.50148265648711800e-04 0.00000000000000000e+00
2.17772574468056779e-03 0.00000000000000000e+00
-6.15722208609279886e-04 0.00000000000000000e+00
6.60277395605516466e-04 0.00000000000000000e+00
6.97155070446193450e-04 0.00000000000000000e+00
-1.31155530540537336e-03 0.00000000000000000e+00
1.40917356381140783e-03 0.00000000000000000e+00
5.71924408619153184e-04 0.00000000000000000e+00
-1.68645824832292976e-03 0.00000000000000000e+00
-7.90296809512559470e-03 0.00000000000000000e+00
9.42087386068674840e-04 0.00000000000000000e+00
-1.90688265465342580e-03 0.00000000000000000e+00
-6.89214636592389192e-03 0.00000000000000000e+00
4.62918491744917279e-03 0.00000000000000000e+00
-7.33848793967588342e-03 0.00000000000000000e+00
-3.38811883582495772e-03 0.00000000000000000e+00
3.31098654033729891e-03 0.00000000000000000e+00
1.00742364359688412e-02 0.00000000000000000e+00
-2.93114305939723386e-03 0.00000000000000000e+00
3.25280996028092613e-03 0.00000000000000000e+00
5.29925235910399996e-03 0.00000000000000000e+00
-7.13475833158444712e-03 0.00000000000000000e+00
8.04861024391564928e-03 0.00000000000000000e+00
1.26168090614185453e-03 0.00000000000000000e+00
-1.72850433223650964e-03 0.00000000000000000e+00
-6.61302553407396455e-03 0.00000000000000000e+00
9.28684993651922829e-04 0.00000000000000000e+00
-9.86023231231043145e-04 0.00000000000000000e+00
-9.96269206059563137e-03 0.00000000000000000e+00
7.13219391188289233e-03 0.00000000000000000e+00
-9.74226930834087845e-03 0.00000000000000000e+00
-3.07158955819011306e-03 0.00000000000000000e+00
2.79093116497105284e-03 0.00000000000000000e+00
4.33941914366394507e-03 0.00000000000000000e+00
-1.33074702542337192e-03 0.00000000000000000e+00
3.51490257976181612e-03 0.00000000000000000e+00
-1.65985348027821328e-04 0.00000000000000000e+00
-3.18242327613701970e-03 0.00000000000000000e+00
3.18102762511272234e-03 0.00000000000000000e+00
-1.78679252588936389e-03 0.00000000000000000e+00
4.45720194506930400e-04 0.00000000000000000e+00
-1.04057616737597298e-02 0.00000000000000000e+00
1.39440958473339765e-03 0.00000000000000000e+00
-1.94020857335769131e-03 0.00000000000000000e+00
-9.06965790657054786e-03 0.00000000000000000e+00
5.11031656661628531e-03 0.00000000000000000e+00
-8.83016975068122607e-03 0.00000000000000000e+00
-6.41893844789360318e-03 0.00000000000000000e+00
6.15971941110419856e-03 0.00000000000000000e+00
1.06441812525360641e-02 0.00000000000000000e+00
-3.06299991418526769e-03 0.00000000000000000e+00
4.38150856581011675e-03 0.00000000000000000e+00
5.11664875594111234e-03 0.00000000000000000e+00
-7.68287136463946183e-03 0.00000000000000000e+00
8.66772575377715120e-03 0.00000000000000000e+00
-2.91940497477057416e-03 0.00000000000000000e+00
2.71225658794743349e-03 0.00000000000000000e+00
-5.40623899009250088e-03 0.00000000000000000e+00
9.87090973182969036e-04 0.00000000000000000e+00
4.05455411852306423e-04 0.00000000000000000e+00
-8.07035353238653996e-03 0.00000000000000000e+00
3.86758882074325974e-03 0.00000000000000000e+00
-6.26739239680974142e-03 0.00000000000000000e+00
-5.01062237838686367e-03 0.00000000000000000e+00
4.75733888955010963e-03 0.00000000000000000e+00
-8.33247286587089414e-04 0.00000000000000000e+00
4.01950604081678816e-04 0.00000000000000000e+00
2.64923073768683938e-03 0.00000000000000000e+00
-3.57501558868835150e-03 0.00000000000000000e+00
8.71582021130888358e-04 0.00000000000000000e+00
-1.25172613555470948e-03 0.00000000000000000e+00
-2.86974049850154166e-03 0.00000000000000000e+00
1.66467483591444627e-03 0.00000000000000000e+00
-9.09442712424386214e-03 0.00000000000000000e+00
1.22516257290916641e-03 0.00000000000000000e+00
-6.68362589319596088e-05 0.00000000000000000e+00
-7.79756800962465562e-03 0.00000000000000000e+00
2.24473294271170659e-03 0.00000000000000000e+00
-5.74298737933581684e-03 0.00000000000000000e+00
-4.44046641276069163e-03 0.00000000000000000e+00
5.00869507390593483e-03 0.00000000000000000e+00
6.66456694070424564e-03 0.00000000000000000e+00
-1.24592451143207576e-03 0.00000000000000000e+00
2.39306268073305765e-03 0.00000000000000000e+00
1.17014348933139876e-03 0.00000000000000000e+00
-2.45893200569156055e-03 0.00000000000000000e+00
3.03064404339697512e-03 0.00000000000000000e+00
-3.44934183968718553e-03 0.00000000000000000e+00
3.02820271732317462e-03 0.00000000000000000e+00
-8.74146282134014886e-03 0.00000000000000000e+00
1.52589923835746619e-03 0.00000000000000000e+00
-3.72796240079560452e-04 0.00000000000000000e+00
-1.25335770389530827e-02 0.00000000000000000e+00
7.14030754221107664e-03 0.00000000000000000e+00
-1.08165690172352842e-02 0.00000000000000000e+00
-8.04077579950700227e-03 0.00000000000000000e+00
7.33026370737931404e-03 0.00000000000000000e+00
1.25374554931924473e-03 0.00000000000000000e+00
-4.21929533143614087e-04 0.00000000000000000e+00
4.82863281463688163e-03 0.00000000000000000e+00
-3.02643279230883086e-03 0.00000000000000000e+00
-1.49898404799957575e-03 0.00000000000000000e+00
1.19421807846628722e-03 0.00000000000000000e+00
-4.11889066766925782e-04 0.00000000000000000e+00
4.57671133152795338e-05 0.00000000000000000e+00
-2.52714481085940376e-03 0.00000000000000000e+00
3.21453365508362319e-04 0.00000000000000000e+00
-4.98801391371653724e-04 0.00000000000000000e+00
-1.89378811768268086e-03 0.00000000000000000e+00
9.88934760703109351e-04 0.00000000000000000e+00
-1.86727874788756502e-03 0.00000000000000000e+00
-1.42449928099382052e-03 0.00000000000000000e+00
1.40479934649198634e-03 0.00000000000000000e+00
2.93042468690754955e-03 0.00000000000000000e+00
-8.23355435537302519e-04 0.00000000000000000e+00
9.64832840127929892e-04 0.00000000000000000e+00
1.57421714415218210e-03 0.00000000000000000e+00
-2.03159221518923365e-03 0.00000000000000000e+00
2.32993741054188111e-03 0.00000000000000000e+00
-4.23750229842389126e-03 0.00000000000000000e+00
4.57182340302554353e-03 0.00000000000000000e+00
6.20964392675504200e-04 0.00000000000000000e+00
2.05021835581679560e-04 0.00000000000000000e+00
9.84771332442512925e-04 0.00000000000000000e+00
3.70984543897831976e-04 0.00000000000000000e+00
-1.67624759132792268e-03 0.00000000000000000e+00
1.64990742323354428e-03 0.00000000000000000e+00
-3.22273798407529243e-03 0.00000000000000000e+00
2.87011676615277255e-03 0.00000000000000000e+00
-5.20852740192552337e-03 0.00000000000000000e+00
1.50409003012610194e-03 0.00000000000000000e+00
9.08203017053898663e-05 0.00000000000000000e+00
-3.46228802202447556e-03 0.00000000000000000e+00
3.17243781324907850e-03 0.00000000000000000e+00
-3.62374467799018779e-03 0.00000000000000000e+00
-3.11531460065696730e-04 0.00000000000000000e+00
1.00492670090588537e-03 0.00000000000000000e+00
4.71683078805380362e-03 0.00000000000000000e+00
-5.46749452216986642e-04 0.00000000000000000e+00
9.24406002234755904e-04 0.00000000000000000e+00
3.98529825047279958e-03 0.00000000000000000e+00
-2.38445050034428053e-03 0.00000000000000000e+00
4.02216702168409126e-03 0.00000000000000000e+00
1.65349996072245179e-03 0.00000000000000000e+00
-1.76122525172398253e-03 0.00000000000000000e+00
-5.88806530516675954e-03 0.00000000000000000e+00
1.60151539035350730e-03 0.00000000000000000e+00
-1.66884312776630593e-03 0.00000000000000000e+00
-2.87438847212538769e-03 0.00000000000000000e+00
3.74898814584492118e-03 0.00000000000000000e+00
-4.28309475245971030e-03 0.00000000000000000e+00
6.45125876403179538e-06 0.00000000000000000e+00
4.75221834266872933e-04 0.00000000000000000e+00
7.84161214081651251e-03 0.00000000000000000e+00
-1.19783531533449198e-03 0.00000000000000000e+00
1.01922931222870835e-03 0.00000000000000000e+00
1.16746600816938998e-02 0.00000000000000000e+00
-7.97632957391954632e-03 0.00000000000000000e+00
1.11249337304899117e-02 0.00000000000000000e+00
5.02992564386318258e-03 0.00000000000000000e+00
-4.51013756461839978e-03 0.00000000000000000e+00
-3.91169042571698402e-03 0.00000000000000000e+00
1.27232299601709887e-03 0.00000000000000000e+00
-4.37313283506406570e-03 0.00000000000000000e+00
8.38216538423168815e-04 0.00000000000000000e+00
3.27705559788311895e-03 0.00000000000000000e+00
-3.19664079417623925e-03 0.00000000000000000e+00
9.51847892984650744e-03 0.00000000000000000e+00
-8.73783228604931191e-03 0.00000000000000000e+00
6.86779093939291103e-03 0.00000000000000000e+00
-1.23383084975491357e-03 0.00000000000000000e+00
-3.26710740166104774e-03 0.00000000000000000e+00
4.83698097986497155e-03 0.00000000000000000e+00
4.10990475705166284e-03 0.00000000000000000e+00
-8.77226137242195954e-04 0.00000000000000000e+00
5.86555802899201961e-03 0.00000000000000000e+00
-7.09249963610738589e-03 0.00000000000000000e+00
3.31651112739111010e-03 0.00000000000000000e+00
-2.48434083133619371e-03 0.00000000000000000e+00
1.13254170503350679e-04 0.00000000000000000e+00
6.65040042988268403e-03 0.00000000000000000e+00
-7.04325938202072458e-03 0.00000000000000000e+00
7.31200271591992985e-03 0.00000000000000000e+00
4.44565730788998997e-03 0.00000000000000000e+00
-4.03839636755350204e-03 0.00000000000000000e+00
7.58370224106966195e-03 0.00000000000000000e+00
-1.35178894863032363e-03 0.00000000000000000e+00
-5.73799852514679564e-04 0.00000000000000000e+00
1.02621840957234332e-02 0.00000000000000000e+00
-4.38883333110220552e-03 0.00000000000000000e+00
7.69706705077947539e-03 0.00000000000000000e+00
6.89094470232303521e-03 0.00000000000000000e+00
-6.66073361953269105e-03 0.00000000000000000e+00
4.30472399065783505e-04 0.00000000000000000e+00
-4.29293767535605410e-04 0.00000000000000000e+00
-3.38830615956397163e-03 0.00000000000000000e+00
4.19831046236708236e-03 0.00000000000000000e+00
-9.49376423754166670e-04 0.00000000000000000e+00
1.31849194463255900e-03 0.00000000000000000e+00
-7.51450821522241913e-04 0.00000000000000000e+00
1.02292139060146500e-03 0.00000000000000000e+00
1.33732390166852550e-03 0.00000000000000000e+00
-1.00083402144473047e-04 0.00000000000000000e+00
5.30103848198165326e-04 0.00000000000000000e+00
7.60168771190531333e-04 0.00000000000000000e+00
-7.29581358452907201e-04 0.00000000000000000e+00
1.11355060241430121e-03 0.00000000000000000e+00
-3.79471394254001746e-05 0.00000000000000000e+00
-2.53079797180465649e-05 0.00000000000000000e+00
-2.83913368972083576e-03 0.00000000000000000e+00
8.21350065604867772e-04 0.00000000000000000e+00
-4.28114492584967716e-04 0.00000000000000000e+00
-1.84898514890241930e-03 0.00000000000000000e+00
1.92616524043299022e-03 0.00000000000000000e+00
-2.21706431936837282e-03 0.00000000000000000e+00
5.32386422313937523e-03 0.00000000000000000e+00
-5.50822464258821261e-03 0.00000000000000000e+00
1.48827749782268616e-03 0.00000000000000000e+00
-5.68717479393818313e-04 0.00000000000000000e+00
-7.44879088703675747e-04 0.00000000000000000e+00
2.08466214958122125e-03 0.00000000000000000e+00
3.34200223549920592e-04 0.00000000000000000e+00
5.29071689867733784e-04 0.00000000000000000e+00
5.40485393110470835e-03 0.00000000000000000e+00
-4.83716801793540596e-03 0.00000000000000000e+00
4.40347087302486381e-03 0.00000000000000000e+00
-1.22089899484706344e-03 0.00000000000000000e+00
-1.26240105013934408e-03 0.00000000000000000e+00
3.49575187115261452e-03 0.00000000000000000e+00
-2.28121593033208964e-03 0.00000000000000000e+00
2.69907436304448909e-03 0.00000000000000000e+00
-5.37451442878292621e-04 0.00000000000000000e+00
8.97031597809605594e-04 0.00000000000000000e+00
2.59206342373442073e-03 0.00000000000000000e+00
-3.03100153720751997e-04 0.00000000000000000e+00
9.44578539752178020e-04 0.00000000000000000e+00
2.32932827134817774e-03 0.00000000000000000e+00
-2.00459053751414441e-03 0.00000000000000000e+00
2.84514292716820565e-03 0.00000000000000000e+00
1.25648016518074444e-03 0.00000000000000000e+00
-1.08671264162324356e-03 0.00000000000000000e+00
-3.85465927895680153e-03 0.00000000000000000e+00
1.24740367000571346e-03 0.00000000000000000e+00
-1.33932608660433552e-03 0.00000000000000000e+00
-2.37695642678646072e-03 0.00000000000000000e+00
3.17066699396478932e-03 0.00000000000000000e+00
-3.52442543376027756e-03 0.00000000000000000e+00
1.06129626580304948e-03 0.00000000000000000e+00
-9.96634788505878361e-04 0.00000000000000000e+00
2.19606161088511118e-03 0.00000000000000000e+00
-4.05260558652848380e-04 0.00000000000000000e+00
-8.60682533592753082e-05 0.00000000000000000e+00
3.44950884153300170e-03 0.00000000000000000e+00
-1.83863959594604792e-03 0.00000000000000000e+00
2.81094231754430842e-03 0.00000000000000000e+00
2.10431417300352072e-03 0.00000000000000000e+00
-1.94553213745622070e-03 0.00000000000000000e+00
3.22174739168254486e-04 0.00000000000000000e+00
-1.15179726548029113e-04 0.00000000000000000e+00
-1.19389021351798841e-03 0.00000000000000000e+00
1.42010218252184238e-03 0.00000000000000000e+00
-1.93725086767972425e-04 0.00000000000000000e+00
3.59384389736355574e-04 0.00000000000000000e+00
-4.48957939761840440e-05 0.00000000000000000e+00
4.68480814321168941e-04 0.00000000000000000e+00
3.27163368019441330e-03 0.00000000000000000e+00
-4.14842681740937422e-04 0.00000000000000000e+00
8.04124566100709957e-04 0.00000000000000000e+00
3.03930441404523348e-03 0.00000000000000000e+00
-2.08493425527838359e-03 0.00000000000000000e+00
3.22281511573989723e-03 0.00000000000000000e+00
1.73471995537876592e-03 0.00000000000000000e+00
-1.61995186276441558e-03 0.00000000000000000e+00
-3.85257296573991584e-03 0.00000000000000000e+00
1.16499108605297138e-03 0.00000000000000000e+00
-1.49037057042137461e-03 0.00000000000000000e+00
-1.99388310989847715e-03 0.00000000000000000e+00
2.91529589037859945e-03 0.00000000000000000e+00
-3.25331027108319466e-03 0.00000000000000000e+00
-2.75482267033351881e-03 0.00000000000000000e+00
2.97572294166674250e-03 0.00000000000000000e+00
1.33472837497960279e-03 0.00000000000000000e+00
-2.72078508120034668e-05 0.00000000000000000e+00
5.94738410179834146e-04 0.00000000000000000e+00
2.11625568913798370e-03 0.00000000000000000e+00
-2.29528462365518205e-03 0.00000000000000000e+00
2.70591620680237085e-03 0.00000000000000000e+00
-1.51998007677954668e-03 0.00000000000000000e+00
1.33563859151661054e-03 0.00000000000000000e+00
-3.20345710397733829e-03 0.00000000000000000e+00
9.12806779115388038e-04 0.00000000000000000e+00
-4.75285619234214673e-04 0.00000000000000000e+00
-1.41255199794414264e-03 0.00000000000000000e+00
1.87825897107497721e-03 0.00000000000000000e+00
-2.05273279689189561e-03 0.00000000000000000e+00
-1.68993824283648810e-03 0.00000000000000000e+00
2.24996034856302920e-03 0.00000000000000000e+00
4.15728624702027972e-03 0.00000000000000000e+00
-4.69835497294201630e-04 0.00000000000000000e+00
2.11377094187837830e-03 0.00000000000000000e+00
3.98620027742835770e-03 0.00000000000000000e+00
-4.26114051061023905e-03 0.00000000000000000e+00
5.52156147775078807e-03 0.00000000000000000e+00
2.15452369827889454e-03 0.00000000000000000e+00
-1.62449978546464488e-03 0.00000000000000000e+00
-7.23225976228371401e-03 0.00000000000000000e+00
2.53858973141871027e-03 0.00000000000000000e+00
-2.65909487065299141e-03 0.00000000000000000e+00
-4.95765266139830928e-03 0.00000000000000000e+00
6.62259922934834919e-03 0.00000000000000000e+00
-7.27957210553266225e-03 0.00000000000000000e+00
1.13518503920767534e-04 0.00000000000000000e+00
-1.17024024771763006e-04 0.00000000000000000e+00
5.41890426056385001e-04 0.00000000000000000e+00
-1.00715326786988962e-04 0.00000000000000000e+00
-4.44831289305370442e-05 0.00000000000000000e+00
1.08529226896525314e-03 0.00000000000000000e+00
-6.62342479173550890e-04 0.00000000000000000e+00
9.16153719194840680e-04 0.00000000000000000e+00
4.31238839957526297e-04 0.00000000000000000e+00
-3.94439951601797641e-04 0.00000000000000000e+00
2.10876597616853876e-04 0.00000000000000000e+00
-6.68692892913026911e-05 0.00000000000000000e+00
-3.20993971288111675e-04 0.00000000000000000e+00
5.52238200139880614e-04 0.00000000000000000e+00
-1.62426699476162233e-04 0.00000000000000000e+00
2.39485372577207369e-04 0.00000000000000000e+00
-1.97588299537318132e-04 0.00000000000000000e+00
-3.99434863760844477e-05 0.00000000000000000e+00
-1.68857054039941502e-03 0.00000000000000000e+00
2.10768833674013136e-04 0.00000000000000000e+00
-1.88721852951373171e-04 0.00000000000000000e+00
-1.42394237724432202e-03 0.00000000000000000e+00
6.44710445427080256e-04 0.00000000000000000e+00
-1.25907066641965117e-03 0.00000000000000000e+00
-7.13895025873677639e-04 0.00000000000000000e+00
7.80145042448048649e-04 0.00000000000000000e+00
1.71389419741894327e-03 0.00000000000000000e+00
-4.19810346062710505e-04 0.00000000000000000e+00
5.30273586753662852e-04 0.00000000000000000e+00
6.70447266742582463e-04 0.00000000000000000e+00
-9.48134708348494985e-04 0.00000000000000000e+00
1.10238860513525217e-03 0.00000000000000000e+00
-6.46840834350137788e-04 0.00000000000000000e+00
5.62212186401463143e-04 0.00000000000000000e+00
-1.82227838517418864e-03 0.00000000000000000e+00
3.16683286134021482e-04 0.00000000000000000e+00
-1.03182932245339548e-04 0.00000000000000000e+00
-2.66055580209997910e-03 0.00000000000000000e+00
1.57170025014073309e-03 0.00000000000000000e+00
-2.33579881249327756e-03 0.00000000000000000e+00
-1.65879192127921975e-03 0.00000000000000000e+00
1.50051005734336837e-03 0.00000000000000000e+00
2.99848127614180148e-04 0.00000000000000000e+00
-1.09468967664280020e-04 0.00000000000000000e+00
1.03271654883903513e-03 0.00000000000000000e+00
-6.03212290098959283e-04 0.00000000000000000e+00
-3.70174723636988029e-04 0.00000000000000000e+00
3.06036431286467404e-04 0.00000000000000000e+00
-6.99029123664628984e-04 0.00000000000000000e+00
5.22697410953639201e-04 0.00000000000000000e+00
-1.37712419700361782e-03 0.00000000000000000e+00
1.99996817739321082e-04 0.00000000000000000e+00
-4.65537713224788079e-06 0.00000000000000000e+00
-1.10126471207586205e-03 0.00000000000000000e+00
2.28528066983503899e-04 0.00000000000000000e+00
-7.61567098485921561e-04 0.00000000000000000e+00
-9.22551247414809096e-04 0.00000000000000000e+00
9.72147128758242053e-04 0.00000000000000000e+00
8.69323574134806616e-04 0.00000000000000000e+00
-1.61805137005119570e-04 0.00000000000000000e+00
3.99286456506137740e-04 0.00000000000000000e+00
1.52483782058473858e-04 0.00000000000000000e+00
-3.55803688868096323e-04 0.00000000000000000e+00
4.41357971550683298e-04 0.00000000000000000e+00
-9.23550057518489082e-04 0.00000000000000000e+00
9.22967616789032949e-04 0.00000000000000000e+00
-7.45798317511497553e-04 0.00000000000000000e+00
1.69447818697968637e-04 0.00000000000000000e+00
1.68663560021151869e-04 0.00000000000000000e+00
-1.11840992951186386e-03 0.00000000000000000e+00
3.44369883253132928e-04 0.00000000000000000e+00
-7.05421379579163586e-04 0.00000000000000000e+00
-1.10244181054199508e-03 0.00000000000000000e+00
1.03166460900186896e-03 0.00000000000000000e+00
-6.57678703049701546e-04 0.00000000000000000e+00
2.17985264178181820e-04 0.00000000000000000e+00
3.92407885496788306e-04 0.00000000000000000e+00
-8.73913884710544333e-04 0.00000000000000000e+00
4.63177219404253392e-04 0.00000000000000000e+00
-5.61183251978481738e-04 0.00000000000000000e+00
2.66078267960173415e-04 0.00000000000000000e+00
-3.19725375495178549e-04 0.00000000000000000e+00
-3.72095567675499565e-04 0.00000000000000000e+00
3.68772831275484305e-05 0.00000000000000000e+00
-2.49764248898113521e-04 0.00000000000000000e+00
-3.57122585416331324e-04 0.00000000000000000e+00
4.67700740243468991e-04 0.00000000000000000e+00
-5.68954359714119264e-04 0.00000000000000000e+00
-1.59480483630866757e-04 0.00000000000000000e+00
9.69494886355389961e-05 0.00000000000000000e+00
8.02213731920757263e-04 0.00000000000000000e+00
-2.90295726680336224e-04 0.00000000000000000e+00
2.71000583446749383e-04 0.00000000000000000e+00
5.91633481184954558e-04 0.00000000000000000e+00
-7.58912532516883278e-04 0.00000000000000000e+00
8.32726630189205394e-04 0.00000000000000000e+00
6.60764360611695335e-04 0.00000000000000000e+00
-6.91390077524768132e-04 0.00000000000000000e+00
-3.08254441100415112e-05 0.00000000000000000e+00
-3.54527887587792505e-05 0.00000000000000000e+00
-1.16215374518559921e-04 0.00000000000000000e+00
-1.05947966825623935e-04 0.00000000000000000e+00
2.96684995856248722e-04 0.00000000000000000e+00
-2.79461289388441920e-04 0.00000000000000000e+00
5.17783469696904593e-04 0.00000000000000000e+00
-4.66878831886597691e-04 0.00000000000000000e+00
6.07276982424900780e-04 0.00000000000000000e+00
-1.75432070896820475e-04 0.00000000000000000e+00
-2.36953477759337184e-05 0.00000000000000000e+00
3.64217581981260777e-04 0.00000000000000000e+00
-3.49056750274354783e-04 0.00000000000000000e+00
3.90486173803533633e-04 0.00000000000000000e+00
3.59509436442063252e-04 0.00000000000000000e+00
-5.09679355420362273e-04 0.00000000000000000e+00
-1.13543674122387208e-03 0.00000000000000000e+00
1.32618415263429935e-04 0.00000000000000000e+00
-5.14751443676549850e-04 0.00000000000000000e+00
-1.08930815660691883e-03 0.00000000000000000e+00
1.07762154031969715e-03 0.00000000000000000e+00
-1.43328771211838520e-03 0.00000000000000000e+00
-6.04697209262482411e-04 0.00000000000000000e+00
4.78785653016700139e-04 0.00000000000000000e+00
1.82727626725428627e-03 0.00000000000000000e+00
-6.30209855755868033e-04 0.00000000000000000e+00
6.87866534351396766e-04 0.00000000000000000e+00
1.20564025424536262e-03 0.00000000000000000e+00
-1.63848133116193534e-03 0.00000000000000000e+00
1.80307623215718023e-03 0.00000000000000000e+00
1.10010286444631590e-04 0.00000000000000000e+00
-1.40213545464680565e-04 0.00000000000000000e+00
-4.22991832028622814e-04 0.00000000000000000e+00
5.72877277463674971e-05 0.00000000000000000e+00
-3.80906918414310574e-05 0.00000000000000000e+00
-6.61624509257863940e-04 0.00000000000000000e+00
4.52776801227842377e-04 0.00000000000000000e+00
-6.23675432704302803e-04 0.00000000000000000e+00
-1.35988253416503602e-04 0.00000000000000000e+00
1.35520361931933158e-04 0.00000000000000000e+00
2.51414821742119326e-04 0.00000000000000000e+00
-6.55414301731792380e-05 0.00000000000000000e+00
1.99389646851948075e-04 0.00000000000000000e+00
-6.83470337272214836e-05 0.00000000000000000e+00
-1.35694748123108201e-04 0.00000000000000000e+00
1.29235827262761229e-04 0.00000000000000000e+00
1.39442963590179084e-03 0.00000000000000000e+00
-1.17959036085852568e-03 0.00000000000000000e+00
2.04850051033404930e-03 0.00000000000000000e+00
-3.25477877058764713e-04 0.00000000000000000e+00
-3.19437658607278196e-04 0.00000000000000000e+00
1.97762887847719761e-03 0.00000000000000000e+00
-2.24154943735542278e-04 0.00000000000000000e+00
1.09398498973157046e-03 0.00000000000000000e+00
1.42368471284569083e-03 0.00000000000000000e+00
-1.57100470340702228e-03 0.00000000000000000e+00
-3.37374113223451650e-04 0.00000000000000000e+00
-1.23891798654655481e-04 0.00000000000000000e+00
-4.77420655825146190e-04 0.00000000000000000e+00
7.88359889990090067e-04 0.00000000000000000e+00
-4.43201795746514310e-04 0.00000000000000000e+00
4.42301699730836999e-04 0.00000000000000000e+00
-1.85213616229605712e-03 0.00000000000000000e+00
2.07085492764279809e-03 0.00000000000000000e+00
1.65759689828351149e-03 0.00000000000000000e+00
-1.24250640029666457e-04 0.00000000000000000e+00
4.89431039471160088e-04 0.00000000000000000e+00
2.38162407025722554e-03 0.00000000000000000e+00
-2.14365765822981721e-03 0.00000000000000000e+00
2.71495906074763465e-03 0.00000000000000000e+00
-6.35393998421278534e-04 0.00000000000000000e+00
5.24178548939270377e-04 0.00000000000000000e+00
-2.69176300963639044e-03 0.00000000000000000e+00
7.60829895411835365e-04 0.00000000000000000e+00
-6.64607913774094262e-04 0.00000000000000000e+00
-1.00550221404768205e-03 0.00000000000000000e+00
1.60997519766231363e-03 0.00000000000000000e+00
-1.74814242054949979e-03 0.00000000000000000e+00
-9.39828154615136857e-05 0.00000000000000000e+00
-3.13015673250083325e-05 0.00000000000000000e+00
-1.00961663056693186e-03 0.00000000000000000e+00
1.33622820769702301e-04 0.00000000000000000e+00
-1.85321750774355401e-04 0.00000000000000000e+00
-9.56789930137772675e-04 0.00000000000000000e+00
5.73124388214388096e-04 0.00000000000000000e+00
-9.37221477314513236e-04 0.00000000000000000e+00
-5.66732533759741288e-04 0.00000000000000000e+00
5.45778035383479476e-04 0.00000000000000000e+00
1.01886932094555219e-03 0.00000000000000000e+00
-2.92359774007147502e-04 0.00000000000000000e+00
4.30165785574630072e-04 0.00000000000000000e+00
4.48617776816976526e-04 0.00000000000000000e+00
-7.23032850728590843e-04 0.00000000000000000e+00
8.08902007573123567e-04 0.00000000000000000e+00
5.47686904949857157e-04 0.00000000000000000e+00
-7.14640921768845390e-04 0.00000000000000000e+00
-1.83427869617618197e-03 0.00000000000000000e+00
2.31845160772733641e-04 0.00000000000000000e+00
-2.41055581850172754e-04 0.00000000000000000e+00
-2.59427232563379977e-03 0.00000000000000000e+00
1.80443976385893478e-03 0.00000000000000000e+00
-2.51585263416713879e-03 0.00000000000000000e+00
-4.93960356740188599e-04 0.00000000000000000e+00
5.08342949666127156e-04 0.00000000000000000e+00
1.49268614897635297e-03 0.00000000000000000e+00
-4.01924071407235765e-04 0.00000000000000000e+00
8.17211660542553576e-04 0.00000000000000000e+00
1.09341422271457664e-04 0.00000000000000000e+00
-8.72294350053971941e-04 0.00000000000000000e+00
9.07102909305856865e-04 0.00000000000000000e+00
2.68113472856166006e-04 0.00000000000000000e+00
-7.25662618748283803e-04 0.00000000000000000e+00
-3.30220887373126925e-03 0.00000000000000000e+00
3.96083863841520162e-04 0.00000000000000000e+00
-8.10744448336141394e-04 0.00000000000000000e+00
-2.94916572402413720e-03 0.00000000000000000e+00
2.01904142373727840e-03 0.00000000000000000e+00
-3.15299331478856130e-03 0.00000000000000000e+00
-1.43936609683990705e-03 0.00000000000000000e+00
1.39158670143498908e-03 0.00000000000000000e+00
4.18034959027499022e-03 0.00000000000000000e+00
-1.22738323691608925e-03 0.00000000000000000e+00
1.39353551385239184e-03 0.00000000000000000e+00
2.18788877768019739e-03 0.00000000000000000e+00
-2.99909270811965847e-03 0.00000000000000000e+00
3.37241369025282831e-03 0.00000000000000000e+00
1.84389812343834555e-03 0.00000000000000000e+00
-2.15180521583813698e-03 0.00000000000000000e+00
-3.53835612394760857e-03 0.00000000000000000e+00
4.23530112540095114e-04 0.00000000000000000e+00
-7.57231095684123196e-04 0.00000000000000000e+00
-5.36615510335073861e-03 0.00000000000000000e+00
4.25624349716656122e-03 0.00000000000000000e+00
-5.59184189700463134e-03 0.00000000000000000e+00
-7.06954436042790831e-04 0.00000000000000000e+00
6.43508032074776855e-04 0.00000000000000000e+00
3.46991906768716199e-03 0.00000000000000000e+00
-1.05023501527197406e-03 0.00000000000000000e+00
1.81380615861672636e-03 0.00000000000000000e+00
6.81034760235692282e-04 0.00000000000000000e+00
-2.39817978308698920e-03 0.00000000000000000e+00
2.48820666615903003e-03 0.00000000000000000e+00
-2.89098349147317831e-03 0.00000000000000000e+00
2.28072686924840878e-03 0.00000000000000000e+00
-4.97469312985054490e-03 0.00000000000000000e+00
7.45828486273435285e-04 0.00000000000000000e+00
1.66879347492447671e-04 0.00000000000000000e+00
-4.08831836939419369e-03 0.00000000000000000e+00
6.65745858948735411e-04 0.00000000000000000e+00
-2.63405929584683554e-03 0.00000000000000000e+00
-3.50877588393523968e-03 0.00000000000000000e+00
3.70988428168550922e-03 0.00000000000000000e+00
2.54802637929228649e-03 0.00000000000000000e+00
-3.70625228669783382e-04 0.00000000000000000e+00
1.39135849147363835e-03 0.00000000000000000e+00
-2.32200427027758243e-06 0.00000000000000000e+00
-7.45817556224904208e-04 0.00000000000000000e+00
9.88944084299163200e-04 0.00000000000000000e+00
-1.65560914982775149e-03 0.00000000000000000e+00
1.47869234752505125e-03 0.00000000000000000e+00
-3.36714623608378675e-03 0.00000000000000000e+00
5.88060960197871576e-04 0.00000000000000000e+00
2.11874849020281269e-04 0.00000000000000000e+00
-4.72546845187132164e-03 0.00000000000000000e+00
2.19446896927756640e-03 0.00000000000000000e+00
-3.65954136262785362e-03 0.00000000000000000e+00
-2.85249330630335573e-03 0.00000000000000000e+00
2.75723672992844813e-03 0.00000000000000000e+00
-5.34933586494499189e-05 0.00000000000000000e+00
1.42051133309949504e-04 0.00000000000000000e+00
1.52842115856627325e-03 0.00000000000000000e+00
-1.83179854327563969e-03 0.00000000000000000e+00
3.30477595705838147e-04 0.00000000000000000e+00
-5.00282831624239638e-04 0.00000000000000000e+00
-2.34361516797785023e-03 0.00000000000000000e+00
1.21417192609884540e-03 0.00000000000000000e+00
-8.01562086454467825e-03 0.00000000000000000e+00
1.04170498137220254e-03 0.00000000000000000e+00
5.55253661593645944e-06 0.00000000000000000e+00
-6.48330592962784343e-03 0.00000000000000000e+00
1.56026843644471312e-03 0.00000000000000000e+00
-4.62049034341548148e-03 0.00000000000000000e+00
-3.40891081386211639e-03 0.00000000000000000e+00
4.06009539616805377e-03 0.00000000000000000e+00
6.33128298105648923e-03 0.00000000000000000e+00
-1.14308510053887308e-03 0.00000000000000000e+00
1.83289351627293471e-03 0.00000000000000000e+00
1.31793691657527729e-03 0.00000000000000000e+00
-2.13904215418188543e-03 0.00000000000000000e+00
2.71098767165811475e-03 0.00000000000000000e+00
-8.64495450182419488e-03 0.00000000000000000e+00
8.51700858652869146e-03 0.00000000000000000e+00
-8.33091576957108344e-03 0.00000000000000000e+00
1.79661629928869779e-03 0.00000000000000000e+00
5.67431937446038950e-04 0.00000000000000000e+00
-1.17706059589903524e-02 0.00000000000000000e+00
4.93090545168299761e-03 0.00000000000000000e+00
-8.69640857096092186e-03 0.00000000000000000e+00
-1.21560600733920058e-02 0.00000000000000000e+00
1.10006805762167415e-02 0.00000000000000000e+00
-3.92102732796321095e-03 0.00000000000000000e+00
1.04546604816308604e-03 0.00000000000000000e+00
5.04369566733108964e-03 0.00000000000000000e+00
-6.16546961181657638e-03 0.00000000000000000e+00
1.42546093981012071e-03 0.00000000000000000e+00
-2.11054206100773573e-03 0.00000000000000000e+00
7.28818109305873516e-05 0.00000000000000000e+00
-4.12552621636693621e-04 0.00000000000000000e+00
-2.16664606633408269e-03 0.00000000000000000e+00
2.49162482894865842e-04 0.00000000000000000e+00
-5.81274354786204218e-04 0.00000000000000000e+00
-1.56416602567862554e-03 0.00000000000000000e+00
1.02587776791127874e-03 0.00000000000000000e+00
-1.74176402215277313e-03 0.00000000000000000e+00
-9.54712559337521642e-04 0.00000000000000000e+00
9.38226433591590487e-04 0.00000000000000000e+00
3.07220733390511144e-03 0.00000000000000000e+00
-8.95766361397599118e-04 0.00000000000000000e+00
8.49061327827476666e-04 0.00000000000000000e+00
1.82210653803706476e-03 0.00000000000000000e+00
-2.19554869287050518e-03 0.00000000000000000e+00
2.50705209766128537e-03 0.00000000000000000e+00
-4.72662577432745017e-03 0.00000000000000000e+00
5.03616810112615752e-03 0.00000000000000000e+00
-3.99026151178275544e-04 0.00000000000000000e+00
3.96256363194264047e-04 0.00000000000000000e+00
9.84642282025472619e-04 0.00000000000000000e+00
-1.25287612597766405e-03 0.00000000000000000e+00
-7.54087401906087477e-04 0.00000000000000000e+00
2.79980092249819477e-04 0.00000000000000000e+00
-4.27007933407831230e-03 0.00000000000000000e+00
3.81497013920885624e-03 0.00000000000000000e+00
-5.33440488328664093e-03 0.00000000000000000e+00
1.52989187873080168e-03 0.00000000000000000e+00
6.96062754669350562e-04 0.00000000000000000e+00
-4.06670768766615592e-03 0.00000000000000000e+00
3.16691968736253519e-03 0.00000000000000000e+00
-3.69270953228640958e-03 0.00000000000000000e+00
-9.62378681985679146e-04 0.00000000000000000e+00
1.94618959792970322e-03 0.00000000000000000e+00
6.45961564883150083e-03 0.00000000000000000e+00
-7.17233614632385524e-04 0.00000000000000000e+00
1.55987404028790750e-03 0.00000000000000000e+00
5.32182755031198208e-03 0.00000000000000000e+00
-3.55295931181488257e-03 0.00000000000000000e+00
5.73145373949341969e-03 0.00000000000000000e+00
2.05843653462534255e-03 0.00000000000000000e+00
-2.15329762735299787e-03 0.00000000000000000e+00
-8.93257008824964276e-03 0.00000000000000000e+00
2.52133513220041683e-03 0.00000000000000000e+00
-2.39701440340758147e-03 0.00000000000000000e+00
-4.76969868892271592e-03 0.00000000000000000e+00
5.98004232492426509e-03 0.00000000000000000e+00
-6.80734386158295558e-03 0.00000000000000000e+00
1.96254112783360085e-03 0.00000000000000000e+00
-1.47333564230328596e-03 0.00000000000000000e+00
9.69533880927200137e-03 0.00000000000000000e+00
-1.60835462124535246e-03 0.00000000000000000e+00
9.09780547483600779e-04 0.00000000000000000e+00
1.44275609495115691e-02 0.00000000000000000e+00
-9.21492662749725730e-03 0.00000000000000000e+00
1.32088299198923204e-02 0.00000000000000000e+00
7.86437692733271514e-03 0.00000000000000000e+00
-7.04564910132189810e-03 0.00000000000000000e+00
-2.90069723312063373e-03 0.00000000000000000e+00
1.02423385520766233e-03 0.00000000000000000e+00
-5.57582524069395648e-03 0.00000000000000000e+00
2.30889615194954101e-03 0.00000000000000000e+00
2.95827172144630911e-03 0.00000000000000000e+00
-2.70298716766547396e-03 0.00000000000000000e+00
1.00845133064402081e-02 0.00000000000000000e+00
-8.91758365238918931e-03 0.00000000000000000e+00
9.83222981018263067e-03 0.00000000000000000e+00
-1.63024190270736604e-03 0.00000000000000000e+00
-2.78337583080605182e-03 0.00000000000000000e+00
7.39319495883330232e-03 0.00000000000000000e+00
2.76896290450121549e-03 0.00000000000000000e+00
1.53249172282127612e-03 0.00000000000000000e+00
7.63546220222841888e-03 0.00000000000000000e+00
-8.82593246987819526e-03 0.00000000000000000e+00
3.75636848285370597e-04 0.00000000000000000e+00
-1.66857868165068575e-03 0.00000000000000000e+00
-1.06577932505263302e-03 0.00000000000000000e+00
5.31344201901345903e-03 0.00000000000000000e+00
-5.02808543995218998e-03 0.00000000000000000e+00
5.02479581655729431e-03 0.00000000000000000e+00
5.47856188712748850e-03 0.00000000000000000e+00
-4.97242682446079765e-03 0.00000000000000000e+00
9.89525611141646444e-03 0.00000000000000000e+00
-1.76140723619533889e-03 0.00000000000000000e+00
-6.67875602508449773e-04 0.00000000000000000e+00
1.37040104247304079e-02 0.00000000000000000e+00
-6.15308015394374751e-03 0.00000000000000000e+00
1.04703866563848128e-02 0.00000000000000000e+00
8.91171732178315176e-03 0.00000000000000000e+00
-8.56844159265093830e-03 0.00000000000000000e+00
5.21843797220110156e-04 0.00000000000000000e+00
-5.07496806321840969e-04 0.00000000000000000e+00
-4.54239980362715259e-03 0.00000000000000000e+00
5.50387270886992536e-03 0.00000000000000000e+00
-1.09534741794730197e-03 0.00000000000000000e+00
1.60208716262078346e-03 0.00000000000000000e+00
-1.74082496115668525e-03 0.00000000000000000e+00
1.69827849516988611e-03 0.00000000000000000e+00
-1.40466570800332115e-03 0.00000000000000000e+00
2.95490934139750827e-04 0.00000000000000000e+00
5.13818150529499976e-04 0.00000000000000000e+00
-1.90552957398319863e-03 0.00000000000000000e+00
2.21459552062959876e-04 0.00000000000000000e+00
-9.17494999882194221e-04 0.00000000000000000e+00
-1.66683010416060874e-03 0.00000000000000000e+00
1.69446065785931635e-03 0.00000000000000000e+00
-1.23758396288747570e-03 0.00000000000000000e+00
5.22039366137333743e-04 0.00000000000000000e+00
4.49196431417123773e-04 0.00000000000000000e+00
-1.82226907432660548e-03 0.00000000000000000e+00
1.30191376144521941e-03 0.00000000000000000e+00
-1.48255793262742387e-03 0.00000000000000000e+00
9.42877520554305515e-03 0.00000000000000000e+00
-1.00844492277730891e-02 0.00000000000000000e+00
-2.55336905919994117e-03 0.00000000000000000e+00
-2.19782594235254933e-04 0.00000000000000000e+00
-1.96752912453461611e-03 0.00000000000000000e+00
-3.96988626403075098e-03 0.00000000000000000e+00
5.78000483785706589e-03 0.00000000000000000e+00
-6.33381511960105260e-03 0.00000000000000000e+00
6.32152010059066575e-03 0.00000000000000000e+00
-5.63088353186547326e-03 0.00000000000000000e+00
1.04253411703641666e-02 0.00000000000000000e+00
-2.99594249340014640e-03 0.00000000000000000e+00
6.03445528963427510e-04 0.00000000000000000e+00
5.64670534692898914e-03 0.00000000000000000e+00
-6.16222917066961296e-03 0.00000000000000000e+00
6.85643034903386100e-03 0.00000000000000000e+00
-5.54720862567505135e-03 0.00000000000000000e+00
5.72034551664538267e-03 0.00000000000000000e+00
6.56001697452234227e-04 0.00000000000000000e+00
1.35965042996564740e-04 0.00000000000000000e+00
3.05518146976541723e-03 0.00000000000000000e+00
1.28940918585436709e-03 0.00000000000000000e+00
-5.15894935717872965e-03 0.00000000000000000e+00
4.88202326652288111e-03 0.00000000000000000e+00
-9.75349934908448322e-04 0.00000000000000000e+00
1.83105628859830602e-03 0.00000000000000000e+00
-7.58850111225077475e-03 0.00000000000000000e+00
3.14262081896061552e-03 0.00000000000000000e+00
-2.12570305733024607e-03 0.00000000000000000e+00
-6.90111748464518251e-03 0.00000000000000000e+00
8.33308054576430146e-03 0.00000000000000000e+00
-9.00647301526950883e-03 0.00000000000000000e+00
-1.03929622924041429e-03 0.00000000000000000e+00
1.05111020020992835e-03 0.00000000000000000e+00
7.87290268225489948e-04 0.00000000000000000e+00
-9.30373788319878035e-05 0.00000000000000000e+00
3.42759914267954139e-04 0.00000000000000000e+00
1.85381333333199433e-03 0.00000000000000000e+00
-1.84320994106001827e-03 0.00000000000000000e+00
2.14271148416240531e-03 0.00000000000000000e+00
5.12700420718090920e-05 0.00000000000000000e+00
6.56518955225410765e-05 0.00000000000000000e+00
-8.21018582294788849e-04 0.00000000000000000e+00
3.40638660941392423e-04 0.00000000000000000e+00
-6.76851953776851675e-04 0.00000000000000000e+00
-8.91236740774555225e-05 0.00000000000000000e+00
8.40723101391208289e-04 0.00000000000000000e+00
-8.06095759658387572e-04 0.00000000000000000e+00
1.16461552611344136e-03 0.00000000000000000e+00
-2.91943194096047360e-04 0.00000000000000000e+00
6.88975127375035176e-03 0.00000000000000000e+00
-9.21249358716998449e-04 0.00000000000000000e+00
9.66271999890814560e-04 0.00000000000000000e+00
6.27486920056229743e-03 0.00000000000000000e+00
-3.25639220311729717e-03 0.00000000000000000e+00
5.77898386801831664e-03 0.00000000000000000e+00
3.85882858335125003e-03 0.00000000000000000e+00
-3.84524779761484569e-03 0.00000000000000000e+00
-6.46338688052577274e-03 0.00000000000000000e+00
1.73311566299345172e-03 0.00000000000000000e+00
-2.66040605635488921e-03 0.00000000000000000e+00
-2.56822783881215664e-03 0.00000000000000000e+00
4.19200633158646127e-03 0.00000000000000000e+00
-4.75103027740185913e-03 0.00000000000000000e+00
-2.53536266928224702e-03 0.00000000000000000e+00
2.79112511335819716e-03 0.00000000000000000e+00
1.71212983619382832e-03 0.00000000000000000e+00
-8.65063180447448387e-05 0.00000000000000000e+00
4.93629137381449410e-04 0.00000000000000000e+00
2.55344259466221439e-03 0.00000000000000000e+00
-2.35924989420000040e-03 0.00000000000000000e+00
2.93898898429729213e-03 0.00000000000000000e+00
-1.33043763065972633e-03 0.00000000000000000e+00
1.09751452595034400e-03 0.00000000000000000e+00
-3.17930125237080507e-03 0.00000000000000000e+00
8.48708360379422260e-04 0.00000000000000000e+00
-5.36086491058284601e-04 0.00000000000000000e+00
-1.13704178337905052e-03 0.00000000000000000e+00
1.66964804067154028e-03 0.00000000000000000e+00
-1.82766575521135202e-03 0.00000000000000000e+00
-6.99732494659378521e-03 0.00000000000000000e+00
7.70672579898219225e-03 0.00000000000000000e+00
4.69803359441061091e-03 0.00000000000000000e+00
-3.34752439108409311e-04 0.00000000000000000e+00
5.18041731241355389e-03 0.00000000000000000e+00
5.10040869539701847e-03 0.00000000000000000e+00
-9.30306006285755265e-03 0.00000000000000000e+00
1.02436753159838457e-02 0.00000000000000000e+00
1.41606164216748404e-03 0.00000000000000000e+00
2.76466171772056728e-05 0.00000000000000000e+00
-1.46021805112521753e-02 0.00000000000000000e+00
5.64992591573930739e-03 0.00000000000000000e+00
-4.81504648024049745e-03 0.00000000000000000e+00
-1.18450409823289814e-02 0.00000000000000000e+00
1.49502691230074918e-02 0.00000000000000000e+00
-1.62741548093946718e-02 0.00000000000000000e+00
-2.06596556755445646e-04 0.00000000000000000e+00
-1.10676880522705647e-04 0.00000000000000000e+00
-2.74076217777231498e-03 0.00000000000000000e+00
3.61378680550912047e-04 0.00000000000000000e+00
-1.85286050525703495e-04 0.00000000000000000e+00
-2.93175159501719114e-03 0.00000000000000000e+00
1.48697816204755736e-03 0.00000000000000000e+00
-2.54071768847296490e-03 0.00000000000000000e+00
-1.14838155953067371e-03 0.00000000000000000e+00
1.24408039094110420e-03 0.00000000000000000e+00
2.13678949281021846e-03 0.00000000000000000e+00
-4.87010754004149496e-04 0.00000000000000000e+00
9.45065661364026077e-04 0.00000000000000000e+00
3.47882395606186089e-04 0.00000000000000000e+00
-1.03917864574207502e-03 0.00000000000000000e+00
1.17409025227062890e-03 0.00000000000000000e+00
-4.66941240222739935e-03 0.00000000000000000e+00
3.73382609150247225e-03 0.00000000000000000e+00
-1.00536128553678026e-02 0.00000000000000000e+00
1.58783083456621251e-03 0.00000000000000000e+00
-6.10893616260877825e-05 0.00000000000000000e+00
-1.09004374126839762e-02 0.00000000000000000e+00
4.41653569740655099e-03 0.00000000000000000e+00
-8.48304071263678711e-03 0.00000000000000000e+00
-7.70878111260901635e-03 0.00000000000000000e+00
7.62129841062153274e-03 0.00000000000000000e+00
3.95094684769373150e-03 0.00000000000000000e+00
-7.52573269760288630e-04 0.00000000000000000e+00
3.95892849766652909e-03 0.00000000000000000e+00
-1.23438412431047342e-03 0.00000000000000000e+00
-1.84573498862183947e-03 0.00000000000000000e+00
1.99905165174060892e-03 0.00000000000000000e+00
2.99501899749176521e-02 0.00000000000000000e+00
-3.21509125531546300e-02 0.00000000000000000e+00
-1.01782648939102924e-02 0.00000000000000000e+00
-3.80862292809464921e-04 0.00000000000000000e+00
-6.42362746473230852e-03 0.00000000000000000e+00
-1.58043304459974561e-02 0.00000000000000000e+00
2.04593282962128378e-02 0.00000000000000000e+00
-2.30683133656854403e-02 0.00000000000000000e+00
1.88486304956598273e-02 0.00000000000000000e+00
-1.67522708936295901e-02 0.00000000000000000e+00
3.39370989981964966e-02 0.00000000000000000e+00
-9.75807739206436577e-03 0.00000000000000000e+00
3.01332324913738524e-03 0.00000000000000000e+00
1.74397417786798931e-02 0.00000000000000000e+00
-2.01619812598441105e-02 0.00000000000000000e+00
2.23116445194832501e-02 0.00000000000000000e+00
-1.25434473465749294e-02 0.00000000000000000e+00
1.21868889788866938e-02 0.00000000000000000e+00
-4.42272914809203107e-03 0.00000000000000000e+00
1.07522401610595886e-03 0.00000000000000000e+00
5.10035604919002999e-03 0.00000000000000000e+00
-2.49554135547337642e-03 0.00000000000000000e+00
-7.55574749174811339e-03 0.00000000000000000e+00
4.92501093600541777e-03 0.00000000000000000e+00
-5.95576637677659726e-03 0.00000000000000000e+00
7.45275036812496645e-03 0.00000000000000000e+00
-9.81798987677686905e-03 0.00000000000000000e+00
4.72180288649721829e-03 0.00000000000000000e+00
-1.73969216643102623e-03 0.00000000000000000e+00
-1.13085020502286127e-02 0.00000000000000000e+00
1.26540813847303632e-02 0.00000000000000000e+00
-1.35045190041939798e-02 0.00000000000000000e+00
-2.51736745031813126e-03 0.00000000000000000e+00
2.56397459736042383e-03 0.00000000000000000e+00
1.93011727823681864e-03 0.00000000000000000e+00
-2.24948200174710888e-04 0.00000000000000000e+00
9.57716142695653745e-04 0.00000000000000000e+00
4.33702887625179133e-03 0.00000000000000000e+00
-4.45995519495108201e-03 0.00000000000000000e+00
5.16651359567693851e-03 0.00000000000000000e+00
2.43053155695451342e-04 0.00000000000000000e+00
8.66504518474550873e-05 0.00000000000000000e+00
-2.31174433939460629e-03 0.00000000000000000e+00
9.58546976156976656e-04 0.00000000000000000e+00
-1.71171908009876660e-03 0.00000000000000000e+00
-6.07352059844907697e-04 0.00000000000000000e+00
2.41913414217538592e-03 0.00000000000000000e+00
-2.38624928831911165e-03 0.00000000000000000e+00
4.88881424177600461e-03 0.00000000000000000e+00
-4.75615757879610870e-03 0.00000000000000000e+00
3.12708386211926412e-03 0.00000000000000000e+00
-6.78083505234061625e-04 0.00000000000000000e+00
-1.54419072900315230e-03 0.00000000000000000e+00
3.64982888590804000e-03 0.00000000000000000e+00
6.56942279591781354e-04 0.00000000000000000e+00
9.36957091533715809e-04 0.00000000000000000e+00
3.92549846642334128e-03 0.00000000000000000e+00
-4.14196284200202790e-03 0.00000000000000000e+00
3.41286661713321266e-03 0.00000000000000000e+00
-1.51033449957354063e-03 0.00000000000000000e+00
-6.19044988775825449e-04 0.00000000000000000e+00
4.59435990072894380e-03 0.00000000000000000e+00
-3.84712645213433971e-03 0.00000000000000000e+00
4.25839520626480721e-03 0.00000000000000000e+00
-8.10261942195269515e-03 0.00000000000000000e+00
8.30265090130122806e-03 0.00000000000000000e+00
-4.63433956891542900e-03 0.00000000000000000e+00
1.26062848440604107e-03 0.00000000000000000e+00
5.83669708784131849e-04 0.00000000000000000e+00
-7.07345000182012934e-03 0.00000000000000000e+00
2.53783226259590190e-03 0.00000000000000000e+00
-4.79595760271767698e-03 0.00000000000000000e+00
-1.03118230420136334e-02 0.00000000000000000e+00
9.06861509705817262e-03 0.00000000000000000e+00
-5.62822770615137215e-03 0.00000000000000000e+00
1.35250134874585130e-03 0.00000000000000000e+00
3.65100420180919979e-03 0.00000000000000000e+00
-5.46241952504930572e-03 0.00000000000000000e+00
1.98088941496686469e-03 0.00000000000000000e+00
-2.66955273943808059e-03 0.00000000000000000e+00
-1.30009260201350424e-02 0.00000000000000000e+00
1.22249237912266696e-02 0.00000000000000000e+00
-7.19647670485218122e-03 0.00000000000000000e+00
1.40362174846953231e-03 0.00000000000000000e+00
5.27148301964439590e-03 0.00000000000000000e+00
-4.77502519074086366e-03 0.00000000000000000e+00
-7.14361120288529040e-03 0.00000000000000000e+00
3.43936906554431505e-03 0.00000000000000000e+00
-6.48615521478900295e-03 0.00000000000000000e+00
8.38276735644879686e-03 0.00000000000000000e+00
-7.55607783870055304e-03 0.00000000000000000e+00
4.41449639320715820e-03 0.00000000000000000e+00
-1.37266908963679470e-03 0.00000000000000000e+00
-1.10803741343450043e-02 0.00000000000000000e+00
1.23178840352955159e-02 0.00000000000000000e+00
-1.29841767417419943e-02 0.00000000000000000e+00
-3.98337377138801175e-03 0.00000000000000000e+00
3.00118297154190012e-03 0.00000000000000000e+00
-1.43945056008992316e-02 0.00000000000000000e+00
2.29755628069515730e-03 0.00000000000000000e+00
-2.63860308399516263e-05 0.00000000000000000e+00
-1.95885304355364540e-02 0.00000000000000000e+00
1.02709145414606722e-02 0.00000000000000000e+00
-1.62843638922370859e-02 0.00000000000000000e+00
-9.87784522104100289e-03 0.00000000000000000e+00
9.62295764265697420e-03 0.00000000000000000e+00
3.83354533570049198e-03 0.00000000000000000e+00
-6.64979904242009399e-04 0.00000000000000000e+00
6.42472383122396837e-03 0.00000000000000000e+00
-4.57260125693283691e-03 0.00000000000000000e+00
-1.46790641881057882e-03 0.00000000000000000e+00
1.15313598984359729e-03 0.00000000000000000e+00
-3.49466162451812085e-04 0.00000000000000000e+00
2.61578784316859772e-04 0.00000000000000000e+00
-3.24185605844675806e-04 0.00000000000000000e+00
2.76873877965576098e-05 0.00000000000000000e+00
3.47468470169489362e-04 0.00000000000000000e+00
1.88845271187589412e-05 0.00000000000000000e+00
-6.43951477276831800e-04 0.00000000000000000e+00
4.85139313434808372e-04 0.00000000000000000e+00
2.64640123681062259e-04 0.00000000000000000e+00
-1.76893393590686642e-05 0.00000000000000000e+00
-4.08386080197329886e-05 0.00000000000000000e+00
2.09963909567888342e-04 0.00000000000000000e+00
-3.39617132476518102e-04 0.00000000000000000e+00
-4.17513459292176013e-04 0.00000000000000000e+00
7.40884686361507265e-04 0.00000000000000000e+00
-7.34078345426524286e-04 0.00000000000000000e+00
-4.09728153664852546e-03 0.00000000000000000e+00
4.11840823531172372e-03 0.00000000000000000e+00
-2.87196414658212129e-03 0.00000000000000000e+00
6.95785539175583067e-04 0.00000000000000000e+00
3.22713937047849279e-04 0.00000000000000000e+00
-4.05143440751634751e-03 0.00000000000000000e+00
1.41458234346914066e-03 0.00000000000000000e+00
-2.76084327947491177e-03 0.00000000000000000e+00
-5.24568212511288424e-03 0.00000000000000000e+00
4.70056550093860080e-03 0.00000000000000000e+00
-2.37944611174016260e-03 0.00000000000000000e+00
6.17021355150485125e-04 0.00000000000000000e+00
1.91307875012142344e-03 0.00000000000000000e+00
-2.71698034070648724e-03 0.00000000000000000e+00
9.29870361392793579e-04 0.00000000000000000e+00
-1.24374724492708698e-03 0.00000000000000000e+00
-4.27934049681954944e-03 0.00000000000000000e+00
4.28293923386392252e-03 0.00000000000000000e+00
-2.24629929701871810e-04 0.00000000000000000e+00
1.79747260850752930e-04 0.00000000000000000e+00
2.32113076679345233e-03 0.00000000000000000e+00
5.20988441763001620e-04 0.00000000000000000e+00
-3.87859616479900322e-03 0.00000000000000000e+00
3.40504506362358491e-03 0.00000000000000000e+00
-8.21414476896999992e-04 0.00000000000000000e+00
1.58311262169995521e-03 0.00000000000000000e+00
-4.95421844443327819e-03 0.00000000000000000e+00
2.24102534284264686e-03 0.00000000000000000e+00
-1.54045774711713645e-03 0.00000000000000000e+00
-4.96394704674171707e-03 0.00000000000000000e+00
6.08311258831942953e-03 0.00000000000000000e+00
-6.51352592686500233e-03 0.00000000000000000e+00
-2.76730134462005364e-03 0.00000000000000000e+00
2.70275855654721975e-03 0.00000000000000000e+00
-2.50447740187063807e-03 0.00000000000000000e+00
5.30615346696542041e-04 0.00000000000000000e+00
4.24140214161613832e-04 0.00000000000000000e+00
-3.37945236474444409e-03 0.00000000000000000e+00
1.01180436354215172e-03 0.00000000000000000e+00
-2.17172456358253859e-03 0.00000000000000000e+00
-3.36413327906869182e-03 0.00000000000000000e+00
3.17312716442266123e-03 0.00000000000000000e+00
-1.42591721644484345e-03 0.00000000000000000e+00
5.07222078195499002e-04 0.00000000000000000e+00
1.22742940228234192e-03 0.00000000000000000e+00
-2.23141788474350402e-03 0.00000000000000000e+00
1.04404724864705367e-03 0.00000000000000000e+00
-1.26876537959957642e-03 0.00000000000000000e+00
-1.13844870125482940e-04 0.00000000000000000e+00
1.34322948524033623e-03 0.00000000000000000e+00
8.62828539702266244e-03 0.00000000000000000e+00
-1.03954008595897869e-03 0.00000000000000000e+00
1.79718884424435164e-03 0.00000000000000000e+00
7.31457514351091520e-03 0.00000000000000000e+00
-4.45778224950411830e-03 0.00000000000000000e+00
7.45500066752684785e-03 0.00000000000000000e+00
3.71955281236080286e-03 0.00000000000000000e+00
-3.75035860617932469e-03 0.00000000000000000e+00
-1.04945988956473748e-02 0.00000000000000000e+00
2.94432755260219193e-03 0.00000000000000000e+00
-3.30513472320034156e-03 0.00000000000000000e+00
-5.28405826206818346e-03 0.00000000000000000e+00
7.07348005391412928e-03 0.00000000000000000e+00
-8.03865016278223002e-03 0.00000000000000000e+00
2.94813351092126138e-03 0.00000000000000000e+00
-2.78888388701485461e-03 0.00000000000000000e+00
4.89133566014027157e-03 0.00000000000000000e+00
-9.27585834226448531e-04 0.00000000000000000e+00
-3.37229042989257397e-05 0.00000000000000000e+00
7.19821019789399028e-03 0.00000000000000000e+00
-3.76402939177831759e-03 0.00000000000000000e+00
5.89360059591150388e-03 0.00000000000000000e+00
5.35502500923212138e-03 0.00000000000000000e+00
-4.86937607677682786e-03 0.00000000000000000e+00
5.52066656627306601e-04 0.00000000000000000e+00
-1.29738886060421985e-04 0.00000000000000000e+00
-2.80044486540617209e-03 0.00000000000000000e+00
2.63315299332264651e-03 0.00000000000000000e+00
5.96792736465424670e-05 0.00000000000000000e+00
2.33704985026556331e-04 0.00000000000000000e+00
-4.59115605025835899e-03 0.00000000000000000e+00
5.77043306497238180e-03 0.00000000000000000e+00
8.41255638047581217e-03 0.00000000000000000e+00
-8.91236067797364080e-04 0.00000000000000000e+00
4.81709850507160142e-03 0.00000000000000000e+00
8.03635640826345053e-03 0.00000000000000000e+00
-9.37695861949358264e-03 0.00000000000000000e+00
1.18186516566794308e-02 0.00000000000000000e+00
3.87895217094153368e-03 0.00000000000000000e+00
-2.70823634712161199e-03 0.00000000000000000e+00
-1.61686072580483620e-02 0.00000000000000000e+00
5.72678093999748946e-03 0.00000000000000000e+00
-5.62028445862983780e-03 0.00000000000000000e+00
-1.14283937917690290e-02 0.00000000000000000e+00
1.49079634588503429e-02 0.00000000000000000e+00
-1.63849391073935535e-02 0.00000000000000000e+00
1.93067410390397728e-03 0.00000000000000000e+00
-2.03667194561848661e-03 0.00000000000000000e+00
1.78641392933415427e-03 0.00000000000000000e+00
-4.38844188687769648e-04 0.00000000000000000e+00
-3.66327955421256166e-04 0.00000000000000000e+00
3.61606685619869205e-03 0.00000000000000000e+00
-1.77834986880630189e-03 0.00000000000000000e+00
2.69123082143342494e-03 0.00000000000000000e+00
2.84758851915624346e-03 0.00000000000000000e+00
-2.54029125953486980e-03 0.00000000000000000e+00
2.21758166529386789e-03 0.00000000000000000e+00
-6.19669120595607928e-04 0.00000000000000000e+00
-1.27404656133019785e-03 0.00000000000000000e+00
2.76494767333929255e-03 0.00000000000000000e+00
-1.27017276736391066e-03 0.00000000000000000e+00
1.64676672082678804e-03 0.00000000000000000e+00
-3.90980766183748191e-03 0.00000000000000000e+00
3.13561075915962974e-03 0.00000000000000000e+00
-7.85526069667208914e-03 0.00000000000000000e+00
1.22742818499434647e-03 0.00000000000000000e+00
2.42349108769061215e-04 0.00000000000000000e+00
-8.19847982632367078e-03 0.00000000000000000e+00
2.77643624842316373e-03 0.00000000000000000e+00
-5.97892769204712553e-03 0.00000000000000000e+00
-5.70031773223227817e-03 0.00000000000000000e+00
5.82146878925602230e-03 0.00000000000000000e+00
2.88103316455070669e-03 0.00000000000000000e+00
-3.82068787936470033e-04 0.00000000000000000e+00
2.72810579667286937e-03 0.00000000000000000e+00
-1.29941132982012444e-03 0.00000000000000000e+00
-7.70891144057078985e-04 0.00000000000000000e+00
8.89174006499696894e-04 0.00000000000000000e+00
1.84477386283212336e-02 0.00000000000000000e+00
-1.99562087089763009e-02 0.00000000000000000e+00
-8.45673844587637238e-03 0.00000000000000000e+00
9.09331632454370435e-05 0.00000000000000000e+00
-4.21203416061384246e-03 0.00000000000000000e+00
-1.28659360107094625e-02 0.00000000000000000e+00
1.46754828380652666e-02 0.00000000000000000e+00
-1.71563562978216191e-02 0.00000000000000000e+00
1.03166112731143192e-02 0.00000000000000000e+00
-9.12862754696576635e-03 0.00000000000000000e+00
2.20876686114810997e-02 0.00000000000000000e+00
-6.36561041577717555e-03 0.00000000000000000e+00
2.99448667562836682e-03 0.00000000000000000e+00
1.05673569601915616e-02 0.00000000000000000e+00
-1.32979775854452989e-02 0.00000000000000000e+00
1.46171474366497568e-02 0.00000000000000000e+00
-9.08144514301569179e-03 0.00000000000000000e+00
8.91745709502069980e-03 0.00000000000000000e+00
-2.35190016417679551e-03 0.00000000000000000e+00
6.61934051860623525e-04 0.00000000000000000e+00
3.96840243051023098e-03 0.00000000000000000e+00
-9.32557778896975220e-04 0.00000000000000000e+00
-6.16924681779083654e-03 0.00000000000000000e+00
4.55747008407822538e-03 0.00000000000000000e+00
-3.70029911981347966e-03 0.00000000000000000e+00
4.87443265864235132e-03 0.00000000000000000e+00
-8.08908074746661140e-03 0.00000000000000000e+00
3.75693016874666108e-03 0.00000000000000000e+00
-1.75555567171547600e-03 0.00000000000000000e+00
-8.74976988502502995e-03 0.00000000000000000e+00
1.00631764973973074e-02 0.00000000000000000e+00
-1.07613669669883467e-02 0.00000000000000000e+00
-2.85089560222547304e-03 0.00000000000000000e+00
2.96640098332393151e-03 0.00000000000000000e+00
1.51859606811816290e-03 0.00000000000000000e+00
-1.06758567025918389e-04 0.00000000000000000e+00
8.94817377640304995e-04 0.00000000000000000e+00
3.18446551732783772e-03 0.00000000000000000e+00
-3.56434765613825337e-03 0.00000000000000000e+00
4.06186591244944110e-03 0.00000000000000000e+00
-6.79193760183949996e-04 0.00000000000000000e+00
8.08598558426173032e-04 0.00000000000000000e+00
-2.88948041141203404e-03 0.00000000000000000e+00
1.02843197391497493e-03 0.00000000000000000e+00
-1.16385668684581482e-03 0.00000000000000000e+00
-1.22302272605955302e-03 0.00000000000000000e+00
2.42400479886840025e-03 0.00000000000000000e+00
-2.50524140410694112e-03 0.00000000000000000e+00
2.86434110753080009e-03 0.00000000000000000e+00
-2.13535194989749157e-03 0.00000000000000000e+00
6.53717349646601095e-03 0.00000000000000000e+00
-9.74481965773117643e-04 0.00000000000000000e+00
5.47736216084777569e-05 0.00000000000000000e+00
6.25120396632152919e-03 0.00000000000000000e+00
-2.12988206744128524e-03 0.00000000000000000e+00
4.71101736089473474e-03 0.00000000000000000e+00
4.42734768744274150e-03 0.00000000000000000e+00
-4.54866951229593742e-03 0.00000000000000000e+00
-3.53184171811379496e-03 0.00000000000000000e+00
6.73920121251260495e-04 0.00000000000000000e+00
-2.20970821805675961e-03 0.00000000000000000e+00
-2.18963755191592811e-05 0.00000000000000000e+00
1.50723942169069653e-03 0.00000000000000000e+00
-1.76454775774822614e-03 0.00000000000000000e+00
-5.23996171451998529e-03 0.00000000000000000e+00
5.60265199879444054e-03 0.00000000000000000e+00
8.13417364009783993e-04 0.00000000000000000e+00
2.34350505858832230e-04 0.00000000000000000e+00
8.17825037518795468e-04 0.00000000000000000e+00
1.13281470524835754e-03 0.00000000000000000e+00
-2.20198310268063724e-03 0.00000000000000000e+00
2.28082996040595166e-03 0.00000000000000000e+00
-4.29801543606878837e-03 0.00000000000000000e+00
3.71723144138208289e-03 0.00000000000000000e+00
-5.45266425318535579e-03 0.00000000000000000e+00
1.44474449303342201e-03 0.00000000000000000e+00
2.82468878860924594e-04 0.00000000000000000e+00
-2.99555261553207351e-03 0.00000000000000000e+00
2.72389909182036869e-03 0.00000000000000000e+00
-3.11619490818045323e-03 0.00000000000000000e+00
-7.54319141091245801e-03 0.00000000000000000e+00
7.77802211275496324e-03 0.00000000000000000e+00
1.03055276136249834e-03 0.00000000000000000e+00
1.51467262490272213e-04 0.00000000000000000e+00
4.52221548583991734e-03 0.00000000000000000e+00
1.86533906291930685e-03 0.00000000000000000e+00
-7.48697324104545883e-03 0.00000000000000000e+00
7.11303419789623050e-03 0.00000000000000000e+00
-7.30153439159141873e-04 0.00000000000000000e+00
2.10910718828750694e-03 0.00000000000000000e+00
-1.08477538243833185e-02 0.00000000000000000e+00
4.58544789426815636e-03 0.00000000000000000e+00
-3.30665992431135140e-03 0.00000000000000000e+00
-1.00957800262872783e-02 0.00000000000000000e+00
1.23107165765419906e-02 0.00000000000000000e+00
-1.32936725091516838e-02 0.00000000000000000e+00
-8.35231270441286200e-04 0.00000000000000000e+00
3.02669515937356516e-04 0.00000000000000000e+00
-6.32281633537920378e-03 0.00000000000000000e+00
9.30247968081393084e-04 0.00000000000000000e+00
-2.64297611582360744e-04 0.00000000000000000e+00
-8.17414626568705414e-03 0.00000000000000000e+00
4.51463652414102554e-03 0.00000000000000000e+00
-7.06892426666860287e-03 0.00000000000000000e+00
-3.49470903609544210e-03 0.00000000000000000e+00
3.48784149449348933e-03 0.00000000000000000e+00
3.10224684927914605e-03 0.00000000000000000e+00
-6.94840001768562898e-04 0.00000000000000000e+00
2.66624236741553559e-03 0.00000000000000000e+00
-8.65868362326226312e-04 0.00000000000000000e+00
-1.51446513364388241e-03 0.00000000000000000e+00
1.53747249738177922e-03 0.00000000000000000e+00
-3.40319209742806971e-03 0.00000000000000000e+00
2.81868597811356500e-03 0.00000000000000000e+00
-5.40837776739254341e-03 0.00000000000000000e+00
8.39947915236528885e-04 0.00000000000000000e+00
8.25873864638050365e-04 0.00000000000000000e+00
-5.21729309228664926e-03 0.00000000000000000e+00
6.41789390783201294e-04 0.00000000000000000e+00
-2.92723233236399406e-03 0.00000000000000000e+00
-3.47054381107544680e-03 0.00000000000000000e+00
3.90637127800118073e-03 0.00000000000000000e+00
1.13535238184339702e-03 0.00000000000000000e+00
2.73874163733365367e-04 0.00000000000000000e+00
1.19937976609018563e-03 0.00000000000000000e+00
-1.95583316745461932e-03 0.00000000000000000e+00
1.09517711553261551e-03 0.00000000000000000e+00
-1.07508152114138837e-03 0.00000000000000000e+00
6.25453742189275436e-03 0.00000000000000000e+00
-7.12946999976699688e-03 0.00000000000000000e+00
-8.18485919214101063e-03 0.00000000000000000e+00
8.26658056163869100e-04 0.00000000000000000e+00
-2.08989295603836858e-03 0.00000000000000000e+00
-1.20167955280573585e-02 0.00000000000000000e+00
1.01048543441329686e-02 0.00000000000000000e+00
-1.30678412811395927e-02 0.00000000000000000e+00
2.68200909904241160e-04 0.00000000000000000e+00
-1.50331765163145051e-04 0.00000000000000000e+00
1.03687449631529351e-02 0.00000000000000000e+00
-3.04566553058732703e-03 0.00000000000000000e+00
3.84375573618471814e-03 0.00000000000000000e+00
3.19523697326228040e-03 0.00000000000000000e+00
-6.73692994137675954e-03 0.00000000000000000e+00
7.17099281286526138e-03 0.00000000000000000e+00
-8.96895061247094880e-03 0.00000000000000000e+00
9.04757835547045225e-03 0.00000000000000000e+00
-1.71263652731397012e-04 0.00000000000000000e+00
3.57775959102287454e-04 0.00000000000000000e+00
4.70066810884644734e-03 0.00000000000000000e+00
1.23482427352754440e-03 0.00000000000000000e+00
-7.90883886131937656e-03 0.00000000000000000e+00
7.04327600929652992e-03 0.00000000000000000e+00
-2.00209986157582221e-03 0.00000000000000000e+00
3.43332816826497035e-03 0.00000000000000000e+00
-1.06138045490285562e-02 0.00000000000000000e+00
4.64184143505428758e-03 0.00000000000000000e+00
-3.05656250610121093e-03 0.00000000000000000e+00
-1.02683775434880761e-02 0.00000000000000000e+00
1.24504973311907203e-02 0.00000000000000000e+00
-1.33711810582159054e-02 0.00000000000000000e+00
-4.66449003352072643e-03 0.00000000000000000e+00
4.78681640462361949e-03 0.00000000000000000e+00
-3.11513345289664344e-04 0.00000000000000000e+00
2.97434171583785929e-04 0.00000000000000000e+00
1.06193568389780836e-03 0.00000000000000000e+00
2.71952537773709625e-04 0.00000000000000000e+00
-2.21757500476561396e-03 0.00000000000000000e+00
1.86297724438065572e-03 0.00000000000000000e+00
-3.34813946323029481e-03 0.00000000000000000e+00
3.20866787728705475e-03 0.00000000000000000e+00
-4.04410975939298572e-03 0.00000000000000000e+00
1.33774182409571239e-03 0.00000000000000000e+00
4.38174807377954487e-06 0.00000000000000000e+00
-2.91831071290569836e-03 0.00000000000000000e+00
2.93787441068012320e-03 0.00000000000000000e+00
-3.22758173028009181e-03 0.00000000000000000e+00
9.83683785689587562e-04 0.00000000000000000e+00
1.13777839039173293e-03 0.00000000000000000e+00
1.56626751962715520e-02 0.00000000000000000e+00
-1.97526768246940407e-03 0.00000000000000000e+00
2.77158302383356293e-03 0.00000000000000000e+00
1.37630478890924859e-02 0.00000000000000000e+00
-7.81783065531469444e-03 0.00000000000000000e+00
1.33922195310022130e-02 0.00000000000000000e+00
7.55763570786457343e-03 0.00000000000000000e+00
-7.59357298091330440e-03 0.00000000000000000e+00
-1.71134738381930884e-02 0.00000000000000000e+00
4.70968223967513974e-03 0.00000000000000000e+00
-5.99916904577884810e-03 0.00000000000000000e+00
-7.87632992134928642e-03 0.00000000000000000e+00
1.13195331185082654e-02 0.00000000000000000e+00
-1.28510297054292080e-02 0.00000000000000000e+00
-1.01158717420303979e-03 0.00000000000000000e+00
1.63006804850248949e-03 0.00000000000000000e+00
8.76895698320917863e-03 0.00000000000000000e+00
-1.25558552361259364e-03 0.00000000000000000e+00
1.02282448236822292e-03 0.00000000000000000e+00
1.30219762225277733e-02 0.00000000000000000e+00
-8.86721728923856554e-03 0.00000000000000000e+00
1.23716967319100687e-02 0.00000000000000000e+00
4.27436491548162552e-03 0.00000000000000000e+00
-3.98257449275710076e-03 0.00000000000000000e+00
-5.10670509451969807e-03 0.00000000000000000e+00
1.48342572740507717e-03 0.00000000000000000e+00
-4.46511535137443169e-03 0.00000000000000000e+00
7.88621228480073928e-04 0.00000000000000000e+00
3.48504400470302494e-03 0.00000000000000000e+00
-3.43789966008466999e-03 0.00000000000000000e+00
-6.55814167040395281e-03 0.00000000000000000e+00
8.53524022332052823e-03 0.00000000000000000e+00
1.43173452689191131e-02 0.00000000000000000e+00
-1.57228180455009020e-03 0.00000000000000000e+00
7.61155379627495143e-03 0.00000000000000000e+00
1.35657382148436888e-02 0.00000000000000000e+00
-1.50067787604406064e-02 0.00000000000000000e+00
1.92704366705601440e-02 0.00000000000000000e+00
7.03280918710577803e-03 0.00000000000000000e+00
-5.17699805187364030e-03 0.00000000000000000e+00
-2.60038175919083576e-02 0.00000000000000000e+00
9.13342801742087623e-03 0.00000000000000000e+00
-9.24271503822554109e-03 0.00000000000000000e+00
-1.80656769392360077e-02 0.00000000000000000e+00
2.37794038304434373e-02 0.00000000000000000e+00
-2.61587253922585597e-02 0.00000000000000000e+00
3.06947059842652874e-03 0.00000000000000000e+00
-3.29524000078364274e-03 0.00000000000000000e+00
1.77379881786653279e-03 0.00000000000000000e+00
-5.31871607657076408e-04 0.00000000000000000e+00
-7.01397326589021540e-04 0.00000000000000000e+00
4.08973783132656182e-03 0.00000000000000000e+00
-1.69907554230599718e-03 0.00000000000000000e+00
2.71497085802125965e-03 0.00000000000000000e+00
3.83964135897912635e-03 0.00000000000000000e+00
-3.42214730744905314e-03 0.00000000000000000e+00
3.96772041387918190e-03 0.00000000000000000e+00
-1.13003635847124299e-03 0.00000000000000000e+00
-1.42372065418425002e-03 0.00000000000000000e+00
4.18233001439395537e-03 0.00000000000000000e+00
-2.39274837049267613e-03 0.00000000000000000e+00
2.96536599058980872e-03 0.00000000000000000e+00
4.45902272488908798e-03 0.00000000000000000e+00
-3.62063494654181342e-03 0.00000000000000000e+00
8.68465696483331634e-03 0.00000000000000000e+00
-1.37058284386572986e-03 0.00000000000000000e+00
-2.65605696664130276e-04 0.00000000000000000e+00
9.12966286364491793e-03 0.00000000000000000e+00
-3.11743343157869354e-03 0.00000000000000000e+00
6.66627003903001725e-03 0.00000000000000000e+00
6.49226994020372060e-03 0.00000000000000000e+00
-6.58468503606633986e-03 0.00000000000000000e+00
-3.01526759734436480e-03 0.00000000000000000e+00
3.93512990023192112e-04 0.00000000000000000e+00
-3.08309244653749140e-03 0.00000000000000000e+00
1.53447967498436446e-03 0.00000000000000000e+00
8.24297347511584490e-04 0.00000000000000000e+00
-9.36891778340856744e-04 0.00000000000000000e+00
-2.08125879063382167e-02 0.00000000000000000e+00
2.24106628764712164e-02 0.00000000000000000e+00
7.84308332120448905e-03 0.00000000000000000e+00
1.57416637933879074e-04 0.00000000000000000e+00
4.50973746743752336e-03 0.00000000000000000e+00
1.19936792054372420e-02 0.00000000000000000e+00
-1.48097875513189918e-02 0.00000000000000000e+00
1.69302065848429238e-02 0.00000000000000000e+00
-1.27577164389314872e-02 0.00000000000000000e+00
1.12925464201703747e-02 0.00000000000000000e+00
-2.40427351703051892e-02 0.00000000000000000e+00
6.88817789499626774e-03 0.00000000000000000e+00
-2.41112379671816479e-03 0.00000000000000000e+00
-1.20582288197347808e-02 0.00000000000000000e+00
1.42363885126931128e-02 0.00000000000000000e+00
-1.57377179096529554e-02 0.00000000000000000e+00
6.71612022890635818e-03 0.00000000000000000e+00
-6.63030677006127330e-03 0.00000000000000000e+00
1.56609460408832371e-03 0.00000000000000000e+00
-4.75755831429493085e-04 0.00000000000000000e+00
-2.85882745788097270e-03 0.00000000000000000e+00
5.73039118208713556e-04 0.00000000000000000e+00
4.48939375482365968e-03 0.00000000000000000e+00
-3.37058646343184462e-03 0.00000000000000000e+00
2.85188222639724516e-03 0.00000000000000000e+00
-3.64296435629854953e-03 0.00000000000000000e+00
6.10254461287936586e-03 0.00000000000000000e+00
-2.75529309963607177e-03 0.00000000000000000e+00
1.23270299886963437e-03 0.00000000000000000e+00
6.39719212273219019e-03 0.00000000000000000e+00
-7.30734551647903297e-03 0.00000000000000000e+00
7.83136145509620747e-03 0.00000000000000000e+00
1.80818401006635813e-03 0.00000000000000000e+00
-2.05126277613925517e-03 0.00000000000000000e+00
-3.73540420185477801e-03 0.00000000000000000e+00
4.88485049680684137e-04 0.00000000000000000e+00
-8.14537726523077536e-04 0.00000000000000000e+00
-6.20578045748624435e-03 0.00000000000000000e+00
5.00072630671799870e-03 0.00000000000000000e+00
-6.44798672135899267e-03 0.00000000000000000e+00
-1.19473061807885824e-03 0.00000000000000000e+00
9.90998507860389038e-04 0.00000000000000000e+00
3.04107630639181056e-03 0.00000000000000000e+00
-1.00344416767353764e-03 0.00000000000000000e+00
2.18488277081689899e-03 0.00000000000000000e+00
2.20306577199077543e-04 0.00000000000000000e+00
-2.38904619798183939e-03 0.00000000000000000e+00
2.38546247487239236e-03 0.00000000000000000e+00
-2.65194520668631320e-03 0.00000000000000000e+00
2.23947042334974753e-03 0.00000000000000000e+00
-4.31969100263748101e-03 0.00000000000000000e+00
6.99525902378271818e-04 0.00000000000000000e+00
2.86433566098094291e-04 0.00000000000000000e+00
-4.43660831947158708e-03 0.00000000000000000e+00
1.21773354720468362e-03 0.00000000000000000e+00
-3.00958296509252609e-03 0.00000000000000000e+00
-3.42244861950021526e-03 0.00000000000000000e+00
3.49663872265763408e-03 0.00000000000000000e+00
1.09163432736650865e-03 0.00000000000000000e+00
-3.34172253743322020e-05 0.00000000000000000e+00
1.44808184389717733e-03 0.00000000000000000e+00
-1.09428717327739243e-03 0.00000000000000000e+00
-2.63461513985496722e-06 0.00000000000000000e+00
3.11639670752773883e-05 0.00000000000000000e+00
7.53456196460136444e-03 0.00000000000000000e+00
-7.99833163559260721e-03 0.00000000000000000e+00
-6.83449524585453779e-04 0.00000000000000000e+00
-3.95771977134403883e-04 0.00000000000000000e+00
-1.26559635259772675e-03 0.00000000000000000e+00
-1.04045436806611373e-03 0.00000000000000000e+00
2.97951662905214998e-03 0.00000000000000000e+00
-2.88678851017820735e-03 0.00000000000000000e+00
6.18237368413955025e-03 0.00000000000000000e+00
-5.43729672014261253e-03 0.00000000000000000e+00
7.62557081981930611e-03 0.00000000000000000e+00
-2.09271105480615758e-03 0.00000000000000000e+00
-4.58849075447020915e-04 0.00000000000000000e+00
4.51811610882322558e-03 0.00000000000000000e+00
-4.06026702393116456e-03 0.00000000000000000e+00
4.62871959547332418e-03 0.00000000000000000e+00
3.36893159024793812e-03 0.00000000000000000e+00
-3.41953112589625996e-03 0.00000000000000000e+00
-1.18512330092494699e-04 0.00000000000000000e+00
-1.05058888060318990e-04 0.00000000000000000e+00
-2.01585796391558691e-03 0.00000000000000000e+00
-5.56110868578926949e-04 0.00000000000000000e+00
3.26025874974059278e-03 0.00000000000000000e+00
-2.96624396942483199e-03 0.00000000000000000e+00
3.65464583194488222e-04 0.00000000000000000e+00
-1.02694964067015265e-03 0.00000000000000000e+00
4.49106725602158290e-03 0.00000000000000000e+00
-1.98208148847264223e-03 0.00000000000000000e+00
1.42215522899301057e-03 0.00000000000000000e+00
4.41342803664715889e-03 0.00000000000000000e+00
-5.38619334437401721e-03 0.00000000000000000e+00
5.79514357535894191e-03 0.00000000000000000e+00
6.84886768395773010e-04 0.00000000000000000e+00
-3.28431188402086263e-04 0.00000000000000000e+00
4.86886992469060757e-03 0.00000000000000000e+00
-7.41113788496163819e-04 0.00000000000000000e+00
2.15217384375547094e-04 0.00000000000000000e+00
6.67391920901486916e-03 0.00000000000000000e+00
-3.84021115743439197e-03 0.00000000000000000e+00
5.83160829748458412e-03 0.00000000000000000e+00
2.94478118658534618e-03 0.00000000000000000e+00
-2.85407466517618134e-03 0.00000000000000000e+00
-1.99940651446590132e-03 0.00000000000000000e+00
4.70552640855159091e-04 0.00000000000000000e+00
-2.22830924978822042e-03 0.00000000000000000e+00
9.96180923327372181e-04 0.00000000000000000e+00
1.07549986010251693e-03 0.00000000000000000e+00
-1.02695854887463250e-03 0.00000000000000000e+00
2.71537674423670116e-03 0.00000000000000000e+00
-2.66392242611620134e-03 0.00000000000000000e+00
1.21805708240782626e-03 0.00000000000000000e+00
-2.86257717245377939e-04 0.00000000000000000e+00
-1.21366688910318969e-03 0.00000000000000000e+00
1.31515932200919642e-03 0.00000000000000000e+00
1.18227551353244139e-03 0.00000000000000000e+00
-4.62672231799352680e-04 0.00000000000000000e+00
1.42096516469010915e-03 0.00000000000000000e+00
-1.74874603100841569e-03 0.00000000000000000e+00
2.51862566554867566e-03 0.00000000000000000e+00
-1.15976158908882919e-03 0.00000000000000000e+00
2.31819731705172497e-04 0.00000000000000000e+00
3.08136796540752237e-03 0.00000000000000000e+00
-3.11174863193172365e-03 0.00000000000000000e+00
3.38754822085617774e-03 0.00000000000000000e+00
-1.49571478791719024e-03 0.00000000000000000e+00
1.66316414400967979e-03 0.00000000000000000e+00
7.71740042160252103e-04 0.00000000000000000e+00
-2.29936655104565196e-06 0.00000000000000000e+00
2.94566913991724927e-04 0.00000000000000000e+00
8.98360104223633370e-04 0.00000000000000000e+00
-9.53076754433077500e-04 0.00000000000000000e+00
1.17860480394827122e-03 0.00000000000000000e+00
-1.00868979581142902e-03 0.00000000000000000e+00
8.31075609066282022e-04 0.00000000000000000e+00
-2.03807533062821348e-03 0.00000000000000000e+00
5.33719072345369919e-04 0.00000000000000000e+00
-1.19696402046463911e-04 0.00000000000000000e+00
-9.83934701209110635e-04 0.00000000000000000e+00
1.04992365700676683e-03 0.00000000000000000e+00
-1.19464417643417534e-03 0.00000000000000000e+00
-1.39334701616108426e-03 0.00000000000000000e+00
7.49026085746016374e-04 0.00000000000000000e+00
-5.19452842672890689e-03 0.00000000000000000e+00
7.21630342842067684e-04 0.00000000000000000e+00
-6.46720822888512690e-04 0.00000000000000000e+00
-4.62421659231231508e-03 0.00000000000000000e+00
2.19766358049391453e-03 0.00000000000000000e+00
-4.11893041453551163e-03 0.00000000000000000e+00
-3.30780176704981903e-03 0.00000000000000000e+00
3.26313720864801699e-03 0.00000000000000000e+00
4.48054846721499412e-03 0.00000000000000000e+00
-1.19095520275140318e-03 0.00000000000000000e+00
2.02034978542468911e-03 0.00000000000000000e+00
1.71550997477610645e-03 0.00000000000000000e+00
-2.93354719449303528e-03 0.00000000000000000e+00
3.33376807623567660e-03 0.00000000000000000e+00
3.28515512807227869e-04 0.00000000000000000e+00
-7.13652483014437316e-04 0.00000000000000000e+00
-4.82644522988707678e-03 0.00000000000000000e+00
6.77254722744153443e-04 0.00000000000000000e+00
-3.31396267249794041e-04 0.00000000000000000e+00
-6.82535571003553207e-03 0.00000000000000000e+00
4.25946464760526902e-03 0.00000000000000000e+00
-6.20261809563165279e-03 0.00000000000000000e+00
-2.07411966151581102e-03 0.00000000000000000e+00
2.07709026606407981e-03 0.00000000000000000e+00
2.71502534622198883e-03 0.00000000000000000e+00
-6.64446193257364716e-04 0.00000000000000000e+00
2.13638443148979817e-03 0.00000000000000000e+00
-6.28486567021724861e-04 0.00000000000000000e+00
-1.40881786483916267e-03 0.00000000000000000e+00
1.39578163706549022e-03 0.00000000000000000e+00
1.62324680155654039e-03 0.00000000000000000e+00
-3.18735167621017786e-03 0.00000000000000000e+00
-1.09788501127920674e-02 0.00000000000000000e+00
1.27541679659433750e-03 0.00000000000000000e+00
-3.09752853715214872e-03 0.00000000000000000e+00
-9.64825076025465668e-03 0.00000000000000000e+00
7.13303902180060633e-03 0.00000000000000000e+00
-1.08170664376702561e-02 0.00000000000000000e+00
-4.51925051532497957e-03 0.00000000000000000e+00
4.28284077677235260e-03 0.00000000000000000e+00
1.50580612408516661e-02 0.00000000000000000e+00
-4.52414673223969221e-03 0.00000000000000000e+00
4.79755221862108658e-03 0.00000000000000000e+00
8.38775296472434213e-03 0.00000000000000000e+00
-1.11193061933632775e-02 0.00000000000000000e+00
1.24864457718599046e-02 0.00000000000000000e+00
3.98410715560303889e-03 0.00000000000000000e+00
-4.81795516759174480e-03 0.00000000000000000e+00
-1.06136468461563317e-02 0.00000000000000000e+00
1.37337090569280662e-03 0.00000000000000000e+00
-1.98576746914158912e-03 0.00000000000000000e+00
-1.61372894777439234e-02 0.00000000000000000e+00
1.22886371252015174e-02 0.00000000000000000e+00
-1.63788907791405959e-02 0.00000000000000000e+00
-3.43261041265210476e-03 0.00000000000000000e+00
3.09976028018625702e-03 0.00000000000000000e+00
8.82267112598849115e-03 0.00000000000000000e+00
-2.70118442008673940e-03 0.00000000000000000e+00
5.58387725167907786e-03 0.00000000000000000e+00
9.79246106286331321e-04 0.00000000000000000e+00
-6.29287335159930440e-03 0.00000000000000000e+00
6.43026116524883420e-03 0.00000000000000000e+00
-6.34264448312161101e-03 0.00000000000000000e+00
4.16587325918008327e-03 0.00000000000000000e+00
-1.73185612884803886e-02 0.00000000000000000e+00
2.45304327386358960e-03 0.00000000000000000e+00
-1.40087555533786683e-03 0.00000000000000000e+00
-1.47252035161877202e-02 0.00000000000000000e+00
5.58106352764623816e-03 0.00000000000000000e+00
-1.20913859006993862e-02 0.00000000000000000e+00
-1.14022786129315285e-02 0.00000000000000000e+00
1.15127090175223424e-02 0.00000000000000000e+00
1.34555118690291887e-02 0.00000000000000000e+00
-3.26766382795536667e-03 0.00000000000000000e+00
6.12540580196694641e-03 0.00000000000000000e+00
4.39747018846051684e-03 0.00000000000000000e+00
-7.88720529782597872e-03 0.00000000000000000e+00
9.14002378320393633e-03 0.00000000000000000e+00
-4.82165982119500420e-03 0.00000000000000000e+00
4.27348253489337210e-03 0.00000000000000000e+00
-1.08896968950509127e-02 0.00000000000000000e+00
1.89019399106868250e-03 0.00000000000000000e+00
5.59228117896163690e-04 0.00000000000000000e+00
-1.56707729731092836e-02 0.00000000000000000e+00
7.67101105307575488e-03 0.00000000000000000e+00
-1.24028127356895397e-02 0.00000000000000000e+00
-9.01654999769990750e-03 0.00000000000000000e+00
8.66637229412028226e-03 0.00000000000000000e+00
1.18536786546649848e-05 0.00000000000000000e+00
3.54948228885115075e-04 0.00000000000000000e+00
5.08340505444936260e-03 0.00000000000000000e+00
-5.86472107211490415e-03 0.00000000000000000e+00
8.11077240203330425e-04 0.00000000000000000e+00
-1.38023150482143638e-03 0.00000000000000000e+00
3.55484251303298405e-03 0.00000000000000000e+00
-2.08304486099230831e-03 0.00000000000000000e+00
1.12569001506744558e-02 0.00000000000000000e+00
-1.52630781233494472e-03 0.00000000000000000e+00
1.41712679929773780e-04 0.00000000000000000e+00
9.77274198743406305e-03 0.00000000000000000e+00
-2.96154614383431231e-03 0.00000000000000000e+00
7.29195089661427865e-03 0.00000000000000000e+00
5.65295976994879129e-03 0.00000000000000000e+00
-6.29599550974946961e-03 0.00000000000000000e+00
-8.19199311609151819e-03 0.00000000000000000e+00
1.56623068802210072e-03 0.00000000000000000e+00
-3.07443760615748766e-03 0.00000000000000000e+00
-1.44852312845913391e-03 0.00000000000000000e+00
3.15738040031959951e-03 0.00000000000000000e+00
-3.85258895772663378e-03 0.00000000000000000e+00
2.53857857941807916e-03 0.00000000000000000e+00
-1.95526842931980282e-03 0.00000000000000000e+00
1.04283050125041580e-02 0.00000000000000000e+00
-1.71928144045735030e-03 0.00000000000000000e+00
7.10464941316407477e-04 0.00000000000000000e+00
1.50028689765279184e-02 0.00000000000000000e+00
-9.06218410747774636e-03 0.00000000000000000e+00
1.33714969085646385e-02 0.00000000000000000e+00
8.26101262742163188e-03 0.00000000000000000e+00
-7.55789043353823943e-03 0.00000000000000000e+00
-2.99552183038283813e-03 0.00000000000000000e+00
9.24918786372245691e-04 0.00000000000000000e+00
-5.62396516580048085e-03 0.00000000000000000e+00
2.65500754835039810e-03 0.00000000000000000e+00
2.61354566022007446e-03 0.00000000000000000e+00
-2.36532300737912629e-03 0.00000000000000000e+00
2.26384075650293341e-04 0.00000000000000000e+00
2.30204558049231574e-04 0.00000000000000000e+00
3.17794638422161206e-03 0.00000000000000000e+00
-3.96953252794897285e-04 0.00000000000000000e+00
8.09708353245461440e-04 0.00000000000000000e+00
2.46734567649055945e-03 0.00000000000000000e+00
-1.57585669017492398e-03 0.00000000000000000e+00
2.65314799297475604e-03 0.00000000000000000e+00
1.79421549822963012e-03 0.00000000000000000e+00
-1.69724937134954211e-03 0.00000000000000000e+00
-4.02715662712287148e-03 0.00000000000000000e+00
1.20309156830830590e-03 0.00000000000000000e+00
-1.36176233438144948e-03 0.00000000000000000e+00
-2.33279377269804194e-03 0.00000000000000000e+00
3.02437052968652312e-03 0.00000000000000000e+00
-3.42722567884763771e-03 0.00000000000000000e+00
4.75836558106653481e-03 0.00000000000000000e+00
-5.17291878020264672e-03 0.00000000000000000e+00
-1.19829086744018942e-03 0.00000000000000000e+00
-1.57690867415652099e-04 0.00000000000000000e+00
-1.15214416620880856e-03 0.00000000000000000e+00
-1.10824330145377955e-03 0.00000000000000000e+00
2.31884823283145256e-03 0.00000000000000000e+00
-2.48934618981636133e-03 0.00000000000000000e+00
3.35458119780639510e-03 0.00000000000000000e+00
-2.96981632472788446e-03 0.00000000000000000e+00
6.13177177418461252e-03 0.00000000000000000e+00
-1.76528857782384677e-03 0.00000000000000000e+00
1.35501563992865054e-04 0.00000000000000000e+00
3.84818602132917841e-03 0.00000000000000000e+00
-3.74039052297980195e-03 0.00000000000000000e+00
4.24870731692469569e-03 0.00000000000000000e+00
1.94727572105091417e-04 0.00000000000000000e+00
-8.36254085526445552e-04 0.00000000000000000e+00
-4.39303896127921176e-03 0.00000000000000000e+00
5.13186165281573044e-04 0.00000000000000000e+00
-7.71255530274657830e-04 0.00000000000000000e+00
-3.73953598422488431e-03 0.00000000000000000e+00
2.12829192558080388e-03 0.00000000000000000e+00
-3.67023416830217350e-03 0.00000000000000000e+00
-1.51928217430087739e-03 0.00000000000000000e+00
1.65219874012809674e-03 0.00000000000000000e+00
5.28631353623561229e-03 0.00000000000000000e+00
-1.40339619669298840e-03 0.00000000000000000e+00
1.49564388917100078e-03 0.00000000000000000e+00
2.45689678127097725e-03 0.00000000000000000e+00
-3.24472752062155605e-03 0.00000000000000000e+00
3.71883534372561241e-03 0.00000000000000000e+00
7.14688016021920551e-04 0.00000000000000000e+00
-1.27532933279143066e-03 0.00000000000000000e+00
-8.51233089756190178e-03 0.00000000000000000e+00
1.25423948714814288e-03 0.00000000000000000e+00
-1.25004297778863460e-03 0.00000000000000000e+00
-1.26800541714141499e-02 0.00000000000000000e+00
8.91834204853560533e-03 0.00000000000000000e+00
-1.22974115620553218e-02 0.00000000000000000e+00
-4.87730979274497364e-03 0.00000000000000000e+00
4.36820366068268063e-03 0.00000000000000000e+00
4.97173392742415819e-03 0.00000000000000000e+00
-1.59409275366969921e-03 0.00000000000000000e+00
4.70185905571679323e-03 0.00000000000000000e+00
-4.17779798630414851e-04 0.00000000000000000e+00
-3.99601044204698618e-03 0.00000000000000000e+00
3.96766325737172437e-03 0.00000000000000000e+00
-1.17911440538840239e-02 0.00000000000000000e+00
1.10677035716005359e-02 0.00000000000000000e+00
-6.67085421618090601e-03 0.00000000000000000e+00
1.29569807511362308e-03 0.00000000000000000e+00
4.54839543013469284e-03 0.00000000000000000e+00
-4.36358749012012628e-03 0.00000000000000000e+00
-6.24542862996115260e-03 0.00000000000000000e+00
2.86877383767571376e-03 0.00000000000000000e+00
-6.22358266927220891e-03 0.00000000000000000e+00
7.83072074135380061e-03 0.00000000000000000e+00
-6.37988856133429091e-03 0.00000000000000000e+00
3.78111139046392484e-03 0.00000000000000000e+00
-1.00670387378010259e-03 0.00000000000000000e+00
-9.51055860899998988e-03 0.00000000000000000e+00
1.05102646545390862e-02 0.00000000000000000e+00
-1.10525662345603692e-02 0.00000000000000000e+00
-4.91980250489228513e-03 0.00000000000000000e+00
4.44440239172985176e-03 0.00000000000000000e+00
-8.37766261566736878e-03 0.00000000000000000e+00
1.48299020947720100e-03 0.00000000000000000e+00
6.34084374266567427e-04 0.00000000000000000e+00
-1.11390607239210491e-02 0.00000000000000000e+00
4.66239826621549485e-03 0.00000000000000000e+00
-8.30438243323924040e-03 0.00000000000000000e+00
-7.52394572344374478e-03 0.00000000000000000e+00
7.30411498730321358e-03 0.00000000000000000e+00
-2.91279158869225420e-04 0.00000000000000000e+00
4.40470624582961240e-04 0.00000000000000000e+00
3.66672846364768596e-03 0.00000000000000000e+00
-4.46561863369160025e-03 0.00000000000000000e+00
9.89901177067047068e-04 0.00000000000000000e+00
-1.36391091650133345e-03 0.00000000000000000e+00
1.45301845519703944e-04 0.00000000000000000e+00
-6.86902186078794711e-04 0.00000000000000000e+00
-3.49250438578477393e-03 0.00000000000000000e+00
3.94864795800298522e-04 0.00000000000000000e+00
-6.00628141780257100e-04 0.00000000000000000e+00
-2.73526503252016079e-03 0.00000000000000000e+00
1.45424532949976130e-03 0.00000000000000000e+00
-2.66620968413797295e-03 0.00000000000000000e+00
-1.08076985476110248e-03 0.00000000000000000e+00
1.23578710241762594e-03 0.00000000000000000e+00
4.41195659252157247e-03 0.00000000000000000e+00
-1.14691613126756127e-03 0.00000000000000000e+00
1.08382135431580196e-03 0.00000000000000000e+00
2.13782623006777972e-03 0.00000000000000000e+00
-2.61787377011650198e-03 0.00000000000000000e+00
3.03404234448709535e-03 0.00000000000000000e+00
-3.82509710678326058e-03 0.00000000000000000e+00
3.73566026832719772e-03 0.00000000000000000e+00
-4.53606694523386346e-03 0.00000000000000000e+00
9.33782871344713042e-04 0.00000000000000000e+00
1.04584190900195351e-04 0.00000000000000000e+00
-6.60273376669006425e-03 0.00000000000000000e+00
3.21003295437361598e-03 0.00000000000000000e+00
-5.22111506299267978e-03 0.00000000000000000e+00
-6.04415052647144097e-03 0.00000000000000000e+00
5.43013434988364428e-03 0.00000000000000000e+00
-1.39826745473633791e-03 0.00000000000000000e+00
3.19727610897482079e-04 0.00000000000000000e+00
2.79561179697918180e-03 0.00000000000000000e+00
-2.86769564114516210e-03 0.00000000000000000e+00
2.23487168337479315e-04 0.00000000000000000e+00
-5.52321069168814705e-04 0.00000000000000000e+00
-2.60137610360706029e-03 0.00000000000000000e+00
2.06822145457653817e-03 0.00000000000000000e+00
-4.20784811322486973e-03 0.00000000000000000e+00
6.27586490222557932e-04 0.00000000000000000e+00
2.78090626194160261e-04 0.00000000000000000e+00
-3.31735107594559363e-03 0.00000000000000000e+00
2.49974820356509478e-04 0.00000000000000000e+00
-1.92833385654555970e-03 0.00000000000000000e+00
-2.85703598292332255e-03 0.00000000000000000e+00
3.10817440047795549e-03 0.00000000000000000e+00
2.02253337803195380e-03 0.00000000000000000e+00
-2.09968921059888427e-04 0.00000000000000000e+00
1.01746175396465709e-03 0.00000000000000000e+00
-1.79115159569492800e-04 0.00000000000000000e+00
-3.07886706186457672e-04 0.00000000000000000e+00
5.09354735439023539e-04 0.00000000000000000e+00
-2.72274609697566086e-03 0.00000000000000000e+00
2.62594266549946243e-03 0.00000000000000000e+00
-3.42089311615397960e-03 0.00000000000000000e+00
6.76124642299428982e-04 0.00000000000000000e+00
4.06222345104856233e-04 0.00000000000000000e+00
-4.99846226582033315e-03 0.00000000000000000e+00
2.06724473509797705e-03 0.00000000000000000e+00
-3.62348171961631837e-03 0.00000000000000000e+00
-3.86695773334537907e-03 0.00000000000000000e+00
3.64243751508726201e-03 0.00000000000000000e+00
-1.28489393407281200e-03 0.00000000000000000e+00
4.75962803260379186e-04 0.00000000000000000e+00
1.71808360713388204e-03 0.00000000000000000e+00
-2.72574027048793580e-03 0.00000000000000000e+00
9.91316296576492647e-04 0.00000000000000000e+00
-1.28222129477909095e-03 0.00000000000000000e+00
7.69078000984851169e-04 0.00000000000000000e+00
-9.08158030953649747e-04 0.00000000000000000e+00
-1.03766603009745862e-03 0.00000000000000000e+00
1.06488626265089837e-04 0.00000000000000000e+00
-7.15625142291750763e-04 0.00000000000000000e+00
-1.07979551486490325e-03 0.00000000000000000e+00
1.40852232671874618e-03 0.00000000000000000e+00
-1.69312745300889320e-03 0.00000000000000000e+00
-4.86118584758221022e-04 0.00000000000000000e+00
2.89822748495205992e-04 0.00000000000000000e+00
2.19769032365558148e-03 0.00000000000000000e+00
-8.13299163152604891e-04 0.00000000000000000e+00
8.02011684543051844e-04 0.00000000000000000e+00
1.61938661864938368e-03 0.00000000000000000e+00
-2.14278377251123520e-03 0.00000000000000000e+00
2.33822113623379174e-03 0.00000000000000000e+00
3.37138939563463077e-03 0.00000000000000000e+00
-3.57896535729133230e-03 0.00000000000000000e+00
-8.40776874982395893e-04 0.00000000000000000e+00
-7.99180027155469336e-05 0.00000000000000000e+00
-7.03714657537601656e-04 0.00000000000000000e+00
-1.47700165699312519e-03 0.00000000000000000e+00
2.15907156626537122e-03 0.00000000000000000e+00
-2.33754468461332869e-03 0.00000000000000000e+00
2.20960901155675942e-03 0.00000000000000000e+00
-1.99418846225361823e-03 0.00000000000000000e+00
3.54150487209388539e-03 0.00000000000000000e+00
-1.03751991712951902e-03 0.00000000000000000e+00
2.51436820713980456e-04 0.00000000000000000e+00
1.89762387008033935e-03 0.00000000000000000e+00
-2.14712386576793772e-03 0.00000000000000000e+00
2.36889155736696305e-03 0.00000000000000000e+00
-1.15601743712433138e-03 0.00000000000000000e+00
6.81490904965030304e-04 0.00000000000000000e+00
-3.84424038926643773e-03 0.00000000000000000e+00
5.40409010526454433e-04 0.00000000000000000e+00
-4.66808601828547318e-04 0.00000000000000000e+00
-3.38421084869666320e-03 0.00000000000000000e+00
1.56236845397952039e-03 0.00000000000000000e+00
-2.98695576128809931e-03 0.00000000000000000e+00
-2.55125969246161512e-03 0.00000000000000000e+00
2.50696921433531160e-03 0.00000000000000000e+00
3.24030041544276157e-03 0.00000000000000000e+00
-8.61459097305652000e-04 0.00000000000000000e+00
1.50250223495281845e-03 0.00000000000000000e+00
1.24122902745597472e-03 0.00000000000000000e+00
-2.13941444425861955e-03 0.00000000000000000e+00
2.43392394002724631e-03 0.00000000000000000e+00
-1.02135723338825886e-04 0.00000000000000000e+00
-7.45172494433143706e-05 0.00000000000000000e+00
-2.28486040156407810e-03 0.00000000000000000e+00
3.32837445223552143e-04 0.00000000000000000e+00
-6.77548920568785492e-05 0.00000000000000000e+00
-3.18843712236398322e-03 0.00000000000000000e+00
1.84115526385049584e-03 0.00000000000000000e+00
-2.77718675936412416e-03 0.00000000000000000e+00
-1.11007953598045699e-03 0.00000000000000000e+00
1.12328539996352792e-03 0.00000000000000000e+00
1.02598789830077547e-03 0.00000000000000000e+00
-2.16417424406288106e-04 0.00000000000000000e+00
9.70803435554592944e-04 0.00000000000000000e+00
-5.06547388007908017e-04 0.00000000000000000e+00
-4.26554005038376829e-04 0.00000000000000000e+00
4.00665459530601912e-04 0.00000000000000000e+00
-1.86159450748895976e-03 0.00000000000000000e+00
1.84194590900962538e-03 0.00000000000000000e+00
-1.81720104971770939e-03 0.00000000000000000e+00
3.88723640880468267e-04 0.00000000000000000e+00
2.76088064173018804e-04 0.00000000000000000e+00
-2.74130055762403626e-03 0.00000000000000000e+00
1.05438251051745186e-03 0.00000000000000000e+00
-1.90984257040454296e-03 0.00000000000000000e+00
-2.46880242182895933e-03 0.00000000000000000e+00
2.28636781607787637e-03 0.00000000000000000e+00
-1.14727826018795154e-03 0.00000000000000000e+00
3.67051422894574902e-04 0.00000000000000000e+00
9.99221533151901757e-04 0.00000000000000000e+00
-1.76236025801000478e-03 0.00000000000000000e+00
7.35679697509386446e-04 0.00000000000000000e+00
-9.38919303867331444e-04 0.00000000000000000e+00
1.62816660633174522e-02 0.00000000000000000e+00
-1.72285744832967602e-02 0.00000000000000000e+00
-1.70953664321484098e-03 0.00000000000000000e+00
-7.83652726221856981e-04 0.00000000000000000e+00
-3.04330462032667776e-03 0.00000000000000000e+00
-2.98401143533796485e-03 0.00000000000000000e+00
7.36927595140906850e-03 0.00000000000000000e+00
-7.25169101079853329e-03 0.00000000000000000e+00
1.25771032464897774e-02 0.00000000000000000e+00
-1.12309663426977350e-02 0.00000000000000000e+00
1.65069362047202545e-02 0.00000000000000000e+00
-4.70609635126232988e-03 0.00000000000000000e+00
-4.07636727991580116e-04 0.00000000000000000e+00
9.90096326137669853e-03 0.00000000000000000e+00
-9.45883926435561219e-03 0.00000000000000000e+00
1.06589721495597284e-02 0.00000000000000000e+00
-5.21073583827640508e-03 0.00000000000000000e+00
5.33418327843189662e-03 0.00000000000000000e+00
1.17135797986275768e-04 0.00000000000000000e+00
2.04863637071699871e-04 0.00000000000000000e+00
2.62370771231411120e-03 0.00000000000000000e+00
6.15460191687888401e-04 0.00000000000000000e+00
-4.25800942556522292e-03 0.00000000000000000e+00
3.83164824459036098e-03 0.00000000000000000e+00
-1.44980035474685039e-03 0.00000000000000000e+00
2.13168904782886455e-03 0.00000000000000000e+00
-6.54356018552134169e-03 0.00000000000000000e+00
2.70236339620239874e-03 0.00000000000000000e+00
-1.58207532645793757e-03 0.00000000000000000e+00
-6.07070267882647927e-03 0.00000000000000000e+00
7.10825350013769269e-03 0.00000000000000000e+00
-7.69411459023392613e-03 0.00000000000000000e+00
4.40583439960035613e-04 0.00000000000000000e+00
-4.37361964858454136e-04 0.00000000000000000e+00
2.09851179949071664e-03 0.00000000000000000e+00
-3.90975226246972115e-04 0.00000000000000000e+00
1.56502249461505150e-04 0.00000000000000000e+00
3.91061083291579289e-03 0.00000000000000000e+00
-2.68045565412777537e-03 0.00000000000000000e+00
3.60231472418033041e-03 0.00000000000000000e+00
2.04681141301081386e-03 0.00000000000000000e+00
-1.74811978172202090e-03 0.00000000000000000e+00
1.92142962617190946e-04 0.00000000000000000e+00
4.71161737508062308e-05 0.00000000000000000e+00
-1.48104066769088401e-03 0.00000000000000000e+00
1.27938477857498308e-03 0.00000000000000000e+00
2.93759467225056757e-04 0.00000000000000000e+00
-9.53540417581842810e-05 0.00000000000000000e+00
2.05597206745912128e-03 0.00000000000000000e+00
-1.93703991917971194e-03 0.00000000000000000e+00
1.94218862262714067e-03 0.00000000000000000e+00
-3.74344015329618088e-04 0.00000000000000000e+00
-4.23112950342552547e-04 0.00000000000000000e+00
2.21627527818646971e-03 0.00000000000000000e+00
-3.00687729401033987e-04 0.00000000000000000e+00
1.18638754371761857e-03 0.00000000000000000e+00
2.15644150392893400e-03 0.00000000000000000e+00
-2.15960424725254209e-03 0.00000000000000000e+00
7.23327776183149392e-04 0.00000000000000000e+00
-3.74394416528676195e-04 0.00000000000000000e+00
-6.65340819924179492e-04 0.00000000000000000e+00
1.50776394982444942e-03 0.00000000000000000e+00
-9.05688444390910876e-04 0.00000000000000000e+00
1.02071578216497510e-03 0.00000000000000000e+00
-5.10537026497112807e-03 0.00000000000000000e+00
5.22625922434773703e-03 0.00000000000000000e+00
-2.72868757488199751e-03 0.00000000000000000e+00
7.57406001423118857e-04 0.00000000000000000e+00
4.15321954496622003e-04 0.00000000000000000e+00
-4.05518595529171487e-03 0.00000000000000000e+00
1.26817380499426465e-03 0.00000000000000000e+00
-2.60952272673101778e-03 0.00000000000000000e+00
-6.28095586326779358e-03 0.00000000000000000e+00
5.54610883200271770e-03 0.00000000000000000e+00
-3.55216903755669472e-03 0.00000000000000000e+00
8.80017165339347764e-04 0.00000000000000000e+00
2.12292287353734810e-03 0.00000000000000000e+00
-3.35905377430184516e-03 0.00000000000000000e+00
1.35005008459230602e-03 0.00000000000000000e+00
-1.76514755101503406e-03 0.00000000000000000e+00
-7.73844236056595806e-03 0.00000000000000000e+00
7.54765702135272269e-03 0.00000000000000000e+00
-2.17502749058205410e-03 0.00000000000000000e+00
5.64803333960865479e-04 0.00000000000000000e+00
3.71086733082481727e-03 0.00000000000000000e+00
-9.07240297626241382e-04 0.00000000000000000e+00
-5.63564458787694806e-03 0.00000000000000000e+00
4.15627370043873678e-03 0.00000000000000000e+00
-2.63489667939521355e-03 0.00000000000000000e+00
3.87453564962978543e-03 0.00000000000000000e+00
-7.03923302795895524e-03 0.00000000000000000e+00
3.42189882156532449e-03 0.00000000000000000e+00
-1.83538988288881001e-03 0.00000000000000000e+00
-7.99346220362702996e-03 0.00000000000000000e+00
9.35589587991660261e-03 0.00000000000000000e+00
-9.98106322953607600e-03 0.00000000000000000e+00
-2.43883329050277337e-03 0.00000000000000000e+00
1.96651572409848891e-03 0.00000000000000000e+00
-7.02662316344207939e-03 0.00000000000000000e+00
1.14530660007104582e-03 0.00000000000000000e+00
7.97719003282843165e-05 0.00000000000000000e+00
-9.41246873954046208e-03 0.00000000000000000e+00
4.70674310204023411e-03 0.00000000000000000e+00
-7.65874925731299672e-03 0.00000000000000000e+00
-5.15832723330819729e-03 0.00000000000000000e+00
5.01899722258535973e-03 0.00000000000000000e+00
1.52084385744425169e-03 0.00000000000000000e+00
-2.08929835884785520e-04 0.00000000000000000e+00
3.11582486506911107e-03 0.00000000000000000e+00
-2.43010455330417265e-03 0.00000000000000000e+00
-4.74604105086552251e-04 0.00000000000000000e+00
3.06632134973683368e-04 0.00000000000000000e+00
-2.38910190074191880e-03 0.00000000000000000e+00
1.96628803321001943e-03 0.00000000000000000e+00
-3.66151524112477743e-03 0.00000000000000000e+00
5.59095025282586042e-04 0.00000000000000000e+00
6.44565828080869980e-04 0.00000000000000000e+00
-3.32562509071487964e-03 0.00000000000000000e+00
1.29780440602869640e-04 0.00000000000000000e+00
-1.67719078579591689e-03 0.00000000000000000e+00
-2.20770898367681715e-03 0.00000000000000000e+00
2.57745201724080518e-03 0.00000000000000000e+00
8.10587828855106494e-04 0.00000000000000000e+00
2.27155356108785678e-04 0.00000000000000000e+00
6.61938033366654536e-04 0.00000000000000000e+00
-1.32549851554371106e-03 0.00000000000000000e+00
9.06247257340464800e-04 0.00000000000000000e+00
-8.73762649624604476e-04 0.00000000000000000e+00
6.43707001212660921e-04 0.00000000000000000e+00
-9.89069921680513784e-04 0.00000000000000000e+00
-4.40579186737201887e-03 0.00000000000000000e+00
6.12358650881220145e-04 0.00000000000000000e+00
-6.14542172333465897e-04 0.00000000000000000e+00
-6.29918793523002746e-03 0.00000000000000000e+00
4.36218655226802005e-03 0.00000000000000000e+00
-6.09033975579095516e-03 0.00000000000000000e+00
-2.03354145634625921e-03 0.00000000000000000e+00
1.89509750926383693e-03 0.00000000000000000e+00
3.01625614530978692e-03 0.00000000000000000e+00
-8.85985871753025393e-04 0.00000000000000000e+00
2.21692352435276562e-03 0.00000000000000000e+00
4.82528650158432068e-05 0.00000000000000000e+00
-2.09522574546989245e-03 0.00000000000000000e+00
2.13609040845012506e-03 0.00000000000000000e+00
-2.21520960547447578e-03 0.00000000000000000e+00
2.38053022668959554e-03 0.00000000000000000e+00
1.20703439656992648e-03 0.00000000000000000e+00
-7.81448631631177527e-05 0.00000000000000000e+00
1.50018744815829178e-03 0.00000000000000000e+00
1.56352038692625351e-03 0.00000000000000000e+00
-2.87704440137723271e-03 0.00000000000000000e+00
3.10070167190743809e-03 0.00000000000000000e+00
2.86741455127459996e-04 0.00000000000000000e+00
1.52524725118710158e-04 0.00000000000000000e+00
-4.01871039642144861e-03 0.00000000000000000e+00
1.59687520331491849e-03 0.00000000000000000e+00
-1.40238792180519766e-03 0.00000000000000000e+00
-3.26453814231327227e-03 0.00000000000000000e+00
4.23955215906586438e-03 0.00000000000000000e+00
-4.58278670307254304e-03 0.00000000000000000e+00
-2.46020349458853484e-03 0.00000000000000000e+00
2.68626553667659961e-03 0.00000000000000000e+00
1.41707446594425425e-03 0.00000000000000000e+00
-5.41531436022146139e-05 0.00000000000000000e+00
6.26655690034207884e-04 0.00000000000000000e+00
2.07852451586470728e-03 0.00000000000000000e+00
-2.22138220487724846e-03 0.00000000000000000e+00
2.65989997568175877e-03 0.00000000000000000e+00
-1.18087972443269018e-03 0.00000000000000000e+00
1.04651860577701706e-03 0.00000000000000000e+00
-3.18406072347918699e-03 0.00000000000000000e+00
9.29049782571790290e-04 0.00000000000000000e+00
-5.62889832084964201e-04 0.00000000000000000e+00
-1.48899423073348331e-03 0.00000000000000000e+00
1.98512838310464356e-03 0.00000000000000000e+00
-2.17383866202247112e-03 0.00000000000000000e+00
-4.27112343431054861e-04 0.00000000000000000e+00
1.77024502507550736e-03 0.00000000000000000e+00
9.56974468140638253e-03 0.00000000000000000e+00
-1.15175157551821480e-03 0.00000000000000000e+00
2.15295720765740174e-03 0.00000000000000000e+00
8.33858782148677764e-03 0.00000000000000000e+00
-5.38106043456522496e-03 0.00000000000000000e+00
8.69006080471173593e-03 0.00000000000000000e+00
4.15117913815936899e-03 0.00000000000000000e+00
-4.10414140187415500e-03 0.00000000000000000e+00
-1.18294975957714717e-02 0.00000000000000000e+00
3.39187429298610935e-03 0.00000000000000000e+00
-3.84269466639977240e-03 0.00000000000000000e+00
-6.05083665848520080e-03 0.00000000000000000e+00
8.21605044942900348e-03 0.00000000000000000e+00
-9.28661712706995747e-03 0.00000000000000000e+00
-1.21717571764328098e-03 0.00000000000000000e+00
1.77382597773651342e-03 0.00000000000000000e+00
8.04713849149793319e-03 0.00000000000000000e+00
-1.14825235494110992e-03 0.00000000000000000e+00
1.13997757139772636e-03 0.00000000000000000e+00
1.20788610727695696e-02 0.00000000000000000e+00
-8.52976079951645559e-03 0.00000000000000000e+00
1.17198664711322207e-02 0.00000000000000000e+00
3.97955492437679532e-03 0.00000000000000000e+00
-3.61910176278864258e-03 0.00000000000000000e+00
-5.00440388696270742e-03 0.00000000000000000e+00
1.53550355435045174e-03 0.00000000000000000e+00
-4.28438838543772696e-03 0.00000000000000000e+00
3.75884398969778650e-04 0.00000000000000000e+00
3.70057298082014001e-03 0.00000000000000000e+00
-3.68058013747536413e-03 0.00000000000000000e+00
2.16476902986952610e-03 0.00000000000000000e+00
-6.27698943176098955e-04 0.00000000000000000e+00
1.19196567473314752e-02 0.00000000000000000e+00
-1.60079729848391526e-03 0.00000000000000000e+00
2.16104515292319093e-03 0.00000000000000000e+00
1.03535672924906039e-02 0.00000000000000000e+00
-5.73337848745170998e-03 0.00000000000000000e+00
1.00037364764443033e-02 0.00000000000000000e+00
7.37089940775668886e-03 0.00000000000000000e+00
-7.09541345294443463e-03 0.00000000000000000e+00
-1.20681801130423788e-02 0.00000000000000000e+00
3.45056860370095619e-03 0.00000000000000000e+00
-4.97188873524528983e-03 0.00000000000000000e+00
-5.74164954611402698e-03 0.00000000000000000e+00
8.64246366347180134e-03 0.00000000000000000e+00
-9.76140985706680335e-03 0.00000000000000000e+00
3.60023282520246981e-03 0.00000000000000000e+00
-3.38595005673617694e-03 0.00000000000000000e+00
6.08924624384936299e-03 0.00000000000000000e+00
-1.13260861609246221e-03 0.00000000000000000e+00
-5.27367353439484651e-04 0.00000000000000000e+00
9.11173800743214114e-03 0.00000000000000000e+00
-4.25668498537581062e-03 0.00000000000000000e+00
6.97926587745026448e-03 0.00000000000000000e+00
5.89429363168358488e-03 0.00000000000000000e+00
-5.58612273705917390e-03 0.00000000000000000e+00
1.28510767635699641e-03 0.00000000000000000e+00
-5.55878241231832246e-04 0.00000000000000000e+00
-3.00412495259363499e-03 0.00000000000000000e+00
4.27716930727602748e-03 0.00000000000000000e+00
-1.20086249484158375e-03 0.00000000000000000e+00
1.66005482306519087e-03 0.00000000000000000e+00
6.45133579709879050e-03 0.00000000000000000e+00
-3.60177094728676532e-03 0.00000000000000000e+00
2.12856339147796773e-02 0.00000000000000000e+00
-2.84633461126889515e-03 0.00000000000000000e+00
2.82275632081019920e-04 0.00000000000000000e+00
1.81002648456053093e-02 0.00000000000000000e+00
-5.29551888197677539e-03 0.00000000000000000e+00
1.34484707368918693e-02 0.00000000000000000e+00
1.02186520687767048e-02 0.00000000000000000e+00
-1.15501848237530534e-02 0.00000000000000000e+00
-1.60881698913875361e-02 0.00000000000000000e+00
3.07793693947596737e-03 0.00000000000000000e+00
-5.60216526924771016e-03 0.00000000000000000e+00
-3.18850769013020313e-03 0.00000000000000000e+00
6.14861184072250811e-03 0.00000000000000000e+00
-7.54569245661023975e-03 0.00000000000000000e+00
1.03893574108942458e-02 0.00000000000000000e+00
-9.57350462653193575e-03 0.00000000000000000e+00
1.96414883724431097e-02 0.00000000000000000e+00
-3.59464048702798659e-03 0.00000000000000000e+00
3.49834918573843710e-04 0.00000000000000000e+00
2.80605242419710334e-02 0.00000000000000000e+00
-1.50665203969810261e-02 0.00000000000000000e+00
2.34591016999798237e-02 0.00000000000000000e+00
2.02195254434501155e-02 0.00000000000000000e+00
-1.84116106569696229e-02 0.00000000000000000e+00
-2.77746297176385815e-04 0.00000000000000000e+00
2.12032389352238322e-04 0.00000000000000000e+00
-1.10251265703550493e-02 0.00000000000000000e+00
8.46326122737772225e-03 0.00000000000000000e+00
1.88253328774456736e-03 0.00000000000000000e+00
-1.00110259626739876e-03 0.00000000000000000e+00
-1.54343898897576896e-03 0.00000000000000000e+00
2.42180208938915431e-03 0.00000000000000000e+00
5.79746491146211369e-03 0.00000000000000000e+00
-6.40014572899090094e-04 0.00000000000000000e+00
2.46659532392533905e-03 0.00000000000000000e+00
4.64837423082520209e-03 0.00000000000000000e+00
-4.42367888797121512e-03 0.00000000000000000e+00
6.20865358311431872e-03 0.00000000000000000e+00
2.70752427077967971e-03 0.00000000000000000e+00
-2.27442713721086494e-03 0.00000000000000000e+00
-9.80970698887868170e-03 0.00000000000000000e+00
3.21327990587218964e-03 0.00000000000000000e+00
-3.05728112000530671e-03 0.00000000000000000e+00
-6.57432192817902859e-03 0.00000000000000000e+00
8.19866181243828623e-03 0.00000000000000000e+00
-9.15881610019983125e-03 0.00000000000000000e+00
9.36014313041276177e-03 0.00000000000000000e+00
-1.01935861514437526e-02 0.00000000000000000e+00
-2.00844457194337793e-03 0.00000000000000000e+00
-3.80551531712362747e-04 0.00000000000000000e+00
-2.19849437123365325e-03 0.00000000000000000e+00
-1.37386493198746120e-03 0.00000000000000000e+00
3.91177177175274556e-03 0.00000000000000000e+00
-4.09127569791787552e-03 0.00000000000000000e+00
7.00016217212322007e-03 0.00000000000000000e+00
-6.15338411499165815e-03 0.00000000000000000e+00
1.21426244935075364e-02 0.00000000000000000e+00
-3.44965904956053395e-03 0.00000000000000000e+00
-6.62321889176550101e-05 0.00000000000000000e+00
7.82084602740200190e-03 0.00000000000000000e+00
-7.24265285398698663e-03 0.00000000000000000e+00
8.29244574686428121e-03 0.00000000000000000e+00
1.21382891318787679e-03 0.00000000000000000e+00
-2.51759932219833889e-03 0.00000000000000000e+00
-8.55428552041035024e-03 0.00000000000000000e+00
9.47114552554131884e-04 0.00000000000000000e+00
-1.85244482492207072e-03 0.00000000000000000e+00
-7.11041629626855964e-03 0.00000000000000000e+00
4.50175802892502884e-03 0.00000000000000000e+00
-7.42098612198095232e-03 0.00000000000000000e+00
-2.48754330140079629e-03 0.00000000000000000e+00
2.72547667006693304e-03 0.00000000000000000e+00
1.14953989679582296e-02 0.00000000000000000e+00
-3.15307173043750250e-03 0.00000000000000000e+00
2.98679438484162826e-03 0.00000000000000000e+00
5.84947994722434441e-03 0.00000000000000000e+00
-7.35054222218277722e-03 0.00000000000000000e+00
8.39980324400464544e-03 0.00000000000000000e+00
-2.92623028516340724e-05 0.00000000000000000e+00
-1.07783453871218918e-03 0.00000000000000000e+00
-1.81939797718056392e-02 0.00000000000000000e+00
2.78594774848416960e-03 0.00000000000000000e+00
-2.43393683905582378e-03 0.00000000000000000e+00
-2.71252934638035632e-02 0.00000000000000000e+00
1.86223488718403156e-02 0.00000000000000000e+00
-2.59216590139772426e-02 0.00000000000000000e+00
-1.18147676733553857e-02 0.00000000000000000e+00
1.05548272825068644e-02 0.00000000000000000e+00
9.09958916962549068e-03 0.00000000000000000e+00
-2.99677301187724386e-03 0.00000000000000000e+00
1.02399855593351321e-02 0.00000000000000000e+00
-1.85686596982731489e-03 0.00000000000000000e+00
-7.76585769817556785e-03 0.00000000000000000e+00
7.58228939549549126e-03 0.00000000000000000e+00
-2.61102863445607895e-02 0.00000000000000000e+00
2.44923705259799604e-02 0.00000000000000000e+00
-1.48901699186037018e-02 0.00000000000000000e+00
2.88319897109215548e-03 0.00000000000000000e+00
1.00757754107922686e-02 0.00000000000000000e+00
-9.78258839785800874e-03 0.00000000000000000e+00
-1.37847225330831793e-02 0.00000000000000000e+00
6.26122240183200635e-03 0.00000000000000000e+00
-1.37988753554683461e-02 0.00000000000000000e+00
1.73724067827380202e-02 0.00000000000000000e+00
-1.40338802856407301e-02 0.00000000000000000e+00
8.35837963839653093e-03 0.00000000000000000e+00
-2.20631924291272291e-03 0.00000000000000000e+00
-2.10578680781416012e-02 0.00000000000000000e+00
2.32555301868896912e-02 0.00000000000000000e+00
-2.44509672320300658e-02 0.00000000000000000e+00
-1.07266448640526511e-02 0.00000000000000000e+00
9.59710037489771087e-03 0.00000000000000000e+00
-1.94920797209530219e-02 0.00000000000000000e+00
3.41144027316898565e-03 0.00000000000000000e+00
1.29454638070133584e-03 0.00000000000000000e+00
-2.60130731947608579e-02 0.00000000000000000e+00
1.12353204704399492e-02 0.00000000000000000e+00
-1.96711030935450559e-02 0.00000000000000000e+00
-1.70277344661687105e-02 0.00000000000000000e+00
1.65310807675084458e-02 0.00000000000000000e+00
-1.44681403262981827e-06 0.00000000000000000e+00
7.99232317091990775e-04 0.00000000000000000e+00
8.56183614887326590e-03 0.00000000000000000e+00
-9.90984157938575722e-03 0.00000000000000000e+00
1.79741455175401444e-03 0.00000000000000000e+00
-2.61875862723253989e-03 0.00000000000000000e+00
1.36131976772115151e-04 0.00000000000000000e+00
-1.25041107406643234e-03 0.00000000000000000e+00
-7.18334124327619887e-03 0.00000000000000000e+00
8.16672389384138489e-04 0.00000000000000000e+00
-1.12231741383898896e-03 0.00000000000000000e+00
-5.59716263963601010e-03 0.00000000000000000e+00
2.81006641341127522e-03 0.00000000000000000e+00
-5.32084510666890054e-03 0.00000000000000000e+00
-2.21307361694874890e-03 0.00000000000000000e+00
2.57585000848277153e-03 0.00000000000000000e+00
8.85324420204766822e-03 0.00000000000000000e+00
-2.25323468567959059e-03 0.00000000000000000e+00
2.14190952396441309e-03 0.00000000000000000e+00
4.16233063159413431e-03 0.00000000000000000e+00
-5.08786776341804171e-03 0.00000000000000000e+00
5.92339744877297750e-03 0.00000000000000000e+00
-8.37956078669208591e-03 0.00000000000000000e+00
8.20417271890494515e-03 0.00000000000000000e+00
-9.56121738761375566e-03 0.00000000000000000e+00
1.98721426368672367e-03 0.00000000000000000e+00
2.75104410591167539e-04 0.00000000000000000e+00
-1.38840522313471281e-02 0.00000000000000000e+00
6.63367928811739276e-03 0.00000000000000000e+00
-1.08866949759077545e-02 0.00000000000000000e+00
-1.29942478646324563e-02 0.00000000000000000e+00
1.16759790444280875e-02 0.00000000000000000e+00
-3.22768247881879012e-03 0.00000000000000000e+00
7.55518838733804684e-04 0.00000000000000000e+00
5.90955733745060236e-03 0.00000000000000000e+00
-6.21837803953767358e-03 0.00000000000000000e+00
6.33067279374229224e-04 0.00000000000000000e+00
-1.34555322231977477e-03 0.00000000000000000e+00
-5.61021557766188533e-03 0.00000000000000000e+00
4.55887302328048319e-03 0.00000000000000000e+00
-8.30698995130562529e-03 0.00000000000000000e+00
1.25461367393444744e-03 0.00000000000000000e+00
8.16580529767624752e-04 0.00000000000000000e+00
-6.45163594752673139e-03 0.00000000000000000e+00
2.73494280289317852e-05 0.00000000000000000e+00
-3.38398723481420777e-03 0.00000000000000000e+00
-5.70328903022240038e-03 0.00000000000000000e+00
6.29006219761990646e-03 0.00000000000000000e+00
3.42589329892720824e-03 0.00000000000000000e+00
-1.56910647788677287e-04 0.00000000000000000e+00
1.81548982090409621e-03 0.00000000000000000e+00
-9.12069557861933133e-04 0.00000000000000000e+00
9.43479922880115885e-05 0.00000000000000000e+00
2.55351498237700570e-04 0.00000000000000000e+00
-5.86666161711511380e-03 0.00000000000000000e+00
5.68355254990984219e-03 0.00000000000000000e+00
-7.00169966673956385e-03 0.00000000000000000e+00
1.40246269826160060e-03 0.00000000000000000e+00
8.88728679713038871e-04 0.00000000000000000e+00
-1.02244448533238847e-02 0.00000000000000000e+00
4.12343792594473384e-03 0.00000000000000000e+00
-7.32418534398283829e-03 0.00000000000000000e+00
-8.15226499458927140e-03 0.00000000000000000e+00
7.67012966516961853e-03 0.00000000000000000e+00
-2.92079553392738138e-03 0.00000000000000000e+00
1.05939863650169296e-03 0.00000000000000000e+00
3.53490183367980056e-03 0.00000000000000000e+00
-5.77420260723166164e-03 0.00000000000000000e+00
2.20370375693501250e-03 0.00000000000000000e+00
-2.82231566661034824e-03 0.00000000000000000e+00
1.43515083274853251e-03 0.00000000000000000e+00
-1.50071870849172390e-03 0.00000000000000000e+00
-6.00918444258914468e-04 0.00000000000000000e+00
3.92474626193658013e-05 0.00000000000000000e+00
-1.08574113214356918e-03 0.00000000000000000e+00
-9.06040535980640179e-04 0.00000000000000000e+00
1.99618477357363811e-03 0.00000000000000000e+00
-2.06061685707706289e-03 0.00000000000000000e+00
-3.68223223877365907e-04 0.00000000000000000e+00
-2.16453905688330975e-05 0.00000000000000000e+00
2.49838509741440867e-03 0.00000000000000000e+00
-1.08251212100486508e-03 0.00000000000000000e+00
1.01997729891509475e-03 0.00000000000000000e+00
2.24152829819579142e-03 0.00000000000000000e+00
-2.97130894642267827e-03 0.00000000000000000e+00
3.18777518635417201e-03 0.00000000000000000e+00
7.03540063225423142e-03 0.00000000000000000e+00
-7.39661832355633080e-03 0.00000000000000000e+00
-5.60507475348418741e-04 0.00000000000000000e+00
-3.49231004087632933e-04 0.00000000000000000e+00
-1.33300831382887012e-03 0.00000000000000000e+00
-1.28377426356661179e-03 0.00000000000000000e+00
3.29480834372021828e-03 0.00000000000000000e+00
-3.18396630851331243e-03 0.00000000000000000e+00
5.35488790062658548e-03 0.00000000000000000e+00
-4.83515906859779705e-03 0.00000000000000000e+00
6.83465929930109940e-03 0.00000000000000000e+00
-1.99017266079300550e-03 0.00000000000000000e+00
-1.27964929856892354e-04 0.00000000000000000e+00
4.14169657669004408e-03 0.00000000000000000e+00
-4.03787416817046919e-03 0.00000000000000000e+00
4.51940049656574579e-03 0.00000000000000000e+00
-2.39696946402902884e-03 0.00000000000000000e+00
1.68110091677286513e-03 0.00000000000000000e+00
-5.93195855253724792e-03 0.00000000000000000e+00
8.60942304162307928e-04 0.00000000000000000e+00
-4.01613293225545833e-04 0.00000000000000000e+00
-5.19613006546428870e-03 0.00000000000000000e+00
1.93393409563308674e-03 0.00000000000000000e+00
-4.19119100137660319e-03 0.00000000000000000e+00
-4.11042481515862777e-03 0.00000000000000000e+00
4.12419477406170219e-03 0.00000000000000000e+00
4.19953678204978715e-03 0.00000000000000000e+00
-9.99801358504015135e-04 0.00000000000000000e+00
2.13763742865900669e-03 0.00000000000000000e+00
1.15494135071861456e-03 0.00000000000000000e+00
-2.43289963462134167e-03 0.00000000000000000e+00
2.81194911065700288e-03 0.00000000000000000e+00
3.00008088704700531e-04 0.00000000000000000e+00
-6.34507583835082468e-04 0.00000000000000000e+00
-3.76240953930132103e-03 0.00000000000000000e+00
5.10319400643794796e-04 0.00000000000000000e+00
-2.09470751964226874e-04 0.00000000000000000e+00
-5.10770134687802205e-03 0.00000000000000000e+00
3.06871641285322294e-03 0.00000000000000000e+00
-4.57452629888651947e-03 0.00000000000000000e+00
-1.38438383411961939e-03 0.00000000000000000e+00
1.46578771319665329e-03 0.00000000000000000e+00
2.30761887831649852e-03 0.00000000000000000e+00
-5.24403743412766134e-04 0.00000000000000000e+00
1.51579022888581692e-03 0.00000000000000000e+00
-3.75506268721980383e-04 0.00000000000000000e+00
-1.04412184487532255e-03 0.00000000000000000e+00
1.06586953675859080e-03 0.00000000000000000e+00
-1.90885085270211586e-03 0.00000000000000000e+00
2.14468582661484202e-03 0.00000000000000000e+00
-2.33683098827532656e-04 0.00000000000000000e+00
2.13526445939223253e-04 0.00000000000000000e+00
5.26701079937300022e-04 0.00000000000000000e+00
-1.57509340254252304e-03 0.00000000000000000e+00
4.92147088511215897e-04 0.00000000000000000e+00
-7.99583694524136639e-04 0.00000000000000000e+00
-2.02888759569257301e-03 0.00000000000000000e+00
1.75265283967611808e-03 0.00000000000000000e+00
-3.18153879168168617e-03 0.00000000000000000e+00
8.80703146385856603e-04 0.00000000000000000e+00
5.55328633825730947e-04 0.00000000000000000e+00
-2.75132197552577533e-03 0.00000000000000000e+00
1.88750344289808128e-03 0.00000000000000000e+00
-2.28815274905138158e-03 0.00000000000000000e+00
1.93083335741366588e-02 0.00000000000000000e+00
-2.03070530859945989e-02 0.00000000000000000e+00
-1.14750153572052452e-04 0.00000000000000000e+00
-1.21794647763532899e-03 0.00000000000000000e+00
-3.38627901104400150e-03 0.00000000000000000e+00
-7.28662482360072712e-04 0.00000000000000000e+00
6.85918485244830546e-03 0.00000000000000000e+00
-5.95093566566728786e-03 0.00000000000000000e+00
1.60806888808564703e-02 0.00000000000000000e+00
-1.43811661939981534e-02 0.00000000000000000e+00
1.86107791164686828e-02 0.00000000000000000e+00
-5.28372440674922377e-03 0.00000000000000000e+00
-1.50690844912310280e-03 0.00000000000000000e+00
1.19593845702087760e-02 0.00000000000000000e+00
-1.04719084334848073e-02 0.00000000000000000e+00
1.19120507265244053e-02 0.00000000000000000e+00
-5.53031257092772861e-03 0.00000000000000000e+00
5.85701478778961719e-03 0.00000000000000000e+00
1.55337212867955607e-03 0.00000000000000000e+00
3.91633515349059863e-05 0.00000000000000000e+00
3.16454507416475067e-03 0.00000000000000000e+00
1.87811466994256275e-03 0.00000000000000000e+00
-5.36606694243808684e-03 0.00000000000000000e+00
5.40059264106155894e-03 0.00000000000000000e+00
-7.64396760711241264e-04 0.00000000000000000e+00
1.54191061142272458e-03 0.00000000000000000e+00
-8.74225058951236776e-03 0.00000000000000000e+00
3.41516183892124530e-03 0.00000000000000000e+00
-2.32571154578920880e-03 0.00000000000000000e+00
-7.45166659036701658e-03 0.00000000000000000e+00
8.92029476664095260e-03 0.00000000000000000e+00
-9.71081432288862373e-03 0.00000000000000000e+00
1.37923434109873846e-03 0.00000000000000000e+00
-1.38539547419854413e-03 0.00000000000000000e+00
3.02590642210115749e-03 0.00000000000000000e+00
-5.97774328125966312e-04 0.00000000000000000e+00
1.30538369509651558e-05 0.00000000000000000e+00
5.45083605984650939e-03 0.00000000000000000e+00
-3.35124344995072669e-03 0.00000000000000000e+00
4.71720219993859713e-03 0.00000000000000000e+00
3.36025321677016009e-03 0.00000000000000000e+00
-2.94695968332921989e-03 0.00000000000000000e+00
9.16600779281811118e-04 0.00000000000000000e+00
-1.69332631875680425e-04 0.00000000000000000e+00
-2.04087359436700994e-03 0.00000000000000000e+00
2.30927813928565040e-03 0.00000000000000000e+00
-1.37429166642794888e-04 0.00000000000000000e+00
4.62491567607817072e-04 0.00000000000000000e+00
2.10882440424016394e-03 0.00000000000000000e+00
-1.86933061392775021e-03 0.00000000000000000e+00
2.95834573197288706e-03 0.00000000000000000e+00
-5.10985368886765576e-04 0.00000000000000000e+00
-1.66107767000470054e-04 0.00000000000000000e+00
3.20774264612029613e-03 0.00000000000000000e+00
-9.93322189710280946e-04 0.00000000000000000e+00
2.23668006876264749e-03 0.00000000000000000e+00
2.80562927157091638e-03 0.00000000000000000e+00
-2.74610757744081588e-03 0.00000000000000000e+00
-3.81590691858468747e-04 0.00000000000000000e+00
-2.46771161605418019e-05 0.00000000000000000e+00
-1.17370336649968857e-03 0.00000000000000000e+00
9.38806278545985251e-04 0.00000000000000000e+00
-2.95139633858408457e-06 0.00000000000000000e+00
2.36675877596494078e-05 0.00000000000000000e+00
-6.40314090166086043e-03 0.00000000000000000e+00
6.57126978538078929e-03 0.00000000000000000e+00
-3.03471707309740154e-03 0.00000000000000000e+00
8.87642871020041259e-04 0.00000000000000000e+00
5.72210887140270070e-04 0.00000000000000000e+00
-4.45401087508226576e-03 0.00000000000000000e+00
1.14372194618936394e-03 0.00000000000000000e+00
-2.66698360477393140e-03 0.00000000000000000e+00
-7.60057859101839588e-03 0.00000000000000000e+00
6.71521051328766334e-03 0.00000000000000000e+00
-4.59639438226753551e-03 0.00000000000000000e+00
1.15758302980873730e-03 0.00000000000000000e+00
2.42364941268804297e-03 0.00000000000000000e+00
-4.12448404818637447e-03 0.00000000000000000e+00
1.84083818358072291e-03 0.00000000000000000e+00
-2.34810467479103181e-03 0.00000000000000000e+00
-9.73321360026020016e-03 0.00000000000000000e+00
9.70703519097669727e-03 0.00000000000000000e+00
-1.09019568431907273e-03 0.00000000000000000e+00
5.00042273506396589e-04 0.00000000000000000e+00
5.11647355182756093e-03 0.00000000000000000e+00
3.51418750120876644e-04 0.00000000000000000e+00
-8.15387646197240391e-03 0.00000000000000000e+00
6.85792960013802740e-03 0.00000000000000000e+00
-2.36342859679768537e-03 0.00000000000000000e+00
4.00693581140050201e-03 0.00000000000000000e+00
-1.08561556364634108e-02 0.00000000000000000e+00
4.92832815146559012e-03 0.00000000000000000e+00
-3.09812901675211990e-03 0.00000000000000000e+00
-1.11638831310683848e-02 0.00000000000000000e+00
1.33568974614670898e-02 0.00000000000000000e+00
-1.43249239889239287e-02 0.00000000000000000e+00
-2.92107789095987381e-03 0.00000000000000000e+00
2.39175800239813108e-03 0.00000000000000000e+00
-7.76022717336187929e-03 0.00000000000000000e+00
1.27138315576626995e-03 0.00000000000000000e+00
1.23498117027828037e-04 0.00000000000000000e+00
-1.02394954813758276e-02 0.00000000000000000e+00
4.98425536484628940e-03 0.00000000000000000e+00
-8.24549959980875290e-03 0.00000000000000000e+00
-5.82027751496951365e-03 0.00000000000000000e+00
5.67078812332904181e-03 0.00000000000000000e+00
1.60995996069584254e-03 0.00000000000000000e+00
-1.98552992074425898e-04 0.00000000000000000e+00
3.40505388803696591e-03 0.00000000000000000e+00
-2.68462955625720654e-03 0.00000000000000000e+00
-4.57679430611258951e-04 0.00000000000000000e+00
2.81717669244889554e-04 0.00000000000000000e+00
-4.44999891903345886e-03 0.00000000000000000e+00
3.66897594501842776e-03 0.00000000000000000e+00
-6.96533834370215241e-03 0.00000000000000000e+00
1.07232165315389750e-03 0.00000000000000000e+00
1.08888027511902736e-03 0.00000000000000000e+00
-6.48469499549566598e-03 0.00000000000000000e+00
5.69736189146321159e-04 0.00000000000000000e+00
-3.50286151317299229e-03 0.00000000000000000e+00
-4.38892457659517676e-03 0.00000000000000000e+00
4.99526267107669800e-03 0.00000000000000000e+00
1.60900577231542163e-03 0.00000000000000000e+00
3.40047879856459072e-04 0.00000000000000000e+00
1.44318742216855626e-03 0.00000000000000000e+00
-2.37908657243196152e-03 0.00000000000000000e+00
1.41159929104951124e-03 0.00000000000000000e+00
-1.35191778214910547e-03 0.00000000000000000e+00
3.54545678785099820e-03 0.00000000000000000e+00
-4.27885246905719292e-03 0.00000000000000000e+00
-7.77215366582887854e-03 0.00000000000000000e+00
9.25593283060022090e-04 0.00000000000000000e+00
-1.49265966697998309e-03 0.00000000000000000e+00
-1.11850517806190534e-02 0.00000000000000000e+00
8.52526008545708217e-03 0.00000000000000000e+00
-1.14565206149385198e-02 0.00000000000000000e+00
-1.55330302359423336e-03 0.00000000000000000e+00
1.52935492324071426e-03 0.00000000000000000e+00
7.62076466519428456e-03 0.00000000000000000e+00
-2.21005790593043925e-03 0.00000000000000000e+00
3.70286308151984538e-03 0.00000000000000000e+00
1.55415793996133925e-03 0.00000000000000000e+00
-4.96515493722300520e-03 0.00000000000000000e+00
5.21475219894696092e-03 0.00000000000000000e+00
-3.69615275701953502e-03 0.00000000000000000e+00
3.98033499056040657e-03 0.00000000000000000e+00
2.03851973490465008e-03 0.00000000000000000e+00
-1.30375465211526864e-04 0.00000000000000000e+00
2.46825737855129465e-03 0.00000000000000000e+00
2.61145316032185965e-03 0.00000000000000000e+00
-4.74836465908060404e-03 0.00000000000000000e+00
5.13419234517434146e-03 0.00000000000000000e+00
4.17036051144787972e-04 0.00000000000000000e+00
2.87034795344427772e-04 0.00000000000000000e+00
-6.71045452374446124e-03 0.00000000000000000e+00
2.64485236071694899e-03 0.00000000000000000e+00
-2.29920273156367008e-03 0.00000000000000000e+00
-5.40458731548144108e-03 0.00000000000000000e+00
6.99746916509201133e-03 0.00000000000000000e+00
-7.57005103253559613e-03 0.00000000000000000e+00
-3.93975055649442314e-03 0.00000000000000000e+00
4.36193627931008056e-03 0.00000000000000000e+00
3.19263490516126383e-03 0.00000000000000000e+00
-2.25217755949091189e-04 0.00000000000000000e+00
1.08038893566097583e-03 0.00000000000000000e+00
4.69811595501436544e-03 0.00000000000000000e+00
-4.44048748677867283e-03 0.00000000000000000e+00
5.51874589556870538e-03 0.00000000000000000e+00
-1.37041885156940851e-03 0.00000000000000000e+00
1.18782380589112615e-03 0.00000000000000000e+00
-5.51970421169100268e-03 0.00000000000000000e+00
1.60494869672239021e-03 0.00000000000000000e+00
-1.36764480417551882e-03 0.00000000000000000e+00
-2.21152507699992791e-03 0.00000000000000000e+00
3.45645281196393971e-03 0.00000000000000000e+00
-3.74376078823948849e-03 0.00000000000000000e+00
-5.05915623429608946e-04 0.00000000000000000e+00
2.67118527468599700e-03 0.00000000000000000e+00
1.55645404951582494e-02 0.00000000000000000e+00
-1.88797696042712041e-03 0.00000000000000000e+00
3.42379623720095051e-03 0.00000000000000000e+00
1.36524694994738845e-02 0.00000000000000000e+00
-8.72091607221690303e-03 0.00000000000000000e+00
1.41248653797207812e-02 0.00000000000000000e+00
6.88598493913491604e-03 0.00000000000000000e+00
-6.80388172162209315e-03 0.00000000000000000e+00
-1.89197309200849727e-02 0.00000000000000000e+00
5.41355441695078737e-03 0.00000000000000000e+00
-6.25510062842327651e-03 0.00000000000000000e+00
-9.55731971588680285e-03 0.00000000000000000e+00
1.31176490120601362e-02 0.00000000000000000e+00
-1.48215319393845343e-02 0.00000000000000000e+00
-3.23431189429484360e-03 0.00000000000000000e+00
4.21252827320731538e-03 0.00000000000000000e+00
1.32069564098798789e-02 0.00000000000000000e+00
-1.80495783591437943e-03 0.00000000000000000e+00
2.08908895627002347e-03 0.00000000000000000e+00
1.98499105073320949e-02 0.00000000000000000e+00
-1.44245047267349772e-02 0.00000000000000000e+00
1.95980704404876346e-02 0.00000000000000000e+00
5.49532761145408305e-03 0.00000000000000000e+00
-5.01343569438038403e-03 0.00000000000000000e+00
-9.41322427332738285e-03 0.00000000000000000e+00
2.86073140611082469e-03 0.00000000000000000e+00
-6.92948644296548146e-03 0.00000000000000000e+00
-1.62497751706938557e-04 0.00000000000000000e+00
6.74961439918375736e-03 0.00000000000000000e+00
-6.81112257175393952e-03 0.00000000000000000e+00
4.18351215937405596e-03 0.00000000000000000e+00
-1.70184664630510397e-03 0.00000000000000000e+00
1.93376049186436763e-02 0.00000000000000000e+00
-2.62421981332513869e-03 0.00000000000000000e+00
3.15917501181421732e-03 0.00000000000000000e+00
1.67222093266210098e-02 0.00000000000000000e+00
-8.73876760873028464e-03 0.00000000000000000e+00
1.57279119608886159e-02 0.00000000000000000e+00
1.21289136274677928e-02 0.00000000000000000e+00
-1.17788780997778886e-02 0.00000000000000000e+00
-1.87489744182415576e-02 0.00000000000000000e+00
5.24709764531826328e-03 0.00000000000000000e+00
-7.85208532682570015e-03 0.00000000000000000e+00
-8.52728816881197053e-03 0.00000000000000000e+00
1.30896606391207680e-02 0.00000000000000000e+00
-1.48307876321206525e-02 0.00000000000000000e+00
5.86224337992239612e-03 0.00000000000000000e+00
-5.50348648694213693e-03 0.00000000000000000e+00
9.85835587568563085e-03 0.00000000000000000e+00
-1.82982919415147728e-03 0.00000000000000000e+00
-8.71271854943367688e-04 0.00000000000000000e+00
1.46538024413464738e-02 0.00000000000000000e+00
-6.77537668681994255e-03 0.00000000000000000e+00
1.11800060746604472e-02 0.00000000000000000e+00
9.50433923116560456e-03 0.00000000000000000e+00
-9.02758784467961109e-03 0.00000000000000000e+00
2.03088559670770502e-03 0.00000000000000000e+00
-9.00823953060292068e-04 0.00000000000000000e+00
-4.81529466997191336e-03 0.00000000000000000e+00
6.88053426458623985e-03 0.00000000000000000e+00
-1.96214940022220851e-03 0.00000000000000000e+00
2.69300865453141235e-03 0.00000000000000000e+00
1.07916344054174431e-03 0.00000000000000000e+00
-7.14945372364447795e-04 0.00000000000000000e+00
2.96661212892915162e-03 0.00000000000000000e+00
-4.17359011858660389e-04 0.00000000000000000e+00
-1.39061188699291065e-05 0.00000000000000000e+00
2.70930947526338900e-03 0.00000000000000000e+00
-8.27274647859029466e-04 0.00000000000000000e+00
1.98854582729338699e-03 0.00000000000000000e+00
1.63549966826156946e-03 0.00000000000000000e+00
-1.78401138726899276e-03 0.00000000000000000e+00
-1.86171838069434199e-03 0.00000000000000000e+00
3.29127819771127684e-04 0.00000000000000000e+00
-8.48283954556335149e-04 0.00000000000000000e+00
-1.23053739027190222e-04 0.00000000000000000e+00
6.46476981550754299e-04 0.00000000000000000e+00
-7.91162810162206946e-04 0.00000000000000000e+00
-1.42395759478605851e-03 0.00000000000000000e+00
1.71775665150401065e-03 0.00000000000000000e+00
3.29568599295043674e-03 0.00000000000000000e+00
-4.03451962271874742e-04 0.00000000000000000e+00
6.33616574409311172e-04 0.00000000000000000e+00
4.83262151243508617e-03 0.00000000000000000e+00
-3.69066693838709242e-03 0.00000000000000000e+00
4.94164042694861336e-03 0.00000000000000000e+00
7.93790772919790075e-04 0.00000000000000000e+00
-7.50502698805385524e-04 0.00000000000000000e+00
-3.08101039415693270e-03 0.00000000000000000e+00
9.10345504145404255e-04 0.00000000000000000e+00
-1.62886138480087140e-03 0.00000000000000000e+00
-5.54558579739223667e-04 0.00000000000000000e+00
2.07134608525617707e-03 0.00000000000000000e+00
-2.15746667746563679e-03 0.00000000000000000e+00
1.94452751608887599e-03 0.00000000000000000e+00
-1.82177472015437945e-03 0.00000000000000000e+00
1.08152210433531287e-03 0.00000000000000000e+00
-2.09821897373551074e-04 0.00000000000000000e+00
-7.15173728864235939e-04 0.00000000000000000e+00
6.39509471620522819e-04 0.00000000000000000e+00
1.05306190304244171e-03 0.00000000000000000e+00
-5.12162071879835017e-04 0.00000000000000000e+00
1.04762019007357448e-03 0.00000000000000000e+00
-1.29960199252455717e-03 0.00000000000000000e+00
9.71538376404390710e-04 0.00000000000000000e+00
-5.88214691949615000e-04 0.00000000000000000e+00
1.57036888104843483e-04 0.00000000000000000e+00
1.45145580070366194e-03 0.00000000000000000e+00
-1.63020984613234873e-03 0.00000000000000000e+00
1.70465538500792291e-03 0.00000000000000000e+00
1.57844752228251993e-03 0.00000000000000000e+00
-1.64026157739240934e-03 0.00000000000000000e+00
1.35396520456241583e-04 0.00000000000000000e+00
-1.14358103839575412e-04 0.00000000000000000e+00
-3.64891503700630468e-04 0.00000000000000000e+00
1.25937856889463611e-04 0.00000000000000000e+00
5.69054088410907437e-04 0.00000000000000000e+00
-4.24501273358581194e-04 0.00000000000000000e+00
1.22320781193841952e-03 0.00000000000000000e+00
-1.14833112836405554e-03 0.00000000000000000e+00
1.53145273386696545e-03 0.00000000000000000e+00
-4.86000838113276584e-04 0.00000000000000000e+00
-7.69600651615013660e-05 0.00000000000000000e+00
1.16196402236587622e-03 0.00000000000000000e+00
-1.05854545156828096e-03 0.00000000000000000e+00
1.18834950875587250e-03 0.00000000000000000e+00
-4.00310656287455771e-04 0.00000000000000000e+00
7.37758150859000374e-05 0.00000000000000000e+00
-2.46594846899448857e-03 0.00000000000000000e+00
3.21515633250201598e-04 0.00000000000000000e+00
-2.81585385629436907e-04 0.00000000000000000e+00
-2.17643927909336654e-03 0.00000000000000000e+00
1.02592736268032332e-03 0.00000000000000000e+00
-1.93218829686537261e-03 0.00000000000000000e+00
-1.22620445989588185e-03 0.00000000000000000e+00
1.27845342193271352e-03 0.00000000000000000e+00
2.32610260020145411e-03 0.00000000000000000e+00
-5.84884004810544140e-04 0.00000000000000000e+00
8.50801129206954910e-04 0.00000000000000000e+00
8.68073662396900698e-04 0.00000000000000000e+00
-1.35914701784670025e-03 0.00000000000000000e+00
1.56255210044994137e-03 0.00000000000000000e+00
2.53311683636973733e-04 0.00000000000000000e+00
-3.88749756572711951e-04 0.00000000000000000e+00
-1.85584726763781478e-03 0.00000000000000000e+00
2.62603971694425639e-04 0.00000000000000000e+00
-2.42029074653856037e-04 0.00000000000000000e+00
-2.72869836197005972e-03 0.00000000000000000e+00
1.88595013471311713e-03 0.00000000000000000e+00
-2.62144921287346027e-03 0.00000000000000000e+00
-8.87367639246208610e-04 0.00000000000000000e+00
8.22348178434673051e-04 0.00000000000000000e+00
1.16551654114764201e-03 0.00000000000000000e+00
-3.44196802736778697e-04 0.00000000000000000e+00
9.50655519501612096e-04 0.00000000000000000e+00
-8.31716450816556751e-05 0.00000000000000000e+00
-8.14934099767769798e-04 0.00000000000000000e+00
8.15610799461469606e-04 0.00000000000000000e+00
-6.15596463076864038e-05 0.00000000000000000e+00
-1.81564651339035331e-04 0.00000000000000000e+00
-1.83441311547267918e-03 0.00000000000000000e+00
2.35105024469542162e-04 0.00000000000000000e+00
-4.92198509876712255e-04 0.00000000000000000e+00
-1.60136986457601305e-03 0.00000000000000000e+00
1.11239449130603996e-03 0.00000000000000000e+00
-1.74075993562575779e-03 0.00000000000000000e+00
-1.08493847845957006e-03 0.00000000000000000e+00
9.95031056259892532e-04 0.00000000000000000e+00
2.23466369018802307e-03 0.00000000000000000e+00
-6.91986218058341035e-04 0.00000000000000000e+00
8.63715159628204460e-04 0.00000000000000000e+00
1.25744230949109128e-03 0.00000000000000000e+00
-1.76281187021758005e-03 0.00000000000000000e+00
1.97180162879667014e-03 0.00000000000000000e+00
-8.14998441935986116e-04 0.00000000000000000e+00
8.42986794104351499e-04 0.00000000000000000e+00
-4.05441566026479901e-04 0.00000000000000000e+00
1.16567953057629110e-04 0.00000000000000000e+00
1.74836980856214031e-04 0.00000000000000000e+00
-7.05798347904788739e-04 0.00000000000000000e+00
1.43896128599652187e-04 0.00000000000000000e+00
-3.66343424500248577e-04 0.00000000000000000e+00
-8.68963565314781255e-04 0.00000000000000000e+00
8.01442526247322278e-04 0.00000000000000000e+00
-7.91515485479387390e-04 0.00000000000000000e+00
2.44946946190354917e-04 0.00000000000000000e+00
2.50589837894147249e-04 0.00000000000000000e+00
-8.16130317775875256e-04 0.00000000000000000e+00
5.25861906193575228e-04 0.00000000000000000e+00
-6.25261263449909893e-04 0.00000000000000000e+00
8.99796240082244682e-04 0.00000000000000000e+00
-7.45653168838685855e-04 0.00000000000000000e+00
1.51214130196775597e-03 0.00000000000000000e+00
-2.37478769648108055e-04 0.00000000000000000e+00
-1.85621294765634824e-04 0.00000000000000000e+00
1.53292113044904764e-03 0.00000000000000000e+00
-3.08844052562944299e-04 0.00000000000000000e+00
9.45207022044455662e-04 0.00000000000000000e+00
1.02059844467304811e-03 0.00000000000000000e+00
-1.11065021234177689e-03 0.00000000000000000e+00
-3.34597630310678280e-04 0.00000000000000000e+00
-4.72560911922196653e-05 0.00000000000000000e+00
-3.99006005173486945e-04 0.00000000000000000e+00
5.12728177715325692e-04 0.00000000000000000e+00
-2.07602125819903848e-04 0.00000000000000000e+00
2.05474211503943785e-04 0.00000000000000000e+00
-3.03656242247725200e-03 0.00000000000000000e+00
3.36536383818841376e-03 0.00000000000000000e+00
2.62966956762308466e-03 0.00000000000000000e+00
-2.02280561851568710e-04 0.00000000000000000e+00
8.62224000593244506e-04 0.00000000000000000e+00
3.92306701024033345e-03 0.00000000000000000e+00
-3.64924002940222609e-03 0.00000000000000000e+00
4.55107533176186789e-03 0.00000000000000000e+00
-9.11195402902776849e-04 0.00000000000000000e+00
7.95770971871768615e-04 0.00000000000000000e+00
-4.29855120373472122e-03 0.00000000000000000e+00
1.26164582051653193e-03 0.00000000000000000e+00
-1.17664581655143544e-03 0.00000000000000000e+00
-1.65534041394967504e-03 0.00000000000000000e+00
2.73805272521747368e-03 0.00000000000000000e+00
-2.95024036428304668e-03 0.00000000000000000e+00
3.74936992736927622e-03 0.00000000000000000e+00
-3.72804647749289640e-03 0.00000000000000000e+00
5.34609288996950845e-04 0.00000000000000000e+00
-2.11277228147150725e-04 0.00000000000000000e+00
-1.83715850173387990e-03 0.00000000000000000e+00
-5.17269358079885469e-05 0.00000000000000000e+00
2.96306611206038732e-03 0.00000000000000000e+00
-2.43953180927761713e-03 0.00000000000000000e+00
1.12900507376553641e-03 0.00000000000000000e+00
-1.69447730811910554e-03 0.00000000000000000e+00
3.91495629898010525e-03 0.00000000000000000e+00
-1.77148779300332509e-03 0.00000000000000000e+00
1.03621638018688714e-03 0.00000000000000000e+00
4.01687069092817022e-03 0.00000000000000000e+00
-4.76704455757333365e-03 0.00000000000000000e+00
5.10832572939256234e-03 0.00000000000000000e+00
1.49016117462870044e-03 0.00000000000000000e+00
-1.47445383369339245e-03 0.00000000000000000e+00
6.26166720910695555e-04 0.00000000000000000e+00
-1.64841822292276658e-04 0.00000000000000000e+00
-3.18874331366450037e-04 0.00000000000000000e+00
5.50971128610220707e-04 0.00000000000000000e+00
3.66452593646752003e-04 0.00000000000000000e+00
-4.50454341437313949e-05 0.00000000000000000e+00
1.25836976843059852e-03 0.00000000000000000e+00
-1.23640369522165028e-03 0.00000000000000000e+00
9.37393189623368889e-04 0.00000000000000000e+00
-3.53146275045818515e-04 0.00000000000000000e+00
-1.85087673900849659e-04 0.00000000000000000e+00
9.46432516422768353e-04 0.00000000000000000e+00
-7.96002902056303541e-04 0.00000000000000000e+00
8.75721090730324499e-04 0.00000000000000000e+00
-6.62561647824642659e-04 0.00000000000000000e+00
7.35337466636770427e-05 0.00000000000000000e+00
-4.47959422785952806e-03 0.00000000000000000e+00
5.85485803407805299e-04 0.00000000000000000e+00
-6.21487198534791574e-04 0.00000000000000000e+00
-3.96519008874696936e-03 0.00000000000000000e+00
2.01342441991985040e-03 0.00000000000000000e+00
-3.64394322159935320e-03 0.00000000000000000e+00
-2.33457525640254479e-03 0.00000000000000000e+00
2.37044641732349001e-03 0.00000000000000000e+00
4.38179889560318808e-03 0.00000000000000000e+00
-1.15517529582941786e-03 0.00000000000000000e+00
1.65029416600804375e-03 0.00000000000000000e+00
1.78953470521565558e-03 0.00000000000000000e+00
-2.75256681005668505e-03 0.00000000000000000e+00
3.13998155152414018e-03 0.00000000000000000e+00
1.24849794583095132e-04 0.00000000000000000e+00
-2.41399971742184844e-04 0.00000000000000000e+00
-1.56059556916829010e-03 0.00000000000000000e+00
2.21767341622515371e-04 0.00000000000000000e+00
-1.18952182056710916e-04 0.00000000000000000e+00
-2.27178649231797201e-03 0.00000000000000000e+00
1.45418487105566300e-03 0.00000000000000000e+00
-2.08462032714838534e-03 0.00000000000000000e+00
-7.00359427162492994e-04 0.00000000000000000e+00
6.85685208136765315e-04 0.00000000000000000e+00
8.42886486031160136e-04 0.00000000000000000e+00
-2.15424722691362106e-04 0.00000000000000000e+00
7.24074005439504106e-04 0.00000000000000000e+00
-2.33014387026977634e-04 0.00000000000000000e+00
-4.68190156630384337e-04 0.00000000000000000e+00
4.55329643511763493e-04 0.00000000000000000e+00
4.03126250765352672e-03 0.00000000000000000e+00
-4.47689160719374254e-03 0.00000000000000000e+00
-2.95011190101321331e-03 0.00000000000000000e+00
2.21443846871223010e-04 0.00000000000000000e+00
-3.03719022374036472e-03 0.00000000000000000e+00
-3.12557586521654144e-03 0.00000000000000000e+00
5.46941660779246257e-03 0.00000000000000000e+00
-6.09447015362793356e-03 0.00000000000000000e+00
-9.17936180286167669e-04 0.00000000000000000e+00
8.86652358279391324e-05 0.00000000000000000e+00
8.72696762063983680e-03 0.00000000000000000e+00
-3.34265674913681752e-03 0.00000000000000000e+00
2.86264685438684420e-03 0.00000000000000000e+00
6.99293220629878653e-03 0.00000000000000000e+00
-8.82328899388786121e-03 0.00000000000000000e+00
9.61669734072918662e-03 0.00000000000000000e+00
-2.68260612634861118e-04 0.00000000000000000e+00
4.58078417323385377e-04 0.00000000000000000e+00
1.28036371309053071e-03 0.00000000000000000e+00
-1.36302787276693609e-04 0.00000000000000000e+00
1.67064128112010636e-04 0.00000000000000000e+00
1.19860613383954238e-03 0.00000000000000000e+00
-6.72455519384148725e-04 0.00000000000000000e+00
1.13259306509625379e-03 0.00000000000000000e+00
1.67910232127359689e-04 0.00000000000000000e+00
-2.67356062096468815e-04 0.00000000000000000e+00
-1.54228997091570706e-03 0.00000000000000000e+00
3.72364207661560176e-04 0.00000000000000000e+00
-3.57727344870043397e-04 0.00000000000000000e+00
-5.80740082200402355e-04 0.00000000000000000e+00
7.80722605440145037e-04 0.00000000000000000e+00
-9.04922772298479244e-04 0.00000000000000000e+00
1.09292465762351218e-03 0.00000000000000000e+00
-8.40917140371026596e-04 0.00000000000000000e+00
2.43681854902534027e-03 0.00000000000000000e+00
-3.71604560062975585e-04 0.00000000000000000e+00
-2.41803302015631093e-05 0.00000000000000000e+00
2.48812883480659195e-03 0.00000000000000000e+00
-8.84918933368082964e-04 0.00000000000000000e+00
1.86429044653622380e-03 0.00000000000000000e+00
1.68646228453534397e-03 0.00000000000000000e+00
-1.72621832576923284e-03 0.00000000000000000e+00
-1.09664020870655385e-03 0.00000000000000000e+00
1.84839246469180145e-04 0.00000000000000000e+00
-8.45518776943902299e-04 0.00000000000000000e+00
2.21812773271811488e-04 0.00000000000000000e+00
3.98201842507774800e-04 0.00000000000000000e+00
-4.58450393112714313e-04 0.00000000000000000e+00
-4.95913458419878876e-03 0.00000000000000000e+00
5.38217627949875814e-03 0.00000000000000000e+00
2.54262969730239012e-03 0.00000000000000000e+00
-6.50286433271894546e-05 0.00000000000000000e+00
1.16226383182111174e-03 0.00000000000000000e+00
3.85461730989546418e-03 0.00000000000000000e+00
-4.20845319284605859e-03 0.00000000000000000e+00
4.98380775061256411e-03 0.00000000000000000e+00
-2.61122939178967369e-03 0.00000000000000000e+00
2.30557942194882385e-03 0.00000000000000000e+00
-6.07167601265110827e-03 0.00000000000000000e+00
1.75192260229022111e-03 0.00000000000000000e+00
-9.47732697845824813e-04 0.00000000000000000e+00
-2.80721782031357519e-03 0.00000000000000000e+00
3.67609048170712376e-03 0.00000000000000000e+00
-4.02806308579594860e-03 0.00000000000000000e+00
2.43316958628884148e-03 0.00000000000000000e+00
-2.35790426429349819e-03 0.00000000000000000e+00
8.66376568552945691e-04 0.00000000000000000e+00
-2.07374177135480949e-04 0.00000000000000000e+00
-9.95071835201938792e-04 0.00000000000000000e+00
4.57571789871379661e-04 0.00000000000000000e+00
1.50161974680539101e-03 0.00000000000000000e+00
-9.89633080536878344e-04 0.00000000000000000e+00
1.13051386152519741e-03 0.00000000000000000e+00
-1.43182097249538749e-03 0.00000000000000000e+00
1.86956854844076465e-03 0.00000000000000000e+00
-9.12895826312834827e-04 0.00000000000000000e+00
3.55618846160556698e-04 0.00000000000000000e+00
2.17233626618561389e-03 0.00000000000000000e+00
-2.45660631262650461e-03 0.00000000000000000e+00
2.61588281376259240e-03 0.00000000000000000e+00
8.63099483541712731e-04 0.00000000000000000e+00
-8.98234541463212950e-04 0.00000000000000000e+00
-3.66258894003654854e-04 0.00000000000000000e+00
1.56424802862785997e-05 0.00000000000000000e+00
-2.62134673337707823e-04 0.00000000000000000e+00
-7.78493033386341111e-04 0.00000000000000000e+00
9.44640647840838872e-04 0.00000000000000000e+00
-1.05425449195532383e-03 0.00000000000000000e+00
2.83163234963130616e-04 0.00000000000000000e+00
-3.09830855516810531e-04 0.00000000000000000e+00
8.76651518473504357e-04 0.00000000000000000e+00
-3.07086412981695154e-04 0.00000000000000000e+00
2.85429401171514378e-04 0.00000000000000000e+00
4.27664728811740413e-04 0.00000000000000000e+00
-7.17602052872099729e-04 0.00000000000000000e+00
7.51690752262581066e-04 0.00000000000000000e+00
-8.14654506927693341e-04 0.00000000000000000e+00
6.58410966129359464e-04 0.00000000000000000e+00
-1.47844857002967238e-03 0.00000000000000000e+00
2.29529621946960178e-04 0.00000000000000000e+00
7.18085972365346017e-05 0.00000000000000000e+00
-1.43731784416588630e-03 0.00000000000000000e+00
3.83395222764043456e-04 0.00000000000000000e+00
-9.84952900289045230e-04 0.00000000000000000e+00
-1.06775574491761640e-03 0.00000000000000000e+00
1.11033073010604298e-03 0.00000000000000000e+00
5.54050755230533435e-04 0.00000000000000000e+00
-5.92998531095967758e-05 0.00000000000000000e+00
4.65436787808683693e-04 0.00000000000000000e+00
-2.24422691567696935e-04 0.00000000000000000e+00
-1.01780335993401129e-04 0.00000000000000000e+00
1.34520753122586843e-04 0.00000000000000000e+00
1.38886491861870114e-03 0.00000000000000000e+00
-1.48011350012924653e-03 0.00000000000000000e+00
-1.24436146635029083e-04 0.00000000000000000e+00
-7.62370712150360879e-05 0.00000000000000000e+00
-2.09159437578073515e-04 0.00000000000000000e+00
-1.56978785486027513e-04 0.00000000000000000e+00
4.88861814982944135e-04 0.00000000000000000e+00
-4.72124010822945169e-04 0.00000000000000000e+00
1.19461721320699723e-03 0.00000000000000000e+00
-1.03597315465815405e-03 0.00000000000000000e+00
1.41145949044376015e-03 0.00000000000000000e+00
-3.72762914614705647e-04 0.00000000000000000e+00
-1.24124725268146707e-04 0.00000000000000000e+00
8.18161742931157432e-04 0.00000000000000000e+00
-6.96951129471049674e-04 0.00000000000000000e+00
8.03806639984081580e-04 0.00000000000000000e+00
1.77080780736707955e-03 0.00000000000000000e+00
-1.78034307688635469e-03 0.00000000000000000e+00
1.06901552150393615e-04 0.00000000000000000e+00
-7.99708448600328130e-05 0.00000000000000000e+00
-9.69174239202091566e-04 0.00000000000000000e+00
-1.22271278807116116e-04 0.00000000000000000e+00
1.53574342886686520e-03 0.00000000000000000e+00
-1.32791879480407453e-03 0.00000000000000000e+00
3.68199963065644691e-04 0.00000000000000000e+00
-6.75939657871480132e-04 0.00000000000000000e+00
2.12423106181439027e-03 0.00000000000000000e+00
-9.46109449830823948e-04 0.00000000000000000e+00
6.12131738963522126e-04 0.00000000000000000e+00
2.13911865555847010e-03 0.00000000000000000e+00
-2.55987790481420480e-03 0.00000000000000000e+00
2.75239087978692990e-03 0.00000000000000000e+00
2.32991195793653364e-04 0.00000000000000000e+00
-9.07308757887696510e-05 0.00000000000000000e+00
1.76993367111017135e-03 0.00000000000000000e+00
-2.63146235210741798e-04 0.00000000000000000e+00
7.04644996842873774e-05 0.00000000000000000e+00
2.34200360742046034e-03 0.00000000000000000e+00
-1.31003309798179710e-03 0.00000000000000000e+00
2.02898658208225391e-03 0.00000000000000000e+00
9.98466203779024191e-04 0.00000000000000000e+00
-9.89104562590194247e-04 0.00000000000000000e+00
-8.13202828824265036e-04 0.00000000000000000e+00
1.82312766504246588e-04 0.00000000000000000e+00
-7.63742515897941968e-04 0.00000000000000000e+00
2.96361162754284798e-04 0.00000000000000000e+00
3.98658983513899639e-04 0.00000000000000000e+00
-3.95280012034138087e-04 0.00000000000000000e+00
6.25986132644599223e-04 0.00000000000000000e+00
-5.53022202970394850e-04 0.00000000000000000e+00
7.45540604034718017e-04 0.00000000000000000e+00
-1.23860452773822609e-04 0.00000000000000000e+00
-2.06085914577729254e-04 0.00000000000000000e+00
7.43667696472498862e-04 0.00000000000000000e+00
1.74042328602532539e-05 0.00000000000000000e+00
3.16274999487634924e-04 0.00000000000000000e+00
5.21312807928293615e-04 0.00000000000000000e+00
-6.03557711206291134e-04 0.00000000000000000e+00
8.95766464268765294e-05 0.00000000000000000e+00
-1.35904216968084943e-04 0.00000000000000000e+00
-1.19918033421149826e-04 0.00000000000000000e+00
5.11344507624338996e-04 0.00000000000000000e+00
-4.09797334032004741e-04 0.00000000000000000e+00
4.33336739154336736e-04 0.00000000000000000e+00
-1.19259068515960775e-03 0.00000000000000000e+00
1.35103567871258093e-03 0.00000000000000000e+00
1.43454755062488769e-03 0.00000000000000000e+00
-1.38773089794150191e-04 0.00000000000000000e+00
3.87882824939702741e-04 0.00000000000000000e+00
2.10547940753520171e-03 0.00000000000000000e+00
-1.80711018985927154e-03 0.00000000000000000e+00
2.32082870000547160e-03 0.00000000000000000e+00
-1.21807590333752945e-04 0.00000000000000000e+00
9.50301761143712857e-05 0.00000000000000000e+00
-1.91824805845651502e-03 0.00000000000000000e+00
5.64394846459503148e-04 0.00000000000000000e+00
-6.69597508590373015e-04 0.00000000000000000e+00
-6.31562029669931017e-04 0.00000000000000000e+00
1.24595361266735755e-03 0.00000000000000000e+00
-1.33054077215128026e-03 0.00000000000000000e+00
1.95892652133243571e-03 0.00000000000000000e+00
-2.00086546016420373e-03 0.00000000000000000e+00
-1.48328046922768575e-04 0.00000000000000000e+00
-5.45034661700146485e-05 0.00000000000000000e+00
-1.08401641229776487e-03 0.00000000000000000e+00
-4.30235057519291200e-04 0.00000000000000000e+00
1.84821913991513949e-03 0.00000000000000000e+00
-1.72149887176148713e-03 0.00000000000000000e+00
3.23374510725864511e-04 0.00000000000000000e+00
-6.48289663363119670e-04 0.00000000000000000e+00
2.55886645352243654e-03 0.00000000000000000e+00
-1.09089795428881221e-03 0.00000000000000000e+00
7.60720505453482991e-04 0.00000000000000000e+00
2.38726137664188208e-03 0.00000000000000000e+00
-2.91807520742746497e-03 0.00000000000000000e+00
3.14205595494468099e-03 0.00000000000000000e+00
9.04275616786111075e-04 0.00000000000000000e+00
-9.18521917452115523e-04 0.00000000000000000e+00
1.32161789010350894e-04 0.00000000000000000e+00
-6.64388038387965410e-05 0.00000000000000000e+00
-1.98825500517950485e-04 0.00000000000000000e+00
1.69048969167607236e-05 0.00000000000000000e+00
3.94422226989619984e-04 0.00000000000000000e+00
-2.98991079430924482e-04 0.00000000000000000e+00
6.72985393658538569e-04 0.00000000000000000e+00
-6.49471051490721615e-04 0.00000000000000000e+00
7.14470402590595445e-04 0.00000000000000000e+00
-2.42842851592886083e-04 0.00000000000000000e+00
-2.35978744121388479e-05 0.00000000000000000e+00
5.44521306319974445e-04 0.00000000000000000e+00
-5.34009008886336006e-04 0.00000000000000000e+00
5.84784291999192380e-04 0.00000000000000000e+00
-1.73598881664012645e-04 0.00000000000000000e+00
-3.11227669216026582e-04 0.00000000000000000e+00
-3.56246303420236672e-03 0.00000000000000000e+00
4.46774824001262665e-04 0.00000000000000000e+00
-6.61068431856181465e-04 0.00000000000000000e+00
-3.12301034121291584e-03 0.00000000000000000e+00
1.81383046069356294e-03 0.00000000000000000e+00
-3.07563668092685752e-03 0.00000000000000000e+00
-1.70736803805429486e-03 0.00000000000000000e+00
1.70761645261042734e-03 0.00000000000000000e+00
3.97193620022879765e-03 0.00000000000000000e+00
-1.10343698731821802e-03 0.00000000000000000e+00
1.38047777456951504e-03 0.00000000000000000e+00
1.87053248136096872e-03 0.00000000000000000e+00
-2.66025343562832162e-03 0.00000000000000000e+00
3.01710415448456625e-03 0.00000000000000000e+00
1.18678379939932967e-04 0.00000000000000000e+00
-2.45103165538917685e-04 0.00000000000000000e+00
-1.86683669281374190e-03 0.00000000000000000e+00
2.73475810863639220e-04 0.00000000000000000e+00
-1.95404052566446247e-04 0.00000000000000000e+00
-2.77428678866675424e-03 0.00000000000000000e+00
1.85202054386413408e-03 0.00000000000000000e+00
-2.60388760316728916e-03 0.00000000000000000e+00
-9.84592141667766773e-04 0.00000000000000000e+00
9.16527900703944685e-04 0.00000000000000000e+00
9.83906088926224777e-04 0.00000000000000000e+00
-2.84354805920217994e-04 0.00000000000000000e+00
9.54480598905658529e-04 0.00000000000000000e+00
-2.42096983032592415e-04 0.00000000000000000e+00
-6.74391991117639987e-04 0.00000000000000000e+00
6.55485110134526095e-04 0.00000000000000000e+00
1.81490448095812727e-03 0.00000000000000000e+00
-2.27555843717081128e-03 0.00000000000000000e+00
-3.30739031191968529e-03 0.00000000000000000e+00
3.51786640207861316e-04 0.00000000000000000e+00
-1.91897836493188549e-03 0.00000000000000000e+00
-3.17511876376281449e-03 0.00000000000000000e+00
3.73234042650543146e-03 0.00000000000000000e+00
-4.68969176828834457e-03 0.00000000000000000e+00
-1.56144582567036960e-03 0.00000000000000000e+00
1.08430691361511384e-03 0.00000000000000000e+00
6.37591385838430936e-03 0.00000000000000000e+00
-2.26967469170021637e-03 0.00000000000000000e+00
2.24009418036137144e-03 0.00000000000000000e+00
4.52857958651351963e-03 0.00000000000000000e+00
-5.92147904844419950e-03 0.00000000000000000e+00
6.50371995530874426e-03 0.00000000000000000e+00
-6.15281718795797480e-04 0.00000000000000000e+00
6.72492270197847289e-04 0.00000000000000000e+00
-3.29882467250254368e-04 0.00000000000000000e+00
1.07029981275786939e-04 0.00000000000000000e+00
1.45032250249886368e-04 0.00000000000000000e+00
-8.60746669124034299e-04 0.00000000000000000e+00
3.87199932034243584e-04 0.00000000000000000e+00
-5.85829193343259430e-04 0.00000000000000000e+00
-7.90734896289819783e-04 0.00000000000000000e+00
6.94956754023206874e-04 0.00000000000000000e+00
-8.86074705787666525e-04 0.00000000000000000e+00
2.45631044854032550e-04 0.00000000000000000e+00
3.01374900764407269e-04 0.00000000000000000e+00
-9.07960631164273055e-04 0.00000000000000000e+00
5.17320439219902352e-04 0.00000000000000000e+00
-6.45739017458486580e-04 0.00000000000000000e+00
4.49673986167938543e-03 0.00000000000000000e+00
-2.94875193841811177e-03 0.00000000000000000e+00
1.24529921521010171e-02 0.00000000000000000e+00
-1.74310717028761586e-03 0.00000000000000000e+00
-3.01381551171954404e-05 0.00000000000000000e+00
1.12313337129603865e-02 0.00000000000000000e+00
-3.37829441885621057e-03 0.00000000000000000e+00
8.23878386836463840e-03 0.00000000000000000e+00
6.80231843676122085e-03 0.00000000000000000e+00
-7.44033532483260457e-03 0.00000000000000000e+00
-8.00828704633823815e-03 0.00000000000000000e+00
1.43342391864990319e-03 0.00000000000000000e+00
-3.52564054761950402e-03 0.00000000000000000e+00
-7.04599053375013049e-04 0.00000000000000000e+00
2.83157058293036484e-03 0.00000000000000000e+00
-3.46969603971794983e-03 0.00000000000000000e+00
-3.31373969277473732e-03 0.00000000000000000e+00
4.30964783474095496e-03 0.00000000000000000e+00
1.21369556894408304e-02 0.00000000000000000e+00
-1.60251495027500059e-03 0.00000000000000000e+00
1.94397857154410465e-03 0.00000000000000000e+00
1.76681307490221574e-02 0.00000000000000000e+00
-1.27870034616651002e-02 0.00000000000000000e+00
1.74913476939061417e-02 0.00000000000000000e+00
4.41897989729359529e-03 0.00000000000000000e+00
-4.13567356324993918e-03 0.00000000000000000e+00
-9.50789932447737574e-03 0.00000000000000000e+00
2.79861454087257421e-03 0.00000000000000000e+00
-6.07015461676716286e-03 0.00000000000000000e+00
-8.14690201613037972e-04 0.00000000000000000e+00
6.47531249959321011e-03 0.00000000000000000e+00
-6.65320957856086522e-03 0.00000000000000000e+00
3.43187830320953536e-03 0.00000000000000000e+00
-3.00362087181903258e-03 0.00000000000000000e+00
3.36231908504959487e-03 0.00000000000000000e+00
-5.48425573738986071e-04 0.00000000000000000e+00
-7.91401009971287746e-04 0.00000000000000000e+00
2.23963458833250023e-03 0.00000000000000000e+00
1.02187463455483108e-03 0.00000000000000000e+00
4.07839209826051509e-04 0.00000000000000000e+00
2.70327520178030144e-03 0.00000000000000000e+00
-3.06399544197511484e-03 0.00000000000000000e+00
-3.32772484320220706e-04 0.00000000000000000e+00
-3.91975166868913625e-04 0.00000000000000000e+00
-4.17697468338165364e-04 0.00000000000000000e+00
1.26115990109876611e-03 0.00000000000000000e+00
-1.22165276717868206e-03 0.00000000000000000e+00
1.14521320963320464e-03 0.00000000000000000e+00
5.35062503303801451e-03 0.00000000000000000e+00
-5.75950749290847410e-03 0.00000000000000000e+00
-1.48264106557453412e-03 0.00000000000000000e+00
-1.28277154448203079e-04 0.00000000000000000e+00
-1.34721421734983931e-03 0.00000000000000000e+00
-1.92710813650130036e-03 0.00000000000000000e+00
3.23370224014868932e-03 0.00000000000000000e+00
-3.50664920871597043e-03 0.00000000000000000e+00
3.39370786686366780e-03 0.00000000000000000e+00
-3.07945213256644946e-03 0.00000000000000000e+00
6.53277270351560087e-03 0.00000000000000000e+00
-1.94784093498207998e-03 0.00000000000000000e+00
4.55143279914987974e-04 0.00000000000000000e+00
3.94878115908594857e-03 0.00000000000000000e+00
-4.20227640267734417e-03 0.00000000000000000e+00
4.69445839501016638e-03 0.00000000000000000e+00
-6.69700814675216463e-04 0.00000000000000000e+00
-2.97011487153856933e-04 0.00000000000000000e+00
-7.14097278615865184e-03 0.00000000000000000e+00
9.03941403189339673e-04 0.00000000000000000e+00
-9.75541084863382289e-04 0.00000000000000000e+00
-6.30567382967198251e-03 0.00000000000000000e+00
3.22274874741306991e-03 0.00000000000000000e+00
-5.81121646717039711e-03 0.00000000000000000e+00
-3.25395012311006275e-03 0.00000000000000000e+00
3.40322644792490168e-03 0.00000000000000000e+00
7.29265691515322296e-03 0.00000000000000000e+00
-1.88634353401773494e-03 0.00000000000000000e+00
2.49955925849703773e-03 0.00000000000000000e+00
2.96323657397342018e-03 0.00000000000000000e+00
-4.39425496408992530e-03 0.00000000000000000e+00
5.03221403273602756e-03 0.00000000000000000e+00
2.17096188386374034e-03 0.00000000000000000e+00
-2.82411770372352705e-03 0.00000000000000000e+00
-8.57546806409997288e-03 0.00000000000000000e+00
1.16282356555719472e-03 0.00000000000000000e+00
-1.42805100653218783e-03 0.00000000000000000e+00
-1.27530716619222474e-02 0.00000000000000000e+00
9.33196982122557438e-03 0.00000000000000000e+00
-1.26712025073474795e-02 0.00000000000000000e+00
-3.53433082457176549e-03 0.00000000000000000e+00
3.21518012688769934e-03 0.00000000000000000e+00
6.37570344762088213e-03 0.00000000000000000e+00
-1.94725627701859347e-03 0.00000000000000000e+00
4.50258362031782846e-03 0.00000000000000000e+00
3.80086334231508158e-04 0.00000000000000000e+00
-4.61332678067285888e-03 0.00000000000000000e+00
4.69132898487867236e-03 0.00000000000000000e+00
-7.75632108863811686e-03 0.00000000000000000e+00
6.85661847952392933e-03 0.00000000000000000e+00
-7.60466744319241231e-03 0.00000000000000000e+00
1.26250246528970302e-03 0.00000000000000000e+00
2.05358079304188623e-03 0.00000000000000000e+00
-5.71454317979104044e-03 0.00000000000000000e+00
-2.02129043495506092e-03 0.00000000000000000e+00
-1.29086904159436146e-03 0.00000000000000000e+00
-6.01195525287951185e-03 0.00000000000000000e+00
6.87896869252867596e-03 0.00000000000000000e+00
-1.47875984203465555e-04 0.00000000000000000e+00
1.20652001836572017e-03 0.00000000000000000e+00
9.17387795875345422e-04 0.00000000000000000e+00
-3.91014541232126856e-03 0.00000000000000000e+00
3.63035148435736149e-03 0.00000000000000000e+00
-3.60998873624806139e-03 0.00000000000000000e+00
-4.40880924374660154e-03 0.00000000000000000e+00
4.15055304358115211e-03 0.00000000000000000e+00
-5.90923863911398117e-03 0.00000000000000000e+00
1.11611788210154200e-03 0.00000000000000000e+00
6.95137537125152375e-04 0.00000000000000000e+00
-8.09025811088644013e-03 0.00000000000000000e+00
3.10434337069815693e-03 0.00000000000000000e+00
-5.74762084458151686e-03 0.00000000000000000e+00
-6.08842656332838749e-03 0.00000000000000000e+00
5.85628229600359575e-03 0.00000000000000000e+00
-1.44732840787302843e-03 0.00000000000000000e+00
6.78083027440646983e-04 0.00000000000000000e+00
2.67585720328474604e-03 0.00000000000000000e+00
-4.11666567584757347e-03 0.00000000000000000e+00
1.49810265378949375e-03 0.00000000000000000e+00
-1.88960141750428795e-03 0.00000000000000000e+00
1.95273995855917560e-03 0.00000000000000000e+00
-2.08409850699103243e-03 0.00000000000000000e+00
1.12279868163638012e-04 0.00000000000000000e+00
-1.41654520893189377e-04 0.00000000000000000e+00
-8.93330556745777641e-04 0.00000000000000000e+00
6.89308189779562421e-04 0.00000000000000000e+00
7.13491930697863195e-04 0.00000000000000000e+00
-4.53883913382520745e-04 0.00000000000000000e+00
1.09482563419658588e-03 0.00000000000000000e+00
-1.17016380954446087e-03 0.00000000000000000e+00
2.96458913385029598e-03 0.00000000000000000e+00
-1.05479812678673152e-03 0.00000000000000000e+00
1.57674201785136812e-04 0.00000000000000000e+00
2.77239570452736395e-03 0.00000000000000000e+00
-2.62684140595928397e-03 0.00000000000000000e+00
2.95765061621480882e-03 0.00000000000000000e+00
-7.48529758561449279e-03 0.00000000000000000e+00
7.92481096721815367e-03 0.00000000000000000e+00
5.71903061766522577e-04 0.00000000000000000e+00
4.00403859291740703e-04 0.00000000000000000e+00
1.36598213521126684e-03 0.00000000000000000e+00
9.24559795304370356e-04 0.00000000000000000e+00
-3.04348218078935064e-03 0.00000000000000000e+00
2.89585370802212215e-03 0.00000000000000000e+00
-5.99146389436872907e-03 0.00000000000000000e+00
5.33151422826493981e-03 0.00000000000000000e+00
-7.60123236189460920e-03 0.00000000000000000e+00
2.14762331280164871e-03 0.00000000000000000e+00
3.63590268498376480e-04 0.00000000000000000e+00
-4.67925711785077431e-03 0.00000000000000000e+00
4.28489930131842681e-03 0.00000000000000000e+00
-4.86035331393243342e-03 0.00000000000000000e+00
2.65749666619298670e-03 0.00000000000000000e+00
-3.12456595237002328e-03 0.00000000000000000e+00
-3.23824811192189536e-03 0.00000000000000000e+00
3.06232958974231436e-04 0.00000000000000000e+00
-2.23449872357416425e-03 0.00000000000000000e+00
-3.25041806060655117e-03 0.00000000000000000e+00
4.31435014793737654e-03 0.00000000000000000e+00
-5.18755515568260044e-03 0.00000000000000000e+00
-1.16949995563104918e-03 0.00000000000000000e+00
6.30560842839511136e-04 0.00000000000000000e+00
7.18390379247388789e-03 0.00000000000000000e+00
-2.59733934171242978e-03 0.00000000000000000e+00
2.38462453861519206e-03 0.00000000000000000e+00
5.24589229716314939e-03 0.00000000000000000e+00
-6.75305195352953174e-03 0.00000000000000000e+00
7.39786149210788259e-03 0.00000000000000000e+00
6.63381172990930876e-05 0.00000000000000000e+00
-2.07998053328376176e-04 0.00000000000000000e+00
-2.79458725589389273e-03 0.00000000000000000e+00
4.32555004399484948e-04 0.00000000000000000e+00
-2.10456246810927496e-04 0.00000000000000000e+00
-4.49626036649476441e-03 0.00000000000000000e+00
2.98270243737067771e-03 0.00000000000000000e+00
-4.14457237859813029e-03 0.00000000000000000e+00
-1.63988746826107643e-03 0.00000000000000000e+00
1.50481596864621972e-03 0.00000000000000000e+00
9.63528380146461247e-04 0.00000000000000000e+00
-2.84421904499200615e-04 0.00000000000000000e+00
1.50819291640058866e-03 0.00000000000000000e+00
-8.54124940020112582e-04 0.00000000000000000e+00
-6.83325888831620210e-04 0.00000000000000000e+00
5.77595543768703651e-04 0.00000000000000000e+00
-3.99918841606525534e-05 0.00000000000000000e+00
-1.09525879110408458e-03 0.00000000000000000e+00
-8.48372695343467542e-03 0.00000000000000000e+00
1.06186749919251282e-03 0.00000000000000000e+00
-1.85423776049430046e-03 0.00000000000000000e+00
-7.63417766134999801e-03 0.00000000000000000e+00
4.88167233408192021e-03 0.00000000000000000e+00
-7.85122772731812468e-03 0.00000000000000000e+00
-4.18614633028163360e-03 0.00000000000000000e+00
4.04889905028873141e-03 0.00000000000000000e+00
9.86123958035034671e-03 0.00000000000000000e+00
-2.86306153522217135e-03 0.00000000000000000e+00
3.56198091230654603e-03 0.00000000000000000e+00
4.91469942352389371e-03 0.00000000000000000e+00
-7.02875370190880235e-03 0.00000000000000000e+00
7.90561116858756914e-03 0.00000000000000000e+00
3.65084138802015262e-03 0.00000000000000000e+00
-4.12852654662286631e-03 0.00000000000000000e+00
-4.69286045542327470e-03 0.00000000000000000e+00
4.78757119009399785e-04 0.00000000000000000e+00
-1.10212857700054062e-03 0.00000000000000000e+00
-7.15137902623321896e-03 0.00000000000000000e+00
5.93194078397474029e-03 0.00000000000000000e+00
-7.65821124257649432e-03 0.00000000000000000e+00
2.49400738851229267e-04 0.00000000000000000e+00
-1.55110106338692162e-04 0.00000000000000000e+00
5.64329865698749884e-03 0.00000000000000000e+00
-1.63442678137837782e-03 0.00000000000000000e+00
2.18613580855859689e-03 0.00000000000000000e+00
1.44519151656266522e-03 0.00000000000000000e+00
-3.54548549226494855e-03 0.00000000000000000e+00
3.73807498289366802e-03 0.00000000000000000e+00
2.72147194989099707e-03 0.00000000000000000e+00
-4.02852551566503653e-03 0.00000000000000000e+00
-9.73843316283665855e-03 0.00000000000000000e+00
1.14197996814612468e-03 0.00000000000000000e+00
-4.24941628321497469e-03 0.00000000000000000e+00
-9.09888127757655860e-03 0.00000000000000000e+00
8.77514241913520190e-03 0.00000000000000000e+00
-1.18421077207025594e-02 0.00000000000000000e+00
-5.21132833443770614e-03 0.00000000000000000e+00
4.20712385897318610e-03 0.00000000000000000e+00
1.54445194978758971e-02 0.00000000000000000e+00
-5.26893437582364246e-03 0.00000000000000000e+00
5.72645578375483716e-03 0.00000000000000000e+00
1.01358600156415610e-02 0.00000000000000000e+00
-1.36669131376024686e-02 0.00000000000000000e+00
1.50773615267942324e-02 0.00000000000000000e+00
-1.38105300464062245e-03 0.00000000000000000e+00
1.38361622801549283e-03 0.00000000000000000e+00
-2.13575961221328060e-03 0.00000000000000000e+00
4.33138768241212574e-04 0.00000000000000000e+00
2.79856349427803246e-04 0.00000000000000000e+00
-3.77235100908608102e-03 0.00000000000000000e+00
1.90597723342644885e-03 0.00000000000000000e+00
-2.91408943369582439e-03 0.00000000000000000e+00
-2.33632644807396607e-03 0.00000000000000000e+00
2.15898118404647850e-03 0.00000000000000000e+00
-1.20394389295384744e-03 0.00000000000000000e+00
3.87914186887344358e-04 0.00000000000000000e+00
1.21397185006115915e-03 0.00000000000000000e+00
-2.22419784359574558e-03 0.00000000000000000e+00
8.50498603222969284e-04 0.00000000000000000e+00
-1.13207127314977267e-03 0.00000000000000000e+00
-2.31716917918149473e-03 0.00000000000000000e+00
2.07981501569150804e-03 0.00000000000000000e+00
-3.19082578564714977e-03 0.00000000000000000e+00
5.57636993352433755e-04 0.00000000000000000e+00
3.57345621626351049e-04 0.00000000000000000e+00
-3.68081271309265859e-03 0.00000000000000000e+00
1.05949695242765632e-03 0.00000000000000000e+00
-2.44023453050460151e-03 0.00000000000000000e+00
-2.90146309078239545e-03 0.00000000000000000e+00
2.90206536747994199e-03 0.00000000000000000e+00
-2.39239062859393388e-05 0.00000000000000000e+00
2.10773513389986511e-04 0.00000000000000000e+00
1.17393230218627723e-03 0.00000000000000000e+00
-1.54940831270617102e-03 0.00000000000000000e+00
5.28045379245424226e-04 0.00000000000000000e+00
-6.18136808006607076e-04 0.00000000000000000e+00
1.19920510633115835e-02 0.00000000000000000e+00
-1.27956961158677673e-02 0.00000000000000000e+00
-2.70734282150573687e-03 0.00000000000000000e+00
-3.64343448897841416e-04 0.00000000000000000e+00
-2.38670642659580788e-03 0.00000000000000000e+00
-4.24518432089271945e-03 0.00000000000000000e+00
6.74818492472056049e-03 0.00000000000000000e+00
-7.24153530801645209e-03 0.00000000000000000e+00
8.45797641392342925e-03 0.00000000000000000e+00
-7.51492377660814385e-03 0.00000000000000000e+00
1.29420105688833557e-02 0.00000000000000000e+00
-3.68741590968398904e-03 0.00000000000000000e+00
4.17510179955485469e-04 0.00000000000000000e+00
7.15601895868185015e-03 0.00000000000000000e+00
-7.49606828026644269e-03 0.00000000000000000e+00
8.37764101348537765e-03 0.00000000000000000e+00
-3.22617661243837462e-03 0.00000000000000000e+00
3.35611142235724092e-03 0.00000000000000000e+00
5.07837507671355932e-04 0.00000000000000000e+00
7.09296220000793157e-05 0.00000000000000000e+00
1.70127319254526348e-03 0.00000000000000000e+00
8.18735292592350753e-04 0.00000000000000000e+00
-2.90788035161456109e-03 0.00000000000000000e+00
2.80177950976969728e-03 0.00000000000000000e+00
-6.91378864487040418e-04 0.00000000000000000e+00
1.11688051869598525e-03 0.00000000000000000e+00
-4.49554124323111540e-03 0.00000000000000000e+00
1.79800177483411877e-03 0.00000000000000000e+00
-1.16028628922440046e-03 0.00000000000000000e+00
-3.93719773084675109e-03 0.00000000000000000e+00
4.70152846144889468e-03 0.00000000000000000e+00
-5.09855372626240484e-03 0.00000000000000000e+00
-2.30905582713791200e-04 0.00000000000000000e+00
3.66406176945289098e-04 0.00000000000000000e+00
2.72291091054628186e-03 0.00000000000000000e+00
-4.17309821378799976e-04 0.00000000000000000e+00
3.09137225317569905e-04 0.00000000000000000e+00
4.43212540604234762e-03 0.00000000000000000e+00
-3.09653881162666239e-03 0.00000000000000000e+00
4.21376080007705017e-03 0.00000000000000000e+00
1.60055190094247359e-03 0.00000000000000000e+00
-1.42734105408647439e-03 0.00000000000000000e+00
-1.13169452413104492e-03 0.00000000000000000e+00
3.72262940473275857e-04 0.00000000000000000e+00
-1.55520217880746265e-03 0.00000000000000000e+00
6.33331653957779528e-04 0.00000000000000000e+00
9.31838795119320257e-04 0.00000000000000000e+00
-8.44426961911619702e-04 0.00000000000000000e+00
1.19170481525825460e-03 0.00000000000000000e+00
-8.41364189141326452e-04 0.00000000000000000e+00
3.24423625271909538e-03 0.00000000000000000e+00
-4.81980946271821497e-04 0.00000000000000000e+00
1.93006192400763089e-04 0.00000000000000000e+00
3.22310131196034116e-03 0.00000000000000000e+00
-1.39484682485865527e-03 0.00000000000000000e+00
2.65488124589273889e-03 0.00000000000000000e+00
2.26069628139236554e-03 0.00000000000000000e+00
-2.24028475400939783e-03 0.00000000000000000e+00
-1.99400457930563402e-03 0.00000000000000000e+00
4.74301432782115969e-04 0.00000000000000000e+00
-1.25841438012642146e-03 0.00000000000000000e+00
-2.82573568590663152e-04 0.00000000000000000e+00
1.15849007997148113e-03 0.00000000000000000e+00
-1.30193048926728941e-03 0.00000000000000000e+00
-4.71826328405520069e-03 0.00000000000000000e+00
5.01939748945968642e-03 0.00000000000000000e+00
7.21260900602506893e-04 0.00000000000000000e+00
1.99993771749379823e-04 0.00000000000000000e+00
8.29712312979930303e-04 0.00000000000000000e+00
1.14402169983672617e-03 0.00000000000000000e+00
-2.21530914909353043e-03 0.00000000000000000e+00
2.27872616258099035e-03 0.00000000000000000e+00
-3.65746462332866692e-03 0.00000000000000000e+00
3.21989191228853758e-03 0.00000000000000000e+00
-4.86657435098012108e-03 0.00000000000000000e+00
1.34742436724703796e-03 0.00000000000000000e+00
1.02666828738478988e-04 0.00000000000000000e+00
-2.74670066255180935e-03 0.00000000000000000e+00
2.64573620075428612e-03 0.00000000000000000e+00
-2.98888689731702326e-03 0.00000000000000000e+00
-2.37617214177684001e-03 0.00000000000000000e+00
2.62278626794969260e-03 0.00000000000000000e+00
1.70227278933319333e-03 0.00000000000000000e+00
-1.32286623204609595e-04 0.00000000000000000e+00
1.85199748997977266e-03 0.00000000000000000e+00
1.86113168233089299e-03 0.00000000000000000e+00
-3.33449644233713800e-03 0.00000000000000000e+00
3.68427356629846001e-03 0.00000000000000000e+00
6.59457466606611109e-04 0.00000000000000000e+00
-1.17202048042799821e-04 0.00000000000000000e+00
-5.12457676651854963e-03 0.00000000000000000e+00
2.00305585943981544e-03 0.00000000000000000e+00
-1.76767722660500868e-03 0.00000000000000000e+00
-4.18287325136250734e-03 0.00000000000000000e+00
5.33271917064573678e-03 0.00000000000000000e+00
-5.79804913356515503e-03 0.00000000000000000e+00
-3.58442706585960147e-04 0.00000000000000000e+00
1.89984552112455610e-04 0.00000000000000000e+00
-2.11426514616597488e-03 0.00000000000000000e+00
3.19160746311154613e-04 0.00000000000000000e+00
-1.03585379457757159e-04 0.00000000000000000e+00
-2.75858755106577315e-03 0.00000000000000000e+00
1.54202990381052956e-03 0.00000000000000000e+00
-2.39817241600390370e-03 0.00000000000000000e+00
-1.29443498627466688e-03 0.00000000000000000e+00
1.26160831724706803e-03 0.00000000000000000e+00
9.64747514973766061e-04 0.00000000000000000e+00
-2.28281971110110476e-04 0.00000000000000000e+00
9.40200249295102225e-04 0.00000000000000000e+00
-3.10146854001885778e-04 0.00000000000000000e+00
-5.28814940903807296e-04 0.00000000000000000e+00
5.30195352431002799e-04 0.00000000000000000e+00
-3.24618418042793393e-03 0.00000000000000000e+00
2.93663150436393634e-03 0.00000000000000000e+00
-3.35945352602217773e-03 0.00000000000000000e+00
5.82527379787671040e-04 0.00000000000000000e+00
1.04755986696899984e-03 0.00000000000000000e+00
-3.34550194611891658e-03 0.00000000000000000e+00
-2.75778192515143273e-04 0.00000000000000000e+00
-1.25614392031054493e-03 0.00000000000000000e+00
-2.63778999253545723e-03 0.00000000000000000e+00
2.99774185974448345e-03 0.00000000000000000e+00
-8.63383685808224999e-04 0.00000000000000000e+00
7.63526264192796486e-04 0.00000000000000000e+00
5.29911928241793098e-04 0.00000000000000000e+00
-2.65509375714335092e-03 0.00000000000000000e+00
2.19257776656323327e-03 0.00000000000000000e+00
-2.33761367105581128e-03 0.00000000000000000e+00
3.84484603376196530e-03 0.00000000000000000e+00
-4.27757937207580863e-03 0.00000000000000000e+00
-3.01369272238668747e-03 0.00000000000000000e+00
1.90821684909698057e-04 0.00000000000000000e+00
-9.70161441453749732e-04 0.00000000000000000e+00
-4.26544509430099462e-03 0.00000000000000000e+00
3.98713733817933520e-03 0.00000000000000000e+00
-4.99754912032474453e-03 0.00000000000000000e+00
1.59837009894096848e-03 0.00000000000000000e+00
-1.33766886580261751e-03 0.00000000000000000e+00
5.42561378962886243e-03 0.00000000000000000e+00
-1.52508196552084445e-03 0.00000000000000000e+00
1.13503820009116813e-03 0.00000000000000000e+00
2.18825039492707464e-03 0.00000000000000000e+00
-3.20108719201168132e-03 0.00000000000000000e+00
3.50107744969054349e-03 0.00000000000000000e+00
-2.88030731925184623e-04 0.00000000000000000e+00
7.60243296375350875e-04 0.00000000000000000e+00
3.69479506716769487e-03 0.00000000000000000e+00
-4.64607349935401476e-04 0.00000000000000000e+00
1.09670466794758135e-03 0.00000000000000000e+00
3.50988070222233882e-03 0.00000000000000000e+00
-2.67956686888033962e-03 0.00000000000000000e+00
3.93796540626316187e-03 0.00000000000000000e+00
2.02859120589789742e-03 0.00000000000000000e+00
-1.81312664442983282e-03 0.00000000000000000e+00
-4.66616464502148283e-03 0.00000000000000000e+00
1.48293395585933816e-03 0.00000000000000000e+00
-1.85019380980129848e-03 0.00000000000000000e+00
-2.60707282974982418e-03 0.00000000000000000e+00
3.77613047940092428e-03 0.00000000000000000e+00
-4.18481858900956322e-03 0.00000000000000000e+00
-1.20621366312475024e-03 0.00000000000000000e+00
1.58897065981339304e-03 0.00000000000000000e+00
4.40316690782307282e-03 0.00000000000000000e+00
-5.68092639323693779e-04 0.00000000000000000e+00
5.34436220011799473e-04 0.00000000000000000e+00
6.33122799591088591e-03 0.00000000000000000e+00
-4.36355672845323804e-03 0.00000000000000000e+00
6.08689567404165511e-03 0.00000000000000000e+00
1.28948470592510464e-03 0.00000000000000000e+00
-1.31097359960255923e-03 0.00000000000000000e+00
-3.34900675684586275e-03 0.00000000000000000e+00
8.96637533153342263e-04 0.00000000000000000e+00
-1.98581957696775764e-03 0.00000000000000000e+00
-5.41283260798766698e-05 0.00000000000000000e+00
1.93854672703223040e-03 0.00000000000000000e+00
-1.99170526853419778e-03 0.00000000000000000e+00
-9.42022501992055279e-04 0.00000000000000000e+00
2.44231321168441370e-03 0.00000000000000000e+00
1.07399627734024276e-02 0.00000000000000000e+00
-1.28149757554975449e-03 0.00000000000000000e+00
2.70256933835318547e-03 0.00000000000000000e+00
9.50292802889002655e-03 0.00000000000000000e+00
-6.57062050305230391e-03 0.00000000000000000e+00
1.02418689526855011e-02 0.00000000000000000e+00
4.66246062011390055e-03 0.00000000000000000e+00
-4.49566614181556769e-03 0.00000000000000000e+00
-1.38070785755123205e-02 0.00000000000000000e+00
4.06870341333770077e-03 0.00000000000000000e+00
-4.54804706520548895e-03 0.00000000000000000e+00
-7.33783269033875911e-03 0.00000000000000000e+00
9.95559041990229376e-03 0.00000000000000000e+00
-1.11988540009841861e-02 0.00000000000000000e+00
-4.21372342491612394e-03 0.00000000000000000e+00
5.02774052849413663e-03 0.00000000000000000e+00
9.92731930187032430e-03 0.00000000000000000e+00
-1.24902549169218975e-03 0.00000000000000000e+00
1.92023542288022992e-03 0.00000000000000000e+00
1.50501991786785860e-02 0.00000000000000000e+00
-1.15838713902479580e-02 0.00000000000000000e+00
1.53846739513586999e-02 0.00000000000000000e+00
2.73925012632087080e-03 0.00000000000000000e+00
-2.49570039750362160e-03 0.00000000000000000e+00
-8.75314836557776477e-03 0.00000000000000000e+00
2.65245892181893922e-03 0.00000000000000000e+00
-5.13634034720013809e-03 0.00000000000000000e+00
-1.22869514045369330e-03 0.00000000000000000e+00
6.11022881330993035e-03 0.00000000000000000e+00
-6.28178128881504844e-03 0.00000000000000000e+00
5.30537565287183665e-03 0.00000000000000000e+00
-3.35798277999586631e-03 0.00000000000000000e+00
1.54481643929083364e-02 0.00000000000000000e+00
-2.17479313901337498e-03 0.00000000000000000e+00
1.46086455873708555e-03 0.00000000000000000e+00
1.31645688102974591e-02 0.00000000000000000e+00
-5.29978273754098082e-03 0.00000000000000000e+00
1.10703236108565580e-02 0.00000000000000000e+00
1.01230642495782775e-02 0.00000000000000000e+00
-1.01537006944808928e-02 0.00000000000000000e+00
-1.24775857758341636e-02 0.00000000000000000e+00
3.12339316589089816e-03 0.00000000000000000e+00
-5.60395140249232791e-03 0.00000000000000000e+00
-4.39806595187197669e-03 0.00000000000000000e+00
7.60170566944233256e-03 0.00000000000000000e+00
-8.76420022889869491e-03 0.00000000000000000e+00
4.42581453287632133e-03 0.00000000000000000e+00
-4.00053690450950881e-03 0.00000000000000000e+00
9.02527025453338932e-03 0.00000000000000000e+00
-1.59605008387106234e-03 0.00000000000000000e+00
-5.76289397838604953e-04 0.00000000000000000e+00
1.30469820825420170e-02 0.00000000000000000e+00
-6.22959646286134344e-03 0.00000000000000000e+00
1.01821275761831871e-02 0.00000000000000000e+00
7.80799118537652079e-03 0.00000000000000000e+00
-7.49075639398533860e-03 0.00000000000000000e+00
5.11855265596240392e-04 0.00000000000000000e+00
-4.53373442778869692e-04 0.00000000000000000e+00
-4.23585365082136157e-03 0.00000000000000000e+00
5.25972503811775703e-03 0.00000000000000000e+00
-1.02214897475189320e-03 0.00000000000000000e+00
1.54396237224346420e-03 0.00000000000000000e+00
-2.87097692977941613e-03 0.00000000000000000e+00
1.58759243729767493e-03 0.00000000000000000e+00
-9.36567232338259004e-03 0.00000000000000000e+00
1.23882167978418096e-03 0.00000000000000000e+00
-1.34897024033508039e-05 0.00000000000000000e+00
-7.77619470321622413e-03 0.00000000000000000e+00
2.01868036846168577e-03 0.00000000000000000e+00
-5.60911088378139057e-03 0.00000000000000000e+00
-4.26403952677914359e-03 0.00000000000000000e+00
4.94821293722347549e-03 0.00000000000000000e+00
7.11825321515088382e-03 0.00000000000000000e+00
-1.29691232238613396e-03 0.00000000000000000e+00
2.28025213798505435e-03 0.00000000000000000e+00
1.35570321853005558e-03 0.00000000000000000e+00
-2.47614473657236170e-03 0.00000000000000000e+00
3.10539234332103242e-03 0.00000000000000000e+00
-7.30637893010758783e-03 0.00000000000000000e+00
7.04865651910541787e-03 0.00000000000000000e+00
-9.19877147913837449e-03 0.00000000000000000e+00
1.83956050519779946e-03 0.00000000000000000e+00
2.49277963969161119e-04 0.00000000000000000e+00
-1.30572908766022656e-02 0.00000000000000000e+00
6.20632747022129179e-03 0.00000000000000000e+00
-1.02549142093049488e-02 0.00000000000000000e+00
-1.15252479285752885e-02 0.00000000000000000e+00
1.04569788181853654e-02 0.00000000000000000e+00
-2.18811853241040978e-03 0.00000000000000000e+00
5.53661905845842343e-04 0.00000000000000000e+00
5.37052647546515990e-03 0.00000000000000000e+00
-5.44074532451562735e-03 0.00000000000000000e+00
3.98635044459601955e-04 0.00000000000000000e+00
-9.89265404481738490e-04 0.00000000000000000e+00
3.91123747400507209e-04 0.00000000000000000e+00
-7.58696624145928193e-04 0.00000000000000000e+00
-2.35148439899377643e-03 0.00000000000000000e+00
2.61587419882391037e-04 0.00000000000000000e+00
-8.35105202584868851e-04 0.00000000000000000e+00
-1.76243094931887822e-03 0.00000000000000000e+00
1.45449650069445877e-03 0.00000000000000000e+00
-2.19928267171271659e-03 0.00000000000000000e+00
-1.04006005538457842e-03 0.00000000000000000e+00
9.44103173325270433e-04 0.00000000000000000e+00
3.73599299269562236e-03 0.00000000000000000e+00
-1.16346352604548907e-03 0.00000000000000000e+00
1.07929227228911913e-03 0.00000000000000000e+00
2.39599832657214724e-03 0.00000000000000000e+00
-2.91646564358002654e-03 0.00000000000000000e+00
3.29023331921303366e-03 0.00000000000000000e+00
-4.83684520889096810e-03 0.00000000000000000e+00
5.21198241054948545e-03 0.00000000000000000e+00
3.47800492414319766e-04 0.00000000000000000e+00
2.95935103428199319e-04 0.00000000000000000e+00
1.06937486190274112e-03 0.00000000000000000e+00
-2.28891990467625344e-04 0.00000000000000000e+00
-1.42961756443322802e-03 0.00000000000000000e+00
1.24806968751132465e-03 0.00000000000000000e+00
-3.97905903846395431e-03 0.00000000000000000e+00
3.52675371506083095e-03 0.00000000000000000e+00
-5.86844211997050291e-03 0.00000000000000000e+00
1.67279201286807096e-03 0.00000000000000000e+00
3.58935780594788520e-04 0.00000000000000000e+00
-4.07850904001778522e-03 0.00000000000000000e+00
3.48591021281492719e-03 0.00000000000000000e+00
-4.02344208769865770e-03 0.00000000000000000e+00
-8.84122957356313246e-04 0.00000000000000000e+00
1.80763021984898251e-03 0.00000000000000000e+00
6.09140922951128660e-03 0.00000000000000000e+00
-6.78387403179898886e-04 0.00000000000000000e+00
1.43754587445250924e-03 0.00000000000000000e+00
5.05466838227486802e-03 0.00000000000000000e+00
-3.34150491814727384e-03 0.00000000000000000e+00
5.40337765239051748e-03 0.00000000000000000e+00
1.93250226608010218e-03 0.00000000000000000e+00
-2.03189146034265036e-03 0.00000000000000000e+00
-8.33451162261267427e-03 0.00000000000000000e+00
2.34186735197358014e-03 0.00000000000000000e+00
-2.24537871410042215e-03 0.00000000000000000e+00
-4.39683237194422871e-03 0.00000000000000000e+00
5.54072691067693593e-03 0.00000000000000000e+00
-6.30828318724943344e-03 0.00000000000000000e+00
1.04222845596695893e-03 0.00000000000000000e+00
-4.85038175540593211e-04 0.00000000000000000e+00
1.00383558579053792e-02 0.00000000000000000e+00
-1.60236065374989313e-03 0.00000000000000000e+00
1.13004248724924913e-03 0.00000000000000000e+00
1.49602406273938848e-02 0.00000000000000000e+00
-9.89869923969073293e-03 0.00000000000000000e+00
1.39826123406011221e-02 0.00000000000000000e+00
7.33556387350634345e-03 0.00000000000000000e+00
-6.56681465595151080e-03 0.00000000000000000e+00
-3.97645021599032054e-03 0.00000000000000000e+00
1.34330929277710746e-03 0.00000000000000000e+00
-5.70646895375858526e-03 0.00000000000000000e+00
1.74339133612335046e-03 0.00000000000000000e+00
3.63795415648919670e-03 0.00000000000000000e+00
-3.45090803092440749e-03 0.00000000000000000e+00
1.17603435570215603e-02 0.00000000000000000e+00
-1.06405947018117265e-02 0.00000000000000000e+00
9.66023370303031176e-03 0.00000000000000000e+00
-1.67316989185727766e-03 0.00000000000000000e+00
-3.73142914599065238e-03 0.00000000000000000e+00
7.02945078938528936e-03 0.00000000000000000e+00
4.34719156961199931e-03 0.00000000000000000e+00
5.13424673776655111e-05 0.00000000000000000e+00
7.89519669011106047e-03 0.00000000000000000e+00
-9.36304440471123593e-03 0.00000000000000000e+00
2.67214681321830978e-03 0.00000000000000000e+00
-2.63350651434069143e-03 0.00000000000000000e+00
-4.02301483034021347e-04 0.00000000000000000e+00
7.44161595400290830e-03 0.00000000000000000e+00
-7.60301932579795538e-03 0.00000000000000000e+00
7.80547198092601969e-03 0.00000000000000000e+00
5.72164699578978694e-03 0.00000000000000000e+00
-5.16178766717959644e-03 0.00000000000000000e+00
1.04206008145724151e-02 0.00000000000000000e+00
-1.84161465406221117e-03 0.00000000000000000e+00
-6.94786715105712789e-04 0.00000000000000000e+00
1.42480102590671950e-02 0.00000000000000000e+00
-6.32380776129624900e-03 0.00000000000000000e+00
1.08558598427453429e-02 0.00000000000000000e+00
9.25350565978613933e-03 0.00000000000000000e+00
-8.92993130437312425e-03 0.00000000000000000e+00
3.24088703927843252e-04 0.00000000000000000e+00
-4.88307820961198977e-04 0.00000000000000000e+00
-4.70635789071612454e-03 0.00000000000000000e+00
5.60176637526908078e-03 0.00000000000000000e+00
-1.07066008700201407e-03 0.00000000000000000e+00
1.56864642388149884e-03 0.00000000000000000e+00
-1.35818031434399578e-03 0.00000000000000000e+00
1.53512924783534956e-03 0.00000000000000000e+00
3.13785852779957563e-04 0.00000000000000000e+00
6.56111205009271949e-05 0.00000000000000000e+00
6.16058106632714326e-04 0.00000000000000000e+00
-3.34329232713714039e-04 0.00000000000000000e+00
-4.19775719631674453e-04 0.00000000000000000e+00
3.74542950541337271e-04 0.00000000000000000e+00
-8.17279117299879302e-04 0.00000000000000000e+00
7.79733448394421538e-04 0.00000000000000000e+00
-2.62408424757013849e-03 0.00000000000000000e+00
8.32201481961633007e-04 0.00000000000000000e+00
-9.33681163316051337e-05 0.00000000000000000e+00
-2.17282697949091209e-03 0.00000000000000000e+00
1.98234297796021693e-03 0.00000000000000000e+00
-2.27565744573395663e-03 0.00000000000000000e+00
8.11315095924592354e-03 0.00000000000000000e+00
-8.52877294698177642e-03 0.00000000000000000e+00
1.59656380261131412e-04 0.00000000000000000e+00
-5.47274229423529266e-04 0.00000000000000000e+00
-1.39284632296236052e-03 0.00000000000000000e+00
6.80591140707912176e-05 0.00000000000000000e+00
2.60651174229053128e-03 0.00000000000000000e+00
-2.13761408691239170e-03 0.00000000000000000e+00
6.92694661716289437e-03 0.00000000000000000e+00
-6.18531461154527441e-03 0.00000000000000000e+00
7.77590268010766583e-03 0.00000000000000000e+00
-2.19561750970627629e-03 0.00000000000000000e+00
-7.78050415661580858e-04 0.00000000000000000e+00
5.09939927803356070e-03 0.00000000000000000e+00
-4.32541812690906760e-03 0.00000000000000000e+00
4.94345545952085737e-03 0.00000000000000000e+00
-2.31283180740827436e-03 0.00000000000000000e+00
2.66701823930964518e-03 0.00000000000000000e+00
2.34824303802031072e-03 0.00000000000000000e+00
-2.02276144355331710e-04 0.00000000000000000e+00
1.79557888036567808e-03 0.00000000000000000e+00
2.34585308209612478e-03 0.00000000000000000e+00
-3.37269637963700077e-03 0.00000000000000000e+00
3.97030751653909206e-03 0.00000000000000000e+00
6.85096344851492795e-04 0.00000000000000000e+00
-2.63799517403969170e-04 0.00000000000000000e+00
-5.71309894813853102e-03 0.00000000000000000e+00
2.07595809093782339e-03 0.00000000000000000e+00
-1.80483533322724904e-03 0.00000000000000000e+00
-4.26042387442680370e-03 0.00000000000000000e+00
5.38714327006494919e-03 0.00000000000000000e+00
-5.90317225570869547e-03 0.00000000000000000e+00
5.11773648395227030e-04 0.00000000000000000e+00
-4.38673852542932076e-04 0.00000000000000000e+00
2.29331596414230872e-03 0.00000000000000000e+00
-3.96867940368346255e-04 0.00000000000000000e+00
6.56169755504494128e-05 0.00000000000000000e+00
3.78390544213696436e-03 0.00000000000000000e+00
-2.34318950766799301e-03 0.00000000000000000e+00
3.33305619480703122e-03 0.00000000000000000e+00
1.86123007662095845e-03 0.00000000000000000e+00
-1.68535955092079638e-03 0.00000000000000000e+00
-1.30822071968392267e-04 0.00000000000000000e+00
5.28816827521883334e-05 0.00000000000000000e+00
-1.31883894160747658e-03 0.00000000000000000e+00
1.16533510778964373e-03 0.00000000000000000e+00
2.00091672761462186e-04 0.00000000000000000e+00
-5.07438709148632763e-05 0.00000000000000000e+00
3.95520744777420083e-04 0.00000000000000000e+00
2.42722381426485324e-04 0.00000000000000000e+00
5.01205617830835504e-03 0.00000000000000000e+00
-6.54697459453065095e-04 0.00000000000000000e+00
9.68921493709640745e-04 0.00000000000000000e+00
4.63420395654771423e-03 0.00000000000000000e+00
-2.80470683864985281e-03 0.00000000000000000e+00
4.59543408114784432e-03 0.00000000000000000e+00
2.75364365007964903e-03 0.00000000000000000e+00
-2.65420250897996715e-03 0.00000000000000000e+00
-5.27552237919209389e-03 0.00000000000000000e+00
1.51882711368418223e-03 0.00000000000000000e+00
-2.12211683471202808e-03 0.00000000000000000e+00
-2.44111414098109950e-03 0.00000000000000000e+00
3.75391398400986990e-03 0.00000000000000000e+00
-4.21190414637399261e-03 0.00000000000000000e+00
-3.42081084470071675e-03 0.00000000000000000e+00
3.70900939777342453e-03 0.00000000000000000e+00
1.75105782096853044e-03 0.00000000000000000e+00
-4.38856178898114165e-05 0.00000000000000000e+00
7.18868393828725276e-04 0.00000000000000000e+00
2.72142127761851663e-03 0.00000000000000000e+00
-2.86479428803001123e-03 0.00000000000000000e+00
3.41342587880087093e-03 0.00000000000000000e+00
-1.90059659531124220e-03 0.00000000000000000e+00
1.64920536077570114e-03 0.00000000000000000e+00
-4.03601867610725758e-03 0.00000000000000000e+00
1.13221654073643384e-03 0.00000000000000000e+00
-5.89901972239959970e-04 0.00000000000000000e+00
-1.72667549628627466e-03 0.00000000000000000e+00
2.30467926990518719e-03 0.00000000000000000e+00
-2.52356921405263741e-03 0.00000000000000000e+00
-3.48086212740272979e-03 0.00000000000000000e+00
4.17773021040372238e-03 0.00000000000000000e+00
5.01364497951890548e-03 0.00000000000000000e+00
-5.11199975551911330e-04 0.00000000000000000e+00
3.34638900186712664e-03 0.00000000000000000e+00
4.97533854403934585e-03 0.00000000000000000e+00
-6.41728305979892728e-03 0.00000000000000000e+00
7.79935451588520921e-03 0.00000000000000000e+00
2.31767342171996333e-03 0.00000000000000000e+00
-1.43556725572636674e-03 0.00000000000000000e+00
-1.05519887454722568e-02 0.00000000000000000e+00
3.85467115918926902e-03 0.00000000000000000e+00
-3.72571108396437803e-03 0.00000000000000000e+00
-7.76013022179062716e-03 0.00000000000000000e+00
1.01184566617459320e-02 0.00000000000000000e+00
-1.10766436643238517e-02 0.00000000000000000e+00
5.77768990875058926e-05 0.00000000000000000e+00
-1.60685692338215550e-04 0.00000000000000000e+00
-4.23717890809173600e-04 0.00000000000000000e+00
3.09133299034413303e-05 0.00000000000000000e+00
-1.05618112387178981e-04 0.00000000000000000e+00
-5.20627054863353838e-05 0.00000000000000000e+00
-4.37159739828571798e-05 0.00000000000000000e+00
-8.05625571481561887e-05 0.00000000000000000e+00
6.36288703834049675e-07 0.00000000000000000e+00
5.69007806948136196e-05 0.00000000000000000e+00
8.71858579069272879e-04 0.00000000000000000e+00
-2.19079030820890037e-04 0.00000000000000000e+00
4.42521547039632316e-05 0.00000000000000000e+00
5.80018761308975024e-04 0.00000000000000000e+00
-4.87944414333107567e-04 0.00000000000000000e+00
5.94707412991607692e-04 0.00000000000000000e+00
-2.10780098422205754e-03 0.00000000000000000e+00
1.60008034752257390e-03 0.00000000000000000e+00
-5.26486329440497159e-03 0.00000000000000000e+00
8.12899274762267691e-04 0.00000000000000000e+00
-2.02703979558776311e-04 0.00000000000000000e+00
-5.65800556757236478e-03 0.00000000000000000e+00
2.50965017664778276e-03 0.00000000000000000e+00
-4.60293725151392566e-03 0.00000000000000000e+00
-3.90182160069631797e-03 0.00000000000000000e+00
3.82561733586083818e-03 0.00000000000000000e+00
2.56702448078710826e-03 0.00000000000000000e+00
-5.83243814080339597e-04 0.00000000000000000e+00
2.14198277803277553e-03 0.00000000000000000e+00
-1.79328934071276138e-04 0.00000000000000000e+00
-1.45205089597177147e-03 0.00000000000000000e+00
1.58435175959993992e-03 0.00000000000000000e+00
1.52476653167259949e-02 0.00000000000000000e+00
-1.63798549908724320e-02 0.00000000000000000e+00
-5.44339190003001894e-03 0.00000000000000000e+00
-1.52015381159830912e-04 0.00000000000000000e+00
-3.30946982235978985e-03 0.00000000000000000e+00
-8.46538414859632736e-03 0.00000000000000000e+00
1.07161184120152225e-02 0.00000000000000000e+00
-1.21506639219565327e-02 0.00000000000000000e+00
9.40524740296428026e-03 0.00000000000000000e+00
-8.36406057012409158e-03 0.00000000000000000e+00
1.73845153070022983e-02 0.00000000000000000e+00
-5.00902190840298196e-03 0.00000000000000000e+00
1.69739302044997109e-03 0.00000000000000000e+00
8.83363093996849744e-03 0.00000000000000000e+00
-1.03778962171161837e-02 0.00000000000000000e+00
1.14652153540489750e-02 0.00000000000000000e+00
-6.84958392454728532e-03 0.00000000000000000e+00
6.56218600333736274e-03 0.00000000000000000e+00
-3.12145291121581660e-03 0.00000000000000000e+00
6.76695376091229718e-04 0.00000000000000000e+00
2.60736163590471201e-03 0.00000000000000000e+00
-2.00342101252400356e-03 0.00000000000000000e+00
-3.68648374606957499e-03 0.00000000000000000e+00
2.00549484758770578e-03 0.00000000000000000e+00
-3.63662084077989592e-03 0.00000000000000000e+00
4.42744188059869970e-03 0.00000000000000000e+00
-4.51751880972754618e-03 0.00000000000000000e+00
2.32208978775820746e-03 0.00000000000000000e+00
-6.27147188836397790e-04 0.00000000000000000e+00
-5.72628924931284713e-03 0.00000000000000000e+00
6.26596522464314357e-03 0.00000000000000000e+00
-6.65461530202719233e-03 0.00000000000000000e+00
-1.41418228008169974e-03 0.00000000000000000e+00
1.38787000324510344e-03 0.00000000000000000e+00
2.61200189012434725e-04 0.00000000000000000e+00
-2.71133838928684221e-06 0.00000000000000000e+00
4.81078551646949004e-04 0.00000000000000000e+00
1.20109880972081302e-03 0.00000000000000000e+00
-1.71838778664780314e-03 0.00000000000000000e+00
1.77769564060792275e-03 0.00000000000000000e+00
-3.16381913192797495e-04 0.00000000000000000e+00
4.77303253457534034e-04 0.00000000000000000e+00
-9.49643987567641611e-04 0.00000000000000000e+00
4.45562209715125624e-04 0.00000000000000000e+00
-5.52705253142004010e-04 0.00000000000000000e+00
-5.29326979701132279e-04 0.00000000000000000e+00
1.14543746323456509e-03 0.00000000000000000e+00
-1.14448054107404757e-03 0.00000000000000000e+00
2.77901811395828537e-03 0.00000000000000000e+00
-2.89660836774041685e-03 0.00000000000000000e+00
3.17494663001613821e-04 0.00000000000000000e+00
-2.01963248970096781e-04 0.00000000000000000e+00
-1.19897339516941747e-03 0.00000000000000000e+00
7.40451727558509684e-04 0.00000000000000000e+00
1.23589511058932750e-03 0.00000000000000000e+00
-8.41800242461809389e-04 0.00000000000000000e+00
1.50534103199910724e-03 0.00000000000000000e+00
-1.65562976207553423e-03 0.00000000000000000e+00
3.62510357160900900e-03 0.00000000000000000e+00
-1.35022570418615040e-03 0.00000000000000000e+00
2.69529125886323244e-04 0.00000000000000000e+00
3.44541059174311359e-03 0.00000000000000000e+00
-3.39642425957422138e-03 0.00000000000000000e+00
3.77821212345887331e-03 0.00000000000000000e+00
-3.58275047329417859e-03 0.00000000000000000e+00
3.57891726045430182e-03 0.00000000000000000e+00
-3.69812384089600278e-03 0.00000000000000000e+00
8.13241008404025443e-04 0.00000000000000000e+00
3.51777395871422059e-05 0.00000000000000000e+00
-5.64726384041829271e-03 0.00000000000000000e+00
2.87023333656670140e-03 0.00000000000000000e+00
-4.53384538591696147e-03 0.00000000000000000e+00
-5.66138997498900464e-03 0.00000000000000000e+00
4.98536491391885200e-03 0.00000000000000000e+00
-1.71874209888155018e-03 0.00000000000000000e+00
3.35169326709245014e-04 0.00000000000000000e+00
2.56850292214458624e-03 0.00000000000000000e+00
-2.63288551673150064e-03 0.00000000000000000e+00
1.84595623305863294e-04 0.00000000000000000e+00
-5.15864261143799069e-04 0.00000000000000000e+00
-7.61643053475314670e-03 0.00000000000000000e+00
6.93631517207047264e-03 0.00000000000000000e+00
-5.95275276311946905e-03 0.00000000000000000e+00
1.04503826913167450e-03 0.00000000000000000e+00
2.58687050016879506e-03 0.00000000000000000e+00
-4.36093726872506700e-03 0.00000000000000000e+00
-3.03854764990607118e-03 0.00000000000000000e+00
2.76809205219137892e-04 0.00000000000000000e+00
-4.84084931313785802e-03 0.00000000000000000e+00
5.84759676941920721e-03 0.00000000000000000e+00
-2.27293797799222848e-03 0.00000000000000000e+00
1.90373787472577073e-03 0.00000000000000000e+00
5.40853047290032222e-05 0.00000000000000000e+00
-5.25902846159446297e-03 0.00000000000000000e+00
5.46536649946204479e-03 0.00000000000000000e+00
-5.65774559966525804e-03 0.00000000000000000e+00
-2.64820076956704970e-03 0.00000000000000000e+00
2.06178007739198305e-03 0.00000000000000000e+00
-8.90384143102205573e-03 0.00000000000000000e+00
1.43706957871897012e-03 0.00000000000000000e+00
4.80152327119679414e-05 0.00000000000000000e+00
-1.22156798015392708e-02 0.00000000000000000e+00
6.34821686438726343e-03 0.00000000000000000e+00
-1.00879628610484225e-02 0.00000000000000000e+00
-6.26498467048144676e-03 0.00000000000000000e+00
6.09243564277283951e-03 0.00000000000000000e+00
2.05955487237614041e-03 0.00000000000000000e+00
-3.17606207365221140e-04 0.00000000000000000e+00
3.99593293371299646e-03 0.00000000000000000e+00
-3.09411537289066120e-03 0.00000000000000000e+00
-6.94956157714436066e-04 0.00000000000000000e+00
4.63599388938475858e-04 0.00000000000000000e+00
1.38189112513065551e-03 0.00000000000000000e+00
-1.26153807835220557e-03 0.00000000000000000e+00
1.67063886336244892e-03 0.00000000000000000e+00
-2.99844876371933096e-04 0.00000000000000000e+00
-2.44503648020642599e-04 0.00000000000000000e+00
1.90175758736153399e-03 0.00000000000000000e+00
-4.42552989498981207e-04 0.00000000000000000e+00
1.17652066125663898e-03 0.00000000000000000e+00
1.60581685578301057e-03 0.00000000000000000e+00
-1.61269766613711288e-03 0.00000000000000000e+00
1.83102829381618921e-04 0.00000000000000000e+00
-1.74134602205315640e-04 0.00000000000000000e+00
-5.90228277800982021e-04 0.00000000000000000e+00
9.48609321542800954e-04 0.00000000000000000e+00
-4.32828426518540603e-04 0.00000000000000000e+00
4.92923974434576252e-04 0.00000000000000000e+00
-5.32820320577807177e-03 0.00000000000000000e+00
5.62268890535437896e-03 0.00000000000000000e+00
8.75038620998555658e-05 0.00000000000000000e+00
3.35432013307374445e-04 0.00000000000000000e+00
8.85976045496048351e-04 0.00000000000000000e+00
1.94772694372375501e-04 0.00000000000000000e+00
-1.79986680284292019e-03 0.00000000000000000e+00
1.57303127013213857e-03 0.00000000000000000e+00
-4.53436861403323961e-03 0.00000000000000000e+00
4.01718422915643605e-03 0.00000000000000000e+00
-5.19226954682213814e-03 0.00000000000000000e+00
1.43990343774926628e-03 0.00000000000000000e+00
4.80260368214205748e-04 0.00000000000000000e+00
-3.27191296043143412e-03 0.00000000000000000e+00
2.79888630756942652e-03 0.00000000000000000e+00
-3.20289133341235786e-03 0.00000000000000000e+00
-1.73125872323515412e-03 0.00000000000000000e+00
1.54828591712506268e-03 0.00000000000000000e+00
-1.49929857120413416e-03 0.00000000000000000e+00
2.50687352857364347e-04 0.00000000000000000e+00
6.15911428522174361e-04 0.00000000000000000e+00
-1.08445685893301339e-03 0.00000000000000000e+00
-7.13852742126580412e-04 0.00000000000000000e+00
2.95224891412809965e-05 0.00000000000000000e+00
-1.05780846300653907e-03 0.00000000000000000e+00
1.32965489412249370e-03 0.00000000000000000e+00
-3.71951263781418343e-04 0.00000000000000000e+00
4.23091394288178393e-04 0.00000000000000000e+00
-6.17777717355958602e-06 0.00000000000000000e+00
-1.18638971936470055e-03 0.00000000000000000e+00
1.26214188956296001e-03 0.00000000000000000e+00
-1.29303586034968288e-03 0.00000000000000000e+00
-9.55012212225616838e-04 0.00000000000000000e+00
7.55144054459071928e-04 0.00000000000000000e+00
-3.37124042926203191e-03 0.00000000000000000e+00
5.52304666465920635e-04 0.00000000000000000e+00
-2.68286706048492708e-05 0.00000000000000000e+00
-4.79475076721784087e-03 0.00000000000000000e+00
2.62091314604719246e-03 0.00000000000000000e+00
-4.04079621674782209e-03 0.00000000000000000e+00
-2.47368805805578146e-03 0.00000000000000000e+00
2.35842692827936077e-03 0.00000000000000000e+00
7.00702781747164168e-04 0.00000000000000000e+00
-1.31677744439435870e-04 0.00000000000000000e+00
1.61545238649664119e-03 0.00000000000000000e+00
-1.22441908926818662e-03 0.00000000000000000e+00
-3.30551172394408536e-04 0.00000000000000000e+00
2.22850114648454409e-04 0.00000000000000000e+00
1.10633366326752687e-04 0.00000000000000000e+00
-5.37669123055354513e-05 0.00000000000000000e+00
2.09288060056210269e-04 0.00000000000000000e+00
-1.66766615410764431e-05 0.00000000000000000e+00
-5.36811553176128121e-05 0.00000000000000000e+00
-3.69405476491552274e-05 0.00000000000000000e+00
2.21358805364513201e-04 0.00000000000000000e+00
-1.46608831244856344e-04 0.00000000000000000e+00
-4.23933275403226220e-05 0.00000000000000000e+00
-3.62015539703877180e-05 0.00000000000000000e+00
-2.69029886545564989e-04 0.00000000000000000e+00
1.78965822018692608e-05 0.00000000000000000e+00
7.77721772237314720e-05 0.00000000000000000e+00
-1.02867414743948674e-04 0.00000000000000000e+00
-2.39935376171276948e-05 0.00000000000000000e+00
-1.64206358995876781e-05 0.00000000000000000e+00
3.82572952566295017e-03 0.00000000000000000e+00
-4.08808233554431959e-03 0.00000000000000000e+00
-1.19963999660887806e-03 0.00000000000000000e+00
-5.75104400113195859e-05 0.00000000000000000e+00
-8.56292415550962706e-04 0.00000000000000000e+00
-1.94027762221394423e-03 0.00000000000000000e+00
2.63557879904473876e-03 0.00000000000000000e+00
-2.92681305544884897e-03 0.00000000000000000e+00
2.35944962906520488e-03 0.00000000000000000e+00
-2.12914986032528833e-03 0.00000000000000000e+00
4.26670803465174341e-03 0.00000000000000000e+00
-1.25527915044581551e-03 0.00000000000000000e+00
4.09710823186210527e-04 0.00000000000000000e+00
2.26442713639261580e-03 0.00000000000000000e+00
-2.63566791965929616e-03 0.00000000000000000e+00
2.90626558717926864e-03 0.00000000000000000e+00
-4.22661248364559084e-03 0.00000000000000000e+00
4.10732814615093027e-03 0.00000000000000000e+00
-1.43057027697887857e-03 0.00000000000000000e+00
3.48797114378258087e-04 0.00000000000000000e+00
1.85940187452778081e-03 0.00000000000000000e+00
-7.92796267064731675e-04 0.00000000000000000e+00
-2.72795260445086009e-03 0.00000000000000000e+00
1.84499359332136693e-03 0.00000000000000000e+00
-1.77802900825576346e-03 0.00000000000000000e+00
2.36393278079562608e-03 0.00000000000000000e+00
-3.51772877583694191e-03 0.00000000000000000e+00
1.71179639410408684e-03 0.00000000000000000e+00
-7.46432123475829819e-04 0.00000000000000000e+00
-4.08481547460488870e-03 0.00000000000000000e+00
4.64088915556557565e-03 0.00000000000000000e+00
-4.95381289369194438e-03 0.00000000000000000e+00
-5.86023410585302163e-04 0.00000000000000000e+00
3.91825423737315957e-04 0.00000000000000000e+00
-2.13215550483854613e-03 0.00000000000000000e+00
3.18684626093706570e-04 0.00000000000000000e+00
3.60703357497919741e-05 0.00000000000000000e+00
-2.55449867868587713e-03 0.00000000000000000e+00
1.15010874741770732e-03 0.00000000000000000e+00
-2.02319784447181107e-03 0.00000000000000000e+00
-1.22325705664133306e-03 0.00000000000000000e+00
1.27527879180564007e-03 0.00000000000000000e+00
8.65999835625648213e-04 0.00000000000000000e+00
-1.29973452226947456e-04 0.00000000000000000e+00
7.69512288280214019e-04 0.00000000000000000e+00
-4.40646446374943622e-04 0.00000000000000000e+00
-2.22501663976678357e-04 0.00000000000000000e+00
2.30254411230206431e-04 0.00000000000000000e+00
-2.30982613455354069e-03 0.00000000000000000e+00
1.90172188641693843e-03 0.00000000000000000e+00
-4.40690755653042835e-03 0.00000000000000000e+00
7.04452268247288691e-04 0.00000000000000000e+00
1.52638135637781576e-04 0.00000000000000000e+00
-4.74925226446573472e-03 0.00000000000000000e+00
1.66367618176803964e-03 0.00000000000000000e+00
-3.47605625877115028e-03 0.00000000000000000e+00
-3.37712557959510013e-03 0.00000000000000000e+00
3.40448794227504693e-03 0.00000000000000000e+00
1.36080070443910417e-03 0.00000000000000000e+00
-1.58445972016139675e-04 0.00000000000000000e+00
1.60481197087696675e-03 0.00000000000000000e+00
-9.29945107951208249e-04 0.00000000000000000e+00
-3.32919417940624263e-04 0.00000000000000000e+00
3.64512522471621518e-04 0.00000000000000000e+00
1.25967674159676215e-02 0.00000000000000000e+00
-1.35678447908333579e-02 0.00000000000000000e+00
-4.92555663213534514e-03 0.00000000000000000e+00
-6.42487428683434037e-05 0.00000000000000000e+00
-2.78411098234926380e-03 0.00000000000000000e+00
-7.56344081172811381e-03 0.00000000000000000e+00
9.21842780374605708e-03 0.00000000000000000e+00
-1.05719469292302956e-02 0.00000000000000000e+00
7.53841902861768220e-03 0.00000000000000000e+00
-6.69048212216818896e-03 0.00000000000000000e+00
1.46363999873233286e-02 0.00000000000000000e+00
-4.21550219855143949e-03 0.00000000000000000e+00
1.60794780725851197e-03 0.00000000000000000e+00
7.30235703916317942e-03 0.00000000000000000e+00
-8.75914409628898542e-03 0.00000000000000000e+00
9.66402822186768380e-03 0.00000000000000000e+00
-6.22174426255100912e-03 0.00000000000000000e+00
6.13215912444061827e-03 0.00000000000000000e+00
-1.46261141582437445e-03 0.00000000000000000e+00
4.35708558701808813e-04 0.00000000000000000e+00
2.76826468350690243e-03 0.00000000000000000e+00
-5.34358861343621288e-04 0.00000000000000000e+00
-4.30528087140547022e-03 0.00000000000000000e+00
3.24885365645833811e-03 0.00000000000000000e+00
-2.45010662239328542e-03 0.00000000000000000e+00
3.26229459578169286e-03 0.00000000000000000e+00
-5.76151211697141508e-03 0.00000000000000000e+00
2.64264498442305044e-03 0.00000000000000000e+00
-1.27163408734922161e-03 0.00000000000000000e+00
-6.13805896646787627e-03 0.00000000000000000e+00
7.06981809947844313e-03 0.00000000000000000e+00
-7.57119878557832842e-03 0.00000000000000000e+00
-1.58637503551503742e-03 0.00000000000000000e+00
1.62225834106041896e-03 0.00000000000000000e+00
7.88997571576468930e-04 0.00000000000000000e+00
-6.18920000569880206e-05 0.00000000000000000e+00
5.13404657232272260e-04 0.00000000000000000e+00
1.86622685279015394e-03 0.00000000000000000e+00
-2.11941619876669651e-03 0.00000000000000000e+00
2.38243505893666156e-03 0.00000000000000000e+00
-2.89692115425263833e-04 0.00000000000000000e+00
4.05003325577323753e-04 0.00000000000000000e+00
-1.43130472358674824e-03 0.00000000000000000e+00
5.49150595961359566e-04 0.00000000000000000e+00
-7.11537744081810423e-04 0.00000000000000000e+00
-5.70257090177763489e-04 0.00000000000000000e+00
1.32891161567785169e-03 0.00000000000000000e+00
-1.34729677285888843e-03 0.00000000000000000e+00
1.98932030216426034e-03 0.00000000000000000e+00
-1.56451585231903788e-03 0.00000000000000000e+00
3.95173221216430989e-03 0.00000000000000000e+00
-6.04939001032960152e-04 0.00000000000000000e+00
-6.85112785604415406e-05 0.00000000000000000e+00
3.82122244816310384e-03 0.00000000000000000e+00
-1.17522914036077364e-03 0.00000000000000000e+00
2.75966898952779028e-03 0.00000000000000000e+00
2.82713871983972893e-03 0.00000000000000000e+00
-2.90458318976881532e-03 0.00000000000000000e+00
-1.78106853220625781e-03 0.00000000000000000e+00
2.84638783795871883e-04 0.00000000000000000e+00
-1.31578216242833656e-03 0.00000000000000000e+00
2.94195785011144547e-04 0.00000000000000000e+00
6.12462010590939074e-04 0.00000000000000000e+00
-7.31924631643615566e-04 0.00000000000000000e+00
-3.35799639708990027e-03 0.00000000000000000e+00
3.54262007512142017e-03 0.00000000000000000e+00
-2.91934967040904264e-04 0.00000000000000000e+00
2.75493467527614089e-04 0.00000000000000000e+00
4.09440361059458275e-04 0.00000000000000000e+00
-4.96922810247217637e-04 0.00000000000000000e+00
-5.61863951924838770e-04 0.00000000000000000e+00
2.86253643169239532e-04 0.00000000000000000e+00
-3.29544742224233220e-03 0.00000000000000000e+00
2.86155204596784613e-03 0.00000000000000000e+00
-3.09057156419144646e-03 0.00000000000000000e+00
7.89044146307430611e-04 0.00000000000000000e+00
6.48824038035781224e-04 0.00000000000000000e+00
-2.00083094632505900e-03 0.00000000000000000e+00
1.38664289558196145e-03 0.00000000000000000e+00
-1.64711578545213887e-03 0.00000000000000000e+00
-6.24328459837222849e-03 0.00000000000000000e+00
6.31253202745759526e-03 0.00000000000000000e+00
-1.01908276375955095e-04 0.00000000000000000e+00
2.47637997869628115e-04 0.00000000000000000e+00
3.45550559823471284e-03 0.00000000000000000e+00
6.98394807615663766e-04 0.00000000000000000e+00
-5.56554125038331415e-03 0.00000000000000000e+00
4.93327328968389076e-03 0.00000000000000000e+00
-1.18829273993434608e-03 0.00000000000000000e+00
2.26730414517518778e-03 0.00000000000000000e+00
-7.76826310707614317e-03 0.00000000000000000e+00
3.40837242520803654e-03 0.00000000000000000e+00
-2.25793409079705571e-03 0.00000000000000000e+00
-7.64437646493157721e-03 0.00000000000000000e+00
9.19234905123673951e-03 0.00000000000000000e+00
-9.89284622798028944e-03 0.00000000000000000e+00
-1.03504897293561012e-03 0.00000000000000000e+00
6.23205629821325349e-04 0.00000000000000000e+00
-5.16132193653754453e-03 0.00000000000000000e+00
7.83140372000205582e-04 0.00000000000000000e+00
-1.21414934832341637e-04 0.00000000000000000e+00
-6.71451504393120666e-03 0.00000000000000000e+00
3.57185492793521452e-03 0.00000000000000000e+00
-5.68205999219736045e-03 0.00000000000000000e+00
-3.12243712143074701e-03 0.00000000000000000e+00
3.09686676213898537e-03 0.00000000000000000e+00
2.10834378382671137e-03 0.00000000000000000e+00
-4.36287177757065949e-04 0.00000000000000000e+00
2.19080027463638928e-03 0.00000000000000000e+00
-1.03185250449091192e-03 0.00000000000000000e+00
-9.46589605388395081e-04 0.00000000000000000e+00
9.25105275086664236e-04 0.00000000000000000e+00
-2.18472439682434105e-03 0.00000000000000000e+00
1.74629503946639513e-03 0.00000000000000000e+00
-3.88889064005553883e-03 0.00000000000000000e+00
5.87435023581915042e-04 0.00000000000000000e+00
4.71519939696975665e-04 0.00000000000000000e+00
-3.68449530254192107e-03 0.00000000000000000e+00
5.76064199819039616e-04 0.00000000000000000e+00
-2.19074470569300414e-03 0.00000000000000000e+00
-2.36018059596426527e-03 0.00000000000000000e+00
2.66164908234765808e-03 0.00000000000000000e+00
1.21955386756377035e-03 0.00000000000000000e+00
5.30323469571734236e-05 0.00000000000000000e+00
8.93628125570435062e-04 0.00000000000000000e+00
-1.03760013507549361e-03 0.00000000000000000e+00
4.28199426388550916e-04 0.00000000000000000e+00
-3.70001258293025216e-04 0.00000000000000000e+00
3.72901252641532135e-03 0.00000000000000000e+00
-4.32067494840730586e-03 0.00000000000000000e+00
-5.96745280389821778e-03 0.00000000000000000e+00
6.57505326624089389e-04 0.00000000000000000e+00
-1.38378619108569059e-03 0.00000000000000000e+00
-8.76158503963941210e-03 0.00000000000000000e+00
7.10600950122976856e-03 0.00000000000000000e+00
-9.30825983462873346e-03 0.00000000000000000e+00
-5.20053210529839685e-04 0.00000000000000000e+00
5.24752204552013748e-04 0.00000000000000000e+00
6.74290325235460918e-03 0.00000000000000000e+00
-1.99360714628470147e-03 0.00000000000000000e+00
2.88529658527847139e-03 0.00000000000000000e+00
1.80216793114520058e-03 0.00000000000000000e+00
-4.46886375643982311e-03 0.00000000000000000e+00
4.71985018582104544e-03 0.00000000000000000e+00
-6.50503312536968633e-03 0.00000000000000000e+00
6.48836284708426830e-03 0.00000000000000000e+00
-6.83172745356118417e-04 0.00000000000000000e+00
3.30261349537810630e-04 0.00000000000000000e+00
3.26646674987247400e-03 0.00000000000000000e+00
3.92233478900885823e-04 0.00000000000000000e+00
-5.38917721110251154e-03 0.00000000000000000e+00
4.56850570450265548e-03 0.00000000000000000e+00
-1.75787720360505483e-03 0.00000000000000000e+00
2.77412811933724522e-03 0.00000000000000000e+00
-7.02450522664632530e-03 0.00000000000000000e+00
3.16146699958168645e-03 0.00000000000000000e+00
-1.96051161092251772e-03 0.00000000000000000e+00
-7.08503019269215214e-03 0.00000000000000000e+00
8.51387743180189761e-03 0.00000000000000000e+00
-9.12073259168818748e-03 0.00000000000000000e+00
-3.45832766057261719e-03 0.00000000000000000e+00
3.51372940056380841e-03 0.00000000000000000e+00
-7.87408591244150935e-04 0.00000000000000000e+00
3.04137962856315300e-04 0.00000000000000000e+00
7.51573216490995658e-04 0.00000000000000000e+00
-6.36359966905845832e-04 0.00000000000000000e+00
-1.11260153169907556e-03 0.00000000000000000e+00
6.20915184028995155e-04 0.00000000000000000e+00
-2.78565400734872909e-03 0.00000000000000000e+00
2.66703984511706396e-03 0.00000000000000000e+00
-2.76801280038784089e-03 0.00000000000000000e+00
9.31622886987348918e-04 0.00000000000000000e+00
2.77873344936112212e-04 0.00000000000000000e+00
-2.29838682838132613e-03 0.00000000000000000e+00
2.04160493792055267e-03 0.00000000000000000e+00
-2.26914476025089854e-03 0.00000000000000000e+00
7.96420477227994476e-04 0.00000000000000000e+00
6.05543594405679570e-04 0.00000000000000000e+00
1.03593806071138692e-02 0.00000000000000000e+00
-1.31153635260555378e-03 0.00000000000000000e+00
1.74945232703992170e-03 0.00000000000000000e+00
9.08015988429194953e-03 0.00000000000000000e+00
-5.03232872855020712e-03 0.00000000000000000e+00
8.73327014031423723e-03 0.00000000000000000e+00
5.01919596174639146e-03 0.00000000000000000e+00
-5.07055542163120567e-03 0.00000000000000000e+00
-1.11364330727436508e-02 0.00000000000000000e+00
3.03347479748609537e-03 0.00000000000000000e+00
-3.90978664354629888e-03 0.00000000000000000e+00
-5.02887005247459190e-03 0.00000000000000000e+00
7.26508409717012242e-03 0.00000000000000000e+00
-8.26185255338017163e-03 0.00000000000000000e+00
-1.35408640923096580e-04 0.00000000000000000e+00
5.06490347460227105e-04 0.00000000000000000e+00
5.57537822897815304e-03 0.00000000000000000e+00
-8.28795454176069592e-04 0.00000000000000000e+00
5.47104521792590986e-04 0.00000000000000000e+00
8.24229465172969349e-03 0.00000000000000000e+00
-5.42221252567232168e-03 0.00000000000000000e+00
7.67590290901836413e-03 0.00000000000000000e+00
3.10828030729850538e-03 0.00000000000000000e+00
-2.89126202255049133e-03 0.00000000000000000e+00
-2.76564511609415095e-03 0.00000000000000000e+00
7.97454110244256715e-04 0.00000000000000000e+00
-2.85564803183046027e-03 0.00000000000000000e+00
8.22826396458699338e-04 0.00000000000000000e+00
1.91160687886886001e-03 0.00000000000000000e+00
-1.84545483968247162e-03 0.00000000000000000e+00
-5.00178984833165967e-03 0.00000000000000000e+00
6.25018524068517330e-03 0.00000000000000000e+00
8.93263967096569710e-03 0.00000000000000000e+00
-9.45231149285201975e-04 0.00000000000000000e+00
5.24298871650304490e-03 0.00000000000000000e+00
8.56378002427024033e-03 0.00000000000000000e+00
-1.01531945822133460e-02 0.00000000000000000e+00
1.27270359449081737e-02 0.00000000000000000e+00
4.19391316013629969e-03 0.00000000000000000e+00
-2.88952206101704629e-03 0.00000000000000000e+00
-1.73747275209137492e-02 0.00000000000000000e+00
6.19292788846801442e-03 0.00000000000000000e+00
-6.08207959244635651e-03 0.00000000000000000e+00
-1.23840091839504188e-02 0.00000000000000000e+00
1.61601502141501888e-02 0.00000000000000000e+00
-1.77489730421382108e-02 0.00000000000000000e+00
1.92298668339229675e-03 0.00000000000000000e+00
-2.11885843192920892e-03 0.00000000000000000e+00
5.92495581937496955e-04 0.00000000000000000e+00
-2.64407044041967804e-04 0.00000000000000000e+00
-4.68647610112725790e-04 0.00000000000000000e+00
1.94195202177110124e-03 0.00000000000000000e+00
-7.24302277074377783e-04 0.00000000000000000e+00
1.15743835450428574e-03 0.00000000000000000e+00
2.20908544161401441e-03 0.00000000000000000e+00
-1.92962968305644515e-03 0.00000000000000000e+00
2.85236049135930130e-03 0.00000000000000000e+00
-7.89581970089747384e-04 0.00000000000000000e+00
-7.04367116070454911e-04 0.00000000000000000e+00
2.63015889945672574e-03 0.00000000000000000e+00
-1.66513770051138210e-03 0.00000000000000000e+00
2.03929487938664736e-03 0.00000000000000000e+00
2.50953118835690447e-03 0.00000000000000000e+00
-2.03707712381887051e-03 0.00000000000000000e+00
4.94807341499933512e-03 0.00000000000000000e+00
-7.82482010312693876e-04 0.00000000000000000e+00
-1.17433368222280248e-04 0.00000000000000000e+00
5.24032549110357241e-03 0.00000000000000000e+00
-1.85640538097764330e-03 0.00000000000000000e+00
3.87549535139495530e-03 0.00000000000000000e+00
3.73692921283045416e-03 0.00000000000000000e+00
-3.76725758620931675e-03 0.00000000000000000e+00
-1.74091665996586290e-03 0.00000000000000000e+00
2.48062704354337507e-04 0.00000000000000000e+00
-1.79972677975272699e-03 0.00000000000000000e+00
8.36318096120408573e-04 0.00000000000000000e+00
5.47673170598008525e-04 0.00000000000000000e+00
-6.11760023989806273e-04 0.00000000000000000e+00
-1.24670464963667141e-02 0.00000000000000000e+00
1.34050748657055362e-02 0.00000000000000000e+00
4.43193797514381677e-03 0.00000000000000000e+00
1.33592771742175595e-04 0.00000000000000000e+00
2.67229611455887172e-03 0.00000000000000000e+00
6.80715506649236159e-03 0.00000000000000000e+00
-8.62485161951101649e-03 0.00000000000000000e+00
9.78866666449034611e-03 0.00000000000000000e+00
-7.79440194268678221e-03 0.00000000000000000e+00
6.90613385821961176e-03 0.00000000000000000e+00
-1.42562246960917325e-02 0.00000000000000000e+00
4.08375748324834968e-03 0.00000000000000000e+00
-1.30940642486128910e-03 0.00000000000000000e+00
-7.24453979255786518e-03 0.00000000000000000e+00
8.42467377461125246e-03 0.00000000000000000e+00
-9.32422654732513977e-03 0.00000000000000000e+00
3.97138257392836130e-03 0.00000000000000000e+00
-3.90784643481241305e-03 0.00000000000000000e+00
1.03736959508337061e-03 0.00000000000000000e+00
-2.96275643191782907e-04 0.00000000000000000e+00
-1.65898731794541284e-03 0.00000000000000000e+00
4.51935654080102677e-04 0.00000000000000000e+00
2.56995656650389629e-03 0.00000000000000000e+00
-1.86951621420701226e-03 0.00000000000000000e+00
1.75848222578800051e-03 0.00000000000000000e+00
-2.21763205678727170e-03 0.00000000000000000e+00
3.48366391094622483e-03 0.00000000000000000e+00
-1.58830972203874172e-03 0.00000000000000000e+00
6.69482157676653416e-04 0.00000000000000000e+00
3.71640349426839364e-03 0.00000000000000000e+00
-4.21427256200114161e-03 0.00000000000000000e+00
4.51378940902315805e-03 0.00000000000000000e+00
9.43637601132869602e-04 0.00000000000000000e+00
-1.07086544147265124e-03 0.00000000000000000e+00
-2.09881104368372364e-03 0.00000000000000000e+00
2.81559676588932902e-04 0.00000000000000000e+00
-4.49271865187868074e-04 0.00000000000000000e+00
-3.52530642787893906e-03 0.00000000000000000e+00
2.82738240079198578e-03 0.00000000000000000e+00
-3.64625256112109360e-03 0.00000000000000000e+00
-7.58611761751123081e-04 0.00000000000000000e+00
6.27629006412221764e-04 0.00000000000000000e+00
1.60425859426249089e-03 0.00000000000000000e+00
-5.40124179592110505e-04 0.00000000000000000e+00
1.25419236350636618e-03 0.00000000000000000e+00
5.06186125574327312e-05 0.00000000000000000e+00
-1.30159294003162054e-03 0.00000000000000000e+00
1.28779458310317738e-03 0.00000000000000000e+00
-1.63584796991278567e-03 0.00000000000000000e+00
1.46911448744209243e-03 0.00000000000000000e+00
-2.02119985167463099e-03 0.00000000000000000e+00
3.51984854572891682e-04 0.00000000000000000e+00
3.08654449447151211e-04 0.00000000000000000e+00
-2.16438996408608664e-03 0.00000000000000000e+00
3.97114764589213346e-04 0.00000000000000000e+00
-1.27659476708196959e-03 0.00000000000000000e+00
-1.81409254735557602e-03 0.00000000000000000e+00
1.86290097058530247e-03 0.00000000000000000e+00
-7.42304348702664508e-05 0.00000000000000000e+00
1.91376866871663663e-04 0.00000000000000000e+00
6.35918475229730424e-04 0.00000000000000000e+00
-1.03870553508317743e-03 0.00000000000000000e+00
5.11676511619442529e-04 0.00000000000000000e+00
-5.60592422120254172e-04 0.00000000000000000e+00
4.40470020203990835e-03 0.00000000000000000e+00
-4.64350330219036409e-03 0.00000000000000000e+00
1.41438108958903935e-04 0.00000000000000000e+00
-3.14287806203142773e-04 0.00000000000000000e+00
-6.72958069230387350e-04 0.00000000000000000e+00
2.05991457196239702e-04 0.00000000000000000e+00
1.18727708899354196e-03 0.00000000000000000e+00
-9.14853988315562721e-04 0.00000000000000000e+00
3.95969621426211973e-03 0.00000000000000000e+00
-3.48891364410676245e-03 0.00000000000000000e+00
4.19979446181460801e-03 0.00000000000000000e+00
-1.13976897228368519e-03 0.00000000000000000e+00
-5.69654766063014623e-04 0.00000000000000000e+00
2.71303292916934974e-03 0.00000000000000000e+00
-2.15884881976340266e-03 0.00000000000000000e+00
2.49873022518932141e-03 0.00000000000000000e+00
2.32334799638040388e-03 0.00000000000000000e+00
-2.25503011818068214e-03 0.00000000000000000e+00
7.12068109407596752e-04 0.00000000000000000e+00
-1.74356205801750664e-04 0.00000000000000000e+00
-1.15446579444716856e-03 0.00000000000000000e+00
3.26895446126724708e-04 0.00000000000000000e+00
1.72044018373666515e-03 0.00000000000000000e+00
-1.24842294868160127e-03 0.00000000000000000e+00
7.36209545832222992e-04 0.00000000000000000e+00
-1.14124941465617614e-03 0.00000000000000000e+00
2.10185554839569704e-03 0.00000000000000000e+00
-1.04912038529062250e-03 0.00000000000000000e+00
5.83081090306981670e-04 0.00000000000000000e+00
2.46460827590511090e-03 0.00000000000000000e+00
-2.89617266998977657e-03 0.00000000000000000e+00
3.08599716714780996e-03 0.00000000000000000e+00
6.70103593410195024e-04 0.00000000000000000e+00
-4.34622179858134205e-04 0.00000000000000000e+00
3.40574133557041943e-03 0.00000000000000000e+00
-5.31762943201564238e-04 0.00000000000000000e+00
9.44985380711464246e-05 0.00000000000000000e+00
4.70477624450002605e-03 0.00000000000000000e+00
-2.63173568109562441e-03 0.00000000000000000e+00
4.03983648172766188e-03 0.00000000000000000e+00
2.20454285903171673e-03 0.00000000000000000e+00
-2.13099194271260768e-03 0.00000000000000000e+00
-1.15072201350405775e-03 0.00000000000000000e+00
2.52018851170349438e-04 0.00000000000000000e+00
-1.56648622144225621e-03 0.00000000000000000e+00
8.93977226908292187e-04 0.00000000000000000e+00
5.78704609062055328e-04 0.00000000000000000e+00
-5.19839139718039026e-04 0.00000000000000000e+00
1.15230348736809914e-03 0.00000000000000000e+00
-1.17106580320559556e-03 0.00000000000000000e+00
1.62720735272634730e-04 0.00000000000000000e+00
-7.41746027105648044e-05 0.00000000000000000e+00
-6.00731445674636483e-04 0.00000000000000000e+00
1.91016270425764019e-04 0.00000000000000000e+00
7.60724486455838667e-04 0.00000000000000000e+00
-5.81400989734504568e-04 0.00000000000000000e+00
3.92986759657512521e-04 0.00000000000000000e+00
-5.51578739910281749e-04 0.00000000000000000e+00
1.44372945900490541e-03 0.00000000000000000e+00
-6.09770511993471096e-04 0.00000000000000000e+00
2.74747741137390490e-04 0.00000000000000000e+00
1.48567983528181610e-03 0.00000000000000000e+00
-1.62074299895369786e-03 0.00000000000000000e+00
1.76725384508337057e-03 0.00000000000000000e+00
3.45471368954196594e-04 0.00000000000000000e+00
-3.53164097166797986e-04 0.00000000000000000e+00
-1.55416259274978783e-04 0.00000000000000000e+00
1.05876407719434658e-05 0.00000000000000000e+00
-1.09131178381931889e-04 0.00000000000000000e+00
-3.75636323016875610e-04 0.00000000000000000e+00
4.38316510822994699e-04 0.00000000000000000e+00
-4.88646791232639436e-04 0.00000000000000000e+00
7.76172433033064154e-05 0.00000000000000000e+00
-1.00148833504035503e-04 0.00000000000000000e+00
3.09138667871297471e-04 0.00000000000000000e+00
-1.17666705263166398e-04 0.00000000000000000e+00
1.42704221975676807e-04 0.00000000000000000e+00
1.30593025666776052e-04 0.00000000000000000e+00
-2.83109489326550446e-04 0.00000000000000000e+00
2.88303591149002695e-04 0.00000000000000000e+00
-1.37400231384924004e-03 0.00000000000000000e+00
1.03458145499680143e-03 0.00000000000000000e+00
-2.80894915303841900e-03 0.00000000000000000e+00
4.14569569714011421e-04 0.00000000000000000e+00
-3.23145943934838032e-05 0.00000000000000000e+00
-2.41448327103045528e-03 0.00000000000000000e+00
6.56178853229451927e-04 0.00000000000000000e+00
-1.75013042615037055e-03 0.00000000000000000e+00
-1.94293075310376798e-03 0.00000000000000000e+00
2.00949703437366999e-03 0.00000000000000000e+00
1.67594980058228442e-03 0.00000000000000000e+00
-3.25178362111893391e-04 0.00000000000000000e+00
8.91269847799544307e-04 0.00000000000000000e+00
2.20578042249783615e-04 0.00000000000000000e+00
-7.38616350803948381e-04 0.00000000000000000e+00
8.89925921300516415e-04 0.00000000000000000e+00
-4.54606968836216932e-05 0.00000000000000000e+00
-1.47778974001700955e-04 0.00000000000000000e+00
-2.43230205089782579e-03 0.00000000000000000e+00
3.50097161716568473e-04 0.00000000000000000e+00
-1.09782227864956193e-04 0.00000000000000000e+00
-3.36802683902835036e-03 0.00000000000000000e+00
1.98736549903087961e-03 0.00000000000000000e+00
-2.97544519216409687e-03 0.00000000000000000e+00
-1.15704036522674232e-03 0.00000000000000000e+00
1.16485945916948745e-03 0.00000000000000000e+00
1.20780142960825727e-03 0.00000000000000000e+00
-2.73192699604682518e-04 0.00000000000000000e+00
1.04581682995918425e-03 0.00000000000000000e+00
-4.26590796568466536e-04 0.00000000000000000e+00
-5.64258070100412661e-04 0.00000000000000000e+00
5.50269714856932261e-04 0.00000000000000000e+00
1.01525182708881779e-03 0.00000000000000000e+00
-1.75171114327605268e-03 0.00000000000000000e+00
-5.07825311174165024e-03 0.00000000000000000e+00
5.75526914988722408e-04 0.00000000000000000e+00
-1.55699983321001454e-03 0.00000000000000000e+00
-4.43492810000625098e-03 0.00000000000000000e+00
3.45299500083670044e-03 0.00000000000000000e+00
-5.13066529589851876e-03 0.00000000000000000e+00
-1.97517323164354396e-03 0.00000000000000000e+00
1.84598195786738785e-03 0.00000000000000000e+00
7.33407137263201309e-03 0.00000000000000000e+00
-2.23135770174120660e-03 0.00000000000000000e+00
2.26734250721018432e-03 0.00000000000000000e+00
4.21799614225270778e-03 0.00000000000000000e+00
-5.49588252678844241e-03 0.00000000000000000e+00
6.16554553650053034e-03 0.00000000000000000e+00
1.76883570669400395e-03 0.00000000000000000e+00
-2.17319260898999993e-03 0.00000000000000000e+00
-5.34224143281039014e-03 0.00000000000000000e+00
7.08114484227045211e-04 0.00000000000000000e+00
-9.73203703136302288e-04 0.00000000000000000e+00
-8.13250294290136788e-03 0.00000000000000000e+00
6.13626344577531627e-03 0.00000000000000000e+00
-8.20589002173242356e-03 0.00000000000000000e+00
-1.95772513949481978e-03 0.00000000000000000e+00
1.75664326429111396e-03 0.00000000000000000e+00
4.21280174422431711e-03 0.00000000000000000e+00
-1.30372191465889884e-03 0.00000000000000000e+00
2.85264435939471721e-03 0.00000000000000000e+00
3.58673741119075234e-04 0.00000000000000000e+00
-3.07267542225444319e-03 0.00000000000000000e+00
3.12349631932735310e-03 0.00000000000000000e+00
-3.87129222249132108e-03 0.00000000000000000e+00
2.78739066235681159e-03 0.00000000000000000e+00
-8.69874445954492599e-03 0.00000000000000000e+00
1.25807946165846672e-03 0.00000000000000000e+00
-3.23077425401224294e-04 0.00000000000000000e+00
-7.31135898278122576e-03 0.00000000000000000e+00
2.18909565589037397e-03 0.00000000000000000e+00
-5.52455573353428063e-03 0.00000000000000000e+00
-5.85518259735035018e-03 0.00000000000000000e+00
6.02810246180423333e-03 0.00000000000000000e+00
5.89188749300376385e-03 0.00000000000000000e+00
-1.26392312996288130e-03 0.00000000000000000e+00
2.82624196652213550e-03 0.00000000000000000e+00
1.36356782819091363e-03 0.00000000000000000e+00
-2.94571889200929624e-03 0.00000000000000000e+00
3.49676531696549529e-03 0.00000000000000000e+00
-2.51348199141519010e-03 0.00000000000000000e+00
2.19409810933219847e-03 0.00000000000000000e+00
-5.99652927661981690e-03 0.00000000000000000e+00
1.02791115056057535e-03 0.00000000000000000e+00
2.66079513562841950e-04 0.00000000000000000e+00
-8.54718811959935543e-03 0.00000000000000000e+00
4.21336694232959160e-03 0.00000000000000000e+00
-6.80413284877673299e-03 0.00000000000000000e+00
-4.83098360077498148e-03 0.00000000000000000e+00
4.65552115967829677e-03 0.00000000000000000e+00
2.44024418932167107e-04 0.00000000000000000e+00
1.28218389872495166e-04 0.00000000000000000e+00
2.77188509551452508e-03 0.00000000000000000e+00
-3.03378512971485843e-03 0.00000000000000000e+00
3.00295636718136288e-04 0.00000000000000000e+00
-5.85637920516160330e-04 0.00000000000000000e+00
3.13833566504233752e-03 0.00000000000000000e+00
-8.31553847380729996e-04 0.00000000000000000e+00
1.46519325701912097e-02 0.00000000000000000e+00
-1.75576117537572414e-03 0.00000000000000000e+00
1.93016420882632684e-04 0.00000000000000000e+00
1.04790805917058059e-02 0.00000000000000000e+00
-1.95036975305483526e-03 0.00000000000000000e+00
7.39095664947280774e-03 0.00000000000000000e+00
4.58016408288934931e-03 0.00000000000000000e+00
-6.12658381634130153e-03 0.00000000000000000e+00
-1.40299342892754655e-02 0.00000000000000000e+00
2.65188377419019313e-03 0.00000000000000000e+00
-2.70164953906215210e-03 0.00000000000000000e+00
-4.36795789117657915e-03 0.00000000000000000e+00
4.95871377104889228e-03 0.00000000000000000e+00
-6.33431897332586286e-03 0.00000000000000000e+00
3.63517464148730984e-02 0.00000000000000000e+00
-3.72680952845546032e-02 0.00000000000000000e+00
1.34464131051605842e-02 0.00000000000000000e+00
-4.31952470436191942e-03 0.00000000000000000e+00
-4.90431108494496747e-03 0.00000000000000000e+00
1.81811428998142899e-02 0.00000000000000000e+00
1.13807492621764876e-04 0.00000000000000000e+00
7.06988340204337071e-03 0.00000000000000000e+00
3.81528141724544745e-02 0.00000000000000000e+00
-3.43881821217046357e-02 0.00000000000000000e+00
2.77673855984348662e-02 0.00000000000000000e+00
-7.82489957224680004e-03 0.00000000000000000e+00
-9.81197135497772002e-03 0.00000000000000000e+00
2.38295106697383012e-02 0.00000000000000000e+00
-1.45379168956803959e-02 0.00000000000000000e+00
1.72977800870379485e-02 0.00000000000000000e+00
-1.06764252165505724e-02 0.00000000000000000e+00
1.13390643820919842e-02 0.00000000000000000e+00
2.78511291032271929e-03 0.00000000000000000e+00
1.24587598832549877e-04 0.00000000000000000e+00
6.18474246389161871e-03 0.00000000000000000e+00
2.91629551054205065e-03 0.00000000000000000e+00
-9.90071984091435778e-03 0.00000000000000000e+00
9.84158597542663001e-03 0.00000000000000000e+00
-1.64294754301017921e-03 0.00000000000000000e+00
3.12442614682769326e-03 0.00000000000000000e+00
-1.72565133581111911e-02 0.00000000000000000e+00
6.70787464593133615e-03 0.00000000000000000e+00
-4.32637453633100133e-03 0.00000000000000000e+00
-1.49443120374876809e-02 0.00000000000000000e+00
1.75110866912466245e-02 0.00000000000000000e+00
-1.91236314150603319e-02 0.00000000000000000e+00
8.64000829427321627e-03 0.00000000000000000e+00
-9.46669485730187651e-03 0.00000000000000000e+00
1.54325584357218996e-04 0.00000000000000000e+00
-7.36283358470263033e-04 0.00000000000000000e+00
-1.67085216689491262e-03 0.00000000000000000e+00
3.04100633436263845e-03 0.00000000000000000e+00
2.19807632586061148e-04 0.00000000000000000e+00
4.94633626383568677e-04 0.00000000000000000e+00
8.55652474603826527e-03 0.00000000000000000e+00
-7.33877952556327966e-03 0.00000000000000000e+00
1.13843566661789367e-02 0.00000000000000000e+00
-3.01844672666345439e-03 0.00000000000000000e+00
-1.81010020865577151e-03 0.00000000000000000e+00
8.42811800751247335e-03 0.00000000000000000e+00
-6.00320917226503364e-03 0.00000000000000000e+00
7.20657063091244623e-03 0.00000000000000000e+00
5.23293723203138370e-03 0.00000000000000000e+00
-6.78807249726109691e-03 0.00000000000000000e+00
-8.50535660998348424e-03 0.00000000000000000e+00
6.93429460175241192e-04 0.00000000000000000e+00
-3.60055886961252718e-03 0.00000000000000000e+00
-6.24503533942358247e-03 0.00000000000000000e+00
6.28253511103861201e-03 0.00000000000000000e+00
-8.77444860023665445e-03 0.00000000000000000e+00
-3.09772008148649495e-04 0.00000000000000000e+00
4.02201957951333689e-04 0.00000000000000000e+00
1.72954246792222967e-02 0.00000000000000000e+00
-5.21476500371286997e-03 0.00000000000000000e+00
3.40196152552501001e-03 0.00000000000000000e+00
1.10769418333258023e-02 0.00000000000000000e+00
-1.24591482288850617e-02 0.00000000000000000e+00
1.41203340759953524e-02 0.00000000000000000e+00
-7.40400290426983416e-03 0.00000000000000000e+00
6.36365353182324119e-03 0.00000000000000000e+00
-2.41341565325884945e-02 0.00000000000000000e+00
4.19098065499367775e-03 0.00000000000000000e+00
-2.07143535715179116e-03 0.00000000000000000e+00
-3.60830479715125232e-02 0.00000000000000000e+00
2.25774046914003386e-02 0.00000000000000000e+00
-3.26276624228191009e-02 0.00000000000000000e+00
-2.21941215861603501e-02 0.00000000000000000e+00
1.97320021043886004e-02 0.00000000000000000e+00
4.82262628294289133e-03 0.00000000000000000e+00
-2.01059744597768212e-03 0.00000000000000000e+00
1.44461329745531816e-02 0.00000000000000000e+00
-7.07359864181882677e-03 0.00000000000000000e+00
-6.55633002538284857e-03 0.00000000000000000e+00
5.72779657751329527e-03 0.00000000000000000e+00
-3.70587259612788142e-02 0.00000000000000000e+00
3.44612434256931013e-02 0.00000000000000000e+00
-2.34015714798913657e-02 0.00000000000000000e+00
4.37569268507108280e-03 0.00000000000000000e+00
1.38331378886048916e-02 0.00000000000000000e+00
-1.59629729097704454e-02 0.00000000000000000e+00
-1.82574419054725226e-02 0.00000000000000000e+00
6.77927826189374944e-03 0.00000000000000000e+00
-2.06660289945722365e-02 0.00000000000000000e+00
2.57144970887369165e-02 0.00000000000000000e+00
-1.73388207306837509e-02 0.00000000000000000e+00
1.11244226438321110e-02 0.00000000000000000e+00
-2.19750540711275170e-03 0.00000000000000000e+00
-2.86550419723605974e-02 0.00000000000000000e+00
3.12089189921963585e-02 0.00000000000000000e+00
-3.26816828750171248e-02 0.00000000000000000e+00
-1.50322516327071852e-02 0.00000000000000000e+00
1.30732857465847944e-02 0.00000000000000000e+00
-3.26140290192304047e-02 0.00000000000000000e+00
5.56091662954266534e-03 0.00000000000000000e+00
1.43859014732777911e-03 0.00000000000000000e+00
-4.41124695949625598e-02 0.00000000000000000e+00
2.05477678954461215e-02 0.00000000000000000e+00
-3.45224328263700198e-02 0.00000000000000000e+00
-2.66467756807695078e-02 0.00000000000000000e+00
2.58422824348047107e-02 0.00000000000000000e+00
2.53856363595017205e-03 0.00000000000000000e+00
4.62639867791674064e-04 0.00000000000000000e+00
1.45234874769549754e-02 0.00000000000000000e+00
-1.48212430264198294e-02 0.00000000000000000e+00
1.03153224398523993e-03 0.00000000000000000e+00
-2.24306763762846658e-03 0.00000000000000000e+00
2.30337542596262219e-04 0.00000000000000000e+00
-1.25779771463158129e-03 0.00000000000000000e+00
-6.11071827764763167e-03 0.00000000000000000e+00
6.52656672041766360e-04 0.00000000000000000e+00
-8.05048717017548465e-04 0.00000000000000000e+00
-4.28466324946645549e-03 0.00000000000000000e+00
1.78052501431349899e-03 0.00000000000000000e+00
-3.90096662750410083e-03 0.00000000000000000e+00
-1.27964218007744915e-03 0.00000000000000000e+00
1.79432804135148082e-03 0.00000000000000000e+00
7.92661108105136882e-03 0.00000000000000000e+00
-1.90092825222143219e-03 0.00000000000000000e+00
1.43934943789010257e-03 0.00000000000000000e+00
3.72539931977571405e-03 0.00000000000000000e+00
-4.10148921758188290e-03 0.00000000000000000e+00
4.87908376873012577e-03 0.00000000000000000e+00
-1.40418606221082796e-02 0.00000000000000000e+00
1.41813549440288639e-02 0.00000000000000000e+00
-9.06011971844203866e-03 0.00000000000000000e+00
2.27040099760847250e-03 0.00000000000000000e+00
1.31914640517096881e-03 0.00000000000000000e+00
-1.29186058626996857e-02 0.00000000000000000e+00
4.10597242689631631e-03 0.00000000000000000e+00
-8.43279331820392421e-03 0.00000000000000000e+00
-1.73984041393527335e-02 0.00000000000000000e+00
1.56166353437591013e-02 0.00000000000000000e+00
-8.85456313719042674e-03 0.00000000000000000e+00
2.36339646211317089e-03 0.00000000000000000e+00
6.07920761282917076e-03 0.00000000000000000e+00
-9.60826459289759911e-03 0.00000000000000000e+00
3.85757288711677682e-03 0.00000000000000000e+00
-4.97646851445384102e-03 0.00000000000000000e+00
-4.52952158264433458e-03 0.00000000000000000e+00
3.64099790753630217e-03 0.00000000000000000e+00
-6.80608151260434901e-03 0.00000000000000000e+00
1.01205089843253325e-03 0.00000000000000000e+00
7.31809174299557575e-04 0.00000000000000000e+00
-5.14225069163002594e-03 0.00000000000000000e+00
-1.78765176448689915e-04 0.00000000000000000e+00
-2.56812301010909570e-03 0.00000000000000000e+00
-4.42640507253795178e-03 0.00000000000000000e+00
4.98726768202711022e-03 0.00000000000000000e+00
2.93345337129953445e-03 0.00000000000000000e+00
-1.14555126144049013e-04 0.00000000000000000e+00
1.34394602021866870e-03 0.00000000000000000e+00
-7.13554920933824567e-04 0.00000000000000000e+00
1.87154648631812246e-04 0.00000000000000000e+00
1.18493187809941676e-04 0.00000000000000000e+00
-6.37184732861576040e-03 0.00000000000000000e+00
6.24049510660194037e-03 0.00000000000000000e+00
-7.10948219390824046e-03 0.00000000000000000e+00
1.46556010989225597e-03 0.00000000000000000e+00
9.33351363603109009e-04 0.00000000000000000e+00
-1.06009947207494955e-02 0.00000000000000000e+00
4.30697599174722969e-03 0.00000000000000000e+00
-7.58738076279754335e-03 0.00000000000000000e+00
-8.80518512680910324e-03 0.00000000000000000e+00
8.21022801111963990e-03 0.00000000000000000e+00
-3.54545533007860972e-03 0.00000000000000000e+00
1.19797905043339320e-03 0.00000000000000000e+00
3.75966295258591248e-03 0.00000000000000000e+00
-6.25006849372594740e-03 0.00000000000000000e+00
2.42724393416425760e-03 0.00000000000000000e+00
-3.12014007820215523e-03 0.00000000000000000e+00
3.33273016192190904e-04 0.00000000000000000e+00
2.06463880885515428e-04 0.00000000000000000e+00
3.29713396383158816e-03 0.00000000000000000e+00
-3.73771664395497992e-04 0.00000000000000000e+00
2.17234627462271120e-04 0.00000000000000000e+00
2.30176246154989005e-03 0.00000000000000000e+00
-6.37971132037186721e-04 0.00000000000000000e+00
1.82410733962683614e-03 0.00000000000000000e+00
8.57452558653861645e-04 0.00000000000000000e+00
-1.18149263810904664e-03 0.00000000000000000e+00
-3.69253512178394430e-03 0.00000000000000000e+00
7.94305636641647636e-04 0.00000000000000000e+00
-6.67666844965716455e-04 0.00000000000000000e+00
-1.47246877074803028e-03 0.00000000000000000e+00
1.61472472395563340e-03 0.00000000000000000e+00
-1.97963788473123166e-03 0.00000000000000000e+00
8.38747270923455822e-03 0.00000000000000000e+00
-8.57628919095328179e-03 0.00000000000000000e+00
3.57494693892243575e-03 0.00000000000000000e+00
-1.07192022450069480e-03 0.00000000000000000e+00
-1.05279505237958725e-03 0.00000000000000000e+00
4.93844018463569356e-03 0.00000000000000000e+00
-5.12483002486952585e-04 0.00000000000000000e+00
2.36002652421227329e-03 0.00000000000000000e+00
9.15303949955393464e-03 0.00000000000000000e+00
-8.23477282428183507e-03 0.00000000000000000e+00
6.19161081471268637e-03 0.00000000000000000e+00
-1.72242551996139412e-03 0.00000000000000000e+00
-2.56193746885182696e-03 0.00000000000000000e+00
5.55247438931914371e-03 0.00000000000000000e+00
-3.12499597031519818e-03 0.00000000000000000e+00
3.77096311434209483e-03 0.00000000000000000e+00
-2.12972876395386811e-04 0.00000000000000000e+00
3.44237658728277604e-04 0.00000000000000000e+00
7.24721039919036720e-04 0.00000000000000000e+00
-6.82722661415169596e-05 0.00000000000000000e+00
2.30764561276976558e-04 0.00000000000000000e+00
4.64443811780491770e-04 0.00000000000000000e+00
-3.53834166321346643e-04 0.00000000000000000e+00
5.78892686064254249e-04 0.00000000000000000e+00
1.35033513727134650e-04 0.00000000000000000e+00
-1.55845162272613826e-04 0.00000000000000000e+00
-1.27350993136282598e-03 0.00000000000000000e+00
3.64764641814597460e-04 0.00000000000000000e+00
-2.46705835256471576e-04 0.00000000000000000e+00
-7.89199242130281513e-04 0.00000000000000000e+00
8.64275269715569826e-04 0.00000000000000000e+00
-9.94027724376965937e-04 0.00000000000000000e+00
2.41810259854029945e-03 0.00000000000000000e+00
-2.51826834962189322e-03 0.00000000000000000e+00
1.11945418634031967e-03 0.00000000000000000e+00
-3.40859360185869788e-04 0.00000000000000000e+00
-4.17820914908899408e-04 0.00000000000000000e+00
2.00478431863990647e-03 0.00000000000000000e+00
-5.06936900011184760e-04 0.00000000000000000e+00
1.12140515412830757e-03 0.00000000000000000e+00
2.71907661295477067e-03 0.00000000000000000e+00
-2.44664716404047015e-03 0.00000000000000000e+00
2.30778772602445014e-03 0.00000000000000000e+00
-6.60114358989227290e-04 0.00000000000000000e+00
-8.31186574092423591e-04 0.00000000000000000e+00
2.23967414946255397e-03 0.00000000000000000e+00
-1.32236679630585215e-03 0.00000000000000000e+00
1.60571959736821243e-03 0.00000000000000000e+00
8.22866732308759515e-03 0.00000000000000000e+00
-6.51464764598018789e-03 0.00000000000000000e+00
1.85032946116871662e-02 0.00000000000000000e+00
-2.91558847941696727e-03 0.00000000000000000e+00
3.82282422839913376e-04 0.00000000000000000e+00
2.01729789545363608e-02 0.00000000000000000e+00
-8.59756508375959794e-03 0.00000000000000000e+00
1.60423364888356845e-02 0.00000000000000000e+00
1.42585571262649861e-02 0.00000000000000000e+00
-1.39801149064677083e-02 0.00000000000000000e+00
-7.73981010273641547e-03 0.00000000000000000e+00
1.62663507150815809e-03 0.00000000000000000e+00
-7.51807371334767185e-03 0.00000000000000000e+00
1.75681718865181415e-03 0.00000000000000000e+00
4.08966775984384752e-03 0.00000000000000000e+00
-4.41196804050083408e-03 0.00000000000000000e+00
-5.70013284575759047e-02 0.00000000000000000e+00
6.11099069464890038e-02 0.00000000000000000e+00
1.82574624536604307e-02 0.00000000000000000e+00
8.89856610674809615e-04 0.00000000000000000e+00
1.20924144125023007e-02 0.00000000000000000e+00
2.85007969867013787e-02 0.00000000000000000e+00
-3.78941770670517333e-02 0.00000000000000000e+00
4.24160767556652010e-02 0.00000000000000000e+00
-3.65278969404782411e-02 0.00000000000000000e+00
3.24865993302297165e-02 0.00000000000000000e+00
-6.39672070637072182e-02 0.00000000000000000e+00
1.83855281153468136e-02 0.00000000000000000e+00
-5.15856007685163917e-03 0.00000000000000000e+00
-3.32602560535353239e-02 0.00000000000000000e+00
3.79120239183670452e-02 0.00000000000000000e+00
-4.20024795085955222e-02 0.00000000000000000e+00
2.28570637296222068e-02 0.00000000000000000e+00
-2.20894242082798828e-02 0.00000000000000000e+00
9.04930894957694382e-03 0.00000000000000000e+00
-2.09128239408381449e-03 0.00000000000000000e+00
-8.98494871176335787e-03 0.00000000000000000e+00
5.50860655099496242e-03 0.00000000000000000e+00
1.30218697363607156e-02 0.00000000000000000e+00
-7.88919618908283209e-03 0.00000000000000000e+00
1.15177679923051772e-02 0.00000000000000000e+00
-1.41585219607643989e-02 0.00000000000000000e+00
1.67059635746078690e-02 0.00000000000000000e+00
-8.20945664164342802e-03 0.00000000000000000e+00
2.62806657429667800e-03 0.00000000000000000e+00
1.99233870720810814e-02 0.00000000000000000e+00
-2.20222209880169655e-02 0.00000000000000000e+00
2.34677480958073378e-02 0.00000000000000000e+00
4.01466552715993696e-03 0.00000000000000000e+00
-4.05043201370553201e-03 0.00000000000000000e+00
-3.39944128340515959e-03 0.00000000000000000e+00
4.34058923741365650e-04 0.00000000000000000e+00
-1.64073187143430567e-03 0.00000000000000000e+00
-7.80069532842816386e-03 0.00000000000000000e+00
7.90345024409300385e-03 0.00000000000000000e+00
-9.17660303955903679e-03 0.00000000000000000e+00
-9.07995237014536669e-04 0.00000000000000000e+00
2.41117329402516415e-04 0.00000000000000000e+00
3.52814985581250502e-03 0.00000000000000000e+00
-1.56386268783765604e-03 0.00000000000000000e+00
3.14733492467085541e-03 0.00000000000000000e+00
7.04501854931950167e-04 0.00000000000000000e+00
-4.04977636580212009e-03 0.00000000000000000e+00
3.93450485270152236e-03 0.00000000000000000e+00
-9.47681456852339510e-03 0.00000000000000000e+00
9.75380940436446769e-03 0.00000000000000000e+00
-2.18620066334594470e-03 0.00000000000000000e+00
8.37668001884277202e-04 0.00000000000000000e+00
3.79939460124432580e-03 0.00000000000000000e+00
-3.67721775698089896e-03 0.00000000000000000e+00
-3.37309087097302203e-03 0.00000000000000000e+00
1.63883354217269294e-03 0.00000000000000000e+00
-5.82722241865835013e-03 0.00000000000000000e+00
6.26322865322620059e-03 0.00000000000000000e+00
-1.11786883033339508e-02 0.00000000000000000e+00
4.22215832454813332e-03 0.00000000000000000e+00
-3.42295559466692756e-04 0.00000000000000000e+00
-1.11611246434076099e-02 0.00000000000000000e+00
1.05926147003675263e-02 0.00000000000000000e+00
-1.18008617176477426e-02 0.00000000000000000e+00
1.52430960648691442e-02 0.00000000000000000e+00
-1.54449803422344236e-02 0.00000000000000000e+00
1.15786932642848919e-02 0.00000000000000000e+00
-2.80775299409622694e-03 0.00000000000000000e+00
-7.74457903049681354e-04 0.00000000000000000e+00
1.76000236264894014e-02 0.00000000000000000e+00
-7.65928885136246337e-03 0.00000000000000000e+00
1.30642615574679960e-02 0.00000000000000000e+00
2.11720553743557499e-02 0.00000000000000000e+00
-1.86685399943133865e-02 0.00000000000000000e+00
9.24323206356975242e-03 0.00000000000000000e+00
-2.12347037325323097e-03 0.00000000000000000e+00
-8.42482991202036548e-03 0.00000000000000000e+00
1.07000012908427498e-02 0.00000000000000000e+00
-2.66394712425524352e-03 0.00000000000000000e+00
4.00192543590307138e-03 0.00000000000000000e+00
2.45890267851820096e-02 0.00000000000000000e+00
-2.25169900123542467e-02 0.00000000000000000e+00
1.82063384686629304e-02 0.00000000000000000e+00
-3.23978411779700772e-03 0.00000000000000000e+00
-8.68856581553639415e-03 0.00000000000000000e+00
1.31309841577929767e-02 0.00000000000000000e+00
1.05660405592304003e-02 0.00000000000000000e+00
-1.99110925673512060e-03 0.00000000000000000e+00
1.49320811097628653e-02 0.00000000000000000e+00
-1.82786235442206173e-02 0.00000000000000000e+00
8.60384820301622090e-03 0.00000000000000000e+00
-6.57204443010104850e-03 0.00000000000000000e+00
3.88552161591956141e-04 0.00000000000000000e+00
1.77458421308390284e-02 0.00000000000000000e+00
-1.87679856730958439e-02 0.00000000000000000e+00
1.95046509810748239e-02 0.00000000000000000e+00
8.73985521559586878e-03 0.00000000000000000e+00
-6.82370362056392097e-03 0.00000000000000000e+00
2.92865200293362174e-02 0.00000000000000000e+00
-4.73425353466473339e-03 0.00000000000000000e+00
-1.27615252735852974e-04 0.00000000000000000e+00
4.02460236595908322e-02 0.00000000000000000e+00
-2.09748898774031814e-02 0.00000000000000000e+00
3.32769691875244161e-02 0.00000000000000000e+00
2.07207620910031844e-02 0.00000000000000000e+00
-2.01157646924928664e-02 0.00000000000000000e+00
-6.71787937140344311e-03 0.00000000000000000e+00
1.05211108743006156e-03 0.00000000000000000e+00
-1.32106366887608778e-02 0.00000000000000000e+00
1.01902914060330967e-02 0.00000000000000000e+00
2.33935667060940862e-03 0.00000000000000000e+00
-1.56988688785100403e-03 0.00000000000000000e+00
-2.55248883656837349e-03 0.00000000000000000e+00
2.23028931025346386e-03 0.00000000000000000e+00
-4.30604964281925719e-03 0.00000000000000000e+00
7.36684745913145631e-04 0.00000000000000000e+00
2.48458892576361521e-05 0.00000000000000000e+00
-5.01858194925387108e-03 0.00000000000000000e+00
2.09184349829273815e-03 0.00000000000000000e+00
-3.88046026829638908e-03 0.00000000000000000e+00
-4.01777195620610719e-03 0.00000000000000000e+00
3.83534716681746589e-03 0.00000000000000000e+00
8.58519289034263616e-04 0.00000000000000000e+00
-1.43163330421899854e-04 0.00000000000000000e+00
1.93522392808212766e-03 0.00000000000000000e+00
-1.11087651281182209e-03 0.00000000000000000e+00
-4.97854322040522769e-04 0.00000000000000000e+00
4.66000322154360368e-04 0.00000000000000000e+00
1.65801413265779726e-02 0.00000000000000000e+00
-1.74964395691265019e-02 0.00000000000000000e+00
-7.50124736202724450e-04 0.00000000000000000e+00
-9.56900544588477398e-04 0.00000000000000000e+00
-2.88128724233835919e-03 0.00000000000000000e+00
-1.50967850217994387e-03 0.00000000000000000e+00
6.34047809024835315e-03 0.00000000000000000e+00
-5.83089921712466683e-03 0.00000000000000000e+00
1.36100262360120735e-02 0.00000000000000000e+00
-1.21070832198606135e-02 0.00000000000000000e+00
1.62742208647352130e-02 0.00000000000000000e+00
-4.57217324802497698e-03 0.00000000000000000e+00
-1.08470588096645044e-03 0.00000000000000000e+00
1.00734134517587864e-02 0.00000000000000000e+00
-9.00853138122642907e-03 0.00000000000000000e+00
1.02368054674916512e-02 0.00000000000000000e+00
1.75914283710873129e-03 0.00000000000000000e+00
-1.64351712091836424e-03 0.00000000000000000e+00
7.43344339640998760e-04 0.00000000000000000e+00
-1.37695875273293042e-04 0.00000000000000000e+00
-1.01938416134244193e-03 0.00000000000000000e+00
2.43425382081399202e-04 0.00000000000000000e+00
1.58726139980740286e-03 0.00000000000000000e+00
-1.14569745210316805e-03 0.00000000000000000e+00
2.62914308853389963e-04 0.00000000000000000e+00
-7.22051061969853866e-04 0.00000000000000000e+00
1.37135384128533313e-03 0.00000000000000000e+00
-8.39876362493848991e-04 0.00000000000000000e+00
6.35037363711566912e-04 0.00000000000000000e+00
1.92978127677986486e-03 0.00000000000000000e+00
-2.45122486592235173e-03 0.00000000000000000e+00
2.56958860663728883e-03 0.00000000000000000e+00
2.35342787564277569e-03 0.00000000000000000e+00
-2.06506012089458912e-03 0.00000000000000000e+00
6.11074422494352516e-03 0.00000000000000000e+00
-1.05964402277027936e-03 0.00000000000000000e+00
-1.39257054417843670e-05 0.00000000000000000e+00
8.96757975402776020e-03 0.00000000000000000e+00
-4.86290653454610373e-03 0.00000000000000000e+00
7.48084472195242618e-03 0.00000000000000000e+00
5.22359795809070569e-03 0.00000000000000000e+00
-4.87639392683954231e-03 0.00000000000000000e+00
-4.34312770500332656e-04 0.00000000000000000e+00
5.20743309056733626e-05 0.00000000000000000e+00
-3.14559758331956190e-03 0.00000000000000000e+00
2.78298930958909051e-03 0.00000000000000000e+00
2.89726937941431199e-04 0.00000000000000000e+00
-3.98516071305599108e-06 0.00000000000000000e+00
1.19507657136100039e-03 0.00000000000000000e+00
-2.07516269423383250e-03 0.00000000000000000e+00
-5.39991506205975309e-03 0.00000000000000000e+00
5.64131677773181271e-04 0.00000000000000000e+00
-1.57225643480721797e-03 0.00000000000000000e+00
-4.07685790539945390e-03 0.00000000000000000e+00
2.98982825950172212e-03 0.00000000000000000e+00
-4.73868906410859769e-03 0.00000000000000000e+00
-1.52078957300975665e-03 0.00000000000000000e+00
1.57688817828085322e-03 0.00000000000000000e+00
8.42154535791909617e-03 0.00000000000000000e+00
-2.43751558502643519e-03 0.00000000000000000e+00
2.03487996765873251e-03 0.00000000000000000e+00
4.93562174297051265e-03 0.00000000000000000e+00
-5.83502845862872085e-03 0.00000000000000000e+00
6.65240955069237947e-03 0.00000000000000000e+00
-8.50729239833923276e-03 0.00000000000000000e+00
8.75208679607936135e-03 0.00000000000000000e+00
-3.15048854488311769e-03 0.00000000000000000e+00
1.02398628362745025e-03 0.00000000000000000e+00
1.16213677625199674e-03 0.00000000000000000e+00
-4.49906093198317036e-03 0.00000000000000000e+00
1.82905132084110926e-04 0.00000000000000000e+00
-1.88291306095400872e-03 0.00000000000000000e+00
-9.02593440053228550e-03 0.00000000000000000e+00
8.11046696074387702e-03 0.00000000000000000e+00
-6.74364149001724887e-03 0.00000000000000000e+00
1.88470858963448460e-03 0.00000000000000000e+00
2.37720912073368295e-03 0.00000000000000000e+00
-5.81644535622368852e-03 0.00000000000000000e+00
3.51142450049460753e-03 0.00000000000000000e+00
-4.20098656040759650e-03 0.00000000000000000e+00
4.78252156798535371e-03 0.00000000000000000e+00
-5.65593789095506644e-03 0.00000000000000000e+00
-5.97987118784542096e-03 0.00000000000000000e+00
5.67242603213537308e-04 0.00000000000000000e+00
-4.15143164999639321e-03 0.00000000000000000e+00
-5.84682031135334412e-03 0.00000000000000000e+00
7.83766003402990019e-03 0.00000000000000000e+00
-9.44009319461907442e-03 0.00000000000000000e+00
-2.26318254297078886e-03 0.00000000000000000e+00
1.25457008329133302e-03 0.00000000000000000e+00
1.33430155856964997e-02 0.00000000000000000e+00
-4.82608740336153575e-03 0.00000000000000000e+00
4.40389466383432019e-03 0.00000000000000000e+00
9.83092384856027249e-03 0.00000000000000000e+00
-1.25684340009213011e-02 0.00000000000000000e+00
1.37835398946469633e-02 0.00000000000000000e+00
-1.65566487422385005e-03 0.00000000000000000e+00
1.70459976383766825e-03 0.00000000000000000e+00
-2.41079791282233259e-03 0.00000000000000000e+00
5.15518148293430453e-04 0.00000000000000000e+00
2.02812638275411632e-04 0.00000000000000000e+00
-4.50141491752150368e-03 0.00000000000000000e+00
2.50135186836285663e-03 0.00000000000000000e+00
-3.64353672055135096e-03 0.00000000000000000e+00
-3.04598180446329428e-03 0.00000000000000000e+00
2.70942003185956504e-03 0.00000000000000000e+00
-1.55544159564688996e-03 0.00000000000000000e+00
4.07619986224699415e-04 0.00000000000000000e+00
1.61593498123957144e-03 0.00000000000000000e+00
-2.55210596713715578e-03 0.00000000000000000e+00
7.57945060556288385e-04 0.00000000000000000e+00
-1.10612724352101015e-03 0.00000000000000000e+00
-5.76671595422832781e-03 0.00000000000000000e+00
2.65604017027782063e-03 0.00000000000000000e+00
-2.16884793955102011e-02 0.00000000000000000e+00
2.77735356590703367e-03 0.00000000000000000e+00
-3.03590679705876448e-04 0.00000000000000000e+00
-1.72590898364740446e-02 0.00000000000000000e+00
4.40594235245250158e-03 0.00000000000000000e+00
-1.26076079095540639e-02 0.00000000000000000e+00
-8.93997514614791947e-03 0.00000000000000000e+00
1.06683286601564932e-02 0.00000000000000000e+00
1.81996055991706131e-02 0.00000000000000000e+00
-3.47190115793963869e-03 0.00000000000000000e+00
5.02809404909946960e-03 0.00000000000000000e+00
4.58776324674867002e-03 0.00000000000000000e+00
-6.74477988241992989e-03 0.00000000000000000e+00
8.41972052659446107e-03 0.00000000000000000e+00
-2.80211141938955487e-02 0.00000000000000000e+00
2.80736881592589457e-02 0.00000000000000000e+00
-1.99540437629559357e-02 0.00000000000000000e+00
4.76229459845763266e-03 0.00000000000000000e+00
2.71728452500901579e-03 0.00000000000000000e+00
-2.78952627939562312e-02 0.00000000000000000e+00
9.07951978829715789e-03 0.00000000000000000e+00
-1.84649537645441425e-02 0.00000000000000000e+00
-3.50650007473337771e-02 0.00000000000000000e+00
3.17182799150583158e-02 0.00000000000000000e+00
-1.64213109236145439e-02 0.00000000000000000e+00
4.54608374319413755e-03 0.00000000000000000e+00
1.25543011635488588e-02 0.00000000000000000e+00
-1.93741941325804197e-02 0.00000000000000000e+00
7.54256256720314908e-03 0.00000000000000000e+00
-9.72668205309795003e-03 0.00000000000000000e+00
7.33187094429937642e-03 0.00000000000000000e+00
-8.26964441760177915e-03 0.00000000000000000e+00
-5.24980727525676573e-03 0.00000000000000000e+00
3.22054352244356083e-04 0.00000000000000000e+00
-5.21982308726252897e-03 0.00000000000000000e+00
-4.62783191683348218e-03 0.00000000000000000e+00
8.65976279571334211e-03 0.00000000000000000e+00
-9.72933069183321529e-03 0.00000000000000000e+00
-6.98408332910669598e-04 0.00000000000000000e+00
-4.56196752675832597e-04 0.00000000000000000e+00
1.63652936623625948e-02 0.00000000000000000e+00
-5.99236111892536682e-03 0.00000000000000000e+00
4.47934640163850841e-03 0.00000000000000000e+00
1.29835345326318290e-02 0.00000000000000000e+00
-1.55274898383901423e-02 0.00000000000000000e+00
1.70827606716199877e-02 0.00000000000000000e+00
-1.08324631320870987e-02 0.00000000000000000e+00
1.18294846673384774e-02 0.00000000000000000e+00
1.09320764392920543e-03 0.00000000000000000e+00
6.75205035586766943e-04 0.00000000000000000e+00
2.32894174047386946e-03 0.00000000000000000e+00
-1.03361835438827332e-03 0.00000000000000000e+00
-2.47040982167257006e-03 0.00000000000000000e+00
2.13920134201747323e-03 0.00000000000000000e+00
-9.36958039002729580e-03 0.00000000000000000e+00
8.12837653142412138e-03 0.00000000000000000e+00
-1.41474613647733522e-02 0.00000000000000000e+00
3.89080576125847791e-03 0.00000000000000000e+00
1.13688985516835635e-03 0.00000000000000000e+00
-9.78412219740942661e-03 0.00000000000000000e+00
7.96929751222220754e-03 0.00000000000000000e+00
-9.32539315697735252e-03 0.00000000000000000e+00
-3.84477263326209271e-03 0.00000000000000000e+00
5.53998904376413245e-03 0.00000000000000000e+00
1.00959393884596377e-02 0.00000000000000000e+00
-9.68204762629402190e-04 0.00000000000000000e+00
3.22901213810495961e-03 0.00000000000000000e+00
7.89220354279385888e-03 0.00000000000000000e+00
-6.37713131278353027e-03 0.00000000000000000e+00
9.57753353041304600e-03 0.00000000000000000e+00
1.61939211004354425e-03 0.00000000000000000e+00
-1.82188090002576909e-03 0.00000000000000000e+00
-1.70753221192295052e-02 0.00000000000000000e+00
4.95978557354495673e-03 0.00000000000000000e+00
-3.77001583856045744e-03 0.00000000000000000e+00
-1.00404240865422153e-02 0.00000000000000000e+00
1.17348598314873341e-02 0.00000000000000000e+00
-1.33427552827724075e-02 0.00000000000000000e+00
4.46412694787480264e-03 0.00000000000000000e+00
-3.17977282698236625e-03 0.00000000000000000e+00
2.53288991901591647e-02 0.00000000000000000e+00
-4.17597790444409773e-03 0.00000000000000000e+00
2.69584871378304248e-03 0.00000000000000000e+00
3.78204710273106828e-02 0.00000000000000000e+00
-2.46488391293057732e-02 0.00000000000000000e+00
3.50310019330361613e-02 0.00000000000000000e+00
2.03671573789827309e-02 0.00000000000000000e+00
-1.81372379560426414e-02 0.00000000000000000e+00
-8.32075539243754513e-03 0.00000000000000000e+00
2.99451355118050778e-03 0.00000000000000000e+00
-1.47751973732224394e-02 0.00000000000000000e+00
5.34677011293588963e-03 0.00000000000000000e+00
8.56918389509073522e-03 0.00000000000000000e+00
-7.96318897178604525e-03 0.00000000000000000e+00
3.79855070501717365e-02 0.00000000000000000e+00
-3.54832124966528301e-02 0.00000000000000000e+00
2.27777065176221170e-02 0.00000000000000000e+00
-4.33335618521813164e-03 0.00000000000000000e+00
-1.44458510540187105e-02 0.00000000000000000e+00
1.52590417148634541e-02 0.00000000000000000e+00
1.94273586282040500e-02 0.00000000000000000e+00
-8.08599051946300509e-03 0.00000000000000000e+00
2.05812437783971861e-02 0.00000000000000000e+00
-2.57787419021820383e-02 0.00000000000000000e+00
1.91710933918628063e-02 0.00000000000000000e+00
-1.18110199018515490e-02 0.00000000000000000e+00
2.76723774145903358e-03 0.00000000000000000e+00
3.00654527986193576e-02 0.00000000000000000e+00
-3.29941354735827502e-02 0.00000000000000000e+00
3.46266298874518749e-02 0.00000000000000000e+00
1.54366847089154047e-02 0.00000000000000000e+00
-1.35847352736153549e-02 0.00000000000000000e+00
3.12037248032685059e-02 0.00000000000000000e+00
-5.37256766061308070e-03 0.00000000000000000e+00
-1.63791958453473122e-03 0.00000000000000000e+00
4.19715429156233555e-02 0.00000000000000000e+00
-1.90090065896554757e-02 0.00000000000000000e+00
3.24284603511257319e-02 0.00000000000000000e+00
2.61535117712742154e-02 0.00000000000000000e+00
-2.53770521739225749e-02 0.00000000000000000e+00
-1.53167061239916822e-03 0.00000000000000000e+00
-7.54038512890794566e-04 0.00000000000000000e+00
-1.38172587824815229e-02 0.00000000000000000e+00
1.47954173535222114e-02 0.00000000000000000e+00
-1.69122017368461878e-03 0.00000000000000000e+00
2.90536400202699762e-03 0.00000000000000000e+00
-7.37195580277270575e-05 0.00000000000000000e+00
1.38850588372706326e-03 0.00000000000000000e+00
8.24813794792526346e-03 0.00000000000000000e+00
-9.22947106934031100e-04 0.00000000000000000e+00
1.13306849649645060e-03 0.00000000000000000e+00
6.19191300495105894e-03 0.00000000000000000e+00
-2.81185837255970138e-03 0.00000000000000000e+00
5.70229322184185022e-03 0.00000000000000000e+00
2.27110002678517072e-03 0.00000000000000000e+00
-2.81286221674408813e-03 0.00000000000000000e+00
-1.01631669423434979e-02 0.00000000000000000e+00
2.49621305815377016e-03 0.00000000000000000e+00
-2.22183514876639213e-03 0.00000000000000000e+00
-4.67506941849684006e-03 0.00000000000000000e+00
5.50720425116718940e-03 0.00000000000000000e+00
-6.47998194360559828e-03 0.00000000000000000e+00
1.31358313394981004e-02 0.00000000000000000e+00
-1.30765923589549696e-02 0.00000000000000000e+00
1.14866632916754158e-02 0.00000000000000000e+00
-2.58120841584539174e-03 0.00000000000000000e+00
-8.64692710623301869e-04 0.00000000000000000e+00
1.65440721191998132e-02 0.00000000000000000e+00
-6.85562563467002374e-03 0.00000000000000000e+00
1.21135232835509112e-02 0.00000000000000000e+00
1.81576724835396212e-02 0.00000000000000000e+00
-1.63102161638044793e-02 0.00000000000000000e+00
6.77887298026210415e-03 0.00000000000000000e+00
-1.73477532162521109e-03 0.00000000000000000e+00
-7.33226056835410700e-03 0.00000000000000000e+00
9.32832521135346267e-03 0.00000000000000000e+00
-2.39867473087165177e-03 0.00000000000000000e+00
3.47526478621201004e-03 0.00000000000000000e+00
6.32866923669675799e-03 0.00000000000000000e+00
-5.16514452316787619e-03 0.00000000000000000e+00
9.08636651810530369e-03 0.00000000000000000e+00
-1.37163025381013153e-03 0.00000000000000000e+00
-1.05046301850587713e-03 0.00000000000000000e+00
6.93409340314185985e-03 0.00000000000000000e+00
2.95071766283864318e-04 0.00000000000000000e+00
3.39493693566047345e-03 0.00000000000000000e+00
6.14485040562445187e-03 0.00000000000000000e+00
-6.87000565273738692e-03 0.00000000000000000e+00
-3.54705817150938792e-03 0.00000000000000000e+00
4.40399384770106723e-05 0.00000000000000000e+00
-1.82178044753495945e-03 0.00000000000000000e+00
1.23965660021250275e-03 0.00000000000000000e+00
-4.87137398016678055e-04 0.00000000000000000e+00
1.16874494037290887e-04 0.00000000000000000e+00
7.48824369193914086e-03 0.00000000000000000e+00
-7.30859011209768553e-03 0.00000000000000000e+00
8.41065450547382777e-03 0.00000000000000000e+00
-1.72060253540141104e-03 0.00000000000000000e+00
-1.13160375936502086e-03 0.00000000000000000e+00
1.23962619170437226e-02 0.00000000000000000e+00
-4.93307691527366567e-03 0.00000000000000000e+00
8.80646196557418291e-03 0.00000000000000000e+00
1.02452934112580874e-02 0.00000000000000000e+00
-9.59563771398165219e-03 0.00000000000000000e+00
4.04215155104132185e-03 0.00000000000000000e+00
-1.40551467723404756e-03 0.00000000000000000e+00
-4.34662542416755244e-03 0.00000000000000000e+00
7.29896438483387290e-03 0.00000000000000000e+00
-2.89146765517674402e-03 0.00000000000000000e+00
3.68751309430327603e-03 0.00000000000000000e+00
-1.09904589131583222e-03 0.00000000000000000e+00
7.56792780341449065e-04 0.00000000000000000e+00
-2.05183520789937231e-03 0.00000000000000000e+00
2.56250768336827993e-04 0.00000000000000000e+00
4.49882736067734352e-04 0.00000000000000000e+00
-1.22421191989693034e-03 0.00000000000000000e+00
-6.01235714716559467e-04 0.00000000000000000e+00
-2.27709389164513343e-04 0.00000000000000000e+00
-5.08878849201608056e-04 0.00000000000000000e+00
9.38615975148738408e-04 0.00000000000000000e+00
1.17119408494776906e-03 0.00000000000000000e+00
4.91971429018157096e-05 0.00000000000000000e+00
-4.60029851608252636e-05 0.00000000000000000e+00
-2.61593843446509156e-04 0.00000000000000000e+00
5.17197692715064944e-04 0.00000000000000000e+00
-3.88013711710630846e-04 0.00000000000000000e+00
-9.14122780497273607e-03 0.00000000000000000e+00
9.44727899709291857e-03 0.00000000000000000e+00
-2.09138813074926429e-03 0.00000000000000000e+00
8.88137894870577160e-04 0.00000000000000000e+00
1.38268018828081526e-03 0.00000000000000000e+00
-2.61458968963193148e-03 0.00000000000000000e+00
-1.35372668635017524e-03 0.00000000000000000e+00
6.99189105121763606e-05 0.00000000000000000e+00
-8.77852711375910755e-03 0.00000000000000000e+00
7.91225544887848818e-03 0.00000000000000000e+00
-7.57204426101579751e-03 0.00000000000000000e+00
2.15642998667922581e-03 0.00000000000000000e+00
1.75327911568094589e-03 0.00000000000000000e+00
-5.78864662534888264e-03 0.00000000000000000e+00
4.13735629040346605e-03 0.00000000000000000e+00
-4.80906487264781430e-03 0.00000000000000000e+00
1.63213255370131430e-03 0.00000000000000000e+00
-1.33562361570713239e-03 0.00000000000000000e+00
2.71852974972094496e-03 0.00000000000000000e+00
-4.26385089831528221e-04 0.00000000000000000e+00
-4.92612904487901154e-05 0.00000000000000000e+00
2.46944268941477535e-03 0.00000000000000000e+00
-6.27107291694679165e-04 0.00000000000000000e+00
1.71448456689212402e-03 0.00000000000000000e+00
2.15965540837193513e-03 0.00000000000000000e+00
-2.18908440910790640e-03 0.00000000000000000e+00
-1.16714745824582095e-03 0.00000000000000000e+00
1.86082649488285865e-04 0.00000000000000000e+00
-9.13691017255537281e-04 0.00000000000000000e+00
1.49692151325262233e-04 0.00000000000000000e+00
4.38194437698977851e-04 0.00000000000000000e+00
-5.33596091536254601e-04 0.00000000000000000e+00
-1.73783597045590777e-03 0.00000000000000000e+00
2.00146722958176879e-03 0.00000000000000000e+00
1.49930291030957478e-03 0.00000000000000000e+00
-8.08921485976011538e-05 0.00000000000000000e+00
3.99090020776314536e-04 0.00000000000000000e+00
1.70847291277982909e-03 0.00000000000000000e+00
-1.47879465055540020e-03 0.00000000000000000e+00
1.96979839544599413e-03 0.00000000000000000e+00
-9.35212871515193932e-04 0.00000000000000000e+00
7.12423583055951399e-04 0.00000000000000000e+00
-2.87158379737613521e-03 0.00000000000000000e+00
7.42615650431620419e-04 0.00000000000000000e+00
-3.59311443315613347e-04 0.00000000000000000e+00
-1.24652514770389584e-03 0.00000000000000000e+00
1.48880516185010423e-03 0.00000000000000000e+00
-1.68779055928953894e-03 0.00000000000000000e+00
-3.80406957051227261e-03 0.00000000000000000e+00
2.60665792140964961e-03 0.00000000000000000e+00
-1.10698424003160302e-02 0.00000000000000000e+00
1.62887874449083514e-03 0.00000000000000000e+00
-5.29138697778618484e-04 0.00000000000000000e+00
-1.11702599184647020e-02 0.00000000000000000e+00
4.79647751833031221e-03 0.00000000000000000e+00
-9.11663380025238765e-03 0.00000000000000000e+00
-7.29856621464234495e-03 0.00000000000000000e+00
7.33418261857548756e-03 0.00000000000000000e+00
6.71010728069423943e-03 0.00000000000000000e+00
-1.52342027532274067e-03 0.00000000000000000e+00
4.14933695735005079e-03 0.00000000000000000e+00
6.58288381975842703e-04 0.00000000000000000e+00
-3.59868454168170209e-03 0.00000000000000000e+00
4.05201935205522917e-03 0.00000000000000000e+00
2.13414418039886283e-02 0.00000000000000000e+00
-2.31486839467428818e-02 0.00000000000000000e+00
-1.09572015617290311e-02 0.00000000000000000e+00
2.88212136856080597e-04 0.00000000000000000e+00
-5.00594734876833730e-03 0.00000000000000000e+00
-1.67172717687676317e-02 0.00000000000000000e+00
1.82286947006310256e-02 0.00000000000000000e+00
-2.15780697459744160e-02 0.00000000000000000e+00
1.11712773122016502e-02 0.00000000000000000e+00
-9.87784760894688287e-03 0.00000000000000000e+00
2.60356414052733652e-02 0.00000000000000000e+00
-7.52450866505324084e-03 0.00000000000000000e+00
4.13172428549027620e-03 0.00000000000000000e+00
1.19884892730562024e-02 0.00000000000000000e+00
-1.57993224061496081e-02 0.00000000000000000e+00
1.72957071221845025e-02 0.00000000000000000e+00
-9.91166726145793417e-03 0.00000000000000000e+00
9.25930867040945099e-03 0.00000000000000000e+00
-6.24635860396378657e-03 0.00000000000000000e+00
1.19594918823860545e-03 0.00000000000000000e+00
3.27760827527745447e-03 0.00000000000000000e+00
-4.36736015973245885e-03 0.00000000000000000e+00
-4.28012959430155385e-03 0.00000000000000000e+00
1.26392661344999204e-03 0.00000000000000000e+00
-6.24884375837377482e-03 0.00000000000000000e+00
7.30793171975341674e-03 0.00000000000000000e+00
-4.31078921359448562e-03 0.00000000000000000e+00
2.66788110622996925e-03 0.00000000000000000e+00
-9.22931424209937458e-05 0.00000000000000000e+00
-6.98768955010759148e-03 0.00000000000000000e+00
7.30680250234450393e-03 0.00000000000000000e+00
-7.65719677415625626e-03 0.00000000000000000e+00
-3.35787328296504846e-03 0.00000000000000000e+00
3.40453426183319171e-03 0.00000000000000000e+00
2.62987929677703156e-04 0.00000000000000000e+00
1.05659630238938402e-04 0.00000000000000000e+00
9.95230454684985135e-04 0.00000000000000000e+00
1.37760107268448300e-03 0.00000000000000000e+00
-2.71672604100895625e-03 0.00000000000000000e+00
2.66547830151497595e-03 0.00000000000000000e+00
-1.60670444307605960e-03 0.00000000000000000e+00
1.72866582022889815e-03 0.00000000000000000e+00
-2.88594350386021286e-03 0.00000000000000000e+00
1.09014845906658334e-03 0.00000000000000000e+00
-6.30163968040241599e-04 0.00000000000000000e+00
-1.94878272896048099e-03 0.00000000000000000e+00
2.60346325069440131e-03 0.00000000000000000e+00
-2.75309799094946434e-03 0.00000000000000000e+00
4.19602846150546761e-03 0.00000000000000000e+00
-4.45476257086593278e-03 0.00000000000000000e+00
-1.94807740917631738e-04 0.00000000000000000e+00
-2.15159096239096531e-04 0.00000000000000000e+00
-2.03196662502217905e-03 0.00000000000000000e+00
4.76054766918808468e-04 0.00000000000000000e+00
2.37604602516807567e-03 0.00000000000000000e+00
-2.00939730221859998e-03 0.00000000000000000e+00
1.80859141180808635e-03 0.00000000000000000e+00
-2.09965428408888247e-03 0.00000000000000000e+00
6.30379126712218331e-03 0.00000000000000000e+00
-2.31829444694663621e-03 0.00000000000000000e+00
7.83106021942417386e-04 0.00000000000000000e+00
5.69896482088854978e-03 0.00000000000000000e+00
-5.86590542109295850e-03 0.00000000000000000e+00
6.51724078915543077e-03 0.00000000000000000e+00
-5.06592843416229545e-03 0.00000000000000000e+00
5.11568516036911732e-03 0.00000000000000000e+00
-4.39917643561578853e-03 0.00000000000000000e+00
1.02435124223462077e-03 0.00000000000000000e+00
1.82055593097082708e-04 0.00000000000000000e+00
-6.79308278232468050e-03 0.00000000000000000e+00
3.22598036123213734e-03 0.00000000000000000e+00
-5.25105171985602338e-03 0.00000000000000000e+00
-7.45638194349822810e-03 0.00000000000000000e+00
6.56298732911415449e-03 0.00000000000000000e+00
-2.91251860981350027e-03 0.00000000000000000e+00
6.35364390522378457e-04 0.00000000000000000e+00
3.16016948485006027e-03 0.00000000000000000e+00
-3.71770170802022178e-03 0.00000000000000000e+00
6.83285340683527668e-04 0.00000000000000000e+00
-1.15442978225631637e-03 0.00000000000000000e+00
-7.82302198749123406e-03 0.00000000000000000e+00
6.69483838541103625e-03 0.00000000000000000e+00
-9.40427407913273054e-03 0.00000000000000000e+00
1.49247208683315016e-03 0.00000000000000000e+00
1.78378873785371619e-03 0.00000000000000000e+00
-7.45848797978559182e-03 0.00000000000000000e+00
-1.02455784964033394e-03 0.00000000000000000e+00
-2.94425084735837686e-03 0.00000000000000000e+00
-6.83157097653237701e-03 0.00000000000000000e+00
7.71362786568005089e-03 0.00000000000000000e+00
1.64796589050807802e-03 0.00000000000000000e+00
7.25300670654303154e-04 0.00000000000000000e+00
1.60594199933111639e-03 0.00000000000000000e+00
-3.22325384861165201e-03 0.00000000000000000e+00
2.49711856270919911e-03 0.00000000000000000e+00
-2.33423856645184006e-03 0.00000000000000000e+00
-3.04360214214438769e-03 0.00000000000000000e+00
2.27816851581108971e-03 0.00000000000000000e+00
-1.18211162436219919e-02 0.00000000000000000e+00
1.89381220470558726e-03 0.00000000000000000e+00
-3.36486417377948219e-05 0.00000000000000000e+00
-1.65075737758333847e-02 0.00000000000000000e+00
8.86898267197038827e-03 0.00000000000000000e+00
-1.38266306936567669e-02 0.00000000000000000e+00
-8.08297267114738496e-03 0.00000000000000000e+00
7.83564650177038559e-03 0.00000000000000000e+00
2.93623745454612900e-03 0.00000000000000000e+00
-5.12928969386073318e-04 0.00000000000000000e+00
5.39249818922548415e-03 0.00000000000000000e+00
-4.03276481709947086e-03 0.00000000000000000e+00
-1.13152625372022766e-03 0.00000000000000000e+00
8.13958278074107294e-04 0.00000000000000000e+00
4.02012021261132294e-03 0.00000000000000000e+00
-3.35273832186516567e-03 0.00000000000000000e+00
6.69159415939693265e-03 0.00000000000000000e+00
-1.06386259882402059e-03 0.00000000000000000e+00
-6.07232702754766682e-04 0.00000000000000000e+00
6.77664875185576745e-03 0.00000000000000000e+00
-1.61169201380415364e-03 0.00000000000000000e+00
4.40006046816553663e-03 0.00000000000000000e+00
4.89562982354462863e-03 0.00000000000000000e+00
-5.15064821796250641e-03 0.00000000000000000e+00
-1.68218281430091115e-03 0.00000000000000000e+00
-4.63170007435581731e-05 0.00000000000000000e+00
-2.00428696836663913e-03 0.00000000000000000e+00
1.88190818391401450e-03 0.00000000000000000e+00
-3.74823280694370673e-04 0.00000000000000000e+00
3.33859492283412049e-04 0.00000000000000000e+00
-1.13044619561037292e-02 0.00000000000000000e+00
1.22576800132119992e-02 0.00000000000000000e+00
5.19100611803952582e-03 0.00000000000000000e+00
-4.32620894477472710e-05 0.00000000000000000e+00
2.50460099957273367e-03 0.00000000000000000e+00
7.72127697282956257e-03 0.00000000000000000e+00
-8.74525784492243170e-03 0.00000000000000000e+00
1.02676501766686881e-02 0.00000000000000000e+00
-6.52631121936226959e-03 0.00000000000000000e+00
5.71726393491488270e-03 0.00000000000000000e+00
-1.36291714467340706e-02 0.00000000000000000e+00
3.87342611858139309e-03 0.00000000000000000e+00
-1.68642130999773539e-03 0.00000000000000000e+00
-6.48907946388588286e-03 0.00000000000000000e+00
8.00913526472954961e-03 0.00000000000000000e+00
-8.83630185024062570e-03 0.00000000000000000e+00
1.29513979684219255e-03 0.00000000000000000e+00
-1.49338532315459039e-03 0.00000000000000000e+00
-1.34867332015396009e-03 0.00000000000000000e+00
1.15821791110460277e-04 0.00000000000000000e+00
-8.64499423721588867e-04 0.00000000000000000e+00
-1.44852198734152855e-03 0.00000000000000000e+00
1.82795506911421633e-03 0.00000000000000000e+00
-2.20119378561631478e-03 0.00000000000000000e+00
-2.16855668980199561e-04 0.00000000000000000e+00
5.61131661878397649e-05 0.00000000000000000e+00
2.98135219928761467e-03 0.00000000000000000e+00
-1.03971070385913624e-03 0.00000000000000000e+00
9.06683835623862348e-04 0.00000000000000000e+00
2.04015633625494099e-03 0.00000000000000000e+00
-2.63479471670877152e-03 0.00000000000000000e+00
2.88672366864882847e-03 0.00000000000000000e+00
1.09470061154099720e-03 0.00000000000000000e+00
-1.49720192435254403e-03 0.00000000000000000e+00
-5.12820059588257101e-03 0.00000000000000000e+00
6.94709968802216245e-04 0.00000000000000000e+00
-6.40514717499201668e-04 0.00000000000000000e+00
-7.53579786800432846e-03 0.00000000000000000e+00
5.21893026970536578e-03 0.00000000000000000e+00
-7.24335913092226912e-03 0.00000000000000000e+00
-1.96045326688922775e-03 0.00000000000000000e+00
1.88076006294303944e-03 0.00000000000000000e+00
3.51170060451938852e-03 0.00000000000000000e+00
-9.85059528293512170e-04 0.00000000000000000e+00
2.48379982179772196e-03 0.00000000000000000e+00
-1.49463927333829723e-04 0.00000000000000000e+00
-2.22106314948599618e-03 0.00000000000000000e+00
2.24105277287575157e-03 0.00000000000000000e+00
-4.39356340770308794e-04 0.00000000000000000e+00
-3.00429887972867931e-04 0.00000000000000000e+00
-5.84586234313217747e-03 0.00000000000000000e+00
7.62346625164947163e-04 0.00000000000000000e+00
-1.03593778033339080e-03 0.00000000000000000e+00
-5.49477119554204682e-03 0.00000000000000000e+00
3.24493039625945497e-03 0.00000000000000000e+00
-5.35135768921983675e-03 0.00000000000000000e+00
-3.08218602411509989e-03 0.00000000000000000e+00
3.01456847808110034e-03 0.00000000000000000e+00
5.98484321091809473e-03 0.00000000000000000e+00
-1.68522501609436092e-03 0.00000000000000000e+00
2.40320434687841178e-03 0.00000000000000000e+00
2.60196340861887365e-03 0.00000000000000000e+00
-4.11386676598242233e-03 0.00000000000000000e+00
4.61928500919127436e-03 0.00000000000000000e+00
6.52734913955968152e-03 0.00000000000000000e+00
-7.21952792832504780e-03 0.00000000000000000e+00
-5.77241817622767620e-03 0.00000000000000000e+00
4.61375343634684923e-04 0.00000000000000000e+00
-1.82764680870784011e-03 0.00000000000000000e+00
-8.79785384111412758e-03 0.00000000000000000e+00
8.09184727522116801e-03 0.00000000000000000e+00
-1.00958776575125007e-02 0.00000000000000000e+00
1.85493990184061814e-03 0.00000000000000000e+00
-1.62254037356186894e-03 0.00000000000000000e+00
9.07565539838731117e-03 0.00000000000000000e+00
-2.66615575731234946e-03 0.00000000000000000e+00
2.62574383544609624e-03 0.00000000000000000e+00
3.30413509132193410e-03 0.00000000000000000e+00
-5.77370497096081452e-03 0.00000000000000000e+00
6.19003208071750976e-03 0.00000000000000000e+00
-5.06242446737314826e-03 0.00000000000000000e+00
4.15677514884075366e-03 0.00000000000000000e+00
-7.51836971464405358e-03 0.00000000000000000e+00
1.15809981198489002e-03 0.00000000000000000e+00
5.66862767681497806e-04 0.00000000000000000e+00
-6.11392695637961916e-03 0.00000000000000000e+00
4.88550333756315909e-04 0.00000000000000000e+00
-3.52155150051524334e-03 0.00000000000000000e+00
-5.55398013474745541e-03 0.00000000000000000e+00
5.92805647483422068e-03 0.00000000000000000e+00
3.02821928239979622e-03 0.00000000000000000e+00
-2.29504271994523560e-04 0.00000000000000000e+00
1.93338517783158705e-03 0.00000000000000000e+00
-7.47831142135262344e-04 0.00000000000000000e+00
-2.72558909889400426e-04 0.00000000000000000e+00
5.67805039259332766e-04 0.00000000000000000e+00
-2.42978917012815756e-03 0.00000000000000000e+00
2.20609756972385378e-03 0.00000000000000000e+00
-4.16773358773522232e-03 0.00000000000000000e+00
7.40485848881601441e-04 0.00000000000000000e+00
3.91240550963932194e-04 0.00000000000000000e+00
-5.68543553126166917e-03 0.00000000000000000e+00
2.36646450833741208e-03 0.00000000000000000e+00
-4.19683959347232158e-03 0.00000000000000000e+00
-3.67439341508515567e-03 0.00000000000000000e+00
3.59061451346806516e-03 0.00000000000000000e+00
-3.49002034842406850e-04 0.00000000000000000e+00
3.00823647654688698e-04 0.00000000000000000e+00
1.79480242968438623e-03 0.00000000000000000e+00
-2.48194880969502011e-03 0.00000000000000000e+00
7.26720012978957679e-04 0.00000000000000000e+00
-9.48186307271597873e-04 0.00000000000000000e+00
-2.55194287322492788e-03 0.00000000000000000e+00
1.37259077397544030e-03 0.00000000000000000e+00
-8.85794614634363708e-03 0.00000000000000000e+00
1.18377514020859232e-03 0.00000000000000000e+00
-2.24902407959019914e-04 0.00000000000000000e+00
-7.59577469049716077e-03 0.00000000000000000e+00
2.40685501910431476e-03 0.00000000000000000e+00
-5.78562424297728028e-03 0.00000000000000000e+00
-4.30442818863897587e-03 0.00000000000000000e+00
4.80569275986148653e-03 0.00000000000000000e+00
6.85281286223608961e-03 0.00000000000000000e+00
-1.37186704032962997e-03 0.00000000000000000e+00
2.43478466383428415e-03 0.00000000000000000e+00
1.51086505045861289e-03 0.00000000000000000e+00
-2.82742728265159048e-03 0.00000000000000000e+00
3.42078375753275630e-03 0.00000000000000000e+00
-3.29284892107919091e-03 0.00000000000000000e+00
2.91584614773525560e-03 0.00000000000000000e+00
-7.98535603736253742e-03 0.00000000000000000e+00
1.40285949596247032e-03 0.00000000000000000e+00
-3.02857134514935775e-04 0.00000000000000000e+00
-1.14549529883405908e-02 0.00000000000000000e+00
6.46681841193249857e-03 0.00000000000000000e+00
-9.83438813061453428e-03 0.00000000000000000e+00
-7.44825070881916396e-03 0.00000000000000000e+00
6.79313540777450736e-03 0.00000000000000000e+00
9.86207218404814429e-04 0.00000000000000000e+00
-3.35033576342343630e-04 0.00000000000000000e+00
4.41241472224914930e-03 0.00000000000000000e+00
-2.88474536854882620e-03 0.00000000000000000e+00
-1.25699731882662064e-03 0.00000000000000000e+00
9.64402752878989783e-04 0.00000000000000000e+00
6.39652629927780071e-04 0.00000000000000000e+00
-1.04947522305106461e-03 0.00000000000000000e+00
-2.79017610388710129e-03 0.00000000000000000e+00
3.17059679873796056e-04 0.00000000000000000e+00
-1.14386278855679500e-03 0.00000000000000000e+00
-2.30498015209411756e-03 0.00000000000000000e+00
2.12844196888921150e-03 0.00000000000000000e+00
-3.00089615791543406e-03 0.00000000000000000e+00
-1.38455549342614758e-03 0.00000000000000000e+00
1.17013300692155411e-03 0.00000000000000000e+00
4.52757003675291654e-03 0.00000000000000000e+00
-1.48628891795101652e-03 0.00000000000000000e+00
1.48083021332404618e-03 0.00000000000000000e+00
2.99118415424628982e-03 0.00000000000000000e+00
-3.80441213395342828e-03 0.00000000000000000e+00
4.24279168901509508e-03 0.00000000000000000e+00
-3.62948742902930322e-03 0.00000000000000000e+00
3.95403254839581109e-03 0.00000000000000000e+00
7.89168413086117535e-04 0.00000000000000000e+00
1.46009333005705670e-04 0.00000000000000000e+00
8.65231387707330810e-04 0.00000000000000000e+00
5.36929721650361005e-04 0.00000000000000000e+00
-1.53035049993294355e-03 0.00000000000000000e+00
1.60192836915896779e-03 0.00000000000000000e+00
-2.69526736342086404e-03 0.00000000000000000e+00
2.37280920530686529e-03 0.00000000000000000e+00
-4.73635704815756221e-03 0.00000000000000000e+00
1.35013588857246444e-03 0.00000000000000000e+00
1.21043117739142684e-05 0.00000000000000000e+00
-3.06228736806294765e-03 0.00000000000000000e+00
2.84507778841649192e-03 0.00000000000000000e+00
-3.25570008046542538e-03 0.00000000000000000e+00
-2.73258262086433249e-04 0.00000000000000000e+00
6.02544028036059148e-04 0.00000000000000000e+00
2.11674230640662145e-03 0.00000000000000000e+00
-2.30659318363599726e-04 0.00000000000000000e+00
3.68380594930503157e-04 0.00000000000000000e+00
1.73777668681555030e-03 0.00000000000000000e+00
-9.82994963558149991e-04 0.00000000000000000e+00
1.71666351327500345e-03 0.00000000000000000e+00
4.92711066166183595e-04 0.00000000000000000e+00
-6.07460929450522936e-04 0.00000000000000000e+00
-2.74910844944829856e-03 0.00000000000000000e+00
7.10144283270900561e-04 0.00000000000000000e+00
-6.41213014380666540e-04 0.00000000000000000e+00
-1.29262606926713723e-03 0.00000000000000000e+00
1.59315912976322927e-03 0.00000000000000000e+00
-1.84161679078163562e-03 0.00000000000000000e+00
-1.85931993246459031e-04 0.00000000000000000e+00
5.77847486190198058e-04 0.00000000000000000e+00
6.25073745838734471e-03 0.00000000000000000e+00
-9.44433385272183787e-04 0.00000000000000000e+00
8.89606675782261564e-04 0.00000000000000000e+00
9.30406412904639414e-03 0.00000000000000000e+00
-6.46962595952520810e-03 0.00000000000000000e+00
8.96388275465398801e-03 0.00000000000000000e+00
3.91519360613006538e-03 0.00000000000000000e+00
-3.49123272530914948e-03 0.00000000000000000e+00
-3.35475410460574480e-03 0.00000000000000000e+00
1.10157665637927900e-03 0.00000000000000000e+00
-3.51449552444875251e-03 0.00000000000000000e+00
4.62913644403012523e-04 0.00000000000000000e+00
2.82891079412277754e-03 0.00000000000000000e+00
-2.78695225572127931e-03 0.00000000000000000e+00
1.04278695059130070e-02 0.00000000000000000e+00
-1.00249348845915884e-02 0.00000000000000000e+00
4.09737779118337329e-03 0.00000000000000000e+00
-9.16155990386009083e-04 0.00000000000000000e+00
-4.53432595008842858e-03 0.00000000000000000e+00
2.25441312974281050e-03 0.00000000000000000e+00
6.68631427709532721e-03 0.00000000000000000e+00
-4.31393466875214671e-03 0.00000000000000000e+00
4.44598788630787192e-03 0.00000000000000000e+00
-5.96696916616564366e-03 0.00000000000000000e+00
7.88538816489707008e-03 0.00000000000000000e+00
-4.04867383849171533e-03 0.00000000000000000e+00
1.76473809109039636e-03 0.00000000000000000e+00
9.68990629521376649e-03 0.00000000000000000e+00
-1.10957851872449682e-02 0.00000000000000000e+00
1.17826349294222147e-02 0.00000000000000000e+00
3.83304702902896154e-03 0.00000000000000000e+00
-3.41716122958097591e-03 0.00000000000000000e+00
6.82099774569846964e-03 0.00000000000000000e+00
-1.18855685643548710e-03 0.00000000000000000e+00
-4.63703771978636440e-04 0.00000000000000000e+00
8.91194140807525723e-03 0.00000000000000000e+00
-3.73120205425895354e-03 0.00000000000000000e+00
6.67442966427962518e-03 0.00000000000000000e+00
5.93652070724630127e-03 0.00000000000000000e+00
-5.78820842355729816e-03 0.00000000000000000e+00
-1.09464454891456176e-04 0.00000000000000000e+00
-2.65284781785063081e-04 0.00000000000000000e+00
-2.93094757116551998e-03 0.00000000000000000e+00
3.34364546686275041e-03 0.00000000000000000e+00
-6.06219671725842556e-04 0.00000000000000000e+00
8.66357930393189899e-04 0.00000000000000000e+00
8.42401579414826232e-04 0.00000000000000000e+00
-2.14580901540580520e-04 0.00000000000000000e+00
4.57453578076712566e-03 0.00000000000000000e+00
-5.86887055941299248e-04 0.00000000000000000e+00
3.20206566940411464e-04 0.00000000000000000e+00
3.91632765330734642e-03 0.00000000000000000e+00
-1.53686530174987367e-03 0.00000000000000000e+00
3.23982771643853808e-03 0.00000000000000000e+00
2.00678751148648067e-03 0.00000000000000000e+00
-2.23438752113909889e-03 0.00000000000000000e+00
-4.13987099820952147e-03 0.00000000000000000e+00
9.35068757072543924e-04 0.00000000000000000e+00
-1.34067561685251237e-03 0.00000000000000000e+00
-1.31424418991363755e-03 0.00000000000000000e+00
2.03194350906180272e-03 0.00000000000000000e+00
-2.39485420662283177e-03 0.00000000000000000e+00
8.18861476398511723e-04 0.00000000000000000e+00
-4.77105696435430125e-04 0.00000000000000000e+00
5.92924772530012585e-03 0.00000000000000000e+00
-9.48519939067973003e-04 0.00000000000000000e+00
5.82470959490861300e-04 0.00000000000000000e+00
8.68026370636251418e-03 0.00000000000000000e+00
-5.57646006830554881e-03 0.00000000000000000e+00
7.99535708840265306e-03 0.00000000000000000e+00
4.34997010082567147e-03 0.00000000000000000e+00
-3.93697653231200786e-03 0.00000000000000000e+00
-2.24761643873730042e-03 0.00000000000000000e+00
7.26456996126356963e-04 0.00000000000000000e+00
-3.27408652231904853e-03 0.00000000000000000e+00
1.11270666067898112e-03 0.00000000000000000e+00
1.95924355297037896e-03 0.00000000000000000e+00
-1.85223998932543439e-03 0.00000000000000000e+00
4.29242477425911644e-03 0.00000000000000000e+00
-3.85696923056069122e-03 0.00000000000000000e+00
3.63645204499838705e-03 0.00000000000000000e+00
-6.20303945570143452e-04 0.00000000000000000e+00
-1.30500365830213253e-03 0.00000000000000000e+00
2.55936151457073760e-03 0.00000000000000000e+00
1.58238491519208904e-03 0.00000000000000000e+00
5.02620877048270647e-05 0.00000000000000000e+00
2.93507492354120767e-03 0.00000000000000000e+00
-3.46751079516964067e-03 0.00000000000000000e+00
7.09554415324524924e-04 0.00000000000000000e+00
-8.79471202273671496e-04 0.00000000000000000e+00
-1.86323336565813506e-04 0.00000000000000000e+00
2.49791679123967684e-03 0.00000000000000000e+00
-2.56790676849778495e-03 0.00000000000000000e+00
2.60697394769672042e-03 0.00000000000000000e+00
3.33172371872448529e-03 0.00000000000000000e+00
-3.29462037404288244e-03 0.00000000000000000e+00
2.66729294089190078e-03 0.00000000000000000e+00
-5.92589258723929136e-04 0.00000000000000000e+00
-6.04984492136343972e-04 0.00000000000000000e+00
3.72099214936135077e-03 0.00000000000000000e+00
-9.65429472643072103e-04 0.00000000000000000e+00
2.23957144077628970e-03 0.00000000000000000e+00
3.83407790644867954e-03 0.00000000000000000e+00
-3.62721954619347380e-03 0.00000000000000000e+00
2.10668470510490822e-03 0.00000000000000000e+00
-7.35395586576523480e-04 0.00000000000000000e+00
-1.29867249102659423e-03 0.00000000000000000e+00
2.89031137603735925e-03 0.00000000000000000e+00
-1.57883796512169527e-03 0.00000000000000000e+00
1.88278875612600018e-03 0.00000000000000000e+00
-9.71843562014760372e-04 0.00000000000000000e+00
6.36660425088228878e-04 0.00000000000000000e+00
-2.53068373552395743e-03 0.00000000000000000e+00
3.47195751768611676e-04 0.00000000000000000e+00
4.90580515654419360e-05 0.00000000000000000e+00
-2.11830955038635766e-03 0.00000000000000000e+00
4.75385566031821013e-04 0.00000000000000000e+00
-1.45962976670922133e-03 0.00000000000000000e+00
-1.29833312193606480e-03 0.00000000000000000e+00
1.47337272912611834e-03 0.00000000000000000e+00
1.69469487947051601e-03 0.00000000000000000e+00
-2.78922076744987342e-04 0.00000000000000000e+00
6.21399510405594760e-04 0.00000000000000000e+00
1.91028150565952272e-04 0.00000000000000000e+00
-5.09124165656683479e-04 0.00000000000000000e+00
6.58050998976951701e-04 0.00000000000000000e+00
-2.16572389816688639e-03 0.00000000000000000e+00
2.18246862277656026e-03 0.00000000000000000e+00
-1.18571168021942841e-03 0.00000000000000000e+00
3.08827609462678095e-04 0.00000000000000000e+00
2.94151645906154066e-04 0.00000000000000000e+00
-1.57394812408968962e-03 0.00000000000000000e+00
2.46297809945424562e-04 0.00000000000000000e+00
-8.30092776838732712e-04 0.00000000000000000e+00
-2.39651375031304245e-03 0.00000000000000000e+00
2.19489008032872383e-03 0.00000000000000000e+00
-1.43694083001728694e-03 0.00000000000000000e+00
4.29389534147548747e-04 0.00000000000000000e+00
7.10505007513648396e-04 0.00000000000000000e+00
-1.48291119058581618e-03 0.00000000000000000e+00
8.12309385811377520e-04 0.00000000000000000e+00
-9.74244670023291818e-04 0.00000000000000000e+00
2.28069580391502451e-03 0.00000000000000000e+00
-2.29162026054815799e-03 0.00000000000000000e+00
2.52644280978082166e-04 0.00000000000000000e+00
-1.24508359824660093e-04 0.00000000000000000e+00
-1.16910817015202298e-03 0.00000000000000000e+00
2.74025830843263864e-05 0.00000000000000000e+00
1.77126194401239397e-03 0.00000000000000000e+00
-1.46510044584050600e-03 0.00000000000000000e+00
6.56331434908884528e-04 0.00000000000000000e+00
-1.00158009278914807e-03 0.00000000000000000e+00
2.62371439242989639e-03 0.00000000000000000e+00
-1.15202410527381655e-03 0.00000000000000000e+00
6.49789655458432114e-04 0.00000000000000000e+00
2.66124270883584058e-03 0.00000000000000000e+00
-3.08843203420648520e-03 0.00000000000000000e+00
3.33056170335184172e-03 0.00000000000000000e+00
-5.48794669009221195e-04 0.00000000000000000e+00
7.52543157826811131e-04 0.00000000000000000e+00
1.69295717450640556e-03 0.00000000000000000e+00
-1.90899367733317528e-04 0.00000000000000000e+00
2.14525243616068585e-04 0.00000000000000000e+00
2.04407310273538876e-03 0.00000000000000000e+00
-1.33353333717670737e-03 0.00000000000000000e+00
1.96702762739485882e-03 0.00000000000000000e+00
2.20781297769252939e-04 0.00000000000000000e+00
-3.12092286496387953e-04 0.00000000000000000e+00
-1.74408269096217039e-03 0.00000000000000000e+00
4.33394291878534395e-04 0.00000000000000000e+00
-5.94225860691150387e-04 0.00000000000000000e+00
-4.11816589648508692e-04 0.00000000000000000e+00
8.96561924765970760e-04 0.00000000000000000e+00
-9.90542055143023466e-04 0.00000000000000000e+00
1.46126792801883347e-03 0.00000000000000000e+00
-1.56841389830313289e-03 0.00000000000000000e+00
1.01027099832522800e-03 0.00000000000000000e+00
-2.85021225967757520e-04 0.00000000000000000e+00
-1.45473725517636577e-04 0.00000000000000000e+00
2.20685354565948672e-03 0.00000000000000000e+00
-1.18232834608880981e-03 0.00000000000000000e+00
1.71535549859301172e-03 0.00000000000000000e+00
2.20496114236840837e-03 0.00000000000000000e+00
-1.88620059234027642e-03 0.00000000000000000e+00
1.63083906966088343e-03 0.00000000000000000e+00
-3.78834039425381564e-04 0.00000000000000000e+00
-9.55386146859262615e-04 0.00000000000000000e+00
1.70787403873310728e-03 0.00000000000000000e+00
-6.37769147463684871e-04 0.00000000000000000e+00
8.91172526320915532e-04 0.00000000000000000e+00
-1.91872741425939790e-02 0.00000000000000000e+00
2.02354475133937790e-02 0.00000000000000000e+00
1.12504242195649289e-03 0.00000000000000000e+00
1.05313599335727140e-03 0.00000000000000000e+00
3.49987332114826003e-03 0.00000000000000000e+00
2.27636975198648511e-03 0.00000000000000000e+00
-7.89276506402518743e-03 0.00000000000000000e+00
7.39873832768336848e-03 0.00000000000000000e+00
-1.53035522363578012e-02 0.00000000000000000e+00
1.36923212749402202e-02 0.00000000000000000e+00
-1.89569842116967570e-02 0.00000000000000000e+00
5.40901303510014572e-03 0.00000000000000000e+00
9.11477654010086485e-04 0.00000000000000000e+00
-1.17410200375986234e-02 0.00000000000000000e+00
1.08231492109805739e-02 0.00000000000000000e+00
-1.22362838571622185e-02 0.00000000000000000e+00
6.58368388810624556e-03 0.00000000000000000e+00
-6.65919375243512451e-03 0.00000000000000000e+00
4.88888420877922614e-04 0.00000000000000000e+00
-3.40544318202789392e-04 0.00000000000000000e+00
-3.16882570347175622e-03 0.00000000000000000e+00
-1.69692896234439921e-04 0.00000000000000000e+00
4.97237949226954964e-03 0.00000000000000000e+00
-4.20937533951493310e-03 0.00000000000000000e+00
2.17100974607760053e-03 0.00000000000000000e+00
-3.01204781454404800e-03 0.00000000000000000e+00
7.55096978007570741e-03 0.00000000000000000e+00
-3.19963257455642327e-03 0.00000000000000000e+00
1.71099600836059629e-03 0.00000000000000000e+00
7.31818156521833393e-03 0.00000000000000000e+00
-8.44556751961613589e-03 0.00000000000000000e+00
9.12488939359573648e-03 0.00000000000000000e+00
-8.81414470413199348e-04 0.00000000000000000e+00
9.81351370612842380e-04 0.00000000000000000e+00
-1.47378223926891553e-03 0.00000000000000000e+00
3.42658317791690286e-04 0.00000000000000000e+00
-4.73846447438475569e-05 0.00000000000000000e+00
-3.26269117893465037e-03 0.00000000000000000e+00
2.22467369196696803e-03 0.00000000000000000e+00
-2.93050254792897712e-03 0.00000000000000000e+00
-2.23934671309270091e-03 0.00000000000000000e+00
1.85774596334506870e-03 0.00000000000000000e+00
-1.16248747877435265e-03 0.00000000000000000e+00
1.88996391185062022e-04 0.00000000000000000e+00
1.33874248503645845e-03 0.00000000000000000e+00
-1.65853748812097254e-03 0.00000000000000000e+00
1.70941109310122479e-04 0.00000000000000000e+00
-4.39671668609078732e-04 0.00000000000000000e+00
-2.73893404156424786e-03 0.00000000000000000e+00
2.87414285197115172e-03 0.00000000000000000e+00
-3.78855258965995448e-04 0.00000000000000000e+00
2.22251879434194925e-04 0.00000000000000000e+00
1.03344948126804829e-03 0.00000000000000000e+00
-9.39833769663151516e-04 0.00000000000000000e+00
-8.79633371020209455e-04 0.00000000000000000e+00
4.75841044574335393e-04 0.00000000000000000e+00
-1.80268260532823318e-03 0.00000000000000000e+00
1.83684068542344582e-03 0.00000000000000000e+00
-3.50092886821031868e-03 0.00000000000000000e+00
1.23096610955448875e-03 0.00000000000000000e+00
-3.41290403536861363e-05 0.00000000000000000e+00
-3.24524297591876352e-03 0.00000000000000000e+00
2.99687933272492490e-03 0.00000000000000000e+00
-3.37254008410560859e-03 0.00000000000000000e+00
5.22367179905757796e-03 0.00000000000000000e+00
-5.18275235837921140e-03 0.00000000000000000e+00
5.61170867124654096e-03 0.00000000000000000e+00
-1.20950924361273252e-03 0.00000000000000000e+00
-4.60057781221208861e-05 0.00000000000000000e+00
8.40738563771065671e-03 0.00000000000000000e+00
-4.23704789627171990e-03 0.00000000000000000e+00
6.74391839223364899e-03 0.00000000000000000e+00
8.28209463963515240e-03 0.00000000000000000e+00
-7.32486316352246383e-03 0.00000000000000000e+00
2.27134551762749482e-03 0.00000000000000000e+00
-4.43642237046435112e-04 0.00000000000000000e+00
-3.78128887231094337e-03 0.00000000000000000e+00
3.76823921418932475e-03 0.00000000000000000e+00
-1.89469585333367846e-04 0.00000000000000000e+00
6.51542458461194644e-04 0.00000000000000000e+00
1.14810864104460154e-02 0.00000000000000000e+00
-1.08633737637022689e-02 0.00000000000000000e+00
5.81167686621849623e-03 0.00000000000000000e+00
-1.17012681352453773e-03 0.00000000000000000e+00
-4.74803611313166438e-03 0.00000000000000000e+00
3.67471083870054985e-03 0.00000000000000000e+00
6.63977363165128235e-03 0.00000000000000000e+00
-3.56581040841655707e-03 0.00000000000000000e+00
5.47751010842668484e-03 0.00000000000000000e+00
-7.15375389345913534e-03 0.00000000000000000e+00
7.22825679199445587e-03 0.00000000000000000e+00
-4.05267038951219547e-03 0.00000000000000000e+00
1.43279307496090784e-03 0.00000000000000000e+00
1.00061536049093035e-02 0.00000000000000000e+00
-1.12464631164670339e-02 0.00000000000000000e+00
1.18779758738358915e-02 0.00000000000000000e+00
4.07783023058861955e-03 0.00000000000000000e+00
-3.37690840325714347e-03 0.00000000000000000e+00
1.08811153152408909e-02 0.00000000000000000e+00
-1.79779645953805208e-03 0.00000000000000000e+00
-2.31225533694909415e-04 0.00000000000000000e+00
1.47082936127006462e-02 0.00000000000000000e+00
-7.25017799129175789e-03 0.00000000000000000e+00
1.18527517045327515e-02 0.00000000000000000e+00
8.22269749745560379e-03 0.00000000000000000e+00
-7.98958192772351167e-03 0.00000000000000000e+00
-1.87138558882367074e-03 0.00000000000000000e+00
1.73607827642264720e-04 0.00000000000000000e+00
-4.84638778477483427e-03 0.00000000000000000e+00
4.17602537801666732e-03 0.00000000000000000e+00
3.89274499415135440e-04 0.00000000000000000e+00
-7.39511104424309140e-05 0.00000000000000000e+00
1.05269473820723152e-03 0.00000000000000000e+00
-6.56895091950577149e-04 0.00000000000000000e+00
2.80292229803796129e-03 0.00000000000000000e+00
-3.69837297486777755e-04 0.00000000000000000e+00
-1.95297991864332431e-04 0.00000000000000000e+00
2.23763362936026935e-03 0.00000000000000000e+00
-2.59616540231894703e-04 0.00000000000000000e+00
1.36048726630843696e-03 0.00000000000000000e+00
1.13401029736219646e-03 0.00000000000000000e+00
-1.44259662213817169e-03 0.00000000000000000e+00
-1.85265518733648197e-03 0.00000000000000000e+00
2.21694948694908773e-04 0.00000000000000000e+00
-4.86730609007131180e-04 0.00000000000000000e+00
-5.65866769112631363e-05 0.00000000000000000e+00
2.39633336157260449e-04 0.00000000000000000e+00
-4.03567848722719946e-04 0.00000000000000000e+00
3.28068760295490607e-03 0.00000000000000000e+00
-3.16521684093193411e-03 0.00000000000000000e+00
4.20963090316302507e-03 0.00000000000000000e+00
-8.41240349478467584e-04 0.00000000000000000e+00
-6.05408383312346858e-05 0.00000000000000000e+00
5.99937271898652418e-03 0.00000000000000000e+00
-2.93331883122351306e-03 0.00000000000000000e+00
4.77892623482979902e-03 0.00000000000000000e+00
5.30001313374332816e-03 0.00000000000000000e+00
-4.78553475047600700e-03 0.00000000000000000e+00
9.18009329476613431e-04 0.00000000000000000e+00
-2.07209363772869006e-04 0.00000000000000000e+00
-2.50719748607567718e-03 0.00000000000000000e+00
2.39277115074162721e-03 0.00000000000000000e+00
-4.71799890009655859e-05 0.00000000000000000e+00
3.10238414938328278e-04 0.00000000000000000e+00
2.68113833509334154e-03 0.00000000000000000e+00
-2.58411454258970774e-03 0.00000000000000000e+00
8.18442500765993188e-04 0.00000000000000000e+00
-1.94892645254620626e-04 0.00000000000000000e+00
-1.25595104365014290e-03 0.00000000000000000e+00
1.96827266063006158e-04 0.00000000000000000e+00
2.06043402204433151e-03 0.00000000000000000e+00
-1.53905663197150661e-03 0.00000000000000000e+00
8.81984370091256405e-04 0.00000000000000000e+00
-1.33262819169791967e-03 0.00000000000000000e+00
2.17676411035308071e-03 0.00000000000000000e+00
-1.12025991191479386e-03 0.00000000000000000e+00
6.61897784638083939e-04 0.00000000000000000e+00
2.54732129382589587e-03 0.00000000000000000e+00
-3.09504859624292090e-03 0.00000000000000000e+00
3.27192095446892381e-03 0.00000000000000000e+00
2.84098283056402699e-03 0.00000000000000000e+00
-2.90034998814533550e-03 0.00000000000000000e+00
1.25810765771669606e-03 0.00000000000000000e+00
-3.64884037638027675e-04 0.00000000000000000e+00
-5.34380061760489616e-04 0.00000000000000000e+00
1.82008639222150555e-03 0.00000000000000000e+00
-7.39235940675649197e-05 0.00000000000000000e+00
7.48138937645528683e-04 0.00000000000000000e+00
2.87764155235704661e-03 0.00000000000000000e+00
-2.66669250884215376e-03 0.00000000000000000e+00
2.34073870608332004e-03 0.00000000000000000e+00
-7.32482332502034815e-04 0.00000000000000000e+00
-7.26851230641741095e-04 0.00000000000000000e+00
2.29100798969649562e-03 0.00000000000000000e+00
-1.53131222715977792e-03 0.00000000000000000e+00
1.79099819180443564e-03 0.00000000000000000e+00
1.50793051383540602e-04 0.00000000000000000e+00
-1.08342912867090912e-03 0.00000000000000000e+00
-6.51000587073728709e-03 0.00000000000000000e+00
7.78863225745721243e-04 0.00000000000000000e+00
-1.33826871383275125e-03 0.00000000000000000e+00
-5.52018571051233076e-03 0.00000000000000000e+00
3.35114423555778456e-03 0.00000000000000000e+00
-5.61299769454085083e-03 0.00000000000000000e+00
-2.70580324362454383e-03 0.00000000000000000e+00
2.75347539705020350e-03 0.00000000000000000e+00
7.95001864621283985e-03 0.00000000000000000e+00
-2.21650525462686789e-03 0.00000000000000000e+00
2.45693275208790779e-03 0.00000000000000000e+00
3.97404297356057125e-03 0.00000000000000000e+00
-5.29818013731063724e-03 0.00000000000000000e+00
6.02684345987589305e-03 0.00000000000000000e+00
-1.69461254842388125e-03 0.00000000000000000e+00
1.45878814995671125e-03 0.00000000000000000e+00
-5.15528007721538766e-03 0.00000000000000000e+00
8.90881915091694854e-04 0.00000000000000000e+00
-2.81733130645190895e-04 0.00000000000000000e+00
-7.62716233982256488e-03 0.00000000000000000e+00
4.54385664367025228e-03 0.00000000000000000e+00
-6.70941845746390181e-03 0.00000000000000000e+00
-4.57384935970558786e-03 0.00000000000000000e+00
4.14192627175399928e-03 0.00000000000000000e+00
8.49444308745731218e-04 0.00000000000000000e+00
-3.03208222140352731e-04 0.00000000000000000e+00
2.91254096170569764e-03 0.00000000000000000e+00
-1.77009088962560017e-03 0.00000000000000000e+00
-1.00496268620883854e-03 0.00000000000000000e+00
8.11822593644266470e-04 0.00000000000000000e+00
2.05133090313153199e-05 0.00000000000000000e+00
-9.50188319127907833e-04 0.00000000000000000e+00
-7.00623353718851476e-03 0.00000000000000000e+00
8.87510976775441772e-04 0.00000000000000000e+00
-1.94893804099976185e-03 0.00000000000000000e+00
-6.20030812729857345e-03 0.00000000000000000e+00
4.43939520511980965e-03 0.00000000000000000e+00
-6.82815801201236416e-03 0.00000000000000000e+00
-4.00660883495610430e-03 0.00000000000000000e+00
3.65636886557187861e-03 0.00000000000000000e+00
8.73064460399402241e-03 0.00000000000000000e+00
-2.71755193512406056e-03 0.00000000000000000e+00
3.33468604016573219e-03 0.00000000000000000e+00
4.93741864209044055e-03 0.00000000000000000e+00
-6.90999618407393216e-03 0.00000000000000000e+00
7.71726054562823192e-03 0.00000000000000000e+00
-2.41418340979569074e-03 0.00000000000000000e+00
2.36081159484135671e-03 0.00000000000000000e+00
-3.22824229638697625e-03 0.00000000000000000e+00
6.46832494463398140e-04 0.00000000000000000e+00
3.81763623218768229e-04 0.00000000000000000e+00
-5.08241817365649370e-03 0.00000000000000000e+00
2.31244240446874501e-03 0.00000000000000000e+00
-3.80011629610910650e-03 0.00000000000000000e+00
-3.65786996481647997e-03 0.00000000000000000e+00
3.40993640766784666e-03 0.00000000000000000e+00
-1.43991859884383118e-03 0.00000000000000000e+00
4.90826602280413130e-04 0.00000000000000000e+00
1.72474244592790162e-03 0.00000000000000000e+00
-2.84319499423592043e-03 0.00000000000000000e+00
1.02654992160049370e-03 0.00000000000000000e+00
-1.35593326794935707e-03 0.00000000000000000e+00
-8.40888736772179950e-03 0.00000000000000000e+00
4.44779423632112470e-03 0.00000000000000000e+00
-2.90481580585093477e-02 0.00000000000000000e+00
3.83849751060610488e-03 0.00000000000000000e+00
-4.81938110091265429e-04 0.00000000000000000e+00
-2.43004043015452448e-02 0.00000000000000000e+00
7.01511526615629290e-03 0.00000000000000000e+00
-1.80897519691645137e-02 0.00000000000000000e+00
-1.34539269948764431e-02 0.00000000000000000e+00
1.53636503309866682e-02 0.00000000000000000e+00
2.27605921919106259e-02 0.00000000000000000e+00
-4.40227347915934323e-03 0.00000000000000000e+00
7.47888632408712922e-03 0.00000000000000000e+00
5.01167394945445290e-03 0.00000000000000000e+00
-8.79882945674135414e-03 0.00000000000000000e+00
1.08106015552052667e-02 0.00000000000000000e+00
-2.01485873912990061e-02 0.00000000000000000e+00
1.93748640595968469e-02 0.00000000000000000e+00
-2.62143344132409785e-02 0.00000000000000000e+00
5.19576596736315635e-03 0.00000000000000000e+00
6.55445556349034384e-04 0.00000000000000000e+00
-3.72248369462910775e-02 0.00000000000000000e+00
1.78429295245962176e-02 0.00000000000000000e+00
-2.93549198723884568e-02 0.00000000000000000e+00
-3.21798434923264293e-02 0.00000000000000000e+00
2.92357641037292310e-02 0.00000000000000000e+00
-5.64960873210293771e-03 0.00000000000000000e+00
1.44190720969632679e-03 0.00000000000000000e+00
1.51807531762211886e-02 0.00000000000000000e+00
-1.51976595631533543e-02 0.00000000000000000e+00
9.30112393838188382e-04 0.00000000000000000e+00
-2.57158248584904523e-03 0.00000000000000000e+00
5.29995636241937466e-03 0.00000000000000000e+00
-6.52669066284172761e-03 0.00000000000000000e+00
-7.68398778470086481e-03 0.00000000000000000e+00
7.14746164700252396e-04 0.00000000000000000e+00
-4.95673071297622787e-03 0.00000000000000000e+00
-6.48498655676103992e-03 0.00000000000000000e+00
8.56303802126670045e-03 0.00000000000000000e+00
-1.06286887309429926e-02 0.00000000000000000e+00
-2.75296732977621007e-03 0.00000000000000000e+00
1.71174426601298645e-03 0.00000000000000000e+00
1.70661335147699079e-02 0.00000000000000000e+00
-5.97145474138071480e-03 0.00000000000000000e+00
5.08157814332564801e-03 0.00000000000000000e+00
1.25768318631201640e-02 0.00000000000000000e+00
-1.54090500243263834e-02 0.00000000000000000e+00
1.70487575032632031e-02 0.00000000000000000e+00
-1.27029487409648506e-02 0.00000000000000000e+00
1.39118580433487196e-02 0.00000000000000000e+00
2.87977682276630877e-03 0.00000000000000000e+00
5.23054707067252306e-04 0.00000000000000000e+00
2.94667268767611571e-03 0.00000000000000000e+00
1.60446501980677516e-03 0.00000000000000000e+00
-4.94047873311333468e-03 0.00000000000000000e+00
5.22132597569849137e-03 0.00000000000000000e+00
-9.73437221784916561e-03 0.00000000000000000e+00
8.46950909158347871e-03 0.00000000000000000e+00
-1.69713221335070948e-02 0.00000000000000000e+00
4.74971365841951425e-03 0.00000000000000000e+00
2.59960115962739029e-04 0.00000000000000000e+00
-1.09282496415241473e-02 0.00000000000000000e+00
9.89851785985207920e-03 0.00000000000000000e+00
-1.13979724856396233e-02 0.00000000000000000e+00
-2.64086813162521918e-03 0.00000000000000000e+00
4.28138033506147292e-03 0.00000000000000000e+00
1.02302494283327845e-02 0.00000000000000000e+00
-1.05487869775809954e-03 0.00000000000000000e+00
2.63210651868366324e-03 0.00000000000000000e+00
8.27104620758185166e-03 0.00000000000000000e+00
-5.80497370850812863e-03 0.00000000000000000e+00
9.18921906878283727e-03 0.00000000000000000e+00
2.17850683674664829e-03 0.00000000000000000e+00
-2.48410505748046561e-03 0.00000000000000000e+00
-1.53612694010105705e-02 0.00000000000000000e+00
4.30306092650633003e-03 0.00000000000000000e+00
-3.59346801392961164e-03 0.00000000000000000e+00
-8.35090687654006618e-03 0.00000000000000000e+00
1.00468429621289514e-02 0.00000000000000000e+00
-1.14667472560218264e-02 0.00000000000000000e+00
1.16475638189236070e-03 0.00000000000000000e+00
3.68079400969965615e-04 0.00000000000000000e+00
2.63720208815484622e-02 0.00000000000000000e+00
-4.11774983815993943e-03 0.00000000000000000e+00
3.40318880713763334e-03 0.00000000000000000e+00
3.93581731772259802e-02 0.00000000000000000e+00
-2.67534395698609470e-02 0.00000000000000000e+00
3.73847450312264212e-02 0.00000000000000000e+00
1.82131884761779564e-02 0.00000000000000000e+00
-1.62290113297094349e-02 0.00000000000000000e+00
-1.21149941378227051e-02 0.00000000000000000e+00
4.07993020060139471e-03 0.00000000000000000e+00
-1.50396141771538538e-02 0.00000000000000000e+00
3.32192607953376391e-03 0.00000000000000000e+00
1.08092036210947640e-02 0.00000000000000000e+00
-1.04573904909437809e-02 0.00000000000000000e+00
4.11446431447129654e-02 0.00000000000000000e+00
-3.88789285644015742e-02 0.00000000000000000e+00
2.13210000327169712e-02 0.00000000000000000e+00
-4.27056526541613746e-03 0.00000000000000000e+00
-1.65071084360910378e-02 0.00000000000000000e+00
1.35335752635067554e-02 0.00000000000000000e+00
2.31056777237144233e-02 0.00000000000000000e+00
-1.19754990570667737e-02 0.00000000000000000e+00
2.04657846833315830e-02 0.00000000000000000e+00
-2.62241575227136203e-02 0.00000000000000000e+00
2.48294321174965874e-02 0.00000000000000000e+00
-1.40302302375856624e-02 0.00000000000000000e+00
4.52876934730779730e-03 0.00000000000000000e+00
3.47657945542471161e-02 0.00000000000000000e+00
-3.88489973765424254e-02 0.00000000000000000e+00
4.09869472640875740e-02 0.00000000000000000e+00
1.59708841691029134e-02 0.00000000000000000e+00
-1.41325626136209314e-02 0.00000000000000000e+00
3.06141521205947238e-02 0.00000000000000000e+00
-5.29558921921681729e-03 0.00000000000000000e+00
-1.81012099388399585e-03 0.00000000000000000e+00
4.07006665194131478e-02 0.00000000000000000e+00
-1.78667268628547975e-02 0.00000000000000000e+00
3.10516145923339544e-02 0.00000000000000000e+00
2.60318832357677339e-02 0.00000000000000000e+00
-2.53177068153417791e-02 0.00000000000000000e+00
-1.08796608584303309e-03 0.00000000000000000e+00
-9.29828498896013533e-04 0.00000000000000000e+00
-1.33794475718966369e-02 0.00000000000000000e+00
1.47323918218393354e-02 0.00000000000000000e+00
-2.11645658863143446e-03 0.00000000000000000e+00
3.29932122652833865e-03 0.00000000000000000e+00
9.99686315346261537e-04 0.00000000000000000e+00
9.06055157071374473e-04 0.00000000000000000e+00
1.29232167704473027e-02 0.00000000000000000e+00
-1.55305451713005829e-03 0.00000000000000000e+00
1.43923608116830644e-03 0.00000000000000000e+00
1.04844113314740764e-02 0.00000000000000000e+00
-4.60281964409877536e-03 0.00000000000000000e+00
9.26224727008416113e-03 0.00000000000000000e+00
4.67223490550428087e-03 0.00000000000000000e+00
-5.36344658892809467e-03 0.00000000000000000e+00
-1.39213228584615396e-02 0.00000000000000000e+00
3.35412019545799130e-03 0.00000000000000000e+00
-3.74433585694602207e-03 0.00000000000000000e+00
-5.65378387754670447e-03 0.00000000000000000e+00
7.42093834788803627e-03 0.00000000000000000e+00
-8.69963473283864343e-03 0.00000000000000000e+00
9.64143716652170885e-03 0.00000000000000000e+00
-8.99886155326492902e-03 0.00000000000000000e+00
1.77934611117337715e-02 0.00000000000000000e+00
-3.31290470147059361e-03 0.00000000000000000e+00
5.27629798792774818e-04 0.00000000000000000e+00
2.59311648934868501e-02 0.00000000000000000e+00
-1.43502440517569510e-02 0.00000000000000000e+00
2.19657585863961627e-02 0.00000000000000000e+00
1.91629094320063496e-02 0.00000000000000000e+00
-1.72502851920230925e-02 0.00000000000000000e+00
2.09582241643353398e-04 0.00000000000000000e+00
2.31488151314431678e-04 0.00000000000000000e+00
-1.04821361710808886e-02 0.00000000000000000e+00
7.81085722807010104e-03 0.00000000000000000e+00
2.06026398134482799e-03 0.00000000000000000e+00
-1.19244474965611081e-03 0.00000000000000000e+00
1.26604991459352209e-02 0.00000000000000000e+00
-1.10575910587341585e-02 0.00000000000000000e+00
1.30510965450571260e-02 0.00000000000000000e+00
-2.11764224017199285e-03 0.00000000000000000e+00
-3.31271573258768532e-03 0.00000000000000000e+00
9.57954606474098642e-03 0.00000000000000000e+00
3.35208886419581130e-03 0.00000000000000000e+00
2.26934256074025256e-03 0.00000000000000000e+00
9.80591533664042919e-03 0.00000000000000000e+00
-1.13342088947761457e-02 0.00000000000000000e+00
-7.09528523976716684e-04 0.00000000000000000e+00
-1.77424258441869235e-03 0.00000000000000000e+00
-1.52858118568618864e-03 0.00000000000000000e+00
5.90987073082874671e-03 0.00000000000000000e+00
-5.55482938489489011e-03 0.00000000000000000e+00
5.41433871915829052e-03 0.00000000000000000e+00
1.07738921890807356e-02 0.00000000000000000e+00
-1.05059174209324469e-02 0.00000000000000000e+00
1.11519660549810676e-02 0.00000000000000000e+00
-2.30198613640665442e-03 0.00000000000000000e+00
-1.75755024922877984e-03 0.00000000000000000e+00
1.59124398433484436e-02 0.00000000000000000e+00
-5.64844777812722239e-03 0.00000000000000000e+00
1.08077181818673953e-02 0.00000000000000000e+00
1.38702201605432722e-02 0.00000000000000000e+00
-1.30953746199427411e-02 0.00000000000000000e+00
5.80102860140407645e-03 0.00000000000000000e+00
-2.08986229243631654e-03 0.00000000000000000e+00
-5.51544457776344862e-03 0.00000000000000000e+00
9.95804221583889392e-03 0.00000000000000000e+00
-4.41581463739504528e-03 0.00000000000000000e+00
5.46407252890140915e-03 0.00000000000000000e+00
-2.80496446065785091e-03 0.00000000000000000e+00
2.13156663641166913e-03 0.00000000000000000e+00
-4.88001712792683791e-03 0.00000000000000000e+00
6.84752573057904033e-04 0.00000000000000000e+00
7.43220418676991028e-04 0.00000000000000000e+00
-3.73068288080526502e-03 0.00000000000000000e+00
-2.98202775516497444e-04 0.00000000000000000e+00
-1.69044330027866047e-03 0.00000000000000000e+00
-2.35007492934614058e-03 0.00000000000000000e+00
2.97479783539466485e-03 0.00000000000000000e+00
2.18421403284045678e-03 0.00000000000000000e+00
3.46998002007134720e-05 0.00000000000000000e+00
6.21446529085226910e-04 0.00000000000000000e+00
-8.09618443229930202e-04 0.00000000000000000e+00
6.62647391322453215e-04 0.00000000000000000e+00
-4.59429439424572815e-04 0.00000000000000000e+00
-1.04671919354095422e-02 0.00000000000000000e+00
1.08296019562755322e-02 0.00000000000000000e+00
-1.75823213966738896e-03 0.00000000000000000e+00
9.05789334473079493e-04 0.00000000000000000e+00
1.77060428623581267e-03 0.00000000000000000e+00
-1.89220423345603421e-03 0.00000000000000000e+00
-2.46572482995564531e-03 0.00000000000000000e+00
1.24776044925569330e-03 0.00000000000000000e+00
-9.40214402291972978e-03 0.00000000000000000e+00
8.54716075909151864e-03 0.00000000000000000e+00
-8.94802355892144324e-03 0.00000000000000000e+00
2.62617345122806607e-03 0.00000000000000000e+00
1.47893121245130411e-03 0.00000000000000000e+00
-6.61479258436380516e-03 0.00000000000000000e+00
5.22222894699287364e-03 0.00000000000000000e+00
-5.97382963638310761e-03 0.00000000000000000e+00
7.52190109481562508e-03 0.00000000000000000e+00
-7.08244453026624955e-03 0.00000000000000000e+00
4.50766547537514647e-03 0.00000000000000000e+00
-8.82915933362170497e-04 0.00000000000000000e+00
-2.78004433102136458e-03 0.00000000000000000e+00
3.40337135131730043e-03 0.00000000000000000e+00
3.39352515812774190e-03 0.00000000000000000e+00
-1.13371773505967764e-03 0.00000000000000000e+00
4.39343175252067137e-03 0.00000000000000000e+00
-5.30075707921110958e-03 0.00000000000000000e+00
4.08582141243193312e-03 0.00000000000000000e+00
-2.34483061349748806e-03 0.00000000000000000e+00
3.09087586310856951e-04 0.00000000000000000e+00
6.14677538137247109e-03 0.00000000000000000e+00
-6.44470146291985235e-03 0.00000000000000000e+00
6.82307268001292131e-03 0.00000000000000000e+00
-1.18670227576354696e-03 0.00000000000000000e+00
1.86374367789216792e-03 0.00000000000000000e+00
6.27091084857887750e-03 0.00000000000000000e+00
-7.73375549209307889e-04 0.00000000000000000e+00
5.56446099209166427e-04 0.00000000000000000e+00
7.85117837496388839e-03 0.00000000000000000e+00
-4.82091145792511253e-03 0.00000000000000000e+00
7.24090844474835175e-03 0.00000000000000000e+00
1.53326357520656357e-03 0.00000000000000000e+00
-1.79868160810512929e-03 0.00000000000000000e+00
-5.25815826933433497e-03 0.00000000000000000e+00
1.25040450557071321e-03 0.00000000000000000e+00
-2.29352126561758714e-03 0.00000000000000000e+00
-5.65328692682072974e-04 0.00000000000000000e+00
2.54137705870170066e-03 0.00000000000000000e+00
-2.76013429251873452e-03 0.00000000000000000e+00
2.81945368862433722e-03 0.00000000000000000e+00
-3.16352095450826406e-03 0.00000000000000000e+00
3.89242997174504032e-04 0.00000000000000000e+00
-3.21500274496654419e-04 0.00000000000000000e+00
-7.71660549820904159e-04 0.00000000000000000e+00
2.38012337549045301e-03 0.00000000000000000e+00
-7.61359248224954561e-04 0.00000000000000000e+00
1.23225436764407437e-03 0.00000000000000000e+00
3.01991853237230587e-03 0.00000000000000000e+00
-2.61082301869941091e-03 0.00000000000000000e+00
4.66489651649906745e-03 0.00000000000000000e+00
-1.29101555123065808e-03 0.00000000000000000e+00
-8.40655072293011469e-04 0.00000000000000000e+00
4.05672323655413818e-03 0.00000000000000000e+00
-2.76406438198787850e-03 0.00000000000000000e+00
3.35422404529391776e-03 0.00000000000000000e+00
-2.88247608543206087e-02 0.00000000000000000e+00
3.03311084067432422e-02 0.00000000000000000e+00
4.29106320941865160e-04 0.00000000000000000e+00
1.77859376079933279e-03 0.00000000000000000e+00
5.09213240038381906e-03 0.00000000000000000e+00
1.47340723509237345e-03 0.00000000000000000e+00
-1.05077648006749250e-02 0.00000000000000000e+00
9.25506137497445272e-03 0.00000000000000000e+00
-2.38349787214839383e-02 0.00000000000000000e+00
2.13173354413069907e-02 0.00000000000000000e+00
-2.79139393427541779e-02 0.00000000000000000e+00
7.93203714041128272e-03 0.00000000000000000e+00
2.10156808608325495e-03 0.00000000000000000e+00
-1.78308215198364275e-02 0.00000000000000000e+00
1.57489071526525637e-02 0.00000000000000000e+00
-1.78964068516024935e-02 0.00000000000000000e+00
8.77961034981527416e-03 0.00000000000000000e+00
-9.24389732049557371e-03 0.00000000000000000e+00
-2.08952436061441696e-03 0.00000000000000000e+00
-1.07449773284844382e-04 0.00000000000000000e+00
-4.94536598573987966e-03 0.00000000000000000e+00
-2.67003099973151187e-03 0.00000000000000000e+00
8.33199692091899854e-03 0.00000000000000000e+00
-8.25635420863074683e-03 0.00000000000000000e+00
1.37772486149151689e-03 0.00000000000000000e+00
-2.61373107677108927e-03 0.00000000000000000e+00
1.34170665419602441e-02 0.00000000000000000e+00
-5.29243748040078045e-03 0.00000000000000000e+00
3.54950536420947952e-03 0.00000000000000000e+00
1.15938851791641505e-02 0.00000000000000000e+00
-1.38505442784835741e-02 0.00000000000000000e+00
1.50623713106295843e-02 0.00000000000000000e+00
-1.85347379785772478e-03 0.00000000000000000e+00
1.88250034067478336e-03 0.00000000000000000e+00
-4.17590043542029766e-03 0.00000000000000000e+00
8.31936871742517715e-04 0.00000000000000000e+00
-4.58293859812727863e-05 0.00000000000000000e+00
-7.68924441897735761e-03 0.00000000000000000e+00
4.81955417232095892e-03 0.00000000000000000e+00
-6.71050792280955110e-03 0.00000000000000000e+00
-4.70776984124811424e-03 0.00000000000000000e+00
4.09939725539727913e-03 0.00000000000000000e+00
-1.35747531044183296e-03 0.00000000000000000e+00
2.34757415797523354e-04 0.00000000000000000e+00
2.89875322385983345e-03 0.00000000000000000e+00
-3.26802684780813299e-03 0.00000000000000000e+00
1.64773255960934823e-04 0.00000000000000000e+00
-6.35462081145788380e-04 0.00000000000000000e+00
-3.25345920370152157e-03 0.00000000000000000e+00
2.85663361596984276e-03 0.00000000000000000e+00
-4.71857690530758794e-03 0.00000000000000000e+00
8.04486889191049657e-04 0.00000000000000000e+00
2.37785701188596567e-04 0.00000000000000000e+00
-5.04490723484850474e-03 0.00000000000000000e+00
1.56313477881363087e-03 0.00000000000000000e+00
-3.53458160718373793e-03 0.00000000000000000e+00
-4.35834652120044557e-03 0.00000000000000000e+00
4.28176072895076771e-03 0.00000000000000000e+00
7.94361086787156176e-04 0.00000000000000000e+00
-9.89779321531528512e-06 0.00000000000000000e+00
1.84191118445953847e-03 0.00000000000000000e+00
-1.34863490585764305e-03 0.00000000000000000e+00
-9.74369105945980228e-05 0.00000000000000000e+00
8.67005576296710152e-05 0.00000000000000000e+00
9.28742588821442408e-03 0.00000000000000000e+00
-9.52150351723737680e-03 0.00000000000000000e+00
4.61719690970299225e-03 0.00000000000000000e+00
-1.32228192219238975e-03 0.00000000000000000e+00
-7.83880715654910695e-04 0.00000000000000000e+00
6.79844388531944139e-03 0.00000000000000000e+00
-1.91573658602236423e-03 0.00000000000000000e+00
4.21046498249933072e-03 0.00000000000000000e+00
1.11994716411494537e-02 0.00000000000000000e+00
-9.88635966134781587e-03 0.00000000000000000e+00
6.55713206082892460e-03 0.00000000000000000e+00
-1.63310980104591492e-03 0.00000000000000000e+00
-3.66183666983464946e-03 0.00000000000000000e+00
5.98767744686779825e-03 0.00000000000000000e+00
-2.53935355292718304e-03 0.00000000000000000e+00
3.27761188617943511e-03 0.00000000000000000e+00
1.53174386188855566e-02 0.00000000000000000e+00
-1.52817207251058334e-02 0.00000000000000000e+00
1.69241398599589911e-03 0.00000000000000000e+00
-7.85233684487977564e-04 0.00000000000000000e+00
-8.04788333096243327e-03 0.00000000000000000e+00
-5.60369197773432953e-04 0.00000000000000000e+00
1.28217760046876791e-02 0.00000000000000000e+00
-1.07907540587900488e-02 0.00000000000000000e+00
3.72928037659912533e-03 0.00000000000000000e+00
-6.30774935587006137e-03 0.00000000000000000e+00
1.71153158245960953e-02 0.00000000000000000e+00
-7.75901516403510773e-03 0.00000000000000000e+00
4.87010717444582870e-03 0.00000000000000000e+00
1.75777012931183363e-02 0.00000000000000000e+00
-2.10202102035846917e-02 0.00000000000000000e+00
2.25470264027897611e-02 0.00000000000000000e+00
4.45045551112105680e-03 0.00000000000000000e+00
-3.61922820604951073e-03 0.00000000000000000e+00
1.20343318762500227e-02 0.00000000000000000e+00
-1.96388141963014032e-03 0.00000000000000000e+00
-1.78401621987353076e-04 0.00000000000000000e+00
1.58341443307993927e-02 0.00000000000000000e+00
-7.71215646936686434e-03 0.00000000000000000e+00
1.27626618883097277e-02 0.00000000000000000e+00
8.93479395417134774e-03 0.00000000000000000e+00
-8.71912457620892256e-03 0.00000000000000000e+00
-2.61808910800214161e-03 0.00000000000000000e+00
3.37422044641850257e-04 0.00000000000000000e+00
-5.25438004365657522e-03 0.00000000000000000e+00
4.07334868683897292e-03 0.00000000000000000e+00
7.65222542689241499e-04 0.00000000000000000e+00
-5.06346805793143006e-04 0.00000000000000000e+00
6.71923903649205168e-03 0.00000000000000000e+00
-5.49003359148559234e-03 0.00000000000000000e+00
1.08970519333481258e-02 0.00000000000000000e+00
-1.66652820029126948e-03 0.00000000000000000e+00
-1.58045775116027023e-03 0.00000000000000000e+00
1.01500862035500180e-02 0.00000000000000000e+00
-1.07160820556807508e-03 0.00000000000000000e+00
5.63702532333866090e-03 0.00000000000000000e+00
6.79012428265705122e-03 0.00000000000000000e+00
-7.70916671018325762e-03 0.00000000000000000e+00
-2.83579468654692043e-03 0.00000000000000000e+00
-4.03079100749664885e-04 0.00000000000000000e+00
-2.32396650651554414e-03 0.00000000000000000e+00
3.42206053729563180e-03 0.00000000000000000e+00
-1.87086067111776858e-03 0.00000000000000000e+00
1.74725585733799299e-03 0.00000000000000000e+00
-5.99156884631868100e-03 0.00000000000000000e+00
7.18755654538382176e-03 0.00000000000000000e+00
1.26548667444120414e-02 0.00000000000000000e+00
-1.49756118848049609e-03 0.00000000000000000e+00
2.49008129277061493e-03 0.00000000000000000e+00
1.82785979286257776e-02 0.00000000000000000e+00
-1.40395040903876084e-02 0.00000000000000000e+00
1.88026088918222048e-02 0.00000000000000000e+00
2.41011753358214226e-03 0.00000000000000000e+00
-2.36571193179650405e-03 0.00000000000000000e+00
-1.25823404453311860e-02 0.00000000000000000e+00
3.66400973680004695e-03 0.00000000000000000e+00
-6.05847678328317891e-03 0.00000000000000000e+00
-2.65173302623010389e-03 0.00000000000000000e+00
8.23863292602232920e-03 0.00000000000000000e+00
-8.65410179809931665e-03 0.00000000000000000e+00
7.18265493729622426e-03 0.00000000000000000e+00
-7.52957005774233627e-03 0.00000000000000000e+00
-2.28407709266603785e-03 0.00000000000000000e+00
3.43607400817581279e-05 0.00000000000000000e+00
-4.36688640692711391e-03 0.00000000000000000e+00
-3.44467969526713203e-03 0.00000000000000000e+00
8.07362870481358533e-03 0.00000000000000000e+00
-8.23666457779968428e-03 0.00000000000000000e+00
1.68057416395729414e-04 0.00000000000000000e+00
-1.44843157469030448e-03 0.00000000000000000e+00
1.11338405473040795e-02 0.00000000000000000e+00
-4.54446792013458740e-03 0.00000000000000000e+00
3.65012982742497945e-03 0.00000000000000000e+00
9.51919985274676805e-03 0.00000000000000000e+00
-1.20824083896517061e-02 0.00000000000000000e+00
1.30330515655085449e-02 0.00000000000000000e+00
6.53546434172972389e-03 0.00000000000000000e+00
-7.12011077851316607e-03 0.00000000000000000e+00
-3.93490184690829716e-03 0.00000000000000000e+00
1.81740612852814400e-04 0.00000000000000000e+00
-1.71864080368104165e-03 0.00000000000000000e+00
-5.95902008499371583e-03 0.00000000000000000e+00
6.28373198748783703e-03 0.00000000000000000e+00
-7.52502270221383322e-03 0.00000000000000000e+00
2.88636730839264164e-03 0.00000000000000000e+00
-2.59455537357186758e-03 0.00000000000000000e+00
8.39839640837238520e-03 0.00000000000000000e+00
-2.48748833457479793e-03 0.00000000000000000e+00
1.69757923368461989e-03 0.00000000000000000e+00
3.83208001449261140e-03 0.00000000000000000e+00
-5.36909299770060768e-03 0.00000000000000000e+00
5.84160637004524277e-03 0.00000000000000000e+00
3.60946651513443628e-04 0.00000000000000000e+00
-3.70125864613579311e-03 0.00000000000000000e+00
-2.41133470918446433e-02 0.00000000000000000e+00
2.94511310480849355e-03 0.00000000000000000e+00
-5.09953007419859227e-03 0.00000000000000000e+00
-2.11490172331611909e-02 0.00000000000000000e+00
1.32144630453725313e-02 0.00000000000000000e+00
-2.16263986641145496e-02 0.00000000000000000e+00
-1.08195254827163113e-02 0.00000000000000000e+00
1.07364448637857733e-02 0.00000000000000000e+00
2.87599972173876554e-02 0.00000000000000000e+00
-8.16864606437213078e-03 0.00000000000000000e+00
9.58848111979770587e-03 0.00000000000000000e+00
1.42958487865067260e-02 0.00000000000000000e+00
-1.97569563274565471e-02 0.00000000000000000e+00
2.23442975550932031e-02 0.00000000000000000e+00
4.32508079225523215e-03 0.00000000000000000e+00
-5.75152654206663710e-03 0.00000000000000000e+00
-1.94571304495021503e-02 0.00000000000000000e+00
2.68303522435432967e-03 0.00000000000000000e+00
-2.96207765556561094e-03 0.00000000000000000e+00
-2.91906821197959535e-02 0.00000000000000000e+00
2.10133480706682779e-02 0.00000000000000000e+00
-2.86594199107755958e-02 0.00000000000000000e+00
-8.38238158367734208e-03 0.00000000000000000e+00
7.66571997104998921e-03 0.00000000000000000e+00
1.34440864097951640e-02 0.00000000000000000e+00
-4.07173274758820727e-03 0.00000000000000000e+00
1.01867212815601599e-02 0.00000000000000000e+00
-6.83895332854069757e-05 0.00000000000000000e+00
-9.62004838970816761e-03 0.00000000000000000e+00
9.67902843514449954e-03 0.00000000000000000e+00
-4.03470534836646369e-03 0.00000000000000000e+00
3.37831996780282038e-04 0.00000000000000000e+00
-2.85564091809239855e-02 0.00000000000000000e+00
3.79253127037762743e-03 0.00000000000000000e+00
-5.83591602311524411e-03 0.00000000000000000e+00
-2.49485363514984175e-02 0.00000000000000000e+00
1.47920271512471009e-02 0.00000000000000000e+00
-2.49102601400595439e-02 0.00000000000000000e+00
-1.74751522078907574e-02 0.00000000000000000e+00
1.66051962031123802e-02 0.00000000000000000e+00
3.03866061216214074e-02 0.00000000000000000e+00
-8.91534254044777479e-03 0.00000000000000000e+00
1.23534954044900724e-02 0.00000000000000000e+00
1.52093614975224410e-02 0.00000000000000000e+00
-2.24604174772056048e-02 0.00000000000000000e+00
2.52751369989414748e-02 0.00000000000000000e+00
-8.47223804428167554e-03 0.00000000000000000e+00
8.06194978225354894e-03 0.00000000000000000e+00
-1.32815668143325995e-02 0.00000000000000000e+00
2.51903950108780085e-03 0.00000000000000000e+00
1.32330888399286115e-03 0.00000000000000000e+00
-2.00798760570357372e-02 0.00000000000000000e+00
9.20013157508553329e-03 0.00000000000000000e+00
-1.51921744264460947e-02 0.00000000000000000e+00
-1.33829355265172676e-02 0.00000000000000000e+00
1.26563955370037409e-02 0.00000000000000000e+00
-3.68283844860594050e-03 0.00000000000000000e+00
1.47148296460496045e-03 0.00000000000000000e+00
6.62201398691139240e-03 0.00000000000000000e+00
-1.00305756995936746e-02 0.00000000000000000e+00
3.18696091188314361e-03 0.00000000000000000e+00
-4.28321826688033216e-03 0.00000000000000000e+00
5.63497842342332213e-04 0.00000000000000000e+00
-3.01602543494807634e-04 0.00000000000000000e+00
1.77310921620732866e-03 0.00000000000000000e+00
-2.25881227013415134e-04 0.00000000000000000e+00
-6.56927134335438844e-05 0.00000000000000000e+00
1.35111062394829601e-03 0.00000000000000000e+00
-1.85364860556420322e-04 0.00000000000000000e+00
8.66687776090662105e-04 0.00000000000000000e+00
6.61550346605473496e-04 0.00000000000000000e+00
-8.52628621177444032e-04 0.00000000000000000e+00
-1.37702816245329363e-03 0.00000000000000000e+00
2.11093533848089032e-04 0.00000000000000000e+00
-3.15759908763474015e-04 0.00000000000000000e+00
-2.32186251661101005e-04 0.00000000000000000e+00
3.29040057102248339e-04 0.00000000000000000e+00
-4.58045537263532785e-04 0.00000000000000000e+00
3.16609548701789287e-03 0.00000000000000000e+00
-3.18783798061646976e-03 0.00000000000000000e+00
2.03087050892700009e-03 0.00000000000000000e+00
-5.05164129451358165e-04 0.00000000000000000e+00
-3.20632155748081481e-04 0.00000000000000000e+00
2.82663885431815249e-03 0.00000000000000000e+00
-8.23980580893432946e-04 0.00000000000000000e+00
1.79312881055512276e-03 0.00000000000000000e+00
3.84707778851067468e-03 0.00000000000000000e+00
-3.47242728340387777e-03 0.00000000000000000e+00
1.95867981179104200e-03 0.00000000000000000e+00
-5.39404884653116876e-04 0.00000000000000000e+00
-1.31356418150668395e-03 0.00000000000000000e+00
2.14393680842471686e-03 0.00000000000000000e+00
-9.08859617244846632e-04 0.00000000000000000e+00
1.15240154117908131e-03 0.00000000000000000e+00
-5.10944636389526179e-05 0.00000000000000000e+00
1.05814326155472639e-04 0.00000000000000000e+00
2.80596308021854369e-04 0.00000000000000000e+00
-2.58940405392924190e-05 0.00000000000000000e+00
7.50848599786196219e-05 0.00000000000000000e+00
1.41608946025814940e-04 0.00000000000000000e+00
-8.06830656232846653e-05 0.00000000000000000e+00
1.68090097716640767e-04 0.00000000000000000e+00
4.60939712837003400e-05 0.00000000000000000e+00
-6.37779879586544029e-05 0.00000000000000000e+00
-4.89935791400296036e-04 0.00000000000000000e+00
1.32514291452667121e-04 0.00000000000000000e+00
-7.38040222392329976e-05 0.00000000000000000e+00
-3.03102402165688527e-04 0.00000000000000000e+00
3.06517248041297049e-04 0.00000000000000000e+00
-3.59637888594787540e-04 0.00000000000000000e+00
1.31936711892017742e-03 0.00000000000000000e+00
-1.40064933545318423e-03 0.00000000000000000e+00
1.97355288102747222e-04 0.00000000000000000e+00
-1.23899089011838496e-04 0.00000000000000000e+00
-2.59773588260704235e-04 0.00000000000000000e+00
4.76930173701030043e-04 0.00000000000000000e+00
1.19182831509117256e-04 0.00000000000000000e+00
4.71341626312899180e-05 0.00000000000000000e+00
1.25278686353236810e-03 0.00000000000000000e+00
-1.11773030310922624e-03 0.00000000000000000e+00
1.44130022092399217e-03 0.00000000000000000e+00
-4.09957419166809300e-04 0.00000000000000000e+00
-2.46104820365684049e-04 0.00000000000000000e+00
1.13653496630191590e-03 0.00000000000000000e+00
-8.37984420444058426e-04 0.00000000000000000e+00
9.84894965464685242e-04 0.00000000000000000e+00
4.18258016884794363e-04 0.00000000000000000e+00
-7.97447718054709181e-04 0.00000000000000000e+00
-2.49587415254607032e-03 0.00000000000000000e+00
2.76609138739777188e-04 0.00000000000000000e+00
-6.52690076272454214e-04 0.00000000000000000e+00
-2.06256688979577227e-03 0.00000000000000000e+00
1.44387519424251797e-03 0.00000000000000000e+00
-2.27798704360840506e-03 0.00000000000000000e+00
-8.25333563940753722e-04 0.00000000000000000e+00
8.38460048187863170e-04 0.00000000000000000e+00
3.53496146318631275e-03 0.00000000000000000e+00
-1.01851362652157548e-03 0.00000000000000000e+00
9.69407566857812789e-04 0.00000000000000000e+00
1.94410825796752511e-03 0.00000000000000000e+00
-2.44093005470231040e-03 0.00000000000000000e+00
2.76941809274655702e-03 0.00000000000000000e+00
-7.97710032512527370e-04 0.00000000000000000e+00
6.45669823427259945e-04 0.00000000000000000e+00
-3.19105681858375227e-03 0.00000000000000000e+00
5.39377346305173295e-04 0.00000000000000000e+00
-2.64884920584429007e-04 0.00000000000000000e+00
-4.75709987734541234e-03 0.00000000000000000e+00
2.98246457277024073e-03 0.00000000000000000e+00
-4.30636252774756634e-03 0.00000000000000000e+00
-2.70904599784509061e-03 0.00000000000000000e+00
2.42893011913714735e-03 0.00000000000000000e+00
7.87964267519133087e-04 0.00000000000000000e+00
-2.87186925946707639e-04 0.00000000000000000e+00
1.84399517729743885e-03 0.00000000000000000e+00
-8.80212298090376935e-04 0.00000000000000000e+00
-8.67336254183341386e-04 0.00000000000000000e+00
7.68540632743968722e-04 0.00000000000000000e+00
-2.64283283131953699e-03 0.00000000000000000e+00
2.18097258801392248e-03 0.00000000000000000e+00
-3.76056098646695026e-03 0.00000000000000000e+00
5.77665028919337946e-04 0.00000000000000000e+00
4.05308776243631496e-04 0.00000000000000000e+00
-2.99383659831390031e-03 0.00000000000000000e+00
2.59139207945190771e-05 0.00000000000000000e+00
-1.55819376530906832e-03 0.00000000000000000e+00
-2.67799254105743770e-03 0.00000000000000000e+00
2.93181884335819241e-03 0.00000000000000000e+00
1.36018545644916414e-03 0.00000000000000000e+00
-1.58407524391354372e-05 0.00000000000000000e+00
8.41600124653012270e-04 0.00000000000000000e+00
-5.76518625659351081e-04 0.00000000000000000e+00
1.66309502486947243e-04 0.00000000000000000e+00
-3.15121016233696171e-05 0.00000000000000000e+00
-1.73874318208862093e-03 0.00000000000000000e+00
1.58124647742728945e-03 0.00000000000000000e+00
-3.25852454553586567e-03 0.00000000000000000e+00
5.81136449606186592e-04 0.00000000000000000e+00
2.08108209337423678e-04 0.00000000000000000e+00
-4.60939457170310690e-03 0.00000000000000000e+00
2.13816128796840864e-03 0.00000000000000000e+00
-3.56273498459858855e-03 0.00000000000000000e+00
-2.92759575423811973e-03 0.00000000000000000e+00
2.80273358097925729e-03 0.00000000000000000e+00
-2.00485239180218981e-04 0.00000000000000000e+00
1.65845067980645359e-04 0.00000000000000000e+00
1.52861916202239956e-03 0.00000000000000000e+00
-1.85531947483033328e-03 0.00000000000000000e+00
3.53270769788126401e-04 0.00000000000000000e+00
-5.31639635188627916e-04 0.00000000000000000e+00
1.00381907840059914e-03 0.00000000000000000e+00
-8.68334826857226254e-04 0.00000000000000000e+00
1.50411005207638283e-03 0.00000000000000000e+00
-2.48326365103411690e-04 0.00000000000000000e+00
-1.96161211327199183e-04 0.00000000000000000e+00
1.61235412549953208e-03 0.00000000000000000e+00
-3.62284831527201522e-04 0.00000000000000000e+00
1.00594512626333340e-03 0.00000000000000000e+00
1.16309997967723594e-03 0.00000000000000000e+00
-1.22167156253302311e-03 0.00000000000000000e+00
-1.49007778422984970e-04 0.00000000000000000e+00
-8.67647615173248912e-05 0.00000000000000000e+00
-4.49892822487199192e-04 0.00000000000000000e+00
6.43923600021303281e-04 0.00000000000000000e+00
-2.73505279776049609e-04 0.00000000000000000e+00
2.94088361312274988e-04 0.00000000000000000e+00
-4.11732493306259887e-03 0.00000000000000000e+00
4.47127058909268637e-03 0.00000000000000000e+00
2.13695474577412729e-03 0.00000000000000000e+00
-5.77592468178124858e-05 0.00000000000000000e+00
9.80078707440847552e-04 0.00000000000000000e+00
3.22463207047703421e-03 0.00000000000000000e+00
-3.52099513210414475e-03 0.00000000000000000e+00
4.17271491232714536e-03 0.00000000000000000e+00
-2.13985319526175484e-03 0.00000000000000000e+00
1.89267010694338356e-03 0.00000000000000000e+00
-5.08006089212213741e-03 0.00000000000000000e+00
1.47038044881077704e-03 0.00000000000000000e+00
-8.08270768378590394e-04 0.00000000000000000e+00
-2.36206222646828711e-03 0.00000000000000000e+00
3.09708165574377027e-03 0.00000000000000000e+00
-3.39327878097733663e-03 0.00000000000000000e+00
2.97306088987404817e-03 0.00000000000000000e+00
-2.99117318931163252e-03 0.00000000000000000e+00
1.85901479289537428e-04 0.00000000000000000e+00
-1.39432595381123027e-04 0.00000000000000000e+00
-1.49604000367103756e-03 0.00000000000000000e+00
-2.37865661371742691e-04 0.00000000000000000e+00
2.45521225861668885e-03 0.00000000000000000e+00
-2.12391472473342103e-03 0.00000000000000000e+00
8.07889324374261287e-04 0.00000000000000000e+00
-1.24859618825571986e-03 0.00000000000000000e+00
3.38539435556238456e-03 0.00000000000000000e+00
-1.47837757328236029e-03 0.00000000000000000e+00
9.00673781607767279e-04 0.00000000000000000e+00
3.31541654272959245e-03 0.00000000000000000e+00
-3.95014095521740733e-03 0.00000000000000000e+00
4.24650389791676915e-03 0.00000000000000000e+00
9.82383570534801128e-04 0.00000000000000000e+00
-9.98556031725215173e-04 0.00000000000000000e+00
-1.26932414375534330e-04 0.00000000000000000e+00
-2.39951838884178560e-05 0.00000000000000000e+00
-2.58630718585141513e-04 0.00000000000000000e+00
-5.01100679951070258e-04 0.00000000000000000e+00
8.21557006098008486e-04 0.00000000000000000e+00
-8.33182407451417677e-04 0.00000000000000000e+00
4.88122931408647162e-04 0.00000000000000000e+00
-5.06561522302964107e-04 0.00000000000000000e+00
8.05731836625014561e-04 0.00000000000000000e+00
-2.92640159699063154e-04 0.00000000000000000e+00
1.79612194750123039e-04 0.00000000000000000e+00
4.72556746705033424e-04 0.00000000000000000e+00
-6.76312535236301337e-04 0.00000000000000000e+00
7.09631618402861860e-04 0.00000000000000000e+00
-6.22530561371496317e-04 0.00000000000000000e+00
1.68144279101239361e-04 0.00000000000000000e+00
-3.55156899952525614e-03 0.00000000000000000e+00
4.73144167995780368e-04 0.00000000000000000e+00
-4.62401252536869705e-04 0.00000000000000000e+00
-3.20614958892120492e-03 0.00000000000000000e+00
1.60681862233181942e-03 0.00000000000000000e+00
-2.91068874486735685e-03 0.00000000000000000e+00
-1.94350462936422608e-03 0.00000000000000000e+00
1.95992662498297972e-03 0.00000000000000000e+00
3.30402114986313696e-03 0.00000000000000000e+00
-8.67536175054313299e-04 0.00000000000000000e+00
1.32791743397598174e-03 0.00000000000000000e+00
1.27637999581336320e-03 0.00000000000000000e+00
-2.07614247645582792e-03 0.00000000000000000e+00
2.36276271669971089e-03 0.00000000000000000e+00
9.56526865274084774e-04 0.00000000000000000e+00
-1.09100568055904503e-03 0.00000000000000000e+00
-1.20181762789738859e-03 0.00000000000000000e+00
1.15426837178339174e-04 0.00000000000000000e+00
-2.38578789086165772e-04 0.00000000000000000e+00
-1.77192072149409620e-03 0.00000000000000000e+00
1.41416988221971813e-03 0.00000000000000000e+00
-1.85740589629337862e-03 0.00000000000000000e+00
1.86847737772976658e-04 0.00000000000000000e+00
-1.19558049905351820e-04 0.00000000000000000e+00
1.47482612629787715e-03 0.00000000000000000e+00
-3.98425154346811097e-04 0.00000000000000000e+00
4.83138078553451051e-04 0.00000000000000000e+00
3.50234037962333087e-04 0.00000000000000000e+00
-8.17524271445490788e-04 0.00000000000000000e+00
8.71782284053029236e-04 0.00000000000000000e+00
3.00314922942777939e-03 0.00000000000000000e+00
-3.35291804912656250e-03 0.00000000000000000e+00
-2.34954440109965074e-03 0.00000000000000000e+00
1.85518730555812508e-04 0.00000000000000000e+00
-2.31801155041008299e-03 0.00000000000000000e+00
-2.47425111119148420e-03 0.00000000000000000e+00
4.19711106501206854e-03 0.00000000000000000e+00
-4.71353885977065287e-03 0.00000000000000000e+00
-7.97723426378234768e-04 0.00000000000000000e+00
1.61756044101450073e-04 0.00000000000000000e+00
6.69289359560300799e-03 0.00000000000000000e+00
-2.55721974336436996e-03 0.00000000000000000e+00
2.22369160275502284e-03 0.00000000000000000e+00
5.33038790502286287e-03 0.00000000000000000e+00
-6.75288558554479681e-03 0.00000000000000000e+00
7.36139907249483676e-03 0.00000000000000000e+00
-1.36119619330381741e-04 0.00000000000000000e+00
2.84618552272433885e-04 0.00000000000000000e+00
1.12463655759018327e-03 0.00000000000000000e+00
-1.31584978279313913e-04 0.00000000000000000e+00
1.28726028409094210e-04 0.00000000000000000e+00
1.14963531673662280e-03 0.00000000000000000e+00
-6.48290120369553885e-04 0.00000000000000000e+00
1.06399372556319617e-03 0.00000000000000000e+00
2.79154843517771898e-04 0.00000000000000000e+00
-3.39880863813532834e-04 0.00000000000000000e+00
-1.16173024892095972e-03 0.00000000000000000e+00
2.81670770968780386e-04 0.00000000000000000e+00
-3.61263219240118424e-04 0.00000000000000000e+00
-3.58637516066856162e-04 0.00000000000000000e+00
5.99889933079233930e-04 0.00000000000000000e+00
-6.84188526608232677e-04 0.00000000000000000e+00
1.99853024906658560e-03 0.00000000000000000e+00
-1.69545628913554593e-03 0.00000000000000000e+00
3.87904103142928383e-03 0.00000000000000000e+00
-6.46091432683811419e-04 0.00000000000000000e+00
3.59876373447040308e-05 0.00000000000000000e+00
4.54263529278806956e-03 0.00000000000000000e+00
-2.00984222167190996e-03 0.00000000000000000e+00
3.60564879681176276e-03 0.00000000000000000e+00
3.38326934515449131e-03 0.00000000000000000e+00
-3.23965271567029948e-03 0.00000000000000000e+00
-1.05415490996600063e-03 0.00000000000000000e+00
2.12617486473158158e-04 0.00000000000000000e+00
-1.73009666318565004e-03 0.00000000000000000e+00
8.15586608993927858e-04 0.00000000000000000e+00
6.22261888242720842e-04 0.00000000000000000e+00
-6.14117277461846971e-04 0.00000000000000000e+00
-1.65615780900514528e-02 0.00000000000000000e+00
1.76668944390652935e-02 0.00000000000000000e+00
3.99297747928110264e-03 0.00000000000000000e+00
4.54926627296018055e-04 0.00000000000000000e+00
3.36867633438705421e-03 0.00000000000000000e+00
6.37414179926128893e-03 0.00000000000000000e+00
-9.74941688991118847e-03 0.00000000000000000e+00
1.05362763564854946e-02 0.00000000000000000e+00
-1.13895700392257042e-02 0.00000000000000000e+00
1.01535107451454481e-02 0.00000000000000000e+00
-1.79123702349736728e-02 0.00000000000000000e+00
5.14059989895538239e-03 0.00000000000000000e+00
-8.13668919700819980e-04 0.00000000000000000e+00
-9.80956540272306769e-03 0.00000000000000000e+00
1.05182422561807352e-02 0.00000000000000000e+00
-1.17159583212147981e-02 0.00000000000000000e+00
6.62166527715513358e-03 0.00000000000000000e+00
-6.48422181492331554e-03 0.00000000000000000e+00
2.00236244542541545e-03 0.00000000000000000e+00
-5.28236493965641247e-04 0.00000000000000000e+00
-2.78521420396876792e-03 0.00000000000000000e+00
1.07450362450651257e-03 0.00000000000000000e+00
4.15174533879958830e-03 0.00000000000000000e+00
-2.87286274547893889e-03 0.00000000000000000e+00
2.97785201394225882e-03 0.00000000000000000e+00
-3.77575244418741152e-03 0.00000000000000000e+00
5.64619743204872963e-03 0.00000000000000000e+00
-2.63075158010157503e-03 0.00000000000000000e+00
1.05678712725517233e-03 0.00000000000000000e+00
6.24962567370144183e-03 0.00000000000000000e+00
-7.02395913999372470e-03 0.00000000000000000e+00
7.52013378316816576e-03 0.00000000000000000e+00
6.37334239471617158e-04 0.00000000000000000e+00
-6.04443151459372577e-04 0.00000000000000000e+00
-8.95749549719419879e-04 0.00000000000000000e+00
1.49641637152024066e-04 0.00000000000000000e+00
-3.45837263161452471e-04 0.00000000000000000e+00
-2.20665834430080815e-03 0.00000000000000000e+00
2.07266992584633847e-03 0.00000000000000000e+00
-2.44137469999797588e-03 0.00000000000000000e+00
-6.51382819301934610e-04 0.00000000000000000e+00
4.16933484856412588e-04 0.00000000000000000e+00
3.53534746473842070e-04 0.00000000000000000e+00
-2.58144907033259021e-04 0.00000000000000000e+00
9.14426462075532760e-04 0.00000000000000000e+00
-2.44181173069567845e-04 0.00000000000000000e+00
-7.56765616043663845e-04 0.00000000000000000e+00
6.64779553015292196e-04 0.00000000000000000e+00
-2.67855400473230752e-03 0.00000000000000000e+00
2.74316782906130130e-03 0.00000000000000000e+00
-7.43643763017888776e-04 0.00000000000000000e+00
2.54498490766326586e-04 0.00000000000000000e+00
1.01644202827041942e-03 0.00000000000000000e+00
-1.16262939938557744e-03 0.00000000000000000e+00
-8.35710443964844305e-04 0.00000000000000000e+00
3.04837684983463473e-04 0.00000000000000000e+00
-1.76089522403119784e-03 0.00000000000000000e+00
1.86123227821205321e-03 0.00000000000000000e+00
-2.99125617864020883e-03 0.00000000000000000e+00
1.12931181007788696e-03 0.00000000000000000e+00
-7.85548763104750513e-06 0.00000000000000000e+00
-3.03558165118816533e-03 0.00000000000000000e+00
2.81641075623889018e-03 0.00000000000000000e+00
-3.14214758047384225e-03 0.00000000000000000e+00
4.30565827405832852e-03 0.00000000000000000e+00
-4.32502589955674130e-03 0.00000000000000000e+00
3.88268470688425769e-03 0.00000000000000000e+00
-8.86849985763780600e-04 0.00000000000000000e+00
-1.26601808325286293e-04 0.00000000000000000e+00
5.87628694353067079e-03 0.00000000000000000e+00
-2.79508356219806400e-03 0.00000000000000000e+00
4.56552634063087364e-03 0.00000000000000000e+00
6.38921324843430994e-03 0.00000000000000000e+00
-5.63472967077094378e-03 0.00000000000000000e+00
2.28579311273976711e-03 0.00000000000000000e+00
-4.89520978275130624e-04 0.00000000000000000e+00
-2.73195193467806914e-03 0.00000000000000000e+00
3.05893053607213293e-03 0.00000000000000000e+00
-4.62669524174012651e-04 0.00000000000000000e+00
8.43852963670473251e-04 0.00000000000000000e+00
8.52532916040739212e-03 0.00000000000000000e+00
-7.95538962909005803e-03 0.00000000000000000e+00
5.18154540331522157e-03 0.00000000000000000e+00
-9.79784320872697156e-04 0.00000000000000000e+00
-3.30338571600477093e-03 0.00000000000000000e+00
3.53041258098265752e-03 0.00000000000000000e+00
4.37131838383598894e-03 0.00000000000000000e+00
-1.78852453379371615e-03 0.00000000000000000e+00
4.55347728103056883e-03 0.00000000000000000e+00
-5.75981967054238920e-03 0.00000000000000000e+00
4.34391343574699884e-03 0.00000000000000000e+00
-2.69454391412319054e-03 0.00000000000000000e+00
6.57015363032803089e-04 0.00000000000000000e+00
6.88610340752306149e-03 0.00000000000000000e+00
-7.55534244715022445e-03 0.00000000000000000e+00
7.93357396580531872e-03 0.00000000000000000e+00
2.90871804945939125e-03 0.00000000000000000e+00
-2.31314014961184070e-03 0.00000000000000000e+00
9.03883543637512381e-03 0.00000000000000000e+00
-1.46808006973866956e-03 0.00000000000000000e+00
-8.67760658010122599e-05 0.00000000000000000e+00
1.23064526880085241e-02 0.00000000000000000e+00
-6.28555392798754980e-03 0.00000000000000000e+00
1.00871555877795425e-02 0.00000000000000000e+00
6.50138168446050529e-03 0.00000000000000000e+00
-6.32256624095770513e-03 0.00000000000000000e+00
-1.96485365596378494e-03 0.00000000000000000e+00
2.78325567995049109e-04 0.00000000000000000e+00
-4.03991640084949005e-03 0.00000000000000000e+00
3.19867499125872038e-03 0.00000000000000000e+00
6.14403648470356859e-04 0.00000000000000000e+00
-3.78459148080104971e-04 0.00000000000000000e+00
-1.04579072932409043e-04 0.00000000000000000e+00
2.00017668276986679e-04 0.00000000000000000e+00
3.31089361598451554e-04 0.00000000000000000e+00
-1.27040649420588266e-05 0.00000000000000000e+00
-3.38460634377013006e-05 0.00000000000000000e+00
1.20192134668483556e-05 0.00000000000000000e+00
1.90527683802733553e-04 0.00000000000000000e+00
-8.28472239150761794e-05 0.00000000000000000e+00
-2.66557298036403068e-04 0.00000000000000000e+00
1.30101267602301978e-04 0.00000000000000000e+00
-6.34572032737879270e-04 0.00000000000000000e+00
9.46478988584023047e-05 0.00000000000000000e+00
1.18763398376983977e-04 0.00000000000000000e+00
-2.84425256674645664e-04 0.00000000000000000e+00
1.00404792609042889e-04 0.00000000000000000e+00
-1.74161001510285727e-04 0.00000000000000000e+00
3.66125403987672222e-03 0.00000000000000000e+00
-3.73702036478877229e-03 0.00000000000000000e+00
1.75177553466095062e-03 0.00000000000000000e+00
-5.00109794724597862e-04 0.00000000000000000e+00
-3.99588796425668345e-04 0.00000000000000000e+00
2.46173980027802712e-03 0.00000000000000000e+00
-4.79794453172309595e-04 0.00000000000000000e+00
1.35993103478704411e-03 0.00000000000000000e+00
4.18410261213181256e-03 0.00000000000000000e+00
-3.74434694931351838e-03 0.00000000000000000e+00
2.59124249461166554e-03 0.00000000000000000e+00
-6.97412434817163297e-04 0.00000000000000000e+00
-1.27119942398573908e-03 0.00000000000000000e+00
2.39889282991070756e-03 0.00000000000000000e+00
-1.20150864970624497e-03 0.00000000000000000e+00
1.48386574681995832e-03 0.00000000000000000e+00
2.12989803441090194e-03 0.00000000000000000e+00
-2.03658915664174959e-03 0.00000000000000000e+00
8.10003892314825223e-04 0.00000000000000000e+00
-1.76431244239225556e-04 0.00000000000000000e+00
-9.83704912346017920e-04 0.00000000000000000e+00
3.49591639101966398e-04 0.00000000000000000e+00
1.52376401544135950e-03 0.00000000000000000e+00
-1.04754072558590691e-03 0.00000000000000000e+00
7.70037908820669112e-04 0.00000000000000000e+00
-1.12993874718333694e-03 0.00000000000000000e+00
1.61252650833080061e-03 0.00000000000000000e+00
-8.60925990683194349e-04 0.00000000000000000e+00
4.61779875301859691e-04 0.00000000000000000e+00
2.01291563163269937e-03 0.00000000000000000e+00
-2.39434638744380956e-03 0.00000000000000000e+00
2.53006648441981034e-03 0.00000000000000000e+00
1.68561224521671126e-03 0.00000000000000000e+00
-1.62368310286827651e-03 0.00000000000000000e+00
1.99792212163562091e-03 0.00000000000000000e+00
-3.97291843390978449e-04 0.00000000000000000e+00
-2.27583653130584616e-04 0.00000000000000000e+00
2.82535687322130365e-03 0.00000000000000000e+00
-1.11988962198912340e-03 0.00000000000000000e+00
2.02420996763994941e-03 0.00000000000000000e+00
2.33477246869594332e-03 0.00000000000000000e+00
-2.19511250033410481e-03 0.00000000000000000e+00
7.26344176174205727e-04 0.00000000000000000e+00
-2.67414915139015455e-04 0.00000000000000000e+00
-1.00328083722903789e-03 0.00000000000000000e+00
1.52208226452176854e-03 0.00000000000000000e+00
-5.35910192640959727e-04 0.00000000000000000e+00
6.93164328873977767e-04 0.00000000000000000e+00
4.07451444136203549e-05 0.00000000000000000e+00
-5.59038281368345489e-04 0.00000000000000000e+00
-3.55404868069041568e-03 0.00000000000000000e+00
4.22677596690526083e-04 0.00000000000000000e+00
-7.06376849487044822e-04 0.00000000000000000e+00
-2.93567278030140493e-03 0.00000000000000000e+00
1.72292448671792836e-03 0.00000000000000000e+00
-2.95702811102474799e-03 0.00000000000000000e+00
-1.44699159714691884e-03 0.00000000000000000e+00
1.49414606728823988e-03 0.00000000000000000e+00
4.35696325816697927e-03 0.00000000000000000e+00
-1.19925116554766989e-03 0.00000000000000000e+00
1.29596423728136831e-03 0.00000000000000000e+00
2.18075990480597840e-03 0.00000000000000000e+00
-2.84972095389074117e-03 0.00000000000000000e+00
3.25537832616814389e-03 0.00000000000000000e+00
-2.38494940692677519e-03 0.00000000000000000e+00
2.37625153724364954e-03 0.00000000000000000e+00
-2.03464382712061163e-03 0.00000000000000000e+00
4.59125592189031759e-04 0.00000000000000000e+00
2.17561917252925808e-04 0.00000000000000000e+00
-2.94652849008136255e-03 0.00000000000000000e+00
1.14635340272857740e-03 0.00000000000000000e+00
-2.08869121626963864e-03 0.00000000000000000e+00
-3.18786713878584484e-03 0.00000000000000000e+00
2.88680384949822249e-03 0.00000000000000000e+00
-1.33043676019823742e-03 0.00000000000000000e+00
3.68321268187240657e-04 0.00000000000000000e+00
1.25217680982187972e-03 0.00000000000000000e+00
-1.80328460581831635e-03 0.00000000000000000e+00
5.99453959187008800e-04 0.00000000000000000e+00
-8.05696890482349051e-04 0.00000000000000000e+00
2.21003133997436799e-03 0.00000000000000000e+00
-2.65982594920571467e-03 0.00000000000000000e+00
-3.12879664064424174e-03 0.00000000000000000e+00
3.10166454112769535e-04 0.00000000000000000e+00
-2.05044641050146186e-03 0.00000000000000000e+00
-3.02802353776478227e-03 0.00000000000000000e+00
3.89219317942862686e-03 0.00000000000000000e+00
-4.75345518391288250e-03 0.00000000000000000e+00
-1.30555097606712398e-03 0.00000000000000000e+00
8.01066409037956518e-04 0.00000000000000000e+00
6.64974062251969845e-03 0.00000000000000000e+00
-2.39495413022399470e-03 0.00000000000000000e+00
2.24310256767170941e-03 0.00000000000000000e+00
4.85350022898575068e-03 0.00000000000000000e+00
-6.24493528033185676e-03 0.00000000000000000e+00
6.85258219086715310e-03 0.00000000000000000e+00
-8.89683981553835877e-04 0.00000000000000000e+00
9.55665133299253978e-04 0.00000000000000000e+00
-6.10087957254549216e-04 0.00000000000000000e+00
1.72053184671021612e-04 0.00000000000000000e+00
1.68853239763035683e-04 0.00000000000000000e+00
-1.36596912317040213e-03 0.00000000000000000e+00
6.51295577753450310e-04 0.00000000000000000e+00
-9.83940736805039712e-04 0.00000000000000000e+00
-1.22787709857162812e-03 0.00000000000000000e+00
1.07963091772870839e-03 0.00000000000000000e+00
-1.11588064327696195e-03 0.00000000000000000e+00
3.01720973032261377e-04 0.00000000000000000e+00
5.04799350434448064e-04 0.00000000000000000e+00
-1.21591140948780875e-03 0.00000000000000000e+00
6.09297695578582326e-04 0.00000000000000000e+00
-7.79472905507274543e-04 0.00000000000000000e+00
-1.33021380414550215e-03 0.00000000000000000e+00
3.01119119880930623e-04 0.00000000000000000e+00
-6.71324109553021742e-03 0.00000000000000000e+00
8.15003717675481993e-04 0.00000000000000000e+00
-2.45952679100523719e-04 0.00000000000000000e+00
-4.99074330503071917e-03 0.00000000000000000e+00
1.27117433867123051e-03 0.00000000000000000e+00
-3.75241884725757051e-03 0.00000000000000000e+00
-2.32066907814304155e-03 0.00000000000000000e+00
2.91624570773770094e-03 0.00000000000000000e+00
6.49676942655129722e-03 0.00000000000000000e+00
-1.31915278752210382e-03 0.00000000000000000e+00
1.45232269238941471e-03 0.00000000000000000e+00
2.15749846829355659e-03 0.00000000000000000e+00
-2.62794967102158690e-03 0.00000000000000000e+00
3.25438426830933518e-03 0.00000000000000000e+00
-1.38551198228378733e-02 0.00000000000000000e+00
1.41765420563111973e-02 0.00000000000000000e+00
-5.52562299132738910e-03 0.00000000000000000e+00
1.70556579176947575e-03 0.00000000000000000e+00
1.84228609964795162e-03 0.00000000000000000e+00
-7.51422826641120773e-03 0.00000000000000000e+00
3.23344721494844757e-04 0.00000000000000000e+00
-3.22466656050387698e-03 0.00000000000000000e+00
-1.47525357950119666e-02 0.00000000000000000e+00
1.33093739064790700e-02 0.00000000000000000e+00
-1.03978663526399246e-02 0.00000000000000000e+00
2.93468404194073811e-03 0.00000000000000000e+00
3.93132830600935717e-03 0.00000000000000000e+00
-9.16050992024529907e-03 0.00000000000000000e+00
5.43371518251613631e-03 0.00000000000000000e+00
-6.49141517060772191e-03 0.00000000000000000e+00
5.29495921464755853e-03 0.00000000000000000e+00
-5.63780458487176360e-03 0.00000000000000000e+00
-1.62715422428847409e-03 0.00000000000000000e+00
-2.16359065600264078e-05 0.00000000000000000e+00
-3.18945542331032896e-03 0.00000000000000000e+00
-1.77809362094763414e-03 0.00000000000000000e+00
5.23662495114613803e-03 0.00000000000000000e+00
-5.29164741329440393e-03 0.00000000000000000e+00
5.31566043945770768e-04 0.00000000000000000e+00
-1.33389854592799273e-03 0.00000000000000000e+00
8.81029989211880825e-03 0.00000000000000000e+00
-3.44362806431239288e-03 0.00000000000000000e+00
2.36610288020521961e-03 0.00000000000000000e+00
7.58218470746676622e-03 0.00000000000000000e+00
-9.02969707095118736e-03 0.00000000000000000e+00
9.84589598056795877e-03 0.00000000000000000e+00
-3.15710450731072857e-03 0.00000000000000000e+00
3.52071765207823866e-03 0.00000000000000000e+00
4.18811534300352604e-04 0.00000000000000000e+00
2.10752710655820002e-04 0.00000000000000000e+00
6.44423954329093811e-04 0.00000000000000000e+00
-6.35077019587922055e-04 0.00000000000000000e+00
-3.14298011604989178e-04 0.00000000000000000e+00
2.32559894731027244e-04 0.00000000000000000e+00
-2.98105253237947350e-03 0.00000000000000000e+00
2.50738198783526838e-03 0.00000000000000000e+00
-4.59237613730331846e-03 0.00000000000000000e+00
1.19962140233223990e-03 0.00000000000000000e+00
5.18527543234855175e-04 0.00000000000000000e+00
-3.18354685149234776e-03 0.00000000000000000e+00
2.39191879494362984e-03 0.00000000000000000e+00
-2.86277598460495455e-03 0.00000000000000000e+00
-2.00260477514851640e-03 0.00000000000000000e+00
2.28207105287960401e-03 0.00000000000000000e+00
9.83097377735769580e-04 0.00000000000000000e+00
1.35646746843060863e-05 0.00000000000000000e+00
8.83236951055016884e-04 0.00000000000000000e+00
4.27800878517801194e-04 0.00000000000000000e+00
-1.17466870228571094e-03 0.00000000000000000e+00
1.33865476928366899e-03 0.00000000000000000e+00
-9.46608391506877306e-04 0.00000000000000000e+00
8.92863415619853454e-04 0.00000000000000000e+00
-3.89196035417297206e-03 0.00000000000000000e+00
1.21429771607823992e-03 0.00000000000000000e+00
-3.85738268228410564e-04 0.00000000000000000e+00
-2.85009310678784522e-03 0.00000000000000000e+00
2.86483309669248931e-03 0.00000000000000000e+00
-3.25107584211428279e-03 0.00000000000000000e+00
2.37824284585124238e-03 0.00000000000000000e+00
-1.99816371702012151e-03 0.00000000000000000e+00
8.60177464524052200e-03 0.00000000000000000e+00
-1.48014553754642316e-03 0.00000000000000000e+00
8.40411932458628433e-04 0.00000000000000000e+00
1.28711847699346897e-02 0.00000000000000000e+00
-8.20795222621380736e-03 0.00000000000000000e+00
1.17700488701189040e-02 0.00000000000000000e+00
7.78343806593552109e-03 0.00000000000000000e+00
-6.89229682931231328e-03 0.00000000000000000e+00
-2.02532778892486505e-03 0.00000000000000000e+00
8.30974336042748373e-04 0.00000000000000000e+00
-5.18978352024813527e-03 0.00000000000000000e+00
2.25885452842895795e-03 0.00000000000000000e+00
2.62030481050799921e-03 0.00000000000000000e+00
-2.35239853639629794e-03 0.00000000000000000e+00
1.67522998345351094e-02 0.00000000000000000e+00
-1.60678518052685612e-02 0.00000000000000000e+00
6.87382796804155826e-03 0.00000000000000000e+00
-1.50777277624661852e-03 0.00000000000000000e+00
-7.27035204543601075e-03 0.00000000000000000e+00
3.92226301697532701e-03 0.00000000000000000e+00
1.05974495264258024e-02 0.00000000000000000e+00
-6.67504915520605521e-03 0.00000000000000000e+00
7.22496490217533916e-03 0.00000000000000000e+00
-9.68871381213724618e-03 0.00000000000000000e+00
1.24171491034615559e-02 0.00000000000000000e+00
-6.45108036835689586e-03 0.00000000000000000e+00
2.75129679842184543e-03 0.00000000000000000e+00
1.55226524900341969e-02 0.00000000000000000e+00
-1.77218294017141460e-02 0.00000000000000000e+00
1.88092318971834170e-02 0.00000000000000000e+00
5.71001990995589209e-03 0.00000000000000000e+00
-4.88413814723774337e-03 0.00000000000000000e+00
1.27816529451483512e-02 0.00000000000000000e+00
-2.14781328864482911e-03 0.00000000000000000e+00
-5.08635617946921509e-04 0.00000000000000000e+00
1.69114718040936918e-02 0.00000000000000000e+00
-7.78712902208866364e-03 0.00000000000000000e+00
1.32269815199589115e-02 0.00000000000000000e+00
1.01393986216537328e-02 0.00000000000000000e+00
-9.89498726760715611e-03 0.00000000000000000e+00
-1.56366248240196923e-03 0.00000000000000000e+00
-4.56988749050635397e-05 0.00000000000000000e+00
-5.55063107891025972e-03 0.00000000000000000e+00
5.31408280787468764e-03 0.00000000000000000e+00
-1.30069063068493344e-04 0.00000000000000000e+00
5.21654514513715029e-04 0.00000000000000000e+00
1.59238999247130809e-03 0.00000000000000000e+00
-7.33468325817738056e-04 0.00000000000000000e+00
6.35532323101428188e-03 0.00000000000000000e+00
-8.33642006325471395e-04 0.00000000000000000e+00
1.78694946397568163e-04 0.00000000000000000e+00
5.46079423974711424e-03 0.00000000000000000e+00
-1.78595877797952393e-03 0.00000000000000000e+00
4.20131042000424556e-03 0.00000000000000000e+00
2.85215158070330254e-03 0.00000000000000000e+00
-3.24784680309980192e-03 0.00000000000000000e+00
-5.11484840478905467e-03 0.00000000000000000e+00
1.02914387686043728e-03 0.00000000000000000e+00
-1.70278689250009637e-03 0.00000000000000000e+00
-1.18311894726411257e-03 0.00000000000000000e+00
2.09447101032378836e-03 0.00000000000000000e+00
-2.53319746199090132e-03 0.00000000000000000e+00
9.47508437088033311e-04 0.00000000000000000e+00
-4.04798574577174247e-04 0.00000000000000000e+00
9.07554561188264608e-03 0.00000000000000000e+00
-1.43089961253149061e-03 0.00000000000000000e+00
9.56299844574482589e-04 0.00000000000000000e+00
1.32601144026777452e-02 0.00000000000000000e+00
-8.62295947234360816e-03 0.00000000000000000e+00
1.23065771375309614e-02 0.00000000000000000e+00
6.40289675683000485e-03 0.00000000000000000e+00
-5.79698794751563797e-03 0.00000000000000000e+00
-3.78007350825579477e-03 0.00000000000000000e+00
1.21038496077467911e-03 0.00000000000000000e+00
-4.98482093746254427e-03 0.00000000000000000e+00
1.46161331557170772e-03 0.00000000000000000e+00
3.20353429622526487e-03 0.00000000000000000e+00
-3.07036939808364665e-03 0.00000000000000000e+00
7.69874544419978015e-03 0.00000000000000000e+00
-7.18477431886074824e-03 0.00000000000000000e+00
4.49401379474109741e-03 0.00000000000000000e+00
-8.54403150981675728e-04 0.00000000000000000e+00
-2.90868142238103877e-03 0.00000000000000000e+00
2.78442625772285391e-03 0.00000000000000000e+00
4.13750702509936216e-03 0.00000000000000000e+00
-1.90116074092446245e-03 0.00000000000000000e+00
4.08605509230512785e-03 0.00000000000000000e+00
-5.14812271693922737e-03 0.00000000000000000e+00
3.78866648157253055e-03 0.00000000000000000e+00
-2.36431074399604457e-03 0.00000000000000000e+00
6.41403476628523892e-04 0.00000000000000000e+00
5.90490056589437935e-03 0.00000000000000000e+00
-6.61200886944692586e-03 0.00000000000000000e+00
6.91411380007654532e-03 0.00000000000000000e+00
5.40233357286043058e-03 0.00000000000000000e+00
-5.35346832788205149e-03 0.00000000000000000e+00
3.94167798093519959e-03 0.00000000000000000e+00
-8.98155802732914519e-04 0.00000000000000000e+00
-9.91238176633665565e-04 0.00000000000000000e+00
5.35054334512107248e-03 0.00000000000000000e+00
-1.11742352095400756e-03 0.00000000000000000e+00
3.01709310291491898e-03 0.00000000000000000e+00
5.97829513338760544e-03 0.00000000000000000e+00
-5.66354652626393888e-03 0.00000000000000000e+00
3.45712095588609917e-03 0.00000000000000000e+00
-1.20394721987302162e-03 0.00000000000000000e+00
-1.89002366250934058e-03 0.00000000000000000e+00
4.47361990985704026e-03 0.00000000000000000e+00
-2.58537921527812612e-03 0.00000000000000000e+00
3.04895907100127773e-03 0.00000000000000000e+00
-1.32615085053819641e-03 0.00000000000000000e+00
3.00000581541001797e-04 0.00000000000000000e+00
-7.54499052184789704e-03 0.00000000000000000e+00
9.75215386754192236e-04 0.00000000000000000e+00
-7.88472558134485266e-04 0.00000000000000000e+00
-6.43929349609141752e-03 0.00000000000000000e+00
2.83467811651697075e-03 0.00000000000000000e+00
-5.60564482324681611e-03 0.00000000000000000e+00
-3.64114854946503497e-03 0.00000000000000000e+00
3.86689898181853415e-03 0.00000000000000000e+00
7.17203074836100709e-03 0.00000000000000000e+00
-1.75755207163136784e-03 0.00000000000000000e+00
2.46567271142037478e-03 0.00000000000000000e+00
2.68393143216376882e-03 0.00000000000000000e+00
-4.02753764674515253e-03 0.00000000000000000e+00
4.67213382245865692e-03 0.00000000000000000e+00
-3.21101251348740587e-03 0.00000000000000000e+00
3.10610187997498177e-03 0.00000000000000000e+00
-3.84887862291516522e-03 0.00000000000000000e+00
7.75066339542387624e-04 0.00000000000000000e+00
2.29801449093791632e-04 0.00000000000000000e+00
-5.46984267250085702e-03 0.00000000000000000e+00
2.43642443988933283e-03 0.00000000000000000e+00
-4.15140988495494266e-03 0.00000000000000000e+00
-4.80034068617291726e-03 0.00000000000000000e+00
4.40060720328763148e-03 0.00000000000000000e+00
-1.17693961130120703e-03 0.00000000000000000e+00
3.51980727946209877e-04 0.00000000000000000e+00
2.15781936260842034e-03 0.00000000000000000e+00
-2.56186838222205795e-03 0.00000000000000000e+00
5.03717133566096214e-04 0.00000000000000000e+00
-7.79004806151453776e-04 0.00000000000000000e+00
5.13058251502681792e-03 0.00000000000000000e+00
-5.72222561582077550e-03 0.00000000000000000e+00
-3.82148275373020603e-03 0.00000000000000000e+00
2.83150037934002427e-04 0.00000000000000000e+00
-3.85706532547171665e-03 0.00000000000000000e+00
-3.93118928868642706e-03 0.00000000000000000e+00
6.87233372616740442e-03 0.00000000000000000e+00
-7.68713744384113152e-03 0.00000000000000000e+00
-1.11142477283861490e-03 0.00000000000000000e+00
8.91753804785258005e-05 0.00000000000000000e+00
1.12640528734489227e-02 0.00000000000000000e+00
-4.27791746045116418e-03 0.00000000000000000e+00
3.60405794433964633e-03 0.00000000000000000e+00
8.99131191799918024e-03 0.00000000000000000e+00
-1.12584741047775539e-02 0.00000000000000000e+00
1.22903559579997414e-02 0.00000000000000000e+00
-1.52926396976447413e-03 0.00000000000000000e+00
1.84873317859392912e-03 0.00000000000000000e+00
1.52546628372199583e-03 0.00000000000000000e+00
-7.29417097878927591e-05 0.00000000000000000e+00
4.49895639188796742e-04 0.00000000000000000e+00
1.20734788597505818e-03 0.00000000000000000e+00
-1.03226598701293220e-03 0.00000000000000000e+00
1.49860686014884666e-03 0.00000000000000000e+00
-8.76001515560548088e-04 0.00000000000000000e+00
6.29074369110780543e-04 0.00000000000000000e+00
-3.28921789771235984e-03 0.00000000000000000e+00
8.49865947659965036e-04 0.00000000000000000e+00
-2.68758670412959919e-04 0.00000000000000000e+00
-1.74174798447755816e-03 0.00000000000000000e+00
1.76265577142078957e-03 0.00000000000000000e+00
-2.05103330742907684e-03 0.00000000000000000e+00
-6.96759756191055765e-04 0.00000000000000000e+00
2.83123614288228011e-04 0.00000000000000000e+00
-3.03455211620476178e-03 0.00000000000000000e+00
3.95681181637945944e-04 0.00000000000000000e+00
-1.68744510615489502e-04 0.00000000000000000e+00
-2.57278399497051303e-03 0.00000000000000000e+00
9.27620219988239091e-04 0.00000000000000000e+00
-2.06560247217800605e-03 0.00000000000000000e+00
-1.40514838893215010e-03 0.00000000000000000e+00
1.56019375959864817e-03 0.00000000000000000e+00
2.61437393622380304e-03 0.00000000000000000e+00
-5.71455768626204469e-04 0.00000000000000000e+00
8.71185295231982648e-04 0.00000000000000000e+00
7.69341063458429258e-04 0.00000000000000000e+00
-1.22969644156770879e-03 0.00000000000000000e+00
1.46112119071736108e-03 0.00000000000000000e+00
-1.42762454433333725e-03 0.00000000000000000e+00
1.31764486003708861e-03 0.00000000000000000e+00
-2.71338832771791287e-03 0.00000000000000000e+00
4.97443059796071063e-04 0.00000000000000000e+00
-5.09172948726539708e-05 0.00000000000000000e+00
-3.89964468122815707e-03 0.00000000000000000e+00
2.10704012405465600e-03 0.00000000000000000e+00
-3.26738728969913324e-03 0.00000000000000000e+00
-2.80025177560075823e-03 0.00000000000000000e+00
2.54616294330832927e-03 0.00000000000000000e+00
2.47044513408034688e-05 0.00000000000000000e+00
-2.82483405784363243e-05 0.00000000000000000e+00
1.53294548916545073e-03 0.00000000000000000e+00
-1.18256023953388842e-03 0.00000000000000000e+00
-2.60354922276539178e-04 0.00000000000000000e+00
1.35359219193962747e-04 0.00000000000000000e+00
2.81260725622007549e-04 0.00000000000000000e+00
-4.70378747700188739e-04 0.00000000000000000e+00
-1.32561108368742069e-03 0.00000000000000000e+00
1.53515313865171873e-04 0.00000000000000000e+00
-5.23544938879211491e-04 0.00000000000000000e+00
-1.13576286949787736e-03 0.00000000000000000e+00
1.02265805461118696e-03 0.00000000000000000e+00
-1.44321697230669391e-03 0.00000000000000000e+00
-6.71974055414823867e-04 0.00000000000000000e+00
5.70737271021560535e-04 0.00000000000000000e+00
2.07267451006122030e-03 0.00000000000000000e+00
-6.80232682415824602e-04 0.00000000000000000e+00
7.04653431608442201e-04 0.00000000000000000e+00
1.34119500710570654e-03 0.00000000000000000e+00
-1.74212076849578155e-03 0.00000000000000000e+00
1.93912888401894315e-03 0.00000000000000000e+00
-1.22737504275043010e-03 0.00000000000000000e+00
1.31845346001013873e-03 0.00000000000000000e+00
-2.33925883361406891e-05 0.00000000000000000e+00
9.28274459431660179e-05 0.00000000000000000e+00
2.76200684945802216e-04 0.00000000000000000e+00
-2.54699649190876561e-04 0.00000000000000000e+00
-2.43718507104540488e-04 0.00000000000000000e+00
1.48348747828156249e-04 0.00000000000000000e+00
-1.06565242790772211e-03 0.00000000000000000e+00
9.50272699979215485e-04 0.00000000000000000e+00
-1.48304555556783013e-03 0.00000000000000000e+00
4.26767027774382121e-04 0.00000000000000000e+00
1.44572131902275382e-04 0.00000000000000000e+00
-1.10920309514086633e-03 0.00000000000000000e+00
8.96344468485376017e-04 0.00000000000000000e+00
-1.04204379591279843e-03 0.00000000000000000e+00
-1.75600797646938272e-05 0.00000000000000000e+00
1.04202384996447452e-05 0.00000000000000000e+00
-1.34398795377848311e-04 0.00000000000000000e+00
2.36841692173302647e-05 0.00000000000000000e+00
-9.50921774791109334e-05 0.00000000000000000e+00
-1.64168456782526182e-04 0.00000000000000000e+00
1.94179636700141014e-04 0.00000000000000000e+00
-2.35908027953319596e-04 0.00000000000000000e+00
-2.11010997933866321e-04 0.00000000000000000e+00
1.55485847898729465e-04 0.00000000000000000e+00
1.70039284989700814e-04 0.00000000000000000e+00
-8.65237500702501714e-05 0.00000000000000000e+00
1.49102369206554133e-04 0.00000000000000000e+00
1.54763648411077146e-04 0.00000000000000000e+00
-2.64111508599766014e-04 0.00000000000000000e+00
2.79469328765525617e-04 0.00000000000000000e+00
2.16768650676013309e-04 0.00000000000000000e+00
-1.36603751356021325e-04 0.00000000000000000e+00
1.47999439546152127e-03 0.00000000000000000e+00
-2.40347478302506347e-04 0.00000000000000000e+00
1.80387964918802228e-04 0.00000000000000000e+00
2.18206313669381830e-03 0.00000000000000000e+00
-1.44639255944504878e-03 0.00000000000000000e+00
2.04701969547670982e-03 0.00000000000000000e+00
1.16279866977444450e-03 0.00000000000000000e+00
-1.03205387472050806e-03 0.00000000000000000e+00
-5.72599390270704125e-04 0.00000000000000000e+00
2.03928203640755927e-04 0.00000000000000000e+00
-8.64505157221600652e-04 0.00000000000000000e+00
2.31510826791872932e-04 0.00000000000000000e+00
5.71918113420827887e-04 0.00000000000000000e+00
-5.47119737111392422e-04 0.00000000000000000e+00
3.46331375662445318e-03 0.00000000000000000e+00
-3.47874491247773029e-03 0.00000000000000000e+00
2.17932672632981187e-04 0.00000000000000000e+00
-1.58264254180465739e-04 0.00000000000000000e+00
-1.82728045341681682e-03 0.00000000000000000e+00
-2.77649834234322340e-04 0.00000000000000000e+00
2.96247773700697783e-03 0.00000000000000000e+00
-2.56487581272988241e-03 0.00000000000000000e+00
8.06415129856039112e-04 0.00000000000000000e+00
-1.37429744325691470e-03 0.00000000000000000e+00
4.02953494762095955e-03 0.00000000000000000e+00
-1.78748436674112834e-03 0.00000000000000000e+00
1.14064056186286098e-03 0.00000000000000000e+00
4.01556778076198918e-03 0.00000000000000000e+00
-4.81619081077249312e-03 0.00000000000000000e+00
5.17372239318149123e-03 0.00000000000000000e+00
1.04636001322138436e-03 0.00000000000000000e+00
-9.26334146921675141e-04 0.00000000000000000e+00
1.77731123592790520e-03 0.00000000000000000e+00
-3.06958799704145106e-04 0.00000000000000000e+00
-1.22887393417399045e-04 0.00000000000000000e+00
2.21075358434120930e-03 0.00000000000000000e+00
-8.60105471297197238e-04 0.00000000000000000e+00
1.62140037167955308e-03 0.00000000000000000e+00
1.54202764882631067e-03 0.00000000000000000e+00
-1.51531965649200789e-03 0.00000000000000000e+00
-9.59466737432237608e-05 0.00000000000000000e+00
-5.76873612688772388e-05 0.00000000000000000e+00
-7.30562489065119921e-04 0.00000000000000000e+00
7.91629320213064688e-04 0.00000000000000000e+00
-1.34240182230325978e-04 0.00000000000000000e+00
1.85555777624354565e-04 0.00000000000000000e+00
1.35587657688769343e-03 0.00000000000000000e+00
-9.60636958366290362e-04 0.00000000000000000e+00
3.28034335968396687e-03 0.00000000000000000e+00
-4.69648933935301518e-04 0.00000000000000000e+00
-1.13200177920199204e-04 0.00000000000000000e+00
3.01926013073532422e-03 0.00000000000000000e+00
-8.00573542645281093e-04 0.00000000000000000e+00
2.10413198272315022e-03 0.00000000000000000e+00
1.84845950349786319e-03 0.00000000000000000e+00
-2.03741993817021898e-03 0.00000000000000000e+00
-1.80306947778918086e-03 0.00000000000000000e+00
2.60816380593849762e-04 0.00000000000000000e+00
-8.87767959600506071e-04 0.00000000000000000e+00
1.16851282955282085e-04 0.00000000000000000e+00
4.41497833819759337e-04 0.00000000000000000e+00
-5.74218516176032727e-04 0.00000000000000000e+00
-1.89914419331312220e-03 0.00000000000000000e+00
2.26474661042915925e-03 0.00000000000000000e+00
4.00076629095294511e-03 0.00000000000000000e+00
-4.78957947933420902e-04 0.00000000000000000e+00
8.06586828293747804e-04 0.00000000000000000e+00
5.86624114682957748e-03 0.00000000000000000e+00
-4.54398289450896539e-03 0.00000000000000000e+00
6.05284327954603348e-03 0.00000000000000000e+00
8.30444718522628175e-04 0.00000000000000000e+00
-7.89058797800976683e-04 0.00000000000000000e+00
-3.91704775119984180e-03 0.00000000000000000e+00
1.15845035027046053e-03 0.00000000000000000e+00
-1.96961733150888751e-03 0.00000000000000000e+00
-7.97515113164064433e-04 0.00000000000000000e+00
2.62753944032274563e-03 0.00000000000000000e+00
-2.74686205493279711e-03 0.00000000000000000e+00
2.97754836909581207e-03 0.00000000000000000e+00
-2.87323856098413086e-03 0.00000000000000000e+00
1.03079497897066432e-03 0.00000000000000000e+00
-2.41973460849560345e-04 0.00000000000000000e+00
-1.28191192928987698e-03 0.00000000000000000e+00
4.38013965195848385e-04 0.00000000000000000e+00
2.01258757058394222e-03 0.00000000000000000e+00
-1.39505111233193739e-03 0.00000000000000000e+00
1.23014177553350994e-03 0.00000000000000000e+00
-1.65363144231315531e-03 0.00000000000000000e+00
2.29064028448938738e-03 0.00000000000000000e+00
-1.15515964587799736e-03 0.00000000000000000e+00
5.47617252826312537e-04 0.00000000000000000e+00
2.69697500499778897e-03 0.00000000000000000e+00
-3.14922844804470725e-03 0.00000000000000000e+00
3.33922030963362945e-03 0.00000000000000000e+00
2.04905782936101472e-03 0.00000000000000000e+00
-2.11264248454571223e-03 0.00000000000000000e+00
2.82378613612013318e-04 0.00000000000000000e+00
-1.60415046619924922e-04 0.00000000000000000e+00
-4.62653126807453091e-04 0.00000000000000000e+00
2.46982232187791754e-04 0.00000000000000000e+00
7.03970719653618433e-04 0.00000000000000000e+00
-4.78048685691613584e-04 0.00000000000000000e+00
1.61442117621637612e-03 0.00000000000000000e+00
-1.52574241340718572e-03 0.00000000000000000e+00
1.86484064937123884e-03 0.00000000000000000e+00
-6.02408036760145081e-04 0.00000000000000000e+00
-1.26379570272467788e-04 0.00000000000000000e+00
1.45811999250312907e-03 0.00000000000000000e+00
-1.31383503360703422e-03 0.00000000000000000e+00
1.47079481829035896e-03 0.00000000000000000e+00
-4.89473346021154581e-04 0.00000000000000000e+00
-8.24369800817144972e-05 0.00000000000000000e+00
-4.26359545496221223e-03 0.00000000000000000e+00
5.46695378491250206e-04 0.00000000000000000e+00
-6.13838723190304964e-04 0.00000000000000000e+00
-3.74668392217253820e-03 0.00000000000000000e+00
1.93416123323896351e-03 0.00000000000000000e+00
-3.47698605981365105e-03 0.00000000000000000e+00
-2.08461217709631505e-03 0.00000000000000000e+00
2.13854191689914373e-03 0.00000000000000000e+00
4.33319604732442659e-03 0.00000000000000000e+00
-1.14143962622196139e-03 0.00000000000000000e+00
1.54416789061801460e-03 0.00000000000000000e+00
1.81402489097565807e-03 0.00000000000000000e+00
-2.69967934584931920e-03 0.00000000000000000e+00
3.08386257272799105e-03 0.00000000000000000e+00
2.13201264552653622e-04 0.00000000000000000e+00
-4.04743573811629177e-04 0.00000000000000000e+00
-2.75338735796656214e-03 0.00000000000000000e+00
4.00111218924174936e-04 0.00000000000000000e+00
-3.16494863314943252e-04 0.00000000000000000e+00
-4.05859534252199158e-03 0.00000000000000000e+00
2.73840658888906477e-03 0.00000000000000000e+00
-3.84044285746700442e-03 0.00000000000000000e+00
-1.43749880860004234e-03 0.00000000000000000e+00
1.33297204119595222e-03 0.00000000000000000e+00
1.54365585454264965e-03 0.00000000000000000e+00
-4.52665030410416959e-04 0.00000000000000000e+00
1.41430513946132924e-03 0.00000000000000000e+00
-2.63412831258021433e-04 0.00000000000000000e+00
-1.08066755697546748e-03 0.00000000000000000e+00
1.06481860919693718e-03 0.00000000000000000e+00
9.77308272616482423e-04 0.00000000000000000e+00
-1.44991724404542189e-03 0.00000000000000000e+00
-3.46618980946041162e-03 0.00000000000000000e+00
4.03073851074596697e-04 0.00000000000000000e+00
-1.51604396815102345e-03 0.00000000000000000e+00
-3.18505278603955231e-03 0.00000000000000000e+00
3.07874303130822998e-03 0.00000000000000000e+00
-4.16604359157427776e-03 0.00000000000000000e+00
-1.82417846117387348e-03 0.00000000000000000e+00
1.47602517380209853e-03 0.00000000000000000e+00
5.55955694473883773e-03 0.00000000000000000e+00
-1.88885385165413005e-03 0.00000000000000000e+00
2.01833573254124078e-03 0.00000000000000000e+00
3.66439189050706340e-03 0.00000000000000000e+00
-4.89053027072077449e-03 0.00000000000000000e+00
5.40286546818798206e-03 0.00000000000000000e+00
-1.10311606172679784e-03 0.00000000000000000e+00
1.16510386664527487e-03 0.00000000000000000e+00
-5.11981728848066105e-04 0.00000000000000000e+00
1.61237590914668273e-04 0.00000000000000000e+00
2.45799989566923029e-04 0.00000000000000000e+00
-1.06824337856165422e-03 0.00000000000000000e+00
3.08974289957064652e-04 0.00000000000000000e+00
-6.06781026700227454e-04 0.00000000000000000e+00
-1.22881783345067078e-03 0.00000000000000000e+00
1.11196078354473056e-03 0.00000000000000000e+00
-1.25686114704194802e-03 0.00000000000000000e+00
3.70752689598469166e-04 0.00000000000000000e+00
3.80644749964445387e-04 0.00000000000000000e+00
-1.25768656742596650e-03 0.00000000000000000e+00
7.89436995004281247e-04 0.00000000000000000e+00
-9.53342013005173904e-04 0.00000000000000000e+00
-1.16616420646432038e-03 0.00000000000000000e+00
7.22903390864929616e-04 0.00000000000000000e+00
-3.38285405559649553e-03 0.00000000000000000e+00
4.60373387176678283e-04 0.00000000000000000e+00
5.49965170047941735e-05 0.00000000000000000e+00
-2.92753148438428023e-03 0.00000000000000000e+00
7.53170513833615360e-04 0.00000000000000000e+00
-2.06981177737271564e-03 0.00000000000000000e+00
-1.64993798097438286e-03 0.00000000000000000e+00
1.88706145847862398e-03 0.00000000000000000e+00
2.28990923678146522e-03 0.00000000000000000e+00
-3.82606019756564835e-04 0.00000000000000000e+00
8.42725817043931324e-04 0.00000000000000000e+00
2.32742487627093003e-04 0.00000000000000000e+00
-6.92691426194313618e-04 0.00000000000000000e+00
8.83459524650121483e-04 0.00000000000000000e+00
-6.77514209835119487e-04 0.00000000000000000e+00
4.33748073710258351e-04 0.00000000000000000e+00
-4.15222751872995795e-03 0.00000000000000000e+00
6.66403091840466963e-04 0.00000000000000000e+00
-3.74238057180804082e-04 0.00000000000000000e+00
-6.00936313998165755e-03 0.00000000000000000e+00
3.78833875163928080e-03 0.00000000000000000e+00
-5.48512457961784772e-03 0.00000000000000000e+00
-3.07588910986652522e-03 0.00000000000000000e+00
2.79949008483772232e-03 0.00000000000000000e+00
1.52225569767650871e-03 0.00000000000000000e+00
-4.80189068768723578e-04 0.00000000000000000e+00
2.25822912099531365e-03 0.00000000000000000e+00
-8.13070609546516715e-04 0.00000000000000000e+00
-1.29680072919511323e-03 0.00000000000000000e+00
1.22329318882222508e-03 0.00000000000000000e+00
-2.34070108090699697e-03 0.00000000000000000e+00
2.19192904362111281e-03 0.00000000000000000e+00
-1.24944279450964289e-03 0.00000000000000000e+00
2.41757314697861516e-04 0.00000000000000000e+00
9.10468736055416918e-04 0.00000000000000000e+00
-6.79455498980369643e-04 0.00000000000000000e+00
-1.38363883629216938e-03 0.00000000000000000e+00
7.48699193507622708e-04 0.00000000000000000e+00
-1.15361957363720700e-03 0.00000000000000000e+00
1.48996864630663228e-03 0.00000000000000000e+00
-1.22900378457277133e-03 0.00000000000000000e+00
7.47837702673327079e-04 0.00000000000000000e+00
-2.69165035633760078e-04 0.00000000000000000e+00
-1.80940807859152238e-03 0.00000000000000000e+00
2.09006410022568234e-03 0.00000000000000000e+00
-2.18330459474140939e-03 0.00000000000000000e+00
-2.32880441714146446e-03 0.00000000000000000e+00
2.39792046361176053e-03 0.00000000000000000e+00
-6.85734337649738807e-04 0.00000000000000000e+00
2.46025045238962130e-04 0.00000000000000000e+00
4.82263508090519663e-04 0.00000000000000000e+00
-9.71454789351590235e-04 0.00000000000000000e+00
-2.95644502292069229e-04 0.00000000000000000e+00
-1.17758604884865971e-04 0.00000000000000000e+00
-2.13559900527284874e-03 0.00000000000000000e+00
1.98616902172656486e-03 0.00000000000000000e+00
-2.08459713905786298e-03 0.00000000000000000e+00
6.54819239890389081e-04 0.00000000000000000e+00
4.01531488208850356e-04 0.00000000000000000e+00
-1.83440966448773519e-03 0.00000000000000000e+00
1.39586500129410917e-03 0.00000000000000000e+00
-1.60410356187744556e-03 0.00000000000000000e+00
2.08950098780428482e-04 0.00000000000000000e+00
3.67706153138213840e-04 0.00000000000000000e+00
4.13234774126707352e-03 0.00000000000000000e+00
-5.10742300969179927e-04 0.00000000000000000e+00
6.88147690889949482e-04 0.00000000000000000e+00
3.54757513795009392e-03 0.00000000000000000e+00
-1.93913068581352366e-03 0.00000000000000000e+00
3.40844483710506588e-03 0.00000000000000000e+00
1.82714011424588802e-03 0.00000000000000000e+00
-1.88979993844548186e-03 0.00000000000000000e+00
-4.59106004694305112e-03 0.00000000000000000e+00
1.23092208123028960e-03 0.00000000000000000e+00
-1.48896322693744393e-03 0.00000000000000000e+00
-2.08932328389040047e-03 0.00000000000000000e+00
2.90699367226665518e-03 0.00000000000000000e+00
-3.32180909796248426e-03 0.00000000000000000e+00
6.32612001677551172e-04 0.00000000000000000e+00
-4.49875297501481808e-04 0.00000000000000000e+00
3.36911748982847946e-03 0.00000000000000000e+00
-5.50005687532586639e-04 0.00000000000000000e+00
2.65356144268250299e-04 0.00000000000000000e+00
4.96708771719868956e-03 0.00000000000000000e+00
-3.10417422266215338e-03 0.00000000000000000e+00
4.49415596062926765e-03 0.00000000000000000e+00
2.57372304108035655e-03 0.00000000000000000e+00
-2.34021041438206871e-03 0.00000000000000000e+00
-1.03994933722150341e-03 0.00000000000000000e+00
3.31901842825678612e-04 0.00000000000000000e+00
-1.85058466921347886e-03 0.00000000000000000e+00
8.37727234583662307e-04 0.00000000000000000e+00
9.18398735457784366e-04 0.00000000000000000e+00
-8.32783546885489828e-04 0.00000000000000000e+00
3.41197509449441461e-04 0.00000000000000000e+00
1.72248389162871722e-04 0.00000000000000000e+00
3.89666757302731303e-03 0.00000000000000000e+00
-5.06790256681204630e-04 0.00000000000000000e+00
9.02445517240771139e-04 0.00000000000000000e+00
3.38869165000299684e-03 0.00000000000000000e+00
-2.15518701838668001e-03 0.00000000000000000e+00
3.51443958749321494e-03 0.00000000000000000e+00
2.30880543062254471e-03 0.00000000000000000e+00
-2.16826879168028133e-03 0.00000000000000000e+00
-4.44060167474976362e-03 0.00000000000000000e+00
1.33129170856283109e-03 0.00000000000000000e+00
-1.73477046858258686e-03 0.00000000000000000e+00
-2.35177404328538574e-03 0.00000000000000000e+00
3.36180773578233878e-03 0.00000000000000000e+00
-3.77550535938127752e-03 0.00000000000000000e+00
1.58569758056107931e-03 0.00000000000000000e+00
-1.57462811404035789e-03 0.00000000000000000e+00
1.67055008364013044e-03 0.00000000000000000e+00
-3.55396255291117141e-04 0.00000000000000000e+00
-2.77677337231608189e-04 0.00000000000000000e+00
2.62538866857057584e-03 0.00000000000000000e+00
-1.05838191722455927e-03 0.00000000000000000e+00
1.84801138430687830e-03 0.00000000000000000e+00
2.14297744697733135e-03 0.00000000000000000e+00
-1.99763868015847591e-03 0.00000000000000000e+00
1.09557891948369214e-03 0.00000000000000000e+00
-3.63209827184264740e-04 0.00000000000000000e+00
-8.98895511584377757e-04 0.00000000000000000e+00
1.72348948227898794e-03 0.00000000000000000e+00
-7.68826682548673520e-04 0.00000000000000000e+00
9.68427311918683810e-04 0.00000000000000000e+00
-1.68670792660905052e-03 0.00000000000000000e+00
1.32529960162550251e-03 0.00000000000000000e+00
-3.37520888855124841e-03 0.00000000000000000e+00
5.12484156474853699e-04 0.00000000000000000e+00
2.37637047750305163e-04 0.00000000000000000e+00
-3.36404430878694096e-03 0.00000000000000000e+00
8.84705486839814726e-04 0.00000000000000000e+00
-2.26806494725044624e-03 0.00000000000000000e+00
-2.16661121362357991e-03 0.00000000000000000e+00
2.33147535702503449e-03 0.00000000000000000e+00
1.24552147575038730e-03 0.00000000000000000e+00
-8.73936779641654204e-05 0.00000000000000000e+00
9.67381183166206499e-04 0.00000000000000000e+00
-6.65083914912607170e-04 0.00000000000000000e+00
-3.78208862482117540e-05 0.00000000000000000e+00
9.59340254646849058e-05 0.00000000000000000e+00
6.06806410790318961e-03 0.00000000000000000e+00
-6.73885279359888890e-03 0.00000000000000000e+00
-5.50290101721328650e-03 0.00000000000000000e+00
4.42643798836246389e-04 0.00000000000000000e+00
-1.75205158048676469e-03 0.00000000000000000e+00
-8.22174063469380788e-03 0.00000000000000000e+00
7.55302145005893200e-03 0.00000000000000000e+00
-9.45598955645011834e-03 0.00000000000000000e+00
1.66066109642080679e-03 0.00000000000000000e+00
-1.44674622228865781e-03 0.00000000000000000e+00
8.69784804509098064e-03 0.00000000000000000e+00
-2.55666300725105808e-03 0.00000000000000000e+00
2.49128716581678610e-03 0.00000000000000000e+00
3.26410917891870999e-03 0.00000000000000000e+00
-5.56311916882745120e-03 0.00000000000000000e+00
5.98187547096287135e-03 0.00000000000000000e+00
-7.46406848779961572e-03 0.00000000000000000e+00
7.34263517784115079e-03 0.00000000000000000e+00
-1.67504477603442866e-03 0.00000000000000000e+00
4.98962484322002246e-04 0.00000000000000000e+00
3.48526667975295520e-03 0.00000000000000000e+00
-4.51285042463662794e-04 0.00000000000000000e+00
-5.49654026425013854e-03 0.00000000000000000e+00
4.24538454144817584e-03 0.00000000000000000e+00
-2.60911360983657765e-03 0.00000000000000000e+00
3.70003950030055187e-03 0.00000000000000000e+00
-7.04506438394025738e-03 0.00000000000000000e+00
3.29069866361571695e-03 0.00000000000000000e+00
-1.76385441512479394e-03 0.00000000000000000e+00
-7.57496604824856642e-03 0.00000000000000000e+00
8.88643792615518777e-03 0.00000000000000000e+00
-9.49763695076213076e-03 0.00000000000000000e+00
-3.02319064179894410e-03 0.00000000000000000e+00
2.97622136237813513e-03 0.00000000000000000e+00
-1.53121111360067399e-03 0.00000000000000000e+00
3.74072873185757402e-04 0.00000000000000000e+00
6.36683211027231472e-04 0.00000000000000000e+00
-1.52483479685177454e-03 0.00000000000000000e+00
-4.88715991754820221e-04 0.00000000000000000e+00
-2.72359858013143186e-04 0.00000000000000000e+00
-2.69182310070928800e-03 0.00000000000000000e+00
2.64169229134578794e-03 0.00000000000000000e+00
-1.81431246155440884e-03 0.00000000000000000e+00
6.95805106616039209e-04 0.00000000000000000e+00
5.02861045033476794e-04 0.00000000000000000e+00
-2.00776065344198231e-03 0.00000000000000000e+00
1.57176590052429568e-03 0.00000000000000000e+00
-1.74291047752926078e-03 0.00000000000000000e+00
1.48062667825225305e-03 0.00000000000000000e+00
-4.76311086745396281e-04 0.00000000000000000e+00
7.73883757082042233e-03 0.00000000000000000e+00
-1.02816334203484762e-03 0.00000000000000000e+00
9.04239769316845946e-04 0.00000000000000000e+00
6.86654288216515581e-03 0.00000000000000000e+00
-3.25159969329908869e-03 0.00000000000000000e+00
6.10221791567831795e-03 0.00000000000000000e+00
4.15179525645087248e-03 0.00000000000000000e+00
-4.24982256900287899e-03 0.00000000000000000e+00
-7.10726792711996111e-03 0.00000000000000000e+00
1.81376151931214829e-03 0.00000000000000000e+00
-2.76971789322045863e-03 0.00000000000000000e+00
-2.65738191978772895e-03 0.00000000000000000e+00
4.28339685376474301e-03 0.00000000000000000e+00
-4.90688376562345603e-03 0.00000000000000000e+00
-5.65028195662224594e-05 0.00000000000000000e+00
2.28503521408637557e-04 0.00000000000000000e+00
2.25872435503744490e-03 0.00000000000000000e+00
-3.23801979116397252e-04 0.00000000000000000e+00
1.07710056583993090e-04 0.00000000000000000e+00
3.23224015994019341e-03 0.00000000000000000e+00
-1.96176328181229447e-03 0.00000000000000000e+00
2.88248437554009885e-03 0.00000000000000000e+00
1.02394382770369555e-03 0.00000000000000000e+00
-1.02854071586302347e-03 0.00000000000000000e+00
-1.10669509340086450e-03 0.00000000000000000e+00
2.54111120036199845e-04 0.00000000000000000e+00
-9.91288532968267284e-04 0.00000000000000000e+00
4.45991545248173291e-04 0.00000000000000000e+00
5.17924355029740317e-04 0.00000000000000000e+00
-4.92695594049918331e-04 0.00000000000000000e+00
-7.98036936910692316e-03 0.00000000000000000e+00
8.64533755082470996e-03 0.00000000000000000e+00
4.17948509553201994e-03 0.00000000000000000e+00
-2.26462155615739480e-04 0.00000000000000000e+00
5.54959343293862008e-03 0.00000000000000000e+00
4.69683688366835835e-03 0.00000000000000000e+00
-9.75498564475192967e-03 0.00000000000000000e+00
1.04247423046454728e-02 0.00000000000000000e+00
8.50092722459230669e-04 0.00000000000000000e+00
7.03090838261084101e-04 0.00000000000000000e+00
-1.52299625931747225e-02 0.00000000000000000e+00
5.97675052371061857e-03 0.00000000000000000e+00
-4.86581913166680979e-03 0.00000000000000000e+00
-1.26915363073870739e-02 0.00000000000000000e+00
1.58333628237259660e-02 0.00000000000000000e+00
-1.72164487429481601e-02 0.00000000000000000e+00
1.97778662908115326e-04 0.00000000000000000e+00
-6.05437998936181505e-04 0.00000000000000000e+00
-3.32915519847924463e-03 0.00000000000000000e+00
4.10327486206116970e-04 0.00000000000000000e+00
-2.91754846809781935e-04 0.00000000000000000e+00
-3.58597496847062706e-03 0.00000000000000000e+00
1.96050550717458399e-03 0.00000000000000000e+00
-3.22041729843948335e-03 0.00000000000000000e+00
-1.00690528688523410e-03 0.00000000000000000e+00
1.16807082939716293e-03 0.00000000000000000e+00
3.00315021227619793e-03 0.00000000000000000e+00
-7.02868702370052574e-04 0.00000000000000000e+00
1.10359497333449206e-03 0.00000000000000000e+00
6.69111915387371058e-04 0.00000000000000000e+00
-1.47164567562206344e-03 0.00000000000000000e+00
1.66514134156867349e-03 0.00000000000000000e+00
-3.66524731593442484e-03 0.00000000000000000e+00
2.98631476401880125e-03 0.00000000000000000e+00
-7.37170945231818611e-03 0.00000000000000000e+00
1.17479303595276283e-03 0.00000000000000000e+00
9.51018902252194243e-05 0.00000000000000000e+00
-7.99423750545264974e-03 0.00000000000000000e+00
3.04427600775008687e-03 0.00000000000000000e+00
-6.05199916327714676e-03 0.00000000000000000e+00
-5.70383631082202729e-03 0.00000000000000000e+00
5.67904666032912914e-03 0.00000000000000000e+00
2.55529734761599089e-03 0.00000000000000000e+00
-4.08777215079275170e-04 0.00000000000000000e+00
2.82085932711311545e-03 0.00000000000000000e+00
-1.24140781544252008e-03 0.00000000000000000e+00
-9.71078589351223533e-04 0.00000000000000000e+00
1.04962937986244039e-03 0.00000000000000000e+00
2.17851563723565136e-02 0.00000000000000000e+00
-2.33968264189686539e-02 0.00000000000000000e+00
-7.50833481521309687e-03 0.00000000000000000e+00
-2.63020217677937618e-04 0.00000000000000000e+00
-4.68110084588679951e-03 0.00000000000000000e+00
-1.16205529338779690e-02 0.00000000000000000e+00
1.49531965496266569e-02 0.00000000000000000e+00
-1.68916354379024698e-02 0.00000000000000000e+00
1.36663005636592661e-02 0.00000000000000000e+00
-1.21395011343220453e-02 0.00000000000000000e+00
2.47627806251615977e-02 0.00000000000000000e+00
-7.11660786746257101e-03 0.00000000000000000e+00
2.23251278990180269e-03 0.00000000000000000e+00
1.26929323310731243e-02 0.00000000000000000e+00
-1.47062597248578328e-02 0.00000000000000000e+00
1.62735043449524150e-02 0.00000000000000000e+00
-9.11193767355251462e-03 0.00000000000000000e+00
8.92294530091450495e-03 0.00000000000000000e+00
-2.65999817160836836e-03 0.00000000000000000e+00
7.09634574655955419e-04 0.00000000000000000e+00
3.85683117505080525e-03 0.00000000000000000e+00
-1.29820733010338452e-03 0.00000000000000000e+00
-5.86009747452237006e-03 0.00000000000000000e+00
4.13954875721780653e-03 0.00000000000000000e+00
-3.99904533735260821e-03 0.00000000000000000e+00
5.11782827391377756e-03 0.00000000000000000e+00
-7.79297760381840628e-03 0.00000000000000000e+00
3.63818259423443749e-03 0.00000000000000000e+00
-1.53528565308512976e-03 0.00000000000000000e+00
-8.57769480579180683e-03 0.00000000000000000e+00
9.72460401279785780e-03 0.00000000000000000e+00
-1.04012659123451263e-02 0.00000000000000000e+00
-1.92903013344640430e-03 0.00000000000000000e+00
1.99833062898727241e-03 0.00000000000000000e+00
1.81225947600675646e-03 0.00000000000000000e+00
-2.16790739515961722e-04 0.00000000000000000e+00
7.37846797703380032e-04 0.00000000000000000e+00
3.73965831239050309e-03 0.00000000000000000e+00
-3.63525489060049925e-03 0.00000000000000000e+00
4.31034105822318547e-03 0.00000000000000000e+00
2.97793557742747955e-04 0.00000000000000000e+00
-6.28197744737531643e-05 0.00000000000000000e+00
-1.97425863454861201e-03 0.00000000000000000e+00
7.72322846232447488e-04 0.00000000000000000e+00
-1.42330697414793034e-03 0.00000000000000000e+00
-4.28926913970188695e-04 0.00000000000000000e+00
1.91742712681429060e-03 0.00000000000000000e+00
-1.89681537080958014e-03 0.00000000000000000e+00
3.37853905918499660e-03 0.00000000000000000e+00
-3.08061701904234660e-03 0.00000000000000000e+00
3.68660060339069890e-03 0.00000000000000000e+00
-6.58167233437281199e-04 0.00000000000000000e+00
-7.41297488991919250e-04 0.00000000000000000e+00
3.88618292369304367e-03 0.00000000000000000e+00
-4.07317514525761708e-04 0.00000000000000000e+00
2.04300136764168968e-03 0.00000000000000000e+00
3.44103299085738714e-03 0.00000000000000000e+00
-3.57389070885378527e-03 0.00000000000000000e+00
5.78901720156942481e-04 0.00000000000000000e+00
-5.32232953196992145e-04 0.00000000000000000e+00
-1.05460788107889143e-03 0.00000000000000000e+00
2.29497953008714730e-03 0.00000000000000000e+00
-1.41062475461018952e-03 0.00000000000000000e+00
1.53637613765966285e-03 0.00000000000000000e+00
-6.19462533091663659e-03 0.00000000000000000e+00
6.42906296449937808e-03 0.00000000000000000e+00
-2.14043156250046888e-03 0.00000000000000000e+00
7.47759186269323283e-04 0.00000000000000000e+00
6.22548194107300766e-04 0.00000000000000000e+00
-3.28085920896584475e-03 0.00000000000000000e+00
4.84242786934098739e-04 0.00000000000000000e+00
-1.64419840444548853e-03 0.00000000000000000e+00
-6.97550455434088092e-03 0.00000000000000000e+00
6.12104899625339535e-03 0.00000000000000000e+00
-4.95970310178373095e-03 0.00000000000000000e+00
1.25022193366453971e-03 0.00000000000000000e+00
2.00043293695933424e-03 0.00000000000000000e+00
-3.98124200813778847e-03 0.00000000000000000e+00
2.07368409796326956e-03 0.00000000000000000e+00
-2.57824756417048863e-03 0.00000000000000000e+00
-9.00617950037640308e-03 0.00000000000000000e+00
8.70560167154093081e-03 0.00000000000000000e+00
-3.17250616351427315e-03 0.00000000000000000e+00
7.40756862489047596e-04 0.00000000000000000e+00
4.16549351496507420e-03 0.00000000000000000e+00
-1.68371645123044952e-03 0.00000000000000000e+00
-6.12651918891134618e-03 0.00000000000000000e+00
4.17873913529101700e-03 0.00000000000000000e+00
-3.42561724425082502e-03 0.00000000000000000e+00
4.84087569721208290e-03 0.00000000000000000e+00
-7.47976651638811944e-03 0.00000000000000000e+00
3.76431903511715129e-03 0.00000000000000000e+00
-1.83331192986262007e-03 0.00000000000000000e+00
-8.95133671431133995e-03 0.00000000000000000e+00
1.03385527793886760e-02 0.00000000000000000e+00
-1.10066646662570298e-02 0.00000000000000000e+00
-2.35265914503537173e-03 0.00000000000000000e+00
1.69003525493542162e-03 0.00000000000000000e+00
-9.30715330836086666e-03 0.00000000000000000e+00
1.46526434084619499e-03 0.00000000000000000e+00
-8.64009378155726081e-05 0.00000000000000000e+00
-1.25347065280161426e-02 0.00000000000000000e+00
6.62660693648957355e-03 0.00000000000000000e+00
-1.04908447515048540e-02 0.00000000000000000e+00
-6.18043227257763107e-03 0.00000000000000000e+00
6.04105448019869127e-03 0.00000000000000000e+00
2.85759877083890295e-03 0.00000000000000000e+00
-5.38733518006626316e-04 0.00000000000000000e+00
4.11411888780649146e-03 0.00000000000000000e+00
-2.64085095770758308e-03 0.00000000000000000e+00
-1.18865298347275343e-03 0.00000000000000000e+00
1.03009889076318578e-03 0.00000000000000000e+00
-1.69064874865033844e-03 0.00000000000000000e+00
1.44316015951972769e-03 0.00000000000000000e+00
-2.16671515999290699e-03 0.00000000000000000e+00
3.39236976590881489e-04 0.00000000000000000e+00
6.02082701295536711e-04 0.00000000000000000e+00
-1.95698586018736237e-03 0.00000000000000000e+00
-2.29703582133794233e-04 0.00000000000000000e+00
-7.22930014872680011e-04 0.00000000000000000e+00
-1.26361727308735338e-03 0.00000000000000000e+00
1.56836163513717885e-03 0.00000000000000000e+00
3.68188746036493357e-05 0.00000000000000000e+00
3.43117200094269592e-04 0.00000000000000000e+00
2.27769712387402494e-04 0.00000000000000000e+00
-1.26929157230449706e-03 0.00000000000000000e+00
1.12432484578001211e-03 0.00000000000000000e+00
-1.15078575279661008e-03 0.00000000000000000e+00
4.45777526065062020e-04 0.00000000000000000e+00
-7.52995097036520430e-04 0.00000000000000000e+00
-4.15340713604891738e-03 0.00000000000000000e+00
5.92867931281293252e-04 0.00000000000000000e+00
-5.93842679895819356e-04 0.00000000000000000e+00
-5.98900633360697869e-03 0.00000000000000000e+00
4.15834174154055842e-03 0.00000000000000000e+00
-5.79355735309772593e-03 0.00000000000000000e+00
-2.14672737460810297e-03 0.00000000000000000e+00
1.96468669892801637e-03 0.00000000000000000e+00
2.67947912682180199e-03 0.00000000000000000e+00
-8.14466904083040329e-04 0.00000000000000000e+00
2.17090447303162860e-03 0.00000000000000000e+00
-2.56417075077219786e-05 0.00000000000000000e+00
-1.97959327204300182e-03 0.00000000000000000e+00
2.00288602959589838e-03 0.00000000000000000e+00
-4.67604766547280275e-03 0.00000000000000000e+00
4.79420833397474228e-03 0.00000000000000000e+00
5.75625797642430911e-04 0.00000000000000000e+00
9.65472995067197411e-05 0.00000000000000000e+00
2.67942801391884457e-03 0.00000000000000000e+00
1.29468542314872034e-03 0.00000000000000000e+00
-4.65495338408189810e-03 0.00000000000000000e+00
4.42880584178233314e-03 0.00000000000000000e+00
-5.61072655764892174e-04 0.00000000000000000e+00
1.38022486441868788e-03 0.00000000000000000e+00
-6.34621050565718943e-03 0.00000000000000000e+00
2.70067828666387556e-03 0.00000000000000000e+00
-1.98247610995770348e-03 0.00000000000000000e+00
-5.84642022410930551e-03 0.00000000000000000e+00
7.23946913220910662e-03 0.00000000000000000e+00
-7.79166362822843878e-03 0.00000000000000000e+00
-2.84803525561161267e-03 0.00000000000000000e+00
2.91716665536740413e-03 0.00000000000000000e+00
-5.19838101648260886e-04 0.00000000000000000e+00
2.38403988079291334e-04 0.00000000000000000e+00
5.93808667226631941e-04 0.00000000000000000e+00
-4.29953858080517727e-04 0.00000000000000000e+00
-9.06496928656073280e-04 0.00000000000000000e+00
5.52238789887112566e-04 0.00000000000000000e+00
-2.32623191259390344e-03 0.00000000000000000e+00
2.19256563558574554e-03 0.00000000000000000e+00
-2.39461205603788913e-03 0.00000000000000000e+00
7.73044196522291571e-04 0.00000000000000000e+00
2.40909966802787439e-04 0.00000000000000000e+00
-1.88917675549976779e-03 0.00000000000000000e+00
1.65860780259665004e-03 0.00000000000000000e+00
-1.85530173244161599e-03 0.00000000000000000e+00
4.15040592459273925e-05 0.00000000000000000e+00
1.43692970713099025e-03 0.00000000000000000e+00
1.06321680534030641e-02 0.00000000000000000e+00
-1.30333860512633687e-03 0.00000000000000000e+00
2.16748718539333919e-03 0.00000000000000000e+00
9.22307986511912946e-03 0.00000000000000000e+00
-5.61098252831604676e-03 0.00000000000000000e+00
9.33005114447423012e-03 0.00000000000000000e+00
4.81790428945518077e-03 0.00000000000000000e+00
-4.81029802414098626e-03 0.00000000000000000e+00
-1.25341584662408967e-02 0.00000000000000000e+00
3.52873693492174439e-03 0.00000000000000000e+00
-4.15652892306214109e-03 0.00000000000000000e+00
-6.18021503796043793e-03 0.00000000000000000e+00
8.51440100304951333e-03 0.00000000000000000e+00
-9.65049489715311300e-03 0.00000000000000000e+00
4.04352469910808311e-04 0.00000000000000000e+00
-6.11894192940010949e-06 0.00000000000000000e+00
6.64967452484186740e-03 0.00000000000000000e+00
-1.03262003032016428e-03 0.00000000000000000e+00
6.14721439477509219e-04 0.00000000000000000e+00
9.89972877114793717e-03 0.00000000000000000e+00
-6.42181851915960260e-03 0.00000000000000000e+00
9.13542063860693469e-03 0.00000000000000000e+00
4.31966222973818609e-03 0.00000000000000000e+00
-3.95625768005874925e-03 0.00000000000000000e+00
-2.73535714963224616e-03 0.00000000000000000e+00
8.28801968967510607e-04 0.00000000000000000e+00
-3.55161945294928507e-03 0.00000000000000000e+00
1.29682496760835804e-03 0.00000000000000000e+00
2.10322393582813979e-03 0.00000000000000000e+00
-1.97637080707143472e-03 0.00000000000000000e+00
-3.25402378708952115e-03 0.00000000000000000e+00
4.75050801349387840e-03 0.00000000000000000e+00
1.10100459108888483e-02 0.00000000000000000e+00
-1.27628087470967435e-03 0.00000000000000000e+00
4.84883097574122408e-03 0.00000000000000000e+00
1.02103618638828796e-02 0.00000000000000000e+00
-9.92350828832675586e-03 0.00000000000000000e+00
1.33745941556139940e-02 0.00000000000000000e+00
5.72450013808237495e-03 0.00000000000000000e+00
-4.61116747063210382e-03 0.00000000000000000e+00
-1.77238827478484427e-02 0.00000000000000000e+00
6.03004400888046150e-03 0.00000000000000000e+00
-6.44183709902853164e-03 0.00000000000000000e+00
-1.16663119142508803e-02 0.00000000000000000e+00
1.56065013954412857e-02 0.00000000000000000e+00
-1.72304337991219594e-02 0.00000000000000000e+00
2.59268876114190873e-03 0.00000000000000000e+00
-2.63381286253299395e-03 0.00000000000000000e+00
2.98658272357487818e-03 0.00000000000000000e+00
-6.50135959145673402e-04 0.00000000000000000e+00
-4.78875812892138935e-04 0.00000000000000000e+00
5.26881420033041819e-03 0.00000000000000000e+00
-2.47885551432931684e-03 0.00000000000000000e+00
3.91871781761675940e-03 0.00000000000000000e+00
3.87108857210644247e-03 0.00000000000000000e+00
-3.54447233798490646e-03 0.00000000000000000e+00
2.30259109212093555e-03 0.00000000000000000e+00
-7.03583302206352420e-04 0.00000000000000000e+00
-1.78660740797446471e-03 0.00000000000000000e+00
3.48091363375621545e-03 0.00000000000000000e+00
-1.47987350637036690e-03 0.00000000000000000e+00
1.92091013595139387e-03 0.00000000000000000e+00
-5.46785041201044552e-03 0.00000000000000000e+00
3.94728980313386376e-03 0.00000000000000000e+00
-1.32228719458637994e-02 0.00000000000000000e+00
1.92986250737142229e-03 0.00000000000000000e+00
1.95463844346453508e-04 0.00000000000000000e+00
-1.25972764992588072e-02 0.00000000000000000e+00
3.93648923237661496e-03 0.00000000000000000e+00
-9.18500509344590335e-03 0.00000000000000000e+00
-8.07890211764155340e-03 0.00000000000000000e+00
8.59568247836453234e-03 0.00000000000000000e+00
7.12761557292065223e-03 0.00000000000000000e+00
-1.17835966616488814e-03 0.00000000000000000e+00
4.02952553195899850e-03 0.00000000000000000e+00
-3.71044684978143766e-04 0.00000000000000000e+00
-2.31627201374050469e-03 0.00000000000000000e+00
2.81574251610458310e-03 0.00000000000000000e+00
1.33604340396328500e-02 0.00000000000000000e+00
-1.49523112397243300e-02 0.00000000000000000e+00
-1.34341095034974916e-02 0.00000000000000000e+00
1.15769013555036332e-03 0.00000000000000000e+00
-3.86915305675302910e-03 0.00000000000000000e+00
-1.98867139419557117e-02 0.00000000000000000e+00
1.76149521770511998e-02 0.00000000000000000e+00
-2.23430558532851202e-02 0.00000000000000000e+00
3.15337636970204789e-03 0.00000000000000000e+00
-2.63516102307309336e-03 0.00000000000000000e+00
1.98149953125731394e-02 0.00000000000000000e+00
-5.75115412853909914e-03 0.00000000000000000e+00
5.97727118810775695e-03 0.00000000000000000e+00
6.91243064197295115e-03 0.00000000000000000e+00
-1.24482572285452790e-02 0.00000000000000000e+00
1.33637199271464859e-02 0.00000000000000000e+00
-7.92718766398113443e-03 0.00000000000000000e+00
7.54802990630594819e-03 0.00000000000000000e+00
-3.62776261869679484e-03 0.00000000000000000e+00
7.66453649145328367e-04 0.00000000000000000e+00
3.01628809296531188e-03 0.00000000000000000e+00
-1.99568276447476727e-03 0.00000000000000000e+00
-4.57375512435693760e-03 0.00000000000000000e+00
2.64528898427694899e-03 0.00000000000000000e+00
-4.04587368777970403e-03 0.00000000000000000e+00
5.02360047679954215e-03 0.00000000000000000e+00
-4.88707453304536039e-03 0.00000000000000000e+00
2.62404399195530430e-03 0.00000000000000000e+00
-8.55444632870019212e-04 0.00000000000000000e+00
-6.32372481406879693e-03 0.00000000000000000e+00
7.14294125723372985e-03 0.00000000000000000e+00
-7.53276290329457209e-03 0.00000000000000000e+00
-5.42847046530287904e-03 0.00000000000000000e+00
5.77951442524201643e-03 0.00000000000000000e+00
1.93471187335239169e-03 0.00000000000000000e+00
2.52992534985945822e-05 0.00000000000000000e+00
1.47103836899591632e-03 0.00000000000000000e+00
3.25525910510696386e-03 0.00000000000000000e+00
-4.39191754744547823e-03 0.00000000000000000e+00
4.87855812506962812e-03 0.00000000000000000e+00
-2.76404011617199189e-03 0.00000000000000000e+00
2.62499735883756210e-03 0.00000000000000000e+00
-6.25358621869752558e-03 0.00000000000000000e+00
1.96584431045786949e-03 0.00000000000000000e+00
-1.01580188038687667e-03 0.00000000000000000e+00
-3.46262839534378086e-03 0.00000000000000000e+00
4.36407626685323194e-03 0.00000000000000000e+00
-4.75203856603436878e-03 0.00000000000000000e+00
2.16464552636214027e-03 0.00000000000000000e+00
-1.01163462053675086e-03 0.00000000000000000e+00
9.19626905205331996e-03 0.00000000000000000e+00
-1.25023491255053906e-03 0.00000000000000000e+00
7.88042306251590685e-04 0.00000000000000000e+00
8.40267312517981903e-03 0.00000000000000000e+00
-3.70050343189246272e-03 0.00000000000000000e+00
7.15448025648692497e-03 0.00000000000000000e+00
5.05727642803213435e-03 0.00000000000000000e+00
-5.22908541700554692e-03 0.00000000000000000e+00
-7.58535354707317883e-03 0.00000000000000000e+00
1.83224118236054319e-03 0.00000000000000000e+00
-3.19351921703857908e-03 0.00000000000000000e+00
-2.28555420308355819e-03 0.00000000000000000e+00
4.24474822904969632e-03 0.00000000000000000e+00
-4.87893636354026078e-03 0.00000000000000000e+00
-4.63635324118438427e-03 0.00000000000000000e+00
5.31558593775564511e-03 0.00000000000000000e+00
6.58736484147768361e-03 0.00000000000000000e+00
-6.89767213099668104e-04 0.00000000000000000e+00
1.49273938699859168e-03 0.00000000000000000e+00
9.75326280710699621e-03 0.00000000000000000e+00
-7.93916434338624161e-03 0.00000000000000000e+00
1.03649450840880356e-02 0.00000000000000000e+00
-2.68710775066597620e-05 0.00000000000000000e+00
-9.21693890304875978e-05 0.00000000000000000e+00
-7.74750421846564282e-03 0.00000000000000000e+00
2.23335798689031865e-03 0.00000000000000000e+00
-3.03397490358761970e-03 0.00000000000000000e+00
-2.02320882815846051e-03 0.00000000000000000e+00
4.87454628729367540e-03 0.00000000000000000e+00
-5.16008078333007707e-03 0.00000000000000000e+00
6.43747882759037921e-04 0.00000000000000000e+00
1.72042971213879438e-04 0.00000000000000000e+00
6.25841287882609836e-03 0.00000000000000000e+00
-8.23346090655392888e-04 0.00000000000000000e+00
1.50503667499536989e-03 0.00000000000000000e+00
5.43681724357379572e-03 0.00000000000000000e+00
-3.51150111207230260e-03 0.00000000000000000e+00
5.68963446916369731e-03 0.00000000000000000e+00
3.90147790692592583e-03 0.00000000000000000e+00
-3.62157195014875402e-03 0.00000000000000000e+00
-7.11949299709102590e-03 0.00000000000000000e+00
2.16914516988383739e-03 0.00000000000000000e+00
-2.87071519180838496e-03 0.00000000000000000e+00
-3.85350145443066070e-03 0.00000000000000000e+00
5.53305233667617750e-03 0.00000000000000000e+00
-6.20184566373740975e-03 0.00000000000000000e+00
2.60019341106082361e-03 0.00000000000000000e+00
-2.74322643595384602e-03 0.00000000000000000e+00
3.72467448249266179e-04 0.00000000000000000e+00
-2.30751669700869644e-04 0.00000000000000000e+00
-6.48990328822505471e-04 0.00000000000000000e+00
8.45255814728354169e-04 0.00000000000000000e+00
4.76786426409057191e-04 0.00000000000000000e+00
-1.42952949451834519e-04 0.00000000000000000e+00
2.21004114560688792e-03 0.00000000000000000e+00
-2.04373144699554433e-03 0.00000000000000000e+00
2.92096800053162891e-03 0.00000000000000000e+00
-9.02397471144648021e-04 0.00000000000000000e+00
-3.02745893334095868e-04 0.00000000000000000e+00
2.42192191323113400e-03 0.00000000000000000e+00
-1.97897775611223558e-03 0.00000000000000000e+00
2.27643596843075382e-03 0.00000000000000000e+00
-3.63620074237812211e-03 0.00000000000000000e+00
3.32135247672343120e-03 0.00000000000000000e+00
-3.81830143668889475e-03 0.00000000000000000e+00
6.76281328593898441e-04 0.00000000000000000e+00
1.14516963110724060e-03 0.00000000000000000e+00
-4.08700032309575623e-03 0.00000000000000000e+00
1.25378556926913513e-05 0.00000000000000000e+00
-1.76501766796575803e-03 0.00000000000000000e+00
-3.15113607539425911e-03 0.00000000000000000e+00
3.49035024618091520e-03 0.00000000000000000e+00
-1.16621187198415969e-03 0.00000000000000000e+00
8.75540288264442545e-04 0.00000000000000000e+00
7.49249919466444072e-04 0.00000000000000000e+00
-3.16915763803542281e-03 0.00000000000000000e+00
2.45580664304741398e-03 0.00000000000000000e+00
-2.66087059196707483e-03 0.00000000000000000e+00
9.55678628102794685e-03 0.00000000000000000e+00
-1.04607729328865685e-02 0.00000000000000000e+00
-5.94769224546794727e-03 0.00000000000000000e+00
2.75259808116490475e-04 0.00000000000000000e+00
-2.38523292386340867e-03 0.00000000000000000e+00
-8.79952786735428358e-03 0.00000000000000000e+00
9.01036099083054459e-03 0.00000000000000000e+00
-1.09118483924838718e-02 0.00000000000000000e+00
4.43990782482537108e-03 0.00000000000000000e+00
-3.89153308135990793e-03 0.00000000000000000e+00
1.24168407767586593e-02 0.00000000000000000e+00
-3.58704910416927925e-03 0.00000000000000000e+00
2.34540620656999719e-03 0.00000000000000000e+00
5.48261595973402460e-03 0.00000000000000000e+00
-7.60326243234827823e-03 0.00000000000000000e+00
8.30497019880054553e-03 0.00000000000000000e+00
-7.85005850137555049e-03 0.00000000000000000e+00
8.21079930949271744e-03 0.00000000000000000e+00
2.00523976601743158e-03 0.00000000000000000e+00
4.36371602352773468e-05 0.00000000000000000e+00
4.65976651423136764e-03 0.00000000000000000e+00
2.96508611440490571e-03 0.00000000000000000e+00
-8.20108379733438565e-03 0.00000000000000000e+00
8.18413840672218944e-03 0.00000000000000000e+00
-6.09706252247321887e-04 0.00000000000000000e+00
1.93275470025626342e-03 0.00000000000000000e+00
-1.19356183860038403e-02 0.00000000000000000e+00
4.85981276066026549e-03 0.00000000000000000e+00
-3.63557797245677274e-03 0.00000000000000000e+00
-1.04252665699828551e-02 0.00000000000000000e+00
1.28913899118394785e-02 0.00000000000000000e+00
-1.39410898022554654e-02 0.00000000000000000e+00
-3.16332641926876223e-03 0.00000000000000000e+00
3.34242059673689647e-03 0.00000000000000000e+00
1.72141937626428933e-03 0.00000000000000000e+00
-1.00154614646733104e-04 0.00000000000000000e+00
8.58034601768011104e-04 0.00000000000000000e+00
3.28848768756779706e-03 0.00000000000000000e+00
-3.54713681471901078e-03 0.00000000000000000e+00
4.11215259157688470e-03 0.00000000000000000e+00
-1.09965832162319736e-03 0.00000000000000000e+00
1.10198935400236632e-03 0.00000000000000000e+00
-3.36921680163173795e-03 0.00000000000000000e+00
1.09238975707945688e-03 0.00000000000000000e+00
-1.04250003528004605e-03 0.00000000000000000e+00
-1.36422933325145725e-03 0.00000000000000000e+00
2.44224526259004347e-03 0.00000000000000000e+00
-2.56294324357278155e-03 0.00000000000000000e+00
7.36021203232391100e-04 0.00000000000000000e+00
1.42942880640279215e-03 0.00000000000000000e+00
1.60832935878468322e-02 0.00000000000000000e+00
-2.02640954384780431e-03 0.00000000000000000e+00
3.05723493203249050e-03 0.00000000000000000e+00
1.42654602509410602e-02 0.00000000000000000e+00
-8.43628996996877156e-03 0.00000000000000000e+00
1.41328955867333749e-02 0.00000000000000000e+00
7.85206961563797087e-03 0.00000000000000000e+00
-7.78627628407135928e-03 0.00000000000000000e+00
-1.78858213609283841e-02 0.00000000000000000e+00
5.01544111797478601e-03 0.00000000000000000e+00
-6.36324505702321429e-03 0.00000000000000000e+00
-8.44657078692379569e-03 0.00000000000000000e+00
1.21507351498851800e-02 0.00000000000000000e+00
-1.37461367749686855e-02 0.00000000000000000e+00
-3.24758940636530029e-03 0.00000000000000000e+00
3.98244724080768549e-03 0.00000000000000000e+00
8.91418595377145052e-03 0.00000000000000000e+00
-1.13779866918500079e-03 0.00000000000000000e+00
1.43181965224778354e-03 0.00000000000000000e+00
1.33588833059472036e-02 0.00000000000000000e+00
-9.84790115509075019e-03 0.00000000000000000e+00
1.33038443389026442e-02 0.00000000000000000e+00
2.52397925615470290e-03 0.00000000000000000e+00
-2.41020948999191810e-03 0.00000000000000000e+00
-7.27308550793672424e-03 0.00000000000000000e+00
2.10649690203157120e-03 0.00000000000000000e+00
-4.38613173518395509e-03 0.00000000000000000e+00
-5.31872466709495994e-04 0.00000000000000000e+00
4.73498697874032929e-03 0.00000000000000000e+00
-4.84349710581740214e-03 0.00000000000000000e+00
-6.25159652947667246e-03 0.00000000000000000e+00
8.42715281749435025e-03 0.00000000000000000e+00
1.59265851038472121e-02 0.00000000000000000e+00
-1.79310312353131115e-03 0.00000000000000000e+00
7.91471010721589256e-03 0.00000000000000000e+00
1.50199270695929449e-02 0.00000000000000000e+00
-1.58453317718443738e-02 0.00000000000000000e+00
2.06882064087988912e-02 0.00000000000000000e+00
8.09009494084361389e-03 0.00000000000000000e+00
-6.17658382137590504e-03 0.00000000000000000e+00
-2.75791437910949504e-02 0.00000000000000000e+00
9.59614423099275533e-03 0.00000000000000000e+00
-9.95265123439962804e-03 0.00000000000000000e+00
-1.88071897029296331e-02 0.00000000000000000e+00
2.49568018233045676e-02 0.00000000000000000e+00
-2.74783240518982445e-02 0.00000000000000000e+00
2.92243525342334104e-03 0.00000000000000000e+00
-3.08262909953510491e-03 0.00000000000000000e+00
2.46501768920355958e-03 0.00000000000000000e+00
-6.19846983085531452e-04 0.00000000000000000e+00
-6.53333173449623778e-04 0.00000000000000000e+00
5.03857264802458002e-03 0.00000000000000000e+00
-2.29465938999562184e-03 0.00000000000000000e+00
3.58396329761431851e-03 0.00000000000000000e+00
4.01069889698606966e-03 0.00000000000000000e+00
-3.61897792261097395e-03 0.00000000000000000e+00
3.46972816888924335e-03 0.00000000000000000e+00
-1.01500628309535569e-03 0.00000000000000000e+00
-1.69085604828681521e-03 0.00000000000000000e+00
4.21303585256774422e-03 0.00000000000000000e+00
-2.17002492932868952e-03 0.00000000000000000e+00
2.73412479746214460e-03 0.00000000000000000e+00
4.11129381944136136e-03 0.00000000000000000e+00
-3.43980351565387633e-03 0.00000000000000000e+00
7.20883644007099759e-03 0.00000000000000000e+00
-1.16167556781572806e-03 0.00000000000000000e+00
-4.19476269494917545e-04 0.00000000000000000e+00
7.65687319087954808e-03 0.00000000000000000e+00
-2.37493897786218581e-03 0.00000000000000000e+00
5.36480888027203798e-03 0.00000000000000000e+00
5.57516145693116080e-03 0.00000000000000000e+00
-5.68023720793173637e-03 0.00000000000000000e+00
-1.88971934557024776e-03 0.00000000000000000e+00
1.00281266524228005e-04 0.00000000000000000e+00
-2.49161082298461839e-03 0.00000000000000000e+00
1.84130550974306883e-03 0.00000000000000000e+00
1.10552449275416330e-04 0.00000000000000000e+00
-1.39021209580409772e-04 0.00000000000000000e+00
-1.80600046023413792e-02 0.00000000000000000e+00
1.94208773037321536e-02 0.00000000000000000e+00
6.32562826507871920e-03 0.00000000000000000e+00
2.11544925302206932e-04 0.00000000000000000e+00
3.84754113749773575e-03 0.00000000000000000e+00
9.66642874670477735e-03 0.00000000000000000e+00
-1.23342104981576176e-02 0.00000000000000000e+00
1.39801452430067356e-02 0.00000000000000000e+00
-1.13962505221867662e-02 0.00000000000000000e+00
1.00861927443391727e-02 0.00000000000000000e+00
-2.06449849302935244e-02 0.00000000000000000e+00
5.90127990386357139e-03 0.00000000000000000e+00
-1.81057272913062012e-03 0.00000000000000000e+00
-1.05317735391510063e-02 0.00000000000000000e+00
1.21523251001891316e-02 0.00000000000000000e+00
-1.34640328673896088e-02 0.00000000000000000e+00
5.21551232456612859e-03 0.00000000000000000e+00
-5.26562988730062270e-03 0.00000000000000000e+00
3.34582178032805989e-04 0.00000000000000000e+00
-2.58342774893596122e-04 0.00000000000000000e+00
-2.43324187116359921e-03 0.00000000000000000e+00
-3.50646124694873002e-04 0.00000000000000000e+00
4.02066464147681716e-03 0.00000000000000000e+00
-3.45780327781014876e-03 0.00000000000000000e+00
1.75075205317267173e-03 0.00000000000000000e+00
-2.39202289566287475e-03 0.00000000000000000e+00
5.78685793750085501e-03 0.00000000000000000e+00
-2.45352320936963056e-03 0.00000000000000000e+00
1.34924780089273086e-03 0.00000000000000000e+00
5.51568642127977377e-03 0.00000000000000000e+00
-6.45742922365925408e-03 0.00000000000000000e+00
6.95829094427428962e-03 0.00000000000000000e+00
1.32187731228738817e-03 0.00000000000000000e+00
-1.58461986990594611e-03 0.00000000000000000e+00
-4.06127906772592220e-03 0.00000000000000000e+00
5.57041291412964704e-04 0.00000000000000000e+00
-6.92372896428238623e-04 0.00000000000000000e+00
-6.52981402048738706e-03 0.00000000000000000e+00
4.93029734227969866e-03 0.00000000000000000e+00
-6.53320088254500091e-03 0.00000000000000000e+00
-1.61136654365504040e-03 0.00000000000000000e+00
1.42075095164234449e-03 0.00000000000000000e+00
2.79613463599621363e-03 0.00000000000000000e+00
-8.88215761435108141e-04 0.00000000000000000e+00
2.26194671047968499e-03 0.00000000000000000e+00
-1.30801569830176910e-04 0.00000000000000000e+00
-2.10523537761704094e-03 0.00000000000000000e+00
2.07568985678438511e-03 0.00000000000000000e+00
-1.96714352103343664e-03 0.00000000000000000e+00
1.42642052118134295e-03 0.00000000000000000e+00
-4.99881548230339708e-03 0.00000000000000000e+00
7.45495034208145529e-04 0.00000000000000000e+00
-1.84368153659454946e-04 0.00000000000000000e+00
-4.94852193080507971e-03 0.00000000000000000e+00
1.98222118775359668e-03 0.00000000000000000e+00
-3.94150378718637409e-03 0.00000000000000000e+00
-3.44312617162456040e-03 0.00000000000000000e+00
3.46014881035484672e-03 0.00000000000000000e+00
2.86601075908381013e-03 0.00000000000000000e+00
-6.27595886885920387e-04 0.00000000000000000e+00
1.84715696451661607e-03 0.00000000000000000e+00
2.01268006065675575e-04 0.00000000000000000e+00
-1.48860014619914597e-03 0.00000000000000000e+00
1.68890288514674382e-03 0.00000000000000000e+00
7.15215641013829031e-03 0.00000000000000000e+00
-7.66348888941554771e-03 0.00000000000000000e+00
-1.93835500964600785e-03 0.00000000000000000e+00
-1.75170559494746748e-04 0.00000000000000000e+00
-1.37523550657654768e-03 0.00000000000000000e+00
-2.96645872368969709e-03 0.00000000000000000e+00
4.20266237832767932e-03 0.00000000000000000e+00
-4.63541738030264026e-03 0.00000000000000000e+00
5.00351247504717423e-03 0.00000000000000000e+00
-4.39626972672520645e-03 0.00000000000000000e+00
7.83211444703750363e-03 0.00000000000000000e+00
-2.19024517915446769e-03 0.00000000000000000e+00
3.13455763680021320e-04 0.00000000000000000e+00
4.11043620959101845e-03 0.00000000000000000e+00
-4.39114152052079085e-03 0.00000000000000000e+00
4.90830242392155478e-03 0.00000000000000000e+00
1.84897895454399076e-03 0.00000000000000000e+00
-2.18959553358515817e-03 0.00000000000000000e+00
-2.49208413564183618e-03 0.00000000000000000e+00
2.55168074909398787e-04 0.00000000000000000e+00
-1.83215059690762950e-03 0.00000000000000000e+00
-2.49566017296040709e-03 0.00000000000000000e+00
3.42664907596371355e-03 0.00000000000000000e+00
-4.08909378825046514e-03 0.00000000000000000e+00
-1.29677786476475182e-03 0.00000000000000000e+00
7.70823190347301088e-04 0.00000000000000000e+00
5.49563680357246457e-03 0.00000000000000000e+00
-2.06012359865915444e-03 0.00000000000000000e+00
2.00912926994944183e-03 0.00000000000000000e+00
4.18559228429289318e-03 0.00000000000000000e+00
-5.46541202038281111e-03 0.00000000000000000e+00
5.96931578330957800e-03 0.00000000000000000e+00
-2.71416952473832815e-05 0.00000000000000000e+00
2.41317985584699879e-04 0.00000000000000000e+00
2.54527655487758742e-03 0.00000000000000000e+00
-3.60964203768319026e-04 0.00000000000000000e+00
2.43126955113680152e-04 0.00000000000000000e+00
3.40745631113084906e-03 0.00000000000000000e+00
-2.13069223615733674e-03 0.00000000000000000e+00
3.13844118101354536e-03 0.00000000000000000e+00
1.27161371424239504e-03 0.00000000000000000e+00
-1.23480846769848454e-03 0.00000000000000000e+00
-1.57104913274867418e-03 0.00000000000000000e+00
4.16550340195102247e-04 0.00000000000000000e+00
-1.16493339310665134e-03 0.00000000000000000e+00
8.39822516414132292e-05 0.00000000000000000e+00
9.59377449299988355e-04 0.00000000000000000e+00
-9.88266085996466473e-04 0.00000000000000000e+00
4.01953440651758170e-03 0.00000000000000000e+00
-3.79956724116219981e-03 0.00000000000000000e+00
3.00164832999606432e-03 0.00000000000000000e+00
-5.81168904811763887e-04 0.00000000000000000e+00
-1.50488459799710404e-03 0.00000000000000000e+00
3.13976842199724382e-03 0.00000000000000000e+00
9.17558613375310354e-04 0.00000000000000000e+00
5.70713775439306227e-04 0.00000000000000000e+00
2.79235372350536111e-03 0.00000000000000000e+00
-3.21950225432946369e-03 0.00000000000000000e+00
2.41002186398637250e-03 0.00000000000000000e+00
-1.30868612066292571e-03 0.00000000000000000e+00
-2.35925677236195998e-04 0.00000000000000000e+00
3.91193546373562809e-03 0.00000000000000000e+00
-3.57119818352322465e-03 0.00000000000000000e+00
3.87083413002067790e-03 0.00000000000000000e+00
-4.60516890275379509e-03 0.00000000000000000e+00
5.03957936125415222e-03 0.00000000000000000e+00
2.22500512628779961e-03 0.00000000000000000e+00
-1.66812684868316391e-05 0.00000000000000000e+00
9.84915356468304797e-04 0.00000000000000000e+00
3.03671478287379252e-03 0.00000000000000000e+00
-3.36037694957221035e-03 0.00000000000000000e+00
4.01359477993343434e-03 0.00000000000000000e+00
-2.80210914469314473e-03 0.00000000000000000e+00
2.39817056730346357e-03 0.00000000000000000e+00
-5.82032745036374990e-03 0.00000000000000000e+00
1.60598462474829582e-03 0.00000000000000000e+00
-5.86439885057221211e-04 0.00000000000000000e+00
-2.78342275100976807e-03 0.00000000000000000e+00
3.26591696783099395e-03 0.00000000000000000e+00
-3.64166549620556848e-03 0.00000000000000000e+00
-9.79895166937120319e-04 0.00000000000000000e+00
2.16847090402609056e-04 0.00000000000000000e+00
-6.06413301647159685e-03 0.00000000000000000e+00
8.15675618775048967e-04 0.00000000000000000e+00
-1.05391122067074452e-03 0.00000000000000000e+00
-5.49169864241555970e-03 0.00000000000000000e+00
3.08550496081505098e-03 0.00000000000000000e+00
-5.27555558847252019e-03 0.00000000000000000e+00
-3.65214333117099910e-03 0.00000000000000000e+00
3.52514089580172876e-03 0.00000000000000000e+00
5.97198092596362348e-03 0.00000000000000000e+00
-1.69712917960236046e-03 0.00000000000000000e+00
2.53546225562594927e-03 0.00000000000000000e+00
2.67784004765110432e-03 0.00000000000000000e+00
-4.22573995586281604e-03 0.00000000000000000e+00
4.75539223111537228e-03 0.00000000000000000e+00
7.01461326346478607e-04 0.00000000000000000e+00
-1.22193519485704733e-03 0.00000000000000000e+00
-6.53669629754542476e-03 0.00000000000000000e+00
9.07908063391645254e-04 0.00000000000000000e+00
-5.36691072387954519e-04 0.00000000000000000e+00
-9.33831348680215501e-03 0.00000000000000000e+00
5.99083545209467671e-03 0.00000000000000000e+00
-8.60995496930861554e-03 0.00000000000000000e+00
-2.70578236385384929e-03 0.00000000000000000e+00
2.68912681357065531e-03 0.00000000000000000e+00
3.88409177818592813e-03 0.00000000000000000e+00
-9.87695640886221285e-04 0.00000000000000000e+00
2.95347980240402621e-03 0.00000000000000000e+00
-6.90735696181891913e-04 0.00000000000000000e+00
-2.12935351927213707e-03 0.00000000000000000e+00
2.12219450584846380e-03 0.00000000000000000e+00
1.64694858608128688e-03 0.00000000000000000e+00
-3.59501059074079747e-03 0.00000000000000000e+00
-1.38555490995195853e-02 0.00000000000000000e+00
1.63407770497250881e-03 0.00000000000000000e+00
-3.72036142139043702e-03 0.00000000000000000e+00
-1.22651969341527663e-02 0.00000000000000000e+00
8.81206935914894372e-03 0.00000000000000000e+00
-1.35045652230629462e-02 0.00000000000000000e+00
-5.90135756802346711e-03 0.00000000000000000e+00
5.62470218622544704e-03 0.00000000000000000e+00
1.83979971646838422e-02 0.00000000000000000e+00
-5.49052675851263543e-03 0.00000000000000000e+00
5.99976287720533578e-03 0.00000000000000000e+00
1.00303428638873118e-02 0.00000000000000000e+00
-1.34830040573917769e-02 0.00000000000000000e+00
1.51435492576494912e-02 0.00000000000000000e+00
5.99500586519141013e-03 0.00000000000000000e+00
-7.09080250957439852e-03 0.00000000000000000e+00
-1.32119031411229854e-02 0.00000000000000000e+00
1.64111581136193560e-03 0.00000000000000000e+00
-2.64261605572383524e-03 0.00000000000000000e+00
-2.00875794662977933e-02 0.00000000000000000e+00
1.56184340215915745e-02 0.00000000000000000e+00
-2.06581637027173151e-02 0.00000000000000000e+00
-3.37561710809908223e-03 0.00000000000000000e+00
3.06478066156637722e-03 0.00000000000000000e+00
1.19962515758258344e-02 0.00000000000000000e+00
-3.64237415850448849e-03 0.00000000000000000e+00
6.84375135897995202e-03 0.00000000000000000e+00
1.86934620121569062e-03 0.00000000000000000e+00
-8.37602260782565819e-03 0.00000000000000000e+00
8.62805540872696973e-03 0.00000000000000000e+00
-7.90957788307254314e-03 0.00000000000000000e+00
5.25273190956794620e-03 0.00000000000000000e+00
-2.11679946670998223e-02 0.00000000000000000e+00
3.00544819291702825e-03 0.00000000000000000e+00
-1.64754302365556536e-03 0.00000000000000000e+00
-1.79803066735507375e-02 0.00000000000000000e+00
6.70918414046861849e-03 0.00000000000000000e+00
-1.46786750776412359e-02 0.00000000000000000e+00
-1.40025063711080814e-02 0.00000000000000000e+00
1.41497371732796258e-02 0.00000000000000000e+00
1.62698669525006591e-02 0.00000000000000000e+00
-3.92475185066175868e-03 0.00000000000000000e+00
7.45436185259572542e-03 0.00000000000000000e+00
5.22117300990533606e-03 0.00000000000000000e+00
-9.46442793093420914e-03 0.00000000000000000e+00
1.09808998392511483e-02 0.00000000000000000e+00
-5.91958129716856941e-03 0.00000000000000000e+00
5.27371008432201728e-03 0.00000000000000000e+00
-1.29387026343009345e-02 0.00000000000000000e+00
2.25562930122100765e-03 0.00000000000000000e+00
7.21819258163639075e-04 0.00000000000000000e+00
-1.85929603256668498e-02 0.00000000000000000e+00
8.99964800486957421e-03 0.00000000000000000e+00
-1.46329779943458818e-02 0.00000000000000000e+00
-1.08241444330187016e-02 0.00000000000000000e+00
1.04103862679822481e-02 0.00000000000000000e+00
-1.73918069449288562e-04 0.00000000000000000e+00
4.88643840333237325e-04 0.00000000000000000e+00
6.02118915349195843e-03 0.00000000000000000e+00
-7.11185029278733200e-03 0.00000000000000000e+00
1.12140734323753675e-03 0.00000000000000000e+00
-1.81184840360034002e-03 0.00000000000000000e+00
-6.78704240400900818e-04 0.00000000000000000e+00
1.18280734099415990e-03 0.00000000000000000e+00
1.76781300728641303e-03 0.00000000000000000e+00
-7.27632942975102112e-05 0.00000000000000000e+00
1.60276973109755043e-04 0.00000000000000000e+00
5.06894620355853085e-06 0.00000000000000000e+00
6.50799072540710066e-04 0.00000000000000000e+00
-1.28663644981980908e-04 0.00000000000000000e+00
-1.04788495845998977e-03 0.00000000000000000e+00
5.01613383788748974e-04 0.00000000000000000e+00
-3.90044591531769251e-03 0.00000000000000000e+00
7.98434955811630248e-04 0.00000000000000000e+00
3.24425312913784766e-04 0.00000000000000000e+00
-2.23605044752541240e-03 0.00000000000000000e+00
1.43537504881624122e-03 0.00000000000000000e+00
-1.89720901598149712e-03 0.00000000000000000e+00
2.28029005891252738e-02 0.00000000000000000e+00
-2.38595744518513217e-02 0.00000000000000000e+00
1.41175836278019666e-03 0.00000000000000000e+00
-1.66155898424332578e-03 0.00000000000000000e+00
-3.85617199865600753e-03 0.00000000000000000e+00
1.26229475767396411e-03 0.00000000000000000e+00
6.76467901353084745e-03 0.00000000000000000e+00
-5.07503111376294939e-03 0.00000000000000000e+00
1.98004691692914153e-02 0.00000000000000000e+00
-1.77611729021753366e-02 0.00000000000000000e+00
2.10914360834454154e-02 0.00000000000000000e+00
-6.00158171098481331e-03 0.00000000000000000e+00
-2.50774053793520035e-03 0.00000000000000000e+00
1.42344492283750738e-02 0.00000000000000000e+00
-1.18128375541756130e-02 0.00000000000000000e+00
1.35067777951385793e-02 0.00000000000000000e+00
-7.59788073524114271e-03 0.00000000000000000e+00
7.77904933787167997e-03 0.00000000000000000e+00
6.26399680020885011e-05 0.00000000000000000e+00
3.17719742113845038e-04 0.00000000000000000e+00
3.84458821586471100e-03 0.00000000000000000e+00
6.61154925644005841e-04 0.00000000000000000e+00
-6.06788199703518251e-03 0.00000000000000000e+00
5.39334909235308479e-03 0.00000000000000000e+00
-2.16828990846298529e-03 0.00000000000000000e+00
3.16274963347540393e-03 0.00000000000000000e+00
-9.59423241689013467e-03 0.00000000000000000e+00
3.96161504629255999e-03 0.00000000000000000e+00
-2.25215248672514879e-03 0.00000000000000000e+00
-8.99025876438006022e-03 0.00000000000000000e+00
1.04253391949576217e-02 0.00000000000000000e+00
-1.12990205157131231e-02 0.00000000000000000e+00
2.25709779657603388e-03 0.00000000000000000e+00
-2.49284359054922173e-03 0.00000000000000000e+00
1.22694475305528327e-03 0.00000000000000000e+00
-4.13203381328433410e-04 0.00000000000000000e+00
-2.53596531558426970e-04 0.00000000000000000e+00
3.24817382834808504e-03 0.00000000000000000e+00
-1.82558254243490653e-03 0.00000000000000000e+00
2.52994752003512201e-03 0.00000000000000000e+00
3.38148040281758926e-03 0.00000000000000000e+00
-2.84101671795699423e-03 0.00000000000000000e+00
3.01843468940817547e-03 0.00000000000000000e+00
-6.96468205707182300e-04 0.00000000000000000e+00
-1.43838593143251654e-03 0.00000000000000000e+00
2.88677344079360521e-03 0.00000000000000000e+00
-1.21029632690190661e-03 0.00000000000000000e+00
1.65143721316652193e-03 0.00000000000000000e+00
3.27536808695531650e-03 0.00000000000000000e+00
-3.65437164820590563e-03 0.00000000000000000e+00
-1.09635775662401155e-03 0.00000000000000000e+00
-7.79695485055982259e-05 0.00000000000000000e+00
-1.50643251241538707e-03 0.00000000000000000e+00
-2.30107023423556048e-04 0.00000000000000000e+00
1.82546474107175816e-03 0.00000000000000000e+00
-1.89104694768584946e-03 0.00000000000000000e+00
1.52730293240592408e-03 0.00000000000000000e+00
-1.54088892058396325e-03 0.00000000000000000e+00
5.96072952171265366e-03 0.00000000000000000e+00
-1.95007341131518794e-03 0.00000000000000000e+00
6.00038887865183288e-04 0.00000000000000000e+00
4.69145372900291353e-03 0.00000000000000000e+00
-4.70686228291470731e-03 0.00000000000000000e+00
5.31340044417136659e-03 0.00000000000000000e+00
-5.71921954537841191e-03 0.00000000000000000e+00
5.49754848017515799e-03 0.00000000000000000e+00
-9.06751779084821567e-03 0.00000000000000000e+00
1.77208553170217693e-03 0.00000000000000000e+00
-3.39506245951189480e-04 0.00000000000000000e+00
-1.35742097605014052e-02 0.00000000000000000e+00
7.64039480004237870e-03 0.00000000000000000e+00
-1.15586641248267459e-02 0.00000000000000000e+00
-1.09642848076492924e-02 0.00000000000000000e+00
9.71357521935756890e-03 0.00000000000000000e+00
-1.03252784455111751e-03 0.00000000000000000e+00
6.37683378948499936e-06 0.00000000000000000e+00
5.78701359177607923e-03 0.00000000000000000e+00
-4.43426953438938107e-03 0.00000000000000000e+00
-1.03453594530614483e-03 0.00000000000000000e+00
4.97346010690318495e-04 0.00000000000000000e+00
-1.65299636793008776e-02 0.00000000000000000e+00
1.55506032580702853e-02 0.00000000000000000e+00
-9.06348013653870618e-03 0.00000000000000000e+00
1.77485752322710869e-03 0.00000000000000000e+00
6.60478634228035908e-03 0.00000000000000000e+00
-5.90597046167745231e-03 0.00000000000000000e+00
-9.07452079678370757e-03 0.00000000000000000e+00
4.41643752182056988e-03 0.00000000000000000e+00
-8.34586552618405905e-03 0.00000000000000000e+00
1.07001496007566067e-02 0.00000000000000000e+00
-9.50090076201850695e-03 0.00000000000000000e+00
5.53572333699116782e-03 0.00000000000000000e+00
-1.69082228592099893e-03 0.00000000000000000e+00
-1.38468346633403017e-02 0.00000000000000000e+00
1.54097546631864844e-02 0.00000000000000000e+00
-1.62331053268045186e-02 0.00000000000000000e+00
-6.15564752651111963e-03 0.00000000000000000e+00
5.20354719703251117e-03 0.00000000000000000e+00
-1.51265862966675074e-02 0.00000000000000000e+00
2.52813037458034197e-03 0.00000000000000000e+00
4.51070120762102442e-04 0.00000000000000000e+00
-2.04346390645552892e-02 0.00000000000000000e+00
9.85745475785288795e-03 0.00000000000000000e+00
-1.62858247876121603e-02 0.00000000000000000e+00
-1.17683615654073578e-02 0.00000000000000000e+00
1.14293900470827294e-02 0.00000000000000000e+00
2.08566627496558537e-03 0.00000000000000000e+00
-7.37270647003647158e-05 0.00000000000000000e+00
6.72954684398530990e-03 0.00000000000000000e+00
-6.19028178365204837e-03 0.00000000000000000e+00
-1.64346554672192293e-04 0.00000000000000000e+00
-3.17268738699557414e-04 0.00000000000000000e+00
-9.59862789494870974e-04 0.00000000000000000e+00
4.83760059414143273e-04 0.00000000000000000e+00
-3.28233580029271398e-03 0.00000000000000000e+00
4.19050872577027419e-04 0.00000000000000000e+00
7.93667917778589200e-05 0.00000000000000000e+00
-2.58777545410978933e-03 0.00000000000000000e+00
4.84215991052347472e-04 0.00000000000000000e+00
-1.74310678488874202e-03 0.00000000000000000e+00
-1.24064589253937278e-03 0.00000000000000000e+00
1.56874532727883020e-03 0.00000000000000000e+00
2.57626535942438771e-03 0.00000000000000000e+00
-4.19913195097103677e-04 0.00000000000000000e+00
6.40971409834819564e-04 0.00000000000000000e+00
4.57518609405161878e-04 0.00000000000000000e+00
-6.99539697404783444e-04 0.00000000000000000e+00
9.33855704176598470e-04 0.00000000000000000e+00
-4.13760198935611036e-03 0.00000000000000000e+00
4.02942886654373850e-03 0.00000000000000000e+00
-4.80179666725430963e-03 0.00000000000000000e+00
9.86278281518173511e-04 0.00000000000000000e+00
1.36622275693893585e-04 0.00000000000000000e+00
-6.85561113809621692e-03 0.00000000000000000e+00
3.23183317938322131e-03 0.00000000000000000e+00
-5.35794962165084959e-03 0.00000000000000000e+00
-6.39049726423209299e-03 0.00000000000000000e+00
5.76340239210774465e-03 0.00000000000000000e+00
-1.44859775708275156e-03 0.00000000000000000e+00
3.47268385502263706e-04 0.00000000000000000e+00
2.90308059445974634e-03 0.00000000000000000e+00
-2.99292095564044226e-03 0.00000000000000000e+00
2.70788130476414663e-04 0.00000000000000000e+00
-6.04264212509699264e-04 0.00000000000000000e+00
-2.90095761573710758e-03 0.00000000000000000e+00
2.71261252377807136e-03 0.00000000000000000e+00
-1.51688777415429077e-03 0.00000000000000000e+00
2.90917270685746732e-04 0.00000000000000000e+00
1.19091018791152997e-03 0.00000000000000000e+00
-7.77443101968225696e-04 0.00000000000000000e+00
-1.83327724142996035e-03 0.00000000000000000e+00
1.05244229443192004e-03 0.00000000000000000e+00
-1.30822126117284012e-03 0.00000000000000000e+00
1.76768099753166446e-03 0.00000000000000000e+00
-1.58355039068712542e-03 0.00000000000000000e+00
9.74435321021404721e-04 0.00000000000000000e+00
-4.21050927342094840e-04 0.00000000000000000e+00
-2.33092783972490116e-03 0.00000000000000000e+00
2.74746365077300136e-03 0.00000000000000000e+00
-2.86833757793777001e-03 0.00000000000000000e+00
-3.21393501990774669e-03 0.00000000000000000e+00
3.25588588564063334e-03 0.00000000000000000e+00
-1.82829917665970100e-03 0.00000000000000000e+00
4.73755533428371048e-04 0.00000000000000000e+00
5.82347950792854265e-04 0.00000000000000000e+00
-2.67454071614773095e-03 0.00000000000000000e+00
4.71174999166902846e-04 0.00000000000000000e+00
-1.40128157415990592e-03 0.00000000000000000e+00
-3.47282917655378958e-03 0.00000000000000000e+00
3.22455331291893795e-03 0.00000000000000000e+00
-2.48973939213681297e-03 0.00000000000000000e+00
7.88785891173541284e-04 0.00000000000000000e+00
1.02023278824420519e-03 0.00000000000000000e+00
-2.70177136482015363e-03 0.00000000000000000e+00
1.64437722133799029e-03 0.00000000000000000e+00
-1.94897240529014193e-03 0.00000000000000000e+00
-5.80635409226272023e-05 0.00000000000000000e+00
9.30624556554224161e-04 0.00000000000000000e+00
6.05716803371949501e-03 0.00000000000000000e+00
-7.24761925736901289e-04 0.00000000000000000e+00
1.17690862552039519e-03 0.00000000000000000e+00
5.09179228220921123e-03 0.00000000000000000e+00
-2.98536528508177657e-03 0.00000000000000000e+00
5.09847461078109885e-03 0.00000000000000000e+00
2.48012688240350316e-03 0.00000000000000000e+00
-2.55925278019391092e-03 0.00000000000000000e+00
-7.30242650901007442e-03 0.00000000000000000e+00
2.00552829591842596e-03 0.00000000000000000e+00
-2.21805035240069202e-03 0.00000000000000000e+00
-3.58502645032500889e-03 0.00000000000000000e+00
4.76034086374610161e-03 0.00000000000000000e+00
-5.43154438124885709e-03 0.00000000000000000e+00
2.28484768198383573e-03 0.00000000000000000e+00
-2.09263458404647428e-03 0.00000000000000000e+00
4.90459223297659477e-03 0.00000000000000000e+00
-8.89606765745318859e-04 0.00000000000000000e+00
1.51419890408707345e-04 0.00000000000000000e+00
7.21824526528667271e-03 0.00000000000000000e+00
-4.07160088365649420e-03 0.00000000000000000e+00
6.16379164420494206e-03 0.00000000000000000e+00
4.90629633764491299e-03 0.00000000000000000e+00
-4.43877676280759071e-03 0.00000000000000000e+00
-1.80710631118221888e-04 0.00000000000000000e+00
1.09006517783975031e-04 0.00000000000000000e+00
-2.81914110358334660e-03 0.00000000000000000e+00
2.08302008481709528e-03 0.00000000000000000e+00
6.00758018189863634e-04 0.00000000000000000e+00
-3.70149361610357228e-04 0.00000000000000000e+00
-9.35212186073542015e-06 0.00000000000000000e+00
8.28784653636151767e-04 0.00000000000000000e+00
6.15005629201257047e-03 0.00000000000000000e+00
-7.77753579888447433e-04 0.00000000000000000e+00
1.69866151732111733e-03 0.00000000000000000e+00
5.41853739612968652e-03 0.00000000000000000e+00
-3.85895779199294615e-03 0.00000000000000000e+00
5.95606590089519435e-03 0.00000000000000000e+00
3.49560929607270867e-03 0.00000000000000000e+00
-3.19851737443541855e-03 0.00000000000000000e+00
-7.66736751565700453e-03 0.00000000000000000e+00
2.37909184289124883e-03 0.00000000000000000e+00
-2.90700950113708875e-03 0.00000000000000000e+00
-4.33035726858930006e-03 0.00000000000000000e+00
6.04105196685641305e-03 0.00000000000000000e+00
-6.75159348093088904e-03 0.00000000000000000e+00
2.37228406609208547e-03 0.00000000000000000e+00
-2.33960228319695989e-03 0.00000000000000000e+00
2.88855877195110661e-03 0.00000000000000000e+00
-5.93983457952334225e-04 0.00000000000000000e+00
-3.82791251205362231e-04 0.00000000000000000e+00
4.57517003798867377e-03 0.00000000000000000e+00
-2.02145979843968825e-03 0.00000000000000000e+00
3.36587077344982673e-03 0.00000000000000000e+00
3.46056340462524070e-03 0.00000000000000000e+00
-3.21645822752993863e-03 0.00000000000000000e+00
1.52924495325917030e-03 0.00000000000000000e+00
-5.06268814356927526e-04 0.00000000000000000e+00
-1.56943631900380038e-03 0.00000000000000000e+00
2.71311274538197028e-03 0.00000000000000000e+00
-1.05402842771896510e-03 0.00000000000000000e+00
1.37101856008886168e-03 0.00000000000000000e+00
6.97071238725751469e-03 0.00000000000000000e+00
-5.63139839521576216e-03 0.00000000000000000e+00
1.44263589656516839e-02 0.00000000000000000e+00
-2.28850288938209400e-03 0.00000000000000000e+00
-5.85957084931667738e-05 0.00000000000000000e+00
1.56026927933777468e-02 0.00000000000000000e+00
-6.09467703449067481e-03 0.00000000000000000e+00
1.19549071565476731e-02 0.00000000000000000e+00
1.11156057950829810e-02 0.00000000000000000e+00
-1.10348975999669807e-02 0.00000000000000000e+00
-5.33699672137645000e-03 0.00000000000000000e+00
9.35051757593151410e-04 0.00000000000000000e+00
-5.58409245484934886e-03 0.00000000000000000e+00
2.09279129796455720e-03 0.00000000000000000e+00
2.25909948658581860e-03 0.00000000000000000e+00
-2.44985647653217205e-03 0.00000000000000000e+00
-4.19425827271094481e-02 0.00000000000000000e+00
4.50137271982870291e-02 0.00000000000000000e+00
1.39584467789181654e-02 0.00000000000000000e+00
5.82081177622436208e-04 0.00000000000000000e+00
8.93613109100297419e-03 0.00000000000000000e+00
2.16474865528808874e-02 0.00000000000000000e+00
-2.82834279432602198e-02 0.00000000000000000e+00
3.18183010501888533e-02 0.00000000000000000e+00
-2.66410820123012086e-02 0.00000000000000000e+00
2.36639669186963185e-02 0.00000000000000000e+00
-4.74003445061061957e-02 0.00000000000000000e+00
1.36090430739953736e-02 0.00000000000000000e+00
-4.01439023037239006e-03 0.00000000000000000e+00
-2.44559074818139835e-02 0.00000000000000000e+00
2.80716525547820457e-02 0.00000000000000000e+00
-3.10897816740224528e-02 0.00000000000000000e+00
1.60397017880924003e-02 0.00000000000000000e+00
-1.56465234201892123e-02 0.00000000000000000e+00
5.21170485379122105e-03 0.00000000000000000e+00
-1.32182378901593502e-03 0.00000000000000000e+00
-6.58078425586466204e-03 0.00000000000000000e+00
2.79814465925144057e-03 0.00000000000000000e+00
9.86569718650684609e-03 0.00000000000000000e+00
-6.66167064601931765e-03 0.00000000000000000e+00
7.46291447298841337e-03 0.00000000000000000e+00
-9.35835787408902629e-03 0.00000000000000000e+00
1.30382835450523673e-02 0.00000000000000000e+00
-6.15944379208643693e-03 0.00000000000000000e+00
2.36671351284891774e-03 0.00000000000000000e+00
1.46538858843106839e-02 0.00000000000000000e+00
-1.64537716202680789e-02 0.00000000000000000e+00
1.75825597267045726e-02 0.00000000000000000e+00
3.16009069300057658e-03 0.00000000000000000e+00
-3.32594261535819249e-03 0.00000000000000000e+00
-4.07803281624009254e-03 0.00000000000000000e+00
5.30783515405726402e-04 0.00000000000000000e+00
-1.33691692783619726e-03 0.00000000000000000e+00
-7.90482048549722739e-03 0.00000000000000000e+00
7.18321048559293022e-03 0.00000000000000000e+00
-8.74494681590014603e-03 0.00000000000000000e+00
-1.23614530472881891e-03 0.00000000000000000e+00
7.64862743980015557e-04 0.00000000000000000e+00
3.64770331996763222e-03 0.00000000000000000e+00
-1.40994676811020459e-03 0.00000000000000000e+00
2.98331909251926429e-03 0.00000000000000000e+00
4.41905817814435399e-04 0.00000000000000000e+00
-3.52463058635140228e-03 0.00000000000000000e+00
3.45524542391632827e-03 0.00000000000000000e+00
-6.40551276632703431e-03 0.00000000000000000e+00
6.16163179405718273e-03 0.00000000000000000e+00
-4.70965031218702288e-03 0.00000000000000000e+00
9.70151195866111892e-04 0.00000000000000000e+00
1.88131483145810509e-03 0.00000000000000000e+00
-5.42079559742339977e-03 0.00000000000000000e+00
-4.16701118843710704e-04 0.00000000000000000e+00
-1.89073257978742445e-03 0.00000000000000000e+00
-5.49853659154740139e-03 0.00000000000000000e+00
5.75172431208132839e-03 0.00000000000000000e+00
-3.83371399450272484e-03 0.00000000000000000e+00
1.78108523631072269e-03 0.00000000000000000e+00
1.11090343491227579e-03 0.00000000000000000e+00
-5.72671968135728387e-03 0.00000000000000000e+00
4.53856709905677610e-03 0.00000000000000000e+00
-5.02809141695464631e-03 0.00000000000000000e+00
1.24336910918967734e-02 0.00000000000000000e+00
-1.28517771876747837e-02 0.00000000000000000e+00
5.01584610583567705e-03 0.00000000000000000e+00
-1.60569101773966869e-03 0.00000000000000000e+00
-1.22249590534798786e-03 0.00000000000000000e+00
7.62717611221611167e-03 0.00000000000000000e+00
-1.59766408083994904e-03 0.00000000000000000e+00
4.22147459088009595e-03 0.00000000000000000e+00
1.43421092183692294e-02 0.00000000000000000e+00
-1.26272436151494798e-02 0.00000000000000000e+00
9.63625199741766775e-03 0.00000000000000000e+00
-2.43879777452060123e-03 0.00000000000000000e+00
-4.33311505905412467e-03 0.00000000000000000e+00
8.16304547719204007e-03 0.00000000000000000e+00
-4.02124659297648911e-03 0.00000000000000000e+00
5.04618483376431930e-03 0.00000000000000000e+00
1.51440531610797166e-02 0.00000000000000000e+00
-1.42700942581060284e-02 0.00000000000000000e+00
8.11114880905550520e-03 0.00000000000000000e+00
-1.59677904136627325e-03 0.00000000000000000e+00
-6.26748824874463328e-03 0.00000000000000000e+00
5.30019559719183651e-03 0.00000000000000000e+00
8.57491409943254845e-03 0.00000000000000000e+00
-4.34726650346442360e-03 0.00000000000000000e+00
7.30684054325819558e-03 0.00000000000000000e+00
-9.56665633597782866e-03 0.00000000000000000e+00
9.17275988392650572e-03 0.00000000000000000e+00
-5.28371785484016941e-03 0.00000000000000000e+00
1.79242365024230533e-03 0.00000000000000000e+00
1.31734824432239942e-02 0.00000000000000000e+00
-1.47409896908107883e-02 0.00000000000000000e+00
1.55523432614199861e-02 0.00000000000000000e+00
4.73818271005387731e-03 0.00000000000000000e+00
-3.53804026757976661e-03 0.00000000000000000e+00
1.76865931040309336e-02 0.00000000000000000e+00
-2.82000604513084167e-03 0.00000000000000000e+00
9.22684811084247106e-05 0.00000000000000000e+00
2.41681672100638838e-02 0.00000000000000000e+00
-1.28020447924574367e-02 0.00000000000000000e+00
2.01850729193895316e-02 0.00000000000000000e+00
1.21050141843277274e-02 0.00000000000000000e+00
-1.17674823387905331e-02 0.00000000000000000e+00
-4.80203079687488519e-03 0.00000000000000000e+00
8.67917903943881395e-04 0.00000000000000000e+00
-7.95426413013321058e-03 0.00000000000000000e+00
5.54656855297128420e-03 0.00000000000000000e+00
1.94158445538414434e-03 0.00000000000000000e+00
-1.55485834570591864e-03 0.00000000000000000e+00
1.36370277217339950e-03 0.00000000000000000e+00
-1.31742724581009811e-03 0.00000000000000000e+00
2.55444320808040414e-04 0.00000000000000000e+00
-6.52140151534270050e-05 0.00000000000000000e+00
-9.18499571549703645e-04 0.00000000000000000e+00
-6.85855444590405640e-05 0.00000000000000000e+00
1.45603734169348327e-03 0.00000000000000000e+00
-1.21589509993627674e-03 0.00000000000000000e+00
-2.92280853694907314e-05 0.00000000000000000e+00
-3.62883795977374604e-04 0.00000000000000000e+00
1.52828225259277976e-03 0.00000000000000000e+00
-8.10370077756198000e-04 0.00000000000000000e+00
6.76562095140205194e-04 0.00000000000000000e+00
1.81685502007446426e-03 0.00000000000000000e+00
-2.32471483980868513e-03 0.00000000000000000e+00
2.46346954576298280e-03 0.00000000000000000e+00
5.02876912218472045e-03 0.00000000000000000e+00
-5.11960501915685942e-03 0.00000000000000000e+00
2.22207693826802178e-03 0.00000000000000000e+00
-6.47831625168380902e-04 0.00000000000000000e+00
-5.98544524545691504e-04 0.00000000000000000e+00
2.93424370613201485e-03 0.00000000000000000e+00
-2.79300052006443598e-04 0.00000000000000000e+00
1.40642415805542712e-03 0.00000000000000000e+00
5.50242641472233670e-03 0.00000000000000000e+00
-4.95867841493607183e-03 0.00000000000000000e+00
3.50999793712163978e-03 0.00000000000000000e+00
-9.76914763480894992e-04 0.00000000000000000e+00
-1.54688309938197247e-03 0.00000000000000000e+00
3.16865204028469105e-03 0.00000000000000000e+00
-1.73983575749017661e-03 0.00000000000000000e+00
2.09962184706712247e-03 0.00000000000000000e+00
2.08191968026119048e-03 0.00000000000000000e+00
-2.43319606247657024e-03 0.00000000000000000e+00
-2.73083271140028144e-03 0.00000000000000000e+00
2.84984046925295309e-04 0.00000000000000000e+00
-1.95604717980530024e-03 0.00000000000000000e+00
-2.95296366789855056e-03 0.00000000000000000e+00
3.90293124773077437e-03 0.00000000000000000e+00
-4.64871149533946978e-03 0.00000000000000000e+00
-1.38452717030001561e-03 0.00000000000000000e+00
8.12839006791931155e-04 0.00000000000000000e+00
5.80146016459652004e-03 0.00000000000000000e+00
-2.18630627020961017e-03 0.00000000000000000e+00
2.21708476478791987e-03 0.00000000000000000e+00
4.31637733127468622e-03 0.00000000000000000e+00
-5.79740952914613219e-03 0.00000000000000000e+00
6.30668678521253186e-03 0.00000000000000000e+00
2.42233294085676632e-03 0.00000000000000000e+00
-2.56144258356336011e-03 0.00000000000000000e+00
-1.37987713456390245e-04 0.00000000000000000e+00
-1.35526254177613598e-04 0.00000000000000000e+00
-4.74989472359733076e-04 0.00000000000000000e+00
-2.11955833727198065e-04 0.00000000000000000e+00
9.68742871902200263e-04 0.00000000000000000e+00
-8.95264423100139667e-04 0.00000000000000000e+00
1.91573655601530121e-03 0.00000000000000000e+00
-1.72084339371060806e-03 0.00000000000000000e+00
2.49383499728634802e-03 0.00000000000000000e+00
-7.20907317419462799e-04 0.00000000000000000e+00
-1.08779314459102864e-04 0.00000000000000000e+00
1.60644561020337130e-03 0.00000000000000000e+00
-1.47272662649691418e-03 0.00000000000000000e+00
1.66794716490359309e-03 0.00000000000000000e+00
1.28238056081561472e-03 0.00000000000000000e+00
-3.13562260577365717e-03 0.00000000000000000e+00
-1.28444392042204262e-02 0.00000000000000000e+00
1.50118778542462266e-03 0.00000000000000000e+00
-3.24624046085608469e-03 0.00000000000000000e+00
-1.09877480666055721e-02 0.00000000000000000e+00
7.54151346546013627e-03 0.00000000000000000e+00
-1.19003687574426101e-02 0.00000000000000000e+00
-5.23550537999898334e-03 0.00000000000000000e+00
5.12783192114759506e-03 0.00000000000000000e+00
1.70169492307248107e-02 0.00000000000000000e+00
-4.96581704842784504e-03 0.00000000000000000e+00
5.26070590651241381e-03 0.00000000000000000e+00
9.18619655019018398e-03 0.00000000000000000e+00
-1.20716338557048265e-02 0.00000000000000000e+00
1.36347643098478771e-02 0.00000000000000000e+00
-1.13220751286303642e-03 0.00000000000000000e+00
5.82023749914043279e-04 0.00000000000000000e+00
-1.00287809162231904e-02 0.00000000000000000e+00
1.60332729298854259e-03 0.00000000000000000e+00
-9.43472314139068920e-04 0.00000000000000000e+00
-1.50407214154769514e-02 0.00000000000000000e+00
9.74761799813883729e-03 0.00000000000000000e+00
-1.38602583413264518e-02 0.00000000000000000e+00
-7.18435084483256842e-03 0.00000000000000000e+00
6.49857575649990301e-03 0.00000000000000000e+00
3.61388607705752504e-03 0.00000000000000000e+00
-1.16849647300669391e-03 0.00000000000000000e+00
5.56457893326613249e-03 0.00000000000000000e+00
-2.19457802309259205e-03 0.00000000000000000e+00
-3.12489091684420598e-03 0.00000000000000000e+00
2.88893644458199008e-03 0.00000000000000000e+00
-2.91900164636426068e-04 0.00000000000000000e+00
-1.89556321900320973e-03 0.00000000000000000e+00
-1.66462362121088808e-02 0.00000000000000000e+00
2.12886540842786810e-03 0.00000000000000000e+00
-4.45617444338951112e-03 0.00000000000000000e+00
-1.48088596711076059e-02 0.00000000000000000e+00
1.03715164760476725e-02 0.00000000000000000e+00
-1.60856044554320149e-02 0.00000000000000000e+00
-9.66573355718274713e-03 0.00000000000000000e+00
8.86071631275528286e-03 0.00000000000000000e+00
2.02125893068789801e-02 0.00000000000000000e+00
-6.25942013319230519e-03 0.00000000000000000e+00
7.86191082680307539e-03 0.00000000000000000e+00
1.12320400301651954e-02 0.00000000000000000e+00
-1.59143991532776433e-02 0.00000000000000000e+00
1.77748931739818150e-02 0.00000000000000000e+00
-4.45118715087444196e-03 0.00000000000000000e+00
4.18909011813460748e-03 0.00000000000000000e+00
-8.19464881202946333e-03 0.00000000000000000e+00
1.51948793054358091e-03 0.00000000000000000e+00
6.04283715996094175e-04 0.00000000000000000e+00
-1.26076779438764434e-02 0.00000000000000000e+00
6.22198673063024607e-03 0.00000000000000000e+00
-9.88344427104231524e-03 0.00000000000000000e+00
-7.82647176043918015e-03 0.00000000000000000e+00
7.36208398377888838e-03 0.00000000000000000e+00
-1.63679797890280533e-03 0.00000000000000000e+00
6.71790647675163410e-04 0.00000000000000000e+00
4.18306895119170078e-03 0.00000000000000000e+00
-5.74166404192081627e-03 0.00000000000000000e+00
1.41229996580618969e-03 0.00000000000000000e+00
-2.05334620506756335e-03 0.00000000000000000e+00
-3.11875362700419654e-03 0.00000000000000000e+00
1.58411452776248993e-03 0.00000000000000000e+00
-1.09349293737383696e-02 0.00000000000000000e+00
1.42223171485832784e-03 0.00000000000000000e+00
-8.07024655290753589e-05 0.00000000000000000e+00
-8.88797663683890682e-03 0.00000000000000000e+00
2.28374508696678902e-03 0.00000000000000000e+00
-6.44731382194360485e-03 0.00000000000000000e+00
-4.72344883552435965e-03 0.00000000000000000e+00
5.56363222776385443e-03 0.00000000000000000e+00
8.75067338029382989e-03 0.00000000000000000e+00
-1.63142468784267694e-03 0.00000000000000000e+00
2.59064194951300151e-03 0.00000000000000000e+00
1.94687519346202595e-03 0.00000000000000000e+00
-3.13825606754066693e-03 0.00000000000000000e+00
3.92827054529338270e-03 0.00000000000000000e+00
-1.12810286544835613e-02 0.00000000000000000e+00
1.11265289420161978e-02 0.00000000000000000e+00
-1.06456193721479204e-02 0.00000000000000000e+00
2.30901086826407458e-03 0.00000000000000000e+00
7.86285446249058604e-04 0.00000000000000000e+00
-1.50213556514203865e-02 0.00000000000000000e+00
6.18304194647174322e-03 0.00000000000000000e+00
-1.10081202204967855e-02 0.00000000000000000e+00
-1.56908657045285831e-02 0.00000000000000000e+00
1.42090781599996420e-02 0.00000000000000000e+00
-5.24410423645398690e-03 0.00000000000000000e+00
1.41322036483661727e-03 0.00000000000000000e+00
6.43711463061847223e-03 0.00000000000000000e+00
-8.04933941555057916e-03 0.00000000000000000e+00
1.99556225362482447e-03 0.00000000000000000e+00
-2.88927450683487685e-03 0.00000000000000000e+00
1.50138433347995299e-03 0.00000000000000000e+00
-1.96588648941175680e-03 0.00000000000000000e+00
-2.85480489713691235e-03 0.00000000000000000e+00
2.75802510807790556e-04 0.00000000000000000e+00
-1.53496237417424862e-03 0.00000000000000000e+00
-2.25833664683184557e-03 0.00000000000000000e+00
2.61941453193586908e-03 0.00000000000000000e+00
-3.43153053352440859e-03 0.00000000000000000e+00
-9.89508344730198434e-04 0.00000000000000000e+00
7.29791304201056414e-04 0.00000000000000000e+00
5.79001542609760070e-03 0.00000000000000000e+00
-1.94105792110349138e-03 0.00000000000000000e+00
1.62952742128938725e-03 0.00000000000000000e+00
4.09230258660179830e-03 0.00000000000000000e+00
-4.94009583801236288e-03 0.00000000000000000e+00
5.50511640791307919e-03 0.00000000000000000e+00
-5.76477020232194024e-03 0.00000000000000000e+00
6.21625696708659210e-03 0.00000000000000000e+00
1.61932825003595327e-04 0.00000000000000000e+00
3.99689025526364173e-04 0.00000000000000000e+00
1.23988594389252277e-03 0.00000000000000000e+00
-7.98550853798206590e-04 0.00000000000000000e+00
-1.30492493540232206e-03 0.00000000000000000e+00
9.77569407366390584e-04 0.00000000000000000e+00
-4.98131621702190778e-03 0.00000000000000000e+00
4.39701410436189443e-03 0.00000000000000000e+00
-7.01151482809446273e-03 0.00000000000000000e+00
1.97803909396712012e-03 0.00000000000000000e+00
6.30068842146328271e-04 0.00000000000000000e+00
-5.01764366370647825e-03 0.00000000000000000e+00
4.09039083708270454e-03 0.00000000000000000e+00
-4.75927015558860484e-03 0.00000000000000000e+00
-1.38912900216306271e-03 0.00000000000000000e+00
2.42129187187558118e-03 0.00000000000000000e+00
6.59344181626321437e-03 0.00000000000000000e+00
-7.04808247958611236e-04 0.00000000000000000e+00
1.70905109803812108e-03 0.00000000000000000e+00
5.36335338119574723e-03 0.00000000000000000e+00
-3.75001909267931111e-03 0.00000000000000000e+00
5.94119666027932616e-03 0.00000000000000000e+00
1.79327980466521342e-03 0.00000000000000000e+00
-1.91175822890719414e-03 0.00000000000000000e+00
-9.63215260434045761e-03 0.00000000000000000e+00
2.73369308810362307e-03 0.00000000000000000e+00
-2.43065630140339856e-03 0.00000000000000000e+00
-5.27542482290867341e-03 0.00000000000000000e+00
6.46493231991622161e-03 0.00000000000000000e+00
-7.36007626637563087e-03 0.00000000000000000e+00
1.98097971659981584e-03 0.00000000000000000e+00
-1.34123514278012309e-03 0.00000000000000000e+00
1.22625392126250333e-02 0.00000000000000000e+00
-2.00524656125733967e-03 0.00000000000000000e+00
1.28352203438799445e-03 0.00000000000000000e+00
1.82757596619213467e-02 0.00000000000000000e+00
-1.18962868979409844e-02 0.00000000000000000e+00
1.69179915427453906e-02 0.00000000000000000e+00
9.60589311359626857e-03 0.00000000000000000e+00
-8.58333373948031754e-03 0.00000000000000000e+00
-4.18456522985008982e-03 0.00000000000000000e+00
1.46481585299483292e-03 0.00000000000000000e+00
-7.06560515146381976e-03 0.00000000000000000e+00
2.53865594384587636e-03 0.00000000000000000e+00
4.12316667703925901e-03 0.00000000000000000e+00
-3.84215018429651242e-03 0.00000000000000000e+00
1.55729945226209168e-02 0.00000000000000000e+00
-1.42545066659441836e-02 0.00000000000000000e+00
1.15420099104217664e-02 0.00000000000000000e+00
-2.05608687851090545e-03 0.00000000000000000e+00
-5.30297354504718002e-03 0.00000000000000000e+00
8.19846843272163325e-03 0.00000000000000000e+00
6.56846070731002558e-03 0.00000000000000000e+00
-1.16860949013687068e-03 0.00000000000000000e+00
9.71163288000004635e-03 0.00000000000000000e+00
-1.17282719740057512e-02 0.00000000000000000e+00
5.10450840262473629e-03 0.00000000000000000e+00
-3.98196476973116265e-03 0.00000000000000000e+00
7.99051319083955171e-05 0.00000000000000000e+00
1.07565592891311432e-02 0.00000000000000000e+00
-1.13352404377102325e-02 0.00000000000000000e+00
1.17486472221651761e-02 0.00000000000000000e+00
7.17541870668522101e-03 0.00000000000000000e+00
-6.42271233351049495e-03 0.00000000000000000e+00
1.35580958632263143e-02 0.00000000000000000e+00
-2.37515840578326684e-03 0.00000000000000000e+00
-8.30296223465095719e-04 0.00000000000000000e+00
1.84530670369126883e-02 0.00000000000000000e+00
-8.26695335725623204e-03 0.00000000000000000e+00
1.41407176596172364e-02 0.00000000000000000e+00
1.18110096955009441e-02 0.00000000000000000e+00
-1.14136973488452517e-02 0.00000000000000000e+00
4.56336551850924674e-05 0.00000000000000000e+00
-5.24805227011841875e-04 0.00000000000000000e+00
-6.09343691579117275e-03 0.00000000000000000e+00
6.99053595780724322e-03 0.00000000000000000e+00
-1.15160784897999722e-03 0.00000000000000000e+00
1.75942701542968730e-03 0.00000000000000000e+00
-1.07429358052226593e-03 0.00000000000000000e+00
1.40005757434224901e-03 0.00000000000000000e+00
1.37847124224075462e-03 0.00000000000000000e+00
-7.23335000426970280e-05 0.00000000000000000e+00
6.28309194406845729e-04 0.00000000000000000e+00
5.43184659890233435e-04 0.00000000000000000e+00
-6.61025489945137826e-04 0.00000000000000000e+00
1.02080576710605170e-03 0.00000000000000000e+00
-3.66699871832251256e-04 0.00000000000000000e+00
2.48293618184317012e-04 0.00000000000000000e+00
-3.48477907889160280e-03 0.00000000000000000e+00
9.95074058896164510e-04 0.00000000000000000e+00
-3.49590070258907679e-04 0.00000000000000000e+00
-2.36609123441405139e-03 0.00000000000000000e+00
2.29753639527269281e-03 0.00000000000000000e+00
-2.66733116495492407e-03 0.00000000000000000e+00
8.91146195268418401e-03 0.00000000000000000e+00
-9.27820984216951722e-03 0.00000000000000000e+00
1.50896514398348521e-03 0.00000000000000000e+00
-8.01130060395045351e-04 0.00000000000000000e+00
-1.37072985268946960e-03 0.00000000000000000e+00
2.00834023006878819e-03 0.00000000000000000e+00
1.57170742117690746e-03 0.00000000000000000e+00
-5.22763120465646229e-04 0.00000000000000000e+00
8.41456197217226032e-03 0.00000000000000000e+00
-7.53030536463846975e-03 0.00000000000000000e+00
7.83931478186980848e-03 0.00000000000000000e+00
-2.19684721395463790e-03 0.00000000000000000e+00
-1.56214626195740731e-03 0.00000000000000000e+00
5.72313980471040977e-03 0.00000000000000000e+00
-4.21372105501065242e-03 0.00000000000000000e+00
4.89930994670598110e-03 0.00000000000000000e+00
-1.63910113411200493e-03 0.00000000000000000e+00
2.06035822809244552e-03 0.00000000000000000e+00
2.87894447800739932e-03 0.00000000000000000e+00
-2.92714295248709016e-04 0.00000000000000000e+00
1.57302688682234293e-03 0.00000000000000000e+00
2.68460258078537586e-03 0.00000000000000000e+00
-3.06546336452644640e-03 0.00000000000000000e+00
3.90469777674637376e-03 0.00000000000000000e+00
1.09866472359736265e-03 0.00000000000000000e+00
-7.72182357521454337e-04 0.00000000000000000e+00
-5.57157237295804412e-03 0.00000000000000000e+00
1.92215565560818432e-03 0.00000000000000000e+00
-1.79696897346028625e-03 0.00000000000000000e+00
-3.85245625062002016e-03 0.00000000000000000e+00
4.93610057406911919e-03 0.00000000000000000e+00
-5.44519529200753957e-03 0.00000000000000000e+00
1.32181446808168706e-03 0.00000000000000000e+00
-1.26417124489141305e-03 0.00000000000000000e+00
2.69960039492872722e-03 0.00000000000000000e+00
-5.08591200148652612e-04 0.00000000000000000e+00
-8.83148016553901365e-05 0.00000000000000000e+00
4.38851316836068404e-03 0.00000000000000000e+00
-2.41734114792355485e-03 0.00000000000000000e+00
3.62050746706371130e-03 0.00000000000000000e+00
2.70728064062266413e-03 0.00000000000000000e+00
-2.47034282404752807e-03 0.00000000000000000e+00
5.35302107049255723e-04 0.00000000000000000e+00
-1.56895690816096623e-04 0.00000000000000000e+00
-1.55015783381554344e-03 0.00000000000000000e+00
1.85097183601628862e-03 0.00000000000000000e+00
-2.40861160054328769e-04 0.00000000000000000e+00
4.68466623686333980e-04 0.00000000000000000e+00
3.59660838775758629e-04 0.00000000000000000e+00
1.11471161739657722e-04 0.00000000000000000e+00
3.84590552251687975e-03 0.00000000000000000e+00
-5.13418399913642535e-04 0.00000000000000000e+00
7.73709121637956355e-04 0.00000000000000000e+00
3.65547258868179200e-03 0.00000000000000000e+00
-2.27443243944916527e-03 0.00000000000000000e+00
3.65284962752366075e-03 0.00000000000000000e+00
2.27358993428223135e-03 0.00000000000000000e+00
-2.14827609438449692e-03 0.00000000000000000e+00
-3.93871905967370720e-03 0.00000000000000000e+00
1.16345700033073599e-03 0.00000000000000000e+00
-1.71623643525560640e-03 0.00000000000000000e+00
-1.82232906060363466e-03 0.00000000000000000e+00
2.92184028322451869e-03 0.00000000000000000e+00
-3.25749883797576186e-03 0.00000000000000000e+00
-3.89067412289887359e-03 0.00000000000000000e+00
4.13628912113583446e-03 0.00000000000000000e+00
7.04861980389292629e-04 0.00000000000000000e+00
1.44525361152472622e-04 0.00000000000000000e+00
6.81084000454317451e-04 0.00000000000000000e+00
1.18756360677765719e-03 0.00000000000000000e+00
-1.99325101597072184e-03 0.00000000000000000e+00
2.09718864671027847e-03 0.00000000000000000e+00
-2.93318695654030178e-03 0.00000000000000000e+00
2.58323655887285255e-03 0.00000000000000000e+00
-3.97193012672532580e-03 0.00000000000000000e+00
1.10117345597823585e-03 0.00000000000000000e+00
1.01026014501229371e-05 0.00000000000000000e+00
-2.15005002933383108e-03 0.00000000000000000e+00
2.15896748892295282e-03 0.00000000000000000e+00
-2.42427269153459076e-03 0.00000000000000000e+00
-3.69905150713774637e-03 0.00000000000000000e+00
4.25258570638063771e-03 0.00000000000000000e+00
3.92068971013726300e-03 0.00000000000000000e+00
-3.64895105051873188e-04 0.00000000000000000e+00
3.16382652646393214e-03 0.00000000000000000e+00
4.04645665928196532e-03 0.00000000000000000e+00
-5.93159150613711220e-03 0.00000000000000000e+00
6.92080692504041736e-03 0.00000000000000000e+00
1.65446473452837695e-03 0.00000000000000000e+00
-7.87978500959438371e-04 0.00000000000000000e+00
-9.45776473605325352e-03 0.00000000000000000e+00
3.54954196359242614e-03 0.00000000000000000e+00
-3.28919753607827920e-03 0.00000000000000000e+00
-7.25050830363641909e-03 0.00000000000000000e+00
9.36162806261401151e-03 0.00000000000000000e+00
-1.02170168608867341e-02 0.00000000000000000e+00
-4.73331525419925082e-04 0.00000000000000000e+00
3.62736339674197248e-04 0.00000000000000000e+00
-1.01145893310197136e-03 0.00000000000000000e+00
1.53355295822630102e-04 0.00000000000000000e+00
-1.80508271815623565e-05 0.00000000000000000e+00
-9.55488052122499348e-04 0.00000000000000000e+00
3.24807873745973342e-04 0.00000000000000000e+00
-7.23498488986090379e-04 0.00000000000000000e+00
-7.29117954018093737e-04 0.00000000000000000e+00
7.38262379572589343e-04 0.00000000000000000e+00
5.38199492247891918e-04 0.00000000000000000e+00
-1.06557677142482375e-04 0.00000000000000000e+00
3.55833531629941790e-04 0.00000000000000000e+00
1.88888551854148023e-05 0.00000000000000000e+00
-2.52170635943418334e-04 0.00000000000000000e+00
2.95168689350914354e-04 0.00000000000000000e+00
-3.29977803872417205e-03 0.00000000000000000e+00
2.49585385642281648e-03 0.00000000000000000e+00
-8.02384706699951766e-03 0.00000000000000000e+00
1.22726118450845983e-03 0.00000000000000000e+00
-1.85396883365595162e-04 0.00000000000000000e+00
-8.41011849875625619e-03 0.00000000000000000e+00
3.46836319052431152e-03 0.00000000000000000e+00
-6.66345273587097553e-03 0.00000000000000000e+00
-5.74371146037625305e-03 0.00000000000000000e+00
5.72728060713010093e-03 0.00000000000000000e+00
3.91842450442808719e-03 0.00000000000000000e+00
-8.18272273931380388e-04 0.00000000000000000e+00
3.07152820320074271e-03 0.00000000000000000e+00
-3.39727709211036749e-04 0.00000000000000000e+00
-1.95278005956588509e-03 0.00000000000000000e+00
2.16854042089342043e-03 0.00000000000000000e+00
1.98354594628982472e-02 0.00000000000000000e+00
-2.13804613893086408e-02 0.00000000000000000e+00
-8.08889232626423642e-03 0.00000000000000000e+00
-4.88032233981904157e-05 0.00000000000000000e+00
-4.41102810678432964e-03 0.00000000000000000e+00
-1.24479324374867049e-02 0.00000000000000000e+00
1.48750341446378196e-02 0.00000000000000000e+00
-1.71448405472043666e-02 0.00000000000000000e+00
1.16617237538344728e-02 0.00000000000000000e+00
-1.03459800652808652e-02 0.00000000000000000e+00
2.31551866687889525e-02 0.00000000000000000e+00
-6.67181809728329463e-03 0.00000000000000000e+00
2.71697618593874993e-03 0.00000000000000000e+00
1.13956423318864204e-02 0.00000000000000000e+00
-1.38774816092557436e-02 0.00000000000000000e+00
1.52891337535662596e-02 0.00000000000000000e+00
-8.74577912266848514e-03 0.00000000000000000e+00
8.38043854011380138e-03 0.00000000000000000e+00
-3.94064643205586148e-03 0.00000000000000000e+00
8.56897574966710438e-04 0.00000000000000000e+00
3.32597977478809627e-03 0.00000000000000000e+00
-2.47803772427019091e-03 0.00000000000000000e+00
-4.75419725961682624e-03 0.00000000000000000e+00
2.62796741694329775e-03 0.00000000000000000e+00
-4.62240994932057274e-03 0.00000000000000000e+00
5.63175086743812441e-03 0.00000000000000000e+00
-5.76858962162216365e-03 0.00000000000000000e+00
2.96295847025770899e-03 0.00000000000000000e+00
-8.21296494220333500e-04 0.00000000000000000e+00
-7.27866432551531675e-03 0.00000000000000000e+00
7.99276926913836290e-03 0.00000000000000000e+00
-8.48480709368842380e-03 0.00000000000000000e+00
-2.26550050604865756e-03 0.00000000000000000e+00
2.30347950907195667e-03 0.00000000000000000e+00
9.00747210175096105e-04 0.00000000000000000e+00
-5.48557273140521675e-05 0.00000000000000000e+00
7.54911975737123189e-04 0.00000000000000000e+00
2.29856823497600823e-03 0.00000000000000000e+00
-2.82922089516508823e-03 0.00000000000000000e+00
3.10555877887044342e-03 0.00000000000000000e+00
-4.92501349350302274e-04 0.00000000000000000e+00
6.69298380164295688e-04 0.00000000000000000e+00
-2.01360115342623424e-03 0.00000000000000000e+00
7.92488303516174263e-04 0.00000000000000000e+00
-9.33192340894205448e-04 0.00000000000000000e+00
-9.58532907249421318e-04 0.00000000000000000e+00
1.94228054416916980e-03 0.00000000000000000e+00
-1.98369604827398210e-03 0.00000000000000000e+00
3.47216976396279298e-03 0.00000000000000000e+00
-3.46154267057838120e-03 0.00000000000000000e+00
1.55336697725750781e-03 0.00000000000000000e+00
-3.95069547282703756e-04 0.00000000000000000e+00
-1.27228319114172672e-03 0.00000000000000000e+00
1.96032167447638458e-03 0.00000000000000000e+00
9.15569872834528695e-04 0.00000000000000000e+00
-1.52610886239334195e-05 0.00000000000000000e+00
2.39969219516855074e-03 0.00000000000000000e+00
-2.58820382782923601e-03 0.00000000000000000e+00
3.20344407895706198e-03 0.00000000000000000e+00
-1.31597640961899232e-03 0.00000000000000000e+00
-1.15967604262007059e-04 0.00000000000000000e+00
3.67761900336261100e-03 0.00000000000000000e+00
-3.35197467882976038e-03 0.00000000000000000e+00
3.71224527040877163e-03 0.00000000000000000e+00
-5.12263029175133010e-03 0.00000000000000000e+00
5.23593326800478494e-03 0.00000000000000000e+00
-3.24064852812398297e-03 0.00000000000000000e+00
8.46964345570112419e-04 0.00000000000000000e+00
3.27905045431846245e-04 0.00000000000000000e+00
-4.97921957953500246e-03 0.00000000000000000e+00
1.96318247512574599e-03 0.00000000000000000e+00
-3.51836729974144445e-03 0.00000000000000000e+00
-6.74161505588755355e-03 0.00000000000000000e+00
5.92646980765410263e-03 0.00000000000000000e+00
-3.44562461865584226e-03 0.00000000000000000e+00
8.12025195522910761e-04 0.00000000000000000e+00
2.49996391711452366e-03 0.00000000000000000e+00
-3.52493086330854261e-03 0.00000000000000000e+00
1.13429273484589427e-03 0.00000000000000000e+00
-1.58048706812724364e-03 0.00000000000000000e+00
-8.18910749195017086e-03 0.00000000000000000e+00
7.52558837848386029e-03 0.00000000000000000e+00
-5.87785466349606198e-03 0.00000000000000000e+00
1.05604649498770896e-03 0.00000000000000000e+00
2.95354089619836915e-03 0.00000000000000000e+00
-4.22767831158529003e-03 0.00000000000000000e+00
-3.62885628720583915e-03 0.00000000000000000e+00
8.33989458978669673e-04 0.00000000000000000e+00
-4.86241191609231797e-03 0.00000000000000000e+00
5.98820021551939915e-03 0.00000000000000000e+00
-3.12309481648261923e-03 0.00000000000000000e+00
2.27044315450531135e-03 0.00000000000000000e+00
-2.19338871964648699e-04 0.00000000000000000e+00
-6.07251810618019468e-03 0.00000000000000000e+00
6.46022992704521886e-03 0.00000000000000000e+00
-6.73143967242781794e-03 0.00000000000000000e+00
-2.62759288901614303e-03 0.00000000000000000e+00
1.95571748383836352e-03 0.00000000000000000e+00
-9.95066612819229743e-03 0.00000000000000000e+00
1.58580817613826258e-03 0.00000000000000000e+00
-3.60335958038969200e-05 0.00000000000000000e+00
-1.36498001335767453e-02 0.00000000000000000e+00
7.23734107644170670e-03 0.00000000000000000e+00
-1.13954486072507348e-02 0.00000000000000000e+00
-6.76828890999122811e-03 0.00000000000000000e+00
6.58671426811414679e-03 0.00000000000000000e+00
2.66503918578598221e-03 0.00000000000000000e+00
-4.72126851231754855e-04 0.00000000000000000e+00
4.46823283055698336e-03 0.00000000000000000e+00
-3.18370443688633297e-03 0.00000000000000000e+00
-1.04012181644507471e-03 0.00000000000000000e+00
8.13084837646496812e-04 0.00000000000000000e+00
9.62667984623174935e-04 0.00000000000000000e+00
-8.16350992513461909e-04 0.00000000000000000e+00
1.71297699317404231e-03 0.00000000000000000e+00
-2.83053187535703887e-04 0.00000000000000000e+00
-1.07262305152633465e-05 0.00000000000000000e+00
1.88511311173122182e-03 0.00000000000000000e+00
-7.33547233791726947e-04 0.00000000000000000e+00
1.43615711614174029e-03 0.00000000000000000e+00
1.48224667801583293e-03 0.00000000000000000e+00
-1.44135600827340407e-03 0.00000000000000000e+00
-4.90497139742533303e-04 0.00000000000000000e+00
8.34623686419466075e-05 0.00000000000000000e+00
-7.09879014002550270e-04 0.00000000000000000e+00
3.27785998198437190e-04 0.00000000000000000e+00
2.34769671896470496e-04 0.00000000000000000e+00
-2.44191407059840744e-04 0.00000000000000000e+00
-4.84403091713079496e-03 0.00000000000000000e+00
5.10203234788485400e-03 0.00000000000000000e+00
-3.07580219249186373e-06 0.00000000000000000e+00
3.15623643736048310e-04 0.00000000000000000e+00
7.94069570287100966e-04 0.00000000000000000e+00
8.95362968087687973e-05 0.00000000000000000e+00
-1.58468870242799956e-03 0.00000000000000000e+00
1.34766900246100266e-03 0.00000000000000000e+00
-4.15870965338160318e-03 0.00000000000000000e+00
3.68913048555414170e-03 0.00000000000000000e+00
-4.64406248314911188e-03 0.00000000000000000e+00
1.28881055749571717e-03 0.00000000000000000e+00
4.69283990440206385e-04 0.00000000000000000e+00
-2.95067611776077179e-03 0.00000000000000000e+00
2.49750707420104846e-03 0.00000000000000000e+00
-2.85938964323346079e-03 0.00000000000000000e+00
-1.96072536673208000e-03 0.00000000000000000e+00
1.89861699836219250e-03 0.00000000000000000e+00
-5.82642697710280036e-04 0.00000000000000000e+00
1.41758793428867333e-04 0.00000000000000000e+00
9.87643115084829975e-04 0.00000000000000000e+00
-2.11364689347398680e-04 0.00000000000000000e+00
-1.51841633421735634e-03 0.00000000000000000e+00
1.12845140242560905e-03 0.00000000000000000e+00
-5.73688149672288493e-04 0.00000000000000000e+00
9.30539474136361550e-04 0.00000000000000000e+00
-1.75854632419651592e-03 0.00000000000000000e+00
8.90336263249250017e-04 0.00000000000000000e+00
-5.28909695651174510e-04 0.00000000000000000e+00
-2.06518910659934940e-03 0.00000000000000000e+00
2.46874600099535524e-03 0.00000000000000000e+00
-2.62385932158447051e-03 0.00000000000000000e+00
-1.06401448541384720e-03 0.00000000000000000e+00
9.10273477231566619e-04 0.00000000000000000e+00
-2.74579745822062238e-03 0.00000000000000000e+00
4.65708432628233917e-04 0.00000000000000000e+00
2.99621895530493182e-05 0.00000000000000000e+00
-3.85496605449278142e-03 0.00000000000000000e+00
1.99313244510592683e-03 0.00000000000000000e+00
-3.16131448751742804e-03 0.00000000000000000e+00
-2.23045947000121304e-03 0.00000000000000000e+00
2.12014034272334272e-03 0.00000000000000000e+00
3.34466706635073974e-04 0.00000000000000000e+00
-3.52238583016920465e-05 0.00000000000000000e+00
1.32036507779374865e-03 0.00000000000000000e+00
-1.14084827245601443e-03 0.00000000000000000e+00
-1.22697568948383585e-04 0.00000000000000000e+00
2.06553382028555572e-05 0.00000000000000000e+00
-9.58049810874165409e-05 0.00000000000000000e+00
4.81218815012709664e-04 0.00000000000000000e+00
2.55048755969980575e-03 0.00000000000000000e+00
-2.95587076377942369e-04 0.00000000000000000e+00
5.45427859119709531e-04 0.00000000000000000e+00
2.01912737249994572e-03 0.00000000000000000e+00
-1.20859028041293186e-03 0.00000000000000000e+00
2.08124640874004412e-03 0.00000000000000000e+00
9.80883128697199050e-04 0.00000000000000000e+00
-1.01978640046833011e-03 0.00000000000000000e+00
-3.30517181286110696e-03 0.00000000000000000e+00
9.15511518787396326e-04 0.00000000000000000e+00
-9.17942061706174283e-04 0.00000000000000000e+00
-1.73482009123467583e-03 0.00000000000000000e+00
2.17639588607067801e-03 0.00000000000000000e+00
-2.49209899874642225e-03 0.00000000000000000e+00
3.26705161852792374e-03 0.00000000000000000e+00
-3.39483894746028456e-03 0.00000000000000000e+00
5.59893059389419598e-04 0.00000000000000000e+00
-2.90684035834052777e-04 0.00000000000000000e+00
-5.59843011990585689e-04 0.00000000000000000e+00
7.27619875375601311e-04 0.00000000000000000e+00
6.55787575784744551e-04 0.00000000000000000e+00
-2.62264731618054722e-04 0.00000000000000000e+00
2.98778610752190596e-03 0.00000000000000000e+00
-2.70365562600510378e-03 0.00000000000000000e+00
2.91325275588951880e-03 0.00000000000000000e+00
-8.46051406458632059e-04 0.00000000000000000e+00
-5.06398388111511922e-04 0.00000000000000000e+00
2.18865992254854312e-03 0.00000000000000000e+00
-1.68408169822742274e-03 0.00000000000000000e+00
1.94098169660493589e-03 0.00000000000000000e+00
-4.08794745249537513e-03 0.00000000000000000e+00
4.38149608076725348e-03 0.00000000000000000e+00
1.73857942646625779e-03 0.00000000000000000e+00
-6.09379460963918113e-05 0.00000000000000000e+00
2.67227414293554587e-03 0.00000000000000000e+00
2.03007554406877235e-03 0.00000000000000000e+00
-4.65363558146785362e-03 0.00000000000000000e+00
4.86598256398127794e-03 0.00000000000000000e+00
1.01364440229180015e-04 0.00000000000000000e+00
6.32867205687961520e-04 0.00000000000000000e+00
-7.25863773029559577e-03 0.00000000000000000e+00
2.86356370356354592e-03 0.00000000000000000e+00
-2.22976573506916253e-03 0.00000000000000000e+00
-6.12802613214190328e-03 0.00000000000000000e+00
7.57050632026082422e-03 0.00000000000000000e+00
-8.22734349864723616e-03 0.00000000000000000e+00
1.27840392867814746e-04 0.00000000000000000e+00
-2.67966886975377926e-04 0.00000000000000000e+00
-6.75749200483451900e-04 0.00000000000000000e+00
5.51303438790841258e-05 0.00000000000000000e+00
-6.12388847013630979e-05 0.00000000000000000e+00
-3.36512768144262410e-04 0.00000000000000000e+00
4.46331207194363168e-05 0.00000000000000000e+00
-2.72018075250339770e-04 0.00000000000000000e+00
8.53425233309946255e-05 0.00000000000000000e+00
3.56554005867010750e-05 0.00000000000000000e+00
1.06200310964125566e-03 0.00000000000000000e+00
-2.26476368041343879e-04 0.00000000000000000e+00
4.59390459450789132e-05 0.00000000000000000e+00
5.15910524859242072e-04 0.00000000000000000e+00
-4.32744296681488989e-04 0.00000000000000000e+00
5.44856094346341858e-04 0.00000000000000000e+00
-2.08618248462286550e-03 0.00000000000000000e+00
1.11422357691263714e-03 0.00000000000000000e+00
-7.30986692399878627e-03 0.00000000000000000e+00
9.76785849315009794e-04 0.00000000000000000e+00
-1.96093566219598194e-04 0.00000000000000000e+00
-6.28267243409973142e-03 0.00000000000000000e+00
2.01450607313060108e-03 0.00000000000000000e+00
-4.80174356682544403e-03 0.00000000000000000e+00
-3.55363608965926503e-03 0.00000000000000000e+00
3.96203878449135488e-03 0.00000000000000000e+00
5.66807644409213305e-03 0.00000000000000000e+00
-1.14049106442759758e-03 0.00000000000000000e+00
2.02071601797692299e-03 0.00000000000000000e+00
1.25972319331580556e-03 0.00000000000000000e+00
-2.35779637496996968e-03 0.00000000000000000e+00
2.84753843018965402e-03 0.00000000000000000e+00
-2.42658289504735659e-03 0.00000000000000000e+00
2.09081684465085718e-03 0.00000000000000000e+00
-6.76078314906591871e-03 0.00000000000000000e+00
1.16561122967650437e-03 0.00000000000000000e+00
-3.26432110863582672e-04 0.00000000000000000e+00
-9.72029985921353881e-03 0.00000000000000000e+00
5.62031055779321168e-03 0.00000000000000000e+00
-8.45345420205798927e-03 0.00000000000000000e+00
-6.02047267668352152e-03 0.00000000000000000e+00
5.49123188950024696e-03 0.00000000000000000e+00
1.17816432862649016e-03 0.00000000000000000e+00
-3.85487102906493444e-04 0.00000000000000000e+00
3.71842201287138959e-03 0.00000000000000000e+00
-2.21594548225645480e-03 0.00000000000000000e+00
-1.27336524674878746e-03 0.00000000000000000e+00
1.05164567181391258e-03 0.00000000000000000e+00
3.13709561578356464e-05 0.00000000000000000e+00
-3.85559104381437033e-04 0.00000000000000000e+00
-2.48041750175440664e-03 0.00000000000000000e+00
3.03557721972690380e-04 0.00000000000000000e+00
-7.27099282663325403e-04 0.00000000000000000e+00
-1.99939578088779340e-03 0.00000000000000000e+00
1.43657834542715843e-03 0.00000000000000000e+00
-2.26347552215992558e-03 0.00000000000000000e+00
-1.35297450364125181e-03 0.00000000000000000e+00
1.24593372035841188e-03 0.00000000000000000e+00
3.33849556435742529e-03 0.00000000000000000e+00
-1.02916322642876835e-03 0.00000000000000000e+00
1.13595902350436054e-03 0.00000000000000000e+00
1.99741364393839433e-03 0.00000000000000000e+00
-2.60245798836398557e-03 0.00000000000000000e+00
2.92921827821289275e-03 0.00000000000000000e+00
-3.11916782825729256e-03 0.00000000000000000e+00
3.36821335967184146e-03 0.00000000000000000e+00
4.01259663043805408e-04 0.00000000000000000e+00
1.61828985766193726e-04 0.00000000000000000e+00
7.29707158595918094e-04 0.00000000000000000e+00
1.35585678942578235e-04 0.00000000000000000e+00
-1.14055708016852562e-03 0.00000000000000000e+00
1.09365297534946945e-03 0.00000000000000000e+00
-2.41579795855926920e-03 0.00000000000000000e+00
2.15030279797550706e-03 0.00000000000000000e+00
-3.87138004518452908e-03 0.00000000000000000e+00
1.11712763323064661e-03 0.00000000000000000e+00
1.06582447548751101e-04 0.00000000000000000e+00
-2.62488371748280684e-03 0.00000000000000000e+00
2.35916228555725161e-03 0.00000000000000000e+00
-2.70316695399758656e-03 0.00000000000000000e+00
-1.01691453025856845e-04 0.00000000000000000e+00
3.95986046595143732e-04 0.00000000000000000e+00
1.94506693726394556e-03 0.00000000000000000e+00
-2.20960534468046018e-04 0.00000000000000000e+00
2.88031905761821836e-04 0.00000000000000000e+00
1.61055950229877995e-03 0.00000000000000000e+00
-8.38164778446710813e-04 0.00000000000000000e+00
1.52448081151112884e-03 0.00000000000000000e+00
5.48105912884437759e-04 0.00000000000000000e+00
-6.52522134737151664e-04 0.00000000000000000e+00
-2.34037945752698729e-03 0.00000000000000000e+00
5.89904292292739094e-04 0.00000000000000000e+00
-5.82384617371856680e-04 0.00000000000000000e+00
-1.03468410449458629e-03 0.00000000000000000e+00
1.31556766041191625e-03 0.00000000000000000e+00
-1.52613125276947789e-03 0.00000000000000000e+00
-1.38149420321028303e-05 0.00000000000000000e+00
3.20091623519190864e-04 0.00000000000000000e+00
4.95763775936640221e-03 0.00000000000000000e+00
-7.56412756840589258e-04 0.00000000000000000e+00
6.72896115858694142e-04 0.00000000000000000e+00
7.36264603800923598e-03 0.00000000000000000e+00
-5.06151433023263250e-03 0.00000000000000000e+00
7.04675900184464042e-03 0.00000000000000000e+00
3.19592947684967099e-03 0.00000000000000000e+00
-2.85615377380332280e-03 0.00000000000000000e+00
-2.53501497117638317e-03 0.00000000000000000e+00
8.32296167368247681e-04 0.00000000000000000e+00
-2.78317425220921729e-03 0.00000000000000000e+00
4.55700037619625586e-04 0.00000000000000000e+00
2.15172980647717650e-03 0.00000000000000000e+00
-2.10929789453281847e-03 0.00000000000000000e+00
7.78250175363019627e-03 0.00000000000000000e+00
-7.46316052304853150e-03 0.00000000000000000e+00
3.19020977761084535e-03 0.00000000000000000e+00
-7.00097310653866566e-04 0.00000000000000000e+00
-3.34603780175270725e-03 0.00000000000000000e+00
1.79065528674903418e-03 0.00000000000000000e+00
4.91318952401037859e-03 0.00000000000000000e+00
-3.09829360448794647e-03 0.00000000000000000e+00
3.39170307469996305e-03 0.00000000000000000e+00
-4.52099348315960874e-03 0.00000000000000000e+00
5.71060405975569885e-03 0.00000000000000000e+00
-2.96781779330192218e-03 0.00000000000000000e+00
1.25622254331295147e-03 0.00000000000000000e+00
7.12853604233478107e-03 0.00000000000000000e+00
-8.14478516119758120e-03 0.00000000000000000e+00
8.64043836690503789e-03 0.00000000000000000e+00
3.00739663410784421e-03 0.00000000000000000e+00
-2.70841919331273528e-03 0.00000000000000000e+00
5.07637716210001047e-03 0.00000000000000000e+00
-8.95335929853677921e-04 0.00000000000000000e+00
-3.80300090597990184e-04 0.00000000000000000e+00
6.65169795997059936e-03 0.00000000000000000e+00
-2.73516477837694102e-03 0.00000000000000000e+00
4.93587836906200870e-03 0.00000000000000000e+00
4.54635819621480863e-03 0.00000000000000000e+00
-4.42318724719339019e-03 0.00000000000000000e+00
9.86877859780798875e-05 0.00000000000000000e+00
-2.50187605587405602e-04 0.00000000000000000e+00
-2.19448664047495069e-03 0.00000000000000000e+00
2.62036181011296833e-03 0.00000000000000000e+00
-5.62776274774576214e-04 0.00000000000000000e+00
7.73236248532209848e-04 0.00000000000000000e+00
5.98740759410282763e-04 0.00000000000000000e+00
-1.48092342422593513e-04 0.00000000000000000e+00
3.26445790849401321e-03 0.00000000000000000e+00
-4.17696416817246686e-04 0.00000000000000000e+00
2.32539791495630515e-04 0.00000000000000000e+00
2.77416716964243000e-03 0.00000000000000000e+00
-1.08264086759741010e-03 0.00000000000000000e+00
2.29591978020703309e-03 0.00000000000000000e+00
1.42553773548190058e-03 0.00000000000000000e+00
-1.58962440975740789e-03 0.00000000000000000e+00
-2.98036785599899590e-03 0.00000000000000000e+00
6.74422490080148272e-04 0.00000000000000000e+00
-9.52215428415936695e-04 0.00000000000000000e+00
-9.64292995762327252e-04 0.00000000000000000e+00
1.46672685495572688e-03 0.00000000000000000e+00
-1.73004381106123413e-03 0.00000000000000000e+00
9.84829170369022925e-04 0.00000000000000000e+00
-7.78276696780517778e-04 0.00000000000000000e+00
3.94863726378303845e-03 0.00000000000000000e+00
-6.58980757967457986e-04 0.00000000000000000e+00
3.04034497431643466e-04 0.00000000000000000e+00
5.75994706411525094e-03 0.00000000000000000e+00
-3.54423503888291443e-03 0.00000000000000000e+00
5.17723934096046140e-03 0.00000000000000000e+00
3.24932551622617288e-03 0.00000000000000000e+00
-2.94144791038885179e-03 0.00000000000000000e+00
-1.07488928462285229e-03 0.00000000000000000e+00
3.59861586948192309e-04 0.00000000000000000e+00
-2.20528944390154750e-03 0.00000000000000000e+00
1.01938152298967195e-03 0.00000000000000000e+00
1.05186633035305680e-03 0.00000000000000000e+00
-9.48128423468406188e-04 0.00000000000000000e+00
2.28888458034567834e-03 0.00000000000000000e+00
-1.99305641562993064e-03 0.00000000000000000e+00
2.39794528629459942e-03 0.00000000000000000e+00
-3.87766771948323135e-04 0.00000000000000000e+00
-5.70154424470350378e-04 0.00000000000000000e+00
1.75026862393780087e-03 0.00000000000000000e+00
5.74637678832626633e-04 0.00000000000000000e+00
4.51312870154791312e-04 0.00000000000000000e+00
1.81577474890838564e-03 0.00000000000000000e+00
-2.08144822319271177e-03 0.00000000000000000e+00
-2.10206619873144946e-04 0.00000000000000000e+00
-2.89020143176609804e-04 0.00000000000000000e+00
-3.07897458659291330e-04 0.00000000000000000e+00
9.94363637984503612e-04 0.00000000000000000e+00
-9.15592453136864957e-04 0.00000000000000000e+00
8.80329997666868614e-04 0.00000000000000000e+00
2.16217650961638991e-03 0.00000000000000000e+00
-2.16039247579632391e-03 0.00000000000000000e+00
1.55731864073356389e-03 0.00000000000000000e+00
-3.63285615915510300e-04 0.00000000000000000e+00
-4.00931578265839768e-04 0.00000000000000000e+00
2.23729382377969898e-03 0.00000000000000000e+00
-5.42559415517228773e-04 0.00000000000000000e+00
1.30315117972572216e-03 0.00000000000000000e+00
2.43969911806821713e-03 0.00000000000000000e+00
-2.29301647306531103e-03 0.00000000000000000e+00
1.51758775747831698e-03 0.00000000000000000e+00
-5.08804502118422541e-04 0.00000000000000000e+00
-7.93558332466279531e-04 0.00000000000000000e+00
1.90313908953869859e-03 0.00000000000000000e+00
-1.08570230463596079e-03 0.00000000000000000e+00
1.29311966614703675e-03 0.00000000000000000e+00
-5.30643157040939411e-04 0.00000000000000000e+00
3.58803520743229882e-04 0.00000000000000000e+00
-1.27363151191048178e-03 0.00000000000000000e+00
1.74189831072408613e-04 0.00000000000000000e+00
7.10164112032518949e-05 0.00000000000000000e+00
-1.04368938855732324e-03 0.00000000000000000e+00
1.58109885141128064e-04 0.00000000000000000e+00
-6.59367198682090749e-04 0.00000000000000000e+00
-6.15739469619336929e-04 0.00000000000000000e+00
7.28957732088169079e-04 0.00000000000000000e+00
7.92631990120518689e-04 0.00000000000000000e+00
-1.02451438430410397e-04 0.00000000000000000e+00
2.65661374268506367e-04 0.00000000000000000e+00
1.75037089055365253e-05 0.00000000000000000e+00
-1.40526977807658494e-04 0.00000000000000000e+00
2.10265754908761838e-04 0.00000000000000000e+00
-1.34871597715508136e-03 0.00000000000000000e+00
1.34656211875645122e-03 0.00000000000000000e+00
-9.65647708722278271e-04 0.00000000000000000e+00
2.27914797417314404e-04 0.00000000000000000e+00
1.40907820266312947e-04 0.00000000000000000e+00
-1.32272401698645451e-03 0.00000000000000000e+00
4.03600793397353727e-04 0.00000000000000000e+00
-8.57032988863672563e-04 0.00000000000000000e+00
-1.66026237701086591e-03 0.00000000000000000e+00
1.51078263591022878e-03 0.00000000000000000e+00
-7.72168225297146875e-04 0.00000000000000000e+00
2.21392168978898362e-04 0.00000000000000000e+00
5.84538698752155536e-04 0.00000000000000000e+00
-9.28192489608560827e-04 0.00000000000000000e+00
3.79819463022431367e-04 0.00000000000000000e+00
-4.81810231568029126e-04 0.00000000000000000e+00
4.03613482210292678e-04 0.00000000000000000e+00
-3.90330577730750648e-04 0.00000000000000000e+00
2.05805855840615918e-04 0.00000000000000000e+00
-4.50982994960442851e-05 0.00000000000000000e+00
-1.59277759701060970e-04 0.00000000000000000e+00
1.92595335479405129e-04 0.00000000000000000e+00
1.65988157832318718e-04 0.00000000000000000e+00
-5.42107634916266350e-05 0.00000000000000000e+00
2.35676236161444172e-04 0.00000000000000000e+00
-2.78589656198081697e-04 0.00000000000000000e+00
3.04693877534125150e-04 0.00000000000000000e+00
-1.47296054855824114e-04 0.00000000000000000e+00
1.72075922944602426e-05 0.00000000000000000e+00
3.92476974684256050e-04 0.00000000000000000e+00
-3.94181968231049711e-04 0.00000000000000000e+00
4.25951379927708477e-04 0.00000000000000000e+00
-5.47581847641778383e-04 0.00000000000000000e+00
6.31834754407656742e-04 0.00000000000000000e+00
5.29481396372657835e-04 0.00000000000000000e+00
-3.54915389751398445e-05 0.00000000000000000e+00
1.46131575075327826e-04 0.00000000000000000e+00
6.34340505354445737e-04 0.00000000000000000e+00
-5.49658574034066986e-04 0.00000000000000000e+00
7.26352391690904958e-04 0.00000000000000000e+00
-2.32114947647861638e-04 0.00000000000000000e+00
1.75966978490351653e-04 0.00000000000000000e+00
-9.36043603460727795e-04 0.00000000000000000e+00
2.51291477841867207e-04 0.00000000000000000e+00
-1.63377125363669943e-04 0.00000000000000000e+00
-4.00498816008853695e-04 0.00000000000000000e+00
5.22416609432336458e-04 0.00000000000000000e+00
-5.84571358704024692e-04 0.00000000000000000e+00
4.48577058264531517e-04 0.00000000000000000e+00
-6.94971755409738950e-04 0.00000000000000000e+00
-6.87885449163093388e-04 0.00000000000000000e+00
-1.16845174537617441e-06 0.00000000000000000e+00
-5.80622665148498358e-05 0.00000000000000000e+00
2.86668009645644540e-04 0.00000000000000000e+00
-5.05824748043005564e-04 0.00000000000000000e+00
3.26940261955587874e-04 0.00000000000000000e+00
7.65899323112422784e-04 0.00000000000000000e+00
-4.60000454067465987e-04 0.00000000000000000e+00
1.93993643805177298e-03 0.00000000000000000e+00
-3.84446205327476089e-04 0.00000000000000000e+00
-2.97456881985765922e-04 0.00000000000000000e+00
1.17755729147904931e-03 0.00000000000000000e+00
-6.53347238870475352e-04 0.00000000000000000e+00
8.92491273445143295e-04 0.00000000000000000e+00
-1.31255063752743067e-02 0.00000000000000000e+00
1.37501088391272664e-02 0.00000000000000000e+00
-5.66572830969638689e-04 0.00000000000000000e+00
9.19500513724012727e-04 0.00000000000000000e+00
2.24585208491971623e-03 0.00000000000000000e+00
-3.66860214090499771e-04 0.00000000000000000e+00
-4.13109081556423292e-03 0.00000000000000000e+00
3.25762054923043340e-03 0.00000000000000000e+00
-1.12520912949056039e-02 0.00000000000000000e+00
1.00896450856242086e-02 0.00000000000000000e+00
-1.22636558558647316e-02 0.00000000000000000e+00
3.49121020815595364e-03 0.00000000000000000e+00
1.31514149131203005e-03 0.00000000000000000e+00
-8.16252960527493431e-03 0.00000000000000000e+00
6.88976385374811401e-03 0.00000000000000000e+00
-7.86257379306055763e-03 0.00000000000000000e+00
4.29667369083328640e-03 0.00000000000000000e+00
-4.37550052829042534e-03 0.00000000000000000e+00
1.47132406187019688e-04 0.00000000000000000e+00
-2.03204535901580668e-04 0.00000000000000000e+00
-2.11788825424660127e-03 0.00000000000000000e+00
-2.10626273836116650e-04 0.00000000000000000e+00
3.30768549072653047e-03 0.00000000000000000e+00
-2.86458881003867020e-03 0.00000000000000000e+00
1.34072193893765702e-03 0.00000000000000000e+00
-1.89005010020667791e-03 0.00000000000000000e+00
5.19445387843688999e-03 0.00000000000000000e+00
-2.16562863322169313e-03 0.00000000000000000e+00
1.17999735315937079e-03 0.00000000000000000e+00
4.94704393380425347e-03 0.00000000000000000e+00
-5.70217116861566724e-03 0.00000000000000000e+00
6.17471404838072606e-03 0.00000000000000000e+00
-1.22573456600516550e-03 0.00000000000000000e+00
1.35325665136523101e-03 0.00000000000000000e+00
-7.26755678334674174e-04 0.00000000000000000e+00
2.35067594908074562e-04 0.00000000000000000e+00
1.26053905398692238e-04 0.00000000000000000e+00
-1.87634811980834349e-03 0.00000000000000000e+00
1.07831951114465384e-03 0.00000000000000000e+00
-1.48608331902994354e-03 0.00000000000000000e+00
-1.89219746770108205e-03 0.00000000000000000e+00
1.58817850615739463e-03 0.00000000000000000e+00
-1.62678155472372973e-03 0.00000000000000000e+00
3.69472157312853854e-04 0.00000000000000000e+00
8.27828751644884642e-04 0.00000000000000000e+00
-1.58710255465868894e-03 0.00000000000000000e+00
6.29221043332871917e-04 0.00000000000000000e+00
-8.72707308860423909e-04 0.00000000000000000e+00
-1.91141009317175948e-03 0.00000000000000000e+00
2.16809886643583912e-03 0.00000000000000000e+00
9.04475503813335089e-04 0.00000000000000000e+00
1.23192823808667518e-05 0.00000000000000000e+00
9.43317084941958789e-04 0.00000000000000000e+00
3.69367673425441011e-04 0.00000000000000000e+00
-1.22245362723203787e-03 0.00000000000000000e+00
1.35228204420681421e-03 0.00000000000000000e+00
-7.53552486136719745e-04 0.00000000000000000e+00
7.69006359955334232e-04 0.00000000000000000e+00
-3.79683292988386781e-03 0.00000000000000000e+00
1.23300640327639321e-03 0.00000000000000000e+00
-4.66558698419736379e-04 0.00000000000000000e+00
-2.90593742073630814e-03 0.00000000000000000e+00
2.98332979906416537e-03 0.00000000000000000e+00
-3.36620766213560716e-03 0.00000000000000000e+00
3.32486588275590850e-03 0.00000000000000000e+00
-3.19674738705220040e-03 0.00000000000000000e+00
5.25821114923679701e-03 0.00000000000000000e+00
-1.02799179003666393e-03 0.00000000000000000e+00
1.88592300595695104e-04 0.00000000000000000e+00
7.87475664660940329e-03 0.00000000000000000e+00
-4.42278587578663184e-03 0.00000000000000000e+00
6.69648082824672673e-03 0.00000000000000000e+00
6.35594766500384781e-03 0.00000000000000000e+00
-5.63366936825677317e-03 0.00000000000000000e+00
6.17152157724131217e-04 0.00000000000000000e+00
-1.18605361941805917e-05 0.00000000000000000e+00
-3.35052554203604976e-03 0.00000000000000000e+00
2.59205565203056215e-03 0.00000000000000000e+00
5.77046577078540015e-04 0.00000000000000000e+00
-2.63302630730086738e-04 0.00000000000000000e+00
9.13254011849879213e-03 0.00000000000000000e+00
-8.52316132640907470e-03 0.00000000000000000e+00
5.52600436361402273e-03 0.00000000000000000e+00
-1.04647052077757002e-03 0.00000000000000000e+00
-3.50824293876481714e-03 0.00000000000000000e+00
3.72665406971392499e-03 0.00000000000000000e+00
4.68480474771272234e-03 0.00000000000000000e+00
-1.93365386171637211e-03 0.00000000000000000e+00
4.90611413118404848e-03 0.00000000000000000e+00
-6.18191993201203972e-03 0.00000000000000000e+00
4.61235314659942924e-03 0.00000000000000000e+00
-2.86101005843232429e-03 0.00000000000000000e+00
6.88726714285848099e-04 0.00000000000000000e+00
7.29577781830065362e-03 0.00000000000000000e+00
-8.01260302414713577e-03 0.00000000000000000e+00
8.40917178749280535e-03 0.00000000000000000e+00
3.52126865146867819e-03 0.00000000000000000e+00
-2.98132639722295664e-03 0.00000000000000000e+00
8.67986458025060345e-03 0.00000000000000000e+00
-1.45286243224225552e-03 0.00000000000000000e+00
-2.58571199988846801e-04 0.00000000000000000e+00
1.17794965487214003e-02 0.00000000000000000e+00
-5.70822718795342080e-03 0.00000000000000000e+00
9.40007799625819894e-03 0.00000000000000000e+00
6.76761651830721199e-03 0.00000000000000000e+00
-6.56534386060531223e-03 0.00000000000000000e+00
-1.15372616730911328e-03 0.00000000000000000e+00
3.44896122845486929e-05 0.00000000000000000e+00
-3.88011243962436015e-03 0.00000000000000000e+00
3.59581235777133327e-03 0.00000000000000000e+00
7.96970058204168679e-05 0.00000000000000000e+00
2.05366591164541458e-04 0.00000000000000000e+00
8.90084227623212838e-05 0.00000000000000000e+00
1.74868394527893679e-04 0.00000000000000000e+00
1.55303102527879888e-03 0.00000000000000000e+00
-1.68778365511511075e-04 0.00000000000000000e+00
9.53075896044595623e-05 0.00000000000000000e+00
1.04749151887958752e-03 0.00000000000000000e+00
-2.65889367130749089e-04 0.00000000000000000e+00
8.21012308079452444e-04 0.00000000000000000e+00
2.97880671830264314e-04 0.00000000000000000e+00
-4.75677326925614489e-04 0.00000000000000000e+00
-1.82173781859926620e-03 0.00000000000000000e+00
3.84702735115217997e-04 0.00000000000000000e+00
-2.73230197153775522e-04 0.00000000000000000e+00
-7.35174547130351772e-04 0.00000000000000000e+00
7.60817685675708923e-04 0.00000000000000000e+00
-9.41585495397957565e-04 0.00000000000000000e+00
4.26260052059248846e-03 0.00000000000000000e+00
-4.31576799296718838e-03 0.00000000000000000e+00
2.53630164691590271e-03 0.00000000000000000e+00
-6.55582835901921939e-04 0.00000000000000000e+00
-4.26732154112155688e-04 0.00000000000000000e+00
3.58454306632830086e-03 0.00000000000000000e+00
-1.01325931020712374e-03 0.00000000000000000e+00
2.23940583074117017e-03 0.00000000000000000e+00
5.13772485321851383e-03 0.00000000000000000e+00
-4.61339290414839245e-03 0.00000000000000000e+00
2.77534139292768536e-03 0.00000000000000000e+00
-7.47720875408000650e-04 0.00000000000000000e+00
-1.72043738486247024e-03 0.00000000000000000e+00
2.87471961338685430e-03 0.00000000000000000e+00
-1.25096058679286838e-03 0.00000000000000000e+00
1.58500287578687516e-03 0.00000000000000000e+00
1.35598548048122629e-03 0.00000000000000000e+00
-1.17352189122024090e-03 0.00000000000000000e+00
1.38745168139630184e-03 0.00000000000000000e+00
-2.19363146493325642e-04 0.00000000000000000e+00
-4.01606015623089184e-04 0.00000000000000000e+00
9.45167605824605555e-04 0.00000000000000000e+00
4.84896040988771202e-04 0.00000000000000000e+00
1.14690128412792594e-04 0.00000000000000000e+00
9.39119874750539560e-04 0.00000000000000000e+00
-1.14445616866191784e-03 0.00000000000000000e+00
-8.61982525896361819e-05 0.00000000000000000e+00
-2.15536278601842745e-04 0.00000000000000000e+00
-8.30284186281160644e-05 0.00000000000000000e+00
6.57418314164330835e-04 0.00000000000000000e+00
-6.95579797959692452e-04 0.00000000000000000e+00
6.75827824654485587e-04 0.00000000000000000e+00
1.89696002571782592e-03 0.00000000000000000e+00
-1.88031040444741572e-03 0.00000000000000000e+00
1.79012863454062945e-03 0.00000000000000000e+00
-3.88196284787207483e-04 0.00000000000000000e+00
-2.90582915847744218e-04 0.00000000000000000e+00
2.67355746480512583e-03 0.00000000000000000e+00
-9.88724858210457413e-04 0.00000000000000000e+00
1.83065885916701941e-03 0.00000000000000000e+00
2.46108350375169550e-03 0.00000000000000000e+00
-2.28594357684164121e-03 0.00000000000000000e+00
1.19091243613473697e-03 0.00000000000000000e+00
-3.87201761663716847e-04 0.00000000000000000e+00
-9.70711386116390241e-04 0.00000000000000000e+00
1.77471660351773966e-03 0.00000000000000000e+00
-7.84568112006915380e-04 0.00000000000000000e+00
9.83716312959105176e-04 0.00000000000000000e+00
8.50630765303771235e-05 0.00000000000000000e+00
-4.40189375202337471e-04 0.00000000000000000e+00
-2.34009801099573393e-03 0.00000000000000000e+00
2.69363724382406817e-04 0.00000000000000000e+00
-4.43788372080218389e-04 0.00000000000000000e+00
-1.86619998654518368e-03 0.00000000000000000e+00
1.05358253240831054e-03 0.00000000000000000e+00
-1.86275886144276147e-03 0.00000000000000000e+00
-8.20160211120079651e-04 0.00000000000000000e+00
8.88979877091733797e-04 0.00000000000000000e+00
2.95744106216706739e-03 0.00000000000000000e+00
-7.93018633003383694e-04 0.00000000000000000e+00
7.87460344330141249e-04 0.00000000000000000e+00
1.47469666411953622e-03 0.00000000000000000e+00
-1.84811880600153520e-03 0.00000000000000000e+00
2.12670128821051746e-03 0.00000000000000000e+00
-2.29622243055918954e-03 0.00000000000000000e+00
2.28015591220743184e-03 0.00000000000000000e+00
-2.10790796660409495e-03 0.00000000000000000e+00
4.66164683477461237e-04 0.00000000000000000e+00
1.58707104685001753e-04 0.00000000000000000e+00
-3.05427295590340354e-03 0.00000000000000000e+00
1.28832625818989677e-03 0.00000000000000000e+00
-2.25108786934462984e-03 0.00000000000000000e+00
-3.21222134629237750e-03 0.00000000000000000e+00
2.89330335396533952e-03 0.00000000000000000e+00
-1.16951598454768718e-03 0.00000000000000000e+00
3.05326344819369263e-04 0.00000000000000000e+00
1.32067527550888079e-03 0.00000000000000000e+00
-1.69078888359442802e-03 0.00000000000000000e+00
4.33800615940818776e-04 0.00000000000000000e+00
-6.28424243684522579e-04 0.00000000000000000e+00
-3.81975146394519650e-05 0.00000000000000000e+00
-2.56650862000741271e-04 0.00000000000000000e+00
-2.18007577852015640e-03 0.00000000000000000e+00
2.74773751844719586e-04 0.00000000000000000e+00
-5.61088689000726216e-04 0.00000000000000000e+00
-1.88655042062140714e-03 0.00000000000000000e+00
1.28209259101962980e-03 0.00000000000000000e+00
-2.02989171078992109e-03 0.00000000000000000e+00
-1.20390741500147149e-03 0.00000000000000000e+00
1.12251494155093164e-03 0.00000000000000000e+00
2.67464291269304665e-03 0.00000000000000000e+00
-8.11626115431199617e-04 0.00000000000000000e+00
9.84375360989823327e-04 0.00000000000000000e+00
1.47654523276607281e-03 0.00000000000000000e+00
-2.04275617522934076e-03 0.00000000000000000e+00
2.29225760165863114e-03 0.00000000000000000e+00
-1.15545273090763819e-03 0.00000000000000000e+00
1.14571263765463082e-03 0.00000000000000000e+00
-1.31205093680782092e-03 0.00000000000000000e+00
2.75491858884473575e-04 0.00000000000000000e+00
1.77228544926539281e-04 0.00000000000000000e+00
-2.07910073064905337e-03 0.00000000000000000e+00
9.06050358725829573e-04 0.00000000000000000e+00
-1.51948627344246899e-03 0.00000000000000000e+00
-1.65486397157536325e-03 0.00000000000000000e+00
1.52998525359785450e-03 0.00000000000000000e+00
-7.61942125251154003e-04 0.00000000000000000e+00
2.43864215868909413e-04 0.00000000000000000e+00
7.31519862884810182e-04 0.00000000000000000e+00
-1.26483525135084309e-03 0.00000000000000000e+00
4.95873959687139843e-04 0.00000000000000000e+00
-6.44678057717224754e-04 0.00000000000000000e+00
-8.99132998240260474e-03 0.00000000000000000e+00
4.93766607673896442e-03 0.00000000000000000e+00
-3.00726188657949312e-02 0.00000000000000000e+00
4.00470211090823286e-03 0.00000000000000000e+00
-4.22342867508374302e-04 0.00000000000000000e+00
-2.54110225882203111e-02 0.00000000000000000e+00
7.37382698453303408e-03 0.00000000000000000e+00
-1.88748011541028174e-02 0.00000000000000000e+00
-1.42553543751391953e-02 0.00000000000000000e+00
1.61762776785893680e-02 0.00000000000000000e+00
2.30088544253213984e-02 0.00000000000000000e+00
-4.41279238809464281e-03 0.00000000000000000e+00
7.84141209650693685e-03 0.00000000000000000e+00
4.73069694783245613e-03 0.00000000000000000e+00
-8.80804055887212528e-03 0.00000000000000000e+00
1.08200169205608446e-02 0.00000000000000000e+00
-1.71560503636049334e-02 0.00000000000000000e+00
1.61518865343141978e-02 0.00000000000000000e+00
-2.73716922013032549e-02 0.00000000000000000e+00
5.17832091947219991e-03 0.00000000000000000e+00
-4.04876069052502195e-06 0.00000000000000000e+00
-3.89987033966936666e-02 0.00000000000000000e+00
2.00159406681940204e-02 0.00000000000000000e+00
-3.18441275244799940e-02 0.00000000000000000e+00
-3.03784696783675548e-02 0.00000000000000000e+00
2.76375488453917267e-02 0.00000000000000000e+00
-2.17537451400530045e-03 0.00000000000000000e+00
4.42026514763230833e-04 0.00000000000000000e+00
1.55537976481248987e-02 0.00000000000000000e+00
-1.34585002419934600e-02 0.00000000000000000e+00
-1.14596524941077186e-03 0.00000000000000000e+00
-2.79765223871202408e-04 0.00000000000000000e+00
3.82738071606534419e-03 0.00000000000000000e+00
-5.06244939167222428e-03 0.00000000000000000e+00
-7.92976985683523788e-03 0.00000000000000000e+00
8.04955989015024927e-04 0.00000000000000000e+00
-4.27379206694385866e-03 0.00000000000000000e+00
-6.51924000647789801e-03 0.00000000000000000e+00
7.47755532085711810e-03 0.00000000000000000e+00
-9.75875490814548732e-03 0.00000000000000000e+00
-3.27374178410168130e-03 0.00000000000000000e+00
2.43032497926371979e-03 0.00000000000000000e+00
1.55810816159040466e-02 0.00000000000000000e+00
-5.30783445397142988e-03 0.00000000000000000e+00
4.73159865336393246e-03 0.00000000000000000e+00
1.10567444590688388e-02 0.00000000000000000e+00
-1.36382602080004980e-02 0.00000000000000000e+00
1.51483646895247369e-02 0.00000000000000000e+00
-1.30824381070928208e-02 0.00000000000000000e+00
1.43045653401963485e-02 0.00000000000000000e+00
3.13077177952348793e-03 0.00000000000000000e+00
4.99217169634810255e-04 0.00000000000000000e+00
3.07207319437484199e-03 0.00000000000000000e+00
2.14016407368392957e-03 0.00000000000000000e+00
-5.50107802444641230e-03 0.00000000000000000e+00
5.87032771924146483e-03 0.00000000000000000e+00
-9.77420784141515980e-03 0.00000000000000000e+00
8.53690765402503188e-03 0.00000000000000000e+00
-1.73423641759088698e-02 0.00000000000000000e+00
4.88751931282299396e-03 0.00000000000000000e+00
6.23319060892390088e-05 0.00000000000000000e+00
-1.10509967038829107e-02 0.00000000000000000e+00
1.02294767208137832e-02 0.00000000000000000e+00
-1.17324687300183871e-02 0.00000000000000000e+00
-2.19776042510258941e-03 0.00000000000000000e+00
3.97050655160826639e-03 0.00000000000000000e+00
1.13885185008495773e-02 0.00000000000000000e+00
-1.22417768504205207e-03 0.00000000000000000e+00
2.67676148329525077e-03 0.00000000000000000e+00
9.37037440269005567e-03 0.00000000000000000e+00
-6.22398210768692998e-03 0.00000000000000000e+00
1.00584139683917526e-02 0.00000000000000000e+00
2.94158977415818253e-03 0.00000000000000000e+00
-3.26112617152931423e-03 0.00000000000000000e+00
-1.60832930511299356e-02 0.00000000000000000e+00
4.46017355277561912e-03 0.00000000000000000e+00
-4.00119527942022473e-03 0.00000000000000000e+00
-8.44710056816988519e-03 0.00000000000000000e+00
1.04121900412788033e-02 0.00000000000000000e+00
-1.18877359041370881e-02 0.00000000000000000e+00
3.20216676622802883e-04 0.00000000000000000e+00
1.26957017865865517e-03 0.00000000000000000e+00
2.64825410616858423e-02 0.00000000000000000e+00
-4.07687225270310545e-03 0.00000000000000000e+00
3.52962006449333929e-03 0.00000000000000000e+00
3.95132595227590117e-02 0.00000000000000000e+00
-2.70871438629639617e-02 0.00000000000000000e+00
3.77234459182438017e-02 0.00000000000000000e+00
1.75045596607102359e-02 0.00000000000000000e+00
-1.56164979388950000e-02 0.00000000000000000e+00
-1.29776604004875444e-02 0.00000000000000000e+00
4.30678598394741881e-03 0.00000000000000000e+00
-1.49809550930533227e-02 0.00000000000000000e+00
2.84466968599257890e-03 0.00000000000000000e+00
1.12317886642327343e-02 0.00000000000000000e+00
-1.09424618950374267e-02 0.00000000000000000e+00
3.97050771178640780e-02 0.00000000000000000e+00
-3.73813045745338204e-02 0.00000000000000000e+00
2.16193015812041062e-02 0.00000000000000000e+00
-4.25454944972388730e-03 0.00000000000000000e+00
-1.56198587949147819e-02 0.00000000000000000e+00
1.39831002492835296e-02 0.00000000000000000e+00
2.16139769796413195e-02 0.00000000000000000e+00
-1.05197211821764589e-02 0.00000000000000000e+00
2.03802544434343140e-02 0.00000000000000000e+00
-2.58722545188510081e-02 0.00000000000000000e+00
2.26405563089848993e-02 0.00000000000000000e+00
-1.31195504019661294e-02 0.00000000000000000e+00
3.85219335167539308e-03 0.00000000000000000e+00
3.27781992059151053e-02 0.00000000000000000e+00
-3.64108043770062645e-02 0.00000000000000000e+00
3.83507068387196406e-02 0.00000000000000000e+00
1.58017037749700572e-02 0.00000000000000000e+00
-1.40538378421035306e-02 0.00000000000000000e+00
2.95588022377599562e-02 0.00000000000000000e+00
-5.13973741666017957e-03 0.00000000000000000e+00
-1.84826254537710181e-03 0.00000000000000000e+00
3.93602323443273949e-02 0.00000000000000000e+00
-1.71460776536882242e-02 0.00000000000000000e+00
2.99045507442735545e-02 0.00000000000000000e+00
2.54363304062330438e-02 0.00000000000000000e+00
-2.47212188295725006e-02 0.00000000000000000e+00
-5.77218025447072294e-04 0.00000000000000000e+00
-1.04119161389724111e-03 0.00000000000000000e+00
-1.29420022915356162e-02 0.00000000000000000e+00
1.45884778724534661e-02 0.00000000000000000e+00
-2.35822722661358907e-03 0.00000000000000000e+00
3.54659691545858302e-03 0.00000000000000000e+00
3.20499777428549619e-04 0.00000000000000000e+00
1.45697462087326837e-03 0.00000000000000000e+00
1.17571890491363611e-02 0.00000000000000000e+00
-1.37459227145057946e-03 0.00000000000000000e+00
1.58466715094156881e-03 0.00000000000000000e+00
9.36535142911696858e-03 0.00000000000000000e+00
-4.42442793862870762e-03 0.00000000000000000e+00
8.59749098458247908e-03 0.00000000000000000e+00
3.93666922405513323e-03 0.00000000000000000e+00
-4.54247903400865037e-03 0.00000000000000000e+00
-1.35930561909716110e-02 0.00000000000000000e+00
3.37909694322795955e-03 0.00000000000000000e+00
-3.46827783186463628e-03 0.00000000000000000e+00
-5.99281724458356011e-03 0.00000000000000000e+00
7.56647253010868555e-03 0.00000000000000000e+00
-8.83208497875351793e-03 0.00000000000000000e+00
1.09209099880550938e-02 0.00000000000000000e+00
-1.04568924859876171e-02 0.00000000000000000e+00
1.61223378038770140e-02 0.00000000000000000e+00
-3.14422532000176690e-03 0.00000000000000000e+00
1.01766093684200562e-04 0.00000000000000000e+00
2.34754108752612163e-02 0.00000000000000000e+00
-1.22857048363696920e-02 0.00000000000000000e+00
1.92960769928924407e-02 0.00000000000000000e+00
1.92206562205851604e-02 0.00000000000000000e+00
-1.72833407475731886e-02 0.00000000000000000e+00
2.32552816015488923e-03 0.00000000000000000e+00
-3.89656594490714792e-04 0.00000000000000000e+00
-9.69804237999059501e-03 0.00000000000000000e+00
8.46051406443706910e-03 0.00000000000000000e+00
6.87316849876630324e-04 0.00000000000000000e+00
2.68741789004676773e-04 0.00000000000000000e+00
1.09331034985920058e-02 0.00000000000000000e+00
-9.32508832569902031e-03 0.00000000000000000e+00
1.29410383055257733e-02 0.00000000000000000e+00
-2.03883640775206175e-03 0.00000000000000000e+00
-2.43073420464570873e-03 0.00000000000000000e+00
9.74872390402078265e-03 0.00000000000000000e+00
1.88037741943836438e-03 0.00000000000000000e+00
3.54829003899429863e-03 0.00000000000000000e+00
9.37273409470545764e-03 0.00000000000000000e+00
-1.06305793394801985e-02 0.00000000000000000e+00
-2.65626563559948981e-03 0.00000000000000000e+00
-9.11514081078373928e-04 0.00000000000000000e+00
-2.07828471686827710e-03 0.00000000000000000e+00
3.98957965086778853e-03 0.00000000000000000e+00
-3.23763984994293293e-03 0.00000000000000000e+00
2.92890789904664802e-03 0.00000000000000000e+00
9.85148754881153693e-03 0.00000000000000000e+00
-9.55781558833239571e-03 0.00000000000000000e+00
1.10986380260802136e-02 0.00000000000000000e+00
-2.24402925002869591e-03 0.00000000000000000e+00
-1.54576446445812738e-03 0.00000000000000000e+00
1.59706097969595992e-02 0.00000000000000000e+00
-6.08882051485622709e-03 0.00000000000000000e+00
1.11806835489007828e-02 0.00000000000000000e+00
1.32106218757380590e-02 0.00000000000000000e+00
-1.24638067781048974e-02 0.00000000000000000e+00
4.98874800081997721e-03 0.00000000000000000e+00
-1.82201961764125978e-03 0.00000000000000000e+00
-5.51680500898410996e-03 0.00000000000000000e+00
9.37348730302945722e-03 0.00000000000000000e+00
-3.82716705592705750e-03 0.00000000000000000e+00
4.81673738913939581e-03 0.00000000000000000e+00
-2.59321188830952858e-03 0.00000000000000000e+00
2.31189265410454382e-03 0.00000000000000000e+00
-1.97525096435984329e-03 0.00000000000000000e+00
3.16907786021291410e-04 0.00000000000000000e+00
1.24131630576110210e-03 0.00000000000000000e+00
-1.17471105024407945e-03 0.00000000000000000e+00
-1.72887996404817376e-03 0.00000000000000000e+00
7.77283831773766540e-04 0.00000000000000000e+00
-9.38861043346048249e-04 0.00000000000000000e+00
1.55342832012939297e-03 0.00000000000000000e+00
-9.46043051059381043e-04 0.00000000000000000e+00
8.91023703213917229e-04 0.00000000000000000e+00
-4.83660427694375427e-04 0.00000000000000000e+00
-2.22854001224060457e-03 0.00000000000000000e+00
2.71726149474582103e-03 0.00000000000000000e+00
-2.79354041445774347e-03 0.00000000000000000e+00
-1.06882948255764016e-02 0.00000000000000000e+00
1.11683484415402885e-02 0.00000000000000000e+00
-1.19151270607571858e-04 0.00000000000000000e+00
6.73308637215274753e-04 0.00000000000000000e+00
1.96751538713567592e-03 0.00000000000000000e+00
5.39723755171735349e-04 0.00000000000000000e+00
-4.13166284614710673e-03 0.00000000000000000e+00
3.56695366631848811e-03 0.00000000000000000e+00
-8.63126931846415306e-03 0.00000000000000000e+00
7.82752533089186089e-03 0.00000000000000000e+00
-9.93642534452655532e-03 0.00000000000000000e+00
2.91283210504147570e-03 0.00000000000000000e+00
6.47988279355531495e-04 0.00000000000000000e+00
-6.49019132334578176e-03 0.00000000000000000e+00
5.89220886196934780e-03 0.00000000000000000e+00
-6.63793625159347402e-03 0.00000000000000000e+00
6.34571829537224855e-03 0.00000000000000000e+00
-5.54720760886203649e-03 0.00000000000000000e+00
7.10851281868050792e-03 0.00000000000000000e+00
-1.16909374718947474e-03 0.00000000000000000e+00
-1.40438857565922592e-03 0.00000000000000000e+00
5.86433979971551396e-03 0.00000000000000000e+00
6.80736580856985051e-04 0.00000000000000000e+00
2.35475954374538086e-03 0.00000000000000000e+00
5.67526867840518773e-03 0.00000000000000000e+00
-6.24745946159335677e-03 0.00000000000000000e+00
-6.21672177905384523e-04 0.00000000000000000e+00
-6.92686953099187763e-04 0.00000000000000000e+00
-1.36527645203461234e-03 0.00000000000000000e+00
2.87987040823096908e-03 0.00000000000000000e+00
-2.14350954923455198e-03 0.00000000000000000e+00
2.09092604057250619e-03 0.00000000000000000e+00
-6.09167411838995067e-04 0.00000000000000000e+00
1.24228940187240161e-03 0.00000000000000000e+00
6.56704762015567194e-03 0.00000000000000000e+00
-8.67412339067185809e-04 0.00000000000000000e+00
4.22559521135963028e-04 0.00000000000000000e+00
8.55662400545000555e-03 0.00000000000000000e+00
-5.09833196008214161e-03 0.00000000000000000e+00
7.69346288132915189e-03 0.00000000000000000e+00
2.23232745421148189e-03 0.00000000000000000e+00
-2.42125697577721954e-03 0.00000000000000000e+00
-4.50375607194411758e-03 0.00000000000000000e+00
1.03542259030100603e-03 0.00000000000000000e+00
-2.54042999655017514e-03 0.00000000000000000e+00
2.04987233088431620e-04 0.00000000000000000e+00
2.08547589331783446e-03 0.00000000000000000e+00
-2.19871535695140025e-03 0.00000000000000000e+00
3.49170569340638516e-03 0.00000000000000000e+00
-3.68161984351782776e-03 0.00000000000000000e+00
1.80042401334262899e-03 0.00000000000000000e+00
-5.34116759436902206e-04 0.00000000000000000e+00
-8.24065050247574349e-04 0.00000000000000000e+00
3.75768323148689253e-03 0.00000000000000000e+00
-1.16424069367368033e-03 0.00000000000000000e+00
2.20436250238187099e-03 0.00000000000000000e+00
3.94864234268871642e-03 0.00000000000000000e+00
-3.59054262776990242e-03 0.00000000000000000e+00
4.04036793771339522e-03 0.00000000000000000e+00
-1.20812909726178527e-03 0.00000000000000000e+00
-1.27487799701488666e-03 0.00000000000000000e+00
4.21227454534837866e-03 0.00000000000000000e+00
-2.61647572647674079e-03 0.00000000000000000e+00
3.16847938897862761e-03 0.00000000000000000e+00
-3.06223803078426102e-02 0.00000000000000000e+00
3.23071747379675769e-02 0.00000000000000000e+00
1.67770726236559351e-03 0.00000000000000000e+00
1.70754040839425419e-03 0.00000000000000000e+00
5.54227559158802698e-03 0.00000000000000000e+00
3.32629084561108200e-03 0.00000000000000000e+00
-1.23205599680460062e-02 0.00000000000000000e+00
1.14799197882706639e-02 0.00000000000000000e+00
-2.46091555005298786e-02 0.00000000000000000e+00
2.19879404738474830e-02 0.00000000000000000e+00
-3.02940852981641862e-02 0.00000000000000000e+00
8.61513751961188838e-03 0.00000000000000000e+00
1.60284216937515316e-03 0.00000000000000000e+00
-1.88162278261845041e-02 0.00000000000000000e+00
1.71929207048972799e-02 0.00000000000000000e+00
-1.94680168370926776e-02 0.00000000000000000e+00
9.29045004593608004e-03 0.00000000000000000e+00
-9.74394916329201707e-03 0.00000000000000000e+00
-1.95533334897661677e-03 0.00000000000000000e+00
-1.44822437471269053e-04 0.00000000000000000e+00
-5.14960965104372358e-03 0.00000000000000000e+00
-2.63450472369046451e-03 0.00000000000000000e+00
8.67307582089879223e-03 0.00000000000000000e+00
-8.50983188784824353e-03 0.00000000000000000e+00
1.60697557849938150e-03 0.00000000000000000e+00
-2.90053779686985820e-03 0.00000000000000000e+00
1.38323180891385383e-02 0.00000000000000000e+00
-5.48534595023310746e-03 0.00000000000000000e+00
3.63488822939539956e-03 0.00000000000000000e+00
1.20343421021455212e-02 0.00000000000000000e+00
-1.43620658629249037e-02 0.00000000000000000e+00
1.56069307242167870e-02 0.00000000000000000e+00
-1.45716919640940449e-03 0.00000000000000000e+00
1.42878609816810519e-03 0.00000000000000000e+00
-4.75962541135232630e-03 0.00000000000000000e+00
8.95128467337730931e-04 0.00000000000000000e+00
-1.86228365992138837e-04 0.00000000000000000e+00
-8.56281527898852812e-03 0.00000000000000000e+00
5.53981219825624635e-03 0.00000000000000000e+00
-7.64564708222397523e-03 0.00000000000000000e+00
-4.73929471178598759e-03 0.00000000000000000e+00
4.13163848410007337e-03 0.00000000000000000e+00
-6.83486211642804161e-04 0.00000000000000000e+00
3.44154595535490183e-05 0.00000000000000000e+00
3.18410385630951828e-03 0.00000000000000000e+00
-3.08697290533542891e-03 0.00000000000000000e+00
-2.83321584862436808e-04 0.00000000000000000e+00
-1.63216901502955528e-04 0.00000000000000000e+00
-3.42421662516154916e-03 0.00000000000000000e+00
2.91794775437144134e-03 0.00000000000000000e+00
-5.60662310727270269e-03 0.00000000000000000e+00
9.24843830051060066e-04 0.00000000000000000e+00
1.38254253323564905e-04 0.00000000000000000e+00
-5.87833479729089198e-03 0.00000000000000000e+00
1.97351544571105217e-03 0.00000000000000000e+00
-4.27569611234670556e-03 0.00000000000000000e+00
-4.85159485020282381e-03 0.00000000000000000e+00
4.78050041903933711e-03 0.00000000000000000e+00
1.56078449555242631e-03 0.00000000000000000e+00
-2.06523068090385070e-04 0.00000000000000000e+00
2.17349261786860953e-03 0.00000000000000000e+00
-1.09204199264203842e-03 0.00000000000000000e+00
-5.64468233383575422e-04 0.00000000000000000e+00
6.16631446173741262e-04 0.00000000000000000e+00
1.01571515137669679e-02 0.00000000000000000e+00
-1.04884608657924115e-02 0.00000000000000000e+00
3.79825172120885120e-03 0.00000000000000000e+00
-1.25412113466226503e-03 0.00000000000000000e+00
-1.02969476651723494e-03 0.00000000000000000e+00
5.56466179281440900e-03 0.00000000000000000e+00
-8.03658613066705429e-04 0.00000000000000000e+00
2.81164408980344753e-03 0.00000000000000000e+00
1.14276101429408271e-02 0.00000000000000000e+00
-1.00818498570910964e-02 0.00000000000000000e+00
7.79917618808456323e-03 0.00000000000000000e+00
-1.99545677053640166e-03 0.00000000000000000e+00
-3.29372961565003357e-03 0.00000000000000000e+00
6.42620174162752099e-03 0.00000000000000000e+00
-3.32271912779726585e-03 0.00000000000000000e+00
4.11750621406236413e-03 0.00000000000000000e+00
1.47152179349657533e-02 0.00000000000000000e+00
-1.47823828137944729e-02 0.00000000000000000e+00
8.38656564740859344e-04 0.00000000000000000e+00
-6.52750892544690401e-04 0.00000000000000000e+00
-7.97294258034339856e-03 0.00000000000000000e+00
-1.24592889101968912e-03 0.00000000000000000e+00
1.28533038060912631e-02 0.00000000000000000e+00
-1.11683368977471605e-02 0.00000000000000000e+00
3.08881599942012995e-03 0.00000000000000000e+00
-5.62209437461625144e-03 0.00000000000000000e+00
1.74346241523910817e-02 0.00000000000000000e+00
-7.77456307649228556e-03 0.00000000000000000e+00
5.08250951690143293e-03 0.00000000000000000e+00
1.74722580111808488e-02 0.00000000000000000e+00
-2.10240015600783210e-02 0.00000000000000000e+00
2.25828469391341387e-02 0.00000000000000000e+00
4.10617371041739360e-03 0.00000000000000000e+00
-3.28861308721666414e-03 0.00000000000000000e+00
1.16687771334201256e-02 0.00000000000000000e+00
-1.89113595812385299e-03 0.00000000000000000e+00
-1.10627900826477848e-04 0.00000000000000000e+00
1.53399582912458511e-02 0.00000000000000000e+00
-7.56361974495079869e-03 0.00000000000000000e+00
1.24457570530925668e-02 0.00000000000000000e+00
8.51983315141427271e-03 0.00000000000000000e+00
-8.31625329970001222e-03 0.00000000000000000e+00
-2.78505628352188582e-03 0.00000000000000000e+00
4.07629922230119809e-04 0.00000000000000000e+00
-5.09792048226348320e-03 0.00000000000000000e+00
3.75565108675465689e-03 0.00000000000000000e+00
9.26414675589880884e-04 0.00000000000000000e+00
-6.98200109843627958e-04 0.00000000000000000e+00
7.28488519603441836e-03 0.00000000000000000e+00
-6.06226264943558225e-03 0.00000000000000000e+00
1.10828045619358901e-02 0.00000000000000000e+00
-1.72169549508475062e-03 0.00000000000000000e+00
-1.82318947760042385e-03 0.00000000000000000e+00
1.04131699394230427e-02 0.00000000000000000e+00
-8.62884110070254629e-04 0.00000000000000000e+00
5.55446257405078480e-03 0.00000000000000000e+00
7.11744106697237335e-03 0.00000000000000000e+00
-8.08069473394620180e-03 0.00000000000000000e+00
-2.20943819501446702e-03 0.00000000000000000e+00
-6.57162581972858231e-04 0.00000000000000000e+00
-2.29405601556855040e-03 0.00000000000000000e+00
4.10219092792248573e-03 0.00000000000000000e+00
-2.52691957932985826e-03 0.00000000000000000e+00
2.47285492002018463e-03 0.00000000000000000e+00
-6.99527823385045176e-03 0.00000000000000000e+00
8.24836124394393022e-03 0.00000000000000000e+00
1.26181394508560647e-02 0.00000000000000000e+00
-1.42410639893900625e-03 0.00000000000000000e+00
2.64684196987350750e-03 0.00000000000000000e+00
1.82006252536555599e-02 0.00000000000000000e+00
-1.42874362049320927e-02 0.00000000000000000e+00
1.89845683006721680e-02 0.00000000000000000e+00
1.49919517936485808e-03 0.00000000000000000e+00
-1.56427033646241455e-03 0.00000000000000000e+00
-1.35648970668268819e-02 0.00000000000000000e+00
3.93043643281793323e-03 0.00000000000000000e+00
-5.92078785609896022e-03 0.00000000000000000e+00
-3.29936762623125358e-03 0.00000000000000000e+00
8.74628297717752919e-03 0.00000000000000000e+00
-9.24406677024754153e-03 0.00000000000000000e+00
6.81157065292783276e-03 0.00000000000000000e+00
-7.29959816397291947e-03 0.00000000000000000e+00
-3.40608850359308459e-03 0.00000000000000000e+00
1.91480103616195596e-04 0.00000000000000000e+00
-4.45949057773514616e-03 0.00000000000000000e+00
-4.41660926485947306e-03 0.00000000000000000e+00
8.45876050867463980e-03 0.00000000000000000e+00
-9.04334897859086946e-03 0.00000000000000000e+00
-5.37549899473562702e-04 0.00000000000000000e+00
-7.31921466827129105e-04 0.00000000000000000e+00
1.20220315024994664e-02 0.00000000000000000e+00
-4.75999141581132709e-03 0.00000000000000000e+00
4.04488425353323640e-03 0.00000000000000000e+00
9.80445481120587048e-03 0.00000000000000000e+00
-1.25968173331786840e-02 0.00000000000000000e+00
1.36278583776670466e-02 0.00000000000000000e+00
6.40331534122855379e-03 0.00000000000000000e+00
-7.06769847659257863e-03 0.00000000000000000e+00
-5.11643871172365924e-03 0.00000000000000000e+00
3.62562781902104182e-04 0.00000000000000000e+00
-1.75919687526043182e-03 0.00000000000000000e+00
-7.65290669415725957e-03 0.00000000000000000e+00
7.27526754438530959e-03 0.00000000000000000e+00
-9.00516047454398214e-03 0.00000000000000000e+00
2.19178270468104808e-03 0.00000000000000000e+00
-1.92116509997958089e-03 0.00000000000000000e+00
8.82689666098958846e-03 0.00000000000000000e+00
-2.58428904806300630e-03 0.00000000000000000e+00
2.24574969030971131e-03 0.00000000000000000e+00
3.51416211625874214e-03 0.00000000000000000e+00
-5.58141458084969802e-03 0.00000000000000000e+00
6.02932572251236795e-03 0.00000000000000000e+00
6.32813089294736943e-04 0.00000000000000000e+00
-4.23096086531523068e-03 0.00000000000000000e+00
-2.59552123021001349e-02 0.00000000000000000e+00
3.16126687348066999e-03 0.00000000000000000e+00
-5.62967756940937689e-03 0.00000000000000000e+00
-2.27970971815292245e-02 0.00000000000000000e+00
1.44510743834406243e-02 0.00000000000000000e+00
-2.34816468839922840e-02 0.00000000000000000e+00
-1.16094487201567290e-02 0.00000000000000000e+00
1.14745455879527499e-02 0.00000000000000000e+00
3.12683947147814820e-02 0.00000000000000000e+00
-8.93051453217663660e-03 0.00000000000000000e+00
1.04164587583018987e-02 0.00000000000000000e+00
1.56960462897262724e-02 0.00000000000000000e+00
-2.16402549956595178e-02 0.00000000000000000e+00
2.44533568995908765e-02 0.00000000000000000e+00
5.44417408404622265e-03 0.00000000000000000e+00
-7.03381713820879981e-03 0.00000000000000000e+00
-2.12520076161243736e-02 0.00000000000000000e+00
2.88710765559796250e-03 0.00000000000000000e+00
-3.37676644005106526e-03 0.00000000000000000e+00
-3.19371810335793496e-02 0.00000000000000000e+00
2.32526703044407639e-02 0.00000000000000000e+00
-3.15685927088413393e-02 0.00000000000000000e+00
-8.59435382816879645e-03 0.00000000000000000e+00
7.85921575620010006e-03 0.00000000000000000e+00
1.53606696830954105e-02 0.00000000000000000e+00
-4.65000305419528172e-03 0.00000000000000000e+00
1.10978307284961449e-02 0.00000000000000000e+00
3.71237831091190994e-04 0.00000000000000000e+00
-1.09260744245886238e-02 0.00000000000000000e+00
1.10408921521624251e-02 0.00000000000000000e+00
-5.27077594415487419e-03 0.00000000000000000e+00
1.19562125593963169e-03 0.00000000000000000e+00
-3.15903842917336294e-02 0.00000000000000000e+00
4.22771674637628745e-03 0.00000000000000000e+00
-6.01842652462540768e-03 0.00000000000000000e+00
-2.75198639699488629e-02 0.00000000000000000e+00
1.56721854020101664e-02 0.00000000000000000e+00
-2.69424860826254081e-02 0.00000000000000000e+00
-1.95097665449788446e-02 0.00000000000000000e+00
1.86751427654402065e-02 0.00000000000000000e+00
3.25858030429612977e-02 0.00000000000000000e+00
-9.42278164070254123e-03 0.00000000000000000e+00
1.33907173839676579e-02 0.00000000000000000e+00
1.58312384885755178e-02 0.00000000000000000e+00
-2.36713150164154333e-02 0.00000000000000000e+00
2.66909831875517568e-02 0.00000000000000000e+00
-9.25990893158623422e-03 0.00000000000000000e+00
8.74770198291728758e-03 0.00000000000000000e+00
-1.51774334548099958e-02 0.00000000000000000e+00
2.84318482788903067e-03 0.00000000000000000e+00
1.41231146100273758e-03 0.00000000000000000e+00
-2.27810023670471477e-02 0.00000000000000000e+00
1.05261930291220464e-02 0.00000000000000000e+00
-1.73376771339569628e-02 0.00000000000000000e+00
-1.48941177178362767e-02 0.00000000000000000e+00
1.41168565214572633e-02 0.00000000000000000e+00
-3.60398989359559264e-03 0.00000000000000000e+00
1.51458552006717654e-03 0.00000000000000000e+00
7.49069876121813590e-03 0.00000000000000000e+00
-1.09953219229816986e-02 0.00000000000000000e+00
3.29317247013422108e-03 0.00000000000000000e+00
-4.47980329441919484e-03 0.00000000000000000e+00
-5.43638772399837275e-04 0.00000000000000000e+00
5.21674887642159719e-04 0.00000000000000000e+00
-7.58234661310652389e-04 0.00000000000000000e+00
1.48705488810299075e-04 0.00000000000000000e+00
-2.35660060123606382e-06 0.00000000000000000e+00
-1.09797452182872372e-03 0.00000000000000000e+00
5.65116811390023585e-04 0.00000000000000000e+00
-8.96326694083767264e-04 0.00000000000000000e+00
-9.30705243073242294e-04 0.00000000000000000e+00
8.35845291987313333e-04 0.00000000000000000e+00
-1.24361486039196111e-04 0.00000000000000000e+00
2.08177410405488066e-05 0.00000000000000000e+00
4.59637808912531241e-04 0.00000000000000000e+00
-4.03551341092419811e-04 0.00000000000000000e+00
-3.07716241750509062e-05 0.00000000000000000e+00
-1.62165735132552498e-05 0.00000000000000000e+00
6.29016821666814052e-03 0.00000000000000000e+00
-6.65485335213846819e-03 0.00000000000000000e+00
-6.87971053319368130e-04 0.00000000000000000e+00
-2.97301623198977807e-04 0.00000000000000000e+00
-1.18156423178113093e-03 0.00000000000000000e+00
-1.21410364708639381e-03 0.00000000000000000e+00
2.89667815101919907e-03 0.00000000000000000e+00
-2.86332311096773899e-03 0.00000000000000000e+00
4.82770474562236804e-03 0.00000000000000000e+00
-4.31461738455397262e-03 0.00000000000000000e+00
6.37358808502508194e-03 0.00000000000000000e+00
-1.82072171225204551e-03 0.00000000000000000e+00
-1.31644262386665850e-04 0.00000000000000000e+00
3.80822251221760643e-03 0.00000000000000000e+00
-3.66529931151240388e-03 0.00000000000000000e+00
4.12548549312399034e-03 0.00000000000000000e+00
-2.06482107606958910e-03 0.00000000000000000e+00
2.05293791560422299e-03 0.00000000000000000e+00
-4.26442300000733857e-04 0.00000000000000000e+00
1.41883215238387264e-04 0.00000000000000000e+00
9.11016021677777473e-04 0.00000000000000000e+00
-1.90000604752980370e-04 0.00000000000000000e+00
-1.37690707396157810e-03 0.00000000000000000e+00
1.04527659609568403e-03 0.00000000000000000e+00
-8.49570643087595341e-04 0.00000000000000000e+00
1.09487795815676808e-03 0.00000000000000000e+00
-2.02277058763637501e-03 0.00000000000000000e+00
8.92608634244067777e-04 0.00000000000000000e+00
-3.98431323011877859e-04 0.00000000000000000e+00
-2.09175457793659477e-03 0.00000000000000000e+00
2.36249155338315352e-03 0.00000000000000000e+00
-2.54335646245516106e-03 0.00000000000000000e+00
1.90834654858758118e-04 0.00000000000000000e+00
-2.14471134680409037e-04 0.00000000000000000e+00
4.87385375015706487e-04 0.00000000000000000e+00
-1.05285114672931679e-04 0.00000000000000000e+00
4.07896363674140714e-05 0.00000000000000000e+00
1.04600926669346167e-03 0.00000000000000000e+00
-7.46301486726330459e-04 0.00000000000000000e+00
9.71411984489678731e-04 0.00000000000000000e+00
6.50504602852654723e-04 0.00000000000000000e+00
-5.34962554897553083e-04 0.00000000000000000e+00
2.45061559488915569e-04 0.00000000000000000e+00
-2.28145586375786114e-05 0.00000000000000000e+00
-4.28388209530111556e-04 0.00000000000000000e+00
4.40399732371654651e-04 0.00000000000000000e+00
2.79723704955544045e-05 0.00000000000000000e+00
4.60449023696841915e-05 0.00000000000000000e+00
9.37640544764283814e-04 0.00000000000000000e+00
-1.03784797582635977e-03 0.00000000000000000e+00
-2.72266361377610790e-04 0.00000000000000000e+00
-2.57338500632582002e-05 0.00000000000000000e+00
-4.49276597936245248e-04 0.00000000000000000e+00
-3.63362012951472978e-05 0.00000000000000000e+00
5.38382723082112533e-04 0.00000000000000000e+00
-5.39536280251732268e-04 0.00000000000000000e+00
4.10628205945231639e-04 0.00000000000000000e+00
-4.32649355423488991e-04 0.00000000000000000e+00
1.67879575228500237e-03 0.00000000000000000e+00
-5.63919784200065093e-04 0.00000000000000000e+00
1.86691301222284480e-04 0.00000000000000000e+00
1.36167927106888172e-03 0.00000000000000000e+00
-1.37971068867878514e-03 0.00000000000000000e+00
1.55174523461356836e-03 0.00000000000000000e+00
-1.73458838235996142e-03 0.00000000000000000e+00
1.71688924012895652e-03 0.00000000000000000e+00
-1.93317193173687864e-03 0.00000000000000000e+00
4.12142052041404713e-04 0.00000000000000000e+00
1.50450195630286813e-05 0.00000000000000000e+00
-2.90128836160459839e-03 0.00000000000000000e+00
1.47276145180441891e-03 0.00000000000000000e+00
-2.33470219648020680e-03 0.00000000000000000e+00
-2.78367568517571195e-03 0.00000000000000000e+00
2.46579183513831804e-03 0.00000000000000000e+00
-7.34130292396846908e-04 0.00000000000000000e+00
1.43849640254381885e-04 0.00000000000000000e+00
1.28725400909608873e-03 0.00000000000000000e+00
-1.27992189966157533e-03 0.00000000000000000e+00
5.79357027277456162e-05 0.00000000000000000e+00
-2.14394949499151498e-04 0.00000000000000000e+00
-3.29226661384523491e-03 0.00000000000000000e+00
3.02250418782495185e-03 0.00000000000000000e+00
-2.37026596487880910e-03 0.00000000000000000e+00
4.24969048653977850e-04 0.00000000000000000e+00
1.17087900698264807e-03 0.00000000000000000e+00
-1.68361313190398452e-03 0.00000000000000000e+00
-1.45783826196067270e-03 0.00000000000000000e+00
3.35206421781051873e-04 0.00000000000000000e+00
-1.97088528684674982e-03 0.00000000000000000e+00
2.41792692489663317e-03 0.00000000000000000e+00
-1.20967860306145304e-03 0.00000000000000000e+00
8.94694647562039929e-04 0.00000000000000000e+00
-7.80179327973518473e-05 0.00000000000000000e+00
-2.38972132449103477e-03 0.00000000000000000e+00
2.54630348596972126e-03 0.00000000000000000e+00
-2.64841966413922447e-03 0.00000000000000000e+00
-1.32555409921477274e-03 0.00000000000000000e+00
1.10431382064091958e-03 0.00000000000000000e+00
-3.57035366295682709e-03 0.00000000000000000e+00
5.92981190428213908e-04 0.00000000000000000e+00
7.65462599621866060e-05 0.00000000000000000e+00
-4.89907281665070277e-03 0.00000000000000000e+00
2.44779433274148897e-03 0.00000000000000000e+00
-3.96248583862503136e-03 0.00000000000000000e+00
-2.71908327422265388e-03 0.00000000000000000e+00
2.63223750698956356e-03 0.00000000000000000e+00
5.52699747707752404e-04 0.00000000000000000e+00
-4.52374867162775861e-05 0.00000000000000000e+00
1.61498171000985444e-03 0.00000000000000000e+00
-1.43219373728720330e-03 0.00000000000000000e+00
-1.05068779929513230e-04 0.00000000000000000e+00
-1.04787276939098351e-05 0.00000000000000000e+00
3.69710938077325593e-07 0.00000000000000000e+00
-1.46013699697483895e-05 0.00000000000000000e+00
1.66360441353218769e-05 0.00000000000000000e+00
-1.00447253792358838e-05 0.00000000000000000e+00
4.78838487416789030e-05 0.00000000000000000e+00
1.18738599917889943e-04 0.00000000000000000e+00
-1.59179753565457337e-04 0.00000000000000000e+00
1.66064196092762336e-04 0.00000000000000000e+00
1.30152628806506562e-04 0.00000000000000000e+00
-8.26476325961670422e-05 0.00000000000000000e+00
3.47521915814632743e-05 0.00000000000000000e+00
2.15985881195860197e-05 0.00000000000000000e+00
-9.59153736772230949e-05 0.00000000000000000e+00
1.15980346108551629e-06 0.00000000000000000e+00
9.54308150423510736e-05 0.00000000000000000e+00
-8.56378498818885319e-05 0.00000000000000000e+00
-1.55437066550428060e-03 0.00000000000000000e+00
1.62396373371040035e-03 0.00000000000000000e+00
-1.25588398839308305e-04 0.00000000000000000e+00
1.17550094564539411e-04 0.00000000000000000e+00
2.56001003255038224e-04 0.00000000000000000e+00
-1.23472057978454922e-04 0.00000000000000000e+00
-4.33527745623278192e-04 0.00000000000000000e+00
3.07362614916846055e-04 0.00000000000000000e+00
-1.37021557513115877e-03 0.00000000000000000e+00
1.22847523682627531e-03 0.00000000000000000e+00
-1.41378284839058991e-03 0.00000000000000000e+00
4.00860350637771918e-04 0.00000000000000000e+00
1.88083613069940430e-04 0.00000000000000000e+00
-9.62293592257453933e-04 0.00000000000000000e+00
7.83318011814935502e-04 0.00000000000000000e+00
-8.97541081288922931e-04 0.00000000000000000e+00
2.24022161897763849e-04 0.00000000000000000e+00
-2.10154752523742262e-04 0.00000000000000000e+00
1.71874617729713981e-04 0.00000000000000000e+00
-3.33047715041643379e-05 0.00000000000000000e+00
-5.23529896645400189e-05 0.00000000000000000e+00
1.57201155793824660e-04 0.00000000000000000e+00
3.23354834047923317e-05 0.00000000000000000e+00
4.66482884619778468e-05 0.00000000000000000e+00
1.95338049935579359e-04 0.00000000000000000e+00
-2.03583429222683050e-04 0.00000000000000000e+00
7.56746001726585273e-05 0.00000000000000000e+00
-4.36944136911603063e-05 0.00000000000000000e+00
-3.91927330606287874e-05 0.00000000000000000e+00
1.39873385761369213e-04 0.00000000000000000e+00
-1.10686048222756602e-04 0.00000000000000000e+00
1.18554888672069896e-04 0.00000000000000000e+00
-2.48302607634603219e-04 0.00000000000000000e+00
2.62273975257537584e-04 0.00000000000000000e+00
-1.23311808734462020e-04 0.00000000000000000e+00
3.82467499861195061e-05 0.00000000000000000e+00
3.34546192129651793e-05 0.00000000000000000e+00
-2.45940206347394460e-04 0.00000000000000000e+00
9.62881941715903837e-05 0.00000000000000000e+00
-1.63473302965094200e-04 0.00000000000000000e+00
-3.11506108772029763e-04 0.00000000000000000e+00
2.72596089528505164e-04 0.00000000000000000e+00
-2.50898766725633337e-04 0.00000000000000000e+00
6.48831846977138783e-05 0.00000000000000000e+00
1.09999275269200556e-04 0.00000000000000000e+00
-2.40161587478038350e-04 0.00000000000000000e+00
1.19527871776049023e-04 0.00000000000000000e+00
-1.52244850310615784e-04 0.00000000000000000e+00
-2.45468256988762561e-04 0.00000000000000000e+00
3.80070705877029935e-04 0.00000000000000000e+00
8.52629639455147834e-04 0.00000000000000000e+00
-8.90702117591852052e-05 0.00000000000000000e+00
2.78819579011711598e-04 0.00000000000000000e+00
6.90022011937007143e-04 0.00000000000000000e+00
-5.58467364979323339e-04 0.00000000000000000e+00
8.31915838819111846e-04 0.00000000000000000e+00
2.47503606133700894e-04 0.00000000000000000e+00
-2.40090887267202432e-04 0.00000000000000000e+00
-1.36245499568214733e-03 0.00000000000000000e+00
4.08391429203484359e-04 0.00000000000000000e+00
-3.56614462886975438e-04 0.00000000000000000e+00
-8.12758388875073541e-04 0.00000000000000000e+00
9.91304271058811824e-04 0.00000000000000000e+00
-1.11980461106908342e-03 0.00000000000000000e+00
4.33493732225613494e-04 0.00000000000000000e+00
-3.95749662162017202e-04 0.00000000000000000e+00
1.01734208566615090e-03 0.00000000000000000e+00
-1.84074505055533826e-04 0.00000000000000000e+00
5.34494910538100711e-05 0.00000000000000000e+00
1.52284290081443601e-03 0.00000000000000000e+00
-8.99288337318140257e-04 0.00000000000000000e+00
1.33091772796065273e-03 0.00000000000000000e+00
1.01968667203041060e-03 0.00000000000000000e+00
-9.12271700745000309e-04 0.00000000000000000e+00
-6.82719526742705775e-05 0.00000000000000000e+00
4.08890054548484067e-05 0.00000000000000000e+00
-6.07305340778708895e-04 0.00000000000000000e+00
4.01325506217734625e-04 0.00000000000000000e+00
1.77028851685297130e-04 0.00000000000000000e+00
-1.30220892955618963e-04 0.00000000000000000e+00
6.86313146321776337e-04 0.00000000000000000e+00
-5.03428843392888072e-04 0.00000000000000000e+00
1.45466835759754261e-03 0.00000000000000000e+00
-2.10723824537269606e-04 0.00000000000000000e+00
2.27035796974843878e-05 0.00000000000000000e+00
1.20599676949305064e-03 0.00000000000000000e+00
-3.08540658986126894e-04 0.00000000000000000e+00
8.70538972636898775e-04 0.00000000000000000e+00
9.65143791916577140e-04 0.00000000000000000e+00
-1.00909648650378205e-03 0.00000000000000000e+00
-9.37320168581552964e-04 0.00000000000000000e+00
1.84470710121039879e-04 0.00000000000000000e+00
-4.43242332964297893e-04 0.00000000000000000e+00
-1.72691034096678975e-04 0.00000000000000000e+00
4.13716722147987250e-04 0.00000000000000000e+00
-5.02031394113458345e-04 0.00000000000000000e+00
5.49183428378119832e-04 0.00000000000000000e+00
-4.91327274699860793e-04 0.00000000000000000e+00
1.18966218164019873e-03 0.00000000000000000e+00
-2.08514825985858516e-04 0.00000000000000000e+00
-5.61453786841295169e-05 0.00000000000000000e+00
1.71353749320441286e-03 0.00000000000000000e+00
-8.42731846467786373e-04 0.00000000000000000e+00
1.35979150614021389e-03 0.00000000000000000e+00
1.01892981003057193e-03 0.00000000000000000e+00
-9.72639264511960481e-04 0.00000000000000000e+00
1.31873857563261718e-05 0.00000000000000000e+00
-3.84376051650165258e-05 0.00000000000000000e+00
-5.67591519180113608e-04 0.00000000000000000e+00
6.40402352579948946e-04 0.00000000000000000e+00
-7.89302709451623479e-05 0.00000000000000000e+00
1.41830636463704157e-04 0.00000000000000000e+00
2.42088716073377659e-03 0.00000000000000000e+00
-2.03272469736470425e-03 0.00000000000000000e+00
4.63961840007493225e-03 0.00000000000000000e+00
-7.61604819422267054e-04 0.00000000000000000e+00
-3.20696638553264783e-05 0.00000000000000000e+00
5.25934493208491533e-03 0.00000000000000000e+00
-2.14832682429389821e-03 0.00000000000000000e+00
4.05631491597700875e-03 0.00000000000000000e+00
3.87567058154570732e-03 0.00000000000000000e+00
-3.77730061301900007e-03 0.00000000000000000e+00
-1.32580294574017417e-03 0.00000000000000000e+00
2.22455877940696688e-04 0.00000000000000000e+00
-1.92794400794288356e-03 0.00000000000000000e+00
9.69111051081959557e-04 0.00000000000000000e+00
6.01768265553981395e-04 0.00000000000000000e+00
-6.09587750565017557e-04 0.00000000000000000e+00
-1.70452836426786547e-02 0.00000000000000000e+00
1.82161732627148798e-02 0.00000000000000000e+00
4.54456586595431474e-03 0.00000000000000000e+00
4.04963134620960747e-04 0.00000000000000000e+00
3.50688555873116155e-03 0.00000000000000000e+00
7.16657628198231946e-03 0.00000000000000000e+00
-1.04181693293471656e-02 0.00000000000000000e+00
1.14021270465409792e-02 0.00000000000000000e+00
-1.14905691706741545e-02 0.00000000000000000e+00
1.02289564310335274e-02 0.00000000000000000e+00
-1.86754581885258709e-02 0.00000000000000000e+00
5.35578430108764672e-03 0.00000000000000000e+00
-1.04549145876991806e-03 0.00000000000000000e+00
-1.00558637777622504e-02 0.00000000000000000e+00
1.09774349519953258e-02 0.00000000000000000e+00
-1.22103535615920872e-02 0.00000000000000000e+00
6.42344447397207030e-03 0.00000000000000000e+00
-6.30846823776594953e-03 0.00000000000000000e+00
1.79664830451434264e-03 0.00000000000000000e+00
-4.94033813695909756e-04 0.00000000000000000e+00
-2.72131389955424484e-03 0.00000000000000000e+00
8.96151030971539548e-04 0.00000000000000000e+00
4.11057101530046785e-03 0.00000000000000000e+00
-2.92364805949459159e-03 0.00000000000000000e+00
2.82973912739596179e-03 0.00000000000000000e+00
-3.60080228233531849e-03 0.00000000000000000e+00
5.61970050964086341e-03 0.00000000000000000e+00
-2.58900597568746801e-03 0.00000000000000000e+00
1.07880405610760255e-03 0.00000000000000000e+00
6.11119363769896135e-03 0.00000000000000000e+00
-6.89849950906801408e-03 0.00000000000000000e+00
7.39043185404468245e-03 0.00000000000000000e+00
7.91348872065786540e-04 0.00000000000000000e+00
-8.13725879562004128e-04 0.00000000000000000e+00
-1.48088270274823654e-03 0.00000000000000000e+00
2.23622292288952381e-04 0.00000000000000000e+00
-4.18765043029120394e-04 0.00000000000000000e+00
-3.01052312593426971e-03 0.00000000000000000e+00
2.61902164505303705e-03 0.00000000000000000e+00
-3.21423285340128586e-03 0.00000000000000000e+00
-8.14252700186768926e-04 0.00000000000000000e+00
5.87015435029451891e-04 0.00000000000000000e+00
8.31849049790616356e-04 0.00000000000000000e+00
-3.84553654402824941e-04 0.00000000000000000e+00
1.16723087116278970e-03 0.00000000000000000e+00
-2.02257133455581884e-04 0.00000000000000000e+00
-1.03000112938599216e-03 0.00000000000000000e+00
9.51529861386257139e-04 0.00000000000000000e+00
-2.59516290753803672e-03 0.00000000000000000e+00
2.56762821620629394e-03 0.00000000000000000e+00
-1.40571673009708435e-03 0.00000000000000000e+00
3.32633403121540474e-04 0.00000000000000000e+00
8.44172678290064545e-04 0.00000000000000000e+00
-1.76064671935102193e-03 0.00000000000000000e+00
-4.09526969337900754e-04 0.00000000000000000e+00
-3.46954957247787180e-04 0.00000000000000000e+00
-2.03479136121633222e-03 0.00000000000000000e+00
2.12421742153197758e-03 0.00000000000000000e+00
-2.12572447263311304e-03 0.00000000000000000e+00
8.72710819683387854e-04 0.00000000000000000e+00
2.76333354840845914e-04 0.00000000000000000e+00
-2.57546205037581652e-03 0.00000000000000000e+00
2.18925156440907386e-03 0.00000000000000000e+00
-2.43831899782901871e-03 0.00000000000000000e+00
4.88199389007150895e-03 0.00000000000000000e+00
-4.98888451159254249e-03 0.00000000000000000e+00
2.91396906901027078e-03 0.00000000000000000e+00
-7.75125075908964976e-04 0.00000000000000000e+00
-3.53048144786706670e-04 0.00000000000000000e+00
4.40499077780532461e-03 0.00000000000000000e+00
-1.59687466122860732e-03 0.00000000000000000e+00
3.00604645513716630e-03 0.00000000000000000e+00
6.24492439605219777e-03 0.00000000000000000e+00
-5.50574352166803473e-03 0.00000000000000000e+00
3.31132429582594928e-03 0.00000000000000000e+00
-8.01681533020950888e-04 0.00000000000000000e+00
-2.23399760496646640e-03 0.00000000000000000e+00
3.30177595221794757e-03 0.00000000000000000e+00
-1.17469192247863282e-03 0.00000000000000000e+00
1.58683832051924453e-03 0.00000000000000000e+00
7.30359925414122285e-03 0.00000000000000000e+00
-6.87140565245485894e-03 0.00000000000000000e+00
3.99719869773526668e-03 0.00000000000000000e+00
-7.81768700256279679e-04 0.00000000000000000e+00
-2.97436221565736385e-03 0.00000000000000000e+00
2.62483973363956784e-03 0.00000000000000000e+00
4.05843996993343527e-03 0.00000000000000000e+00
-1.99416270497759568e-03 0.00000000000000000e+00
3.60849467313371615e-03 0.00000000000000000e+00
-4.67961007220215903e-03 0.00000000000000000e+00
4.28511726222240239e-03 0.00000000000000000e+00
-2.49477608793251216e-03 0.00000000000000000e+00
8.00057484472547435e-04 0.00000000000000000e+00
6.24197525357405268e-03 0.00000000000000000e+00
-6.96036902264895486e-03 0.00000000000000000e+00
7.33695107780220779e-03 0.00000000000000000e+00
2.41646260529164393e-03 0.00000000000000000e+00
-1.88430730321854228e-03 0.00000000000000000e+00
7.98788176361293727e-03 0.00000000000000000e+00
-1.28891881344131757e-03 0.00000000000000000e+00
-2.90924646654895323e-05 0.00000000000000000e+00
1.08855274303075421e-02 0.00000000000000000e+00
-5.63825122844015779e-03 0.00000000000000000e+00
8.98789231222115077e-03 0.00000000000000000e+00
5.65206932419597564e-03 0.00000000000000000e+00
-5.49347048235448478e-03 0.00000000000000000e+00
-1.90063552275048734e-03 0.00000000000000000e+00
3.03014286366001275e-04 0.00000000000000000e+00
-3.58211812678971633e-03 0.00000000000000000e+00
2.69832941634400936e-03 0.00000000000000000e+00
6.77030416782094854e-04 0.00000000000000000e+00
-4.82150450711966484e-04 0.00000000000000000e+00
4.95015863052101590e-04 0.00000000000000000e+00
-4.06711223571713852e-04 0.00000000000000000e+00
5.38217595349999999e-04 0.00000000000000000e+00
-7.33463107875419136e-05 0.00000000000000000e+00
-2.78468586499889105e-04 0.00000000000000000e+00
3.06787428444833853e-04 0.00000000000000000e+00
3.87170774898920795e-04 0.00000000000000000e+00
-1.43116974927781832e-04 0.00000000000000000e+00
1.05265772753122914e-04 0.00000000000000000e+00
-2.80540090158875070e-04 0.00000000000000000e+00
1.29367579680341553e-05 0.00000000000000000e+00
-1.64279321932733513e-04 0.00000000000000000e+00
1.32290628466031978e-04 0.00000000000000000e+00
4.17340332453651182e-04 0.00000000000000000e+00
-5.61945543073748299e-04 0.00000000000000000e+00
5.60439950080423221e-04 0.00000000000000000e+00
2.55628019811791505e-03 0.00000000000000000e+00
-2.58221238991364821e-03 0.00000000000000000e+00
1.50570761002601474e-03 0.00000000000000000e+00
-3.87940812969177358e-04 0.00000000000000000e+00
-2.56422842323718336e-04 0.00000000000000000e+00
2.07394242535506894e-03 0.00000000000000000e+00
-5.44300345095353609e-04 0.00000000000000000e+00
1.26986113753547168e-03 0.00000000000000000e+00
3.04739577558479999e-03 0.00000000000000000e+00
-2.74270487657746849e-03 0.00000000000000000e+00
1.61913708597893023e-03 0.00000000000000000e+00
-4.40319823483112968e-04 0.00000000000000000e+00
-1.00376695703988930e-03 0.00000000000000000e+00
1.67261994657018484e-03 0.00000000000000000e+00
-7.36687903312135571e-04 0.00000000000000000e+00
9.27455172142458047e-04 0.00000000000000000e+00
1.26483857090343142e-03 0.00000000000000000e+00
-1.32791894920823174e-03 0.00000000000000000e+00
-4.73768685546455007e-04 0.00000000000000000e+00
1.97419132380242139e-05 0.00000000000000000e+00
-8.50663139922016990e-04 0.00000000000000000e+00
-6.97787865368108178e-04 0.00000000000000000e+00
1.56691965849865291e-03 0.00000000000000000e+00
-1.61366730235842524e-03 0.00000000000000000e+00
-1.23283954753130985e-04 0.00000000000000000e+00
-1.50344156337094348e-04 0.00000000000000000e+00
2.08764638108678308e-03 0.00000000000000000e+00
-8.71168779935509370e-04 0.00000000000000000e+00
7.54437807336706657e-04 0.00000000000000000e+00
1.81540241406103289e-03 0.00000000000000000e+00
-2.34734207959981641e-03 0.00000000000000000e+00
2.52740038151216210e-03 0.00000000000000000e+00
1.35472670778683728e-03 0.00000000000000000e+00
-1.39118889813319392e-03 0.00000000000000000e+00
4.89788561837599130e-04 0.00000000000000000e+00
-1.58371854470077138e-04 0.00000000000000000e+00
-2.43937946613682628e-04 0.00000000000000000e+00
7.01908376300973348e-04 0.00000000000000000e+00
4.88310624844498454e-05 0.00000000000000000e+00
2.25076104499847494e-04 0.00000000000000000e+00
1.34055005324999234e-03 0.00000000000000000e+00
-1.23154960862680864e-03 0.00000000000000000e+00
1.14296816736953280e-03 0.00000000000000000e+00
-3.47287764007088277e-04 0.00000000000000000e+00
-3.11522238965000026e-04 0.00000000000000000e+00
1.03291152951265992e-03 0.00000000000000000e+00
-7.11647767097310733e-04 0.00000000000000000e+00
8.30238800822536609e-04 0.00000000000000000e+00
3.88301037578376250e-04 0.00000000000000000e+00
-1.10783403719525537e-03 0.00000000000000000e+00
-4.97914877354970874e-03 0.00000000000000000e+00
5.84699202029435655e-04 0.00000000000000000e+00
-1.18796258976395001e-03 0.00000000000000000e+00
-4.23092979950580404e-03 0.00000000000000000e+00
2.79993092153563074e-03 0.00000000000000000e+00
-4.50039173636828348e-03 0.00000000000000000e+00
-2.02652364980003075e-03 0.00000000000000000e+00
2.01256555670636505e-03 0.00000000000000000e+00
6.46309709544944187e-03 0.00000000000000000e+00
-1.85996375172766044e-03 0.00000000000000000e+00
1.98280637003665728e-03 0.00000000000000000e+00
3.42175369199564398e-03 0.00000000000000000e+00
-4.49718106632181116e-03 0.00000000000000000e+00
5.09186189753685174e-03 0.00000000000000000e+00
-9.81272241953296421e-04 0.00000000000000000e+00
7.97637238016727658e-04 0.00000000000000000e+00
-3.81529747812503570e-03 0.00000000000000000e+00
6.43964753586529349e-04 0.00000000000000000e+00
-2.57561023615382120e-04 0.00000000000000000e+00
-5.68900709099116539e-03 0.00000000000000000e+00
3.49386846069506870e-03 0.00000000000000000e+00
-5.08523823653021963e-03 0.00000000000000000e+00
-3.17700580739104128e-03 0.00000000000000000e+00
2.87390693330191477e-03 0.00000000000000000e+00
8.56961556362781851e-04 0.00000000000000000e+00
-2.93402175155883132e-04 0.00000000000000000e+00
2.14931051181808074e-03 0.00000000000000000e+00
-1.17062113078940724e-03 0.00000000000000000e+00
-8.83514632628842715e-04 0.00000000000000000e+00
7.54834435284167343e-04 0.00000000000000000e+00
2.13575901383957140e-04 0.00000000000000000e+00
-1.01348593961390204e-03 0.00000000000000000e+00
-6.03584067745752736e-03 0.00000000000000000e+00
7.58641318126929858e-04 0.00000000000000000e+00
-1.78497058521775629e-03 0.00000000000000000e+00
-5.39514567990247596e-03 0.00000000000000000e+00
4.02406420700281587e-03 0.00000000000000000e+00
-6.06560726772932546e-03 0.00000000000000000e+00
-3.42524456723935014e-03 0.00000000000000000e+00
3.08636878226994362e-03 0.00000000000000000e+00
7.73771024411526800e-03 0.00000000000000000e+00
-2.44160935626453303e-03 0.00000000000000000e+00
2.95306038673028145e-03 0.00000000000000000e+00
4.46395007638373566e-03 0.00000000000000000e+00
-6.22728875340224520e-03 0.00000000000000000e+00
6.93955593284005523e-03 0.00000000000000000e+00
-1.72042795832294949e-03 0.00000000000000000e+00
1.64893222037823680e-03 0.00000000000000000e+00
-2.83732334719457007e-03 0.00000000000000000e+00
5.41618659505773239e-04 0.00000000000000000e+00
2.47502785657656259e-04 0.00000000000000000e+00
-4.43965771015762158e-03 0.00000000000000000e+00
2.15770699164189112e-03 0.00000000000000000e+00
-3.44044483168672380e-03 0.00000000000000000e+00
-2.88820001604599835e-03 0.00000000000000000e+00
2.70145937365315900e-03 0.00000000000000000e+00
-8.23380051106798014e-04 0.00000000000000000e+00
3.01068038235809794e-04 0.00000000000000000e+00
1.48705573510366559e-03 0.00000000000000000e+00
-2.18258798643807504e-03 0.00000000000000000e+00
6.27877868501452714e-04 0.00000000000000000e+00
-8.78028089039257185e-04 0.00000000000000000e+00
-2.60453385796402277e-03 0.00000000000000000e+00
1.31734648269757229e-03 0.00000000000000000e+00
-9.26102206772847283e-03 0.00000000000000000e+00
1.20977124727594592e-03 0.00000000000000000e+00
-1.38344673263730969e-04 0.00000000000000000e+00
-7.60746486227048373e-03 0.00000000000000000e+00
2.09677598768201034e-03 0.00000000000000000e+00
-5.61792760422115574e-03 0.00000000000000000e+00
-4.10952408763803380e-03 0.00000000000000000e+00
4.76936813934530999e-03 0.00000000000000000e+00
7.43673212921661542e-03 0.00000000000000000e+00
-1.42714019139257944e-03 0.00000000000000000e+00
2.29085189402245199e-03 0.00000000000000000e+00
1.71833488310327103e-03 0.00000000000000000e+00
-2.81611047496471050e-03 0.00000000000000000e+00
3.48363399273011413e-03 0.00000000000000000e+00
-8.44872122897370563e-03 0.00000000000000000e+00
8.29401664000510748e-03 0.00000000000000000e+00
-8.51984761359846771e-03 0.00000000000000000e+00
1.80997333408317506e-03 0.00000000000000000e+00
5.41795418876258521e-04 0.00000000000000000e+00
-1.20356120852615159e-02 0.00000000000000000e+00
5.13176681252130919e-03 0.00000000000000000e+00
-8.96627312660461945e-03 0.00000000000000000e+00
-1.20494620415260208e-02 0.00000000000000000e+00
1.09241051194169207e-02 0.00000000000000000e+00
-3.65139838725875602e-03 0.00000000000000000e+00
9.83066494353579878e-04 0.00000000000000000e+00
5.08860740025132013e-03 0.00000000000000000e+00
-6.10507493309405801e-03 0.00000000000000000e+00
1.31810686799398061e-03 0.00000000000000000e+00
-1.99163493141313189e-03 0.00000000000000000e+00
1.98658678183673580e-03 0.00000000000000000e+00
-2.38409308446148327e-03 0.00000000000000000e+00
-2.41762695769479627e-03 0.00000000000000000e+00
2.09042250685314218e-04 0.00000000000000000e+00
-1.70446241298787340e-03 0.00000000000000000e+00
-2.04077229962671422e-03 0.00000000000000000e+00
2.90511113096255692e-03 0.00000000000000000e+00
-3.52623325722556911e-03 0.00000000000000000e+00
-7.36146505974541042e-04 0.00000000000000000e+00
3.81575703941776172e-04 0.00000000000000000e+00
5.77676687713052708e-03 0.00000000000000000e+00
-2.03629004566019053e-03 0.00000000000000000e+00
1.66519341180036543e-03 0.00000000000000000e+00
4.32593039396593406e-03 0.00000000000000000e+00
-5.25063365894642541e-03 0.00000000000000000e+00
5.80491760181199752e-03 0.00000000000000000e+00
-4.35094512791398252e-03 0.00000000000000000e+00
4.74469070561484539e-03 0.00000000000000000e+00
6.36051732329476682e-04 0.00000000000000000e+00
2.32934279096319558e-04 0.00000000000000000e+00
9.72640023316012192e-04 0.00000000000000000e+00
1.46915396728848417e-05 0.00000000000000000e+00
-1.33401073661557458e-03 0.00000000000000000e+00
1.28750678682776256e-03 0.00000000000000000e+00
-3.55108651837816522e-03 0.00000000000000000e+00
3.09794392632058331e-03 0.00000000000000000e+00
-5.66029278103029939e-03 0.00000000000000000e+00
1.57932518640298606e-03 0.00000000000000000e+00
2.80037363877562917e-04 0.00000000000000000e+00
-3.80860031898436419e-03 0.00000000000000000e+00
3.27080958702946276e-03 0.00000000000000000e+00
-3.79156590938701903e-03 0.00000000000000000e+00
-1.10387788061077296e-03 0.00000000000000000e+00
1.73484982196074220e-03 0.00000000000000000e+00
3.89907703009399233e-03 0.00000000000000000e+00
-3.96947927888173502e-04 0.00000000000000000e+00
1.07440986749446376e-03 0.00000000000000000e+00
3.12312121224049555e-03 0.00000000000000000e+00
-2.28177166036580776e-03 0.00000000000000000e+00
3.55726168327927077e-03 0.00000000000000000e+00
8.18851609609056699e-04 0.00000000000000000e+00
-9.15195685581631554e-04 0.00000000000000000e+00
-6.03572844101435586e-03 0.00000000000000000e+00
1.71435003666992698e-03 0.00000000000000000e+00
-1.40723822643908916e-03 0.00000000000000000e+00
-3.37096071119865432e-03 0.00000000000000000e+00
4.02965643077694228e-03 0.00000000000000000e+00
-4.59172742650469905e-03 0.00000000000000000e+00
1.02836109388607447e-03 0.00000000000000000e+00
-5.18413709373674939e-04 0.00000000000000000e+00
9.34491936609485423e-03 0.00000000000000000e+00
-1.49906490571605905e-03 0.00000000000000000e+00
1.09330577073210068e-03 0.00000000000000000e+00
1.39433701548728993e-02 0.00000000000000000e+00
-9.27269117195220725e-03 0.00000000000000000e+00
1.30719226434815490e-02 0.00000000000000000e+00
6.96802880612257605e-03 0.00000000000000000e+00
-6.21109908689166084e-03 0.00000000000000000e+00
-3.68188217514791270e-03 0.00000000000000000e+00
1.27128259502470105e-03 0.00000000000000000e+00
-5.37966139695324457e-03 0.00000000000000000e+00
1.58115450586922626e-03 0.00000000000000000e+00
3.48041928902806472e-03 0.00000000000000000e+00
-3.30649987031968878e-03 0.00000000000000000e+00
1.39204350797312321e-02 0.00000000000000000e+00
-1.30473001585242072e-02 0.00000000000000000e+00
8.01513727002964305e-03 0.00000000000000000e+00
-1.54615924466982094e-03 0.00000000000000000e+00
-5.37272382038137854e-03 0.00000000000000000e+00
5.29058714239811784e-03 0.00000000000000000e+00
7.32046635038243170e-03 0.00000000000000000e+00
-3.27981141399873817e-03 0.00000000000000000e+00
7.36918004982219099e-03 0.00000000000000000e+00
-9.28336332494503202e-03 0.00000000000000000e+00
7.41721414380558473e-03 0.00000000000000000e+00
-4.44513116788360606e-03 0.00000000000000000e+00
1.16077558341661467e-03 0.00000000000000000e+00
1.12202041416781580e-02 0.00000000000000000e+00
-1.23818331020899008e-02 0.00000000000000000e+00
1.30149713274278888e-02 0.00000000000000000e+00
5.64036202164492143e-03 0.00000000000000000e+00
-4.99378878568311479e-03 0.00000000000000000e+00
1.09543906671518039e-02 0.00000000000000000e+00
-1.89657526031086613e-03 0.00000000000000000e+00
-6.29288909444310207e-04 0.00000000000000000e+00
1.46769303682828898e-02 0.00000000000000000e+00
-6.52951333288143750e-03 0.00000000000000000e+00
1.12502081047774257e-02 0.00000000000000000e+00
9.31628647662299456e-03 0.00000000000000000e+00
-9.04350574805829616e-03 0.00000000000000000e+00
-3.58549256915586731e-04 0.00000000000000000e+00
-3.28039075010079224e-04 0.00000000000000000e+00
-4.83146263823804132e-03 0.00000000000000000e+00
5.31434587841119518e-03 0.00000000000000000e+00
-7.37335623061154090e-04 0.00000000000000000e+00
1.17352024898754450e-03 0.00000000000000000e+00
4.66524809681260916e-05 0.00000000000000000e+00
4.94123966469954589e-04 0.00000000000000000e+00
3.48547987132112212e-03 0.00000000000000000e+00
-3.99500301688798841e-04 0.00000000000000000e+00
4.68770373117256302e-04 0.00000000000000000e+00
2.69565705242298366e-03 0.00000000000000000e+00
-1.24082695090426591e-03 0.00000000000000000e+00
2.47123205681340670e-03 0.00000000000000000e+00
1.07081922649998303e-03 0.00000000000000000e+00
-1.27573446956451633e-03 0.00000000000000000e+00
-4.14545490508045050e-03 0.00000000000000000e+00
1.02208199846514822e-03 0.00000000000000000e+00
-9.81410056649208813e-04 0.00000000000000000e+00
-1.86192271402214828e-03 0.00000000000000000e+00
2.26979461689516982e-03 0.00000000000000000e+00
-2.66148102278585333e-03 0.00000000000000000e+00
4.44711434749611289e-03 0.00000000000000000e+00
-4.37360356696198278e-03 0.00000000000000000e+00
4.72899846893760478e-03 0.00000000000000000e+00
-1.00124326485283993e-03 0.00000000000000000e+00
-1.89943665949520606e-04 0.00000000000000000e+00
6.84142478503426896e-03 0.00000000000000000e+00
-3.15830256991359156e-03 0.00000000000000000e+00
5.27584831426733836e-03 0.00000000000000000e+00
6.67007902113021887e-03 0.00000000000000000e+00
-5.99507158163309697e-03 0.00000000000000000e+00
1.87183249754727305e-03 0.00000000000000000e+00
-4.53982134588199653e-04 0.00000000000000000e+00
-2.93964434523657104e-03 0.00000000000000000e+00
3.25010204580492750e-03 0.00000000000000000e+00
-4.73952928665192792e-04 0.00000000000000000e+00
8.46157693917182121e-04 0.00000000000000000e+00
2.73391054801896786e-03 0.00000000000000000e+00
-2.25818947374267819e-03 0.00000000000000000e+00
3.75010258323320127e-03 0.00000000000000000e+00
-5.72264590983117432e-04 0.00000000000000000e+00
-4.85523867247854171e-04 0.00000000000000000e+00
2.86064881436452149e-03 0.00000000000000000e+00
1.99268308387437796e-04 0.00000000000000000e+00
1.33414668416181317e-03 0.00000000000000000e+00
2.59069409931510708e-03 0.00000000000000000e+00
-2.89829247904749635e-03 0.00000000000000000e+00
-1.31285682105979486e-03 0.00000000000000000e+00
-3.91774956198478910e-05 0.00000000000000000e+00
-7.29780162439644820e-04 0.00000000000000000e+00
6.45443499526560625e-04 0.00000000000000000e+00
-3.45870639577740833e-04 0.00000000000000000e+00
2.07035592536429264e-04 0.00000000000000000e+00
2.97142887075716854e-03 0.00000000000000000e+00
-2.89881180786632098e-03 0.00000000000000000e+00
3.28793792697043260e-03 0.00000000000000000e+00
-6.73256434180293612e-04 0.00000000000000000e+00
-4.59669725141985419e-04 0.00000000000000000e+00
4.81429532481630288e-03 0.00000000000000000e+00
-1.87322167816272021e-03 0.00000000000000000e+00
3.38886003771287758e-03 0.00000000000000000e+00
4.01173269880131245e-03 0.00000000000000000e+00
-3.76555483619355749e-03 0.00000000000000000e+00
1.60300965502827692e-03 0.00000000000000000e+00
-5.63479057597487737e-04 0.00000000000000000e+00
-1.68035600464619406e-03 0.00000000000000000e+00
2.87116678255744297e-03 0.00000000000000000e+00
-1.16922049152234182e-03 0.00000000000000000e+00
1.47986167581884908e-03 0.00000000000000000e+00
-5.67142126981727405e-04 0.00000000000000000e+00
4.66744680358440595e-04 0.00000000000000000e+00
-6.16741097816475808e-04 0.00000000000000000e+00
8.53468071017790384e-05 0.00000000000000000e+00
2.78159319182688571e-04 0.00000000000000000e+00
-3.38433787916226692e-04 0.00000000000000000e+00
-4.06942810084496534e-04 0.00000000000000000e+00
1.33596557369855767e-04 0.00000000000000000e+00
-1.78887129387724435e-04 0.00000000000000000e+00
3.55988924956725911e-04 0.00000000000000000e+00
4.10005003173687457e-05 0.00000000000000000e+00
1.54006474556343348e-04 0.00000000000000000e+00
-1.12765643091513576e-04 0.00000000000000000e+00
-3.91417601398254191e-04 0.00000000000000000e+00
5.35671493171846068e-04 0.00000000000000000e+00
-5.25474235401764763e-04 0.00000000000000000e+00
-3.41941032321844149e-03 0.00000000000000000e+00
3.54725619536472043e-03 0.00000000000000000e+00
-5.25635680322782584e-04 0.00000000000000000e+00
2.91939464638569818e-04 0.00000000000000000e+00
5.53419326322381641e-04 0.00000000000000000e+00
-5.78984881299650931e-04 0.00000000000000000e+00
-7.86678815909680603e-04 0.00000000000000000e+00
4.10235717201052025e-04 0.00000000000000000e+00
-3.10644907164336296e-03 0.00000000000000000e+00
2.80428286792163643e-03 0.00000000000000000e+00
-2.94721847853896945e-03 0.00000000000000000e+00
8.47513674585988024e-04 0.00000000000000000e+00
5.02974446199732977e-04 0.00000000000000000e+00
-2.12814583021181478e-03 0.00000000000000000e+00
1.65699312475898726e-03 0.00000000000000000e+00
-1.90312988610841487e-03 0.00000000000000000e+00
9.23817913564940556e-04 0.00000000000000000e+00
-7.44920671476192509e-04 0.00000000000000000e+00
1.57126146149731997e-03 0.00000000000000000e+00
-2.42199543532091259e-04 0.00000000000000000e+00
-3.75378543869436232e-05 0.00000000000000000e+00
1.38403937268568233e-03 0.00000000000000000e+00
-3.13584463515482396e-04 0.00000000000000000e+00
9.39795079458777662e-04 0.00000000000000000e+00
1.19038432207109858e-03 0.00000000000000000e+00
-1.22509389962228293e-03 0.00000000000000000e+00
-7.22504492499812857e-04 0.00000000000000000e+00
1.10906565758924299e-04 0.00000000000000000e+00
-4.95657457540394069e-04 0.00000000000000000e+00
5.85256456817548343e-05 0.00000000000000000e+00
2.45203606845220332e-04 0.00000000000000000e+00
-3.07544477106910872e-04 0.00000000000000000e+00
-5.13009833848869002e-04 0.00000000000000000e+00
6.43614348398978105e-04 0.00000000000000000e+00
1.06771575635261672e-03 0.00000000000000000e+00
-1.12014156689146875e-04 0.00000000000000000e+00
1.46427511768832281e-04 0.00000000000000000e+00
1.35205357636546315e-03 0.00000000000000000e+00
-9.32419781628957716e-04 0.00000000000000000e+00
1.32974343647396047e-03 0.00000000000000000e+00
-1.18800231320430164e-07 0.00000000000000000e+00
-7.30712511119004440e-05 0.00000000000000000e+00
-1.18531577544270694e-03 0.00000000000000000e+00
2.94603355308358742e-04 0.00000000000000000e+00
-3.64885389585351081e-04 0.00000000000000000e+00
-2.78799620570698112e-04 0.00000000000000000e+00
5.92254362084564221e-04 0.00000000000000000e+00
-6.51184038188617489e-04 0.00000000000000000e+00
-4.68218516760012448e-04 0.00000000000000000e+00
1.35416647433957865e-04 0.00000000000000000e+00
-2.49586304123648175e-03 0.00000000000000000e+00
3.25672867933582042e-04 0.00000000000000000e+00
-2.16887540686662813e-04 0.00000000000000000e+00
-2.18658252865175503e-03 0.00000000000000000e+00
9.34379316286086128e-04 0.00000000000000000e+00
-1.86150616969515373e-03 0.00000000000000000e+00
-1.19619079716965968e-03 0.00000000000000000e+00
1.28256528721439641e-03 0.00000000000000000e+00
2.24800012404157779e-03 0.00000000000000000e+00
-5.32980424896517231e-04 0.00000000000000000e+00
7.99096220936747529e-04 0.00000000000000000e+00
7.47566317883092426e-04 0.00000000000000000e+00
-1.20029425434439773e-03 0.00000000000000000e+00
1.39548973962974002e-03 0.00000000000000000e+00
7.40361465090913246e-05 0.00000000000000000e+00
-2.39783816201173574e-04 0.00000000000000000e+00
-2.47467064541948781e-03 0.00000000000000000e+00
3.68145770104378331e-04 0.00000000000000000e+00
-2.99534556054091182e-04 0.00000000000000000e+00
-3.62956941766826892e-03 0.00000000000000000e+00
2.44850946534205674e-03 0.00000000000000000e+00
-3.43926119642730486e-03 0.00000000000000000e+00
-1.43941877085572954e-03 0.00000000000000000e+00
1.31508681959963494e-03 0.00000000000000000e+00
1.32590378950798722e-03 0.00000000000000000e+00
-4.05002277014774247e-04 0.00000000000000000e+00
1.31315411371896911e-03 0.00000000000000000e+00
-2.31440396865770871e-04 0.00000000000000000e+00
-1.00275645138162982e-03 0.00000000000000000e+00
9.87630316700400038e-04 0.00000000000000000e+00
-8.04690324060981874e-04 0.00000000000000000e+00
5.94007138081301188e-04 0.00000000000000000e+00
-1.65073817755768070e-03 0.00000000000000000e+00
2.39320294492134243e-04 0.00000000000000000e+00
-3.93766802068006315e-05 0.00000000000000000e+00
-1.32563697394001332e-03 0.00000000000000000e+00
3.23426169685214640e-04 0.00000000000000000e+00
-9.57250523091126172e-04 0.00000000000000000e+00
-1.12469547324621868e-03 0.00000000000000000e+00
1.16838058495953925e-03 0.00000000000000000e+00
1.09878468860370921e-03 0.00000000000000000e+00
-2.23947358258341588e-04 0.00000000000000000e+00
5.07856234640465583e-04 0.00000000000000000e+00
2.50651181761921821e-04 0.00000000000000000e+00
-5.14445846764757689e-04 0.00000000000000000e+00
6.22841995491819141e-04 0.00000000000000000e+00
-1.10762386224983866e-03 0.00000000000000000e+00
1.13192051273909014e-03 0.00000000000000000e+00
-5.39844261118637933e-04 0.00000000000000000e+00
1.50834761274096360e-04 0.00000000000000000e+00
2.31417735055923068e-04 0.00000000000000000e+00
-8.29450245297213445e-04 0.00000000000000000e+00
8.74660173828965739e-05 0.00000000000000000e+00
-3.76943983609772108e-04 0.00000000000000000e+00
-1.12982527246728083e-03 0.00000000000000000e+00
1.05462580626047853e-03 0.00000000000000000e+00
-9.63633330417449675e-04 0.00000000000000000e+00
3.08648676984668970e-04 0.00000000000000000e+00
2.97584715820155309e-04 0.00000000000000000e+00
-9.93510991112853863e-04 0.00000000000000000e+00
6.65397612886361859e-04 0.00000000000000000e+00
-7.79606179899904181e-04 0.00000000000000000e+00
3.75927159481127490e-04 0.00000000000000000e+00
-4.52477553510535757e-04 0.00000000000000000e+00
-4.89092496234236969e-04 0.00000000000000000e+00
4.48889065074399555e-05 0.00000000000000000e+00
-3.33668158753352008e-04 0.00000000000000000e+00
-4.33943603407667910e-04 0.00000000000000000e+00
5.91185345882990908e-04 0.00000000000000000e+00
-7.20401905214146767e-04 0.00000000000000000e+00
-1.70998947592904214e-04 0.00000000000000000e+00
9.72304355724748330e-05 0.00000000000000000e+00
1.11535078994668270e-03 0.00000000000000000e+00
-3.95725317058321800e-04 0.00000000000000000e+00
3.40532068344139211e-04 0.00000000000000000e+00
8.27410983410050652e-04 0.00000000000000000e+00
-1.02458941484252796e-03 0.00000000000000000e+00
1.12998846307451771e-03 0.00000000000000000e+00
3.18796695655106587e-04 0.00000000000000000e+00
-3.24761834371813736e-04 0.00000000000000000e+00
6.50258552320660826e-05 0.00000000000000000e+00
-2.77729841239767899e-05 0.00000000000000000e+00
-4.09805628255129314e-05 0.00000000000000000e+00
3.60047676917562846e-05 0.00000000000000000e+00
8.60790858324592096e-05 0.00000000000000000e+00
-4.83552107359042522e-05 0.00000000000000000e+00
2.92658628313487883e-04 0.00000000000000000e+00
-2.65641658742445195e-04 0.00000000000000000e+00
2.17288209754172579e-04 0.00000000000000000e+00
-6.23497488834217148e-05 0.00000000000000000e+00
-4.83804965664560324e-05 0.00000000000000000e+00
1.47360122040027767e-04 0.00000000000000000e+00
-1.13340014361586392e-04 0.00000000000000000e+00
1.27917471255328233e-04 0.00000000000000000e+00
8.80303158594255056e-04 0.00000000000000000e+00
-1.06897987516926980e-03 0.00000000000000000e+00
-1.37264247549490179e-03 0.00000000000000000e+00
1.42747170416299325e-04 0.00000000000000000e+00
-8.58145285188197972e-04 0.00000000000000000e+00
-1.36988732423447908e-03 0.00000000000000000e+00
1.68623286846257005e-03 0.00000000000000000e+00
-2.07503987142175885e-03 0.00000000000000000e+00
-6.28394196279906717e-04 0.00000000000000000e+00
4.07586700145051728e-04 0.00000000000000000e+00
2.76228125955031668e-03 0.00000000000000000e+00
-9.98574605451312035e-04 0.00000000000000000e+00
9.81096875540091477e-04 0.00000000000000000e+00
1.98765823084126169e-03 0.00000000000000000e+00
-2.61239707272924648e-03 0.00000000000000000e+00
2.86086357175368297e-03 0.00000000000000000e+00
1.80314718503251574e-04 0.00000000000000000e+00
-2.04243488028853064e-04 0.00000000000000000e+00
-4.14871279144132538e-04 0.00000000000000000e+00
5.56198347232142660e-05 0.00000000000000000e+00
-5.41975512705985496e-05 0.00000000000000000e+00
-7.20262103709216721e-04 0.00000000000000000e+00
5.39122285027373075e-04 0.00000000000000000e+00
-7.07119830449379162e-04 0.00000000000000000e+00
-1.13764603952659833e-04 0.00000000000000000e+00
1.04366187994839974e-04 0.00000000000000000e+00
2.53396324778470798e-04 0.00000000000000000e+00
-7.49495528729781426e-05 0.00000000000000000e+00
2.21715201140642649e-04 0.00000000000000000e+00
-7.59819780222797974e-05 0.00000000000000000e+00
-1.61713239139325328e-04 0.00000000000000000e+00
1.49396158508070402e-04 0.00000000000000000e+00
1.69760275763524804e-03 0.00000000000000000e+00
-1.38294897437433312e-03 0.00000000000000000e+00
2.89233060779412127e-03 0.00000000000000000e+00
-4.45727180239596397e-04 0.00000000000000000e+00
-3.18426200450536883e-04 0.00000000000000000e+00
2.77643076929850324e-03 0.00000000000000000e+00
-4.92108319337694307e-04 0.00000000000000000e+00
1.69335694428790658e-03 0.00000000000000000e+00
1.90646308285105496e-03 0.00000000000000000e+00
-2.08850242595513521e-03 0.00000000000000000e+00
-8.47925855583397991e-04 0.00000000000000000e+00
-3.08832736881946074e-05 0.00000000000000000e+00
-7.34175092550580261e-04 0.00000000000000000e+00
7.67967414525980207e-04 0.00000000000000000e+00
-2.54695887520955803e-04 0.00000000000000000e+00
2.16627691113040058e-04 0.00000000000000000e+00
-2.75782230992151298e-03 0.00000000000000000e+00
3.09807376212496580e-03 0.00000000000000000e+00
2.80855265279966650e-03 0.00000000000000000e+00
-2.40050566070839217e-04 0.00000000000000000e+00
7.89099054537489570e-04 0.00000000000000000e+00
4.09311392066016248e-03 0.00000000000000000e+00
-3.59477669167575058e-03 0.00000000000000000e+00
4.58263700106794833e-03 0.00000000000000000e+00
-6.82701453779247002e-04 0.00000000000000000e+00
5.57202528976947337e-04 0.00000000000000000e+00
-4.15592560692523358e-03 0.00000000000000000e+00
1.19346101471943123e-03 0.00000000000000000e+00
-1.21261906532052987e-03 0.00000000000000000e+00
-1.45466993669562668e-03 0.00000000000000000e+00
2.56815106217319266e-03 0.00000000000000000e+00
-2.76586098240070742e-03 0.00000000000000000e+00
1.11565515201607845e-03 0.00000000000000000e+00
-1.19081788613495084e-03 0.00000000000000000e+00
-5.10292276723337576e-04 0.00000000000000000e+00
2.39305238405646041e-05 0.00000000000000000e+00
-6.85906197622831418e-04 0.00000000000000000e+00
-6.84292787880524901e-04 0.00000000000000000e+00
1.32070577666486733e-03 0.00000000000000000e+00
-1.40459704590502961e-03 0.00000000000000000e+00
-1.26141034623269692e-05 0.00000000000000000e+00
-1.73479560411743443e-04 0.00000000000000000e+00
1.87407066196157695e-03 0.00000000000000000e+00
-7.36289980457279815e-04 0.00000000000000000e+00
6.07364770542677076e-04 0.00000000000000000e+00
1.51225690638483266e-03 0.00000000000000000e+00
-1.93563923847298925e-03 0.00000000000000000e+00
2.09381190287223629e-03 0.00000000000000000e+00
1.14245401635246864e-03 0.00000000000000000e+00
-1.30453835590746176e-03 0.00000000000000000e+00
-1.51859994940272704e-03 0.00000000000000000e+00
1.53858963533704825e-04 0.00000000000000000e+00
-3.65329453425385791e-04 0.00000000000000000e+00
-2.23252578485371930e-03 0.00000000000000000e+00
1.84931939219898822e-03 0.00000000000000000e+00
-2.40246288094516551e-03 0.00000000000000000e+00
6.34142325789827110e-05 0.00000000000000000e+00
-3.14177484483761456e-05 0.00000000000000000e+00
1.88239794513330805e-03 0.00000000000000000e+00
-5.44336958987191063e-04 0.00000000000000000e+00
6.95184419348454674e-04 0.00000000000000000e+00
5.43284973264655390e-04 0.00000000000000000e+00
-1.19005857725770878e-03 0.00000000000000000e+00
1.26579763224721241e-03 0.00000000000000000e+00
-9.58340661159528794e-06 0.00000000000000000e+00
-5.76584925221640615e-04 0.00000000000000000e+00
-4.31334315770985979e-03 0.00000000000000000e+00
5.34178781086218986e-04 0.00000000000000000e+00
-8.81227752658264758e-04 0.00000000000000000e+00
-3.84735314612799162e-03 0.00000000000000000e+00
2.37796965438757469e-03 0.00000000000000000e+00
-3.89332463780463472e-03 0.00000000000000000e+00
-2.00182944021006209e-03 0.00000000000000000e+00
1.97977150600217328e-03 0.00000000000000000e+00
4.99050228172197557e-03 0.00000000000000000e+00
-1.41526842347144098e-03 0.00000000000000000e+00
1.72823439161034565e-03 0.00000000000000000e+00
2.41945034595312559e-03 0.00000000000000000e+00
-3.42815436869236189e-03 0.00000000000000000e+00
3.87121284969102692e-03 0.00000000000000000e+00
1.79732832228219697e-03 0.00000000000000000e+00
-2.12616718100419990e-03 0.00000000000000000e+00
-3.82941311347066281e-03 0.00000000000000000e+00
4.68003541808945946e-04 0.00000000000000000e+00
-7.59633931362127947e-04 0.00000000000000000e+00
-5.77051803193425351e-03 0.00000000000000000e+00
4.47786550674500548e-03 0.00000000000000000e+00
-5.93435063132209846e-03 0.00000000000000000e+00
-8.75420895605525957e-04 0.00000000000000000e+00
8.11064067224483479e-04 0.00000000000000000e+00
3.56888941493680974e-03 0.00000000000000000e+00
-1.06857550215873061e-03 0.00000000000000000e+00
1.93948353990938812e-03 0.00000000000000000e+00
5.95791931067243190e-04 0.00000000000000000e+00
-2.43381339710904655e-03 0.00000000000000000e+00
2.51809503429799081e-03 0.00000000000000000e+00
-1.82396658830061569e-03 0.00000000000000000e+00
1.15323398981716251e-03 0.00000000000000000e+00
-5.31222798343124539e-03 0.00000000000000000e+00
7.47681266192748873e-04 0.00000000000000000e+00
-5.14464881568066877e-04 0.00000000000000000e+00
-4.51333196954250074e-03 0.00000000000000000e+00
1.82430552233063341e-03 0.00000000000000000e+00
-3.80610500686949559e-03 0.00000000000000000e+00
-3.49302549196454622e-03 0.00000000000000000e+00
3.49839614518923647e-03 0.00000000000000000e+00
4.31697117250997870e-03 0.00000000000000000e+00
-1.08597118869286908e-03 0.00000000000000000e+00
1.93455568385312638e-03 0.00000000000000000e+00
1.54683896063477250e-03 0.00000000000000000e+00
-2.64906605220415316e-03 0.00000000000000000e+00
3.05303583541053237e-03 0.00000000000000000e+00
-1.68758544747042998e-03 0.00000000000000000e+00
1.57603213229494258e-03 0.00000000000000000e+00
-2.77210797031412701e-03 0.00000000000000000e+00
5.11517744550597352e-04 0.00000000000000000e+00
2.59600852779916041e-04 0.00000000000000000e+00
-4.02720365764161654e-03 0.00000000000000000e+00
1.79608463921455226e-03 0.00000000000000000e+00
-3.03156375060289335e-03 0.00000000000000000e+00
-2.64729855415437492e-03 0.00000000000000000e+00
2.53159817374346788e-03 0.00000000000000000e+00
-5.27354395566392744e-04 0.00000000000000000e+00
2.53568726230069322e-04 0.00000000000000000e+00
1.31218828787103576e-03 0.00000000000000000e+00
-1.89129390641401573e-03 0.00000000000000000e+00
5.64432139394002437e-04 0.00000000000000000e+00
-7.58038426195026694e-04 0.00000000000000000e+00
