# n_qubits=14; one amplitude per line: real imag; index = sum_k x_k 2^(n-1-k), qubit 0 = most significant bit
0.00000000000000000e+00 0.00000000000000000e+00
2.67261241912424452e-01 0.00000000000000000e+00
2.67261241912424452e-01 0.00000000000000000e+00
0.00000000000000000e+00 0.00000000000000000e+00
2.67261241912424452e-01 0.00000000000000000e+00
0.00000000000000000e+00 0.00000000000000000e+00
0.00000000000000000e+00 0.00000000000000000e+00
-2.39425132291908544e-19 0.00000000000000000e+00
2.67261241912424397e-01 0.00000000000000000e+00
0.00000000000000000e+00 0.00000000000000000e+00
0.00000000000000000e+00 0.00000000000000000e+00
1.74097791278409046e-18 0.00000000000000000e+00
0.00000000000000000e+00 0.00000000000000000e+00
-2.64161822370679583e-19 0.00000000000000000e+00
-3.24642363005894894e-18 0.00000000000000000e+00
0.00000000000000000e+00 0.00000000000000000e+00
2.67261241912424397e-01 0.00000000000000000e+00
0.00000000000000000e+00 0.00000000000000000e+00
0.00000000000000000e+00 0.00000000000000000e+00
7.36679360216954399e-19 0.00000000000000000e+00
0.00000000000000000e+00 0.00000000000000000e+00
-3.94387311259983726e-19 0.00000000000000000e+00
-8.05862432736063914e-19 0.00000000000000000e+00
0.00000000000000000e+00 0.00000000000000000e+00
0.00000000000000000e+00 0.00000000000000000e+00
-3.41518188262822171e-18 0.00000000000000000e+00
1.40502037239400157e-18 0.00000000000000000e+00
0.00000000000000000e+00 0.00000000000000000e+00
-1.40572718366993443e-17 0.00000000000000000e+00
0.00000000000000000e+00 0.00000000000000000e+00
0.00000000000000000e+00 0.00000000000000000e+00
-1.77933608624213910e-18 0.00000000000000000e+00
2.67261241912424397e-01 0.00000000000000000e+00
0.00000000000000000e+00 0.00000000000000000e+00
0.00000000000000000e+00 0.00000000000000000e+00
7.75519688910316083e-19 0.00000000000000000e+00
0.00000000000000000e+00 0.00000000000000000e+00
9.40781531865942293e-19 0.00000000000000000e+00
-1.60141034284648012e-18 0.00000000000000000e+00
0.00000000000000000e+00 0.00000000000000000e+00
0.00000000000000000e+00 0.00000000000000000e+00
1.53381955771344958e-18 0.00000000000000000e+00
2.41165421321586361e-19 0.00000000000000000e+00
0.00000000000000000e+00 0.00000000000000000e+00
-9.97177737307788536e-19 0.00000000000000000e+00
0.00000000000000000e+00 0.00000000000000000e+00
0.00000000000000000e+00 0.00000000000000000e+00
-3.92404299259915618e-19 0.00000000000000000e+00
0.00000000000000000e+00 0.00000000000000000e+00
-2.39015932896433611e-18 0.00000000000000000e+00
-6.32681969267320848e-18 0.00000000000000000e+00
0.00000000000000000e+00 0.00000000000000000e+00
-1.11535612700477125e-18 0.00000000000000000e+00
0.00000000000000000e+00 0.00000000000000000e+00
0.00000000000000000e+00 0.00000000000000000e+00
1.34256436716459991e-18 0.00000000000000000e+00
-1.77883000738925266e-17 0.00000000000000000e+00
0.00000000000000000e+00 0.00000000000000000e+00
0.00000000000000000e+00 0.00000000000000000e+00
6.47319466943373611e-19 0.00000000000000000e+00
0.00000000000000000e+00 0.00000000000000000e+00
-1.60768789478776776e-18 0.00000000000000000e+00
3.15117516005885164e-18 0.00000000000000000e+00
0.00000000000000000e+00 0.00000000000000000e+00
2.67261241912424397e-01 0.00000000000000000e+00
0.00000000000000000e+00 0.00000000000000000e+00
0.00000000000000000e+00 0.00000000000000000e+00
-3.88842593090945290e-19 0.00000000000000000e+00
0.00000000000000000e+00 0.00000000000000000e+00
-2.41220703568424651e-18 0.00000000000000000e+00
-3.63786021185555794e-18 0.00000000000000000e+00
0.00000000000000000e+00 0.00000000000000000e+00
0.00000000000000000e+00 0.00000000000000000e+00
1.41170544449434712e-18 0.00000000000000000e+00
4.12653275773457641e-18 0.00000000000000000e+00
0.00000000000000000e+00 0.00000000000000000e+00
-4.57756377606230414e-19 0.00000000000000000e+00
0.00000000000000000e+00 0.00000000000000000e+00
0.00000000000000000e+00 0.00000000000000000e+00
-4.30466697911076855e-19 0.00000000000000000e+00
0.00000000000000000e+00 0.00000000000000000e+00
4.90674574288792115e-18 0.00000000000000000e+00
9.87260312094692046e-19 0.00000000000000000e+00
0.00000000000000000e+00 0.00000000000000000e+00
6.76321037969535528e-18 0.00000000000000000e+00
0.00000000000000000e+00 0.00000000000000000e+00
0.00000000000000000e+00 0.00000000000000000e+00
2.51663552476052782e-18 0.00000000000000000e+00
8.08872211821820145e-18 0.00000000000000000e+00
0.00000000000000000e+00 0.00000000000000000e+00
0.00000000000000000e+00 0.00000000000000000e+00
7.19441978787620400e-19 0.00000000000000000e+00
0.00000000000000000e+00 0.00000000000000000e+00
-5.40559691717465982e-19 0.00000000000000000e+00
-2.11642235662155333e-18 0.00000000000000000e+00
0.00000000000000000e+00 0.00000000000000000e+00
0.00000000000000000e+00 0.00000000000000000e+00
-4.34990367573203176e-18 0.00000000000000000e+00
-7.18975055704916993e-18 0.00000000000000000e+00
0.00000000000000000e+00 0.00000000000000000e+00
-3.98439164902942868e-18 0.00000000000000000e+00
0.00000000000000000e+00 0.00000000000000000e+00
0.00000000000000000e+00 0.00000000000000000e+00
-7.25135119640569808e-19 0.00000000000000000e+00
-4.35624349831514749e-18 0.00000000000000000e+00
0.00000000000000000e+00 0.00000000000000000e+00
0.00000000000000000e+00 0.00000000000000000e+00
1.24658006264767398e-19 0.00000000000000000e+00
0.00000000000000000e+00 0.00000000000000000e+00
-1.92787174741444818e-18 0.00000000000000000e+00
2.46227823108488255e-18 0.00000000000000000e+00
0.00000000000000000e+00 0.00000000000000000e+00
-2.53119336129058865e-17 0.00000000000000000e+00
0.00000000000000000e+00 0.00000000000000000e+00
0.00000000000000000e+00 0.00000000000000000e+00
8.30536981917304000e-19 0.00000000000000000e+00
0.00000000000000000e+00 0.00000000000000000e+00
-8.62694685169882104e-19 0.00000000000000000e+00
7.15129891206978497e-19 0.00000000000000000e+00
0.00000000000000000e+00 0.00000000000000000e+00
0.00000000000000000e+00 0.00000000000000000e+00
-3.87260742228254827e-18 0.00000000000000000e+00
-2.27637418051859087e-18 0.00000000000000000e+00
0.00000000000000000e+00 0.00000000000000000e+00
2.66903521807700507e-18 0.00000000000000000e+00
0.00000000000000000e+00 0.00000000000000000e+00
0.00000000000000000e+00 0.00000000000000000e+00
-1.40113982992221161e-18 0.00000000000000000e+00
2.67261241912424397e-01 0.00000000000000000e+00
0.00000000000000000e+00 0.00000000000000000e+00
0.00000000000000000e+00 0.00000000000000000e+00
-2.75026611814736098e-19 0.00000000000000000e+00
0.00000000000000000e+00 0.00000000000000000e+00
-3.36193728376073679e-19 0.00000000000000000e+00
-1.30713714193833560e-18 0.00000000000000000e+00
0.00000000000000000e+00 0.00000000000000000e+00
0.00000000000000000e+00 0.00000000000000000e+00
1.71935135105477234e-18 0.00000000000000000e+00
-3.02417258524376669e-18 0.00000000000000000e+00
0.00000000000000000e+00 0.00000000000000000e+00
-5.87814937067970841e-18 0.00000000000000000e+00
0.00000000000000000e+00 0.00000000000000000e+00
0.00000000000000000e+00 0.00000000000000000e+00
4.10991299338677998e-19 0.00000000000000000e+00
0.00000000000000000e+00 0.00000000000000000e+00
1.02395416459543616e-18 0.00000000000000000e+00
-3.98216678111120649e-18 0.00000000000000000e+00
0.00000000000000000e+00 0.00000000000000000e+00
1.71491503535393489e-18 0.00000000000000000e+00
0.00000000000000000e+00 0.00000000000000000e+00
0.00000000000000000e+00 0.00000000000000000e+00
2.61982383659499652e-19 0.00000000000000000e+00
-8.02061912792315452e-18 0.00000000000000000e+00
0.00000000000000000e+00 0.00000000000000000e+00
0.00000000000000000e+00 0.00000000000000000e+00
1.05573031898369456e-19 0.00000000000000000e+00
0.00000000000000000e+00 0.00000000000000000e+00
-4.42811248987919155e-19 0.00000000000000000e+00
-5.56938846764442877e-19 0.00000000000000000e+00
0.00000000000000000e+00 0.00000000000000000e+00
0.00000000000000000e+00 0.00000000000000000e+00
-4.36951175792020642e-18 0.00000000000000000e+00
-9.45446697758773211e-18 0.00000000000000000e+00
0.00000000000000000e+00 0.00000000000000000e+00
-8.44044278518317837e-18 0.00000000000000000e+00
0.00000000000000000e+00 0.00000000000000000e+00
0.00000000000000000e+00 0.00000000000000000e+00
-2.01362311301018504e-18 0.00000000000000000e+00
-4.31983505555051931e-18 0.00000000000000000e+00
0.00000000000000000e+00 0.00000000000000000e+00
0.00000000000000000e+00 0.00000000000000000e+00
2.32123635470660500e-18 0.00000000000000000e+00
0.00000000000000000e+00 0.00000000000000000e+00
-6.66404474702212409e-19 0.00000000000000000e+00
5.39622506598374421e-18 0.00000000000000000e+00
0.00000000000000000e+00 0.00000000000000000e+00
5.39731912181341512e-19 0.00000000000000000e+00
0.00000000000000000e+00 0.00000000000000000e+00
0.00000000000000000e+00 0.00000000000000000e+00
7.72948612953858815e-19 0.00000000000000000e+00
0.00000000000000000e+00 0.00000000000000000e+00
3.64938335461573997e-19 0.00000000000000000e+00
3.31324134572875821e-18 0.00000000000000000e+00
0.00000000000000000e+00 0.00000000000000000e+00
0.00000000000000000e+00 0.00000000000000000e+00
-5.68453507614692869e-19 0.00000000000000000e+00
2.63289628800030029e-18 0.00000000000000000e+00
0.00000000000000000e+00 0.00000000000000000e+00
6.92394929918083598e-18 0.00000000000000000e+00
0.00000000000000000e+00 0.00000000000000000e+00
0.00000000000000000e+00 0.00000000000000000e+00
1.70401832106663400e-18 0.00000000000000000e+00
0.00000000000000000e+00 0.00000000000000000e+00
-2.19863088314961199e-18 0.00000000000000000e+00
-6.71725388060178493e-18 0.00000000000000000e+00
0.00000000000000000e+00 0.00000000000000000e+00
-1.50927086914500088e-18 0.00000000000000000e+00
0.00000000000000000e+00 0.00000000000000000e+00
0.00000000000000000e+00 0.00000000000000000e+00
-2.25825582530391955e-18 0.00000000000000000e+00
4.72163255277273372e-18 0.00000000000000000e+00
0.00000000000000000e+00 0.00000000000000000e+00
0.00000000000000000e+00 0.00000000000000000e+00
1.68979446564246274e-18 0.00000000000000000e+00
0.00000000000000000e+00 0.00000000000000000e+00
-4.43685269620892015e-18 0.00000000000000000e+00
-5.05473041295918650e-18 0.00000000000000000e+00
0.00000000000000000e+00 0.00000000000000000e+00
1.33166388303873348e-18 0.00000000000000000e+00
0.00000000000000000e+00 0.00000000000000000e+00
0.00000000000000000e+00 0.00000000000000000e+00
1.83417983053799352e-19 0.00000000000000000e+00
0.00000000000000000e+00 0.00000000000000000e+00
-7.12348220775192143e-19 0.00000000000000000e+00
-4.17759869969273178e-18 0.00000000000000000e+00
0.00000000000000000e+00 0.00000000000000000e+00
0.00000000000000000e+00 0.00000000000000000e+00
-7.63199477421167188e-19 0.00000000000000000e+00
2.06246522227903482e-19 0.00000000000000000e+00
0.00000000000000000e+00 0.00000000000000000e+00
-2.11476807626459820e-18 0.00000000000000000e+00
0.00000000000000000e+00 0.00000000000000000e+00
0.00000000000000000e+00 0.00000000000000000e+00
-2.78485556186173520e-18 0.00000000000000000e+00
7.31006743607231980e-18 0.00000000000000000e+00
0.00000000000000000e+00 0.00000000000000000e+00
0.00000000000000000e+00 0.00000000000000000e+00
-6.18788987191077231e-19 0.00000000000000000e+00
0.00000000000000000e+00 0.00000000000000000e+00
3.74136502203962673e-19 0.00000000000000000e+00
6.32966549954312339e-19 0.00000000000000000e+00
0.00000000000000000e+00 0.00000000000000000e+00
0.00000000000000000e+00 0.00000000000000000e+00
-3.38845163966678664e-18 0.00000000000000000e+00
9.05737714687252854e-19 0.00000000000000000e+00
0.00000000000000000e+00 0.00000000000000000e+00
-4.08821407668654722e-18 0.00000000000000000e+00
0.00000000000000000e+00 0.00000000000000000e+00
0.00000000000000000e+00 0.00000000000000000e+00
-2.09943455989474059e-18 0.00000000000000000e+00
0.00000000000000000e+00 0.00000000000000000e+00
1.65065891939971203e-18 0.00000000000000000e+00
1.09547904112541047e-18 0.00000000000000000e+00
0.00000000000000000e+00 0.00000000000000000e+00
4.81752687327268404e-18 0.00000000000000000e+00
0.00000000000000000e+00 0.00000000000000000e+00
0.00000000000000000e+00 0.00000000000000000e+00
4.72721023716058924e-19 0.00000000000000000e+00
-4.87569376933598897e-18 0.00000000000000000e+00
0.00000000000000000e+00 0.00000000000000000e+00
0.00000000000000000e+00 0.00000000000000000e+00
-1.46755583221940632e-18 0.00000000000000000e+00
0.00000000000000000e+00 0.00000000000000000e+00
-5.32644465678154322e-19 0.00000000000000000e+00
-3.76638939218413519e-18 0.00000000000000000e+00
0.00000000000000000e+00 0.00000000000000000e+00
2.67261241912424397e-01 0.00000000000000000e+00
0.00000000000000000e+00 0.00000000000000000e+00
0.00000000000000000e+00 0.00000000000000000e+00
1.27043743832977316e-18 0.00000000000000000e+00
0.00000000000000000e+00 0.00000000000000000e+00
6.15809258527332683e-19 0.00000000000000000e+00
-3.06678609494223338e-20 0.00000000000000000e+00
0.00000000000000000e+00 0.00000000000000000e+00
0.00000000000000000e+00 0.00000000000000000e+00
-7.24047489026928032e-19 0.00000000000000000e+00
-2.09621529127910008e-18 0.00000000000000000e+00
0.00000000000000000e+00 0.00000000000000000e+00
-3.89393902133414919e-18 0.00000000000000000e+00
0.00000000000000000e+00 0.00000000000000000e+00
0.00000000000000000e+00 0.00000000000000000e+00
-6.02749741965226401e-19 0.00000000000000000e+00
0.00000000000000000e+00 0.00000000000000000e+00
3.84322666655423560e-19 0.00000000000000000e+00
2.30065918760761693e-18 0.00000000000000000e+00
0.00000000000000000e+00 0.00000000000000000e+00
-3.07424032661165679e-18 0.00000000000000000e+00
0.00000000000000000e+00 0.00000000000000000e+00
0.00000000000000000e+00 0.00000000000000000e+00
8.91582095175175222e-19 0.00000000000000000e+00
-2.94794213433704971e-18 0.00000000000000000e+00
0.00000000000000000e+00 0.00000000000000000e+00
0.00000000000000000e+00 0.00000000000000000e+00
-1.72567424534193144e-19 0.00000000000000000e+00
0.00000000000000000e+00 0.00000000000000000e+00
-2.98979094038273634e-18 0.00000000000000000e+00
-4.59008573241211403e-20 0.00000000000000000e+00
0.00000000000000000e+00 0.00000000000000000e+00
0.00000000000000000e+00 0.00000000000000000e+00
-6.68349799742597395e-18 0.00000000000000000e+00
-7.64228414678801697e-18 0.00000000000000000e+00
0.00000000000000000e+00 0.00000000000000000e+00
-7.97046904862293390e-18 0.00000000000000000e+00
0.00000000000000000e+00 0.00000000000000000e+00
0.00000000000000000e+00 0.00000000000000000e+00
1.34307045395284231e-18 0.00000000000000000e+00
-9.43841570276486424e-18 0.00000000000000000e+00
0.00000000000000000e+00 0.00000000000000000e+00
0.00000000000000000e+00 0.00000000000000000e+00
2.23150499799447464e-19 0.00000000000000000e+00
0.00000000000000000e+00 0.00000000000000000e+00
6.07572838836267913e-19 0.00000000000000000e+00
1.33649877963210410e-18 0.00000000000000000e+00
0.00000000000000000e+00 0.00000000000000000e+00
-1.40604745300090648e-17 0.00000000000000000e+00
0.00000000000000000e+00 0.00000000000000000e+00
0.00000000000000000e+00 0.00000000000000000e+00
1.61429503203806927e-18 0.00000000000000000e+00
0.00000000000000000e+00 0.00000000000000000e+00
-8.25370972442598601e-19 0.00000000000000000e+00
2.03793619427891259e-18 0.00000000000000000e+00
0.00000000000000000e+00 0.00000000000000000e+00
0.00000000000000000e+00 0.00000000000000000e+00
4.65454422619257359e-19 0.00000000000000000e+00
5.62702525740404160e-19 0.00000000000000000e+00
0.00000000000000000e+00 0.00000000000000000e+00
7.97572344186539050e-19 0.00000000000000000e+00
0.00000000000000000e+00 0.00000000000000000e+00
0.00000000000000000e+00 0.00000000000000000e+00
1.50828969492939496e-18 0.00000000000000000e+00
0.00000000000000000e+00 0.00000000000000000e+00
1.65995878163879246e-18 0.00000000000000000e+00
-4.05911122734163886e-18 0.00000000000000000e+00
0.00000000000000000e+00 0.00000000000000000e+00
-6.48432746324833495e-20 0.00000000000000000e+00
0.00000000000000000e+00 0.00000000000000000e+00
0.00000000000000000e+00 0.00000000000000000e+00
-1.95894192433458583e-18 0.00000000000000000e+00
1.26617395086725143e-17 0.00000000000000000e+00
0.00000000000000000e+00 0.00000000000000000e+00
0.00000000000000000e+00 0.00000000000000000e+00
9.63630419171360065e-19 0.00000000000000000e+00
0.00000000000000000e+00 0.00000000000000000e+00
-2.51054631784811108e-18 0.00000000000000000e+00
-1.11646634807790066e-18 0.00000000000000000e+00
0.00000000000000000e+00 0.00000000000000000e+00
2.72808573058870441e-18 0.00000000000000000e+00
0.00000000000000000e+00 0.00000000000000000e+00
0.00000000000000000e+00 0.00000000000000000e+00
7.53420586732337282e-19 0.00000000000000000e+00
0.00000000000000000e+00 0.00000000000000000e+00
9.16163429155907573e-19 0.00000000000000000e+00
3.44975521430309939e-18 0.00000000000000000e+00
0.00000000000000000e+00 0.00000000000000000e+00
0.00000000000000000e+00 0.00000000000000000e+00
-2.35847233938355722e-19 0.00000000000000000e+00
1.71331971997200314e-19 0.00000000000000000e+00
0.00000000000000000e+00 0.00000000000000000e+00
-2.38197896383173087e-18 0.00000000000000000e+00
0.00000000000000000e+00 0.00000000000000000e+00
0.00000000000000000e+00 0.00000000000000000e+00
-2.35710864171787097e-18 0.00000000000000000e+00
-9.57993254888616451e-18 0.00000000000000000e+00
0.00000000000000000e+00 0.00000000000000000e+00
0.00000000000000000e+00 0.00000000000000000e+00
4.74360340691392627e-19 0.00000000000000000e+00
0.00000000000000000e+00 0.00000000000000000e+00
-4.76167076102537759e-19 0.00000000000000000e+00
-6.74800181309408816e-19 0.00000000000000000e+00
0.00000000000000000e+00 0.00000000000000000e+00
0.00000000000000000e+00 0.00000000000000000e+00
1.81642856359552889e-18 0.00000000000000000e+00
2.49709360318572589e-18 0.00000000000000000e+00
0.00000000000000000e+00 0.00000000000000000e+00
3.90003404098277176e-19 0.00000000000000000e+00
0.00000000000000000e+00 0.00000000000000000e+00
0.00000000000000000e+00 0.00000000000000000e+00
1.21848555010423174e-19 0.00000000000000000e+00
0.00000000000000000e+00 0.00000000000000000e+00
1.53083193899045569e-18 0.00000000000000000e+00
2.94315677902605553e-18 0.00000000000000000e+00
0.00000000000000000e+00 0.00000000000000000e+00
6.60185544220880857e-18 0.00000000000000000e+00
0.00000000000000000e+00 0.00000000000000000e+00
0.00000000000000000e+00 0.00000000000000000e+00
3.18829864979778277e-19 0.00000000000000000e+00
8.19531282827975016e-19 0.00000000000000000e+00
0.00000000000000000e+00 0.00000000000000000e+00
0.00000000000000000e+00 0.00000000000000000e+00
1.96543222637114531e-19 0.00000000000000000e+00
0.00000000000000000e+00 0.00000000000000000e+00
-1.93915638855641747e-18 0.00000000000000000e+00
-4.45010125872415727e-18 0.00000000000000000e+00
0.00000000000000000e+00 0.00000000000000000e+00
0.00000000000000000e+00 0.00000000000000000e+00
1.09538874422597550e-17 0.00000000000000000e+00
5.90851585084110121e-18 0.00000000000000000e+00
0.00000000000000000e+00 0.00000000000000000e+00
-6.81806806544196723e-18 0.00000000000000000e+00
0.00000000000000000e+00 0.00000000000000000e+00
0.00000000000000000e+00 0.00000000000000000e+00
5.01883001694000754e-20 0.00000000000000000e+00
-2.64772338711790781e-18 0.00000000000000000e+00
0.00000000000000000e+00 0.00000000000000000e+00
0.00000000000000000e+00 0.00000000000000000e+00
3.85440928147295809e-19 0.00000000000000000e+00
0.00000000000000000e+00 0.00000000000000000e+00
1.34533278285014976e-19 0.00000000000000000e+00
-3.68975676752382464e-19 0.00000000000000000e+00
0.00000000000000000e+00 0.00000000000000000e+00
-6.00685077561223951e-18 0.00000000000000000e+00
0.00000000000000000e+00 0.00000000000000000e+00
0.00000000000000000e+00 0.00000000000000000e+00
6.00237748740032512e-19 0.00000000000000000e+00
0.00000000000000000e+00 0.00000000000000000e+00
1.40720281086777205e-18 0.00000000000000000e+00
-3.24613111878072003e-18 0.00000000000000000e+00
0.00000000000000000e+00 0.00000000000000000e+00
0.00000000000000000e+00 0.00000000000000000e+00
3.66323831704787842e-18 0.00000000000000000e+00
2.32286071642502415e-18 0.00000000000000000e+00
0.00000000000000000e+00 0.00000000000000000e+00
-7.71591716963036752e-18 0.00000000000000000e+00
0.00000000000000000e+00 0.00000000000000000e+00
0.00000000000000000e+00 0.00000000000000000e+00
6.14042830377030502e-19 0.00000000000000000e+00
-1.76665992947616553e-17 0.00000000000000000e+00
0.00000000000000000e+00 0.00000000000000000e+00
0.00000000000000000e+00 0.00000000000000000e+00
5.89598485392387775e-19 0.00000000000000000e+00
0.00000000000000000e+00 0.00000000000000000e+00
-7.89322511950489487e-19 0.00000000000000000e+00
2.16339728843193529e-18 0.00000000000000000e+00
0.00000000000000000e+00 0.00000000000000000e+00
0.00000000000000000e+00 0.00000000000000000e+00
5.84509323272937424e-19 0.00000000000000000e+00
1.72489262047743780e-18 0.00000000000000000e+00
0.00000000000000000e+00 0.00000000000000000e+00
4.75366615857900415e-19 0.00000000000000000e+00
0.00000000000000000e+00 0.00000000000000000e+00
0.00000000000000000e+00 0.00000000000000000e+00
-7.04430931332431123e-19 0.00000000000000000e+00
0.00000000000000000e+00 0.00000000000000000e+00
2.49800496078322453e-18 0.00000000000000000e+00
3.72664644446879168e-18 0.00000000000000000e+00
0.00000000000000000e+00 0.00000000000000000e+00
4.50594314094771141e-18 0.00000000000000000e+00
0.00000000000000000e+00 0.00000000000000000e+00
0.00000000000000000e+00 0.00000000000000000e+00
1.16186078853559739e-19 0.00000000000000000e+00
-6.13884586274218677e-18 0.00000000000000000e+00
0.00000000000000000e+00 0.00000000000000000e+00
0.00000000000000000e+00 0.00000000000000000e+00
8.89494469678093621e-19 0.00000000000000000e+00
0.00000000000000000e+00 0.00000000000000000e+00
7.97352591433107214e-19 0.00000000000000000e+00
3.25978340121125212e-18 0.00000000000000000e+00
0.00000000000000000e+00 0.00000000000000000e+00
-5.58624393864584974e-18 0.00000000000000000e+00
0.00000000000000000e+00 0.00000000000000000e+00
0.00000000000000000e+00 0.00000000000000000e+00
5.23796731957225574e-19 0.00000000000000000e+00
0.00000000000000000e+00 0.00000000000000000e+00
-1.76077951178971314e-19 0.00000000000000000e+00
5.75646074269073133e-19 0.00000000000000000e+00
0.00000000000000000e+00 0.00000000000000000e+00
0.00000000000000000e+00 0.00000000000000000e+00
-7.01458722134858048e-19 0.00000000000000000e+00
2.10283936388101896e-18 0.00000000000000000e+00
0.00000000000000000e+00 0.00000000000000000e+00
-2.38054839911355603e-18 0.00000000000000000e+00
0.00000000000000000e+00 0.00000000000000000e+00
0.00000000000000000e+00 0.00000000000000000e+00
2.97086665771852348e-19 0.00000000000000000e+00
0.00000000000000000e+00 0.00000000000000000e+00
4.83356205192172248e-19 0.00000000000000000e+00
-7.92793507890912220e-18 0.00000000000000000e+00
0.00000000000000000e+00 0.00000000000000000e+00
-7.34988869672279983e-18 0.00000000000000000e+00
0.00000000000000000e+00 0.00000000000000000e+00
0.00000000000000000e+00 0.00000000000000000e+00
8.48071474365975753e-19 0.00000000000000000e+00
-4.41169617176089684e-19 0.00000000000000000e+00
0.00000000000000000e+00 0.00000000000000000e+00
0.00000000000000000e+00 0.00000000000000000e+00
-1.03160346451036910e-18 0.00000000000000000e+00
0.00000000000000000e+00 0.00000000000000000e+00
-4.57130908035284808e-19 0.00000000000000000e+00
-5.60770685865912550e-18 0.00000000000000000e+00
0.00000000000000000e+00 0.00000000000000000e+00
0.00000000000000000e+00 0.00000000000000000e+00
2.91001623586364424e-18 0.00000000000000000e+00
2.60739461474369169e-19 0.00000000000000000e+00
0.00000000000000000e+00 0.00000000000000000e+00
7.48629532927799068e-18 0.00000000000000000e+00
0.00000000000000000e+00 0.00000000000000000e+00
0.00000000000000000e+00 0.00000000000000000e+00
-2.43562323364858300e-18 0.00000000000000000e+00
-4.89265289687510353e-18 0.00000000000000000e+00
0.00000000000000000e+00 0.00000000000000000e+00
0.00000000000000000e+00 0.00000000000000000e+00
-1.19785469962126214e-18 0.00000000000000000e+00
0.00000000000000000e+00 0.00000000000000000e+00
-1.58553637386074707e-18 0.00000000000000000e+00
1.68719471316085211e-18 0.00000000000000000e+00
0.00000000000000000e+00 0.00000000000000000e+00
8.45961010212649725e-18 0.00000000000000000e+00
0.00000000000000000e+00 0.00000000000000000e+00
0.00000000000000000e+00 0.00000000000000000e+00
-2.50809811635519836e-19 0.00000000000000000e+00
0.00000000000000000e+00 0.00000000000000000e+00
3.90276628046641151e-19 0.00000000000000000e+00
-1.00335235601922771e-18 0.00000000000000000e+00
0.00000000000000000e+00 0.00000000000000000e+00
0.00000000000000000e+00 0.00000000000000000e+00
-1.13287051561177236e-18 0.00000000000000000e+00
6.47987659960298691e-19 0.00000000000000000e+00
0.00000000000000000e+00 0.00000000000000000e+00
2.56517288180886030e-18 0.00000000000000000e+00
0.00000000000000000e+00 0.00000000000000000e+00
0.00000000000000000e+00 0.00000000000000000e+00
-1.71839248052826263e-18 0.00000000000000000e+00
2.67261241912424397e-01 0.00000000000000000e+00
0.00000000000000000e+00 0.00000000000000000e+00
0.00000000000000000e+00 0.00000000000000000e+00
-7.46712622466163790e-19 0.00000000000000000e+00
0.00000000000000000e+00 0.00000000000000000e+00
-1.23510751375004441e-18 0.00000000000000000e+00
-2.05937317527333254e-19 0.00000000000000000e+00
0.00000000000000000e+00 0.00000000000000000e+00
0.00000000000000000e+00 0.00000000000000000e+00
-5.14253882055836332e-20 0.00000000000000000e+00
1.08859847550126447e-18 0.00000000000000000e+00
0.00000000000000000e+00 0.00000000000000000e+00
-2.99288997101902311e-19 0.00000000000000000e+00
0.00000000000000000e+00 0.00000000000000000e+00
0.00000000000000000e+00 0.00000000000000000e+00
9.23350425227493547e-19 0.00000000000000000e+00
0.00000000000000000e+00 0.00000000000000000e+00
1.61201940066949702e-19 0.00000000000000000e+00
-1.30304594381507241e-18 0.00000000000000000e+00
0.00000000000000000e+00 0.00000000000000000e+00
4.81380698757286173e-18 0.00000000000000000e+00
0.00000000000000000e+00 0.00000000000000000e+00
0.00000000000000000e+00 0.00000000000000000e+00
-6.64131273463468953e-20 0.00000000000000000e+00
-3.40228177194427771e-18 0.00000000000000000e+00
0.00000000000000000e+00 0.00000000000000000e+00
0.00000000000000000e+00 0.00000000000000000e+00
4.83455949470695961e-19 0.00000000000000000e+00
0.00000000000000000e+00 0.00000000000000000e+00
2.64761749789731273e-19 0.00000000000000000e+00
2.75765467870754205e-18 0.00000000000000000e+00
0.00000000000000000e+00 0.00000000000000000e+00
0.00000000000000000e+00 0.00000000000000000e+00
-6.68520410577408634e-19 0.00000000000000000e+00
-1.55112957375861541e-18 0.00000000000000000e+00
0.00000000000000000e+00 0.00000000000000000e+00
1.18851881400337036e-18 0.00000000000000000e+00
0.00000000000000000e+00 0.00000000000000000e+00
0.00000000000000000e+00 0.00000000000000000e+00
-5.69373109329530852e-19 0.00000000000000000e+00
-1.18088893522477531e-17 0.00000000000000000e+00
0.00000000000000000e+00 0.00000000000000000e+00
0.00000000000000000e+00 0.00000000000000000e+00
8.81598448291768450e-19 0.00000000000000000e+00
0.00000000000000000e+00 0.00000000000000000e+00
1.13350274729763100e-18 0.00000000000000000e+00
7.17548243933885044e-19 0.00000000000000000e+00
0.00000000000000000e+00 0.00000000000000000e+00
-4.38281176887501511e-18 0.00000000000000000e+00
0.00000000000000000e+00 0.00000000000000000e+00
0.00000000000000000e+00 0.00000000000000000e+00
-2.15180267532360849e-19 0.00000000000000000e+00
0.00000000000000000e+00 0.00000000000000000e+00
2.57249491201306689e-19 0.00000000000000000e+00
1.09289586815924847e-18 0.00000000000000000e+00
0.00000000000000000e+00 0.00000000000000000e+00
0.00000000000000000e+00 0.00000000000000000e+00
-1.50804123883532429e-18 0.00000000000000000e+00
-7.68576131695619867e-19 0.00000000000000000e+00
0.00000000000000000e+00 0.00000000000000000e+00
-5.34174792959685465e-18 0.00000000000000000e+00
0.00000000000000000e+00 0.00000000000000000e+00
0.00000000000000000e+00 0.00000000000000000e+00
2.39509508632607721e-19 0.00000000000000000e+00
0.00000000000000000e+00 0.00000000000000000e+00
-1.23432207297348646e-18 0.00000000000000000e+00
-9.85088848887159846e-18 0.00000000000000000e+00
0.00000000000000000e+00 0.00000000000000000e+00
-5.36148340265189332e-18 0.00000000000000000e+00
0.00000000000000000e+00 0.00000000000000000e+00
0.00000000000000000e+00 0.00000000000000000e+00
-3.00352015322048290e-19 0.00000000000000000e+00
4.47387390428616295e-18 0.00000000000000000e+00
0.00000000000000000e+00 0.00000000000000000e+00
0.00000000000000000e+00 0.00000000000000000e+00
3.65747871453115891e-18 0.00000000000000000e+00
0.00000000000000000e+00 0.00000000000000000e+00
-2.14013201485406254e-18 0.00000000000000000e+00
8.64880625979908860e-19 0.00000000000000000e+00
0.00000000000000000e+00 0.00000000000000000e+00
1.85557157602824238e-18 0.00000000000000000e+00
0.00000000000000000e+00 0.00000000000000000e+00
0.00000000000000000e+00 0.00000000000000000e+00
2.46393461899554775e-18 0.00000000000000000e+00
0.00000000000000000e+00 0.00000000000000000e+00
-1.26248437048278904e-18 0.00000000000000000e+00
-9.76152147069889395e-20 0.00000000000000000e+00
0.00000000000000000e+00 0.00000000000000000e+00
0.00000000000000000e+00 0.00000000000000000e+00
3.03895877279807388e-18 0.00000000000000000e+00
-4.47671516724381864e-19 0.00000000000000000e+00
0.00000000000000000e+00 0.00000000000000000e+00
-1.86662244020052041e-19 0.00000000000000000e+00
0.00000000000000000e+00 0.00000000000000000e+00
0.00000000000000000e+00 0.00000000000000000e+00
-8.84292815614255423e-19 0.00000000000000000e+00
-5.75653501366492902e-18 0.00000000000000000e+00
0.00000000000000000e+00 0.00000000000000000e+00
0.00000000000000000e+00 0.00000000000000000e+00
3.41295276701208810e-19 0.00000000000000000e+00
0.00000000000000000e+00 0.00000000000000000e+00
-2.81593152695486821e-19 0.00000000000000000e+00
1.57058484802516271e-18 0.00000000000000000e+00
0.00000000000000000e+00 0.00000000000000000e+00
0.00000000000000000e+00 0.00000000000000000e+00
2.92570016670448376e-19 0.00000000000000000e+00
1.13522273778441069e-18 0.00000000000000000e+00
0.00000000000000000e+00 0.00000000000000000e+00
1.72144882408514279e-18 0.00000000000000000e+00
0.00000000000000000e+00 0.00000000000000000e+00
0.00000000000000000e+00 0.00000000000000000e+00
-3.42129532819027366e-19 0.00000000000000000e+00
0.00000000000000000e+00 0.00000000000000000e+00
-2.65303046502743931e-18 0.00000000000000000e+00
-2.38917367875510940e-18 0.00000000000000000e+00
0.00000000000000000e+00 0.00000000000000000e+00
-5.56843665596291957e-18 0.00000000000000000e+00
0.00000000000000000e+00 0.00000000000000000e+00
0.00000000000000000e+00 0.00000000000000000e+00
2.32545532083719360e-19 0.00000000000000000e+00
1.31712750264031106e-19 0.00000000000000000e+00
0.00000000000000000e+00 0.00000000000000000e+00
0.00000000000000000e+00 0.00000000000000000e+00
-6.87334273529903910e-19 0.00000000000000000e+00
0.00000000000000000e+00 0.00000000000000000e+00
-2.05062938505874056e-18 0.00000000000000000e+00
-4.90048037084410240e-18 0.00000000000000000e+00
0.00000000000000000e+00 0.00000000000000000e+00
0.00000000000000000e+00 0.00000000000000000e+00
-3.78055220610705541e-18 0.00000000000000000e+00
-2.94237635122876440e-18 0.00000000000000000e+00
0.00000000000000000e+00 0.00000000000000000e+00
-9.06168815311912176e-18 0.00000000000000000e+00
0.00000000000000000e+00 0.00000000000000000e+00
0.00000000000000000e+00 0.00000000000000000e+00
-1.40202844418462456e-18 0.00000000000000000e+00
-1.02474963969597182e-18 0.00000000000000000e+00
0.00000000000000000e+00 0.00000000000000000e+00
0.00000000000000000e+00 0.00000000000000000e+00
-8.00750661781986257e-19 0.00000000000000000e+00
0.00000000000000000e+00 0.00000000000000000e+00
-1.32697331271605561e-18 0.00000000000000000e+00
-2.05767592115075782e-19 0.00000000000000000e+00
0.00000000000000000e+00 0.00000000000000000e+00
-3.39116571094955505e-19 0.00000000000000000e+00
0.00000000000000000e+00 0.00000000000000000e+00
0.00000000000000000e+00 0.00000000000000000e+00
-1.63982646423003199e-18 0.00000000000000000e+00
0.00000000000000000e+00 0.00000000000000000e+00
-1.37200594139171103e-19 0.00000000000000000e+00
1.67969820434359090e-18 0.00000000000000000e+00
0.00000000000000000e+00 0.00000000000000000e+00
0.00000000000000000e+00 0.00000000000000000e+00
1.35591181243917856e-19 0.00000000000000000e+00
4.40936798760403390e-18 0.00000000000000000e+00
0.00000000000000000e+00 0.00000000000000000e+00
2.21510082730382302e-18 0.00000000000000000e+00
0.00000000000000000e+00 0.00000000000000000e+00
0.00000000000000000e+00 0.00000000000000000e+00
2.52343424410457314e-19 0.00000000000000000e+00
5.35959662002137776e-18 0.00000000000000000e+00
0.00000000000000000e+00 0.00000000000000000e+00
0.00000000000000000e+00 0.00000000000000000e+00
1.38568234135785316e-20 0.00000000000000000e+00
0.00000000000000000e+00 0.00000000000000000e+00
3.65822068278306344e-19 0.00000000000000000e+00
7.69797713211666569e-19 0.00000000000000000e+00
0.00000000000000000e+00 0.00000000000000000e+00
0.00000000000000000e+00 0.00000000000000000e+00
4.35594917816639463e-19 0.00000000000000000e+00
7.04915277274596620e-19 0.00000000000000000e+00
0.00000000000000000e+00 0.00000000000000000e+00
3.09815870136426609e-18 0.00000000000000000e+00
0.00000000000000000e+00 0.00000000000000000e+00
0.00000000000000000e+00 0.00000000000000000e+00
-5.15806027587686296e-20 0.00000000000000000e+00
0.00000000000000000e+00 0.00000000000000000e+00
-4.90930352163678983e-19 0.00000000000000000e+00
4.62634641335558382e-19 0.00000000000000000e+00
0.00000000000000000e+00 0.00000000000000000e+00
6.37337289257733501e-18 0.00000000000000000e+00
0.00000000000000000e+00 0.00000000000000000e+00
0.00000000000000000e+00 0.00000000000000000e+00
4.08078678889378046e-20 0.00000000000000000e+00
-7.70639406531222016e-18 0.00000000000000000e+00
0.00000000000000000e+00 0.00000000000000000e+00
0.00000000000000000e+00 0.00000000000000000e+00
6.63599480343676002e-19 0.00000000000000000e+00
0.00000000000000000e+00 0.00000000000000000e+00
-1.63525533598877548e-18 0.00000000000000000e+00
3.02392094007159048e-18 0.00000000000000000e+00
0.00000000000000000e+00 0.00000000000000000e+00
-5.93532642382249544e-18 0.00000000000000000e+00
0.00000000000000000e+00 0.00000000000000000e+00
0.00000000000000000e+00 0.00000000000000000e+00
-5.77764535122897256e-19 0.00000000000000000e+00
0.00000000000000000e+00 0.00000000000000000e+00
-1.64410638417654884e-18 0.00000000000000000e+00
1.46972767763592111e-18 0.00000000000000000e+00
0.00000000000000000e+00 0.00000000000000000e+00
0.00000000000000000e+00 0.00000000000000000e+00
-7.88371633621967897e-19 0.00000000000000000e+00
1.84181165885936259e-18 0.00000000000000000e+00
0.00000000000000000e+00 0.00000000000000000e+00
-2.48311727016951855e-18 0.00000000000000000e+00
0.00000000000000000e+00 0.00000000000000000e+00
0.00000000000000000e+00 0.00000000000000000e+00
-4.67744019207519293e-19 0.00000000000000000e+00
0.00000000000000000e+00 0.00000000000000000e+00
6.60942169280254848e-19 0.00000000000000000e+00
2.29126492332648100e-18 0.00000000000000000e+00
0.00000000000000000e+00 0.00000000000000000e+00
-1.13257959520313816e-18 0.00000000000000000e+00
0.00000000000000000e+00 0.00000000000000000e+00
0.00000000000000000e+00 0.00000000000000000e+00
2.57720483838110622e-18 0.00000000000000000e+00
1.94675631755610783e-18 0.00000000000000000e+00
0.00000000000000000e+00 0.00000000000000000e+00
0.00000000000000000e+00 0.00000000000000000e+00
-6.70843427438781737e-19 0.00000000000000000e+00
0.00000000000000000e+00 0.00000000000000000e+00
-2.36709551629185219e-18 0.00000000000000000e+00
-6.11478312331890367e-19 0.00000000000000000e+00
0.00000000000000000e+00 0.00000000000000000e+00
0.00000000000000000e+00 0.00000000000000000e+00
2.93497815224049437e-18 0.00000000000000000e+00
-4.65644210049438223e-19 0.00000000000000000e+00
0.00000000000000000e+00 0.00000000000000000e+00
2.25279229963409701e-18 0.00000000000000000e+00
0.00000000000000000e+00 0.00000000000000000e+00
0.00000000000000000e+00 0.00000000000000000e+00
-2.67582485238722168e-19 0.00000000000000000e+00
-1.84830974959656725e-18 0.00000000000000000e+00
0.00000000000000000e+00 0.00000000000000000e+00
0.00000000000000000e+00 0.00000000000000000e+00
1.53983483921476120e-18 0.00000000000000000e+00
0.00000000000000000e+00 0.00000000000000000e+00
-1.54890163048973896e-18 0.00000000000000000e+00
-1.42380920252709682e-18 0.00000000000000000e+00
0.00000000000000000e+00 0.00000000000000000e+00
5.92445721403142713e-18 0.00000000000000000e+00
0.00000000000000000e+00 0.00000000000000000e+00
0.00000000000000000e+00 0.00000000000000000e+00
-2.62009579472451898e-19 0.00000000000000000e+00
0.00000000000000000e+00 0.00000000000000000e+00
-2.61138447305548770e-19 0.00000000000000000e+00
2.13087606912180224e-18 0.00000000000000000e+00
0.00000000000000000e+00 0.00000000000000000e+00
0.00000000000000000e+00 0.00000000000000000e+00
-1.85429072359392131e-18 0.00000000000000000e+00
2.08777698646513077e-20 0.00000000000000000e+00
0.00000000000000000e+00 0.00000000000000000e+00
-2.84619314808620583e-18 0.00000000000000000e+00
0.00000000000000000e+00 0.00000000000000000e+00
0.00000000000000000e+00 0.00000000000000000e+00
-1.61160941676264093e-19 0.00000000000000000e+00
0.00000000000000000e+00 0.00000000000000000e+00
-1.26671272842124017e-17 0.00000000000000000e+00
-9.47931305530004916e-18 0.00000000000000000e+00
0.00000000000000000e+00 0.00000000000000000e+00
-4.45232883093703259e-18 0.00000000000000000e+00
0.00000000000000000e+00 0.00000000000000000e+00
0.00000000000000000e+00 0.00000000000000000e+00
2.68614805696863409e-18 0.00000000000000000e+00
-2.37246688107106714e-17 0.00000000000000000e+00
0.00000000000000000e+00 0.00000000000000000e+00
0.00000000000000000e+00 0.00000000000000000e+00
-6.86612094827864594e-19 0.00000000000000000e+00
0.00000000000000000e+00 0.00000000000000000e+00
-2.23414735365915374e-19 0.00000000000000000e+00
-2.58627349932385886e-18 0.00000000000000000e+00
0.00000000000000000e+00 0.00000000000000000e+00
-1.21590087946426876e-17 0.00000000000000000e+00
0.00000000000000000e+00 0.00000000000000000e+00
0.00000000000000000e+00 0.00000000000000000e+00
1.32217168479790376e-18 0.00000000000000000e+00
0.00000000000000000e+00 0.00000000000000000e+00
3.37505325913010438e-19 0.00000000000000000e+00
-3.49293622013450626e-18 0.00000000000000000e+00
0.00000000000000000e+00 0.00000000000000000e+00
0.00000000000000000e+00 0.00000000000000000e+00
-2.16495782542416043e-18 0.00000000000000000e+00
-2.11258784088424277e-18 0.00000000000000000e+00
0.00000000000000000e+00 0.00000000000000000e+00
-6.40436365933035668e-18 0.00000000000000000e+00
0.00000000000000000e+00 0.00000000000000000e+00
0.00000000000000000e+00 0.00000000000000000e+00
1.70382065141270543e-18 0.00000000000000000e+00
-1.90017796198046663e-17 0.00000000000000000e+00
0.00000000000000000e+00 0.00000000000000000e+00
0.00000000000000000e+00 0.00000000000000000e+00
-9.51036444417992866e-21 0.00000000000000000e+00
0.00000000000000000e+00 0.00000000000000000e+00
-1.83437913293959788e-19 0.00000000000000000e+00
5.72013429684934515e-19 0.00000000000000000e+00
0.00000000000000000e+00 0.00000000000000000e+00
0.00000000000000000e+00 0.00000000000000000e+00
1.49603253825368212e-18 0.00000000000000000e+00
-3.97273843323413958e-18 0.00000000000000000e+00
0.00000000000000000e+00 0.00000000000000000e+00
-2.68277914393946033e-18 0.00000000000000000e+00
0.00000000000000000e+00 0.00000000000000000e+00
0.00000000000000000e+00 0.00000000000000000e+00
8.03757091188960387e-19 0.00000000000000000e+00
0.00000000000000000e+00 0.00000000000000000e+00
2.49548919347427871e-18 0.00000000000000000e+00
2.46790665863196517e-18 0.00000000000000000e+00
0.00000000000000000e+00 0.00000000000000000e+00
1.35384037368944936e-18 0.00000000000000000e+00
0.00000000000000000e+00 0.00000000000000000e+00
0.00000000000000000e+00 0.00000000000000000e+00
1.60991912829749377e-18 0.00000000000000000e+00
-7.01351185018104604e-18 0.00000000000000000e+00
0.00000000000000000e+00 0.00000000000000000e+00
0.00000000000000000e+00 0.00000000000000000e+00
2.53818749734638192e-19 0.00000000000000000e+00
0.00000000000000000e+00 0.00000000000000000e+00
-6.98979305533825769e-19 0.00000000000000000e+00
3.22246286744483087e-18 0.00000000000000000e+00
0.00000000000000000e+00 0.00000000000000000e+00
-4.17125598134207500e-17 0.00000000000000000e+00
0.00000000000000000e+00 0.00000000000000000e+00
0.00000000000000000e+00 0.00000000000000000e+00
1.06322512732237272e-18 0.00000000000000000e+00
0.00000000000000000e+00 0.00000000000000000e+00
-7.93783352788549813e-19 0.00000000000000000e+00
-1.41968635008065568e-18 0.00000000000000000e+00
0.00000000000000000e+00 0.00000000000000000e+00
0.00000000000000000e+00 0.00000000000000000e+00
-3.43233446098699249e-18 0.00000000000000000e+00
-2.24482429991209363e-19 0.00000000000000000e+00
0.00000000000000000e+00 0.00000000000000000e+00
-2.04154298489632667e-18 0.00000000000000000e+00
0.00000000000000000e+00 0.00000000000000000e+00
0.00000000000000000e+00 0.00000000000000000e+00
-2.68406326605780728e-18 0.00000000000000000e+00
0.00000000000000000e+00 0.00000000000000000e+00
4.56358542570401864e-18 0.00000000000000000e+00
8.71390039658020749e-19 0.00000000000000000e+00
0.00000000000000000e+00 0.00000000000000000e+00
3.43227984279166380e-18 0.00000000000000000e+00
0.00000000000000000e+00 0.00000000000000000e+00
0.00000000000000000e+00 0.00000000000000000e+00
3.66767974462116377e-19 0.00000000000000000e+00
-1.74664900608417753e-18 0.00000000000000000e+00
0.00000000000000000e+00 0.00000000000000000e+00
0.00000000000000000e+00 0.00000000000000000e+00
1.95459135994642952e-19 0.00000000000000000e+00
0.00000000000000000e+00 0.00000000000000000e+00
-1.44711272254624856e-18 0.00000000000000000e+00
-1.47514430175685885e-18 0.00000000000000000e+00
0.00000000000000000e+00 0.00000000000000000e+00
0.00000000000000000e+00 0.00000000000000000e+00
1.67860500096158787e-18 0.00000000000000000e+00
-7.88570367671765269e-18 0.00000000000000000e+00
0.00000000000000000e+00 0.00000000000000000e+00
-6.69218964466205874e-18 0.00000000000000000e+00
0.00000000000000000e+00 0.00000000000000000e+00
0.00000000000000000e+00 0.00000000000000000e+00
7.76213386716764863e-19 0.00000000000000000e+00
-5.70001115968770762e-18 0.00000000000000000e+00
0.00000000000000000e+00 0.00000000000000000e+00
0.00000000000000000e+00 0.00000000000000000e+00
9.31219875415605356e-20 0.00000000000000000e+00
0.00000000000000000e+00 0.00000000000000000e+00
3.63926932340704454e-19 0.00000000000000000e+00
1.62461614885295690e-18 0.00000000000000000e+00
0.00000000000000000e+00 0.00000000000000000e+00
-7.45530285417857710e-18 0.00000000000000000e+00
0.00000000000000000e+00 0.00000000000000000e+00
0.00000000000000000e+00 0.00000000000000000e+00
9.25034167745354703e-19 0.00000000000000000e+00
0.00000000000000000e+00 0.00000000000000000e+00
1.49164467864092050e-18 0.00000000000000000e+00
-2.51085137161819404e-18 0.00000000000000000e+00
0.00000000000000000e+00 0.00000000000000000e+00
0.00000000000000000e+00 0.00000000000000000e+00
2.81760300133364834e-18 0.00000000000000000e+00
8.44404381679058812e-20 0.00000000000000000e+00
0.00000000000000000e+00 0.00000000000000000e+00
-4.51685923867446349e-19 0.00000000000000000e+00
0.00000000000000000e+00 0.00000000000000000e+00
0.00000000000000000e+00 0.00000000000000000e+00
8.79391918073880264e-19 0.00000000000000000e+00
-3.75293112267892013e-17 0.00000000000000000e+00
0.00000000000000000e+00 0.00000000000000000e+00
0.00000000000000000e+00 0.00000000000000000e+00
1.15243437011977046e-18 0.00000000000000000e+00
0.00000000000000000e+00 0.00000000000000000e+00
-7.09906267016112027e-19 0.00000000000000000e+00
3.00406126282713207e-19 0.00000000000000000e+00
0.00000000000000000e+00 0.00000000000000000e+00
0.00000000000000000e+00 0.00000000000000000e+00
1.57752641632235385e-19 0.00000000000000000e+00
-2.40653625048708298e-18 0.00000000000000000e+00
0.00000000000000000e+00 0.00000000000000000e+00
-6.46564308195374130e-18 0.00000000000000000e+00
0.00000000000000000e+00 0.00000000000000000e+00
0.00000000000000000e+00 0.00000000000000000e+00
1.02354053697921546e-18 0.00000000000000000e+00
0.00000000000000000e+00 0.00000000000000000e+00
1.27304845125486342e-18 0.00000000000000000e+00
1.82788863657559502e-19 0.00000000000000000e+00
0.00000000000000000e+00 0.00000000000000000e+00
-4.83728076191659237e-19 0.00000000000000000e+00
0.00000000000000000e+00 0.00000000000000000e+00
0.00000000000000000e+00 0.00000000000000000e+00
5.21117207143989073e-19 0.00000000000000000e+00
1.98743566605373481e-19 0.00000000000000000e+00
0.00000000000000000e+00 0.00000000000000000e+00
0.00000000000000000e+00 0.00000000000000000e+00
-1.81724742843036872e-19 0.00000000000000000e+00
0.00000000000000000e+00 0.00000000000000000e+00
-1.94747912898965808e-18 0.00000000000000000e+00
-1.31256196235376140e-18 0.00000000000000000e+00
0.00000000000000000e+00 0.00000000000000000e+00
0.00000000000000000e+00 0.00000000000000000e+00
3.26420007707329464e-18 0.00000000000000000e+00
-1.93258611796653471e-18 0.00000000000000000e+00
0.00000000000000000e+00 0.00000000000000000e+00
2.74377037825149746e-18 0.00000000000000000e+00
0.00000000000000000e+00 0.00000000000000000e+00
0.00000000000000000e+00 0.00000000000000000e+00
1.55249065158101465e-18 0.00000000000000000e+00
3.13663343159641466e-18 0.00000000000000000e+00
0.00000000000000000e+00 0.00000000000000000e+00
0.00000000000000000e+00 0.00000000000000000e+00
-3.86852075274060115e-19 0.00000000000000000e+00
0.00000000000000000e+00 0.00000000000000000e+00
2.65593818175499219e-18 0.00000000000000000e+00
5.74783040075881145e-18 0.00000000000000000e+00
0.00000000000000000e+00 0.00000000000000000e+00
-5.11160923332159260e-18 0.00000000000000000e+00
0.00000000000000000e+00 0.00000000000000000e+00
0.00000000000000000e+00 0.00000000000000000e+00
1.31478369845273461e-18 0.00000000000000000e+00
0.00000000000000000e+00 0.00000000000000000e+00
9.66696538993331568e-19 0.00000000000000000e+00
5.01592149932374429e-19 0.00000000000000000e+00
0.00000000000000000e+00 0.00000000000000000e+00
0.00000000000000000e+00 0.00000000000000000e+00
1.27413274410677457e-18 0.00000000000000000e+00
4.43224634142750476e-18 0.00000000000000000e+00
0.00000000000000000e+00 0.00000000000000000e+00
4.67575239372940461e-18 0.00000000000000000e+00
0.00000000000000000e+00 0.00000000000000000e+00
0.00000000000000000e+00 0.00000000000000000e+00
1.01193955805601240e-18 0.00000000000000000e+00
0.00000000000000000e+00 0.00000000000000000e+00
7.75025176491137657e-18 0.00000000000000000e+00
5.14580258451434223e-18 0.00000000000000000e+00
0.00000000000000000e+00 0.00000000000000000e+00
7.04179449551671026e-18 0.00000000000000000e+00
0.00000000000000000e+00 0.00000000000000000e+00
0.00000000000000000e+00 0.00000000000000000e+00
-1.81650490997273321e-19 0.00000000000000000e+00
-4.84397566377154932e-18 0.00000000000000000e+00
0.00000000000000000e+00 0.00000000000000000e+00
0.00000000000000000e+00 0.00000000000000000e+00
-2.19212111068878201e-18 0.00000000000000000e+00
0.00000000000000000e+00 0.00000000000000000e+00
-9.43087046918205113e-19 0.00000000000000000e+00
-2.23083834369868303e-18 0.00000000000000000e+00
0.00000000000000000e+00 0.00000000000000000e+00
-5.88629509004883379e-18 0.00000000000000000e+00
0.00000000000000000e+00 0.00000000000000000e+00
0.00000000000000000e+00 0.00000000000000000e+00
1.01511226636495076e-18 0.00000000000000000e+00
0.00000000000000000e+00 0.00000000000000000e+00
2.94773469897764078e-18 0.00000000000000000e+00
-4.89474421226443050e-18 0.00000000000000000e+00
0.00000000000000000e+00 0.00000000000000000e+00
0.00000000000000000e+00 0.00000000000000000e+00
1.17107981227512650e-18 0.00000000000000000e+00
-3.35811992639736984e-18 0.00000000000000000e+00
0.00000000000000000e+00 0.00000000000000000e+00
-7.61842565082935778e-18 0.00000000000000000e+00
0.00000000000000000e+00 0.00000000000000000e+00
0.00000000000000000e+00 0.00000000000000000e+00
-1.07372518795619218e-18 0.00000000000000000e+00
9.95835291603468442e-18 0.00000000000000000e+00
0.00000000000000000e+00 0.00000000000000000e+00
0.00000000000000000e+00 0.00000000000000000e+00
-1.04527260864998762e-18 0.00000000000000000e+00
0.00000000000000000e+00 0.00000000000000000e+00
-1.92785204241347933e-18 0.00000000000000000e+00
-6.80178612396035829e-19 0.00000000000000000e+00
0.00000000000000000e+00 0.00000000000000000e+00
0.00000000000000000e+00 0.00000000000000000e+00
-7.14148098279345408e-19 0.00000000000000000e+00
-4.38545965643606639e-18 0.00000000000000000e+00
0.00000000000000000e+00 0.00000000000000000e+00
-4.73729545919065160e-18 0.00000000000000000e+00
0.00000000000000000e+00 0.00000000000000000e+00
0.00000000000000000e+00 0.00000000000000000e+00
-2.13354318225227333e-18 0.00000000000000000e+00
0.00000000000000000e+00 0.00000000000000000e+00
3.37714740518720593e-18 0.00000000000000000e+00
-9.80944990246391555e-19 0.00000000000000000e+00
0.00000000000000000e+00 0.00000000000000000e+00
2.61877891453269344e-18 0.00000000000000000e+00
0.00000000000000000e+00 0.00000000000000000e+00
0.00000000000000000e+00 0.00000000000000000e+00
1.60867842390318091e-18 0.00000000000000000e+00
4.83186393030291387e-19 0.00000000000000000e+00
0.00000000000000000e+00 0.00000000000000000e+00
0.00000000000000000e+00 0.00000000000000000e+00
1.65350650513262127e-19 0.00000000000000000e+00
0.00000000000000000e+00 0.00000000000000000e+00
4.56359703983538189e-18 0.00000000000000000e+00
-2.35147089323800800e-18 0.00000000000000000e+00
0.00000000000000000e+00 0.00000000000000000e+00
2.67261241912424341e-01 0.00000000000000000e+00
0.00000000000000000e+00 0.00000000000000000e+00
0.00000000000000000e+00 0.00000000000000000e+00
9.12625966909200633e-19 0.00000000000000000e+00
0.00000000000000000e+00 0.00000000000000000e+00
-7.47945774434465210e-19 0.00000000000000000e+00
-2.62236497032690282e-18 0.00000000000000000e+00
0.00000000000000000e+00 0.00000000000000000e+00
0.00000000000000000e+00 0.00000000000000000e+00
8.28196826209618889e-20 0.00000000000000000e+00
1.63176034991780192e-18 0.00000000000000000e+00
0.00000000000000000e+00 0.00000000000000000e+00
3.52745272013630231e-19 0.00000000000000000e+00
0.00000000000000000e+00 0.00000000000000000e+00
0.00000000000000000e+00 0.00000000000000000e+00
1.26396234564924538e-19 0.00000000000000000e+00
0.00000000000000000e+00 0.00000000000000000e+00
-3.68579279426450095e-19 0.00000000000000000e+00
-2.34566129419159561e-18 0.00000000000000000e+00
0.00000000000000000e+00 0.00000000000000000e+00
2.74328600963092793e-18 0.00000000000000000e+00
0.00000000000000000e+00 0.00000000000000000e+00
0.00000000000000000e+00 0.00000000000000000e+00
-1.72974095925608896e-19 0.00000000000000000e+00
-6.20273979051608058e-19 0.00000000000000000e+00
0.00000000000000000e+00 0.00000000000000000e+00
0.00000000000000000e+00 0.00000000000000000e+00
-1.95712639214442518e-19 0.00000000000000000e+00
0.00000000000000000e+00 0.00000000000000000e+00
5.48330123351161811e-19 0.00000000000000000e+00
9.96104176680028714e-19 0.00000000000000000e+00
0.00000000000000000e+00 0.00000000000000000e+00
0.00000000000000000e+00 0.00000000000000000e+00
-2.13955969050880996e-18 0.00000000000000000e+00
-6.28120463356352231e-18 0.00000000000000000e+00
0.00000000000000000e+00 0.00000000000000000e+00
1.41151951107385131e-18 0.00000000000000000e+00
0.00000000000000000e+00 0.00000000000000000e+00
0.00000000000000000e+00 0.00000000000000000e+00
6.37025494197426176e-19 0.00000000000000000e+00
-4.02852595221551661e-18 0.00000000000000000e+00
0.00000000000000000e+00 0.00000000000000000e+00
0.00000000000000000e+00 0.00000000000000000e+00
-4.20628367812274761e-19 0.00000000000000000e+00
0.00000000000000000e+00 0.00000000000000000e+00
1.27678265494141386e-18 0.00000000000000000e+00
6.18068891055414340e-19 0.00000000000000000e+00
0.00000000000000000e+00 0.00000000000000000e+00
-3.85571040795156238e-18 0.00000000000000000e+00
0.00000000000000000e+00 0.00000000000000000e+00
0.00000000000000000e+00 0.00000000000000000e+00
-1.38150192492131843e-18 0.00000000000000000e+00
0.00000000000000000e+00 0.00000000000000000e+00
-1.23922169835657805e-18 0.00000000000000000e+00
-1.79207813765691921e-18 0.00000000000000000e+00
0.00000000000000000e+00 0.00000000000000000e+00
0.00000000000000000e+00 0.00000000000000000e+00
-1.73618603813371561e-18 0.00000000000000000e+00
-6.91067459847927098e-19 0.00000000000000000e+00
0.00000000000000000e+00 0.00000000000000000e+00
5.03137079546251723e-19 0.00000000000000000e+00
0.00000000000000000e+00 0.00000000000000000e+00
0.00000000000000000e+00 0.00000000000000000e+00
5.72032193424911767e-20 0.00000000000000000e+00
0.00000000000000000e+00 0.00000000000000000e+00
-4.78472688914464448e-18 0.00000000000000000e+00
-8.32923124402075260e-18 0.00000000000000000e+00
0.00000000000000000e+00 0.00000000000000000e+00
-2.32167639610732660e-18 0.00000000000000000e+00
0.00000000000000000e+00 0.00000000000000000e+00
0.00000000000000000e+00 0.00000000000000000e+00
-1.53859509177142541e-18 0.00000000000000000e+00
-1.30766239226633872e-18 0.00000000000000000e+00
0.00000000000000000e+00 0.00000000000000000e+00
0.00000000000000000e+00 0.00000000000000000e+00
-3.79905581281103053e-19 0.00000000000000000e+00
0.00000000000000000e+00 0.00000000000000000e+00
2.99530389561875108e-19 0.00000000000000000e+00
2.69352761167688171e-19 0.00000000000000000e+00
0.00000000000000000e+00 0.00000000000000000e+00
1.59892996135097098e-18 0.00000000000000000e+00
0.00000000000000000e+00 0.00000000000000000e+00
0.00000000000000000e+00 0.00000000000000000e+00
-9.99201102739878368e-19 0.00000000000000000e+00
0.00000000000000000e+00 0.00000000000000000e+00
9.57007997381159665e-20 0.00000000000000000e+00
1.22114914158954135e-18 0.00000000000000000e+00
0.00000000000000000e+00 0.00000000000000000e+00
0.00000000000000000e+00 0.00000000000000000e+00
-1.01201375432418739e-18 0.00000000000000000e+00
9.20362426341482447e-19 0.00000000000000000e+00
0.00000000000000000e+00 0.00000000000000000e+00
5.60089364411600103e-19 0.00000000000000000e+00
0.00000000000000000e+00 0.00000000000000000e+00
0.00000000000000000e+00 0.00000000000000000e+00
-1.96038070142351677e-18 0.00000000000000000e+00
2.57965994345057198e-18 0.00000000000000000e+00
0.00000000000000000e+00 0.00000000000000000e+00
0.00000000000000000e+00 0.00000000000000000e+00
-3.33111754892369278e-19 0.00000000000000000e+00
0.00000000000000000e+00 0.00000000000000000e+00
-2.89301479813367612e-19 0.00000000000000000e+00
-8.71670355701613779e-19 0.00000000000000000e+00
0.00000000000000000e+00 0.00000000000000000e+00
0.00000000000000000e+00 0.00000000000000000e+00
7.08445741114538976e-19 0.00000000000000000e+00
-5.25962858162969181e-19 0.00000000000000000e+00
0.00000000000000000e+00 0.00000000000000000e+00
5.82385145571764386e-19 0.00000000000000000e+00
0.00000000000000000e+00 0.00000000000000000e+00
0.00000000000000000e+00 0.00000000000000000e+00
-6.35089841843098622e-19 0.00000000000000000e+00
0.00000000000000000e+00 0.00000000000000000e+00
-1.99969068429945154e-18 0.00000000000000000e+00
-1.17947818760093483e-18 0.00000000000000000e+00
0.00000000000000000e+00 0.00000000000000000e+00
4.90853353580247716e-18 0.00000000000000000e+00
0.00000000000000000e+00 0.00000000000000000e+00
0.00000000000000000e+00 0.00000000000000000e+00
-5.82297134258303111e-19 0.00000000000000000e+00
9.52245820935944958e-19 0.00000000000000000e+00
0.00000000000000000e+00 0.00000000000000000e+00
0.00000000000000000e+00 0.00000000000000000e+00
-9.98218138474897723e-19 0.00000000000000000e+00
0.00000000000000000e+00 0.00000000000000000e+00
4.51841829062068143e-19 0.00000000000000000e+00
1.68617389607646517e-18 0.00000000000000000e+00
0.00000000000000000e+00 0.00000000000000000e+00
0.00000000000000000e+00 0.00000000000000000e+00
2.88762993179947681e-18 0.00000000000000000e+00
9.97500988917639599e-19 0.00000000000000000e+00
0.00000000000000000e+00 0.00000000000000000e+00
-3.41177262289548733e-18 0.00000000000000000e+00
0.00000000000000000e+00 0.00000000000000000e+00
0.00000000000000000e+00 0.00000000000000000e+00
-9.00116526835663796e-19 0.00000000000000000e+00
8.97549020642579058e-18 0.00000000000000000e+00
0.00000000000000000e+00 0.00000000000000000e+00
0.00000000000000000e+00 0.00000000000000000e+00
8.94473802352417558e-20 0.00000000000000000e+00
0.00000000000000000e+00 0.00000000000000000e+00
-2.23231114056193488e-19 0.00000000000000000e+00
-2.59741702371771934e-18 0.00000000000000000e+00
0.00000000000000000e+00 0.00000000000000000e+00
2.94039792082134838e-18 0.00000000000000000e+00
0.00000000000000000e+00 0.00000000000000000e+00
0.00000000000000000e+00 0.00000000000000000e+00
6.87704422676753505e-19 0.00000000000000000e+00
0.00000000000000000e+00 0.00000000000000000e+00
-4.02433032377549097e-19 0.00000000000000000e+00
8.35289575860156561e-19 0.00000000000000000e+00
0.00000000000000000e+00 0.00000000000000000e+00
0.00000000000000000e+00 0.00000000000000000e+00
1.18749216815030636e-18 0.00000000000000000e+00
1.42227529178524925e-18 0.00000000000000000e+00
0.00000000000000000e+00 0.00000000000000000e+00
2.30080515097274160e-18 0.00000000000000000e+00
0.00000000000000000e+00 0.00000000000000000e+00
0.00000000000000000e+00 0.00000000000000000e+00
-1.03269522871415282e-18 0.00000000000000000e+00
3.34589165404094480e-18 0.00000000000000000e+00
0.00000000000000000e+00 0.00000000000000000e+00
0.00000000000000000e+00 0.00000000000000000e+00
-1.56112198437858102e-19 0.00000000000000000e+00
0.00000000000000000e+00 0.00000000000000000e+00
-7.46208305196412882e-19 0.00000000000000000e+00
-9.84013124812794476e-19 0.00000000000000000e+00
0.00000000000000000e+00 0.00000000000000000e+00
0.00000000000000000e+00 0.00000000000000000e+00
3.30354747711173413e-19 0.00000000000000000e+00
1.04176650302373187e-18 0.00000000000000000e+00
0.00000000000000000e+00 0.00000000000000000e+00
-1.18655871744087684e-18 0.00000000000000000e+00
0.00000000000000000e+00 0.00000000000000000e+00
0.00000000000000000e+00 0.00000000000000000e+00
5.56276359595537986e-19 0.00000000000000000e+00
0.00000000000000000e+00 0.00000000000000000e+00
8.42722932451432748e-19 0.00000000000000000e+00
2.99385861200729515e-18 0.00000000000000000e+00
0.00000000000000000e+00 0.00000000000000000e+00
-2.71032481433462544e-20 0.00000000000000000e+00
0.00000000000000000e+00 0.00000000000000000e+00
0.00000000000000000e+00 0.00000000000000000e+00
1.00343402692741990e-18 0.00000000000000000e+00
-1.12188247026365557e-18 0.00000000000000000e+00
0.00000000000000000e+00 0.00000000000000000e+00
0.00000000000000000e+00 0.00000000000000000e+00
1.62676628726117251e-18 0.00000000000000000e+00
0.00000000000000000e+00 0.00000000000000000e+00
1.53570566627779147e-18 0.00000000000000000e+00
3.19774133685685457e-18 0.00000000000000000e+00
0.00000000000000000e+00 0.00000000000000000e+00
-1.61156448137113897e-17 0.00000000000000000e+00
0.00000000000000000e+00 0.00000000000000000e+00
0.00000000000000000e+00 0.00000000000000000e+00
5.41875361244471259e-19 0.00000000000000000e+00
0.00000000000000000e+00 0.00000000000000000e+00
-2.22725043500114048e-18 0.00000000000000000e+00
-5.17221025804107521e-19 0.00000000000000000e+00
0.00000000000000000e+00 0.00000000000000000e+00
0.00000000000000000e+00 0.00000000000000000e+00
-2.68811149704373397e-19 0.00000000000000000e+00
9.85028980507640167e-19 0.00000000000000000e+00
0.00000000000000000e+00 0.00000000000000000e+00
-4.59202673606401921e-19 0.00000000000000000e+00
0.00000000000000000e+00 0.00000000000000000e+00
0.00000000000000000e+00 0.00000000000000000e+00
-4.79033926686911005e-20 0.00000000000000000e+00
0.00000000000000000e+00 0.00000000000000000e+00
3.40404394436868468e-19 0.00000000000000000e+00
-3.57130747679704479e-20 0.00000000000000000e+00
0.00000000000000000e+00 0.00000000000000000e+00
-3.12864168843381681e-18 0.00000000000000000e+00
0.00000000000000000e+00 0.00000000000000000e+00
0.00000000000000000e+00 0.00000000000000000e+00
2.43976292820399829e-19 0.00000000000000000e+00
2.04728995556908560e-18 0.00000000000000000e+00
0.00000000000000000e+00 0.00000000000000000e+00
0.00000000000000000e+00 0.00000000000000000e+00
-6.34438605195738157e-19 0.00000000000000000e+00
0.00000000000000000e+00 0.00000000000000000e+00
3.97919540834377191e-19 0.00000000000000000e+00
-2.91880617820367346e-18 0.00000000000000000e+00
0.00000000000000000e+00 0.00000000000000000e+00
0.00000000000000000e+00 0.00000000000000000e+00
-6.85370685426378663e-19 0.00000000000000000e+00
-6.24440718485020575e-19 0.00000000000000000e+00
0.00000000000000000e+00 0.00000000000000000e+00
-3.95107922182048815e-18 0.00000000000000000e+00
0.00000000000000000e+00 0.00000000000000000e+00
0.00000000000000000e+00 0.00000000000000000e+00
-9.04122327364553855e-19 0.00000000000000000e+00
-1.84281409926905071e-18 0.00000000000000000e+00
0.00000000000000000e+00 0.00000000000000000e+00
0.00000000000000000e+00 0.00000000000000000e+00
1.23127267238753077e-18 0.00000000000000000e+00
0.00000000000000000e+00 0.00000000000000000e+00
-1.65754696223871954e-18 0.00000000000000000e+00
-2.83200394613119134e-19 0.00000000000000000e+00
0.00000000000000000e+00 0.00000000000000000e+00
6.39160774645228029e-18 0.00000000000000000e+00
0.00000000000000000e+00 0.00000000000000000e+00
0.00000000000000000e+00 0.00000000000000000e+00
1.21654672623272153e-18 0.00000000000000000e+00
0.00000000000000000e+00 0.00000000000000000e+00
1.50892784660375031e-19 0.00000000000000000e+00
1.47043993531460468e-18 0.00000000000000000e+00
0.00000000000000000e+00 0.00000000000000000e+00
0.00000000000000000e+00 0.00000000000000000e+00
-2.12518606892013565e-18 0.00000000000000000e+00
1.49625712603316071e-18 0.00000000000000000e+00
0.00000000000000000e+00 0.00000000000000000e+00
-1.50131663552914551e-18 0.00000000000000000e+00
0.00000000000000000e+00 0.00000000000000000e+00
0.00000000000000000e+00 0.00000000000000000e+00
-1.00483836117072289e-18 0.00000000000000000e+00
0.00000000000000000e+00 0.00000000000000000e+00
-5.32756473679302702e-18 0.00000000000000000e+00
-1.45621170780141927e-17 0.00000000000000000e+00
0.00000000000000000e+00 0.00000000000000000e+00
3.37217368422885546e-18 0.00000000000000000e+00
0.00000000000000000e+00 0.00000000000000000e+00
0.00000000000000000e+00 0.00000000000000000e+00
-4.49606072277283255e-19 0.00000000000000000e+00
-5.66863320748272177e-18 0.00000000000000000e+00
0.00000000000000000e+00 0.00000000000000000e+00
0.00000000000000000e+00 0.00000000000000000e+00
1.04756705777111178e-18 0.00000000000000000e+00
0.00000000000000000e+00 0.00000000000000000e+00
-1.11360615621546203e-18 0.00000000000000000e+00
-2.31602740260091983e-19 0.00000000000000000e+00
0.00000000000000000e+00 0.00000000000000000e+00
3.92567621496208372e-18 0.00000000000000000e+00
0.00000000000000000e+00 0.00000000000000000e+00
0.00000000000000000e+00 0.00000000000000000e+00
4.98056769697609801e-19 0.00000000000000000e+00
0.00000000000000000e+00 0.00000000000000000e+00
5.54021582966066701e-19 0.00000000000000000e+00
-2.99349759315699410e-18 0.00000000000000000e+00
0.00000000000000000e+00 0.00000000000000000e+00
0.00000000000000000e+00 0.00000000000000000e+00
-1.50305122608197389e-18 0.00000000000000000e+00
3.83221864260588682e-19 0.00000000000000000e+00
0.00000000000000000e+00 0.00000000000000000e+00
-7.79982419981810187e-18 0.00000000000000000e+00
0.00000000000000000e+00 0.00000000000000000e+00
0.00000000000000000e+00 0.00000000000000000e+00
-1.57477081808324104e-18 0.00000000000000000e+00
-2.85035364923596148e-17 0.00000000000000000e+00
0.00000000000000000e+00 0.00000000000000000e+00
0.00000000000000000e+00 0.00000000000000000e+00
-5.19267258799326247e-19 0.00000000000000000e+00
0.00000000000000000e+00 0.00000000000000000e+00
-9.15929471275781708e-19 0.00000000000000000e+00
-1.05840371319099056e-18 0.00000000000000000e+00
0.00000000000000000e+00 0.00000000000000000e+00
0.00000000000000000e+00 0.00000000000000000e+00
3.21606681991403709e-18 0.00000000000000000e+00
7.10321305776234095e-19 0.00000000000000000e+00
0.00000000000000000e+00 0.00000000000000000e+00
-5.70600865853560157e-19 0.00000000000000000e+00
0.00000000000000000e+00 0.00000000000000000e+00
0.00000000000000000e+00 0.00000000000000000e+00
-5.89356644794385865e-19 0.00000000000000000e+00
0.00000000000000000e+00 0.00000000000000000e+00
6.99889153662332252e-19 0.00000000000000000e+00
6.02609476502233032e-18 0.00000000000000000e+00
0.00000000000000000e+00 0.00000000000000000e+00
6.43156529344871602e-19 0.00000000000000000e+00
0.00000000000000000e+00 0.00000000000000000e+00
0.00000000000000000e+00 0.00000000000000000e+00
7.26305562531033009e-19 0.00000000000000000e+00
-1.80868956306727886e-18 0.00000000000000000e+00
0.00000000000000000e+00 0.00000000000000000e+00
0.00000000000000000e+00 0.00000000000000000e+00
4.81885405642256952e-20 0.00000000000000000e+00
0.00000000000000000e+00 0.00000000000000000e+00
2.82306702386355801e-19 0.00000000000000000e+00
4.40253937772438806e-19 0.00000000000000000e+00
0.00000000000000000e+00 0.00000000000000000e+00
-2.03966808916343102e-17 0.00000000000000000e+00
0.00000000000000000e+00 0.00000000000000000e+00
0.00000000000000000e+00 0.00000000000000000e+00
5.47680446113078896e-19 0.00000000000000000e+00
0.00000000000000000e+00 0.00000000000000000e+00
7.25685981832411553e-20 0.00000000000000000e+00
-2.92610382945778046e-19 0.00000000000000000e+00
0.00000000000000000e+00 0.00000000000000000e+00
0.00000000000000000e+00 0.00000000000000000e+00
-2.56652670885093260e-19 0.00000000000000000e+00
3.18809452499786501e-18 0.00000000000000000e+00
0.00000000000000000e+00 0.00000000000000000e+00
-3.44382777904374661e-18 0.00000000000000000e+00
0.00000000000000000e+00 0.00000000000000000e+00
0.00000000000000000e+00 0.00000000000000000e+00
3.66884566136387063e-19 0.00000000000000000e+00
0.00000000000000000e+00 0.00000000000000000e+00
3.95871995366020946e-18 0.00000000000000000e+00
-1.02343843544844236e-19 0.00000000000000000e+00
0.00000000000000000e+00 0.00000000000000000e+00
3.18874888327807566e-18 0.00000000000000000e+00
0.00000000000000000e+00 0.00000000000000000e+00
0.00000000000000000e+00 0.00000000000000000e+00
1.02819867871165658e-18 0.00000000000000000e+00
-2.41258139690197020e-18 0.00000000000000000e+00
0.00000000000000000e+00 0.00000000000000000e+00
0.00000000000000000e+00 0.00000000000000000e+00
1.30419469256006734e-18 0.00000000000000000e+00
0.00000000000000000e+00 0.00000000000000000e+00
-3.21215247556421746e-18 0.00000000000000000e+00
-4.02178085934613111e-18 0.00000000000000000e+00
0.00000000000000000e+00 0.00000000000000000e+00
0.00000000000000000e+00 0.00000000000000000e+00
2.86235619431443240e-18 0.00000000000000000e+00
4.66409065824867124e-18 0.00000000000000000e+00
0.00000000000000000e+00 0.00000000000000000e+00
-2.64246491263763193e-18 0.00000000000000000e+00
0.00000000000000000e+00 0.00000000000000000e+00
0.00000000000000000e+00 0.00000000000000000e+00
9.97143753149869252e-20 0.00000000000000000e+00
3.12675115663221371e-18 0.00000000000000000e+00
0.00000000000000000e+00 0.00000000000000000e+00
0.00000000000000000e+00 0.00000000000000000e+00
-2.24366289455857169e-19 0.00000000000000000e+00
0.00000000000000000e+00 0.00000000000000000e+00
-1.49153391239143100e-18 0.00000000000000000e+00
9.05329386687027676e-19 0.00000000000000000e+00
0.00000000000000000e+00 0.00000000000000000e+00
-5.56365609117551326e-18 0.00000000000000000e+00
0.00000000000000000e+00 0.00000000000000000e+00
0.00000000000000000e+00 0.00000000000000000e+00
5.14919512044983180e-19 0.00000000000000000e+00
0.00000000000000000e+00 0.00000000000000000e+00
-1.13096012707725296e-18 0.00000000000000000e+00
-4.66367475304622171e-19 0.00000000000000000e+00
0.00000000000000000e+00 0.00000000000000000e+00
0.00000000000000000e+00 0.00000000000000000e+00
1.10506824915705926e-18 0.00000000000000000e+00
2.36295060060550004e-18 0.00000000000000000e+00
0.00000000000000000e+00 0.00000000000000000e+00
1.72238192235029151e-18 0.00000000000000000e+00
0.00000000000000000e+00 0.00000000000000000e+00
0.00000000000000000e+00 0.00000000000000000e+00
-1.72153822771989081e-19 0.00000000000000000e+00
8.24439100650512766e-19 0.00000000000000000e+00
0.00000000000000000e+00 0.00000000000000000e+00
0.00000000000000000e+00 0.00000000000000000e+00
8.21753960989908462e-19 0.00000000000000000e+00
0.00000000000000000e+00 0.00000000000000000e+00
2.20084622783847563e-19 0.00000000000000000e+00
1.16140312812940029e-18 0.00000000000000000e+00
0.00000000000000000e+00 0.00000000000000000e+00
0.00000000000000000e+00 0.00000000000000000e+00
-1.60617489889796461e-18 0.00000000000000000e+00
8.47248095714577171e-19 0.00000000000000000e+00
0.00000000000000000e+00 0.00000000000000000e+00
-4.13665003077918725e-18 0.00000000000000000e+00
0.00000000000000000e+00 0.00000000000000000e+00
0.00000000000000000e+00 0.00000000000000000e+00
9.10864025394961297e-19 0.00000000000000000e+00
0.00000000000000000e+00 0.00000000000000000e+00
1.67818979986818537e-18 0.00000000000000000e+00
1.82809380872598765e-19 0.00000000000000000e+00
0.00000000000000000e+00 0.00000000000000000e+00
1.32919324030779824e-18 0.00000000000000000e+00
0.00000000000000000e+00 0.00000000000000000e+00
0.00000000000000000e+00 0.00000000000000000e+00
-1.16569084368490042e-19 0.00000000000000000e+00
1.45462448307670675e-18 0.00000000000000000e+00
0.00000000000000000e+00 0.00000000000000000e+00
0.00000000000000000e+00 0.00000000000000000e+00
1.19763826103708783e-18 0.00000000000000000e+00
0.00000000000000000e+00 0.00000000000000000e+00
-6.40587136055546923e-19 0.00000000000000000e+00
-1.87953214731664910e-18 0.00000000000000000e+00
0.00000000000000000e+00 0.00000000000000000e+00
0.00000000000000000e+00 0.00000000000000000e+00
-2.19150689720543316e-18 0.00000000000000000e+00
-8.50101604680633569e-18 0.00000000000000000e+00
0.00000000000000000e+00 0.00000000000000000e+00
-3.07478564604840737e-18 0.00000000000000000e+00
0.00000000000000000e+00 0.00000000000000000e+00
0.00000000000000000e+00 0.00000000000000000e+00
-1.64455367052764460e-18 0.00000000000000000e+00
1.38294419820175375e-18 0.00000000000000000e+00
0.00000000000000000e+00 0.00000000000000000e+00
0.00000000000000000e+00 0.00000000000000000e+00
1.04984758234087398e-19 0.00000000000000000e+00
0.00000000000000000e+00 0.00000000000000000e+00
-1.62974953681833200e-20 0.00000000000000000e+00
6.32507303177142923e-19 0.00000000000000000e+00
0.00000000000000000e+00 0.00000000000000000e+00
-1.47694078125803767e-18 0.00000000000000000e+00
0.00000000000000000e+00 0.00000000000000000e+00
0.00000000000000000e+00 0.00000000000000000e+00
1.00601373700467321e-18 0.00000000000000000e+00
0.00000000000000000e+00 0.00000000000000000e+00
-2.55696103046216403e-19 0.00000000000000000e+00
-1.52195708156430760e-19 0.00000000000000000e+00
0.00000000000000000e+00 0.00000000000000000e+00
0.00000000000000000e+00 0.00000000000000000e+00
1.13993590513070348e-18 0.00000000000000000e+00
1.01957101930902181e-18 0.00000000000000000e+00
0.00000000000000000e+00 0.00000000000000000e+00
4.94808956687847854e-18 0.00000000000000000e+00
0.00000000000000000e+00 0.00000000000000000e+00
0.00000000000000000e+00 0.00000000000000000e+00
-1.04787346385791085e-19 0.00000000000000000e+00
0.00000000000000000e+00 0.00000000000000000e+00
1.76317454140804550e-18 0.00000000000000000e+00
5.46831874422575013e-18 0.00000000000000000e+00
0.00000000000000000e+00 0.00000000000000000e+00
5.31993594161952889e-18 0.00000000000000000e+00
0.00000000000000000e+00 0.00000000000000000e+00
0.00000000000000000e+00 0.00000000000000000e+00
2.32025401897152931e-18 0.00000000000000000e+00
2.00197735801473414e-18 0.00000000000000000e+00
0.00000000000000000e+00 0.00000000000000000e+00
0.00000000000000000e+00 0.00000000000000000e+00
7.44296195606896256e-19 0.00000000000000000e+00
0.00000000000000000e+00 0.00000000000000000e+00
-5.20419743243016854e-19 0.00000000000000000e+00
1.98213593697975828e-18 0.00000000000000000e+00
0.00000000000000000e+00 0.00000000000000000e+00
1.11247179056013999e-17 0.00000000000000000e+00
0.00000000000000000e+00 0.00000000000000000e+00
0.00000000000000000e+00 0.00000000000000000e+00
-9.41520890356243498e-19 0.00000000000000000e+00
0.00000000000000000e+00 0.00000000000000000e+00
6.84593441138163640e-19 0.00000000000000000e+00
-1.33337306961889066e-18 0.00000000000000000e+00
0.00000000000000000e+00 0.00000000000000000e+00
0.00000000000000000e+00 0.00000000000000000e+00
-7.96729172162442807e-20 0.00000000000000000e+00
-2.13157657106824803e-18 0.00000000000000000e+00
0.00000000000000000e+00 0.00000000000000000e+00
-7.26410765685682190e-18 0.00000000000000000e+00
0.00000000000000000e+00 0.00000000000000000e+00
0.00000000000000000e+00 0.00000000000000000e+00
6.39324554985507449e-19 0.00000000000000000e+00
1.11281345472723243e-17 0.00000000000000000e+00
0.00000000000000000e+00 0.00000000000000000e+00
0.00000000000000000e+00 0.00000000000000000e+00
-7.19516039733011822e-20 0.00000000000000000e+00
0.00000000000000000e+00 0.00000000000000000e+00
-5.42720299525428673e-19 0.00000000000000000e+00
1.98755959016562458e-18 0.00000000000000000e+00
0.00000000000000000e+00 0.00000000000000000e+00
0.00000000000000000e+00 0.00000000000000000e+00
-1.70311170432837756e-18 0.00000000000000000e+00
1.94783425927503054e-18 0.00000000000000000e+00
0.00000000000000000e+00 0.00000000000000000e+00
-2.07512866381820957e-18 0.00000000000000000e+00
0.00000000000000000e+00 0.00000000000000000e+00
0.00000000000000000e+00 0.00000000000000000e+00
-9.20578096899678150e-19 0.00000000000000000e+00
0.00000000000000000e+00 0.00000000000000000e+00
3.14540719200365707e-18 0.00000000000000000e+00
7.96491823362908571e-19 0.00000000000000000e+00
0.00000000000000000e+00 0.00000000000000000e+00
2.17270760709986238e-18 0.00000000000000000e+00
0.00000000000000000e+00 0.00000000000000000e+00
0.00000000000000000e+00 0.00000000000000000e+00
6.52619323568381797e-19 0.00000000000000000e+00
-2.72434937233001879e-18 0.00000000000000000e+00
0.00000000000000000e+00 0.00000000000000000e+00
0.00000000000000000e+00 0.00000000000000000e+00
-2.34106744163868577e-20 0.00000000000000000e+00
0.00000000000000000e+00 0.00000000000000000e+00
1.45646607042028118e-18 0.00000000000000000e+00
-2.48404102889452247e-18 0.00000000000000000e+00
0.00000000000000000e+00 0.00000000000000000e+00
0.00000000000000000e+00 0.00000000000000000e+00
-8.32995019044135563e-18 0.00000000000000000e+00
3.02479672138648226e-20 0.00000000000000000e+00
0.00000000000000000e+00 0.00000000000000000e+00
-5.67671854433156643e-18 0.00000000000000000e+00
0.00000000000000000e+00 0.00000000000000000e+00
0.00000000000000000e+00 0.00000000000000000e+00
-1.02878688542152020e-18 0.00000000000000000e+00
-9.51979958339459261e-18 0.00000000000000000e+00
0.00000000000000000e+00 0.00000000000000000e+00
0.00000000000000000e+00 0.00000000000000000e+00
2.98757347344633452e-18 0.00000000000000000e+00
0.00000000000000000e+00 0.00000000000000000e+00
9.08507074318282784e-20 0.00000000000000000e+00
-6.07358282209232269e-18 0.00000000000000000e+00
0.00000000000000000e+00 0.00000000000000000e+00
5.66961063549990646e-18 0.00000000000000000e+00
0.00000000000000000e+00 0.00000000000000000e+00
0.00000000000000000e+00 0.00000000000000000e+00
-1.99184180007343640e-18 0.00000000000000000e+00
0.00000000000000000e+00 0.00000000000000000e+00
-6.23804567834720590e-19 0.00000000000000000e+00
2.34019378512221493e-18 0.00000000000000000e+00
0.00000000000000000e+00 0.00000000000000000e+00
0.00000000000000000e+00 0.00000000000000000e+00
-1.46638487385441202e-18 0.00000000000000000e+00
1.05027658840789416e-18 0.00000000000000000e+00
0.00000000000000000e+00 0.00000000000000000e+00
-6.32607995460673902e-18 0.00000000000000000e+00
0.00000000000000000e+00 0.00000000000000000e+00
0.00000000000000000e+00 0.00000000000000000e+00
1.82704052318157312e-18 0.00000000000000000e+00
-2.59026991144771578e-17 0.00000000000000000e+00
0.00000000000000000e+00 0.00000000000000000e+00
0.00000000000000000e+00 0.00000000000000000e+00
1.57824769898433468e-19 0.00000000000000000e+00
0.00000000000000000e+00 0.00000000000000000e+00
1.96349623938662791e-18 0.00000000000000000e+00
1.86515061985587264e-18 0.00000000000000000e+00
0.00000000000000000e+00 0.00000000000000000e+00
0.00000000000000000e+00 0.00000000000000000e+00
8.02020548867334186e-19 0.00000000000000000e+00
-1.04700648260167948e-18 0.00000000000000000e+00
0.00000000000000000e+00 0.00000000000000000e+00
-1.62800112760875892e-18 0.00000000000000000e+00
0.00000000000000000e+00 0.00000000000000000e+00
0.00000000000000000e+00 0.00000000000000000e+00
1.14986073341472933e-18 0.00000000000000000e+00
0.00000000000000000e+00 0.00000000000000000e+00
8.32399369270499984e-19 0.00000000000000000e+00
-8.55332365586712496e-20 0.00000000000000000e+00
0.00000000000000000e+00 0.00000000000000000e+00
-1.07480585191866453e-18 0.00000000000000000e+00
0.00000000000000000e+00 0.00000000000000000e+00
0.00000000000000000e+00 0.00000000000000000e+00
1.90499939669012877e-19 0.00000000000000000e+00
-9.99993833932984975e-18 0.00000000000000000e+00
0.00000000000000000e+00 0.00000000000000000e+00
0.00000000000000000e+00 0.00000000000000000e+00
-3.42442573036765062e-19 0.00000000000000000e+00
0.00000000000000000e+00 0.00000000000000000e+00
-2.12507860344532736e-18 0.00000000000000000e+00
5.39790995710572267e-19 0.00000000000000000e+00
0.00000000000000000e+00 0.00000000000000000e+00
-2.11612725427379543e-17 0.00000000000000000e+00
0.00000000000000000e+00 0.00000000000000000e+00
0.00000000000000000e+00 0.00000000000000000e+00
-1.66279554644475674e-19 0.00000000000000000e+00
0.00000000000000000e+00 0.00000000000000000e+00
-2.48317336897875500e-18 0.00000000000000000e+00
-4.38280471846567886e-18 0.00000000000000000e+00
0.00000000000000000e+00 0.00000000000000000e+00
0.00000000000000000e+00 0.00000000000000000e+00
-5.72898929165573688e-19 0.00000000000000000e+00
1.89916931108765696e-18 0.00000000000000000e+00
0.00000000000000000e+00 0.00000000000000000e+00
-3.15501885735123520e-19 0.00000000000000000e+00
0.00000000000000000e+00 0.00000000000000000e+00
0.00000000000000000e+00 0.00000000000000000e+00
4.05962438217482128e-19 0.00000000000000000e+00
0.00000000000000000e+00 0.00000000000000000e+00
2.03950033480202200e-18 0.00000000000000000e+00
5.17032201061128792e-18 0.00000000000000000e+00
0.00000000000000000e+00 0.00000000000000000e+00
-2.46882969792411504e-18 0.00000000000000000e+00
0.00000000000000000e+00 0.00000000000000000e+00
0.00000000000000000e+00 0.00000000000000000e+00
1.71341355347824762e-18 0.00000000000000000e+00
2.97142821767799396e-18 0.00000000000000000e+00
0.00000000000000000e+00 0.00000000000000000e+00
0.00000000000000000e+00 0.00000000000000000e+00
1.27850313943986621e-18 0.00000000000000000e+00
0.00000000000000000e+00 0.00000000000000000e+00
-1.09865629842080848e-18 0.00000000000000000e+00
1.03599070275588499e-18 0.00000000000000000e+00
0.00000000000000000e+00 0.00000000000000000e+00
0.00000000000000000e+00 0.00000000000000000e+00
6.17399084324687973e-19 0.00000000000000000e+00
-6.19675512839285202e-18 0.00000000000000000e+00
0.00000000000000000e+00 0.00000000000000000e+00
-1.33812762424053362e-18 0.00000000000000000e+00
0.00000000000000000e+00 0.00000000000000000e+00
0.00000000000000000e+00 0.00000000000000000e+00
7.39504035111474324e-19 0.00000000000000000e+00
-2.66847662567609438e-18 0.00000000000000000e+00
0.00000000000000000e+00 0.00000000000000000e+00
0.00000000000000000e+00 0.00000000000000000e+00
6.96628965031874933e-19 0.00000000000000000e+00
0.00000000000000000e+00 0.00000000000000000e+00
-9.45707552433353277e-19 0.00000000000000000e+00
-1.57675028711449117e-18 0.00000000000000000e+00
0.00000000000000000e+00 0.00000000000000000e+00
-1.15373885162896913e-17 0.00000000000000000e+00
0.00000000000000000e+00 0.00000000000000000e+00
0.00000000000000000e+00 0.00000000000000000e+00
1.58931986699230590e-18 0.00000000000000000e+00
0.00000000000000000e+00 0.00000000000000000e+00
-6.97285631194516032e-20 0.00000000000000000e+00
-9.31073005782722801e-19 0.00000000000000000e+00
0.00000000000000000e+00 0.00000000000000000e+00
0.00000000000000000e+00 0.00000000000000000e+00
-5.15528873070385976e-19 0.00000000000000000e+00
-1.00281068602638284e-18 0.00000000000000000e+00
0.00000000000000000e+00 0.00000000000000000e+00
-6.29286261720964476e-18 0.00000000000000000e+00
0.00000000000000000e+00 0.00000000000000000e+00
0.00000000000000000e+00 0.00000000000000000e+00
-1.35556008899412854e-18 0.00000000000000000e+00
-3.92193700829198216e-17 0.00000000000000000e+00
0.00000000000000000e+00 0.00000000000000000e+00
0.00000000000000000e+00 0.00000000000000000e+00
-1.42232924777029669e-18 0.00000000000000000e+00
0.00000000000000000e+00 0.00000000000000000e+00
2.75187208402264859e-19 0.00000000000000000e+00
1.37778261083690639e-18 0.00000000000000000e+00
0.00000000000000000e+00 0.00000000000000000e+00
0.00000000000000000e+00 0.00000000000000000e+00
1.14040683136221194e-18 0.00000000000000000e+00
-5.61722062699403833e-19 0.00000000000000000e+00
0.00000000000000000e+00 0.00000000000000000e+00
-3.62779433004472168e-18 0.00000000000000000e+00
0.00000000000000000e+00 0.00000000000000000e+00
0.00000000000000000e+00 0.00000000000000000e+00
8.47974501519291274e-19 0.00000000000000000e+00
0.00000000000000000e+00 0.00000000000000000e+00
3.35371483868544918e-18 0.00000000000000000e+00
2.82606072861093570e-19 0.00000000000000000e+00
0.00000000000000000e+00 0.00000000000000000e+00
2.95783799942042538e-18 0.00000000000000000e+00
0.00000000000000000e+00 0.00000000000000000e+00
0.00000000000000000e+00 0.00000000000000000e+00
2.36031078182453269e-18 0.00000000000000000e+00
6.09774493617120101e-19 0.00000000000000000e+00
0.00000000000000000e+00 0.00000000000000000e+00
0.00000000000000000e+00 0.00000000000000000e+00
-6.73962000912350571e-19 0.00000000000000000e+00
0.00000000000000000e+00 0.00000000000000000e+00
-1.42463696566057140e-18 0.00000000000000000e+00
2.91058081389590706e-18 0.00000000000000000e+00
0.00000000000000000e+00 0.00000000000000000e+00
0.00000000000000000e+00 0.00000000000000000e+00
1.42411031798331271e-18 0.00000000000000000e+00
9.71419907101657822e-19 0.00000000000000000e+00
0.00000000000000000e+00 0.00000000000000000e+00
2.60822545043379201e-18 0.00000000000000000e+00
0.00000000000000000e+00 0.00000000000000000e+00
0.00000000000000000e+00 0.00000000000000000e+00
-7.24802613742718914e-19 0.00000000000000000e+00
4.98107768675655371e-18 0.00000000000000000e+00
0.00000000000000000e+00 0.00000000000000000e+00
0.00000000000000000e+00 0.00000000000000000e+00
4.92136189923954646e-19 0.00000000000000000e+00
0.00000000000000000e+00 0.00000000000000000e+00
1.40604960137333250e-18 0.00000000000000000e+00
-2.45314303669878862e-19 0.00000000000000000e+00
0.00000000000000000e+00 0.00000000000000000e+00
-4.63892882286798801e-18 0.00000000000000000e+00
0.00000000000000000e+00 0.00000000000000000e+00
0.00000000000000000e+00 0.00000000000000000e+00
-2.78837847376568818e-19 0.00000000000000000e+00
0.00000000000000000e+00 0.00000000000000000e+00
1.49381637839987956e-18 0.00000000000000000e+00
2.74555737738724146e-18 0.00000000000000000e+00
0.00000000000000000e+00 0.00000000000000000e+00
0.00000000000000000e+00 0.00000000000000000e+00
2.70797864146970749e-19 0.00000000000000000e+00
9.96887863060494495e-19 0.00000000000000000e+00
0.00000000000000000e+00 0.00000000000000000e+00
-1.65762481224019885e-18 0.00000000000000000e+00
0.00000000000000000e+00 0.00000000000000000e+00
0.00000000000000000e+00 0.00000000000000000e+00
3.15328331230669486e-19 0.00000000000000000e+00
0.00000000000000000e+00 0.00000000000000000e+00
1.76171806009259390e-18 0.00000000000000000e+00
-2.56351749572089663e-18 0.00000000000000000e+00
0.00000000000000000e+00 0.00000000000000000e+00
-2.17207181350563566e-18 0.00000000000000000e+00
0.00000000000000000e+00 0.00000000000000000e+00
0.00000000000000000e+00 0.00000000000000000e+00
-1.71385432301922814e-18 0.00000000000000000e+00
4.03117326557498943e-18 0.00000000000000000e+00
0.00000000000000000e+00 0.00000000000000000e+00
0.00000000000000000e+00 0.00000000000000000e+00
4.91556392602278685e-19 0.00000000000000000e+00
0.00000000000000000e+00 0.00000000000000000e+00
-9.62897051667031064e-19 0.00000000000000000e+00
-4.35268475573132936e-19 0.00000000000000000e+00
0.00000000000000000e+00 0.00000000000000000e+00
1.59026881649806516e-18 0.00000000000000000e+00
0.00000000000000000e+00 0.00000000000000000e+00
0.00000000000000000e+00 0.00000000000000000e+00
9.84755054221601054e-19 0.00000000000000000e+00
0.00000000000000000e+00 0.00000000000000000e+00
-8.94027952483849687e-20 0.00000000000000000e+00
-3.42184104810017199e-19 0.00000000000000000e+00
0.00000000000000000e+00 0.00000000000000000e+00
0.00000000000000000e+00 0.00000000000000000e+00
-1.41900899061030782e-18 0.00000000000000000e+00
5.18604457946221920e-18 0.00000000000000000e+00
0.00000000000000000e+00 0.00000000000000000e+00
-2.51077793702382734e-18 0.00000000000000000e+00
0.00000000000000000e+00 0.00000000000000000e+00
0.00000000000000000e+00 0.00000000000000000e+00
-1.98117865025501262e-18 0.00000000000000000e+00
6.76840176864093384e-18 0.00000000000000000e+00
0.00000000000000000e+00 0.00000000000000000e+00
0.00000000000000000e+00 0.00000000000000000e+00
-6.28390327775234359e-19 0.00000000000000000e+00
0.00000000000000000e+00 0.00000000000000000e+00
-4.87406346750784356e-19 0.00000000000000000e+00
4.37167766775326408e-19 0.00000000000000000e+00
0.00000000000000000e+00 0.00000000000000000e+00
0.00000000000000000e+00 0.00000000000000000e+00
-5.85577788822749706e-19 0.00000000000000000e+00
-3.07984262666942539e-20 0.00000000000000000e+00
0.00000000000000000e+00 0.00000000000000000e+00
-7.83158621030589991e-19 0.00000000000000000e+00
0.00000000000000000e+00 0.00000000000000000e+00
0.00000000000000000e+00 0.00000000000000000e+00
-1.91365626653590956e-18 0.00000000000000000e+00
0.00000000000000000e+00 0.00000000000000000e+00
1.21797084054326051e-19 0.00000000000000000e+00
-1.08185726802813531e-18 0.00000000000000000e+00
0.00000000000000000e+00 0.00000000000000000e+00
-2.46514455764889485e-18 0.00000000000000000e+00
0.00000000000000000e+00 0.00000000000000000e+00
0.00000000000000000e+00 0.00000000000000000e+00
4.39636889799276870e-19 0.00000000000000000e+00
-5.05437793648599801e-18 0.00000000000000000e+00
0.00000000000000000e+00 0.00000000000000000e+00
0.00000000000000000e+00 0.00000000000000000e+00
1.65540990251865142e-18 0.00000000000000000e+00
0.00000000000000000e+00 0.00000000000000000e+00
-8.48715324475242204e-19 0.00000000000000000e+00
-2.47099617973937787e-18 0.00000000000000000e+00
0.00000000000000000e+00 0.00000000000000000e+00
-4.08217084056517969e-17 0.00000000000000000e+00
0.00000000000000000e+00 0.00000000000000000e+00
0.00000000000000000e+00 0.00000000000000000e+00
5.26704391885209780e-19 0.00000000000000000e+00
0.00000000000000000e+00 0.00000000000000000e+00
-6.13026846746156960e-19 0.00000000000000000e+00
-1.91721567605502961e-18 0.00000000000000000e+00
0.00000000000000000e+00 0.00000000000000000e+00
0.00000000000000000e+00 0.00000000000000000e+00
-1.31450365736508321e-18 0.00000000000000000e+00
-3.25006928680514883e-18 0.00000000000000000e+00
0.00000000000000000e+00 0.00000000000000000e+00
-5.13946370932594794e-18 0.00000000000000000e+00
0.00000000000000000e+00 0.00000000000000000e+00
0.00000000000000000e+00 0.00000000000000000e+00
-6.00034851311696763e-19 0.00000000000000000e+00
0.00000000000000000e+00 0.00000000000000000e+00
-3.82233586419250563e-19 0.00000000000000000e+00
-1.52291365944053997e-18 0.00000000000000000e+00
0.00000000000000000e+00 0.00000000000000000e+00
-2.82563918513707505e-19 0.00000000000000000e+00
0.00000000000000000e+00 0.00000000000000000e+00
0.00000000000000000e+00 0.00000000000000000e+00
8.88969818349470492e-19 0.00000000000000000e+00
8.47454401893919886e-19 0.00000000000000000e+00
0.00000000000000000e+00 0.00000000000000000e+00
0.00000000000000000e+00 0.00000000000000000e+00
2.83953667763567416e-19 0.00000000000000000e+00
0.00000000000000000e+00 0.00000000000000000e+00
8.83897394366839041e-19 0.00000000000000000e+00
4.38257168213531438e-18 0.00000000000000000e+00
0.00000000000000000e+00 0.00000000000000000e+00
0.00000000000000000e+00 0.00000000000000000e+00
-3.15846842817574970e-18 0.00000000000000000e+00
-6.02812273526877099e-18 0.00000000000000000e+00
0.00000000000000000e+00 0.00000000000000000e+00
1.37734097039582882e-18 0.00000000000000000e+00
0.00000000000000000e+00 0.00000000000000000e+00
0.00000000000000000e+00 0.00000000000000000e+00
1.54153209906585469e-18 0.00000000000000000e+00
-3.48392748593894423e-18 0.00000000000000000e+00
0.00000000000000000e+00 0.00000000000000000e+00
0.00000000000000000e+00 0.00000000000000000e+00
1.81938082217905209e-18 0.00000000000000000e+00
0.00000000000000000e+00 0.00000000000000000e+00
1.91454315641748144e-18 0.00000000000000000e+00
7.06683624016459417e-19 0.00000000000000000e+00
0.00000000000000000e+00 0.00000000000000000e+00
-1.04499451632158988e-17 0.00000000000000000e+00
0.00000000000000000e+00 0.00000000000000000e+00
0.00000000000000000e+00 0.00000000000000000e+00
2.43150411682426660e-19 0.00000000000000000e+00
0.00000000000000000e+00 0.00000000000000000e+00
-4.22802806017142188e-19 0.00000000000000000e+00
2.22754650788447631e-18 0.00000000000000000e+00
0.00000000000000000e+00 0.00000000000000000e+00
0.00000000000000000e+00 0.00000000000000000e+00
-2.09938713563198533e-19 0.00000000000000000e+00
9.84963472873422200e-19 0.00000000000000000e+00
0.00000000000000000e+00 0.00000000000000000e+00
-2.47875294264132893e-18 0.00000000000000000e+00
0.00000000000000000e+00 0.00000000000000000e+00
0.00000000000000000e+00 0.00000000000000000e+00
8.47431789980329177e-19 0.00000000000000000e+00
0.00000000000000000e+00 0.00000000000000000e+00
4.16010180889950160e-18 0.00000000000000000e+00
-2.62400149182011802e-18 0.00000000000000000e+00
0.00000000000000000e+00 0.00000000000000000e+00
-2.44241928446468318e-18 0.00000000000000000e+00
0.00000000000000000e+00 0.00000000000000000e+00
0.00000000000000000e+00 0.00000000000000000e+00
-1.38153282329184636e-18 0.00000000000000000e+00
5.56951071738779150e-18 0.00000000000000000e+00
0.00000000000000000e+00 0.00000000000000000e+00
0.00000000000000000e+00 0.00000000000000000e+00
1.72540145965085662e-18 0.00000000000000000e+00
0.00000000000000000e+00 0.00000000000000000e+00
-2.55115182210832436e-18 0.00000000000000000e+00
-2.75241991198176323e-18 0.00000000000000000e+00
0.00000000000000000e+00 0.00000000000000000e+00
5.89479174324973438e-18 0.00000000000000000e+00
0.00000000000000000e+00 0.00000000000000000e+00
0.00000000000000000e+00 0.00000000000000000e+00
6.10786031472107956e-19 0.00000000000000000e+00
0.00000000000000000e+00 0.00000000000000000e+00
2.29384442260607843e-20 0.00000000000000000e+00
-6.91502586827225049e-19 0.00000000000000000e+00
0.00000000000000000e+00 0.00000000000000000e+00
0.00000000000000000e+00 0.00000000000000000e+00
-4.58784311048758121e-19 0.00000000000000000e+00
1.26886554537640674e-19 0.00000000000000000e+00
0.00000000000000000e+00 0.00000000000000000e+00
-2.38518803912505758e-18 0.00000000000000000e+00
0.00000000000000000e+00 0.00000000000000000e+00
0.00000000000000000e+00 0.00000000000000000e+00
-1.02875802337714351e-18 0.00000000000000000e+00
-6.99006991413960590e-18 0.00000000000000000e+00
0.00000000000000000e+00 0.00000000000000000e+00
0.00000000000000000e+00 0.00000000000000000e+00
1.17385348341153566e-18 0.00000000000000000e+00
0.00000000000000000e+00 0.00000000000000000e+00
2.30954418916817149e-19 0.00000000000000000e+00
-8.86290934330276908e-19 0.00000000000000000e+00
0.00000000000000000e+00 0.00000000000000000e+00
0.00000000000000000e+00 0.00000000000000000e+00
-1.19535534408752635e-18 0.00000000000000000e+00
-2.71642677832722674e-18 0.00000000000000000e+00
0.00000000000000000e+00 0.00000000000000000e+00
6.24010908962243743e-19 0.00000000000000000e+00
0.00000000000000000e+00 0.00000000000000000e+00
0.00000000000000000e+00 0.00000000000000000e+00
-6.53691319817519344e-19 0.00000000000000000e+00
0.00000000000000000e+00 0.00000000000000000e+00
1.30023167630957459e-18 0.00000000000000000e+00
1.09361264202255744e-18 0.00000000000000000e+00
0.00000000000000000e+00 0.00000000000000000e+00
1.84749313127729794e-18 0.00000000000000000e+00
0.00000000000000000e+00 0.00000000000000000e+00
0.00000000000000000e+00 0.00000000000000000e+00
-2.28572779734186273e-19 0.00000000000000000e+00
1.12277276089863988e-18 0.00000000000000000e+00
0.00000000000000000e+00 0.00000000000000000e+00
0.00000000000000000e+00 0.00000000000000000e+00
2.10826653022326922e-18 0.00000000000000000e+00
0.00000000000000000e+00 0.00000000000000000e+00
1.02672493946383181e-18 0.00000000000000000e+00
-4.49670144710498751e-18 0.00000000000000000e+00
0.00000000000000000e+00 0.00000000000000000e+00
0.00000000000000000e+00 0.00000000000000000e+00
-5.32927127186067420e-18 0.00000000000000000e+00
3.51024916046234076e-18 0.00000000000000000e+00
0.00000000000000000e+00 0.00000000000000000e+00
-4.78610052618138137e-18 0.00000000000000000e+00
0.00000000000000000e+00 0.00000000000000000e+00
0.00000000000000000e+00 0.00000000000000000e+00
1.50631309977559032e-18 0.00000000000000000e+00
-2.36234683742096405e-17 0.00000000000000000e+00
0.00000000000000000e+00 0.00000000000000000e+00
0.00000000000000000e+00 0.00000000000000000e+00
-2.37343767152471542e-18 0.00000000000000000e+00
0.00000000000000000e+00 0.00000000000000000e+00
5.47995467435211865e-19 0.00000000000000000e+00
1.35396261154193861e-18 0.00000000000000000e+00
0.00000000000000000e+00 0.00000000000000000e+00
-2.02660992367117378e-17 0.00000000000000000e+00
0.00000000000000000e+00 0.00000000000000000e+00
0.00000000000000000e+00 0.00000000000000000e+00
3.72176972289103751e-19 0.00000000000000000e+00
0.00000000000000000e+00 0.00000000000000000e+00
2.78383255160993020e-18 0.00000000000000000e+00
1.75536418520611765e-18 0.00000000000000000e+00
0.00000000000000000e+00 0.00000000000000000e+00
0.00000000000000000e+00 0.00000000000000000e+00
4.70047323664531693e-20 0.00000000000000000e+00
3.90760865555323061e-20 0.00000000000000000e+00
0.00000000000000000e+00 0.00000000000000000e+00
-6.60014585738255870e-18 0.00000000000000000e+00
0.00000000000000000e+00 0.00000000000000000e+00
0.00000000000000000e+00 0.00000000000000000e+00
1.78916023271783157e-18 0.00000000000000000e+00
-7.30819412774181870e-19 0.00000000000000000e+00
0.00000000000000000e+00 0.00000000000000000e+00
0.00000000000000000e+00 0.00000000000000000e+00
7.45050521098178300e-19 0.00000000000000000e+00
0.00000000000000000e+00 0.00000000000000000e+00
6.51353883550991866e-19 0.00000000000000000e+00
8.45786135309719460e-19 0.00000000000000000e+00
0.00000000000000000e+00 0.00000000000000000e+00
0.00000000000000000e+00 0.00000000000000000e+00
2.07675275059776778e-18 0.00000000000000000e+00
-1.50361634202164668e-18 0.00000000000000000e+00
0.00000000000000000e+00 0.00000000000000000e+00
-1.21566782591258234e-18 0.00000000000000000e+00
0.00000000000000000e+00 0.00000000000000000e+00
0.00000000000000000e+00 0.00000000000000000e+00
-5.67726650375767402e-19 0.00000000000000000e+00
0.00000000000000000e+00 0.00000000000000000e+00
9.71105750451539151e-19 0.00000000000000000e+00
7.35623806210959821e-19 0.00000000000000000e+00
0.00000000000000000e+00 0.00000000000000000e+00
1.47077741839958346e-18 0.00000000000000000e+00
0.00000000000000000e+00 0.00000000000000000e+00
0.00000000000000000e+00 0.00000000000000000e+00
1.22811561910465922e-18 0.00000000000000000e+00
-3.29630643023855094e-18 0.00000000000000000e+00
0.00000000000000000e+00 0.00000000000000000e+00
0.00000000000000000e+00 0.00000000000000000e+00
-2.19069645507005987e-19 0.00000000000000000e+00
0.00000000000000000e+00 0.00000000000000000e+00
-6.50736039914683435e-19 0.00000000000000000e+00
1.55283178589126089e-18 0.00000000000000000e+00
0.00000000000000000e+00 0.00000000000000000e+00
-1.99773062888331953e-17 0.00000000000000000e+00
0.00000000000000000e+00 0.00000000000000000e+00
0.00000000000000000e+00 0.00000000000000000e+00
-1.86438909527460457e-19 0.00000000000000000e+00
0.00000000000000000e+00 0.00000000000000000e+00
1.62027143274661764e-18 0.00000000000000000e+00
-5.48861092717393013e-19 0.00000000000000000e+00
0.00000000000000000e+00 0.00000000000000000e+00
0.00000000000000000e+00 0.00000000000000000e+00
-6.13656890583485316e-20 0.00000000000000000e+00
2.29259211926392025e-18 0.00000000000000000e+00
0.00000000000000000e+00 0.00000000000000000e+00
-3.17668017172284098e-18 0.00000000000000000e+00
0.00000000000000000e+00 0.00000000000000000e+00
0.00000000000000000e+00 0.00000000000000000e+00
-9.28915889960062664e-19 0.00000000000000000e+00
0.00000000000000000e+00 0.00000000000000000e+00
3.56240600638510369e-19 0.00000000000000000e+00
-7.13697926758831540e-19 0.00000000000000000e+00
0.00000000000000000e+00 0.00000000000000000e+00
5.04205402969745614e-19 0.00000000000000000e+00
0.00000000000000000e+00 0.00000000000000000e+00
0.00000000000000000e+00 0.00000000000000000e+00
9.14148860343951261e-19 0.00000000000000000e+00
-6.27333884889680956e-18 0.00000000000000000e+00
0.00000000000000000e+00 0.00000000000000000e+00
0.00000000000000000e+00 0.00000000000000000e+00
1.27555290233464374e-19 0.00000000000000000e+00
0.00000000000000000e+00 0.00000000000000000e+00
1.15282919738788770e-18 0.00000000000000000e+00
1.26464112754856879e-18 0.00000000000000000e+00
0.00000000000000000e+00 0.00000000000000000e+00
0.00000000000000000e+00 0.00000000000000000e+00
4.44667146386739301e-18 0.00000000000000000e+00
1.88160400601007358e-18 0.00000000000000000e+00
0.00000000000000000e+00 0.00000000000000000e+00
1.91576507005509312e-18 0.00000000000000000e+00
0.00000000000000000e+00 0.00000000000000000e+00
0.00000000000000000e+00 0.00000000000000000e+00
-1.04205799558525703e-19 0.00000000000000000e+00
4.57321711260397453e-18 0.00000000000000000e+00
0.00000000000000000e+00 0.00000000000000000e+00
0.00000000000000000e+00 0.00000000000000000e+00
-2.10821780115569672e-18 0.00000000000000000e+00
0.00000000000000000e+00 0.00000000000000000e+00
-7.98479198268668841e-19 0.00000000000000000e+00
-7.90839613131120425e-19 0.00000000000000000e+00
0.00000000000000000e+00 0.00000000000000000e+00
1.05133234998361999e-18 0.00000000000000000e+00
0.00000000000000000e+00 0.00000000000000000e+00
0.00000000000000000e+00 0.00000000000000000e+00
8.53158677951349747e-20 0.00000000000000000e+00
0.00000000000000000e+00 0.00000000000000000e+00
-4.76529539757564519e-19 0.00000000000000000e+00
2.48035834346468781e-19 0.00000000000000000e+00
0.00000000000000000e+00 0.00000000000000000e+00
0.00000000000000000e+00 0.00000000000000000e+00
1.07328578252690615e-18 0.00000000000000000e+00
1.56308920863735921e-18 0.00000000000000000e+00
0.00000000000000000e+00 0.00000000000000000e+00
-3.56394849017404811e-18 0.00000000000000000e+00
0.00000000000000000e+00 0.00000000000000000e+00
0.00000000000000000e+00 0.00000000000000000e+00
-1.17819806215439659e-18 0.00000000000000000e+00
2.67261241912424397e-01 0.00000000000000000e+00
0.00000000000000000e+00 0.00000000000000000e+00
0.00000000000000000e+00 0.00000000000000000e+00
5.48287081679260454e-20 0.00000000000000000e+00
0.00000000000000000e+00 0.00000000000000000e+00
7.16603921710766797e-19 0.00000000000000000e+00
-1.24204091939540068e-18 0.00000000000000000e+00
0.00000000000000000e+00 0.00000000000000000e+00
0.00000000000000000e+00 0.00000000000000000e+00
6.90069681718895890e-19 0.00000000000000000e+00
-9.28916322725107349e-19 0.00000000000000000e+00
0.00000000000000000e+00 0.00000000000000000e+00
-2.91097030420591693e-18 0.00000000000000000e+00
0.00000000000000000e+00 0.00000000000000000e+00
0.00000000000000000e+00 0.00000000000000000e+00
1.49056923335826120e-18 0.00000000000000000e+00
0.00000000000000000e+00 0.00000000000000000e+00
2.23978296620067061e-19 0.00000000000000000e+00
1.71778186484098880e-18 0.00000000000000000e+00
0.00000000000000000e+00 0.00000000000000000e+00
9.71280942520575567e-19 0.00000000000000000e+00
0.00000000000000000e+00 0.00000000000000000e+00
0.00000000000000000e+00 0.00000000000000000e+00
3.90051707727163733e-19 0.00000000000000000e+00
-2.92807424267902423e-18 0.00000000000000000e+00
0.00000000000000000e+00 0.00000000000000000e+00
0.00000000000000000e+00 0.00000000000000000e+00
2.75224707735415938e-19 0.00000000000000000e+00
0.00000000000000000e+00 0.00000000000000000e+00
-5.25756186595355594e-19 0.00000000000000000e+00
4.58519491846783697e-19 0.00000000000000000e+00
0.00000000000000000e+00 0.00000000000000000e+00
0.00000000000000000e+00 0.00000000000000000e+00
-5.56318446723797388e-21 0.00000000000000000e+00
-2.75501266334662006e-18 0.00000000000000000e+00
0.00000000000000000e+00 0.00000000000000000e+00
1.50399277721755044e-18 0.00000000000000000e+00
0.00000000000000000e+00 0.00000000000000000e+00
0.00000000000000000e+00 0.00000000000000000e+00
5.51348513944925736e-19 0.00000000000000000e+00
-1.10980799008452206e-18 0.00000000000000000e+00
0.00000000000000000e+00 0.00000000000000000e+00
0.00000000000000000e+00 0.00000000000000000e+00
7.71055135431951146e-19 0.00000000000000000e+00
0.00000000000000000e+00 0.00000000000000000e+00
5.93969989087684967e-19 0.00000000000000000e+00
1.12437868067985323e-18 0.00000000000000000e+00
0.00000000000000000e+00 0.00000000000000000e+00
-2.87299665286920620e-18 0.00000000000000000e+00
0.00000000000000000e+00 0.00000000000000000e+00
0.00000000000000000e+00 0.00000000000000000e+00
1.71854337721806170e-19 0.00000000000000000e+00
0.00000000000000000e+00 0.00000000000000000e+00
-1.09193769087337852e-18 0.00000000000000000e+00
-1.17727920353925372e-18 0.00000000000000000e+00
0.00000000000000000e+00 0.00000000000000000e+00
0.00000000000000000e+00 0.00000000000000000e+00
1.08926364864847539e-18 0.00000000000000000e+00
2.38754119879417476e-19 0.00000000000000000e+00
0.00000000000000000e+00 0.00000000000000000e+00
2.47458595920366974e-19 0.00000000000000000e+00
0.00000000000000000e+00 0.00000000000000000e+00
0.00000000000000000e+00 0.00000000000000000e+00
4.26290063385352195e-19 0.00000000000000000e+00
0.00000000000000000e+00 0.00000000000000000e+00
-1.64682834407510136e-18 0.00000000000000000e+00
-5.90082886947724931e-18 0.00000000000000000e+00
0.00000000000000000e+00 0.00000000000000000e+00
2.45569072214354905e-18 0.00000000000000000e+00
0.00000000000000000e+00 0.00000000000000000e+00
0.00000000000000000e+00 0.00000000000000000e+00
-8.29762189629167049e-19 0.00000000000000000e+00
9.69373776857851050e-19 0.00000000000000000e+00
0.00000000000000000e+00 0.00000000000000000e+00
0.00000000000000000e+00 0.00000000000000000e+00
9.06467446772029288e-20 0.00000000000000000e+00
0.00000000000000000e+00 0.00000000000000000e+00
1.34036166533786069e-18 0.00000000000000000e+00
1.20768288121322932e-18 0.00000000000000000e+00
0.00000000000000000e+00 0.00000000000000000e+00
5.18598464996900840e-18 0.00000000000000000e+00
0.00000000000000000e+00 0.00000000000000000e+00
0.00000000000000000e+00 0.00000000000000000e+00
1.66508478128393360e-18 0.00000000000000000e+00
0.00000000000000000e+00 0.00000000000000000e+00
5.73231659953345520e-19 0.00000000000000000e+00
1.12485206442569198e-18 0.00000000000000000e+00
0.00000000000000000e+00 0.00000000000000000e+00
0.00000000000000000e+00 0.00000000000000000e+00
8.25554864237455922e-19 0.00000000000000000e+00
6.07067885221702269e-19 0.00000000000000000e+00
0.00000000000000000e+00 0.00000000000000000e+00
3.45229207227331701e-18 0.00000000000000000e+00
0.00000000000000000e+00 0.00000000000000000e+00
0.00000000000000000e+00 0.00000000000000000e+00
-1.02465323720310025e-18 0.00000000000000000e+00
-2.79079472102810688e-18 0.00000000000000000e+00
0.00000000000000000e+00 0.00000000000000000e+00
0.00000000000000000e+00 0.00000000000000000e+00
3.73731197360316483e-20 0.00000000000000000e+00
0.00000000000000000e+00 0.00000000000000000e+00
6.29790684733951616e-19 0.00000000000000000e+00
-6.27648219242617482e-19 0.00000000000000000e+00
0.00000000000000000e+00 0.00000000000000000e+00
0.00000000000000000e+00 0.00000000000000000e+00
-3.23038214640500142e-19 0.00000000000000000e+00
-3.80872124055579194e-19 0.00000000000000000e+00
0.00000000000000000e+00 0.00000000000000000e+00
-2.96581604239123410e-19 0.00000000000000000e+00
0.00000000000000000e+00 0.00000000000000000e+00
0.00000000000000000e+00 0.00000000000000000e+00
-2.95331586333565090e-19 0.00000000000000000e+00
0.00000000000000000e+00 0.00000000000000000e+00
-7.37221630843099611e-19 0.00000000000000000e+00
-1.53051043857800642e-18 0.00000000000000000e+00
0.00000000000000000e+00 0.00000000000000000e+00
3.25272697548228583e-18 0.00000000000000000e+00
0.00000000000000000e+00 0.00000000000000000e+00
0.00000000000000000e+00 0.00000000000000000e+00
2.41526397982291368e-19 0.00000000000000000e+00
6.19842064056568342e-18 0.00000000000000000e+00
0.00000000000000000e+00 0.00000000000000000e+00
0.00000000000000000e+00 0.00000000000000000e+00
-7.39231179386502585e-19 0.00000000000000000e+00
0.00000000000000000e+00 0.00000000000000000e+00
-4.39370714111487133e-19 0.00000000000000000e+00
9.92770083385646463e-19 0.00000000000000000e+00
0.00000000000000000e+00 0.00000000000000000e+00
0.00000000000000000e+00 0.00000000000000000e+00
1.85266808869557934e-18 0.00000000000000000e+00
2.11162878385479989e-18 0.00000000000000000e+00
0.00000000000000000e+00 0.00000000000000000e+00
-8.23032681106894791e-18 0.00000000000000000e+00
0.00000000000000000e+00 0.00000000000000000e+00
0.00000000000000000e+00 0.00000000000000000e+00
-1.17882577229863374e-18 0.00000000000000000e+00
-3.97546835367746643e-18 0.00000000000000000e+00
0.00000000000000000e+00 0.00000000000000000e+00
0.00000000000000000e+00 0.00000000000000000e+00
3.97209775798816767e-19 0.00000000000000000e+00
0.00000000000000000e+00 0.00000000000000000e+00
-4.54731299845716013e-19 0.00000000000000000e+00
-9.78582861665964641e-19 0.00000000000000000e+00
0.00000000000000000e+00 0.00000000000000000e+00
-7.02474810991237255e-19 0.00000000000000000e+00
0.00000000000000000e+00 0.00000000000000000e+00
0.00000000000000000e+00 0.00000000000000000e+00
7.15265158148586048e-19 0.00000000000000000e+00
0.00000000000000000e+00 0.00000000000000000e+00
-6.09399356334958013e-19 0.00000000000000000e+00
5.94775411503974852e-19 0.00000000000000000e+00
0.00000000000000000e+00 0.00000000000000000e+00
0.00000000000000000e+00 0.00000000000000000e+00
-4.98349793897982145e-19 0.00000000000000000e+00
6.41635590841053383e-19 0.00000000000000000e+00
0.00000000000000000e+00 0.00000000000000000e+00
5.80320032415980426e-19 0.00000000000000000e+00
0.00000000000000000e+00 0.00000000000000000e+00
0.00000000000000000e+00 0.00000000000000000e+00
6.91978600367405212e-19 0.00000000000000000e+00
4.31393946096229269e-18 0.00000000000000000e+00
0.00000000000000000e+00 0.00000000000000000e+00
0.00000000000000000e+00 0.00000000000000000e+00
-4.62747298407085310e-19 0.00000000000000000e+00
0.00000000000000000e+00 0.00000000000000000e+00
-5.81900352760725014e-19 0.00000000000000000e+00
2.96977599549484999e-19 0.00000000000000000e+00
0.00000000000000000e+00 0.00000000000000000e+00
0.00000000000000000e+00 0.00000000000000000e+00
-2.35184535779223751e-19 0.00000000000000000e+00
1.47052448575525800e-18 0.00000000000000000e+00
0.00000000000000000e+00 0.00000000000000000e+00
-1.96634616849294776e-19 0.00000000000000000e+00
0.00000000000000000e+00 0.00000000000000000e+00
0.00000000000000000e+00 0.00000000000000000e+00
5.05082249262740740e-19 0.00000000000000000e+00
0.00000000000000000e+00 0.00000000000000000e+00
-6.01722025565529200e-19 0.00000000000000000e+00
2.51237853859962037e-19 0.00000000000000000e+00
0.00000000000000000e+00 0.00000000000000000e+00
8.57642853491575184e-20 0.00000000000000000e+00
0.00000000000000000e+00 0.00000000000000000e+00
0.00000000000000000e+00 0.00000000000000000e+00
5.15962471008378161e-19 0.00000000000000000e+00
-4.32908579364726710e-18 0.00000000000000000e+00
0.00000000000000000e+00 0.00000000000000000e+00
0.00000000000000000e+00 0.00000000000000000e+00
2.13759316215790890e-19 0.00000000000000000e+00
0.00000000000000000e+00 0.00000000000000000e+00
-7.58837517266301539e-19 0.00000000000000000e+00
7.47063675795154759e-19 0.00000000000000000e+00
0.00000000000000000e+00 0.00000000000000000e+00
-6.01590302152331847e-18 0.00000000000000000e+00
0.00000000000000000e+00 0.00000000000000000e+00
0.00000000000000000e+00 0.00000000000000000e+00
2.15715739686956542e-20 0.00000000000000000e+00
0.00000000000000000e+00 0.00000000000000000e+00
-1.45147634358353584e-19 0.00000000000000000e+00
-1.26687700406703599e-19 0.00000000000000000e+00
0.00000000000000000e+00 0.00000000000000000e+00
0.00000000000000000e+00 0.00000000000000000e+00
1.18087355897516101e-19 0.00000000000000000e+00
-8.76505951530998808e-19 0.00000000000000000e+00
0.00000000000000000e+00 0.00000000000000000e+00
3.10657213084214356e-19 0.00000000000000000e+00
0.00000000000000000e+00 0.00000000000000000e+00
0.00000000000000000e+00 0.00000000000000000e+00
3.01491703905126163e-19 0.00000000000000000e+00
0.00000000000000000e+00 0.00000000000000000e+00
3.13289113533039558e-19 0.00000000000000000e+00
-2.70727484005607767e-19 0.00000000000000000e+00
0.00000000000000000e+00 0.00000000000000000e+00
-1.46302142790193097e-18 0.00000000000000000e+00
0.00000000000000000e+00 0.00000000000000000e+00
0.00000000000000000e+00 0.00000000000000000e+00
9.75050065649853352e-19 0.00000000000000000e+00
1.37177185755067045e-19 0.00000000000000000e+00
0.00000000000000000e+00 0.00000000000000000e+00
0.00000000000000000e+00 0.00000000000000000e+00
-2.11185986193762185e-19 0.00000000000000000e+00
0.00000000000000000e+00 0.00000000000000000e+00
8.06889785572436554e-19 0.00000000000000000e+00
-9.12673558536690847e-19 0.00000000000000000e+00
0.00000000000000000e+00 0.00000000000000000e+00
0.00000000000000000e+00 0.00000000000000000e+00
1.50163367145548650e-18 0.00000000000000000e+00
3.33362274440490175e-18 0.00000000000000000e+00
0.00000000000000000e+00 0.00000000000000000e+00
2.78249862191608862e-18 0.00000000000000000e+00
0.00000000000000000e+00 0.00000000000000000e+00
0.00000000000000000e+00 0.00000000000000000e+00
-2.33118535196945353e-18 0.00000000000000000e+00
1.10482435808490698e-18 0.00000000000000000e+00
0.00000000000000000e+00 0.00000000000000000e+00
0.00000000000000000e+00 0.00000000000000000e+00
9.59633187006474632e-19 0.00000000000000000e+00
0.00000000000000000e+00 0.00000000000000000e+00
-2.43659512192814604e-18 0.00000000000000000e+00
2.51612643156639602e-18 0.00000000000000000e+00
0.00000000000000000e+00 0.00000000000000000e+00
3.02762877230495755e-18 0.00000000000000000e+00
0.00000000000000000e+00 0.00000000000000000e+00
0.00000000000000000e+00 0.00000000000000000e+00
-3.94059967348947288e-19 0.00000000000000000e+00
0.00000000000000000e+00 0.00000000000000000e+00
7.09756932988482432e-19 0.00000000000000000e+00
1.50379641476207005e-18 0.00000000000000000e+00
0.00000000000000000e+00 0.00000000000000000e+00
0.00000000000000000e+00 0.00000000000000000e+00
-3.09659356905357860e-18 0.00000000000000000e+00
-2.37781592464254792e-18 0.00000000000000000e+00
0.00000000000000000e+00 0.00000000000000000e+00
-1.44036428171699797e-18 0.00000000000000000e+00
0.00000000000000000e+00 0.00000000000000000e+00
0.00000000000000000e+00 0.00000000000000000e+00
-4.83801138972677703e-19 0.00000000000000000e+00
0.00000000000000000e+00 0.00000000000000000e+00
-2.15468627467982846e-18 0.00000000000000000e+00
4.33393789275912107e-19 0.00000000000000000e+00
0.00000000000000000e+00 0.00000000000000000e+00
-7.60100012851611019e-19 0.00000000000000000e+00
0.00000000000000000e+00 0.00000000000000000e+00
0.00000000000000000e+00 0.00000000000000000e+00
8.80316826479302436e-19 0.00000000000000000e+00
1.39747532747142644e-18 0.00000000000000000e+00
0.00000000000000000e+00 0.00000000000000000e+00
0.00000000000000000e+00 0.00000000000000000e+00
9.15615167975468769e-19 0.00000000000000000e+00
0.00000000000000000e+00 0.00000000000000000e+00
-9.23110152945307232e-19 0.00000000000000000e+00
-2.07186164419363350e-18 0.00000000000000000e+00
0.00000000000000000e+00 0.00000000000000000e+00
-7.90863042818619481e-18 0.00000000000000000e+00
0.00000000000000000e+00 0.00000000000000000e+00
0.00000000000000000e+00 0.00000000000000000e+00
4.99367580606746757e-19 0.00000000000000000e+00
0.00000000000000000e+00 0.00000000000000000e+00
-3.67096729573259653e-19 0.00000000000000000e+00
-2.30946203153554667e-18 0.00000000000000000e+00
0.00000000000000000e+00 0.00000000000000000e+00
0.00000000000000000e+00 0.00000000000000000e+00
1.37158645130236459e-19 0.00000000000000000e+00
9.87277156998264197e-19 0.00000000000000000e+00
0.00000000000000000e+00 0.00000000000000000e+00
-6.15281923156165704e-18 0.00000000000000000e+00
0.00000000000000000e+00 0.00000000000000000e+00
0.00000000000000000e+00 0.00000000000000000e+00
-1.23618753628482903e-18 0.00000000000000000e+00
-1.30944102179293177e-17 0.00000000000000000e+00
0.00000000000000000e+00 0.00000000000000000e+00
0.00000000000000000e+00 0.00000000000000000e+00
7.18777848128241544e-19 0.00000000000000000e+00
0.00000000000000000e+00 0.00000000000000000e+00
-5.25731614906528368e-19 0.00000000000000000e+00
-1.10284192610644002e-18 0.00000000000000000e+00
0.00000000000000000e+00 0.00000000000000000e+00
0.00000000000000000e+00 0.00000000000000000e+00
1.91629420315232502e-18 0.00000000000000000e+00
-1.62356383965088735e-18 0.00000000000000000e+00
0.00000000000000000e+00 0.00000000000000000e+00
9.31444931544191481e-19 0.00000000000000000e+00
0.00000000000000000e+00 0.00000000000000000e+00
0.00000000000000000e+00 0.00000000000000000e+00
-1.25216542493334697e-19 0.00000000000000000e+00
0.00000000000000000e+00 0.00000000000000000e+00
-2.19718378786893417e-19 0.00000000000000000e+00
5.40066522020271882e-19 0.00000000000000000e+00
0.00000000000000000e+00 0.00000000000000000e+00
-2.90839127090651680e-18 0.00000000000000000e+00
0.00000000000000000e+00 0.00000000000000000e+00
0.00000000000000000e+00 0.00000000000000000e+00
9.23233801953459506e-19 0.00000000000000000e+00
-4.03324998821506027e-18 0.00000000000000000e+00
0.00000000000000000e+00 0.00000000000000000e+00
0.00000000000000000e+00 0.00000000000000000e+00
6.64190435144941997e-19 0.00000000000000000e+00
0.00000000000000000e+00 0.00000000000000000e+00
-1.79502293379995843e-18 0.00000000000000000e+00
1.28565563730848073e-19 0.00000000000000000e+00
0.00000000000000000e+00 0.00000000000000000e+00
-1.84588204686881046e-18 0.00000000000000000e+00
0.00000000000000000e+00 0.00000000000000000e+00
0.00000000000000000e+00 0.00000000000000000e+00
1.11902060413632322e-18 0.00000000000000000e+00
0.00000000000000000e+00 0.00000000000000000e+00
1.78900337321981472e-19 0.00000000000000000e+00
2.05160220007634990e-19 0.00000000000000000e+00
0.00000000000000000e+00 0.00000000000000000e+00
0.00000000000000000e+00 0.00000000000000000e+00
9.22150299895998077e-19 0.00000000000000000e+00
-2.13495920151008122e-19 0.00000000000000000e+00
0.00000000000000000e+00 0.00000000000000000e+00
-4.87410803080434492e-19 0.00000000000000000e+00
0.00000000000000000e+00 0.00000000000000000e+00
0.00000000000000000e+00 0.00000000000000000e+00
-6.81111130675812074e-19 0.00000000000000000e+00
0.00000000000000000e+00 0.00000000000000000e+00
3.71511943938961636e-19 0.00000000000000000e+00
-1.27204652404747163e-18 0.00000000000000000e+00
0.00000000000000000e+00 0.00000000000000000e+00
1.34366597112969505e-18 0.00000000000000000e+00
0.00000000000000000e+00 0.00000000000000000e+00
0.00000000000000000e+00 0.00000000000000000e+00
8.31593966509685899e-20 0.00000000000000000e+00
1.34382606176785852e-18 0.00000000000000000e+00
0.00000000000000000e+00 0.00000000000000000e+00
0.00000000000000000e+00 0.00000000000000000e+00
5.26147341719825424e-19 0.00000000000000000e+00
0.00000000000000000e+00 0.00000000000000000e+00
-1.38674367412760978e-18 0.00000000000000000e+00
-2.51147112564440896e-18 0.00000000000000000e+00
0.00000000000000000e+00 0.00000000000000000e+00
0.00000000000000000e+00 0.00000000000000000e+00
8.91025079109822571e-19 0.00000000000000000e+00
-1.24153949836637140e-18 0.00000000000000000e+00
0.00000000000000000e+00 0.00000000000000000e+00
-6.07543176999920201e-18 0.00000000000000000e+00
0.00000000000000000e+00 0.00000000000000000e+00
0.00000000000000000e+00 0.00000000000000000e+00
-4.08691176593036520e-19 0.00000000000000000e+00
3.61281240363001219e-18 0.00000000000000000e+00
0.00000000000000000e+00 0.00000000000000000e+00
0.00000000000000000e+00 0.00000000000000000e+00
9.52939377465226140e-19 0.00000000000000000e+00
0.00000000000000000e+00 0.00000000000000000e+00
-1.08313302271075552e-18 0.00000000000000000e+00
-9.85952084020552275e-19 0.00000000000000000e+00
0.00000000000000000e+00 0.00000000000000000e+00
-2.57159940828912667e-18 0.00000000000000000e+00
0.00000000000000000e+00 0.00000000000000000e+00
0.00000000000000000e+00 0.00000000000000000e+00
-5.92380655365600527e-19 0.00000000000000000e+00
0.00000000000000000e+00 0.00000000000000000e+00
-1.54753579405734030e-18 0.00000000000000000e+00
-2.44291899655514928e-19 0.00000000000000000e+00
0.00000000000000000e+00 0.00000000000000000e+00
0.00000000000000000e+00 0.00000000000000000e+00
8.76005768904123954e-19 0.00000000000000000e+00
-1.97414799449813913e-18 0.00000000000000000e+00
0.00000000000000000e+00 0.00000000000000000e+00
-2.38546520929893129e-18 0.00000000000000000e+00
0.00000000000000000e+00 0.00000000000000000e+00
0.00000000000000000e+00 0.00000000000000000e+00
1.99670045572362707e-19 0.00000000000000000e+00
-7.49392848218155866e-18 0.00000000000000000e+00
0.00000000000000000e+00 0.00000000000000000e+00
0.00000000000000000e+00 0.00000000000000000e+00
1.92011589137196265e-18 0.00000000000000000e+00
0.00000000000000000e+00 0.00000000000000000e+00
4.34597683738914442e-19 0.00000000000000000e+00
4.21035959930723174e-19 0.00000000000000000e+00
0.00000000000000000e+00 0.00000000000000000e+00
0.00000000000000000e+00 0.00000000000000000e+00
4.87164561160164301e-19 0.00000000000000000e+00
-1.56331581556748301e-18 0.00000000000000000e+00
0.00000000000000000e+00 0.00000000000000000e+00
-1.73580087895194642e-18 0.00000000000000000e+00
0.00000000000000000e+00 0.00000000000000000e+00
0.00000000000000000e+00 0.00000000000000000e+00
-7.57407426651346633e-20 0.00000000000000000e+00
0.00000000000000000e+00 0.00000000000000000e+00
4.85177015839025132e-19 0.00000000000000000e+00
-1.69016357876852229e-18 0.00000000000000000e+00
0.00000000000000000e+00 0.00000000000000000e+00
-5.33894252896225873e-18 0.00000000000000000e+00
0.00000000000000000e+00 0.00000000000000000e+00
0.00000000000000000e+00 0.00000000000000000e+00
-3.49897108186776242e-19 0.00000000000000000e+00
2.97280074891307265e-18 0.00000000000000000e+00
0.00000000000000000e+00 0.00000000000000000e+00
0.00000000000000000e+00 0.00000000000000000e+00
-2.71617335105955202e-19 0.00000000000000000e+00
0.00000000000000000e+00 0.00000000000000000e+00
-1.10414170452049556e-18 0.00000000000000000e+00
-1.32149808586847257e-18 0.00000000000000000e+00
0.00000000000000000e+00 0.00000000000000000e+00
0.00000000000000000e+00 0.00000000000000000e+00
-1.04786315443727810e-18 0.00000000000000000e+00
-3.20315010838723945e-18 0.00000000000000000e+00
0.00000000000000000e+00 0.00000000000000000e+00
-2.46633497341770629e-18 0.00000000000000000e+00
0.00000000000000000e+00 0.00000000000000000e+00
0.00000000000000000e+00 0.00000000000000000e+00
-9.15076406373847752e-19 0.00000000000000000e+00
3.29892480097169530e-19 0.00000000000000000e+00
0.00000000000000000e+00 0.00000000000000000e+00
0.00000000000000000e+00 0.00000000000000000e+00
8.01119944877058668e-19 0.00000000000000000e+00
0.00000000000000000e+00 0.00000000000000000e+00
-3.77343660683628328e-20 0.00000000000000000e+00
2.37094237009517851e-18 0.00000000000000000e+00
0.00000000000000000e+00 0.00000000000000000e+00
4.89978600354925991e-19 0.00000000000000000e+00
0.00000000000000000e+00 0.00000000000000000e+00
0.00000000000000000e+00 0.00000000000000000e+00
-2.53816761734393073e-19 0.00000000000000000e+00
0.00000000000000000e+00 0.00000000000000000e+00
-7.27155772196030996e-19 0.00000000000000000e+00
1.00883649126963979e-19 0.00000000000000000e+00
0.00000000000000000e+00 0.00000000000000000e+00
0.00000000000000000e+00 0.00000000000000000e+00
-1.06900547894867442e-18 0.00000000000000000e+00
1.60094253629594144e-18 0.00000000000000000e+00
0.00000000000000000e+00 0.00000000000000000e+00
3.78311682596122099e-18 0.00000000000000000e+00
0.00000000000000000e+00 0.00000000000000000e+00
0.00000000000000000e+00 0.00000000000000000e+00
7.85568200233923609e-19 0.00000000000000000e+00
0.00000000000000000e+00 0.00000000000000000e+00
6.85466653644584413e-18 0.00000000000000000e+00
6.70100345123620476e-18 0.00000000000000000e+00
0.00000000000000000e+00 0.00000000000000000e+00
9.85565308474156360e-18 0.00000000000000000e+00
0.00000000000000000e+00 0.00000000000000000e+00
0.00000000000000000e+00 0.00000000000000000e+00
1.07600182411251273e-18 0.00000000000000000e+00
-7.17758171737805346e-19 0.00000000000000000e+00
0.00000000000000000e+00 0.00000000000000000e+00
0.00000000000000000e+00 0.00000000000000000e+00
4.36146154297577430e-19 0.00000000000000000e+00
0.00000000000000000e+00 0.00000000000000000e+00
1.83020559213226070e-19 0.00000000000000000e+00
-4.00613700341472748e-19 0.00000000000000000e+00
0.00000000000000000e+00 0.00000000000000000e+00
-1.01086405786628715e-18 0.00000000000000000e+00
0.00000000000000000e+00 0.00000000000000000e+00
0.00000000000000000e+00 0.00000000000000000e+00
-5.55318032969656542e-19 0.00000000000000000e+00
0.00000000000000000e+00 0.00000000000000000e+00
3.62481433362960931e-19 0.00000000000000000e+00
-2.12825625168227039e-18 0.00000000000000000e+00
0.00000000000000000e+00 0.00000000000000000e+00
0.00000000000000000e+00 0.00000000000000000e+00
6.56827270249015514e-19 0.00000000000000000e+00
-1.62969719824388783e-18 0.00000000000000000e+00
0.00000000000000000e+00 0.00000000000000000e+00
-2.94554523810796355e-18 0.00000000000000000e+00
0.00000000000000000e+00 0.00000000000000000e+00
0.00000000000000000e+00 0.00000000000000000e+00
-1.55261251311129146e-19 0.00000000000000000e+00
-2.54107181401546506e-19 0.00000000000000000e+00
0.00000000000000000e+00 0.00000000000000000e+00
0.00000000000000000e+00 0.00000000000000000e+00
-1.98772466926401706e-19 0.00000000000000000e+00
0.00000000000000000e+00 0.00000000000000000e+00
5.71729826613255939e-19 0.00000000000000000e+00
1.50843901766801931e-18 0.00000000000000000e+00
0.00000000000000000e+00 0.00000000000000000e+00
0.00000000000000000e+00 0.00000000000000000e+00
7.39130643954760933e-20 0.00000000000000000e+00
1.70633035599136200e-18 0.00000000000000000e+00
0.00000000000000000e+00 0.00000000000000000e+00
-9.33797740306383339e-19 0.00000000000000000e+00
0.00000000000000000e+00 0.00000000000000000e+00
0.00000000000000000e+00 0.00000000000000000e+00
1.32318498896198904e-19 0.00000000000000000e+00
0.00000000000000000e+00 0.00000000000000000e+00
4.94699853435405860e-19 0.00000000000000000e+00
-2.17219918908522850e-18 0.00000000000000000e+00
0.00000000000000000e+00 0.00000000000000000e+00
2.57907564679774114e-18 0.00000000000000000e+00
0.00000000000000000e+00 0.00000000000000000e+00
0.00000000000000000e+00 0.00000000000000000e+00
-5.68659966199214844e-19 0.00000000000000000e+00
-3.08162053684724476e-18 0.00000000000000000e+00
0.00000000000000000e+00 0.00000000000000000e+00
0.00000000000000000e+00 0.00000000000000000e+00
3.22275088351265138e-19 0.00000000000000000e+00
0.00000000000000000e+00 0.00000000000000000e+00
3.42504907180121193e-19 0.00000000000000000e+00
-4.25603267589932704e-18 0.00000000000000000e+00
0.00000000000000000e+00 0.00000000000000000e+00
0.00000000000000000e+00 0.00000000000000000e+00
-4.27343317967827984e-18 0.00000000000000000e+00
1.06029782942824057e-18 0.00000000000000000e+00
0.00000000000000000e+00 0.00000000000000000e+00
-4.45656784492821392e-18 0.00000000000000000e+00
0.00000000000000000e+00 0.00000000000000000e+00
0.00000000000000000e+00 0.00000000000000000e+00
1.27314972271399382e-18 0.00000000000000000e+00
1.11668490798800146e-18 0.00000000000000000e+00
0.00000000000000000e+00 0.00000000000000000e+00
0.00000000000000000e+00 0.00000000000000000e+00
7.85438580462261533e-19 0.00000000000000000e+00
0.00000000000000000e+00 0.00000000000000000e+00
-5.23469788256877029e-19 0.00000000000000000e+00
4.60155800828118014e-19 0.00000000000000000e+00
0.00000000000000000e+00 0.00000000000000000e+00
2.41085717796281689e-18 0.00000000000000000e+00
0.00000000000000000e+00 0.00000000000000000e+00
0.00000000000000000e+00 0.00000000000000000e+00
6.41921277330859569e-19 0.00000000000000000e+00
0.00000000000000000e+00 0.00000000000000000e+00
-2.28344562303518773e-19 0.00000000000000000e+00
-3.57624179947007897e-19 0.00000000000000000e+00
0.00000000000000000e+00 0.00000000000000000e+00
0.00000000000000000e+00 0.00000000000000000e+00
1.90841901263305592e-19 0.00000000000000000e+00
3.77207486162736222e-19 0.00000000000000000e+00
0.00000000000000000e+00 0.00000000000000000e+00
7.83936443578163912e-20 0.00000000000000000e+00
0.00000000000000000e+00 0.00000000000000000e+00
0.00000000000000000e+00 0.00000000000000000e+00
1.72299606479349357e-18 0.00000000000000000e+00
7.63806989896499273e-18 0.00000000000000000e+00
0.00000000000000000e+00 0.00000000000000000e+00
0.00000000000000000e+00 0.00000000000000000e+00
1.89053445117469244e-18 0.00000000000000000e+00
0.00000000000000000e+00 0.00000000000000000e+00
2.20935832807880726e-18 0.00000000000000000e+00
3.73115401699563144e-18 0.00000000000000000e+00
0.00000000000000000e+00 0.00000000000000000e+00
0.00000000000000000e+00 0.00000000000000000e+00
-2.49084160550675993e-18 0.00000000000000000e+00
-8.25905714496545173e-20 0.00000000000000000e+00
0.00000000000000000e+00 0.00000000000000000e+00
1.28151127796079266e-18 0.00000000000000000e+00
0.00000000000000000e+00 0.00000000000000000e+00
0.00000000000000000e+00 0.00000000000000000e+00
-3.46569015927677062e-19 0.00000000000000000e+00
0.00000000000000000e+00 0.00000000000000000e+00
-2.10004472803548785e-18 0.00000000000000000e+00
-3.30426223039013215e-18 0.00000000000000000e+00
0.00000000000000000e+00 0.00000000000000000e+00
-9.15201126897485289e-19 0.00000000000000000e+00
0.00000000000000000e+00 0.00000000000000000e+00
0.00000000000000000e+00 0.00000000000000000e+00
-8.47033451139132651e-20 0.00000000000000000e+00
-1.37487592450768337e-17 0.00000000000000000e+00
0.00000000000000000e+00 0.00000000000000000e+00
0.00000000000000000e+00 0.00000000000000000e+00
-7.30963741277392098e-19 0.00000000000000000e+00
0.00000000000000000e+00 0.00000000000000000e+00
-1.26111429517450006e-18 0.00000000000000000e+00
7.46797146271663008e-19 0.00000000000000000e+00
0.00000000000000000e+00 0.00000000000000000e+00
1.25944895026477254e-17 0.00000000000000000e+00
0.00000000000000000e+00 0.00000000000000000e+00
0.00000000000000000e+00 0.00000000000000000e+00
-5.91701054035591204e-19 0.00000000000000000e+00
0.00000000000000000e+00 0.00000000000000000e+00
-3.39322650124652081e-20 0.00000000000000000e+00
4.04014864442994678e-19 0.00000000000000000e+00
0.00000000000000000e+00 0.00000000000000000e+00
0.00000000000000000e+00 0.00000000000000000e+00
6.15704696394275598e-19 0.00000000000000000e+00
1.73589295547458825e-18 0.00000000000000000e+00
0.00000000000000000e+00 0.00000000000000000e+00
-2.30770958474278921e-18 0.00000000000000000e+00
0.00000000000000000e+00 0.00000000000000000e+00
0.00000000000000000e+00 0.00000000000000000e+00
-5.34346224573331950e-19 0.00000000000000000e+00
0.00000000000000000e+00 0.00000000000000000e+00
7.22980395062626562e-19 0.00000000000000000e+00
2.34786603001214735e-18 0.00000000000000000e+00
0.00000000000000000e+00 0.00000000000000000e+00
-9.57716459232127513e-19 0.00000000000000000e+00
0.00000000000000000e+00 0.00000000000000000e+00
0.00000000000000000e+00 0.00000000000000000e+00
3.40361733871666692e-18 0.00000000000000000e+00
5.42493905896951486e-18 0.00000000000000000e+00
0.00000000000000000e+00 0.00000000000000000e+00
0.00000000000000000e+00 0.00000000000000000e+00
1.43132990245769312e-19 0.00000000000000000e+00
0.00000000000000000e+00 0.00000000000000000e+00
-2.22837709239546149e-18 0.00000000000000000e+00
4.39599169453552307e-19 0.00000000000000000e+00
0.00000000000000000e+00 0.00000000000000000e+00
0.00000000000000000e+00 0.00000000000000000e+00
4.45762508654156363e-18 0.00000000000000000e+00
-1.29180378414205794e-19 0.00000000000000000e+00
0.00000000000000000e+00 0.00000000000000000e+00
-1.21130272037793276e-18 0.00000000000000000e+00
0.00000000000000000e+00 0.00000000000000000e+00
0.00000000000000000e+00 0.00000000000000000e+00
9.03326910613889213e-19 0.00000000000000000e+00
-9.94774495059166110e-18 0.00000000000000000e+00
0.00000000000000000e+00 0.00000000000000000e+00
0.00000000000000000e+00 0.00000000000000000e+00
5.31634894270496652e-19 0.00000000000000000e+00
0.00000000000000000e+00 0.00000000000000000e+00
2.48580533452283404e-19 0.00000000000000000e+00
-1.79889455351690915e-19 0.00000000000000000e+00
0.00000000000000000e+00 0.00000000000000000e+00
-1.37227572518867831e-17 0.00000000000000000e+00
0.00000000000000000e+00 0.00000000000000000e+00
0.00000000000000000e+00 0.00000000000000000e+00
3.15338269015887974e-19 0.00000000000000000e+00
0.00000000000000000e+00 0.00000000000000000e+00
1.02325589225953548e-19 0.00000000000000000e+00
-3.81653030388653467e-19 0.00000000000000000e+00
0.00000000000000000e+00 0.00000000000000000e+00
0.00000000000000000e+00 0.00000000000000000e+00
-9.74652565662440189e-19 0.00000000000000000e+00
-3.83421195730342456e-18 0.00000000000000000e+00
0.00000000000000000e+00 0.00000000000000000e+00
-1.53849278586861271e-18 0.00000000000000000e+00
0.00000000000000000e+00 0.00000000000000000e+00
0.00000000000000000e+00 0.00000000000000000e+00
-2.02373320048810546e-19 0.00000000000000000e+00
-2.11198590470869545e-17 0.00000000000000000e+00
0.00000000000000000e+00 0.00000000000000000e+00
0.00000000000000000e+00 0.00000000000000000e+00
-6.25234997526963153e-19 0.00000000000000000e+00
0.00000000000000000e+00 0.00000000000000000e+00
4.63352036344540035e-19 0.00000000000000000e+00
1.75518076431816157e-18 0.00000000000000000e+00
0.00000000000000000e+00 0.00000000000000000e+00
0.00000000000000000e+00 0.00000000000000000e+00
-4.24300033401356974e-19 0.00000000000000000e+00
1.46066845154992237e-18 0.00000000000000000e+00
0.00000000000000000e+00 0.00000000000000000e+00
-1.50972021799892954e-18 0.00000000000000000e+00
0.00000000000000000e+00 0.00000000000000000e+00
0.00000000000000000e+00 0.00000000000000000e+00
-4.71132870696791916e-20 0.00000000000000000e+00
0.00000000000000000e+00 0.00000000000000000e+00
-2.86186116003626378e-19 0.00000000000000000e+00
-3.74136882998256888e-18 0.00000000000000000e+00
0.00000000000000000e+00 0.00000000000000000e+00
-1.29487627378567959e-19 0.00000000000000000e+00
0.00000000000000000e+00 0.00000000000000000e+00
0.00000000000000000e+00 0.00000000000000000e+00
-3.12206426299926393e-19 0.00000000000000000e+00
-2.01096023779541784e-18 0.00000000000000000e+00
0.00000000000000000e+00 0.00000000000000000e+00
0.00000000000000000e+00 0.00000000000000000e+00
-5.90158080123515957e-19 0.00000000000000000e+00
0.00000000000000000e+00 0.00000000000000000e+00
-1.10268091480711556e-18 0.00000000000000000e+00
5.05571567245369035e-19 0.00000000000000000e+00
0.00000000000000000e+00 0.00000000000000000e+00
0.00000000000000000e+00 0.00000000000000000e+00
1.16973731330004633e-18 0.00000000000000000e+00
1.56476784140283509e-18 0.00000000000000000e+00
0.00000000000000000e+00 0.00000000000000000e+00
7.61125582184218214e-19 0.00000000000000000e+00
0.00000000000000000e+00 0.00000000000000000e+00
0.00000000000000000e+00 0.00000000000000000e+00
1.17258094395034247e-18 0.00000000000000000e+00
1.21386705298199850e-18 0.00000000000000000e+00
0.00000000000000000e+00 0.00000000000000000e+00
0.00000000000000000e+00 0.00000000000000000e+00
1.26373814458515633e-18 0.00000000000000000e+00
0.00000000000000000e+00 0.00000000000000000e+00
-9.10529072306453129e-20 0.00000000000000000e+00
3.46504538066527628e-18 0.00000000000000000e+00
0.00000000000000000e+00 0.00000000000000000e+00
2.69396442030963581e-18 0.00000000000000000e+00
0.00000000000000000e+00 0.00000000000000000e+00
0.00000000000000000e+00 0.00000000000000000e+00
3.53636762770903100e-19 0.00000000000000000e+00
0.00000000000000000e+00 0.00000000000000000e+00
1.05055269007487965e-18 0.00000000000000000e+00
3.38206298182394934e-18 0.00000000000000000e+00
0.00000000000000000e+00 0.00000000000000000e+00
0.00000000000000000e+00 0.00000000000000000e+00
4.00670848406772356e-19 0.00000000000000000e+00
1.18893034086231905e-18 0.00000000000000000e+00
0.00000000000000000e+00 0.00000000000000000e+00
1.86633002010161322e-18 0.00000000000000000e+00
0.00000000000000000e+00 0.00000000000000000e+00
0.00000000000000000e+00 0.00000000000000000e+00
7.41167055199893943e-19 0.00000000000000000e+00
0.00000000000000000e+00 0.00000000000000000e+00
3.91114270670002143e-18 0.00000000000000000e+00
5.86328627654890962e-19 0.00000000000000000e+00
0.00000000000000000e+00 0.00000000000000000e+00
2.37118365286845690e-18 0.00000000000000000e+00
0.00000000000000000e+00 0.00000000000000000e+00
0.00000000000000000e+00 0.00000000000000000e+00
1.85959701294667023e-19 0.00000000000000000e+00
2.10386292437761269e-18 0.00000000000000000e+00
0.00000000000000000e+00 0.00000000000000000e+00
0.00000000000000000e+00 0.00000000000000000e+00
1.39425289374838033e-18 0.00000000000000000e+00
0.00000000000000000e+00 0.00000000000000000e+00
-1.45048737742433183e-18 0.00000000000000000e+00
-1.73385647723512319e-18 0.00000000000000000e+00
0.00000000000000000e+00 0.00000000000000000e+00
-1.45469190237956105e-18 0.00000000000000000e+00
0.00000000000000000e+00 0.00000000000000000e+00
0.00000000000000000e+00 0.00000000000000000e+00
6.97106046731679556e-19 0.00000000000000000e+00
0.00000000000000000e+00 0.00000000000000000e+00
2.18976770166386242e-19 0.00000000000000000e+00
-7.04253701118955632e-20 0.00000000000000000e+00
0.00000000000000000e+00 0.00000000000000000e+00
0.00000000000000000e+00 0.00000000000000000e+00
4.17051545827181365e-19 0.00000000000000000e+00
3.55395859789811747e-18 0.00000000000000000e+00
0.00000000000000000e+00 0.00000000000000000e+00
5.59822413083628626e-19 0.00000000000000000e+00
0.00000000000000000e+00 0.00000000000000000e+00
0.00000000000000000e+00 0.00000000000000000e+00
-1.08671384024272855e-18 0.00000000000000000e+00
9.60427951816683551e-18 0.00000000000000000e+00
0.00000000000000000e+00 0.00000000000000000e+00
0.00000000000000000e+00 0.00000000000000000e+00
1.13183322252311374e-18 0.00000000000000000e+00
0.00000000000000000e+00 0.00000000000000000e+00
5.90520385785070782e-19 0.00000000000000000e+00
-3.27044380923944168e-20 0.00000000000000000e+00
0.00000000000000000e+00 0.00000000000000000e+00
0.00000000000000000e+00 0.00000000000000000e+00
2.89856415048444497e-19 0.00000000000000000e+00
5.32353632086940486e-19 0.00000000000000000e+00
0.00000000000000000e+00 0.00000000000000000e+00
2.97215990223729245e-18 0.00000000000000000e+00
0.00000000000000000e+00 0.00000000000000000e+00
0.00000000000000000e+00 0.00000000000000000e+00
-5.25629392594764634e-19 0.00000000000000000e+00
0.00000000000000000e+00 0.00000000000000000e+00
2.12306982769602858e-23 0.00000000000000000e+00
1.34786288042640005e-18 0.00000000000000000e+00
0.00000000000000000e+00 0.00000000000000000e+00
-2.76337946738459774e-18 0.00000000000000000e+00
0.00000000000000000e+00 0.00000000000000000e+00
0.00000000000000000e+00 0.00000000000000000e+00
3.23511720401963339e-19 0.00000000000000000e+00
-8.17708236577097619e-18 0.00000000000000000e+00
0.00000000000000000e+00 0.00000000000000000e+00
0.00000000000000000e+00 0.00000000000000000e+00
-1.86996945801435337e-19 0.00000000000000000e+00
0.00000000000000000e+00 0.00000000000000000e+00
1.37546566734669063e-18 0.00000000000000000e+00
-1.02306125728725728e-18 0.00000000000000000e+00
0.00000000000000000e+00 0.00000000000000000e+00
-3.68915502445484999e-17 0.00000000000000000e+00
0.00000000000000000e+00 0.00000000000000000e+00
0.00000000000000000e+00 0.00000000000000000e+00
-6.53397200014565452e-20 0.00000000000000000e+00
0.00000000000000000e+00 0.00000000000000000e+00
-7.73779210687389400e-19 0.00000000000000000e+00
8.82917545901196873e-19 0.00000000000000000e+00
0.00000000000000000e+00 0.00000000000000000e+00
0.00000000000000000e+00 0.00000000000000000e+00
-9.07057650421893021e-19 0.00000000000000000e+00
-1.96420707392835585e-18 0.00000000000000000e+00
0.00000000000000000e+00 0.00000000000000000e+00
-1.40295740524488414e-18 0.00000000000000000e+00
0.00000000000000000e+00 0.00000000000000000e+00
0.00000000000000000e+00 0.00000000000000000e+00
1.37993500592947466e-19 0.00000000000000000e+00
0.00000000000000000e+00 0.00000000000000000e+00
-1.47490620315746254e-18 0.00000000000000000e+00
-3.02484914801660696e-20 0.00000000000000000e+00
0.00000000000000000e+00 0.00000000000000000e+00
2.40412894571501239e-18 0.00000000000000000e+00
0.00000000000000000e+00 0.00000000000000000e+00
0.00000000000000000e+00 0.00000000000000000e+00
-3.13265263301484723e-19 0.00000000000000000e+00
-1.65477561560257468e-18 0.00000000000000000e+00
0.00000000000000000e+00 0.00000000000000000e+00
0.00000000000000000e+00 0.00000000000000000e+00
-2.18545990333874621e-19 0.00000000000000000e+00
0.00000000000000000e+00 0.00000000000000000e+00
5.67147297953812786e-19 0.00000000000000000e+00
1.95807808744140641e-18 0.00000000000000000e+00
0.00000000000000000e+00 0.00000000000000000e+00
0.00000000000000000e+00 0.00000000000000000e+00
-4.59060017947485201e-19 0.00000000000000000e+00
-2.43113292210236452e-20 0.00000000000000000e+00
0.00000000000000000e+00 0.00000000000000000e+00
1.51212906079211055e-18 0.00000000000000000e+00
0.00000000000000000e+00 0.00000000000000000e+00
0.00000000000000000e+00 0.00000000000000000e+00
1.19959549161096967e-18 0.00000000000000000e+00
-8.57894626237779691e-18 0.00000000000000000e+00
0.00000000000000000e+00 0.00000000000000000e+00
0.00000000000000000e+00 0.00000000000000000e+00
-9.14073543576527191e-19 0.00000000000000000e+00
0.00000000000000000e+00 0.00000000000000000e+00
4.21629877789821651e-19 0.00000000000000000e+00
2.00331492200900767e-19 0.00000000000000000e+00
0.00000000000000000e+00 0.00000000000000000e+00
-7.58762983574793345e-19 0.00000000000000000e+00
0.00000000000000000e+00 0.00000000000000000e+00
0.00000000000000000e+00 0.00000000000000000e+00
2.33542744739327101e-19 0.00000000000000000e+00
0.00000000000000000e+00 0.00000000000000000e+00
-2.99982001378028122e-19 0.00000000000000000e+00
-5.30417091316771617e-20 0.00000000000000000e+00
0.00000000000000000e+00 0.00000000000000000e+00
0.00000000000000000e+00 0.00000000000000000e+00
-3.64420065441322958e-19 0.00000000000000000e+00
-8.35198523272286824e-19 0.00000000000000000e+00
0.00000000000000000e+00 0.00000000000000000e+00
2.99067916151435041e-18 0.00000000000000000e+00
0.00000000000000000e+00 0.00000000000000000e+00
0.00000000000000000e+00 0.00000000000000000e+00
-2.21907548610271112e-19 0.00000000000000000e+00
0.00000000000000000e+00 0.00000000000000000e+00
8.59499503800436658e-18 0.00000000000000000e+00
2.65002680552615949e-19 0.00000000000000000e+00
0.00000000000000000e+00 0.00000000000000000e+00
-3.57801455086119711e-18 0.00000000000000000e+00
0.00000000000000000e+00 0.00000000000000000e+00
0.00000000000000000e+00 0.00000000000000000e+00
6.55301059206939779e-19 0.00000000000000000e+00
2.07002917565775728e-18 0.00000000000000000e+00
0.00000000000000000e+00 0.00000000000000000e+00
0.00000000000000000e+00 0.00000000000000000e+00
2.95236656492680985e-19 0.00000000000000000e+00
0.00000000000000000e+00 0.00000000000000000e+00
-3.38945452757131651e-19 0.00000000000000000e+00
4.13035744921592765e-19 0.00000000000000000e+00
0.00000000000000000e+00 0.00000000000000000e+00
-6.06838658072042290e-18 0.00000000000000000e+00
0.00000000000000000e+00 0.00000000000000000e+00
0.00000000000000000e+00 0.00000000000000000e+00
9.17919480235928626e-19 0.00000000000000000e+00
0.00000000000000000e+00 0.00000000000000000e+00
1.40456460108230758e-18 0.00000000000000000e+00
8.41492137146834938e-20 0.00000000000000000e+00
0.00000000000000000e+00 0.00000000000000000e+00
0.00000000000000000e+00 0.00000000000000000e+00
6.38007355956954617e-19 0.00000000000000000e+00
-8.59961839876000142e-19 0.00000000000000000e+00
0.00000000000000000e+00 0.00000000000000000e+00
-5.63351133962323278e-18 0.00000000000000000e+00
0.00000000000000000e+00 0.00000000000000000e+00
0.00000000000000000e+00 0.00000000000000000e+00
9.73379972222991203e-20 0.00000000000000000e+00
4.19485858115040266e-18 0.00000000000000000e+00
0.00000000000000000e+00 0.00000000000000000e+00
0.00000000000000000e+00 0.00000000000000000e+00
9.35562688302493090e-19 0.00000000000000000e+00
0.00000000000000000e+00 0.00000000000000000e+00
6.61269739212659665e-20 0.00000000000000000e+00
3.03559050944046867e-19 0.00000000000000000e+00
0.00000000000000000e+00 0.00000000000000000e+00
0.00000000000000000e+00 0.00000000000000000e+00
-1.15209301078542683e-18 0.00000000000000000e+00
-2.06602795022033449e-18 0.00000000000000000e+00
0.00000000000000000e+00 0.00000000000000000e+00
-1.21652092316611667e-18 0.00000000000000000e+00
0.00000000000000000e+00 0.00000000000000000e+00
0.00000000000000000e+00 0.00000000000000000e+00
-1.55320347865418057e-18 0.00000000000000000e+00
0.00000000000000000e+00 0.00000000000000000e+00
3.00425602459232944e-18 0.00000000000000000e+00
2.71500699472120817e-19 0.00000000000000000e+00
0.00000000000000000e+00 0.00000000000000000e+00
4.17872561191366104e-19 0.00000000000000000e+00
0.00000000000000000e+00 0.00000000000000000e+00
0.00000000000000000e+00 0.00000000000000000e+00
-5.30301194633295612e-19 0.00000000000000000e+00
-9.89396105753441616e-19 0.00000000000000000e+00
0.00000000000000000e+00 0.00000000000000000e+00
0.00000000000000000e+00 0.00000000000000000e+00
-2.68402820244271029e-19 0.00000000000000000e+00
0.00000000000000000e+00 0.00000000000000000e+00
-9.26583114101926243e-20 0.00000000000000000e+00
-8.87012129172289788e-19 0.00000000000000000e+00
0.00000000000000000e+00 0.00000000000000000e+00
0.00000000000000000e+00 0.00000000000000000e+00
3.34599814529611237e-18 0.00000000000000000e+00
2.77540439431624983e-18 0.00000000000000000e+00
0.00000000000000000e+00 0.00000000000000000e+00
-3.38888260820285749e-18 0.00000000000000000e+00
0.00000000000000000e+00 0.00000000000000000e+00
0.00000000000000000e+00 0.00000000000000000e+00
3.20045276456959406e-19 0.00000000000000000e+00
6.43546478930342230e-18 0.00000000000000000e+00
0.00000000000000000e+00 0.00000000000000000e+00
0.00000000000000000e+00 0.00000000000000000e+00
-6.19666532486574792e-19 0.00000000000000000e+00
0.00000000000000000e+00 0.00000000000000000e+00
4.29361357463839945e-20 0.00000000000000000e+00
9.89583715177970144e-19 0.00000000000000000e+00
0.00000000000000000e+00 0.00000000000000000e+00
-1.09097976744663629e-17 0.00000000000000000e+00
0.00000000000000000e+00 0.00000000000000000e+00
0.00000000000000000e+00 0.00000000000000000e+00
5.73517462581933911e-19 0.00000000000000000e+00
0.00000000000000000e+00 0.00000000000000000e+00
-3.83976892027271931e-19 0.00000000000000000e+00
1.01947844595697320e-18 0.00000000000000000e+00
0.00000000000000000e+00 0.00000000000000000e+00
0.00000000000000000e+00 0.00000000000000000e+00
3.07766987787775811e-18 0.00000000000000000e+00
-9.50068113501164213e-19 0.00000000000000000e+00
0.00000000000000000e+00 0.00000000000000000e+00
-1.20520233859534279e-18 0.00000000000000000e+00
0.00000000000000000e+00 0.00000000000000000e+00
0.00000000000000000e+00 0.00000000000000000e+00
6.36177800819830752e-19 0.00000000000000000e+00
1.77512985271455477e-18 0.00000000000000000e+00
0.00000000000000000e+00 0.00000000000000000e+00
0.00000000000000000e+00 0.00000000000000000e+00
1.18494727382224694e-18 0.00000000000000000e+00
0.00000000000000000e+00 0.00000000000000000e+00
1.31407964933276142e-18 0.00000000000000000e+00
2.87732336010502001e-18 0.00000000000000000e+00
0.00000000000000000e+00 0.00000000000000000e+00
0.00000000000000000e+00 0.00000000000000000e+00
1.12082200637324374e-18 0.00000000000000000e+00
1.06323002446470294e-18 0.00000000000000000e+00
0.00000000000000000e+00 0.00000000000000000e+00
2.01228778071512237e-18 0.00000000000000000e+00
0.00000000000000000e+00 0.00000000000000000e+00
0.00000000000000000e+00 0.00000000000000000e+00
-5.61659649625894214e-19 0.00000000000000000e+00
0.00000000000000000e+00 0.00000000000000000e+00
4.12400796470588789e-19 0.00000000000000000e+00
-8.86522976790995338e-19 0.00000000000000000e+00
0.00000000000000000e+00 0.00000000000000000e+00
6.14939573663398528e-18 0.00000000000000000e+00
0.00000000000000000e+00 0.00000000000000000e+00
0.00000000000000000e+00 0.00000000000000000e+00
8.24105369214650011e-19 0.00000000000000000e+00
2.25802299606440393e-18 0.00000000000000000e+00
0.00000000000000000e+00 0.00000000000000000e+00
0.00000000000000000e+00 0.00000000000000000e+00
-1.03939673985348295e-18 0.00000000000000000e+00
0.00000000000000000e+00 0.00000000000000000e+00
-5.56819960478118488e-19 0.00000000000000000e+00
1.16598182472617318e-18 0.00000000000000000e+00
0.00000000000000000e+00 0.00000000000000000e+00
-6.86251529114495195e-18 0.00000000000000000e+00
0.00000000000000000e+00 0.00000000000000000e+00
0.00000000000000000e+00 0.00000000000000000e+00
-2.56603515969581453e-19 0.00000000000000000e+00
0.00000000000000000e+00 0.00000000000000000e+00
-3.77956427057256086e-19 0.00000000000000000e+00
-4.39259933100478392e-19 0.00000000000000000e+00
0.00000000000000000e+00 0.00000000000000000e+00
0.00000000000000000e+00 0.00000000000000000e+00
1.96537951721137334e-18 0.00000000000000000e+00
8.41933581756548069e-19 0.00000000000000000e+00
0.00000000000000000e+00 0.00000000000000000e+00
4.82758581444772889e-19 0.00000000000000000e+00
0.00000000000000000e+00 0.00000000000000000e+00
0.00000000000000000e+00 0.00000000000000000e+00
-1.01844280821506443e-18 0.00000000000000000e+00
0.00000000000000000e+00 0.00000000000000000e+00
2.21388693367371679e-18 0.00000000000000000e+00
-9.67596919511342091e-19 0.00000000000000000e+00
0.00000000000000000e+00 0.00000000000000000e+00
7.72358191177032563e-19 0.00000000000000000e+00
0.00000000000000000e+00 0.00000000000000000e+00
0.00000000000000000e+00 0.00000000000000000e+00
-4.60880748548388899e-19 0.00000000000000000e+00
3.82887615161213559e-18 0.00000000000000000e+00
0.00000000000000000e+00 0.00000000000000000e+00
0.00000000000000000e+00 0.00000000000000000e+00
-4.12068457578476179e-19 0.00000000000000000e+00
0.00000000000000000e+00 0.00000000000000000e+00
-2.98755786023679696e-19 0.00000000000000000e+00
-1.22062428945585884e-18 0.00000000000000000e+00
0.00000000000000000e+00 0.00000000000000000e+00
0.00000000000000000e+00 0.00000000000000000e+00
4.73533984508340710e-18 0.00000000000000000e+00
8.02287164238610576e-19 0.00000000000000000e+00
0.00000000000000000e+00 0.00000000000000000e+00
3.19883874833008145e-18 0.00000000000000000e+00
0.00000000000000000e+00 0.00000000000000000e+00
0.00000000000000000e+00 0.00000000000000000e+00
5.97428295327097097e-19 0.00000000000000000e+00
6.10731668489178153e-19 0.00000000000000000e+00
0.00000000000000000e+00 0.00000000000000000e+00
0.00000000000000000e+00 0.00000000000000000e+00
-7.44835174595345637e-19 0.00000000000000000e+00
0.00000000000000000e+00 0.00000000000000000e+00
1.74736599749100639e-18 0.00000000000000000e+00
2.66484975603511049e-18 0.00000000000000000e+00
0.00000000000000000e+00 0.00000000000000000e+00
-4.47626778995020498e-19 0.00000000000000000e+00
0.00000000000000000e+00 0.00000000000000000e+00
0.00000000000000000e+00 0.00000000000000000e+00
4.02337117549099596e-19 0.00000000000000000e+00
0.00000000000000000e+00 0.00000000000000000e+00
1.55615081875509429e-18 0.00000000000000000e+00
8.64422592151827505e-19 0.00000000000000000e+00
0.00000000000000000e+00 0.00000000000000000e+00
0.00000000000000000e+00 0.00000000000000000e+00
-3.06391525110724437e-19 0.00000000000000000e+00
-8.89743143043611738e-19 0.00000000000000000e+00
0.00000000000000000e+00 0.00000000000000000e+00
3.41100492630382235e-18 0.00000000000000000e+00
0.00000000000000000e+00 0.00000000000000000e+00
0.00000000000000000e+00 0.00000000000000000e+00
1.05896882260621278e-19 0.00000000000000000e+00
0.00000000000000000e+00 0.00000000000000000e+00
-3.17360156519147646e-17 0.00000000000000000e+00
-4.45320893499560815e-17 0.00000000000000000e+00
0.00000000000000000e+00 0.00000000000000000e+00
-3.23463604009830088e-17 0.00000000000000000e+00
0.00000000000000000e+00 0.00000000000000000e+00
0.00000000000000000e+00 0.00000000000000000e+00
6.47698025518987131e-19 0.00000000000000000e+00
-3.59876060224258807e-17 0.00000000000000000e+00
0.00000000000000000e+00 0.00000000000000000e+00
0.00000000000000000e+00 0.00000000000000000e+00
1.94652943773819919e-18 0.00000000000000000e+00
0.00000000000000000e+00 0.00000000000000000e+00
-3.81514613338941123e-20 0.00000000000000000e+00
-6.05913027570197715e-18 0.00000000000000000e+00
0.00000000000000000e+00 0.00000000000000000e+00
-1.97998488553046498e-17 0.00000000000000000e+00
0.00000000000000000e+00 0.00000000000000000e+00
0.00000000000000000e+00 0.00000000000000000e+00
-1.37229335136611147e-18 0.00000000000000000e+00
0.00000000000000000e+00 0.00000000000000000e+00
2.34778332104603313e-19 0.00000000000000000e+00
1.47488471660000876e-18 0.00000000000000000e+00
0.00000000000000000e+00 0.00000000000000000e+00
0.00000000000000000e+00 0.00000000000000000e+00
-2.95246195068352384e-18 0.00000000000000000e+00
-8.50797324398319019e-19 0.00000000000000000e+00
0.00000000000000000e+00 0.00000000000000000e+00
-2.82582382491310541e-18 0.00000000000000000e+00
0.00000000000000000e+00 0.00000000000000000e+00
0.00000000000000000e+00 0.00000000000000000e+00
-2.61532318670472652e-18 0.00000000000000000e+00
-6.70221921421241805e-17 0.00000000000000000e+00
0.00000000000000000e+00 0.00000000000000000e+00
0.00000000000000000e+00 0.00000000000000000e+00
-1.69190420370734914e-18 0.00000000000000000e+00
0.00000000000000000e+00 0.00000000000000000e+00
-1.04377111855529512e-18 0.00000000000000000e+00
-1.64411156620849498e-19 0.00000000000000000e+00
0.00000000000000000e+00 0.00000000000000000e+00
0.00000000000000000e+00 0.00000000000000000e+00
7.43486496393240288e-19 0.00000000000000000e+00
2.29920234116936291e-18 0.00000000000000000e+00
0.00000000000000000e+00 0.00000000000000000e+00
-2.39537347785448713e-18 0.00000000000000000e+00
0.00000000000000000e+00 0.00000000000000000e+00
0.00000000000000000e+00 0.00000000000000000e+00
1.19461872125950372e-20 0.00000000000000000e+00
0.00000000000000000e+00 0.00000000000000000e+00
-2.83400505118668117e-18 0.00000000000000000e+00
1.71139308126666488e-18 0.00000000000000000e+00
0.00000000000000000e+00 0.00000000000000000e+00
3.29479254757349275e-18 0.00000000000000000e+00
0.00000000000000000e+00 0.00000000000000000e+00
0.00000000000000000e+00 0.00000000000000000e+00
-9.55034249713160236e-19 0.00000000000000000e+00
-1.34756336277878488e-18 0.00000000000000000e+00
0.00000000000000000e+00 0.00000000000000000e+00
0.00000000000000000e+00 0.00000000000000000e+00
-1.28431919646054694e-18 0.00000000000000000e+00
0.00000000000000000e+00 0.00000000000000000e+00
-2.54824561056116545e-20 0.00000000000000000e+00
-7.23444721569715723e-19 0.00000000000000000e+00
0.00000000000000000e+00 0.00000000000000000e+00
-5.06465801594225770e-17 0.00000000000000000e+00
0.00000000000000000e+00 0.00000000000000000e+00
0.00000000000000000e+00 0.00000000000000000e+00
-1.37151713477185355e-18 0.00000000000000000e+00
0.00000000000000000e+00 0.00000000000000000e+00
-1.84727940901879342e-18 0.00000000000000000e+00
-5.83214964804977263e-19 0.00000000000000000e+00
0.00000000000000000e+00 0.00000000000000000e+00
0.00000000000000000e+00 0.00000000000000000e+00
-7.69659261838130146e-19 0.00000000000000000e+00
3.85534655161832547e-18 0.00000000000000000e+00
0.00000000000000000e+00 0.00000000000000000e+00
-1.24059252544275173e-18 0.00000000000000000e+00
0.00000000000000000e+00 0.00000000000000000e+00
0.00000000000000000e+00 0.00000000000000000e+00
-3.50900020321161638e-19 0.00000000000000000e+00
0.00000000000000000e+00 0.00000000000000000e+00
1.34065902148056950e-18 0.00000000000000000e+00
3.79811438749349835e-19 0.00000000000000000e+00
0.00000000000000000e+00 0.00000000000000000e+00
3.91623302262914922e-18 0.00000000000000000e+00
0.00000000000000000e+00 0.00000000000000000e+00
0.00000000000000000e+00 0.00000000000000000e+00
-1.31999850462337844e-18 0.00000000000000000e+00
-1.92211026484700855e-18 0.00000000000000000e+00
0.00000000000000000e+00 0.00000000000000000e+00
0.00000000000000000e+00 0.00000000000000000e+00
-4.49867468499479513e-19 0.00000000000000000e+00
0.00000000000000000e+00 0.00000000000000000e+00
-9.67005776095667062e-19 0.00000000000000000e+00
-3.22834087300721628e-18 0.00000000000000000e+00
0.00000000000000000e+00 0.00000000000000000e+00
0.00000000000000000e+00 0.00000000000000000e+00
-1.24233619512382554e-18 0.00000000000000000e+00
5.46368993302047690e-19 0.00000000000000000e+00
0.00000000000000000e+00 0.00000000000000000e+00
-3.69584314816262629e-18 0.00000000000000000e+00
0.00000000000000000e+00 0.00000000000000000e+00
0.00000000000000000e+00 0.00000000000000000e+00
7.19391326702775291e-19 0.00000000000000000e+00
1.59727995130777470e-18 0.00000000000000000e+00
0.00000000000000000e+00 0.00000000000000000e+00
0.00000000000000000e+00 0.00000000000000000e+00
-6.07036488300614392e-20 0.00000000000000000e+00
0.00000000000000000e+00 0.00000000000000000e+00
-7.39345239859823176e-19 0.00000000000000000e+00
-1.43427656256804862e-19 0.00000000000000000e+00
0.00000000000000000e+00 0.00000000000000000e+00
-5.54478444838894226e-18 0.00000000000000000e+00
0.00000000000000000e+00 0.00000000000000000e+00
0.00000000000000000e+00 0.00000000000000000e+00
-1.32362267683374105e-18 0.00000000000000000e+00
0.00000000000000000e+00 0.00000000000000000e+00
-1.12309920147516448e-18 0.00000000000000000e+00
-1.75273553871798225e-18 0.00000000000000000e+00
0.00000000000000000e+00 0.00000000000000000e+00
0.00000000000000000e+00 0.00000000000000000e+00
-3.44775517227816364e-19 0.00000000000000000e+00
2.14547892729109646e-18 0.00000000000000000e+00
0.00000000000000000e+00 0.00000000000000000e+00
1.94611456311765797e-18 0.00000000000000000e+00
0.00000000000000000e+00 0.00000000000000000e+00
0.00000000000000000e+00 0.00000000000000000e+00
-1.59860676852165488e-18 0.00000000000000000e+00
-3.64975340063637969e-17 0.00000000000000000e+00
0.00000000000000000e+00 0.00000000000000000e+00
0.00000000000000000e+00 0.00000000000000000e+00
6.13056362545705398e-19 0.00000000000000000e+00
0.00000000000000000e+00 0.00000000000000000e+00
-8.51031934055042353e-19 0.00000000000000000e+00
-2.62583768611371102e-19 0.00000000000000000e+00
0.00000000000000000e+00 0.00000000000000000e+00
0.00000000000000000e+00 0.00000000000000000e+00
1.41263894009196183e-18 0.00000000000000000e+00
1.69889426970667889e-18 0.00000000000000000e+00
0.00000000000000000e+00 0.00000000000000000e+00
-2.36600552271451211e-18 0.00000000000000000e+00
0.00000000000000000e+00 0.00000000000000000e+00
0.00000000000000000e+00 0.00000000000000000e+00
6.71407309725118248e-19 0.00000000000000000e+00
0.00000000000000000e+00 0.00000000000000000e+00
1.14028815931487683e-18 0.00000000000000000e+00
-7.23665566732805084e-19 0.00000000000000000e+00
0.00000000000000000e+00 0.00000000000000000e+00
4.96309191868337689e-18 0.00000000000000000e+00
0.00000000000000000e+00 0.00000000000000000e+00
0.00000000000000000e+00 0.00000000000000000e+00
9.80514996771157164e-19 0.00000000000000000e+00
-7.20269640965210910e-18 0.00000000000000000e+00
0.00000000000000000e+00 0.00000000000000000e+00
0.00000000000000000e+00 0.00000000000000000e+00
1.88282554099387829e-20 0.00000000000000000e+00
0.00000000000000000e+00 0.00000000000000000e+00
1.36007829028559206e-18 0.00000000000000000e+00
-1.26063731339000790e-18 0.00000000000000000e+00
0.00000000000000000e+00 0.00000000000000000e+00
0.00000000000000000e+00 0.00000000000000000e+00
2.30196412071921562e-19 0.00000000000000000e+00
-4.03925795730409474e-18 0.00000000000000000e+00
0.00000000000000000e+00 0.00000000000000000e+00
-5.14312858985346726e-18 0.00000000000000000e+00
0.00000000000000000e+00 0.00000000000000000e+00
0.00000000000000000e+00 0.00000000000000000e+00
-1.31559137180515506e-18 0.00000000000000000e+00
5.36557070762576583e-18 0.00000000000000000e+00
0.00000000000000000e+00 0.00000000000000000e+00
0.00000000000000000e+00 0.00000000000000000e+00
-1.14106983452605770e-19 0.00000000000000000e+00
0.00000000000000000e+00 0.00000000000000000e+00
2.00610198660240647e-18 0.00000000000000000e+00
-6.29417679182761787e-19 0.00000000000000000e+00
0.00000000000000000e+00 0.00000000000000000e+00
2.06326319434344635e-18 0.00000000000000000e+00
0.00000000000000000e+00 0.00000000000000000e+00
0.00000000000000000e+00 0.00000000000000000e+00
3.81615557023803830e-19 0.00000000000000000e+00
0.00000000000000000e+00 0.00000000000000000e+00
1.32497472452716838e-18 0.00000000000000000e+00
1.79141353465108303e-18 0.00000000000000000e+00
0.00000000000000000e+00 0.00000000000000000e+00
0.00000000000000000e+00 0.00000000000000000e+00
2.27893055530309261e-18 0.00000000000000000e+00
2.16299846303865214e-18 0.00000000000000000e+00
0.00000000000000000e+00 0.00000000000000000e+00
3.32667787889651835e-18 0.00000000000000000e+00
0.00000000000000000e+00 0.00000000000000000e+00
0.00000000000000000e+00 0.00000000000000000e+00
-6.65303577378252102e-19 0.00000000000000000e+00
0.00000000000000000e+00 0.00000000000000000e+00
-2.94025811850947462e-18 0.00000000000000000e+00
-4.42097630912939988e-18 0.00000000000000000e+00
0.00000000000000000e+00 0.00000000000000000e+00
-5.51503884583940652e-18 0.00000000000000000e+00
0.00000000000000000e+00 0.00000000000000000e+00
0.00000000000000000e+00 0.00000000000000000e+00
-9.26719837715453023e-19 0.00000000000000000e+00
1.74935006430562936e-18 0.00000000000000000e+00
0.00000000000000000e+00 0.00000000000000000e+00
0.00000000000000000e+00 0.00000000000000000e+00
-2.61317344125982562e-19 0.00000000000000000e+00
0.00000000000000000e+00 0.00000000000000000e+00
-2.52393789595297794e-18 0.00000000000000000e+00
-8.96566363045668823e-19 0.00000000000000000e+00
0.00000000000000000e+00 0.00000000000000000e+00
3.82611590000569715e-18 0.00000000000000000e+00
0.00000000000000000e+00 0.00000000000000000e+00
0.00000000000000000e+00 0.00000000000000000e+00
-1.18104382619396819e-18 0.00000000000000000e+00
0.00000000000000000e+00 0.00000000000000000e+00
-1.91231133731167130e-18 0.00000000000000000e+00
-3.70589996985383502e-18 0.00000000000000000e+00
0.00000000000000000e+00 0.00000000000000000e+00
0.00000000000000000e+00 0.00000000000000000e+00
-3.62954273280043656e-19 0.00000000000000000e+00
3.45479253416471503e-18 0.00000000000000000e+00
0.00000000000000000e+00 0.00000000000000000e+00
-5.21815073317883259e-19 0.00000000000000000e+00
0.00000000000000000e+00 0.00000000000000000e+00
0.00000000000000000e+00 0.00000000000000000e+00
-2.63541005573812319e-18 0.00000000000000000e+00
-3.70623367303238488e-19 0.00000000000000000e+00
0.00000000000000000e+00 0.00000000000000000e+00
0.00000000000000000e+00 0.00000000000000000e+00
9.19243643535349477e-19 0.00000000000000000e+00
0.00000000000000000e+00 0.00000000000000000e+00
-6.40839997771416051e-19 0.00000000000000000e+00
-8.78541212190299981e-19 0.00000000000000000e+00
0.00000000000000000e+00 0.00000000000000000e+00
0.00000000000000000e+00 0.00000000000000000e+00
-2.52459412704281041e-19 0.00000000000000000e+00
4.39825384466409496e-18 0.00000000000000000e+00
0.00000000000000000e+00 0.00000000000000000e+00
-5.11725928943747468e-18 0.00000000000000000e+00
0.00000000000000000e+00 0.00000000000000000e+00
0.00000000000000000e+00 0.00000000000000000e+00
-2.32522675768195426e-18 0.00000000000000000e+00
0.00000000000000000e+00 0.00000000000000000e+00
5.02047981486266259e-18 0.00000000000000000e+00
4.07460680850809237e-18 0.00000000000000000e+00
0.00000000000000000e+00 0.00000000000000000e+00
1.82216599421231614e-18 0.00000000000000000e+00
0.00000000000000000e+00 0.00000000000000000e+00
0.00000000000000000e+00 0.00000000000000000e+00
-4.79179481614119332e-19 0.00000000000000000e+00
-2.20342001375685907e-18 0.00000000000000000e+00
0.00000000000000000e+00 0.00000000000000000e+00
0.00000000000000000e+00 0.00000000000000000e+00
-6.58505773930279280e-19 0.00000000000000000e+00
0.00000000000000000e+00 0.00000000000000000e+00
-5.79842253059776391e-19 0.00000000000000000e+00
-3.26881032019455501e-18 0.00000000000000000e+00
0.00000000000000000e+00 0.00000000000000000e+00
-4.71329492937318640e-17 0.00000000000000000e+00
0.00000000000000000e+00 0.00000000000000000e+00
0.00000000000000000e+00 0.00000000000000000e+00
4.15444809803580321e-20 0.00000000000000000e+00
0.00000000000000000e+00 0.00000000000000000e+00
1.05693810378661930e-18 0.00000000000000000e+00
-9.43449668818709142e-19 0.00000000000000000e+00
0.00000000000000000e+00 0.00000000000000000e+00
0.00000000000000000e+00 0.00000000000000000e+00
-1.52820877312456905e-18 0.00000000000000000e+00
2.30292772683506661e-18 0.00000000000000000e+00
0.00000000000000000e+00 0.00000000000000000e+00
1.67193190466136242e-18 0.00000000000000000e+00
0.00000000000000000e+00 0.00000000000000000e+00
0.00000000000000000e+00 0.00000000000000000e+00
-9.38401534973169249e-21 0.00000000000000000e+00
0.00000000000000000e+00 0.00000000000000000e+00
3.89524444156198959e-19 0.00000000000000000e+00
-2.25530137793293993e-18 0.00000000000000000e+00
0.00000000000000000e+00 0.00000000000000000e+00
7.60234897897372179e-19 0.00000000000000000e+00
0.00000000000000000e+00 0.00000000000000000e+00
0.00000000000000000e+00 0.00000000000000000e+00
1.43897041131953879e-18 0.00000000000000000e+00
-8.66791898641275788e-20 0.00000000000000000e+00
0.00000000000000000e+00 0.00000000000000000e+00
0.00000000000000000e+00 0.00000000000000000e+00
-1.06049741747997538e-19 0.00000000000000000e+00
0.00000000000000000e+00 0.00000000000000000e+00
-6.40339890597614601e-19 0.00000000000000000e+00
4.45622839891353356e-19 0.00000000000000000e+00
0.00000000000000000e+00 0.00000000000000000e+00
0.00000000000000000e+00 0.00000000000000000e+00
-5.17570863603604134e-19 0.00000000000000000e+00
-4.31482444087909595e-18 0.00000000000000000e+00
0.00000000000000000e+00 0.00000000000000000e+00
2.33581206183712757e-18 0.00000000000000000e+00
0.00000000000000000e+00 0.00000000000000000e+00
0.00000000000000000e+00 0.00000000000000000e+00
-2.53686185437748207e-19 0.00000000000000000e+00
2.11021283224644816e-18 0.00000000000000000e+00
0.00000000000000000e+00 0.00000000000000000e+00
0.00000000000000000e+00 0.00000000000000000e+00
6.55845451060334334e-19 0.00000000000000000e+00
0.00000000000000000e+00 0.00000000000000000e+00
1.13149718209034978e-18 0.00000000000000000e+00
-1.75567007448041160e-18 0.00000000000000000e+00
0.00000000000000000e+00 0.00000000000000000e+00
-6.60791692170983022e-18 0.00000000000000000e+00
0.00000000000000000e+00 0.00000000000000000e+00
0.00000000000000000e+00 0.00000000000000000e+00
-3.20543353445279095e-20 0.00000000000000000e+00
0.00000000000000000e+00 0.00000000000000000e+00
-1.14556258168507153e-19 0.00000000000000000e+00
-2.68647577757132854e-19 0.00000000000000000e+00
0.00000000000000000e+00 0.00000000000000000e+00
0.00000000000000000e+00 0.00000000000000000e+00
1.27632044602075265e-18 0.00000000000000000e+00
4.94190785735392677e-19 0.00000000000000000e+00
0.00000000000000000e+00 0.00000000000000000e+00
1.16543431513466762e-18 0.00000000000000000e+00
0.00000000000000000e+00 0.00000000000000000e+00
0.00000000000000000e+00 0.00000000000000000e+00
2.16758679985164278e-19 0.00000000000000000e+00
0.00000000000000000e+00 0.00000000000000000e+00
-4.19590038582283474e-18 0.00000000000000000e+00
-3.40499808110734738e-18 0.00000000000000000e+00
0.00000000000000000e+00 0.00000000000000000e+00
-5.72347916794756830e-18 0.00000000000000000e+00
0.00000000000000000e+00 0.00000000000000000e+00
0.00000000000000000e+00 0.00000000000000000e+00
-1.02047513378491498e-18 0.00000000000000000e+00
3.14389475642005757e-18 0.00000000000000000e+00
0.00000000000000000e+00 0.00000000000000000e+00
0.00000000000000000e+00 0.00000000000000000e+00
8.94619849633612683e-19 0.00000000000000000e+00
0.00000000000000000e+00 0.00000000000000000e+00
-1.27377168012561633e-18 0.00000000000000000e+00
-1.04828962803045317e-18 0.00000000000000000e+00
0.00000000000000000e+00 0.00000000000000000e+00
6.40749838038739672e-18 0.00000000000000000e+00
0.00000000000000000e+00 0.00000000000000000e+00
0.00000000000000000e+00 0.00000000000000000e+00
-7.75063673344424953e-19 0.00000000000000000e+00
0.00000000000000000e+00 0.00000000000000000e+00
3.79772859155377472e-19 0.00000000000000000e+00
-1.71806337607237426e-18 0.00000000000000000e+00
0.00000000000000000e+00 0.00000000000000000e+00
0.00000000000000000e+00 0.00000000000000000e+00
-3.22110828692411298e-18 0.00000000000000000e+00
2.64970964988129191e-19 0.00000000000000000e+00
0.00000000000000000e+00 0.00000000000000000e+00
-2.81983592477769765e-18 0.00000000000000000e+00
0.00000000000000000e+00 0.00000000000000000e+00
0.00000000000000000e+00 0.00000000000000000e+00
-7.66328938308966215e-19 0.00000000000000000e+00
-3.57020497191322872e-18 0.00000000000000000e+00
0.00000000000000000e+00 0.00000000000000000e+00
0.00000000000000000e+00 0.00000000000000000e+00
3.33521446965061462e-19 0.00000000000000000e+00
0.00000000000000000e+00 0.00000000000000000e+00
4.58492835590873079e-19 0.00000000000000000e+00
6.92850259788434758e-19 0.00000000000000000e+00
0.00000000000000000e+00 0.00000000000000000e+00
0.00000000000000000e+00 0.00000000000000000e+00
6.36728677082569729e-19 0.00000000000000000e+00
5.20943521725087740e-18 0.00000000000000000e+00
0.00000000000000000e+00 0.00000000000000000e+00
-4.93287080276760428e-19 0.00000000000000000e+00
0.00000000000000000e+00 0.00000000000000000e+00
0.00000000000000000e+00 0.00000000000000000e+00
-3.79118894971770216e-19 0.00000000000000000e+00
0.00000000000000000e+00 0.00000000000000000e+00
1.87644087901824085e-19 0.00000000000000000e+00
2.82103104806054228e-18 0.00000000000000000e+00
0.00000000000000000e+00 0.00000000000000000e+00
2.03216749943946072e-18 0.00000000000000000e+00
0.00000000000000000e+00 0.00000000000000000e+00
0.00000000000000000e+00 0.00000000000000000e+00
-1.03207268648677002e-18 0.00000000000000000e+00
-3.34975394816741871e-18 0.00000000000000000e+00
0.00000000000000000e+00 0.00000000000000000e+00
0.00000000000000000e+00 0.00000000000000000e+00
3.28278409268667750e-19 0.00000000000000000e+00
0.00000000000000000e+00 0.00000000000000000e+00
-2.84017538588200425e-19 0.00000000000000000e+00
-2.98618062375948923e-18 0.00000000000000000e+00
0.00000000000000000e+00 0.00000000000000000e+00
0.00000000000000000e+00 0.00000000000000000e+00
-3.48343590704472511e-18 0.00000000000000000e+00
1.58985584991717805e-18 0.00000000000000000e+00
0.00000000000000000e+00 0.00000000000000000e+00
-2.80626688472928967e-18 0.00000000000000000e+00
0.00000000000000000e+00 0.00000000000000000e+00
0.00000000000000000e+00 0.00000000000000000e+00
6.30644071461903523e-19 0.00000000000000000e+00
-8.73909010294663032e-18 0.00000000000000000e+00
0.00000000000000000e+00 0.00000000000000000e+00
0.00000000000000000e+00 0.00000000000000000e+00
1.87753058529520011e-19 0.00000000000000000e+00
0.00000000000000000e+00 0.00000000000000000e+00
6.63394658561887489e-19 0.00000000000000000e+00
5.47682347288607367e-19 0.00000000000000000e+00
0.00000000000000000e+00 0.00000000000000000e+00
-5.47820171032960687e-20 0.00000000000000000e+00
0.00000000000000000e+00 0.00000000000000000e+00
0.00000000000000000e+00 0.00000000000000000e+00
3.82560466394098955e-19 0.00000000000000000e+00
0.00000000000000000e+00 0.00000000000000000e+00
2.08117254815505070e-18 0.00000000000000000e+00
1.35136920829428863e-18 0.00000000000000000e+00
0.00000000000000000e+00 0.00000000000000000e+00
0.00000000000000000e+00 0.00000000000000000e+00
1.83043819736521411e-18 0.00000000000000000e+00
-8.09139560673993595e-20 0.00000000000000000e+00
0.00000000000000000e+00 0.00000000000000000e+00
-6.04780469420892093e-18 0.00000000000000000e+00
0.00000000000000000e+00 0.00000000000000000e+00
0.00000000000000000e+00 0.00000000000000000e+00
1.63087342552441246e-18 0.00000000000000000e+00
-1.16338144227668553e-17 0.00000000000000000e+00
0.00000000000000000e+00 0.00000000000000000e+00
0.00000000000000000e+00 0.00000000000000000e+00
3.81117396536343731e-19 0.00000000000000000e+00
0.00000000000000000e+00 0.00000000000000000e+00
-1.75459049624747525e-18 0.00000000000000000e+00
-7.20756684846756774e-19 0.00000000000000000e+00
0.00000000000000000e+00 0.00000000000000000e+00
0.00000000000000000e+00 0.00000000000000000e+00
1.25387077196025033e-18 0.00000000000000000e+00
3.48521391225133599e-21 0.00000000000000000e+00
0.00000000000000000e+00 0.00000000000000000e+00
-1.24516444601473702e-18 0.00000000000000000e+00
0.00000000000000000e+00 0.00000000000000000e+00
0.00000000000000000e+00 0.00000000000000000e+00
-1.75934137812820517e-18 0.00000000000000000e+00
0.00000000000000000e+00 0.00000000000000000e+00
2.19865598260603574e-18 0.00000000000000000e+00
6.88557610006652121e-18 0.00000000000000000e+00
0.00000000000000000e+00 0.00000000000000000e+00
-8.22629592177123546e-19 0.00000000000000000e+00
0.00000000000000000e+00 0.00000000000000000e+00
0.00000000000000000e+00 0.00000000000000000e+00
2.60743372350819823e-18 0.00000000000000000e+00
-1.61197322439998117e-18 0.00000000000000000e+00
0.00000000000000000e+00 0.00000000000000000e+00
0.00000000000000000e+00 0.00000000000000000e+00
3.09000884945921516e-19 0.00000000000000000e+00
0.00000000000000000e+00 0.00000000000000000e+00
2.97681830396832163e-18 0.00000000000000000e+00
1.69926463216377994e-18 0.00000000000000000e+00
0.00000000000000000e+00 0.00000000000000000e+00
-1.42698904963044646e-17 0.00000000000000000e+00
0.00000000000000000e+00 0.00000000000000000e+00
0.00000000000000000e+00 0.00000000000000000e+00
2.76731145848697888e-19 0.00000000000000000e+00
0.00000000000000000e+00 0.00000000000000000e+00
-1.18183907407101064e-18 0.00000000000000000e+00
1.78309334203484951e-18 0.00000000000000000e+00
0.00000000000000000e+00 0.00000000000000000e+00
0.00000000000000000e+00 0.00000000000000000e+00
-2.16035507142053480e-18 0.00000000000000000e+00
1.65736135996380705e-18 0.00000000000000000e+00
0.00000000000000000e+00 0.00000000000000000e+00
-5.68273486604974241e-18 0.00000000000000000e+00
0.00000000000000000e+00 0.00000000000000000e+00
0.00000000000000000e+00 0.00000000000000000e+00
1.48907334940753756e-18 0.00000000000000000e+00
0.00000000000000000e+00 0.00000000000000000e+00
-1.57261837495188478e-18 0.00000000000000000e+00
1.00104946488712762e-18 0.00000000000000000e+00
0.00000000000000000e+00 0.00000000000000000e+00
-3.53631178564966764e-18 0.00000000000000000e+00
0.00000000000000000e+00 0.00000000000000000e+00
0.00000000000000000e+00 0.00000000000000000e+00
2.07439760081279021e-18 0.00000000000000000e+00
-4.11321703894244367e-18 0.00000000000000000e+00
0.00000000000000000e+00 0.00000000000000000e+00
0.00000000000000000e+00 0.00000000000000000e+00
-3.67085860148469835e-19 0.00000000000000000e+00
0.00000000000000000e+00 0.00000000000000000e+00
1.53735362392285542e-18 0.00000000000000000e+00
8.51160728572559348e-19 0.00000000000000000e+00
0.00000000000000000e+00 0.00000000000000000e+00
0.00000000000000000e+00 0.00000000000000000e+00
3.22736347780700617e-18 0.00000000000000000e+00
1.36761581416487633e-18 0.00000000000000000e+00
0.00000000000000000e+00 0.00000000000000000e+00
2.18961302636445800e-18 0.00000000000000000e+00
0.00000000000000000e+00 0.00000000000000000e+00
0.00000000000000000e+00 0.00000000000000000e+00
-1.44295001397964378e-18 0.00000000000000000e+00
-1.71302747063238243e-18 0.00000000000000000e+00
0.00000000000000000e+00 0.00000000000000000e+00
0.00000000000000000e+00 0.00000000000000000e+00
-1.74688375559227286e-18 0.00000000000000000e+00
0.00000000000000000e+00 0.00000000000000000e+00
-1.26031400301203064e-18 0.00000000000000000e+00
-1.36484764837268729e-19 0.00000000000000000e+00
0.00000000000000000e+00 0.00000000000000000e+00
1.24857820761342877e-17 0.00000000000000000e+00
0.00000000000000000e+00 0.00000000000000000e+00
0.00000000000000000e+00 0.00000000000000000e+00
1.37743424347870252e-18 0.00000000000000000e+00
0.00000000000000000e+00 0.00000000000000000e+00
-2.91634036809538649e-20 0.00000000000000000e+00
-9.62500327966741271e-19 0.00000000000000000e+00
0.00000000000000000e+00 0.00000000000000000e+00
0.00000000000000000e+00 0.00000000000000000e+00
2.57463908854122414e-18 0.00000000000000000e+00
2.55865472977879046e-18 0.00000000000000000e+00
0.00000000000000000e+00 0.00000000000000000e+00
-3.07459965330565219e-18 0.00000000000000000e+00
0.00000000000000000e+00 0.00000000000000000e+00
0.00000000000000000e+00 0.00000000000000000e+00
-1.27031573836148065e-18 0.00000000000000000e+00
-2.45521575306893880e-17 0.00000000000000000e+00
0.00000000000000000e+00 0.00000000000000000e+00
0.00000000000000000e+00 0.00000000000000000e+00
-4.60759772109983228e-19 0.00000000000000000e+00
0.00000000000000000e+00 0.00000000000000000e+00
-1.88149529803476778e-18 0.00000000000000000e+00
-3.18138223734324358e-19 0.00000000000000000e+00
0.00000000000000000e+00 0.00000000000000000e+00
0.00000000000000000e+00 0.00000000000000000e+00
-7.03589748065836370e-19 0.00000000000000000e+00
1.93414568656339746e-18 0.00000000000000000e+00
0.00000000000000000e+00 0.00000000000000000e+00
9.29805863317390690e-19 0.00000000000000000e+00
0.00000000000000000e+00 0.00000000000000000e+00
0.00000000000000000e+00 0.00000000000000000e+00
8.51086978254992845e-19 0.00000000000000000e+00
0.00000000000000000e+00 0.00000000000000000e+00
-3.91647138850116241e-19 0.00000000000000000e+00
-9.24261971737043769e-19 0.00000000000000000e+00
0.00000000000000000e+00 0.00000000000000000e+00
9.27361905453470170e-19 0.00000000000000000e+00
0.00000000000000000e+00 0.00000000000000000e+00
0.00000000000000000e+00 0.00000000000000000e+00
-5.97282888976072265e-20 0.00000000000000000e+00
-9.45757082663134321e-20 0.00000000000000000e+00
0.00000000000000000e+00 0.00000000000000000e+00
0.00000000000000000e+00 0.00000000000000000e+00
-1.11432583695131453e-18 0.00000000000000000e+00
0.00000000000000000e+00 0.00000000000000000e+00
-2.72016559318869366e-19 0.00000000000000000e+00
2.39157796533070173e-19 0.00000000000000000e+00
0.00000000000000000e+00 0.00000000000000000e+00
0.00000000000000000e+00 0.00000000000000000e+00
-1.37822790809488625e-18 0.00000000000000000e+00
-6.85679229777786172e-20 0.00000000000000000e+00
0.00000000000000000e+00 0.00000000000000000e+00
2.16311618744453761e-18 0.00000000000000000e+00
0.00000000000000000e+00 0.00000000000000000e+00
0.00000000000000000e+00 0.00000000000000000e+00
-1.97232533605206090e-18 0.00000000000000000e+00
-4.65329282947074623e-19 0.00000000000000000e+00
0.00000000000000000e+00 0.00000000000000000e+00
0.00000000000000000e+00 0.00000000000000000e+00
4.26691169600335431e-19 0.00000000000000000e+00
0.00000000000000000e+00 0.00000000000000000e+00
1.28198838550624626e-18 0.00000000000000000e+00
3.09714444212965954e-19 0.00000000000000000e+00
0.00000000000000000e+00 0.00000000000000000e+00
-6.49133409494054455e-18 0.00000000000000000e+00
0.00000000000000000e+00 0.00000000000000000e+00
0.00000000000000000e+00 0.00000000000000000e+00
-1.54462300039641299e-18 0.00000000000000000e+00
0.00000000000000000e+00 0.00000000000000000e+00
1.38712446653489087e-19 0.00000000000000000e+00
5.61636480393271612e-19 0.00000000000000000e+00
0.00000000000000000e+00 0.00000000000000000e+00
0.00000000000000000e+00 0.00000000000000000e+00
-7.55420039529977697e-19 0.00000000000000000e+00
-8.29183234065771013e-19 0.00000000000000000e+00
0.00000000000000000e+00 0.00000000000000000e+00
-1.16229348190033732e-18 0.00000000000000000e+00
0.00000000000000000e+00 0.00000000000000000e+00
0.00000000000000000e+00 0.00000000000000000e+00
3.34690304484963276e-19 0.00000000000000000e+00
0.00000000000000000e+00 0.00000000000000000e+00
-2.29838923234078731e-18 0.00000000000000000e+00
-4.53114713815844951e-18 0.00000000000000000e+00
0.00000000000000000e+00 0.00000000000000000e+00
-3.22149782328274382e-18 0.00000000000000000e+00
0.00000000000000000e+00 0.00000000000000000e+00
0.00000000000000000e+00 0.00000000000000000e+00
-8.00716819846871132e-19 0.00000000000000000e+00
-1.32003064575859390e-18 0.00000000000000000e+00
0.00000000000000000e+00 0.00000000000000000e+00
0.00000000000000000e+00 0.00000000000000000e+00
1.84020950799906154e-18 0.00000000000000000e+00
0.00000000000000000e+00 0.00000000000000000e+00
-1.43904581839833926e-18 0.00000000000000000e+00
-1.06868890881979896e-18 0.00000000000000000e+00
0.00000000000000000e+00 0.00000000000000000e+00
2.17546771136537621e-18 0.00000000000000000e+00
0.00000000000000000e+00 0.00000000000000000e+00
0.00000000000000000e+00 0.00000000000000000e+00
-7.30399922258341232e-19 0.00000000000000000e+00
0.00000000000000000e+00 0.00000000000000000e+00
-2.24601020227052120e-18 0.00000000000000000e+00
-6.43235014834130805e-20 0.00000000000000000e+00
0.00000000000000000e+00 0.00000000000000000e+00
0.00000000000000000e+00 0.00000000000000000e+00
2.42367453772372155e-19 0.00000000000000000e+00
3.09827848747905258e-18 0.00000000000000000e+00
0.00000000000000000e+00 0.00000000000000000e+00
1.84881100623048555e-19 0.00000000000000000e+00
0.00000000000000000e+00 0.00000000000000000e+00
0.00000000000000000e+00 0.00000000000000000e+00
-3.73425041082540816e-20 0.00000000000000000e+00
-1.21587764380053076e-17 0.00000000000000000e+00
0.00000000000000000e+00 0.00000000000000000e+00
0.00000000000000000e+00 0.00000000000000000e+00
1.49199717276728266e-19 0.00000000000000000e+00
0.00000000000000000e+00 0.00000000000000000e+00
-1.40328514092256209e-18 0.00000000000000000e+00
3.89150321629406904e-19 0.00000000000000000e+00
0.00000000000000000e+00 0.00000000000000000e+00
0.00000000000000000e+00 0.00000000000000000e+00
-9.36141692854808179e-19 0.00000000000000000e+00
1.83783318448636854e-20 0.00000000000000000e+00
0.00000000000000000e+00 0.00000000000000000e+00
-5.23176847672848536e-19 0.00000000000000000e+00
0.00000000000000000e+00 0.00000000000000000e+00
0.00000000000000000e+00 0.00000000000000000e+00
2.09693226106759584e-20 0.00000000000000000e+00
0.00000000000000000e+00 0.00000000000000000e+00
1.57127414705554075e-18 0.00000000000000000e+00
1.21303387823197107e-18 0.00000000000000000e+00
0.00000000000000000e+00 0.00000000000000000e+00
1.87768398619937010e-18 0.00000000000000000e+00
0.00000000000000000e+00 0.00000000000000000e+00
0.00000000000000000e+00 0.00000000000000000e+00
-5.85801783635419507e-19 0.00000000000000000e+00
3.44329419834287788e-19 0.00000000000000000e+00
0.00000000000000000e+00 0.00000000000000000e+00
0.00000000000000000e+00 0.00000000000000000e+00
5.42993551271615253e-21 0.00000000000000000e+00
0.00000000000000000e+00 0.00000000000000000e+00
2.01135754166338859e-19 0.00000000000000000e+00
-2.68298183577003932e-18 0.00000000000000000e+00
0.00000000000000000e+00 0.00000000000000000e+00
0.00000000000000000e+00 0.00000000000000000e+00
4.32244634735223844e-18 0.00000000000000000e+00
-1.68067169671697926e-19 0.00000000000000000e+00
0.00000000000000000e+00 0.00000000000000000e+00
7.84297352314377266e-19 0.00000000000000000e+00
0.00000000000000000e+00 0.00000000000000000e+00
0.00000000000000000e+00 0.00000000000000000e+00
4.47539492075840787e-19 0.00000000000000000e+00
5.47691868724199139e-18 0.00000000000000000e+00
0.00000000000000000e+00 0.00000000000000000e+00
0.00000000000000000e+00 0.00000000000000000e+00
-5.72348998305006474e-19 0.00000000000000000e+00
0.00000000000000000e+00 0.00000000000000000e+00
4.65539067494893576e-19 0.00000000000000000e+00
-2.12376868751847967e-18 0.00000000000000000e+00
0.00000000000000000e+00 0.00000000000000000e+00
3.78112844021228188e-18 0.00000000000000000e+00
0.00000000000000000e+00 0.00000000000000000e+00
0.00000000000000000e+00 0.00000000000000000e+00
-3.08180504926362649e-19 0.00000000000000000e+00
0.00000000000000000e+00 0.00000000000000000e+00
2.33493711910895082e-18 0.00000000000000000e+00
2.46251089528627624e-18 0.00000000000000000e+00
0.00000000000000000e+00 0.00000000000000000e+00
0.00000000000000000e+00 0.00000000000000000e+00
1.93568412394425901e-18 0.00000000000000000e+00
1.94604550023221055e-18 0.00000000000000000e+00
0.00000000000000000e+00 0.00000000000000000e+00
1.89216165849126064e-18 0.00000000000000000e+00
0.00000000000000000e+00 0.00000000000000000e+00
0.00000000000000000e+00 0.00000000000000000e+00
5.86119149790582002e-19 0.00000000000000000e+00
2.98654375949231404e-18 0.00000000000000000e+00
0.00000000000000000e+00 0.00000000000000000e+00
0.00000000000000000e+00 0.00000000000000000e+00
-6.08349594151291268e-19 0.00000000000000000e+00
0.00000000000000000e+00 0.00000000000000000e+00
2.71648461119225148e-19 0.00000000000000000e+00
-2.05535201277403522e-18 0.00000000000000000e+00
0.00000000000000000e+00 0.00000000000000000e+00
0.00000000000000000e+00 0.00000000000000000e+00
6.87724750973061044e-19 0.00000000000000000e+00
-1.37985666744101123e-18 0.00000000000000000e+00
0.00000000000000000e+00 0.00000000000000000e+00
4.04654878409848209e-19 0.00000000000000000e+00
0.00000000000000000e+00 0.00000000000000000e+00
0.00000000000000000e+00 0.00000000000000000e+00
-1.33620907735337914e-18 0.00000000000000000e+00
0.00000000000000000e+00 0.00000000000000000e+00
1.67010387684152232e-18 0.00000000000000000e+00
3.17370812971154108e-18 0.00000000000000000e+00
0.00000000000000000e+00 0.00000000000000000e+00
2.23927657308925248e-18 0.00000000000000000e+00
0.00000000000000000e+00 0.00000000000000000e+00
0.00000000000000000e+00 0.00000000000000000e+00
1.91723027399398170e-18 0.00000000000000000e+00
8.87024021010370946e-19 0.00000000000000000e+00
0.00000000000000000e+00 0.00000000000000000e+00
0.00000000000000000e+00 0.00000000000000000e+00
1.96537848567177999e-18 0.00000000000000000e+00
0.00000000000000000e+00 0.00000000000000000e+00
5.87087561394068380e-19 0.00000000000000000e+00
5.67923507099541460e-19 0.00000000000000000e+00
0.00000000000000000e+00 0.00000000000000000e+00
-7.52489050736514893e-18 0.00000000000000000e+00
0.00000000000000000e+00 0.00000000000000000e+00
0.00000000000000000e+00 0.00000000000000000e+00
7.84643891802740368e-20 0.00000000000000000e+00
0.00000000000000000e+00 0.00000000000000000e+00
-9.92432038153516901e-19 0.00000000000000000e+00
-1.99682157381977960e-18 0.00000000000000000e+00
0.00000000000000000e+00 0.00000000000000000e+00
0.00000000000000000e+00 0.00000000000000000e+00
-2.49622007052433442e-19 0.00000000000000000e+00
2.32334621602289833e-18 0.00000000000000000e+00
0.00000000000000000e+00 0.00000000000000000e+00
-9.23134652739548175e-19 0.00000000000000000e+00
0.00000000000000000e+00 0.00000000000000000e+00
0.00000000000000000e+00 0.00000000000000000e+00
-5.78399365916576421e-19 0.00000000000000000e+00
0.00000000000000000e+00 0.00000000000000000e+00
1.68207574803315635e-18 0.00000000000000000e+00
2.72196209857490884e-18 0.00000000000000000e+00
0.00000000000000000e+00 0.00000000000000000e+00
3.27960546358088996e-18 0.00000000000000000e+00
0.00000000000000000e+00 0.00000000000000000e+00
0.00000000000000000e+00 0.00000000000000000e+00
1.05149371043298640e-18 0.00000000000000000e+00
-9.17207030257661616e-20 0.00000000000000000e+00
0.00000000000000000e+00 0.00000000000000000e+00
0.00000000000000000e+00 0.00000000000000000e+00
-8.94563449872503587e-21 0.00000000000000000e+00
0.00000000000000000e+00 0.00000000000000000e+00
-9.69147474216139888e-19 0.00000000000000000e+00
-9.65709128023809165e-19 0.00000000000000000e+00
0.00000000000000000e+00 0.00000000000000000e+00
0.00000000000000000e+00 0.00000000000000000e+00
3.20883729008375606e-18 0.00000000000000000e+00
-2.78083036025268205e-18 0.00000000000000000e+00
0.00000000000000000e+00 0.00000000000000000e+00
-2.25513394073951618e-18 0.00000000000000000e+00
0.00000000000000000e+00 0.00000000000000000e+00
0.00000000000000000e+00 0.00000000000000000e+00
8.29733090206203705e-20 0.00000000000000000e+00
1.76757521652649813e-18 0.00000000000000000e+00
0.00000000000000000e+00 0.00000000000000000e+00
0.00000000000000000e+00 0.00000000000000000e+00
2.19745036596396976e-19 0.00000000000000000e+00
0.00000000000000000e+00 0.00000000000000000e+00
-3.94909548352590172e-20 0.00000000000000000e+00
-3.16938739091136689e-18 0.00000000000000000e+00
0.00000000000000000e+00 0.00000000000000000e+00
6.81159184255050089e-18 0.00000000000000000e+00
0.00000000000000000e+00 0.00000000000000000e+00
0.00000000000000000e+00 0.00000000000000000e+00
-7.59982012699728714e-20 0.00000000000000000e+00
0.00000000000000000e+00 0.00000000000000000e+00
4.40677311025981411e-20 0.00000000000000000e+00
2.35953707098132415e-18 0.00000000000000000e+00
0.00000000000000000e+00 0.00000000000000000e+00
0.00000000000000000e+00 0.00000000000000000e+00
1.89345420648706501e-19 0.00000000000000000e+00
3.11846906896319574e-18 0.00000000000000000e+00
0.00000000000000000e+00 0.00000000000000000e+00
-2.39437516706127745e-18 0.00000000000000000e+00
0.00000000000000000e+00 0.00000000000000000e+00
0.00000000000000000e+00 0.00000000000000000e+00
-1.33902586645022348e-18 0.00000000000000000e+00
0.00000000000000000e+00 0.00000000000000000e+00
-1.07089458690306062e-17 0.00000000000000000e+00
-1.23155492101386041e-17 0.00000000000000000e+00
0.00000000000000000e+00 0.00000000000000000e+00
-1.68329531171928706e-17 0.00000000000000000e+00
0.00000000000000000e+00 0.00000000000000000e+00
0.00000000000000000e+00 0.00000000000000000e+00
2.25501918203279075e-18 0.00000000000000000e+00
-1.63436667851187355e-17 0.00000000000000000e+00
0.00000000000000000e+00 0.00000000000000000e+00
0.00000000000000000e+00 0.00000000000000000e+00
2.48791755399034755e-18 0.00000000000000000e+00
0.00000000000000000e+00 0.00000000000000000e+00
6.33477449145419366e-19 0.00000000000000000e+00
-2.12060070351721484e-18 0.00000000000000000e+00
0.00000000000000000e+00 0.00000000000000000e+00
-1.18146974218771999e-17 0.00000000000000000e+00
0.00000000000000000e+00 0.00000000000000000e+00
0.00000000000000000e+00 0.00000000000000000e+00
-2.12125051380349888e-19 0.00000000000000000e+00
0.00000000000000000e+00 0.00000000000000000e+00
7.32758221052195406e-19 0.00000000000000000e+00
-1.88423889288534569e-18 0.00000000000000000e+00
0.00000000000000000e+00 0.00000000000000000e+00
0.00000000000000000e+00 0.00000000000000000e+00
8.04124511970967992e-19 0.00000000000000000e+00
8.91328942984171660e-19 0.00000000000000000e+00
0.00000000000000000e+00 0.00000000000000000e+00
-2.45390930087465841e-18 0.00000000000000000e+00
0.00000000000000000e+00 0.00000000000000000e+00
0.00000000000000000e+00 0.00000000000000000e+00
1.74862426599958731e-18 0.00000000000000000e+00
-2.64385482636444986e-17 0.00000000000000000e+00
0.00000000000000000e+00 0.00000000000000000e+00
0.00000000000000000e+00 0.00000000000000000e+00
1.47006253802607744e-19 0.00000000000000000e+00
0.00000000000000000e+00 0.00000000000000000e+00
-5.55524066947749982e-19 0.00000000000000000e+00
-2.65667106489119269e-19 0.00000000000000000e+00
0.00000000000000000e+00 0.00000000000000000e+00
0.00000000000000000e+00 0.00000000000000000e+00
3.28752076538918435e-18 0.00000000000000000e+00
1.83165623165360158e-18 0.00000000000000000e+00
0.00000000000000000e+00 0.00000000000000000e+00
-3.47186654134089763e-18 0.00000000000000000e+00
0.00000000000000000e+00 0.00000000000000000e+00
0.00000000000000000e+00 0.00000000000000000e+00
1.32086133178185146e-18 0.00000000000000000e+00
0.00000000000000000e+00 0.00000000000000000e+00
-5.59887980889235867e-19 0.00000000000000000e+00
1.61010248644542113e-18 0.00000000000000000e+00
0.00000000000000000e+00 0.00000000000000000e+00
1.61143182201853158e-18 0.00000000000000000e+00
0.00000000000000000e+00 0.00000000000000000e+00
0.00000000000000000e+00 0.00000000000000000e+00
2.26965841387343140e-19 0.00000000000000000e+00
-2.44862002777116145e-18 0.00000000000000000e+00
0.00000000000000000e+00 0.00000000000000000e+00
0.00000000000000000e+00 0.00000000000000000e+00
1.07290666173353736e-18 0.00000000000000000e+00
0.00000000000000000e+00 0.00000000000000000e+00
1.39183922213497831e-18 0.00000000000000000e+00
-1.29980068733676854e-18 0.00000000000000000e+00
0.00000000000000000e+00 0.00000000000000000e+00
-3.15686167009476744e-17 0.00000000000000000e+00
0.00000000000000000e+00 0.00000000000000000e+00
0.00000000000000000e+00 0.00000000000000000e+00
-2.07191195794028005e-19 0.00000000000000000e+00
0.00000000000000000e+00 0.00000000000000000e+00
8.55839634650028771e-19 0.00000000000000000e+00
-2.08398188511063034e-18 0.00000000000000000e+00
0.00000000000000000e+00 0.00000000000000000e+00
0.00000000000000000e+00 0.00000000000000000e+00
-1.30019576206535501e-18 0.00000000000000000e+00
-7.79858034980547982e-19 0.00000000000000000e+00
0.00000000000000000e+00 0.00000000000000000e+00
-4.55733432737542983e-18 0.00000000000000000e+00
0.00000000000000000e+00 0.00000000000000000e+00
0.00000000000000000e+00 0.00000000000000000e+00
8.54392818519948969e-20 0.00000000000000000e+00
0.00000000000000000e+00 0.00000000000000000e+00
1.11258285438648777e-18 0.00000000000000000e+00
-2.28265346918186007e-18 0.00000000000000000e+00
0.00000000000000000e+00 0.00000000000000000e+00
-8.19664236125705146e-19 0.00000000000000000e+00
0.00000000000000000e+00 0.00000000000000000e+00
0.00000000000000000e+00 0.00000000000000000e+00
6.25548753489900951e-20 0.00000000000000000e+00
-1.90449132368591692e-18 0.00000000000000000e+00
0.00000000000000000e+00 0.00000000000000000e+00
0.00000000000000000e+00 0.00000000000000000e+00
4.79795452290459283e-19 0.00000000000000000e+00
0.00000000000000000e+00 0.00000000000000000e+00
6.01098326227596540e-19 0.00000000000000000e+00
-3.01551172916230746e-19 0.00000000000000000e+00
0.00000000000000000e+00 0.00000000000000000e+00
0.00000000000000000e+00 0.00000000000000000e+00
1.22591676092418575e-18 0.00000000000000000e+00
1.85010758034900965e-18 0.00000000000000000e+00
0.00000000000000000e+00 0.00000000000000000e+00
-3.22260222126729013e-18 0.00000000000000000e+00
0.00000000000000000e+00 0.00000000000000000e+00
0.00000000000000000e+00 0.00000000000000000e+00
1.50643304770827242e-18 0.00000000000000000e+00
-9.41267864176609053e-19 0.00000000000000000e+00
0.00000000000000000e+00 0.00000000000000000e+00
0.00000000000000000e+00 0.00000000000000000e+00
4.94061245156992697e-19 0.00000000000000000e+00
0.00000000000000000e+00 0.00000000000000000e+00
-1.09116020632888829e-18 0.00000000000000000e+00
2.00532370527104278e-18 0.00000000000000000e+00
0.00000000000000000e+00 0.00000000000000000e+00
-2.18574155818005524e-18 0.00000000000000000e+00
0.00000000000000000e+00 0.00000000000000000e+00
0.00000000000000000e+00 0.00000000000000000e+00
1.22215102311845165e-18 0.00000000000000000e+00
0.00000000000000000e+00 0.00000000000000000e+00
1.24488619261448119e-18 0.00000000000000000e+00
-1.06313422512371488e-18 0.00000000000000000e+00
0.00000000000000000e+00 0.00000000000000000e+00
0.00000000000000000e+00 0.00000000000000000e+00
-3.28873457535420135e-19 0.00000000000000000e+00
1.03989300399146005e-18 0.00000000000000000e+00
0.00000000000000000e+00 0.00000000000000000e+00
-1.64835365439734165e-18 0.00000000000000000e+00
0.00000000000000000e+00 0.00000000000000000e+00
0.00000000000000000e+00 0.00000000000000000e+00
-1.75284054821043298e-19 0.00000000000000000e+00
-2.91544421479292621e-17 0.00000000000000000e+00
0.00000000000000000e+00 0.00000000000000000e+00
0.00000000000000000e+00 0.00000000000000000e+00
3.69965480145862067e-19 0.00000000000000000e+00
0.00000000000000000e+00 0.00000000000000000e+00
-5.00970013184086497e-19 0.00000000000000000e+00
9.25373294351137386e-19 0.00000000000000000e+00
0.00000000000000000e+00 0.00000000000000000e+00
0.00000000000000000e+00 0.00000000000000000e+00
2.13445580555547496e-19 0.00000000000000000e+00
-2.51418185738470812e-18 0.00000000000000000e+00
0.00000000000000000e+00 0.00000000000000000e+00
-2.32769274681804097e-18 0.00000000000000000e+00
0.00000000000000000e+00 0.00000000000000000e+00
0.00000000000000000e+00 0.00000000000000000e+00
5.28497646176030014e-19 0.00000000000000000e+00
0.00000000000000000e+00 0.00000000000000000e+00
-3.61913259904678690e-19 0.00000000000000000e+00
-9.59543584506941572e-20 0.00000000000000000e+00
0.00000000000000000e+00 0.00000000000000000e+00
1.22068907059673335e-18 0.00000000000000000e+00
0.00000000000000000e+00 0.00000000000000000e+00
0.00000000000000000e+00 0.00000000000000000e+00
3.26203650219774814e-19 0.00000000000000000e+00
-4.15938481075617231e-18 0.00000000000000000e+00
0.00000000000000000e+00 0.00000000000000000e+00
0.00000000000000000e+00 0.00000000000000000e+00
4.05038190743230062e-19 0.00000000000000000e+00
0.00000000000000000e+00 0.00000000000000000e+00
3.00420674138598717e-19 0.00000000000000000e+00
-1.06884388025764777e-18 0.00000000000000000e+00
0.00000000000000000e+00 0.00000000000000000e+00
0.00000000000000000e+00 0.00000000000000000e+00
2.76117863283700321e-18 0.00000000000000000e+00
2.10436350422847843e-18 0.00000000000000000e+00
0.00000000000000000e+00 0.00000000000000000e+00
1.58840493364364996e-18 0.00000000000000000e+00
0.00000000000000000e+00 0.00000000000000000e+00
0.00000000000000000e+00 0.00000000000000000e+00
4.57083758587432248e-19 0.00000000000000000e+00
5.10597737671976887e-18 0.00000000000000000e+00
0.00000000000000000e+00 0.00000000000000000e+00
0.00000000000000000e+00 0.00000000000000000e+00
3.15380551174203880e-19 0.00000000000000000e+00
0.00000000000000000e+00 0.00000000000000000e+00
1.37894643056040197e-18 0.00000000000000000e+00
-3.61450604343708439e-19 0.00000000000000000e+00
0.00000000000000000e+00 0.00000000000000000e+00
-3.52473763725572582e-18 0.00000000000000000e+00
0.00000000000000000e+00 0.00000000000000000e+00
0.00000000000000000e+00 0.00000000000000000e+00
1.42324462856689336e-18 0.00000000000000000e+00
0.00000000000000000e+00 0.00000000000000000e+00
4.04121439207621224e-19 0.00000000000000000e+00
-1.21158149617527256e-18 0.00000000000000000e+00
0.00000000000000000e+00 0.00000000000000000e+00
0.00000000000000000e+00 0.00000000000000000e+00
6.14867619596064187e-19 0.00000000000000000e+00
-3.16791149847539224e-20 0.00000000000000000e+00
0.00000000000000000e+00 0.00000000000000000e+00
-2.72937064236506201e-18 0.00000000000000000e+00
0.00000000000000000e+00 0.00000000000000000e+00
0.00000000000000000e+00 0.00000000000000000e+00
-2.82540778737381782e-19 0.00000000000000000e+00
0.00000000000000000e+00 0.00000000000000000e+00
-5.27187488567918850e-18 0.00000000000000000e+00
-9.69278090822573553e-19 0.00000000000000000e+00
0.00000000000000000e+00 0.00000000000000000e+00
-3.55880861949857622e-18 0.00000000000000000e+00
0.00000000000000000e+00 0.00000000000000000e+00
0.00000000000000000e+00 0.00000000000000000e+00
1.86308358602688071e-18 0.00000000000000000e+00
-1.16814145816162025e-17 0.00000000000000000e+00
0.00000000000000000e+00 0.00000000000000000e+00
0.00000000000000000e+00 0.00000000000000000e+00
-1.39860560554002555e-18 0.00000000000000000e+00
0.00000000000000000e+00 0.00000000000000000e+00
-2.92330814041556415e-19 0.00000000000000000e+00
1.78006514052191312e-18 0.00000000000000000e+00
0.00000000000000000e+00 0.00000000000000000e+00
-2.12733139956136352e-18 0.00000000000000000e+00
0.00000000000000000e+00 0.00000000000000000e+00
0.00000000000000000e+00 0.00000000000000000e+00
-2.60134901414816587e-19 0.00000000000000000e+00
0.00000000000000000e+00 0.00000000000000000e+00
1.32535689032046529e-18 0.00000000000000000e+00
-1.28966993315472745e-19 0.00000000000000000e+00
0.00000000000000000e+00 0.00000000000000000e+00
0.00000000000000000e+00 0.00000000000000000e+00
-2.05091766615071271e-18 0.00000000000000000e+00
-1.09784656704467769e-18 0.00000000000000000e+00
0.00000000000000000e+00 0.00000000000000000e+00
-4.77486930664333830e-18 0.00000000000000000e+00
0.00000000000000000e+00 0.00000000000000000e+00
0.00000000000000000e+00 0.00000000000000000e+00
1.28506756303306231e-18 0.00000000000000000e+00
1.47140662537623158e-17 0.00000000000000000e+00
0.00000000000000000e+00 0.00000000000000000e+00
0.00000000000000000e+00 0.00000000000000000e+00
-2.46678899507110468e-20 0.00000000000000000e+00
0.00000000000000000e+00 0.00000000000000000e+00
-1.20862393542724836e-18 0.00000000000000000e+00
1.70087542388271656e-19 0.00000000000000000e+00
0.00000000000000000e+00 0.00000000000000000e+00
0.00000000000000000e+00 0.00000000000000000e+00
-1.13243060877510363e-18 0.00000000000000000e+00
-4.95926227807543521e-19 0.00000000000000000e+00
0.00000000000000000e+00 0.00000000000000000e+00
-2.59476448724847008e-18 0.00000000000000000e+00
0.00000000000000000e+00 0.00000000000000000e+00
0.00000000000000000e+00 0.00000000000000000e+00
-1.15870441165223779e-18 0.00000000000000000e+00
0.00000000000000000e+00 0.00000000000000000e+00
2.88565647195482928e-18 0.00000000000000000e+00
2.96345980446030091e-19 0.00000000000000000e+00
0.00000000000000000e+00 0.00000000000000000e+00
-1.22236560159033883e-18 0.00000000000000000e+00
0.00000000000000000e+00 0.00000000000000000e+00
0.00000000000000000e+00 0.00000000000000000e+00
-1.76902461901070666e-19 0.00000000000000000e+00
-4.71815382572292768e-18 0.00000000000000000e+00
0.00000000000000000e+00 0.00000000000000000e+00
0.00000000000000000e+00 0.00000000000000000e+00
1.99641113181462027e-19 0.00000000000000000e+00
0.00000000000000000e+00 0.00000000000000000e+00
5.00647243697003104e-19 0.00000000000000000e+00
8.27725533151907571e-19 0.00000000000000000e+00
0.00000000000000000e+00 0.00000000000000000e+00
2.67261241912424397e-01 0.00000000000000000e+00
0.00000000000000000e+00 0.00000000000000000e+00
0.00000000000000000e+00 0.00000000000000000e+00
1.91828728014824980e-19 0.00000000000000000e+00
0.00000000000000000e+00 0.00000000000000000e+00
3.58065008447033055e-20 0.00000000000000000e+00
-1.98587819695570870e-18 0.00000000000000000e+00
0.00000000000000000e+00 0.00000000000000000e+00
0.00000000000000000e+00 0.00000000000000000e+00
6.19788576201193954e-19 0.00000000000000000e+00
-4.80610287230909870e-19 0.00000000000000000e+00
0.00000000000000000e+00 0.00000000000000000e+00
-6.72191307810269853e-19 0.00000000000000000e+00
0.00000000000000000e+00 0.00000000000000000e+00
0.00000000000000000e+00 0.00000000000000000e+00
-3.88529988175786891e-19 0.00000000000000000e+00
0.00000000000000000e+00 0.00000000000000000e+00
-9.04621706669844057e-20 0.00000000000000000e+00
-8.55578642323244628e-19 0.00000000000000000e+00
0.00000000000000000e+00 0.00000000000000000e+00
9.26636586844565032e-19 0.00000000000000000e+00
0.00000000000000000e+00 0.00000000000000000e+00
0.00000000000000000e+00 0.00000000000000000e+00
-1.25510081539097425e-19 0.00000000000000000e+00
-1.07616694747610773e-18 0.00000000000000000e+00
0.00000000000000000e+00 0.00000000000000000e+00
0.00000000000000000e+00 0.00000000000000000e+00
-3.05671248848647796e-19 0.00000000000000000e+00
0.00000000000000000e+00 0.00000000000000000e+00
-6.72697543645037344e-20 0.00000000000000000e+00
4.83498835644912286e-19 0.00000000000000000e+00
0.00000000000000000e+00 0.00000000000000000e+00
0.00000000000000000e+00 0.00000000000000000e+00
-2.53151699073935822e-18 0.00000000000000000e+00
-2.88913895643854897e-18 0.00000000000000000e+00
0.00000000000000000e+00 0.00000000000000000e+00
-5.57867838127747774e-19 0.00000000000000000e+00
0.00000000000000000e+00 0.00000000000000000e+00
0.00000000000000000e+00 0.00000000000000000e+00
1.74763486596949603e-19 0.00000000000000000e+00
-2.17441781912706064e-18 0.00000000000000000e+00
0.00000000000000000e+00 0.00000000000000000e+00
0.00000000000000000e+00 0.00000000000000000e+00
4.16474125307590703e-21 0.00000000000000000e+00
0.00000000000000000e+00 0.00000000000000000e+00
-2.75886652810108252e-20 0.00000000000000000e+00
5.31469724623156226e-19 0.00000000000000000e+00
0.00000000000000000e+00 0.00000000000000000e+00
-4.46815021528191384e-19 0.00000000000000000e+00
0.00000000000000000e+00 0.00000000000000000e+00
0.00000000000000000e+00 0.00000000000000000e+00
-2.79936761970743110e-20 0.00000000000000000e+00
0.00000000000000000e+00 0.00000000000000000e+00
5.29362430538572328e-19 0.00000000000000000e+00
-1.50482099907631035e-18 0.00000000000000000e+00
0.00000000000000000e+00 0.00000000000000000e+00
0.00000000000000000e+00 0.00000000000000000e+00
5.84606616068163418e-19 0.00000000000000000e+00
2.13078276047137644e-18 0.00000000000000000e+00
0.00000000000000000e+00 0.00000000000000000e+00
8.08840337613679799e-19 0.00000000000000000e+00
0.00000000000000000e+00 0.00000000000000000e+00
0.00000000000000000e+00 0.00000000000000000e+00
1.25529304392956491e-19 0.00000000000000000e+00
0.00000000000000000e+00 0.00000000000000000e+00
-3.86220772547623251e-18 0.00000000000000000e+00
-5.43862795184171970e-19 0.00000000000000000e+00
0.00000000000000000e+00 0.00000000000000000e+00
-5.15117420348238874e-19 0.00000000000000000e+00
0.00000000000000000e+00 0.00000000000000000e+00
0.00000000000000000e+00 0.00000000000000000e+00
-1.44048578777832455e-20 0.00000000000000000e+00
-3.80176318974940473e-19 0.00000000000000000e+00
0.00000000000000000e+00 0.00000000000000000e+00
0.00000000000000000e+00 0.00000000000000000e+00
8.75115616079071069e-19 0.00000000000000000e+00
0.00000000000000000e+00 0.00000000000000000e+00
9.28921937046869034e-19 0.00000000000000000e+00
-6.18593469932106128e-19 0.00000000000000000e+00
0.00000000000000000e+00 0.00000000000000000e+00
-1.41502089292084015e-19 0.00000000000000000e+00
0.00000000000000000e+00 0.00000000000000000e+00
0.00000000000000000e+00 0.00000000000000000e+00
9.35067857712394278e-19 0.00000000000000000e+00
0.00000000000000000e+00 0.00000000000000000e+00
1.89861452954949523e-19 0.00000000000000000e+00
1.45982912933225929e-19 0.00000000000000000e+00
0.00000000000000000e+00 0.00000000000000000e+00
0.00000000000000000e+00 0.00000000000000000e+00
6.50766647167073150e-19 0.00000000000000000e+00
-1.29405448983629961e-19 0.00000000000000000e+00
0.00000000000000000e+00 0.00000000000000000e+00
1.77835639050874041e-18 0.00000000000000000e+00
0.00000000000000000e+00 0.00000000000000000e+00
0.00000000000000000e+00 0.00000000000000000e+00
-2.04573305676091444e-19 0.00000000000000000e+00
-3.53315393001380886e-18 0.00000000000000000e+00
0.00000000000000000e+00 0.00000000000000000e+00
0.00000000000000000e+00 0.00000000000000000e+00
6.39600909860343931e-20 0.00000000000000000e+00
0.00000000000000000e+00 0.00000000000000000e+00
4.88636724597672759e-19 0.00000000000000000e+00
-1.91594194320367214e-19 0.00000000000000000e+00
0.00000000000000000e+00 0.00000000000000000e+00
0.00000000000000000e+00 0.00000000000000000e+00
-3.00182450728061133e-19 0.00000000000000000e+00
-6.71682322145228688e-19 0.00000000000000000e+00
0.00000000000000000e+00 0.00000000000000000e+00
1.59996461812217935e-18 0.00000000000000000e+00
0.00000000000000000e+00 0.00000000000000000e+00
0.00000000000000000e+00 0.00000000000000000e+00
1.59988140538759316e-19 0.00000000000000000e+00
0.00000000000000000e+00 0.00000000000000000e+00
-1.34242250902756153e-18 0.00000000000000000e+00
-1.06551933892325977e-18 0.00000000000000000e+00
0.00000000000000000e+00 0.00000000000000000e+00
-7.85543621309186434e-19 0.00000000000000000e+00
0.00000000000000000e+00 0.00000000000000000e+00
0.00000000000000000e+00 0.00000000000000000e+00
9.08354520797019866e-19 0.00000000000000000e+00
4.23870324378956703e-19 0.00000000000000000e+00
0.00000000000000000e+00 0.00000000000000000e+00
0.00000000000000000e+00 0.00000000000000000e+00
1.27354614999947519e-21 0.00000000000000000e+00
0.00000000000000000e+00 0.00000000000000000e+00
8.82177274334305833e-19 0.00000000000000000e+00
1.33349311383404314e-19 0.00000000000000000e+00
0.00000000000000000e+00 0.00000000000000000e+00
0.00000000000000000e+00 0.00000000000000000e+00
1.58682732092331226e-18 0.00000000000000000e+00
-1.81391575077577002e-18 0.00000000000000000e+00
0.00000000000000000e+00 0.00000000000000000e+00
-7.76133745129747978e-19 0.00000000000000000e+00
0.00000000000000000e+00 0.00000000000000000e+00
0.00000000000000000e+00 0.00000000000000000e+00
-9.69335862574513339e-19 0.00000000000000000e+00
7.45229964461204526e-19 0.00000000000000000e+00
0.00000000000000000e+00 0.00000000000000000e+00
0.00000000000000000e+00 0.00000000000000000e+00
2.31411255756211117e-20 0.00000000000000000e+00
0.00000000000000000e+00 0.00000000000000000e+00
-6.27159860895206077e-19 0.00000000000000000e+00
-4.62128548565304485e-19 0.00000000000000000e+00
0.00000000000000000e+00 0.00000000000000000e+00
-4.54030264794024315e-18 0.00000000000000000e+00
0.00000000000000000e+00 0.00000000000000000e+00
0.00000000000000000e+00 0.00000000000000000e+00
3.01285452964680042e-19 0.00000000000000000e+00
0.00000000000000000e+00 0.00000000000000000e+00
-7.31888367316070044e-19 0.00000000000000000e+00
-5.70914516570141283e-20 0.00000000000000000e+00
0.00000000000000000e+00 0.00000000000000000e+00
0.00000000000000000e+00 0.00000000000000000e+00
-1.09570792260196694e-18 0.00000000000000000e+00
4.12864586872587402e-19 0.00000000000000000e+00
0.00000000000000000e+00 0.00000000000000000e+00
-3.65265124589043021e-19 0.00000000000000000e+00
0.00000000000000000e+00 0.00000000000000000e+00
0.00000000000000000e+00 0.00000000000000000e+00
-7.06328422108452215e-20 0.00000000000000000e+00
-1.31572583290738049e-19 0.00000000000000000e+00
0.00000000000000000e+00 0.00000000000000000e+00
0.00000000000000000e+00 0.00000000000000000e+00
-4.63444810242369604e-19 0.00000000000000000e+00
0.00000000000000000e+00 0.00000000000000000e+00
-2.37178968502854259e-19 0.00000000000000000e+00
1.64031526520365514e-19 0.00000000000000000e+00
0.00000000000000000e+00 0.00000000000000000e+00
0.00000000000000000e+00 0.00000000000000000e+00
-2.09544840370297089e-19 0.00000000000000000e+00
-1.09370560896163177e-19 0.00000000000000000e+00
0.00000000000000000e+00 0.00000000000000000e+00
-2.81202772118406772e-19 0.00000000000000000e+00
0.00000000000000000e+00 0.00000000000000000e+00
0.00000000000000000e+00 0.00000000000000000e+00
-6.41555530034390202e-19 0.00000000000000000e+00
0.00000000000000000e+00 0.00000000000000000e+00
-8.98264612122571800e-19 0.00000000000000000e+00
-1.41561585436772662e-18 0.00000000000000000e+00
0.00000000000000000e+00 0.00000000000000000e+00
3.70210121248789768e-19 0.00000000000000000e+00
0.00000000000000000e+00 0.00000000000000000e+00
0.00000000000000000e+00 0.00000000000000000e+00
5.07108202205580447e-19 0.00000000000000000e+00
-3.87243159896971680e-18 0.00000000000000000e+00
0.00000000000000000e+00 0.00000000000000000e+00
0.00000000000000000e+00 0.00000000000000000e+00
9.80492972488083884e-20 0.00000000000000000e+00
0.00000000000000000e+00 0.00000000000000000e+00
-3.85070648403291337e-19 0.00000000000000000e+00
2.25703770116804556e-18 0.00000000000000000e+00
0.00000000000000000e+00 0.00000000000000000e+00
-6.21232425600819863e-18 0.00000000000000000e+00
0.00000000000000000e+00 0.00000000000000000e+00
0.00000000000000000e+00 0.00000000000000000e+00
-5.15251409554264898e-19 0.00000000000000000e+00
0.00000000000000000e+00 0.00000000000000000e+00
-8.87812841868375925e-19 0.00000000000000000e+00
-8.57045954855215665e-19 0.00000000000000000e+00
0.00000000000000000e+00 0.00000000000000000e+00
0.00000000000000000e+00 0.00000000000000000e+00
-7.94787121104448395e-19 0.00000000000000000e+00
-1.30904031596640830e-18 0.00000000000000000e+00
0.00000000000000000e+00 0.00000000000000000e+00
-2.47641233930189711e-18 0.00000000000000000e+00
0.00000000000000000e+00 0.00000000000000000e+00
0.00000000000000000e+00 0.00000000000000000e+00
-3.40535557104358251e-19 0.00000000000000000e+00
0.00000000000000000e+00 0.00000000000000000e+00
-6.98242878695682507e-19 0.00000000000000000e+00
-4.73483319853375386e-19 0.00000000000000000e+00
0.00000000000000000e+00 0.00000000000000000e+00
-1.59745329682750197e-18 0.00000000000000000e+00
0.00000000000000000e+00 0.00000000000000000e+00
0.00000000000000000e+00 0.00000000000000000e+00
1.19214813461760861e-18 0.00000000000000000e+00
1.53222165847896914e-18 0.00000000000000000e+00
0.00000000000000000e+00 0.00000000000000000e+00
0.00000000000000000e+00 0.00000000000000000e+00
-9.43951843693557187e-20 0.00000000000000000e+00
0.00000000000000000e+00 0.00000000000000000e+00
9.44340749155415774e-19 0.00000000000000000e+00
-5.43795788979932970e-19 0.00000000000000000e+00
0.00000000000000000e+00 0.00000000000000000e+00
0.00000000000000000e+00 0.00000000000000000e+00
-6.22087373024895524e-19 0.00000000000000000e+00
-3.34951571156919616e-19 0.00000000000000000e+00
0.00000000000000000e+00 0.00000000000000000e+00
1.54525748018054106e-18 0.00000000000000000e+00
0.00000000000000000e+00 0.00000000000000000e+00
0.00000000000000000e+00 0.00000000000000000e+00
-1.03653745284928278e-18 0.00000000000000000e+00
-1.70240300481996726e-18 0.00000000000000000e+00
0.00000000000000000e+00 0.00000000000000000e+00
0.00000000000000000e+00 0.00000000000000000e+00
2.48592838722669424e-19 0.00000000000000000e+00
0.00000000000000000e+00 0.00000000000000000e+00
-1.10307250827018418e-18 0.00000000000000000e+00
-8.91293444290387420e-19 0.00000000000000000e+00
0.00000000000000000e+00 0.00000000000000000e+00
-1.16320864146486920e-18 0.00000000000000000e+00
0.00000000000000000e+00 0.00000000000000000e+00
0.00000000000000000e+00 0.00000000000000000e+00
1.41016305690206544e-19 0.00000000000000000e+00
0.00000000000000000e+00 0.00000000000000000e+00
9.82620460921251304e-20 0.00000000000000000e+00
5.87090512010868596e-19 0.00000000000000000e+00
0.00000000000000000e+00 0.00000000000000000e+00
0.00000000000000000e+00 0.00000000000000000e+00
-1.70246119853324047e-18 0.00000000000000000e+00
-1.16664806606005719e-18 0.00000000000000000e+00
0.00000000000000000e+00 0.00000000000000000e+00
-2.26121429905485310e-18 0.00000000000000000e+00
0.00000000000000000e+00 0.00000000000000000e+00
0.00000000000000000e+00 0.00000000000000000e+00
3.74000151142716383e-19 0.00000000000000000e+00
0.00000000000000000e+00 0.00000000000000000e+00
-3.37249818382963319e-18 0.00000000000000000e+00
-9.06559696332633843e-19 0.00000000000000000e+00
0.00000000000000000e+00 0.00000000000000000e+00
-6.03910744835260313e-19 0.00000000000000000e+00
0.00000000000000000e+00 0.00000000000000000e+00
0.00000000000000000e+00 0.00000000000000000e+00
-8.23227131392594461e-19 0.00000000000000000e+00
6.82314063143343217e-19 0.00000000000000000e+00
0.00000000000000000e+00 0.00000000000000000e+00
0.00000000000000000e+00 0.00000000000000000e+00
-4.50315037352676740e-19 0.00000000000000000e+00
0.00000000000000000e+00 0.00000000000000000e+00
-6.66705575029554086e-19 0.00000000000000000e+00
5.87101499032575036e-20 0.00000000000000000e+00
0.00000000000000000e+00 0.00000000000000000e+00
-9.34599079527828798e-19 0.00000000000000000e+00
0.00000000000000000e+00 0.00000000000000000e+00
0.00000000000000000e+00 0.00000000000000000e+00
5.71892443749327972e-20 0.00000000000000000e+00
0.00000000000000000e+00 0.00000000000000000e+00
-8.84761502479825298e-19 0.00000000000000000e+00
5.19437454185555652e-20 0.00000000000000000e+00
0.00000000000000000e+00 0.00000000000000000e+00
0.00000000000000000e+00 0.00000000000000000e+00
-1.84847492952657225e-18 0.00000000000000000e+00
-1.29144329373368606e-19 0.00000000000000000e+00
0.00000000000000000e+00 0.00000000000000000e+00
-3.05124912937797896e-18 0.00000000000000000e+00
0.00000000000000000e+00 0.00000000000000000e+00
0.00000000000000000e+00 0.00000000000000000e+00
-7.57591531133927343e-19 0.00000000000000000e+00
-1.51917644507028301e-17 0.00000000000000000e+00
0.00000000000000000e+00 0.00000000000000000e+00
0.00000000000000000e+00 0.00000000000000000e+00
-6.28059953401249306e-19 0.00000000000000000e+00
0.00000000000000000e+00 0.00000000000000000e+00
-5.60222736802874437e-19 0.00000000000000000e+00
-1.71260154845613613e-18 0.00000000000000000e+00
0.00000000000000000e+00 0.00000000000000000e+00
0.00000000000000000e+00 0.00000000000000000e+00
-1.02148851838164811e-18 0.00000000000000000e+00
-1.01850891294479032e-18 0.00000000000000000e+00
0.00000000000000000e+00 0.00000000000000000e+00
8.46386997186167885e-19 0.00000000000000000e+00
0.00000000000000000e+00 0.00000000000000000e+00
0.00000000000000000e+00 0.00000000000000000e+00
-7.42386348438566736e-19 0.00000000000000000e+00
0.00000000000000000e+00 0.00000000000000000e+00
3.42503590865984894e-19 0.00000000000000000e+00
1.80842842496422968e-18 0.00000000000000000e+00
0.00000000000000000e+00 0.00000000000000000e+00
1.13043335356836044e-18 0.00000000000000000e+00
0.00000000000000000e+00 0.00000000000000000e+00
0.00000000000000000e+00 0.00000000000000000e+00
4.94343447654114842e-19 0.00000000000000000e+00
-1.19629152666334106e-19 0.00000000000000000e+00
0.00000000000000000e+00 0.00000000000000000e+00
0.00000000000000000e+00 0.00000000000000000e+00
-1.17132823551382885e-19 0.00000000000000000e+00
0.00000000000000000e+00 0.00000000000000000e+00
-7.52070837230033187e-19 0.00000000000000000e+00
3.71785802088419360e-19 0.00000000000000000e+00
0.00000000000000000e+00 0.00000000000000000e+00
1.21681611853258095e-19 0.00000000000000000e+00
0.00000000000000000e+00 0.00000000000000000e+00
0.00000000000000000e+00 0.00000000000000000e+00
-2.71053863619037690e-19 0.00000000000000000e+00
0.00000000000000000e+00 0.00000000000000000e+00
2.72351038977601090e-21 0.00000000000000000e+00
7.92247886627767603e-19 0.00000000000000000e+00
0.00000000000000000e+00 0.00000000000000000e+00
0.00000000000000000e+00 0.00000000000000000e+00
2.91626888267145739e-19 0.00000000000000000e+00
8.09069809207870528e-19 0.00000000000000000e+00
0.00000000000000000e+00 0.00000000000000000e+00
7.36344668788782016e-19 0.00000000000000000e+00
0.00000000000000000e+00 0.00000000000000000e+00
0.00000000000000000e+00 0.00000000000000000e+00
-1.44916362743232785e-19 0.00000000000000000e+00
0.00000000000000000e+00 0.00000000000000000e+00
1.64894663857904266e-18 0.00000000000000000e+00
1.00364005485767173e-18 0.00000000000000000e+00
0.00000000000000000e+00 0.00000000000000000e+00
2.04032950673809248e-18 0.00000000000000000e+00
0.00000000000000000e+00 0.00000000000000000e+00
0.00000000000000000e+00 0.00000000000000000e+00
3.08442052856847434e-20 0.00000000000000000e+00
-1.54033626012821369e-18 0.00000000000000000e+00
0.00000000000000000e+00 0.00000000000000000e+00
0.00000000000000000e+00 0.00000000000000000e+00
-7.35341970716710858e-19 0.00000000000000000e+00
0.00000000000000000e+00 0.00000000000000000e+00
-9.28204692042302425e-19 0.00000000000000000e+00
-1.48633292217561843e-18 0.00000000000000000e+00
0.00000000000000000e+00 0.00000000000000000e+00
0.00000000000000000e+00 0.00000000000000000e+00
-2.97378956897930838e-18 0.00000000000000000e+00
-2.41596989647307114e-18 0.00000000000000000e+00
0.00000000000000000e+00 0.00000000000000000e+00
-4.71142914038221301e-18 0.00000000000000000e+00
0.00000000000000000e+00 0.00000000000000000e+00
0.00000000000000000e+00 0.00000000000000000e+00
-2.91184931512716295e-19 0.00000000000000000e+00
3.72316730156709335e-19 0.00000000000000000e+00
0.00000000000000000e+00 0.00000000000000000e+00
0.00000000000000000e+00 0.00000000000000000e+00
-5.90925072102637389e-20 0.00000000000000000e+00
0.00000000000000000e+00 0.00000000000000000e+00
1.96493007354433608e-20 0.00000000000000000e+00
3.45910970157719025e-19 0.00000000000000000e+00
0.00000000000000000e+00 0.00000000000000000e+00
7.99485847400703718e-19 0.00000000000000000e+00
0.00000000000000000e+00 0.00000000000000000e+00
0.00000000000000000e+00 0.00000000000000000e+00
2.93197879058281431e-19 0.00000000000000000e+00
0.00000000000000000e+00 0.00000000000000000e+00
-7.75654683756986463e-19 0.00000000000000000e+00
1.33735432135360142e-18 0.00000000000000000e+00
0.00000000000000000e+00 0.00000000000000000e+00
0.00000000000000000e+00 0.00000000000000000e+00
-3.04714264917740551e-19 0.00000000000000000e+00
8.11893207383410951e-19 0.00000000000000000e+00
0.00000000000000000e+00 0.00000000000000000e+00
2.13200131622079928e-19 0.00000000000000000e+00
0.00000000000000000e+00 0.00000000000000000e+00
0.00000000000000000e+00 0.00000000000000000e+00
1.55105806670850623e-19 0.00000000000000000e+00
7.44066663478128645e-20 0.00000000000000000e+00
0.00000000000000000e+00 0.00000000000000000e+00
0.00000000000000000e+00 0.00000000000000000e+00
6.65271678364466782e-20 0.00000000000000000e+00
0.00000000000000000e+00 0.00000000000000000e+00
8.94618954523251395e-22 0.00000000000000000e+00
-4.22914945525369247e-19 0.00000000000000000e+00
0.00000000000000000e+00 0.00000000000000000e+00
0.00000000000000000e+00 0.00000000000000000e+00
-8.65206428841265743e-19 0.00000000000000000e+00
-1.19609928012407492e-18 0.00000000000000000e+00
0.00000000000000000e+00 0.00000000000000000e+00
-1.46860499985572945e-18 0.00000000000000000e+00
0.00000000000000000e+00 0.00000000000000000e+00
0.00000000000000000e+00 0.00000000000000000e+00
-3.07410424172244220e-19 0.00000000000000000e+00
0.00000000000000000e+00 0.00000000000000000e+00
1.55021829121998237e-18 0.00000000000000000e+00
-1.65019421266370370e-18 0.00000000000000000e+00
0.00000000000000000e+00 0.00000000000000000e+00
-9.84364935281216626e-19 0.00000000000000000e+00
0.00000000000000000e+00 0.00000000000000000e+00
0.00000000000000000e+00 0.00000000000000000e+00
-1.23737265646899227e-18 0.00000000000000000e+00
4.21937211605531592e-19 0.00000000000000000e+00
0.00000000000000000e+00 0.00000000000000000e+00
0.00000000000000000e+00 0.00000000000000000e+00
-1.87048620362535083e-19 0.00000000000000000e+00
0.00000000000000000e+00 0.00000000000000000e+00
-2.30802271822924308e-19 0.00000000000000000e+00
-1.02301579218889682e-18 0.00000000000000000e+00
0.00000000000000000e+00 0.00000000000000000e+00
0.00000000000000000e+00 0.00000000000000000e+00
-2.07437577957392407e-18 0.00000000000000000e+00
-6.38703975187758856e-18 0.00000000000000000e+00
0.00000000000000000e+00 0.00000000000000000e+00
-5.98833142341321481e-18 0.00000000000000000e+00
0.00000000000000000e+00 0.00000000000000000e+00
0.00000000000000000e+00 0.00000000000000000e+00
-4.77680434281648271e-19 0.00000000000000000e+00
5.88532706733077250e-19 0.00000000000000000e+00
0.00000000000000000e+00 0.00000000000000000e+00
0.00000000000000000e+00 0.00000000000000000e+00
1.54100209834696071e-20 0.00000000000000000e+00
0.00000000000000000e+00 0.00000000000000000e+00
-6.47925443827407137e-19 0.00000000000000000e+00
1.41120732883838175e-18 0.00000000000000000e+00
0.00000000000000000e+00 0.00000000000000000e+00
3.91962893367965329e-18 0.00000000000000000e+00
0.00000000000000000e+00 0.00000000000000000e+00
0.00000000000000000e+00 0.00000000000000000e+00
2.73484705168278164e-19 0.00000000000000000e+00
0.00000000000000000e+00 0.00000000000000000e+00
-1.84295413462813651e-19 0.00000000000000000e+00
5.03250093458147948e-19 0.00000000000000000e+00
0.00000000000000000e+00 0.00000000000000000e+00
0.00000000000000000e+00 0.00000000000000000e+00
3.84317715028876103e-19 0.00000000000000000e+00
-2.93533559535643251e-20 0.00000000000000000e+00
0.00000000000000000e+00 0.00000000000000000e+00
1.77178595293584809e-18 0.00000000000000000e+00
0.00000000000000000e+00 0.00000000000000000e+00
0.00000000000000000e+00 0.00000000000000000e+00
5.03956090505543348e-19 0.00000000000000000e+00
0.00000000000000000e+00 0.00000000000000000e+00
6.34964071966074820e-19 0.00000000000000000e+00
1.00970562564330649e-18 0.00000000000000000e+00
0.00000000000000000e+00 0.00000000000000000e+00
6.77080984699379448e-18 0.00000000000000000e+00
0.00000000000000000e+00 0.00000000000000000e+00
0.00000000000000000e+00 0.00000000000000000e+00
-2.65841523810985387e-19 0.00000000000000000e+00
-2.03570061694920893e-18 0.00000000000000000e+00
0.00000000000000000e+00 0.00000000000000000e+00
0.00000000000000000e+00 0.00000000000000000e+00
-4.43171033519720491e-19 0.00000000000000000e+00
0.00000000000000000e+00 0.00000000000000000e+00
-3.44935031806567543e-19 0.00000000000000000e+00
1.31797185429697599e-19 0.00000000000000000e+00
0.00000000000000000e+00 0.00000000000000000e+00
1.69033538041214514e-18 0.00000000000000000e+00
0.00000000000000000e+00 0.00000000000000000e+00
0.00000000000000000e+00 0.00000000000000000e+00
-5.81774297714111752e-19 0.00000000000000000e+00
0.00000000000000000e+00 0.00000000000000000e+00
1.04740459405377783e-18 0.00000000000000000e+00
-7.81578099943543413e-20 0.00000000000000000e+00
0.00000000000000000e+00 0.00000000000000000e+00
0.00000000000000000e+00 0.00000000000000000e+00
-5.05833747896046073e-19 0.00000000000000000e+00
2.47960330598835286e-19 0.00000000000000000e+00
0.00000000000000000e+00 0.00000000000000000e+00
-4.17783247736367094e-19 0.00000000000000000e+00
0.00000000000000000e+00 0.00000000000000000e+00
0.00000000000000000e+00 0.00000000000000000e+00
-1.18461223731840963e-18 0.00000000000000000e+00
4.53279959448679668e-19 0.00000000000000000e+00
0.00000000000000000e+00 0.00000000000000000e+00
0.00000000000000000e+00 0.00000000000000000e+00
-5.15748963106522405e-19 0.00000000000000000e+00
0.00000000000000000e+00 0.00000000000000000e+00
2.48942877396967096e-19 0.00000000000000000e+00
3.52649825095217946e-20 0.00000000000000000e+00
0.00000000000000000e+00 0.00000000000000000e+00
0.00000000000000000e+00 0.00000000000000000e+00
2.28534044596367034e-19 0.00000000000000000e+00
1.45167495938830365e-19 0.00000000000000000e+00
0.00000000000000000e+00 0.00000000000000000e+00
1.63072934543079719e-18 0.00000000000000000e+00
0.00000000000000000e+00 0.00000000000000000e+00
0.00000000000000000e+00 0.00000000000000000e+00
2.69404184319411307e-19 0.00000000000000000e+00
0.00000000000000000e+00 0.00000000000000000e+00
-4.46419579168121203e-19 0.00000000000000000e+00
2.31422786066136494e-18 0.00000000000000000e+00
0.00000000000000000e+00 0.00000000000000000e+00
2.13305907046124116e-18 0.00000000000000000e+00
0.00000000000000000e+00 0.00000000000000000e+00
0.00000000000000000e+00 0.00000000000000000e+00
-2.71275961275935173e-19 0.00000000000000000e+00
-5.81817544434601047e-19 0.00000000000000000e+00
0.00000000000000000e+00 0.00000000000000000e+00
0.00000000000000000e+00 0.00000000000000000e+00
-3.06806957731927538e-19 0.00000000000000000e+00
0.00000000000000000e+00 0.00000000000000000e+00
5.66708464395118596e-19 0.00000000000000000e+00
-1.98825312965285069e-18 0.00000000000000000e+00
0.00000000000000000e+00 0.00000000000000000e+00
0.00000000000000000e+00 0.00000000000000000e+00
-5.62947588383374839e-18 0.00000000000000000e+00
-2.89960766453291406e-18 0.00000000000000000e+00
0.00000000000000000e+00 0.00000000000000000e+00
2.81557282187885527e-18 0.00000000000000000e+00
0.00000000000000000e+00 0.00000000000000000e+00
0.00000000000000000e+00 0.00000000000000000e+00
2.04339593600327241e-19 0.00000000000000000e+00
-7.46348947141199060e-18 0.00000000000000000e+00
0.00000000000000000e+00 0.00000000000000000e+00
0.00000000000000000e+00 0.00000000000000000e+00
2.47228058367221750e-19 0.00000000000000000e+00
0.00000000000000000e+00 0.00000000000000000e+00
-5.01466666379587184e-19 0.00000000000000000e+00
1.93732507476706275e-18 0.00000000000000000e+00
0.00000000000000000e+00 0.00000000000000000e+00
1.40413618777969362e-18 0.00000000000000000e+00
0.00000000000000000e+00 0.00000000000000000e+00
0.00000000000000000e+00 0.00000000000000000e+00
-2.22143359485796728e-19 0.00000000000000000e+00
0.00000000000000000e+00 0.00000000000000000e+00
-2.04632248912870280e-19 0.00000000000000000e+00
5.86079555655129775e-19 0.00000000000000000e+00
0.00000000000000000e+00 0.00000000000000000e+00
0.00000000000000000e+00 0.00000000000000000e+00
-3.24911451260894255e-19 0.00000000000000000e+00
-3.41072739570205228e-19 0.00000000000000000e+00
0.00000000000000000e+00 0.00000000000000000e+00
-1.71231928556226057e-18 0.00000000000000000e+00
0.00000000000000000e+00 0.00000000000000000e+00
0.00000000000000000e+00 0.00000000000000000e+00
7.04802801677460058e-19 0.00000000000000000e+00
7.12420337201332147e-19 0.00000000000000000e+00
0.00000000000000000e+00 0.00000000000000000e+00
0.00000000000000000e+00 0.00000000000000000e+00
4.40081622709013586e-19 0.00000000000000000e+00
0.00000000000000000e+00 0.00000000000000000e+00
3.12153193170695701e-19 0.00000000000000000e+00
2.14089979769107486e-18 0.00000000000000000e+00
0.00000000000000000e+00 0.00000000000000000e+00
0.00000000000000000e+00 0.00000000000000000e+00
-1.15033016632041027e-18 0.00000000000000000e+00
-1.43460772802059773e-18 0.00000000000000000e+00
0.00000000000000000e+00 0.00000000000000000e+00
-1.93338982845666327e-18 0.00000000000000000e+00
0.00000000000000000e+00 0.00000000000000000e+00
0.00000000000000000e+00 0.00000000000000000e+00
-1.73856501271313456e-19 0.00000000000000000e+00
0.00000000000000000e+00 0.00000000000000000e+00
-4.52379998476261282e-20 0.00000000000000000e+00
2.74660545914107614e-19 0.00000000000000000e+00
0.00000000000000000e+00 0.00000000000000000e+00
1.94705300451262185e-18 0.00000000000000000e+00
0.00000000000000000e+00 0.00000000000000000e+00
0.00000000000000000e+00 0.00000000000000000e+00
-6.84702984356922515e-19 0.00000000000000000e+00
-4.76510117671001627e-18 0.00000000000000000e+00
0.00000000000000000e+00 0.00000000000000000e+00
0.00000000000000000e+00 0.00000000000000000e+00
-6.04330492944068608e-20 0.00000000000000000e+00
0.00000000000000000e+00 0.00000000000000000e+00
-2.34512991758053825e-18 0.00000000000000000e+00
1.25775990398649222e-18 0.00000000000000000e+00
0.00000000000000000e+00 0.00000000000000000e+00
5.50675700197007866e-19 0.00000000000000000e+00
0.00000000000000000e+00 0.00000000000000000e+00
0.00000000000000000e+00 0.00000000000000000e+00
3.28862593016646998e-19 0.00000000000000000e+00
0.00000000000000000e+00 0.00000000000000000e+00
-1.28805051263524617e-18 0.00000000000000000e+00
1.99010410486810875e-19 0.00000000000000000e+00
0.00000000000000000e+00 0.00000000000000000e+00
0.00000000000000000e+00 0.00000000000000000e+00
-3.04911919609469858e-19 0.00000000000000000e+00
2.03397128260766056e-18 0.00000000000000000e+00
0.00000000000000000e+00 0.00000000000000000e+00
2.53501633519234066e-18 0.00000000000000000e+00
0.00000000000000000e+00 0.00000000000000000e+00
0.00000000000000000e+00 0.00000000000000000e+00
-8.68698300320346259e-20 0.00000000000000000e+00
0.00000000000000000e+00 0.00000000000000000e+00
9.04433622162914267e-19 0.00000000000000000e+00
1.93985642379355522e-18 0.00000000000000000e+00
0.00000000000000000e+00 0.00000000000000000e+00
7.16543235021121722e-19 0.00000000000000000e+00
0.00000000000000000e+00 0.00000000000000000e+00
0.00000000000000000e+00 0.00000000000000000e+00
1.24003890178017243e-18 0.00000000000000000e+00
1.77451587653487009e-18 0.00000000000000000e+00
0.00000000000000000e+00 0.00000000000000000e+00
0.00000000000000000e+00 0.00000000000000000e+00
6.29286900998634982e-19 0.00000000000000000e+00
0.00000000000000000e+00 0.00000000000000000e+00
-1.29594895039949480e-18 0.00000000000000000e+00
-1.19987391125547343e-19 0.00000000000000000e+00
0.00000000000000000e+00 0.00000000000000000e+00
0.00000000000000000e+00 0.00000000000000000e+00
8.40675731277322875e-19 0.00000000000000000e+00
-1.40891964721776369e-18 0.00000000000000000e+00
0.00000000000000000e+00 0.00000000000000000e+00
-2.28244577092244385e-18 0.00000000000000000e+00
0.00000000000000000e+00 0.00000000000000000e+00
0.00000000000000000e+00 0.00000000000000000e+00
6.18576978878953658e-19 0.00000000000000000e+00
-6.02813369252906139e-18 0.00000000000000000e+00
0.00000000000000000e+00 0.00000000000000000e+00
0.00000000000000000e+00 0.00000000000000000e+00
-7.54424407193063480e-20 0.00000000000000000e+00
0.00000000000000000e+00 0.00000000000000000e+00
-4.02283639459471145e-19 0.00000000000000000e+00
5.40508798617962590e-20 0.00000000000000000e+00
0.00000000000000000e+00 0.00000000000000000e+00
-4.02409674811529620e-18 0.00000000000000000e+00
0.00000000000000000e+00 0.00000000000000000e+00
0.00000000000000000e+00 0.00000000000000000e+00
8.67754198337556431e-19 0.00000000000000000e+00
0.00000000000000000e+00 0.00000000000000000e+00
-6.69328744097752046e-19 0.00000000000000000e+00
7.10856459668279299e-19 0.00000000000000000e+00
0.00000000000000000e+00 0.00000000000000000e+00
0.00000000000000000e+00 0.00000000000000000e+00
1.12445819447922881e-18 0.00000000000000000e+00
-1.81997383914425675e-18 0.00000000000000000e+00
0.00000000000000000e+00 0.00000000000000000e+00
-1.39474439501027488e-18 0.00000000000000000e+00
0.00000000000000000e+00 0.00000000000000000e+00
0.00000000000000000e+00 0.00000000000000000e+00
4.33446060076064813e-19 0.00000000000000000e+00
-1.07616452202946673e-17 0.00000000000000000e+00
0.00000000000000000e+00 0.00000000000000000e+00
0.00000000000000000e+00 0.00000000000000000e+00
-4.28055227304342546e-20 0.00000000000000000e+00
0.00000000000000000e+00 0.00000000000000000e+00
-5.49009569741632733e-19 0.00000000000000000e+00
1.76125944241554954e-18 0.00000000000000000e+00
0.00000000000000000e+00 0.00000000000000000e+00
0.00000000000000000e+00 0.00000000000000000e+00
-1.23421414803014431e-18 0.00000000000000000e+00
-1.64243295997255392e-18 0.00000000000000000e+00
0.00000000000000000e+00 0.00000000000000000e+00
-9.06022661373708200e-19 0.00000000000000000e+00
0.00000000000000000e+00 0.00000000000000000e+00
0.00000000000000000e+00 0.00000000000000000e+00
-5.03674427242937949e-20 0.00000000000000000e+00
0.00000000000000000e+00 0.00000000000000000e+00
1.64150139248131775e-19 0.00000000000000000e+00
2.45965100638886722e-19 0.00000000000000000e+00
0.00000000000000000e+00 0.00000000000000000e+00
3.59054555876041266e-18 0.00000000000000000e+00
0.00000000000000000e+00 0.00000000000000000e+00
0.00000000000000000e+00 0.00000000000000000e+00
6.70704744081643776e-19 0.00000000000000000e+00
1.01347402556203617e-18 0.00000000000000000e+00
0.00000000000000000e+00 0.00000000000000000e+00
0.00000000000000000e+00 0.00000000000000000e+00
-2.38555773710992582e-19 0.00000000000000000e+00
0.00000000000000000e+00 0.00000000000000000e+00
-6.39057150578206228e-19 0.00000000000000000e+00
1.04554980700450353e-18 0.00000000000000000e+00
0.00000000000000000e+00 0.00000000000000000e+00
0.00000000000000000e+00 0.00000000000000000e+00
4.34313684766786892e-19 0.00000000000000000e+00
5.37722701510327444e-19 0.00000000000000000e+00
0.00000000000000000e+00 0.00000000000000000e+00
-1.03178554444330551e-18 0.00000000000000000e+00
0.00000000000000000e+00 0.00000000000000000e+00
0.00000000000000000e+00 0.00000000000000000e+00
-4.44614274494614988e-20 0.00000000000000000e+00
-1.50438035162614095e-18 0.00000000000000000e+00
0.00000000000000000e+00 0.00000000000000000e+00
0.00000000000000000e+00 0.00000000000000000e+00
3.84318340024448229e-19 0.00000000000000000e+00
0.00000000000000000e+00 0.00000000000000000e+00
-6.83685924499221955e-19 0.00000000000000000e+00
2.40803758690039886e-18 0.00000000000000000e+00
0.00000000000000000e+00 0.00000000000000000e+00
-2.70454311288050388e-18 0.00000000000000000e+00
0.00000000000000000e+00 0.00000000000000000e+00
0.00000000000000000e+00 0.00000000000000000e+00
-2.12284951436964386e-19 0.00000000000000000e+00
0.00000000000000000e+00 0.00000000000000000e+00
6.23358691579647409e-20 0.00000000000000000e+00
2.70107944153596160e-19 0.00000000000000000e+00
0.00000000000000000e+00 0.00000000000000000e+00
0.00000000000000000e+00 0.00000000000000000e+00
4.60207148601878630e-19 0.00000000000000000e+00
1.77054802515710245e-18 0.00000000000000000e+00
0.00000000000000000e+00 0.00000000000000000e+00
-6.42870903873697947e-19 0.00000000000000000e+00
0.00000000000000000e+00 0.00000000000000000e+00
0.00000000000000000e+00 0.00000000000000000e+00
-2.55137109531244202e-19 0.00000000000000000e+00
0.00000000000000000e+00 0.00000000000000000e+00
7.46479137541369333e-19 0.00000000000000000e+00
5.36977543357712633e-19 0.00000000000000000e+00
0.00000000000000000e+00 0.00000000000000000e+00
1.00115035015277032e-18 0.00000000000000000e+00
0.00000000000000000e+00 0.00000000000000000e+00
0.00000000000000000e+00 0.00000000000000000e+00
8.98417163337486906e-20 0.00000000000000000e+00
-1.44708028787635364e-18 0.00000000000000000e+00
0.00000000000000000e+00 0.00000000000000000e+00
0.00000000000000000e+00 0.00000000000000000e+00
6.50715070401032067e-19 0.00000000000000000e+00
0.00000000000000000e+00 0.00000000000000000e+00
-1.72630171731746277e-19 0.00000000000000000e+00
-1.97759648246255506e-18 0.00000000000000000e+00
0.00000000000000000e+00 0.00000000000000000e+00
-7.16826535948351176e-19 0.00000000000000000e+00
0.00000000000000000e+00 0.00000000000000000e+00
0.00000000000000000e+00 0.00000000000000000e+00
5.08906454081377098e-20 0.00000000000000000e+00
0.00000000000000000e+00 0.00000000000000000e+00
-4.80402709308790999e-19 0.00000000000000000e+00
-2.54775682813003934e-19 0.00000000000000000e+00
0.00000000000000000e+00 0.00000000000000000e+00
0.00000000000000000e+00 0.00000000000000000e+00
4.85880633909699046e-19 0.00000000000000000e+00
1.08644492581901299e-18 0.00000000000000000e+00
0.00000000000000000e+00 0.00000000000000000e+00
-3.17343125352125799e-18 0.00000000000000000e+00
0.00000000000000000e+00 0.00000000000000000e+00
0.00000000000000000e+00 0.00000000000000000e+00
5.01582213716534286e-19 0.00000000000000000e+00
6.68244353713844082e-18 0.00000000000000000e+00
0.00000000000000000e+00 0.00000000000000000e+00
0.00000000000000000e+00 0.00000000000000000e+00
-4.26653040765674364e-19 0.00000000000000000e+00
0.00000000000000000e+00 0.00000000000000000e+00
-9.26854390023926992e-19 0.00000000000000000e+00
8.78363843012493595e-19 0.00000000000000000e+00
0.00000000000000000e+00 0.00000000000000000e+00
0.00000000000000000e+00 0.00000000000000000e+00
-1.41368572752649321e-18 0.00000000000000000e+00
-1.09713659485406815e-18 0.00000000000000000e+00
0.00000000000000000e+00 0.00000000000000000e+00
1.35721093197375929e-18 0.00000000000000000e+00
0.00000000000000000e+00 0.00000000000000000e+00
0.00000000000000000e+00 0.00000000000000000e+00
4.94259947950289868e-20 0.00000000000000000e+00
0.00000000000000000e+00 0.00000000000000000e+00
4.01984045924504482e-19 0.00000000000000000e+00
-1.42186911932072030e-18 0.00000000000000000e+00
0.00000000000000000e+00 0.00000000000000000e+00
-1.97793556104334191e-18 0.00000000000000000e+00
0.00000000000000000e+00 0.00000000000000000e+00
0.00000000000000000e+00 0.00000000000000000e+00
8.20834244027048688e-19 0.00000000000000000e+00
1.12783316593057162e-18 0.00000000000000000e+00
0.00000000000000000e+00 0.00000000000000000e+00
0.00000000000000000e+00 0.00000000000000000e+00
7.38590433170238517e-19 0.00000000000000000e+00
0.00000000000000000e+00 0.00000000000000000e+00
5.47326229443699367e-20 0.00000000000000000e+00
-4.12006960425444302e-19 0.00000000000000000e+00
0.00000000000000000e+00 0.00000000000000000e+00
-2.04588068945531035e-17 0.00000000000000000e+00
0.00000000000000000e+00 0.00000000000000000e+00
0.00000000000000000e+00 0.00000000000000000e+00
2.78793152269150213e-19 0.00000000000000000e+00
0.00000000000000000e+00 0.00000000000000000e+00
-3.36075408458147201e-19 0.00000000000000000e+00
1.05587037372206702e-18 0.00000000000000000e+00
0.00000000000000000e+00 0.00000000000000000e+00
0.00000000000000000e+00 0.00000000000000000e+00
-5.59563474525834496e-19 0.00000000000000000e+00
-1.21960229072446978e-18 0.00000000000000000e+00
0.00000000000000000e+00 0.00000000000000000e+00
-7.78049400027508632e-19 0.00000000000000000e+00
0.00000000000000000e+00 0.00000000000000000e+00
0.00000000000000000e+00 0.00000000000000000e+00
3.51881850799873818e-19 0.00000000000000000e+00
0.00000000000000000e+00 0.00000000000000000e+00
2.22395768439424587e-19 0.00000000000000000e+00
2.32908699060334888e-18 0.00000000000000000e+00
0.00000000000000000e+00 0.00000000000000000e+00
5.10731705521427079e-19 0.00000000000000000e+00
0.00000000000000000e+00 0.00000000000000000e+00
0.00000000000000000e+00 0.00000000000000000e+00
1.94314911392673909e-19 0.00000000000000000e+00
1.63266055755246251e-19 0.00000000000000000e+00
0.00000000000000000e+00 0.00000000000000000e+00
0.00000000000000000e+00 0.00000000000000000e+00
-3.75079400399862244e-19 0.00000000000000000e+00
0.00000000000000000e+00 0.00000000000000000e+00
-1.58856258826884838e-19 0.00000000000000000e+00
2.39767850189248546e-18 0.00000000000000000e+00
0.00000000000000000e+00 0.00000000000000000e+00
0.00000000000000000e+00 0.00000000000000000e+00
-9.74636149594891606e-19 0.00000000000000000e+00
-2.41529535157232401e-18 0.00000000000000000e+00
0.00000000000000000e+00 0.00000000000000000e+00
-7.90414966000174472e-19 0.00000000000000000e+00
0.00000000000000000e+00 0.00000000000000000e+00
0.00000000000000000e+00 0.00000000000000000e+00
5.36033675191547644e-19 0.00000000000000000e+00
-2.70498669737810826e-18 0.00000000000000000e+00
0.00000000000000000e+00 0.00000000000000000e+00
0.00000000000000000e+00 0.00000000000000000e+00
-1.56146027084490089e-19 0.00000000000000000e+00
0.00000000000000000e+00 0.00000000000000000e+00
9.62713716615706881e-20 0.00000000000000000e+00
7.45740089938136410e-19 0.00000000000000000e+00
0.00000000000000000e+00 0.00000000000000000e+00
-3.14862566394053312e-18 0.00000000000000000e+00
0.00000000000000000e+00 0.00000000000000000e+00
0.00000000000000000e+00 0.00000000000000000e+00
9.69395019891174096e-20 0.00000000000000000e+00
0.00000000000000000e+00 0.00000000000000000e+00
-4.82832321372626136e-19 0.00000000000000000e+00
1.00765311106228920e-18 0.00000000000000000e+00
0.00000000000000000e+00 0.00000000000000000e+00
0.00000000000000000e+00 0.00000000000000000e+00
-2.70033073245497032e-19 0.00000000000000000e+00
-1.58363484848761075e-18 0.00000000000000000e+00
0.00000000000000000e+00 0.00000000000000000e+00
1.14843198563759306e-19 0.00000000000000000e+00
0.00000000000000000e+00 0.00000000000000000e+00
0.00000000000000000e+00 0.00000000000000000e+00
-1.33351635816049625e-19 0.00000000000000000e+00
0.00000000000000000e+00 0.00000000000000000e+00
2.86381613747687922e-18 0.00000000000000000e+00
2.30877026070870385e-18 0.00000000000000000e+00
0.00000000000000000e+00 0.00000000000000000e+00
9.10585671165852787e-19 0.00000000000000000e+00
0.00000000000000000e+00 0.00000000000000000e+00
0.00000000000000000e+00 0.00000000000000000e+00
-5.13807888584171422e-19 0.00000000000000000e+00
5.43121879931617425e-19 0.00000000000000000e+00
0.00000000000000000e+00 0.00000000000000000e+00
0.00000000000000000e+00 0.00000000000000000e+00
-4.61570829279102183e-20 0.00000000000000000e+00
0.00000000000000000e+00 0.00000000000000000e+00
-5.53073829685303759e-19 0.00000000000000000e+00
-7.63380967397707053e-19 0.00000000000000000e+00
0.00000000000000000e+00 0.00000000000000000e+00
-1.69324286736739368e-18 0.00000000000000000e+00
0.00000000000000000e+00 0.00000000000000000e+00
0.00000000000000000e+00 0.00000000000000000e+00
9.29871034359537245e-19 0.00000000000000000e+00
0.00000000000000000e+00 0.00000000000000000e+00
-9.15314779961722985e-20 0.00000000000000000e+00
-1.41582025623648221e-19 0.00000000000000000e+00
0.00000000000000000e+00 0.00000000000000000e+00
0.00000000000000000e+00 0.00000000000000000e+00
2.84064457200970814e-19 0.00000000000000000e+00
5.72660166595929061e-19 0.00000000000000000e+00
0.00000000000000000e+00 0.00000000000000000e+00
-8.79587383118946541e-19 0.00000000000000000e+00
0.00000000000000000e+00 0.00000000000000000e+00
0.00000000000000000e+00 0.00000000000000000e+00
-2.46945674709415108e-19 0.00000000000000000e+00
-3.11492529660595494e-18 0.00000000000000000e+00
0.00000000000000000e+00 0.00000000000000000e+00
0.00000000000000000e+00 0.00000000000000000e+00
5.53698306583156286e-20 0.00000000000000000e+00
0.00000000000000000e+00 0.00000000000000000e+00
-5.85865555299731076e-19 0.00000000000000000e+00
2.25818677465214650e-19 0.00000000000000000e+00
0.00000000000000000e+00 0.00000000000000000e+00
0.00000000000000000e+00 0.00000000000000000e+00
-2.62315327773525215e-20 0.00000000000000000e+00
5.10248093094345805e-19 0.00000000000000000e+00
0.00000000000000000e+00 0.00000000000000000e+00
1.67026533572664904e-18 0.00000000000000000e+00
0.00000000000000000e+00 0.00000000000000000e+00
0.00000000000000000e+00 0.00000000000000000e+00
-4.59924213781415562e-19 0.00000000000000000e+00
0.00000000000000000e+00 0.00000000000000000e+00
-6.22558785131584148e-20 0.00000000000000000e+00
-6.16952390669325116e-19 0.00000000000000000e+00
0.00000000000000000e+00 0.00000000000000000e+00
-7.59854100609783554e-19 0.00000000000000000e+00
0.00000000000000000e+00 0.00000000000000000e+00
0.00000000000000000e+00 0.00000000000000000e+00
3.37574897821523713e-19 0.00000000000000000e+00
-2.37653566535714300e-18 0.00000000000000000e+00
0.00000000000000000e+00 0.00000000000000000e+00
0.00000000000000000e+00 0.00000000000000000e+00
3.99631850852135802e-19 0.00000000000000000e+00
0.00000000000000000e+00 0.00000000000000000e+00
-1.34452127325812905e-19 0.00000000000000000e+00
-6.72826164041601005e-19 0.00000000000000000e+00
0.00000000000000000e+00 0.00000000000000000e+00
0.00000000000000000e+00 0.00000000000000000e+00
2.95594204491613883e-18 0.00000000000000000e+00
-1.11479650987977487e-18 0.00000000000000000e+00
0.00000000000000000e+00 0.00000000000000000e+00
-7.87651457942324229e-19 0.00000000000000000e+00
0.00000000000000000e+00 0.00000000000000000e+00
0.00000000000000000e+00 0.00000000000000000e+00
3.95663183192127860e-19 0.00000000000000000e+00
-1.81584703944482075e-18 0.00000000000000000e+00
0.00000000000000000e+00 0.00000000000000000e+00
0.00000000000000000e+00 0.00000000000000000e+00
-9.08505504551677379e-19 0.00000000000000000e+00
0.00000000000000000e+00 0.00000000000000000e+00
-1.09374466111298637e-19 0.00000000000000000e+00
-1.38332565285066285e-19 0.00000000000000000e+00
0.00000000000000000e+00 0.00000000000000000e+00
-5.02418741469496730e-18 0.00000000000000000e+00
0.00000000000000000e+00 0.00000000000000000e+00
0.00000000000000000e+00 0.00000000000000000e+00
6.56220230807502935e-19 0.00000000000000000e+00
0.00000000000000000e+00 0.00000000000000000e+00
1.13572208456270962e-18 0.00000000000000000e+00
8.69426569062563921e-19 0.00000000000000000e+00
0.00000000000000000e+00 0.00000000000000000e+00
0.00000000000000000e+00 0.00000000000000000e+00
-8.21778125922825651e-20 0.00000000000000000e+00
5.61232794436222231e-20 0.00000000000000000e+00
0.00000000000000000e+00 0.00000000000000000e+00
-1.87246104151904022e-18 0.00000000000000000e+00
0.00000000000000000e+00 0.00000000000000000e+00
0.00000000000000000e+00 0.00000000000000000e+00
6.77171993132665896e-19 0.00000000000000000e+00
1.63825182659792805e-18 0.00000000000000000e+00
0.00000000000000000e+00 0.00000000000000000e+00
0.00000000000000000e+00 0.00000000000000000e+00
-1.19994252390317276e-19 0.00000000000000000e+00
0.00000000000000000e+00 0.00000000000000000e+00
-2.01871025969809030e-20 0.00000000000000000e+00
2.56601006284301309e-19 0.00000000000000000e+00
0.00000000000000000e+00 0.00000000000000000e+00
0.00000000000000000e+00 0.00000000000000000e+00
-4.47435649268536208e-19 0.00000000000000000e+00
1.07726217623412999e-18 0.00000000000000000e+00
0.00000000000000000e+00 0.00000000000000000e+00
-6.65777886289018799e-19 0.00000000000000000e+00
0.00000000000000000e+00 0.00000000000000000e+00
0.00000000000000000e+00 0.00000000000000000e+00
-2.65469502425208327e-19 0.00000000000000000e+00
0.00000000000000000e+00 0.00000000000000000e+00
8.06433946817854466e-19 0.00000000000000000e+00
2.11199656023030630e-19 0.00000000000000000e+00
0.00000000000000000e+00 0.00000000000000000e+00
2.27655661310998074e-18 0.00000000000000000e+00
0.00000000000000000e+00 0.00000000000000000e+00
0.00000000000000000e+00 0.00000000000000000e+00
8.43919859509098096e-20 0.00000000000000000e+00
1.29237822793164871e-18 0.00000000000000000e+00
0.00000000000000000e+00 0.00000000000000000e+00
0.00000000000000000e+00 0.00000000000000000e+00
-9.73848899541529729e-20 0.00000000000000000e+00
0.00000000000000000e+00 0.00000000000000000e+00
9.74230983052586543e-19 0.00000000000000000e+00
1.41950339290152646e-18 0.00000000000000000e+00
0.00000000000000000e+00 0.00000000000000000e+00
-2.08780775646025837e-18 0.00000000000000000e+00
0.00000000000000000e+00 0.00000000000000000e+00
0.00000000000000000e+00 0.00000000000000000e+00
9.29962521415186336e-20 0.00000000000000000e+00
0.00000000000000000e+00 0.00000000000000000e+00
-4.01006589568335424e-19 0.00000000000000000e+00
6.25468037008144212e-19 0.00000000000000000e+00
0.00000000000000000e+00 0.00000000000000000e+00
0.00000000000000000e+00 0.00000000000000000e+00
-6.77581745722332227e-19 0.00000000000000000e+00
-1.62101222781006214e-18 0.00000000000000000e+00
0.00000000000000000e+00 0.00000000000000000e+00
-7.74965726402087374e-19 0.00000000000000000e+00
0.00000000000000000e+00 0.00000000000000000e+00
0.00000000000000000e+00 0.00000000000000000e+00
6.84999401470843786e-20 0.00000000000000000e+00
0.00000000000000000e+00 0.00000000000000000e+00
7.26882617061904821e-19 0.00000000000000000e+00
-1.88397581693690320e-18 0.00000000000000000e+00
0.00000000000000000e+00 0.00000000000000000e+00
-1.39742500721277924e-19 0.00000000000000000e+00
0.00000000000000000e+00 0.00000000000000000e+00
0.00000000000000000e+00 0.00000000000000000e+00
-2.50895748343601644e-19 0.00000000000000000e+00
-4.22364133301039053e-19 0.00000000000000000e+00
0.00000000000000000e+00 0.00000000000000000e+00
0.00000000000000000e+00 0.00000000000000000e+00
2.95937023876630486e-19 0.00000000000000000e+00
0.00000000000000000e+00 0.00000000000000000e+00
-4.44087515341520315e-19 0.00000000000000000e+00
-1.80650720337748147e-18 0.00000000000000000e+00
0.00000000000000000e+00 0.00000000000000000e+00
0.00000000000000000e+00 0.00000000000000000e+00
-5.47565842914861641e-19 0.00000000000000000e+00
-1.54326829357609786e-18 0.00000000000000000e+00
0.00000000000000000e+00 0.00000000000000000e+00
-1.19333108142825654e-19 0.00000000000000000e+00
0.00000000000000000e+00 0.00000000000000000e+00
0.00000000000000000e+00 0.00000000000000000e+00
4.32762252895318768e-19 0.00000000000000000e+00
-3.60523972468946732e-18 0.00000000000000000e+00
0.00000000000000000e+00 0.00000000000000000e+00
0.00000000000000000e+00 0.00000000000000000e+00
-6.31886048824885343e-20 0.00000000000000000e+00
0.00000000000000000e+00 0.00000000000000000e+00
6.84863108303456287e-19 0.00000000000000000e+00
7.54017047409589837e-19 0.00000000000000000e+00
0.00000000000000000e+00 0.00000000000000000e+00
1.31799954493517470e-18 0.00000000000000000e+00
0.00000000000000000e+00 0.00000000000000000e+00
0.00000000000000000e+00 0.00000000000000000e+00
-1.28536411132420787e-19 0.00000000000000000e+00
0.00000000000000000e+00 0.00000000000000000e+00
3.60087214041193580e-19 0.00000000000000000e+00
-1.28842202109275900e-18 0.00000000000000000e+00
0.00000000000000000e+00 0.00000000000000000e+00
0.00000000000000000e+00 0.00000000000000000e+00
8.62451588778596480e-19 0.00000000000000000e+00
-6.24654019804780829e-19 0.00000000000000000e+00
0.00000000000000000e+00 0.00000000000000000e+00
1.31391219653573060e-18 0.00000000000000000e+00
0.00000000000000000e+00 0.00000000000000000e+00
0.00000000000000000e+00 0.00000000000000000e+00
8.82716245385965751e-19 0.00000000000000000e+00
0.00000000000000000e+00 0.00000000000000000e+00
-9.17945786048320012e-19 0.00000000000000000e+00
-4.61897028289283360e-18 0.00000000000000000e+00
0.00000000000000000e+00 0.00000000000000000e+00
-2.09704129817818910e-18 0.00000000000000000e+00
0.00000000000000000e+00 0.00000000000000000e+00
0.00000000000000000e+00 0.00000000000000000e+00
-4.56216656816238361e-19 0.00000000000000000e+00
-1.94926143172353054e-18 0.00000000000000000e+00
0.00000000000000000e+00 0.00000000000000000e+00
0.00000000000000000e+00 0.00000000000000000e+00
2.18114077070699405e-18 0.00000000000000000e+00
0.00000000000000000e+00 0.00000000000000000e+00
4.39521744222266910e-19 0.00000000000000000e+00
-4.50586067739550981e-18 0.00000000000000000e+00
0.00000000000000000e+00 0.00000000000000000e+00
8.32835757277448259e-18 0.00000000000000000e+00
0.00000000000000000e+00 0.00000000000000000e+00
0.00000000000000000e+00 0.00000000000000000e+00
-8.83240680960138871e-19 0.00000000000000000e+00
0.00000000000000000e+00 0.00000000000000000e+00
-6.69223511044764840e-19 0.00000000000000000e+00
1.71308681148949185e-18 0.00000000000000000e+00
0.00000000000000000e+00 0.00000000000000000e+00
0.00000000000000000e+00 0.00000000000000000e+00
-8.35526470961722285e-19 0.00000000000000000e+00
1.99828961556813293e-19 0.00000000000000000e+00
0.00000000000000000e+00 0.00000000000000000e+00
-3.96963794715638193e-18 0.00000000000000000e+00
0.00000000000000000e+00 0.00000000000000000e+00
0.00000000000000000e+00 0.00000000000000000e+00
-1.22359871674144861e-18 0.00000000000000000e+00
-1.79322763858957147e-17 0.00000000000000000e+00
0.00000000000000000e+00 0.00000000000000000e+00
0.00000000000000000e+00 0.00000000000000000e+00
-3.83378160270989848e-19 0.00000000000000000e+00
0.00000000000000000e+00 0.00000000000000000e+00
-8.41832534514059115e-19 0.00000000000000000e+00
-4.66145439107936698e-19 0.00000000000000000e+00
0.00000000000000000e+00 0.00000000000000000e+00
0.00000000000000000e+00 0.00000000000000000e+00
2.07669133159041233e-18 0.00000000000000000e+00
8.63865531185446109e-19 0.00000000000000000e+00
0.00000000000000000e+00 0.00000000000000000e+00
1.00296210576587417e-18 0.00000000000000000e+00
0.00000000000000000e+00 0.00000000000000000e+00
0.00000000000000000e+00 0.00000000000000000e+00
1.88629929179587078e-18 0.00000000000000000e+00
0.00000000000000000e+00 0.00000000000000000e+00
-2.19081078743861179e-18 0.00000000000000000e+00
-1.85927170341493370e-18 0.00000000000000000e+00
0.00000000000000000e+00 0.00000000000000000e+00
-1.11296348291474562e-18 0.00000000000000000e+00
0.00000000000000000e+00 0.00000000000000000e+00
0.00000000000000000e+00 0.00000000000000000e+00
4.65709813656709172e-19 0.00000000000000000e+00
-1.55948370606420574e-18 0.00000000000000000e+00
0.00000000000000000e+00 0.00000000000000000e+00
0.00000000000000000e+00 0.00000000000000000e+00
-1.23517985487179183e-18 0.00000000000000000e+00
0.00000000000000000e+00 0.00000000000000000e+00
-7.47900182421003791e-19 0.00000000000000000e+00
1.07270184309113527e-19 0.00000000000000000e+00
0.00000000000000000e+00 0.00000000000000000e+00
-1.87885909711541471e-17 0.00000000000000000e+00
0.00000000000000000e+00 0.00000000000000000e+00
0.00000000000000000e+00 0.00000000000000000e+00
3.94692259219494519e-19 0.00000000000000000e+00
0.00000000000000000e+00 0.00000000000000000e+00
-7.45477496106326735e-19 0.00000000000000000e+00
-9.52799992127936465e-19 0.00000000000000000e+00
0.00000000000000000e+00 0.00000000000000000e+00
0.00000000000000000e+00 0.00000000000000000e+00
1.04532197559714498e-19 0.00000000000000000e+00
2.32178597539198032e-18 0.00000000000000000e+00
0.00000000000000000e+00 0.00000000000000000e+00
1.20672275610491179e-19 0.00000000000000000e+00
0.00000000000000000e+00 0.00000000000000000e+00
0.00000000000000000e+00 0.00000000000000000e+00
-4.18594678616441840e-19 0.00000000000000000e+00
0.00000000000000000e+00 0.00000000000000000e+00
1.56300047195943128e-18 0.00000000000000000e+00
-1.70713498793691238e-18 0.00000000000000000e+00
0.00000000000000000e+00 0.00000000000000000e+00
-1.94779273459889389e-18 0.00000000000000000e+00
0.00000000000000000e+00 0.00000000000000000e+00
0.00000000000000000e+00 0.00000000000000000e+00
-8.01932904962733860e-19 0.00000000000000000e+00
1.01412368906467667e-18 0.00000000000000000e+00
0.00000000000000000e+00 0.00000000000000000e+00
0.00000000000000000e+00 0.00000000000000000e+00
7.85143541813998791e-19 0.00000000000000000e+00
0.00000000000000000e+00 0.00000000000000000e+00
-1.01971174758508077e-18 0.00000000000000000e+00
-1.93955172501918459e-18 0.00000000000000000e+00
0.00000000000000000e+00 0.00000000000000000e+00
0.00000000000000000e+00 0.00000000000000000e+00
1.79096806780234647e-19 0.00000000000000000e+00
-1.89445304047430259e-18 0.00000000000000000e+00
0.00000000000000000e+00 0.00000000000000000e+00
2.50579666351087639e-18 0.00000000000000000e+00
0.00000000000000000e+00 0.00000000000000000e+00
0.00000000000000000e+00 0.00000000000000000e+00
1.90434271368336384e-19 0.00000000000000000e+00
3.09944534460644873e-18 0.00000000000000000e+00
0.00000000000000000e+00 0.00000000000000000e+00
0.00000000000000000e+00 0.00000000000000000e+00
8.10575372298739318e-19 0.00000000000000000e+00
0.00000000000000000e+00 0.00000000000000000e+00
6.81373929867388545e-19 0.00000000000000000e+00
1.51073938274713045e-18 0.00000000000000000e+00
0.00000000000000000e+00 0.00000000000000000e+00
-2.89678365071732231e-18 0.00000000000000000e+00
0.00000000000000000e+00 0.00000000000000000e+00
0.00000000000000000e+00 0.00000000000000000e+00
-7.35768835362184139e-20 0.00000000000000000e+00
0.00000000000000000e+00 0.00000000000000000e+00
-8.61210907272489602e-19 0.00000000000000000e+00
8.17583813376357147e-19 0.00000000000000000e+00
0.00000000000000000e+00 0.00000000000000000e+00
0.00000000000000000e+00 0.00000000000000000e+00
-1.74552386665952904e-18 0.00000000000000000e+00
1.19334621437169906e-18 0.00000000000000000e+00
0.00000000000000000e+00 0.00000000000000000e+00
2.70236629616111172e-18 0.00000000000000000e+00
0.00000000000000000e+00 0.00000000000000000e+00
0.00000000000000000e+00 0.00000000000000000e+00
-9.23823212565196869e-19 0.00000000000000000e+00
1.92402614946657036e-18 0.00000000000000000e+00
0.00000000000000000e+00 0.00000000000000000e+00
0.00000000000000000e+00 0.00000000000000000e+00
-1.05804315183438439e-20 0.00000000000000000e+00
0.00000000000000000e+00 0.00000000000000000e+00
-3.44540251319748185e-19 0.00000000000000000e+00
-1.17191201722447705e-18 0.00000000000000000e+00
0.00000000000000000e+00 0.00000000000000000e+00
0.00000000000000000e+00 0.00000000000000000e+00
1.57904076009071136e-18 0.00000000000000000e+00
9.47807792500920448e-19 0.00000000000000000e+00
0.00000000000000000e+00 0.00000000000000000e+00
-2.81394907998663475e-18 0.00000000000000000e+00
0.00000000000000000e+00 0.00000000000000000e+00
0.00000000000000000e+00 0.00000000000000000e+00
5.94506757427069665e-20 0.00000000000000000e+00
0.00000000000000000e+00 0.00000000000000000e+00
9.85360231271114300e-19 0.00000000000000000e+00
1.64735398670379346e-18 0.00000000000000000e+00
0.00000000000000000e+00 0.00000000000000000e+00
7.29800991835746223e-19 0.00000000000000000e+00
0.00000000000000000e+00 0.00000000000000000e+00
0.00000000000000000e+00 0.00000000000000000e+00
5.36941437634852942e-19 0.00000000000000000e+00
3.63996977039657458e-18 0.00000000000000000e+00
0.00000000000000000e+00 0.00000000000000000e+00
0.00000000000000000e+00 0.00000000000000000e+00
1.09119307434826096e-18 0.00000000000000000e+00
0.00000000000000000e+00 0.00000000000000000e+00
2.43354663675710518e-19 0.00000000000000000e+00
-2.81248197922505983e-19 0.00000000000000000e+00
0.00000000000000000e+00 0.00000000000000000e+00
0.00000000000000000e+00 0.00000000000000000e+00
3.44333163483771118e-19 0.00000000000000000e+00
-4.33025207541372619e-18 0.00000000000000000e+00
0.00000000000000000e+00 0.00000000000000000e+00
-6.66397842831914701e-19 0.00000000000000000e+00
0.00000000000000000e+00 0.00000000000000000e+00
0.00000000000000000e+00 0.00000000000000000e+00
-1.28989528846919433e-18 0.00000000000000000e+00
5.65758591271314822e-19 0.00000000000000000e+00
0.00000000000000000e+00 0.00000000000000000e+00
0.00000000000000000e+00 0.00000000000000000e+00
1.55806950293428627e-18 0.00000000000000000e+00
0.00000000000000000e+00 0.00000000000000000e+00
3.12427675459033827e-19 0.00000000000000000e+00
-7.29726679522365054e-19 0.00000000000000000e+00
0.00000000000000000e+00 0.00000000000000000e+00
-7.08681223734481343e-18 0.00000000000000000e+00
0.00000000000000000e+00 0.00000000000000000e+00
0.00000000000000000e+00 0.00000000000000000e+00
8.39730459494148100e-19 0.00000000000000000e+00
0.00000000000000000e+00 0.00000000000000000e+00
4.24693964870533253e-19 0.00000000000000000e+00
1.16992885436746493e-18 0.00000000000000000e+00
0.00000000000000000e+00 0.00000000000000000e+00
0.00000000000000000e+00 0.00000000000000000e+00
-3.46201334275831425e-19 0.00000000000000000e+00
-1.42876203971306788e-18 0.00000000000000000e+00
0.00000000000000000e+00 0.00000000000000000e+00
3.37225019111980046e-18 0.00000000000000000e+00
0.00000000000000000e+00 0.00000000000000000e+00
0.00000000000000000e+00 0.00000000000000000e+00
1.05409170769149340e-18 0.00000000000000000e+00
0.00000000000000000e+00 0.00000000000000000e+00
2.50396008881722320e-18 0.00000000000000000e+00
-3.10301308374449358e-18 0.00000000000000000e+00
0.00000000000000000e+00 0.00000000000000000e+00
-6.64444379353354297e-18 0.00000000000000000e+00
0.00000000000000000e+00 0.00000000000000000e+00
0.00000000000000000e+00 0.00000000000000000e+00
-1.33773949957238076e-18 0.00000000000000000e+00
8.69135641355943876e-18 0.00000000000000000e+00
0.00000000000000000e+00 0.00000000000000000e+00
0.00000000000000000e+00 0.00000000000000000e+00
2.47487090302279297e-19 0.00000000000000000e+00
0.00000000000000000e+00 0.00000000000000000e+00
8.36368276961234347e-20 0.00000000000000000e+00
1.48023558840747894e-18 0.00000000000000000e+00
0.00000000000000000e+00 0.00000000000000000e+00
8.31662448198283494e-18 0.00000000000000000e+00
0.00000000000000000e+00 0.00000000000000000e+00
0.00000000000000000e+00 0.00000000000000000e+00
1.42399293876099904e-19 0.00000000000000000e+00
0.00000000000000000e+00 0.00000000000000000e+00
-1.98408881522338923e-18 0.00000000000000000e+00
-4.84472153530918630e-19 0.00000000000000000e+00
0.00000000000000000e+00 0.00000000000000000e+00
0.00000000000000000e+00 0.00000000000000000e+00
-6.66097481871846524e-19 0.00000000000000000e+00
1.14838356676369095e-18 0.00000000000000000e+00
0.00000000000000000e+00 0.00000000000000000e+00
-5.61420036042243379e-19 0.00000000000000000e+00
0.00000000000000000e+00 0.00000000000000000e+00
0.00000000000000000e+00 0.00000000000000000e+00
-1.31622054306829386e-18 0.00000000000000000e+00
4.81932293064991874e-18 0.00000000000000000e+00
0.00000000000000000e+00 0.00000000000000000e+00
0.00000000000000000e+00 0.00000000000000000e+00
6.80396655529000490e-19 0.00000000000000000e+00
0.00000000000000000e+00 0.00000000000000000e+00
-1.36957715568150924e-18 0.00000000000000000e+00
-1.78508257693826344e-19 0.00000000000000000e+00
0.00000000000000000e+00 0.00000000000000000e+00
0.00000000000000000e+00 0.00000000000000000e+00
3.79111239271348174e-19 0.00000000000000000e+00
5.48518917859069842e-19 0.00000000000000000e+00
0.00000000000000000e+00 0.00000000000000000e+00
-5.29281191076848056e-19 0.00000000000000000e+00
0.00000000000000000e+00 0.00000000000000000e+00
0.00000000000000000e+00 0.00000000000000000e+00
-4.59361245187402460e-19 0.00000000000000000e+00
0.00000000000000000e+00 0.00000000000000000e+00
2.28598974101392250e-18 0.00000000000000000e+00
1.21735959400248210e-18 0.00000000000000000e+00
0.00000000000000000e+00 0.00000000000000000e+00
1.19139802036060963e-18 0.00000000000000000e+00
0.00000000000000000e+00 0.00000000000000000e+00
0.00000000000000000e+00 0.00000000000000000e+00
-1.05242151529540800e-19 0.00000000000000000e+00
2.89999558343744495e-18 0.00000000000000000e+00
0.00000000000000000e+00 0.00000000000000000e+00
0.00000000000000000e+00 0.00000000000000000e+00
-7.76335625138105357e-19 0.00000000000000000e+00
0.00000000000000000e+00 0.00000000000000000e+00
-4.27394820974309784e-19 0.00000000000000000e+00
1.20510554014538478e-18 0.00000000000000000e+00
0.00000000000000000e+00 0.00000000000000000e+00
-6.13829012535049645e-18 0.00000000000000000e+00
0.00000000000000000e+00 0.00000000000000000e+00
0.00000000000000000e+00 0.00000000000000000e+00
6.59314523087757914e-19 0.00000000000000000e+00
0.00000000000000000e+00 0.00000000000000000e+00
8.12866381880857418e-19 0.00000000000000000e+00
-1.03528164437291458e-18 0.00000000000000000e+00
0.00000000000000000e+00 0.00000000000000000e+00
0.00000000000000000e+00 0.00000000000000000e+00
-5.51933471892547699e-19 0.00000000000000000e+00
8.78004841701962787e-19 0.00000000000000000e+00
0.00000000000000000e+00 0.00000000000000000e+00
-1.11174856048089752e-18 0.00000000000000000e+00
0.00000000000000000e+00 0.00000000000000000e+00
0.00000000000000000e+00 0.00000000000000000e+00
-4.28354191708810921e-19 0.00000000000000000e+00
0.00000000000000000e+00 0.00000000000000000e+00
1.02535201272424386e-18 0.00000000000000000e+00
-1.30915266117867042e-19 0.00000000000000000e+00
0.00000000000000000e+00 0.00000000000000000e+00
2.94796810384547960e-20 0.00000000000000000e+00
0.00000000000000000e+00 0.00000000000000000e+00
0.00000000000000000e+00 0.00000000000000000e+00
-3.31278736022823376e-19 0.00000000000000000e+00
4.02691461287809650e-18 0.00000000000000000e+00
0.00000000000000000e+00 0.00000000000000000e+00
0.00000000000000000e+00 0.00000000000000000e+00
5.00466619529146079e-19 0.00000000000000000e+00
0.00000000000000000e+00 0.00000000000000000e+00
-9.34287776327919647e-20 0.00000000000000000e+00
-4.66466969352912396e-20 0.00000000000000000e+00
0.00000000000000000e+00 0.00000000000000000e+00
0.00000000000000000e+00 0.00000000000000000e+00
-9.02134260256766443e-19 0.00000000000000000e+00
-4.27290250916950282e-18 0.00000000000000000e+00
0.00000000000000000e+00 0.00000000000000000e+00
2.34645480280584280e-18 0.00000000000000000e+00
0.00000000000000000e+00 0.00000000000000000e+00
0.00000000000000000e+00 0.00000000000000000e+00
1.08237660601571870e-18 0.00000000000000000e+00
-3.01986904820784933e-18 0.00000000000000000e+00
0.00000000000000000e+00 0.00000000000000000e+00
0.00000000000000000e+00 0.00000000000000000e+00
5.42780135121741086e-19 0.00000000000000000e+00
0.00000000000000000e+00 0.00000000000000000e+00
4.53925923863648124e-19 0.00000000000000000e+00
-2.95931039914180481e-19 0.00000000000000000e+00
0.00000000000000000e+00 0.00000000000000000e+00
-9.00070069509934337e-18 0.00000000000000000e+00
0.00000000000000000e+00 0.00000000000000000e+00
0.00000000000000000e+00 0.00000000000000000e+00
3.26665935086152153e-19 0.00000000000000000e+00
0.00000000000000000e+00 0.00000000000000000e+00
-4.77445269176834896e-19 0.00000000000000000e+00
1.48784534923354631e-18 0.00000000000000000e+00
0.00000000000000000e+00 0.00000000000000000e+00
0.00000000000000000e+00 0.00000000000000000e+00
-1.60800272576375211e-19 0.00000000000000000e+00
-5.47287967514346090e-19 0.00000000000000000e+00
0.00000000000000000e+00 0.00000000000000000e+00
-2.04301260830801068e-20 0.00000000000000000e+00
0.00000000000000000e+00 0.00000000000000000e+00
0.00000000000000000e+00 0.00000000000000000e+00
-5.34532952392374824e-20 0.00000000000000000e+00
0.00000000000000000e+00 0.00000000000000000e+00
-4.50645468717973666e-18 0.00000000000000000e+00
-1.01555655057990009e-18 0.00000000000000000e+00
0.00000000000000000e+00 0.00000000000000000e+00
-1.57210018009550801e-18 0.00000000000000000e+00
0.00000000000000000e+00 0.00000000000000000e+00
0.00000000000000000e+00 0.00000000000000000e+00
-7.19582552863859844e-19 0.00000000000000000e+00
5.24498601457058073e-18 0.00000000000000000e+00
0.00000000000000000e+00 0.00000000000000000e+00
0.00000000000000000e+00 0.00000000000000000e+00
6.89996683701384242e-19 0.00000000000000000e+00
0.00000000000000000e+00 0.00000000000000000e+00
-2.01087082816273420e-18 0.00000000000000000e+00
-1.23046725994293697e-19 0.00000000000000000e+00
0.00000000000000000e+00 0.00000000000000000e+00
4.88011991807486848e-18 0.00000000000000000e+00
0.00000000000000000e+00 0.00000000000000000e+00
0.00000000000000000e+00 0.00000000000000000e+00
-1.42279827508487563e-19 0.00000000000000000e+00
0.00000000000000000e+00 0.00000000000000000e+00
-5.93233815681014393e-19 0.00000000000000000e+00
7.02362079570025974e-19 0.00000000000000000e+00
0.00000000000000000e+00 0.00000000000000000e+00
0.00000000000000000e+00 0.00000000000000000e+00
-1.30104839674296958e-18 0.00000000000000000e+00
1.89606486240425164e-18 0.00000000000000000e+00
0.00000000000000000e+00 0.00000000000000000e+00
-1.24694946555485888e-18 0.00000000000000000e+00
0.00000000000000000e+00 0.00000000000000000e+00
0.00000000000000000e+00 0.00000000000000000e+00
-1.35086022447740364e-18 0.00000000000000000e+00
7.11308254042881593e-18 0.00000000000000000e+00
0.00000000000000000e+00 0.00000000000000000e+00
0.00000000000000000e+00 0.00000000000000000e+00
3.70834095130599978e-20 0.00000000000000000e+00
0.00000000000000000e+00 0.00000000000000000e+00
1.01249178881181641e-19 0.00000000000000000e+00
3.11970239403774705e-19 0.00000000000000000e+00
0.00000000000000000e+00 0.00000000000000000e+00
0.00000000000000000e+00 0.00000000000000000e+00
-1.15926498593450029e-18 0.00000000000000000e+00
3.59192054066176413e-19 0.00000000000000000e+00
0.00000000000000000e+00 0.00000000000000000e+00
-5.46474321516648429e-19 0.00000000000000000e+00
0.00000000000000000e+00 0.00000000000000000e+00
0.00000000000000000e+00 0.00000000000000000e+00
-5.54400008958728830e-19 0.00000000000000000e+00
0.00000000000000000e+00 0.00000000000000000e+00
-1.39497743595217655e-19 0.00000000000000000e+00
1.65084781190834177e-18 0.00000000000000000e+00
0.00000000000000000e+00 0.00000000000000000e+00
2.65297067643899059e-19 0.00000000000000000e+00
0.00000000000000000e+00 0.00000000000000000e+00
0.00000000000000000e+00 0.00000000000000000e+00
5.33116820558233170e-19 0.00000000000000000e+00
8.20886713891732595e-19 0.00000000000000000e+00
0.00000000000000000e+00 0.00000000000000000e+00
0.00000000000000000e+00 0.00000000000000000e+00
-2.53532635141265452e-19 0.00000000000000000e+00
0.00000000000000000e+00 0.00000000000000000e+00
-1.15690923473939806e-18 0.00000000000000000e+00
-1.55946852068414886e-18 0.00000000000000000e+00
0.00000000000000000e+00 0.00000000000000000e+00
0.00000000000000000e+00 0.00000000000000000e+00
1.59172083521192919e-18 0.00000000000000000e+00
2.31267060747360872e-18 0.00000000000000000e+00
0.00000000000000000e+00 0.00000000000000000e+00
-1.22425181606034250e-18 0.00000000000000000e+00
0.00000000000000000e+00 0.00000000000000000e+00
0.00000000000000000e+00 0.00000000000000000e+00
-8.42036871509190546e-20 0.00000000000000000e+00
2.37969228505409481e-18 0.00000000000000000e+00
0.00000000000000000e+00 0.00000000000000000e+00
0.00000000000000000e+00 0.00000000000000000e+00
5.55075302162660437e-19 0.00000000000000000e+00
0.00000000000000000e+00 0.00000000000000000e+00
1.36529624897829693e-19 0.00000000000000000e+00
8.43123588697282675e-21 0.00000000000000000e+00
0.00000000000000000e+00 0.00000000000000000e+00
1.01184995800450658e-17 0.00000000000000000e+00
0.00000000000000000e+00 0.00000000000000000e+00
0.00000000000000000e+00 0.00000000000000000e+00
8.79690243666610549e-19 0.00000000000000000e+00
0.00000000000000000e+00 0.00000000000000000e+00
9.02522583274425136e-19 0.00000000000000000e+00
3.12826948445774047e-20 0.00000000000000000e+00
0.00000000000000000e+00 0.00000000000000000e+00
0.00000000000000000e+00 0.00000000000000000e+00
1.60681936051247084e-18 0.00000000000000000e+00
1.21028949609807416e-18 0.00000000000000000e+00
0.00000000000000000e+00 0.00000000000000000e+00
-2.23097963655958564e-18 0.00000000000000000e+00
0.00000000000000000e+00 0.00000000000000000e+00
0.00000000000000000e+00 0.00000000000000000e+00
1.21068002256849985e-18 0.00000000000000000e+00
-5.69449536298012924e-18 0.00000000000000000e+00
0.00000000000000000e+00 0.00000000000000000e+00
0.00000000000000000e+00 0.00000000000000000e+00
5.10429763725220940e-19 0.00000000000000000e+00
0.00000000000000000e+00 0.00000000000000000e+00
-8.47535116832158175e-19 0.00000000000000000e+00
-1.71161266007800208e-19 0.00000000000000000e+00
0.00000000000000000e+00 0.00000000000000000e+00
0.00000000000000000e+00 0.00000000000000000e+00
2.31366939448339717e-18 0.00000000000000000e+00
-8.90412619666654608e-19 0.00000000000000000e+00
0.00000000000000000e+00 0.00000000000000000e+00
-2.01320384518681982e-18 0.00000000000000000e+00
0.00000000000000000e+00 0.00000000000000000e+00
0.00000000000000000e+00 0.00000000000000000e+00
5.03935344711302320e-19 0.00000000000000000e+00
0.00000000000000000e+00 0.00000000000000000e+00
1.99500098009131710e-18 0.00000000000000000e+00
3.93521199506682441e-18 0.00000000000000000e+00
0.00000000000000000e+00 0.00000000000000000e+00
6.60766884594100978e-19 0.00000000000000000e+00
0.00000000000000000e+00 0.00000000000000000e+00
0.00000000000000000e+00 0.00000000000000000e+00
6.99929755007018944e-19 0.00000000000000000e+00
3.96792832780653350e-20 0.00000000000000000e+00
0.00000000000000000e+00 0.00000000000000000e+00
0.00000000000000000e+00 0.00000000000000000e+00
6.25316067295377315e-19 0.00000000000000000e+00
0.00000000000000000e+00 0.00000000000000000e+00
1.50218873217526014e-19 0.00000000000000000e+00
2.10704498966617408e-18 0.00000000000000000e+00
0.00000000000000000e+00 0.00000000000000000e+00
5.66178481439672821e-18 0.00000000000000000e+00
0.00000000000000000e+00 0.00000000000000000e+00
0.00000000000000000e+00 0.00000000000000000e+00
7.58221908478008958e-19 0.00000000000000000e+00
0.00000000000000000e+00 0.00000000000000000e+00
-3.19457908589843879e-19 0.00000000000000000e+00
5.79238051763187148e-19 0.00000000000000000e+00
0.00000000000000000e+00 0.00000000000000000e+00
0.00000000000000000e+00 0.00000000000000000e+00
6.56834103290771048e-19 0.00000000000000000e+00
2.00514959772288054e-18 0.00000000000000000e+00
0.00000000000000000e+00 0.00000000000000000e+00
-1.29565863294677093e-18 0.00000000000000000e+00
0.00000000000000000e+00 0.00000000000000000e+00
0.00000000000000000e+00 0.00000000000000000e+00
9.65070259972934075e-19 0.00000000000000000e+00
0.00000000000000000e+00 0.00000000000000000e+00
-2.10858393177946473e-19 0.00000000000000000e+00
2.48306586238904751e-18 0.00000000000000000e+00
0.00000000000000000e+00 0.00000000000000000e+00
-2.31959890106476505e-18 0.00000000000000000e+00
0.00000000000000000e+00 0.00000000000000000e+00
0.00000000000000000e+00 0.00000000000000000e+00
1.04759519859735245e-18 0.00000000000000000e+00
-3.21228192530363349e-18 0.00000000000000000e+00
0.00000000000000000e+00 0.00000000000000000e+00
0.00000000000000000e+00 0.00000000000000000e+00
7.90413308366827131e-19 0.00000000000000000e+00
0.00000000000000000e+00 0.00000000000000000e+00
5.19488141491112408e-19 0.00000000000000000e+00
-4.34205680763017885e-19 0.00000000000000000e+00
0.00000000000000000e+00 0.00000000000000000e+00
0.00000000000000000e+00 0.00000000000000000e+00
4.19962609240506544e-19 0.00000000000000000e+00
-1.36470692179357978e-18 0.00000000000000000e+00
0.00000000000000000e+00 0.00000000000000000e+00
-2.03295503077710344e-18 0.00000000000000000e+00
0.00000000000000000e+00 0.00000000000000000e+00
0.00000000000000000e+00 0.00000000000000000e+00
-6.60570430384747020e-19 0.00000000000000000e+00
1.63719742011132091e-18 0.00000000000000000e+00
0.00000000000000000e+00 0.00000000000000000e+00
0.00000000000000000e+00 0.00000000000000000e+00
-5.50511854066182236e-19 0.00000000000000000e+00
0.00000000000000000e+00 0.00000000000000000e+00
-7.46231785316500069e-21 0.00000000000000000e+00
-8.08878635722222194e-19 0.00000000000000000e+00
0.00000000000000000e+00 0.00000000000000000e+00
5.64654878460061917e-18 0.00000000000000000e+00
0.00000000000000000e+00 0.00000000000000000e+00
0.00000000000000000e+00 0.00000000000000000e+00
7.70359368231703775e-19 0.00000000000000000e+00
0.00000000000000000e+00 0.00000000000000000e+00
-4.61035011199315932e-20 0.00000000000000000e+00
-5.08921057754609985e-19 0.00000000000000000e+00
0.00000000000000000e+00 0.00000000000000000e+00
0.00000000000000000e+00 0.00000000000000000e+00
2.97424041135298664e-18 0.00000000000000000e+00
2.98438512124155448e-18 0.00000000000000000e+00
0.00000000000000000e+00 0.00000000000000000e+00
1.96380913594974439e-18 0.00000000000000000e+00
0.00000000000000000e+00 0.00000000000000000e+00
0.00000000000000000e+00 0.00000000000000000e+00
-9.23031429917114976e-19 0.00000000000000000e+00
-2.34428183348522545e-18 0.00000000000000000e+00
0.00000000000000000e+00 0.00000000000000000e+00
0.00000000000000000e+00 0.00000000000000000e+00
4.25822576185897617e-19 0.00000000000000000e+00
0.00000000000000000e+00 0.00000000000000000e+00
1.74224935108066112e-19 0.00000000000000000e+00
-9.72929245997189007e-19 0.00000000000000000e+00
0.00000000000000000e+00 0.00000000000000000e+00
0.00000000000000000e+00 0.00000000000000000e+00
-2.47853487536018276e-19 0.00000000000000000e+00
5.67427924800655869e-20 0.00000000000000000e+00
0.00000000000000000e+00 0.00000000000000000e+00
3.52016072514974225e-20 0.00000000000000000e+00
0.00000000000000000e+00 0.00000000000000000e+00
0.00000000000000000e+00 0.00000000000000000e+00
-2.72036627984999552e-19 0.00000000000000000e+00
0.00000000000000000e+00 0.00000000000000000e+00
1.82384595431040834e-18 0.00000000000000000e+00
6.47064102969992349e-19 0.00000000000000000e+00
0.00000000000000000e+00 0.00000000000000000e+00
-4.13868675288525481e-19 0.00000000000000000e+00
0.00000000000000000e+00 0.00000000000000000e+00
0.00000000000000000e+00 0.00000000000000000e+00
-7.42545801421269872e-19 0.00000000000000000e+00
1.42469811733294566e-18 0.00000000000000000e+00
0.00000000000000000e+00 0.00000000000000000e+00
0.00000000000000000e+00 0.00000000000000000e+00
-1.11263312221087559e-19 0.00000000000000000e+00
0.00000000000000000e+00 0.00000000000000000e+00
-3.23644265248944691e-19 0.00000000000000000e+00
-3.44080686558097916e-19 0.00000000000000000e+00
0.00000000000000000e+00 0.00000000000000000e+00
0.00000000000000000e+00 0.00000000000000000e+00
5.35307798673251840e-19 0.00000000000000000e+00
-1.94131428451272257e-18 0.00000000000000000e+00
0.00000000000000000e+00 0.00000000000000000e+00
1.91750324906917259e-18 0.00000000000000000e+00
0.00000000000000000e+00 0.00000000000000000e+00
0.00000000000000000e+00 0.00000000000000000e+00
-5.00233129194874705e-19 0.00000000000000000e+00
-2.46503399060340354e-18 0.00000000000000000e+00
0.00000000000000000e+00 0.00000000000000000e+00
0.00000000000000000e+00 0.00000000000000000e+00
8.72695001511934663e-19 0.00000000000000000e+00
0.00000000000000000e+00 0.00000000000000000e+00
9.14055464951851350e-19 0.00000000000000000e+00
5.22268522066905937e-19 0.00000000000000000e+00
0.00000000000000000e+00 0.00000000000000000e+00
-3.33583903957279923e-18 0.00000000000000000e+00
0.00000000000000000e+00 0.00000000000000000e+00
0.00000000000000000e+00 0.00000000000000000e+00
-8.39125063406274956e-19 0.00000000000000000e+00
0.00000000000000000e+00 0.00000000000000000e+00
-8.33894164490025074e-19 0.00000000000000000e+00
4.67167918209651928e-19 0.00000000000000000e+00
0.00000000000000000e+00 0.00000000000000000e+00
0.00000000000000000e+00 0.00000000000000000e+00
-3.93726627058796793e-19 0.00000000000000000e+00
-2.76866650417990183e-19 0.00000000000000000e+00
0.00000000000000000e+00 0.00000000000000000e+00
-2.60699785529285766e-18 0.00000000000000000e+00
0.00000000000000000e+00 0.00000000000000000e+00
0.00000000000000000e+00 0.00000000000000000e+00
4.70022439568502424e-19 0.00000000000000000e+00
0.00000000000000000e+00 0.00000000000000000e+00
-1.04123274254363135e-18 0.00000000000000000e+00
-3.62278875501093942e-18 0.00000000000000000e+00
0.00000000000000000e+00 0.00000000000000000e+00
-3.13944680476507438e-18 0.00000000000000000e+00
0.00000000000000000e+00 0.00000000000000000e+00
0.00000000000000000e+00 0.00000000000000000e+00
-1.07383506746415429e-18 0.00000000000000000e+00
2.00893101704247092e-18 0.00000000000000000e+00
0.00000000000000000e+00 0.00000000000000000e+00
0.00000000000000000e+00 0.00000000000000000e+00
1.50712556593258898e-18 0.00000000000000000e+00
0.00000000000000000e+00 0.00000000000000000e+00
-1.58634704122339701e-18 0.00000000000000000e+00
-1.51376910385636438e-18 0.00000000000000000e+00
0.00000000000000000e+00 0.00000000000000000e+00
2.41558357507016968e-19 0.00000000000000000e+00
0.00000000000000000e+00 0.00000000000000000e+00
0.00000000000000000e+00 0.00000000000000000e+00
-4.05610964469897043e-19 0.00000000000000000e+00
0.00000000000000000e+00 0.00000000000000000e+00
-9.27314667256143908e-19 0.00000000000000000e+00
4.42326580156001362e-19 0.00000000000000000e+00
0.00000000000000000e+00 0.00000000000000000e+00
0.00000000000000000e+00 0.00000000000000000e+00
-5.10031138709279237e-19 0.00000000000000000e+00
1.95916505877358041e-19 0.00000000000000000e+00
0.00000000000000000e+00 0.00000000000000000e+00
-1.98169987880305632e-18 0.00000000000000000e+00
0.00000000000000000e+00 0.00000000000000000e+00
0.00000000000000000e+00 0.00000000000000000e+00
-1.98258857412461636e-19 0.00000000000000000e+00
-1.11414607281416865e-17 0.00000000000000000e+00
0.00000000000000000e+00 0.00000000000000000e+00
0.00000000000000000e+00 0.00000000000000000e+00
1.14137364559754397e-19 0.00000000000000000e+00
0.00000000000000000e+00 0.00000000000000000e+00
-1.67803414998565727e-18 0.00000000000000000e+00
2.43597161089808881e-19 0.00000000000000000e+00
0.00000000000000000e+00 0.00000000000000000e+00
0.00000000000000000e+00 0.00000000000000000e+00
-2.63469161852132187e-19 0.00000000000000000e+00
-5.99342393922987662e-19 0.00000000000000000e+00
0.00000000000000000e+00 0.00000000000000000e+00
4.47003302897403075e-19 0.00000000000000000e+00
0.00000000000000000e+00 0.00000000000000000e+00
0.00000000000000000e+00 0.00000000000000000e+00
7.80457476562157452e-19 0.00000000000000000e+00
0.00000000000000000e+00 0.00000000000000000e+00
8.06886868000951191e-19 0.00000000000000000e+00
1.50063990226101640e-19 0.00000000000000000e+00
0.00000000000000000e+00 0.00000000000000000e+00
-4.83805959019321581e-19 0.00000000000000000e+00
0.00000000000000000e+00 0.00000000000000000e+00
0.00000000000000000e+00 0.00000000000000000e+00
3.50068002062560174e-19 0.00000000000000000e+00
1.73772463776854202e-18 0.00000000000000000e+00
0.00000000000000000e+00 0.00000000000000000e+00
0.00000000000000000e+00 0.00000000000000000e+00
5.01154814738476103e-19 0.00000000000000000e+00
0.00000000000000000e+00 0.00000000000000000e+00
2.85906159215576140e-19 0.00000000000000000e+00
-1.76501808841681285e-18 0.00000000000000000e+00
0.00000000000000000e+00 0.00000000000000000e+00
0.00000000000000000e+00 0.00000000000000000e+00
4.12377422890510589e-19 0.00000000000000000e+00
3.51218259807515414e-18 0.00000000000000000e+00
0.00000000000000000e+00 0.00000000000000000e+00
2.43546148204510342e-18 0.00000000000000000e+00
0.00000000000000000e+00 0.00000000000000000e+00
0.00000000000000000e+00 0.00000000000000000e+00
-6.17521414061911671e-19 0.00000000000000000e+00
6.51866682286965051e-18 0.00000000000000000e+00
0.00000000000000000e+00 0.00000000000000000e+00
0.00000000000000000e+00 0.00000000000000000e+00
2.81360553437206681e-20 0.00000000000000000e+00
0.00000000000000000e+00 0.00000000000000000e+00
7.12513644110107430e-19 0.00000000000000000e+00
-9.02691004412457249e-19 0.00000000000000000e+00
0.00000000000000000e+00 0.00000000000000000e+00
4.02728775702862697e-18 0.00000000000000000e+00
0.00000000000000000e+00 0.00000000000000000e+00
0.00000000000000000e+00 0.00000000000000000e+00
-5.68347511827899334e-19 0.00000000000000000e+00
0.00000000000000000e+00 0.00000000000000000e+00
4.54638431959423092e-19 0.00000000000000000e+00
9.01281149248177663e-19 0.00000000000000000e+00
0.00000000000000000e+00 0.00000000000000000e+00
0.00000000000000000e+00 0.00000000000000000e+00
5.19290895141439423e-19 0.00000000000000000e+00
1.12326136070635097e-18 0.00000000000000000e+00
0.00000000000000000e+00 0.00000000000000000e+00
-9.44310167876539549e-19 0.00000000000000000e+00
0.00000000000000000e+00 0.00000000000000000e+00
0.00000000000000000e+00 0.00000000000000000e+00
1.48918582229477956e-18 0.00000000000000000e+00
9.52538042927631149e-18 0.00000000000000000e+00
0.00000000000000000e+00 0.00000000000000000e+00
0.00000000000000000e+00 0.00000000000000000e+00
-6.30161228638739142e-19 0.00000000000000000e+00
0.00000000000000000e+00 0.00000000000000000e+00
-5.15314039645631971e-19 0.00000000000000000e+00
-2.20314512184497544e-18 0.00000000000000000e+00
0.00000000000000000e+00 0.00000000000000000e+00
0.00000000000000000e+00 0.00000000000000000e+00
5.19565848013909065e-20 0.00000000000000000e+00
6.26748538042048051e-19 0.00000000000000000e+00
0.00000000000000000e+00 0.00000000000000000e+00
-1.67154896214000625e-18 0.00000000000000000e+00
0.00000000000000000e+00 0.00000000000000000e+00
0.00000000000000000e+00 0.00000000000000000e+00
1.22762579892700365e-18 0.00000000000000000e+00
0.00000000000000000e+00 0.00000000000000000e+00
-1.19268699738117382e-19 0.00000000000000000e+00
-1.81763406609610553e-18 0.00000000000000000e+00
0.00000000000000000e+00 0.00000000000000000e+00
7.08587862248808778e-19 0.00000000000000000e+00
0.00000000000000000e+00 0.00000000000000000e+00
0.00000000000000000e+00 0.00000000000000000e+00
1.08235551477297261e-19 0.00000000000000000e+00
-5.21111447328165015e-19 0.00000000000000000e+00
0.00000000000000000e+00 0.00000000000000000e+00
0.00000000000000000e+00 0.00000000000000000e+00
8.28333995978694983e-19 0.00000000000000000e+00
0.00000000000000000e+00 0.00000000000000000e+00
2.84951978447213632e-19 0.00000000000000000e+00
1.62349152676506057e-18 0.00000000000000000e+00
0.00000000000000000e+00 0.00000000000000000e+00
6.30729198532479785e-18 0.00000000000000000e+00
0.00000000000000000e+00 0.00000000000000000e+00
0.00000000000000000e+00 0.00000000000000000e+00
5.24372817427588407e-19 0.00000000000000000e+00
0.00000000000000000e+00 0.00000000000000000e+00
-5.53353867060922398e-19 0.00000000000000000e+00
3.15085907688205864e-19 0.00000000000000000e+00
0.00000000000000000e+00 0.00000000000000000e+00
0.00000000000000000e+00 0.00000000000000000e+00
-1.43982345171519085e-19 0.00000000000000000e+00
1.58106078037893322e-18 0.00000000000000000e+00
0.00000000000000000e+00 0.00000000000000000e+00
1.50799645721717147e-18 0.00000000000000000e+00
0.00000000000000000e+00 0.00000000000000000e+00
0.00000000000000000e+00 0.00000000000000000e+00
-2.85211485605523138e-19 0.00000000000000000e+00
0.00000000000000000e+00 0.00000000000000000e+00
7.76449418343170721e-19 0.00000000000000000e+00
8.38482737060597059e-19 0.00000000000000000e+00
0.00000000000000000e+00 0.00000000000000000e+00
-3.79388645999538201e-19 0.00000000000000000e+00
0.00000000000000000e+00 0.00000000000000000e+00
0.00000000000000000e+00 0.00000000000000000e+00
8.38910463573776468e-19 0.00000000000000000e+00
-1.88342636901025614e-18 0.00000000000000000e+00
0.00000000000000000e+00 0.00000000000000000e+00
0.00000000000000000e+00 0.00000000000000000e+00
-8.27708832319322404e-20 0.00000000000000000e+00
0.00000000000000000e+00 0.00000000000000000e+00
-5.22031322292324956e-19 0.00000000000000000e+00
1.44151446566946986e-18 0.00000000000000000e+00
0.00000000000000000e+00 0.00000000000000000e+00
0.00000000000000000e+00 0.00000000000000000e+00
-6.51424996694759168e-19 0.00000000000000000e+00
-3.50345329273229554e-18 0.00000000000000000e+00
0.00000000000000000e+00 0.00000000000000000e+00
-2.16407395357598744e-18 0.00000000000000000e+00
0.00000000000000000e+00 0.00000000000000000e+00
0.00000000000000000e+00 0.00000000000000000e+00
-6.09335589568887543e-20 0.00000000000000000e+00
1.92639491910139603e-18 0.00000000000000000e+00
0.00000000000000000e+00 0.00000000000000000e+00
0.00000000000000000e+00 0.00000000000000000e+00
3.65436924068803596e-19 0.00000000000000000e+00
0.00000000000000000e+00 0.00000000000000000e+00
6.22333422813513640e-19 0.00000000000000000e+00
-7.22436570017376684e-19 0.00000000000000000e+00
0.00000000000000000e+00 0.00000000000000000e+00
1.23867159280756155e-18 0.00000000000000000e+00
0.00000000000000000e+00 0.00000000000000000e+00
0.00000000000000000e+00 0.00000000000000000e+00
1.36761432669110106e-19 0.00000000000000000e+00
0.00000000000000000e+00 0.00000000000000000e+00
-7.01736820933279208e-19 0.00000000000000000e+00
1.20751192085533802e-18 0.00000000000000000e+00
0.00000000000000000e+00 0.00000000000000000e+00
0.00000000000000000e+00 0.00000000000000000e+00
-3.82682655599342803e-19 0.00000000000000000e+00
1.75887297769355277e-18 0.00000000000000000e+00
0.00000000000000000e+00 0.00000000000000000e+00
-1.35873968405769501e-18 0.00000000000000000e+00
0.00000000000000000e+00 0.00000000000000000e+00
0.00000000000000000e+00 0.00000000000000000e+00
-9.19534322707728287e-19 0.00000000000000000e+00
0.00000000000000000e+00 0.00000000000000000e+00
-3.57473515450238012e-18 0.00000000000000000e+00
-6.75538322486705833e-18 0.00000000000000000e+00
0.00000000000000000e+00 0.00000000000000000e+00
-7.83674746618396735e-18 0.00000000000000000e+00
0.00000000000000000e+00 0.00000000000000000e+00
0.00000000000000000e+00 0.00000000000000000e+00
1.05429944578661888e-18 0.00000000000000000e+00
-1.61864288175681520e-17 0.00000000000000000e+00
0.00000000000000000e+00 0.00000000000000000e+00
0.00000000000000000e+00 0.00000000000000000e+00
1.02043131782996471e-18 0.00000000000000000e+00
0.00000000000000000e+00 0.00000000000000000e+00
3.82964975568114128e-19 0.00000000000000000e+00
-1.70734784911438305e-18 0.00000000000000000e+00
0.00000000000000000e+00 0.00000000000000000e+00
-4.24251000661720571e-18 0.00000000000000000e+00
0.00000000000000000e+00 0.00000000000000000e+00
0.00000000000000000e+00 0.00000000000000000e+00
9.60600531175672679e-19 0.00000000000000000e+00
0.00000000000000000e+00 0.00000000000000000e+00
8.00173316629437350e-19 0.00000000000000000e+00
1.54981892588039234e-18 0.00000000000000000e+00
0.00000000000000000e+00 0.00000000000000000e+00
0.00000000000000000e+00 0.00000000000000000e+00
1.17011774934212587e-18 0.00000000000000000e+00
1.52611890696422455e-18 0.00000000000000000e+00
0.00000000000000000e+00 0.00000000000000000e+00
-2.19434349472317872e-18 0.00000000000000000e+00
0.00000000000000000e+00 0.00000000000000000e+00
0.00000000000000000e+00 0.00000000000000000e+00
-4.53054098574741708e-19 0.00000000000000000e+00
-2.12054527406456609e-17 0.00000000000000000e+00
0.00000000000000000e+00 0.00000000000000000e+00
0.00000000000000000e+00 0.00000000000000000e+00
2.31813767660685646e-19 0.00000000000000000e+00
0.00000000000000000e+00 0.00000000000000000e+00
1.62383949569326141e-18 0.00000000000000000e+00
1.08829246701726104e-18 0.00000000000000000e+00
0.00000000000000000e+00 0.00000000000000000e+00
0.00000000000000000e+00 0.00000000000000000e+00
1.92107486177920032e-18 0.00000000000000000e+00
-2.34328216397618101e-19 0.00000000000000000e+00
0.00000000000000000e+00 0.00000000000000000e+00
-5.04528648781858485e-18 0.00000000000000000e+00
0.00000000000000000e+00 0.00000000000000000e+00
0.00000000000000000e+00 0.00000000000000000e+00
6.17066500286059008e-19 0.00000000000000000e+00
0.00000000000000000e+00 0.00000000000000000e+00
1.68696934424748918e-19 0.00000000000000000e+00
2.40492730461946104e-18 0.00000000000000000e+00
0.00000000000000000e+00 0.00000000000000000e+00
-7.97778338175676716e-21 0.00000000000000000e+00
0.00000000000000000e+00 0.00000000000000000e+00
0.00000000000000000e+00 0.00000000000000000e+00
1.08105671436327091e-18 0.00000000000000000e+00
-2.46603428123213535e-18 0.00000000000000000e+00
0.00000000000000000e+00 0.00000000000000000e+00
0.00000000000000000e+00 0.00000000000000000e+00
2.21830573593111197e-20 0.00000000000000000e+00
0.00000000000000000e+00 0.00000000000000000e+00
5.07367291168491864e-19 0.00000000000000000e+00
2.50148475219888494e-18 0.00000000000000000e+00
0.00000000000000000e+00 0.00000000000000000e+00
-1.48525544048964659e-17 0.00000000000000000e+00
0.00000000000000000e+00 0.00000000000000000e+00
0.00000000000000000e+00 0.00000000000000000e+00
-7.57378053470465073e-19 0.00000000000000000e+00
0.00000000000000000e+00 0.00000000000000000e+00
4.24295874375318092e-19 0.00000000000000000e+00
-2.48072420223340255e-19 0.00000000000000000e+00
0.00000000000000000e+00 0.00000000000000000e+00
0.00000000000000000e+00 0.00000000000000000e+00
1.13049070504655862e-19 0.00000000000000000e+00
1.22702939293015453e-18 0.00000000000000000e+00
0.00000000000000000e+00 0.00000000000000000e+00
-1.56770316577384105e-18 0.00000000000000000e+00
0.00000000000000000e+00 0.00000000000000000e+00
0.00000000000000000e+00 0.00000000000000000e+00
-6.04481862780436465e-19 0.00000000000000000e+00
0.00000000000000000e+00 0.00000000000000000e+00
-9.21906991775620983e-19 0.00000000000000000e+00
-1.49034926727189777e-18 0.00000000000000000e+00
0.00000000000000000e+00 0.00000000000000000e+00
-3.08341406217370728e-18 0.00000000000000000e+00
0.00000000000000000e+00 0.00000000000000000e+00
0.00000000000000000e+00 0.00000000000000000e+00
4.21209279070091670e-19 0.00000000000000000e+00
-3.35232667182353522e-18 0.00000000000000000e+00
0.00000000000000000e+00 0.00000000000000000e+00
0.00000000000000000e+00 0.00000000000000000e+00
5.29116385566901352e-19 0.00000000000000000e+00
0.00000000000000000e+00 0.00000000000000000e+00
-1.63872410231233958e-19 0.00000000000000000e+00
-1.38433640163504027e-18 0.00000000000000000e+00
0.00000000000000000e+00 0.00000000000000000e+00
0.00000000000000000e+00 0.00000000000000000e+00
8.07298372286713740e-19 0.00000000000000000e+00
-2.57362261513688159e-18 0.00000000000000000e+00
0.00000000000000000e+00 0.00000000000000000e+00
1.92286890700863825e-18 0.00000000000000000e+00
0.00000000000000000e+00 0.00000000000000000e+00
0.00000000000000000e+00 0.00000000000000000e+00
1.24693768206091526e-18 0.00000000000000000e+00
2.81314674075353289e-18 0.00000000000000000e+00
0.00000000000000000e+00 0.00000000000000000e+00
0.00000000000000000e+00 0.00000000000000000e+00
-3.73244855910283855e-19 0.00000000000000000e+00
0.00000000000000000e+00 0.00000000000000000e+00
-3.41779265330701168e-19 0.00000000000000000e+00
1.01255187264947155e-18 0.00000000000000000e+00
0.00000000000000000e+00 0.00000000000000000e+00
-8.68671431572349733e-19 0.00000000000000000e+00
0.00000000000000000e+00 0.00000000000000000e+00
0.00000000000000000e+00 0.00000000000000000e+00
1.52902677002912222e-20 0.00000000000000000e+00
0.00000000000000000e+00 0.00000000000000000e+00
1.54535219570916335e-18 0.00000000000000000e+00
-5.89093155204230130e-20 0.00000000000000000e+00
0.00000000000000000e+00 0.00000000000000000e+00
0.00000000000000000e+00 0.00000000000000000e+00
-6.55525537060199772e-19 0.00000000000000000e+00
2.25052075394765137e-18 0.00000000000000000e+00
0.00000000000000000e+00 0.00000000000000000e+00
-1.58667773194641097e-18 0.00000000000000000e+00
0.00000000000000000e+00 0.00000000000000000e+00
0.00000000000000000e+00 0.00000000000000000e+00
-9.21106775472079268e-19 0.00000000000000000e+00
-2.42779256742248566e-17 0.00000000000000000e+00
0.00000000000000000e+00 0.00000000000000000e+00
0.00000000000000000e+00 0.00000000000000000e+00
-2.00638067778532121e-20 0.00000000000000000e+00
0.00000000000000000e+00 0.00000000000000000e+00
3.28056468564227137e-19 0.00000000000000000e+00
-1.53533336758172872e-20 0.00000000000000000e+00
0.00000000000000000e+00 0.00000000000000000e+00
0.00000000000000000e+00 0.00000000000000000e+00
4.36747296046268447e-19 0.00000000000000000e+00
7.17694287988340162e-19 0.00000000000000000e+00
0.00000000000000000e+00 0.00000000000000000e+00
-2.08896342294646448e-18 0.00000000000000000e+00
0.00000000000000000e+00 0.00000000000000000e+00
0.00000000000000000e+00 0.00000000000000000e+00
7.99860806814002051e-19 0.00000000000000000e+00
0.00000000000000000e+00 0.00000000000000000e+00
2.22318495250184697e-19 0.00000000000000000e+00
2.18885776280001909e-18 0.00000000000000000e+00
0.00000000000000000e+00 0.00000000000000000e+00
1.37728608589113114e-18 0.00000000000000000e+00
0.00000000000000000e+00 0.00000000000000000e+00
0.00000000000000000e+00 0.00000000000000000e+00
4.03670048740127984e-22 0.00000000000000000e+00
-7.10012562835807657e-19 0.00000000000000000e+00
0.00000000000000000e+00 0.00000000000000000e+00
0.00000000000000000e+00 0.00000000000000000e+00
1.35299209640737118e-18 0.00000000000000000e+00
0.00000000000000000e+00 0.00000000000000000e+00
2.22718722216558447e-20 0.00000000000000000e+00
-5.57292432510917909e-19 0.00000000000000000e+00
0.00000000000000000e+00 0.00000000000000000e+00
0.00000000000000000e+00 0.00000000000000000e+00
8.48123595437446880e-19 0.00000000000000000e+00
-8.64284663565760281e-19 0.00000000000000000e+00
0.00000000000000000e+00 0.00000000000000000e+00
2.69787215561250127e-18 0.00000000000000000e+00
0.00000000000000000e+00 0.00000000000000000e+00
0.00000000000000000e+00 0.00000000000000000e+00
6.04588236469959651e-19 0.00000000000000000e+00
-1.07001970086308958e-18 0.00000000000000000e+00
0.00000000000000000e+00 0.00000000000000000e+00
0.00000000000000000e+00 0.00000000000000000e+00
2.50373736065208516e-19 0.00000000000000000e+00
0.00000000000000000e+00 0.00000000000000000e+00
9.35415945128461241e-19 0.00000000000000000e+00
-1.98324943124532820e-19 0.00000000000000000e+00
0.00000000000000000e+00 0.00000000000000000e+00
-3.47095116220660114e-18 0.00000000000000000e+00
0.00000000000000000e+00 0.00000000000000000e+00
0.00000000000000000e+00 0.00000000000000000e+00
1.11603496052841509e-18 0.00000000000000000e+00
0.00000000000000000e+00 0.00000000000000000e+00
4.02961605967842613e-19 0.00000000000000000e+00
-2.37986601252283588e-19 0.00000000000000000e+00
0.00000000000000000e+00 0.00000000000000000e+00
0.00000000000000000e+00 0.00000000000000000e+00
4.63927941813175317e-19 0.00000000000000000e+00
1.45388644059385951e-18 0.00000000000000000e+00
0.00000000000000000e+00 0.00000000000000000e+00
8.35292301384936647e-19 0.00000000000000000e+00
0.00000000000000000e+00 0.00000000000000000e+00
0.00000000000000000e+00 0.00000000000000000e+00
-1.57146997738508469e-20 0.00000000000000000e+00
0.00000000000000000e+00 0.00000000000000000e+00
2.99724921483380560e-19 0.00000000000000000e+00
2.01147450477629526e-18 0.00000000000000000e+00
0.00000000000000000e+00 0.00000000000000000e+00
-1.49012187131292150e-18 0.00000000000000000e+00
0.00000000000000000e+00 0.00000000000000000e+00
0.00000000000000000e+00 0.00000000000000000e+00
1.06731970598369473e-18 0.00000000000000000e+00
2.44618718363112272e-18 0.00000000000000000e+00
0.00000000000000000e+00 0.00000000000000000e+00
0.00000000000000000e+00 0.00000000000000000e+00
-3.03744718787751693e-19 0.00000000000000000e+00
0.00000000000000000e+00 0.00000000000000000e+00
-1.63710297359077844e-19 0.00000000000000000e+00
1.65068638976909269e-18 0.00000000000000000e+00
0.00000000000000000e+00 0.00000000000000000e+00
2.31828998060621373e-18 0.00000000000000000e+00
0.00000000000000000e+00 0.00000000000000000e+00
0.00000000000000000e+00 0.00000000000000000e+00
-3.81724914378656414e-19 0.00000000000000000e+00
0.00000000000000000e+00 0.00000000000000000e+00
6.36182546078801548e-19 0.00000000000000000e+00
3.14833386656656016e-19 0.00000000000000000e+00
0.00000000000000000e+00 0.00000000000000000e+00
0.00000000000000000e+00 0.00000000000000000e+00
1.02202652066382372e-18 0.00000000000000000e+00
2.74250294359345000e-18 0.00000000000000000e+00
0.00000000000000000e+00 0.00000000000000000e+00
-1.81704288053462818e-18 0.00000000000000000e+00
0.00000000000000000e+00 0.00000000000000000e+00
0.00000000000000000e+00 0.00000000000000000e+00
-4.21263247349283785e-20 0.00000000000000000e+00
1.05592504278308190e-17 0.00000000000000000e+00
0.00000000000000000e+00 0.00000000000000000e+00
0.00000000000000000e+00 0.00000000000000000e+00
-7.65909242330192011e-19 0.00000000000000000e+00
0.00000000000000000e+00 0.00000000000000000e+00
3.18275076116563537e-19 0.00000000000000000e+00
-1.25433198450700102e-19 0.00000000000000000e+00
0.00000000000000000e+00 0.00000000000000000e+00
0.00000000000000000e+00 0.00000000000000000e+00
7.46177724707070675e-19 0.00000000000000000e+00
-6.87546239818987980e-19 0.00000000000000000e+00
0.00000000000000000e+00 0.00000000000000000e+00
-1.33259484870804058e-18 0.00000000000000000e+00
0.00000000000000000e+00 0.00000000000000000e+00
0.00000000000000000e+00 0.00000000000000000e+00
-4.98017283264165613e-19 0.00000000000000000e+00
0.00000000000000000e+00 0.00000000000000000e+00
2.29296176459864589e-18 0.00000000000000000e+00
1.32514189939589111e-18 0.00000000000000000e+00
0.00000000000000000e+00 0.00000000000000000e+00
3.33064925217134691e-19 0.00000000000000000e+00
0.00000000000000000e+00 0.00000000000000000e+00
0.00000000000000000e+00 0.00000000000000000e+00
4.41540049811195075e-19 0.00000000000000000e+00
8.82711717889774858e-19 0.00000000000000000e+00
0.00000000000000000e+00 0.00000000000000000e+00
0.00000000000000000e+00 0.00000000000000000e+00
-5.21472971480126579e-19 0.00000000000000000e+00
0.00000000000000000e+00 0.00000000000000000e+00
-3.65182902462175891e-19 0.00000000000000000e+00
3.42173842311237413e-19 0.00000000000000000e+00
0.00000000000000000e+00 0.00000000000000000e+00
0.00000000000000000e+00 0.00000000000000000e+00
-3.81622163296557125e-17 0.00000000000000000e+00
-2.32798299049262025e-17 0.00000000000000000e+00
0.00000000000000000e+00 0.00000000000000000e+00
-3.58040253053959747e-17 0.00000000000000000e+00
0.00000000000000000e+00 0.00000000000000000e+00
0.00000000000000000e+00 0.00000000000000000e+00
1.58978954323877308e-18 0.00000000000000000e+00
-3.02718957406477921e-17 0.00000000000000000e+00
0.00000000000000000e+00 0.00000000000000000e+00
0.00000000000000000e+00 0.00000000000000000e+00
1.60732690135497915e-18 0.00000000000000000e+00
0.00000000000000000e+00 0.00000000000000000e+00
6.55427557339765113e-19 0.00000000000000000e+00
-2.38901664920642291e-18 0.00000000000000000e+00
0.00000000000000000e+00 0.00000000000000000e+00
-1.73679843914157133e-17 0.00000000000000000e+00
0.00000000000000000e+00 0.00000000000000000e+00
0.00000000000000000e+00 0.00000000000000000e+00
2.77990832114937374e-18 0.00000000000000000e+00
0.00000000000000000e+00 0.00000000000000000e+00
7.01513453699119296e-20 0.00000000000000000e+00
-1.32543144654839333e-18 0.00000000000000000e+00
0.00000000000000000e+00 0.00000000000000000e+00
0.00000000000000000e+00 0.00000000000000000e+00
-4.93367550613621022e-19 0.00000000000000000e+00
2.27529536378136658e-19 0.00000000000000000e+00
0.00000000000000000e+00 0.00000000000000000e+00
-5.41780869757175471e-18 0.00000000000000000e+00
0.00000000000000000e+00 0.00000000000000000e+00
0.00000000000000000e+00 0.00000000000000000e+00
-6.32376816220770655e-19 0.00000000000000000e+00
-6.14468335297448911e-17 0.00000000000000000e+00
0.00000000000000000e+00 0.00000000000000000e+00
0.00000000000000000e+00 0.00000000000000000e+00
1.41738096583772724e-18 0.00000000000000000e+00
0.00000000000000000e+00 0.00000000000000000e+00
-1.55754858014217664e-19 0.00000000000000000e+00
3.33434940426363076e-18 0.00000000000000000e+00
0.00000000000000000e+00 0.00000000000000000e+00
0.00000000000000000e+00 0.00000000000000000e+00
-1.49175548168777785e-19 0.00000000000000000e+00
1.12580706166171158e-18 0.00000000000000000e+00
0.00000000000000000e+00 0.00000000000000000e+00
-3.21669928023753998e-19 0.00000000000000000e+00
0.00000000000000000e+00 0.00000000000000000e+00
0.00000000000000000e+00 0.00000000000000000e+00
7.13850289743440386e-19 0.00000000000000000e+00
0.00000000000000000e+00 0.00000000000000000e+00
-1.71425145296847903e-19 0.00000000000000000e+00
-2.13131247606448067e-18 0.00000000000000000e+00
0.00000000000000000e+00 0.00000000000000000e+00
-4.20257973850378881e-18 0.00000000000000000e+00
0.00000000000000000e+00 0.00000000000000000e+00
0.00000000000000000e+00 0.00000000000000000e+00
-3.51844638355921120e-19 0.00000000000000000e+00
-5.88051411278201278e-18 0.00000000000000000e+00
0.00000000000000000e+00 0.00000000000000000e+00
0.00000000000000000e+00 0.00000000000000000e+00
-4.36735545541842508e-19 0.00000000000000000e+00
0.00000000000000000e+00 0.00000000000000000e+00
-2.55460958500294480e-19 0.00000000000000000e+00
-1.66101741537447029e-18 0.00000000000000000e+00
0.00000000000000000e+00 0.00000000000000000e+00
-2.58527224038329932e-17 0.00000000000000000e+00
0.00000000000000000e+00 0.00000000000000000e+00
0.00000000000000000e+00 0.00000000000000000e+00
2.51153871408042377e-19 0.00000000000000000e+00
0.00000000000000000e+00 0.00000000000000000e+00
-5.26080165051234883e-19 0.00000000000000000e+00
-1.93622149062679233e-19 0.00000000000000000e+00
0.00000000000000000e+00 0.00000000000000000e+00
0.00000000000000000e+00 0.00000000000000000e+00
8.52671233847264240e-19 0.00000000000000000e+00
-1.35341674221926244e-18 0.00000000000000000e+00
0.00000000000000000e+00 0.00000000000000000e+00
-1.32680761615510190e-18 0.00000000000000000e+00
0.00000000000000000e+00 0.00000000000000000e+00
0.00000000000000000e+00 0.00000000000000000e+00
9.71696920266549914e-19 0.00000000000000000e+00
0.00000000000000000e+00 0.00000000000000000e+00
2.64485986464494022e-19 0.00000000000000000e+00
2.63511223128176027e-18 0.00000000000000000e+00
0.00000000000000000e+00 0.00000000000000000e+00
7.58312342875534873e-18 0.00000000000000000e+00
0.00000000000000000e+00 0.00000000000000000e+00
0.00000000000000000e+00 0.00000000000000000e+00
6.03893054080734594e-19 0.00000000000000000e+00
3.08354581254345348e-18 0.00000000000000000e+00
0.00000000000000000e+00 0.00000000000000000e+00
0.00000000000000000e+00 0.00000000000000000e+00
-1.59030767073900627e-20 0.00000000000000000e+00
0.00000000000000000e+00 0.00000000000000000e+00
1.81283511558713999e-20 0.00000000000000000e+00
2.06156548005159513e-19 0.00000000000000000e+00
0.00000000000000000e+00 0.00000000000000000e+00
0.00000000000000000e+00 0.00000000000000000e+00
5.60567452699988949e-18 0.00000000000000000e+00
5.89856004127498889e-18 0.00000000000000000e+00
0.00000000000000000e+00 0.00000000000000000e+00
-5.28076812318108629e-18 0.00000000000000000e+00
0.00000000000000000e+00 0.00000000000000000e+00
0.00000000000000000e+00 0.00000000000000000e+00
4.02040005157567812e-19 0.00000000000000000e+00
-2.76366994511882143e-18 0.00000000000000000e+00
0.00000000000000000e+00 0.00000000000000000e+00
0.00000000000000000e+00 0.00000000000000000e+00
2.34485978969632984e-19 0.00000000000000000e+00
0.00000000000000000e+00 0.00000000000000000e+00
-7.57590828023361929e-19 0.00000000000000000e+00
1.15282444833388427e-18 0.00000000000000000e+00
0.00000000000000000e+00 0.00000000000000000e+00
-7.15638458870790392e-18 0.00000000000000000e+00
0.00000000000000000e+00 0.00000000000000000e+00
0.00000000000000000e+00 0.00000000000000000e+00
-6.79897636946369094e-19 0.00000000000000000e+00
0.00000000000000000e+00 0.00000000000000000e+00
-7.19533513738286359e-19 0.00000000000000000e+00
5.77285063915193810e-19 0.00000000000000000e+00
0.00000000000000000e+00 0.00000000000000000e+00
0.00000000000000000e+00 0.00000000000000000e+00
5.55702318521470127e-19 0.00000000000000000e+00
-4.22652763598023930e-18 0.00000000000000000e+00
0.00000000000000000e+00 0.00000000000000000e+00
6.97043613707056330e-19 0.00000000000000000e+00
0.00000000000000000e+00 0.00000000000000000e+00
0.00000000000000000e+00 0.00000000000000000e+00
-2.50659943874366271e-18 0.00000000000000000e+00
-2.76164960046833776e-17 0.00000000000000000e+00
0.00000000000000000e+00 0.00000000000000000e+00
0.00000000000000000e+00 0.00000000000000000e+00
1.25979134809152273e-18 0.00000000000000000e+00
0.00000000000000000e+00 0.00000000000000000e+00
8.63244041957143475e-19 0.00000000000000000e+00
5.24093772371611514e-19 0.00000000000000000e+00
0.00000000000000000e+00 0.00000000000000000e+00
0.00000000000000000e+00 0.00000000000000000e+00
-1.92453716206347814e-19 0.00000000000000000e+00
-7.69918735954644870e-19 0.00000000000000000e+00
0.00000000000000000e+00 0.00000000000000000e+00
-3.52511731102823915e-19 0.00000000000000000e+00
0.00000000000000000e+00 0.00000000000000000e+00
0.00000000000000000e+00 0.00000000000000000e+00
5.19656727721966417e-19 0.00000000000000000e+00
0.00000000000000000e+00 0.00000000000000000e+00
1.00771028414364106e-18 0.00000000000000000e+00
-2.81110723795102398e-18 0.00000000000000000e+00
0.00000000000000000e+00 0.00000000000000000e+00
-8.00917973407880879e-19 0.00000000000000000e+00
0.00000000000000000e+00 0.00000000000000000e+00
0.00000000000000000e+00 0.00000000000000000e+00
1.49455395198973738e-18 0.00000000000000000e+00
-5.45931630633882505e-18 0.00000000000000000e+00
0.00000000000000000e+00 0.00000000000000000e+00
0.00000000000000000e+00 0.00000000000000000e+00
-1.82728712649592985e-19 0.00000000000000000e+00
0.00000000000000000e+00 0.00000000000000000e+00
9.26284081177061175e-19 0.00000000000000000e+00
-1.22901139020943277e-18 0.00000000000000000e+00
0.00000000000000000e+00 0.00000000000000000e+00
0.00000000000000000e+00 0.00000000000000000e+00
1.45125721513549901e-18 0.00000000000000000e+00
1.21567311789343910e-18 0.00000000000000000e+00
0.00000000000000000e+00 0.00000000000000000e+00
-3.41385198460972773e-18 0.00000000000000000e+00
0.00000000000000000e+00 0.00000000000000000e+00
0.00000000000000000e+00 0.00000000000000000e+00
-1.88078549862481355e-19 0.00000000000000000e+00
2.00592828349138895e-18 0.00000000000000000e+00
0.00000000000000000e+00 0.00000000000000000e+00
0.00000000000000000e+00 0.00000000000000000e+00
7.30413165320093561e-19 0.00000000000000000e+00
0.00000000000000000e+00 0.00000000000000000e+00
6.26277863762841272e-19 0.00000000000000000e+00
2.36438828641447600e-18 0.00000000000000000e+00
0.00000000000000000e+00 0.00000000000000000e+00
5.06131531998391081e-18 0.00000000000000000e+00
0.00000000000000000e+00 0.00000000000000000e+00
0.00000000000000000e+00 0.00000000000000000e+00
2.62070241661974876e-19 0.00000000000000000e+00
0.00000000000000000e+00 0.00000000000000000e+00
1.09983140221388643e-18 0.00000000000000000e+00
1.46459454925573352e-18 0.00000000000000000e+00
0.00000000000000000e+00 0.00000000000000000e+00
0.00000000000000000e+00 0.00000000000000000e+00
6.33693800832957507e-20 0.00000000000000000e+00
1.45980453816125823e-18 0.00000000000000000e+00
0.00000000000000000e+00 0.00000000000000000e+00
1.72464577268403743e-18 0.00000000000000000e+00
0.00000000000000000e+00 0.00000000000000000e+00
0.00000000000000000e+00 0.00000000000000000e+00
8.33991178246933542e-20 0.00000000000000000e+00
0.00000000000000000e+00 0.00000000000000000e+00
2.80487862925803104e-18 0.00000000000000000e+00
4.86029280481527528e-18 0.00000000000000000e+00
0.00000000000000000e+00 0.00000000000000000e+00
1.86213862590505776e-18 0.00000000000000000e+00
0.00000000000000000e+00 0.00000000000000000e+00
0.00000000000000000e+00 0.00000000000000000e+00
5.98009281558445250e-19 0.00000000000000000e+00
2.40116380873570370e-18 0.00000000000000000e+00
0.00000000000000000e+00 0.00000000000000000e+00
0.00000000000000000e+00 0.00000000000000000e+00
1.83014900140665373e-18 0.00000000000000000e+00
0.00000000000000000e+00 0.00000000000000000e+00
-2.90359199050598058e-18 0.00000000000000000e+00
4.07570581513810086e-19 0.00000000000000000e+00
0.00000000000000000e+00 0.00000000000000000e+00
3.60737878736561602e-18 0.00000000000000000e+00
0.00000000000000000e+00 0.00000000000000000e+00
0.00000000000000000e+00 0.00000000000000000e+00
5.48312421396575582e-19 0.00000000000000000e+00
0.00000000000000000e+00 0.00000000000000000e+00
-4.83824399246946108e-19 0.00000000000000000e+00
-2.53199240837023354e-18 0.00000000000000000e+00
0.00000000000000000e+00 0.00000000000000000e+00
0.00000000000000000e+00 0.00000000000000000e+00
4.73165055400573026e-19 0.00000000000000000e+00
1.97025571208983186e-19 0.00000000000000000e+00
0.00000000000000000e+00 0.00000000000000000e+00
4.33342928807320945e-18 0.00000000000000000e+00
0.00000000000000000e+00 0.00000000000000000e+00
0.00000000000000000e+00 0.00000000000000000e+00
-2.37703117239729286e-18 0.00000000000000000e+00
3.06826338823548982e-18 0.00000000000000000e+00
0.00000000000000000e+00 0.00000000000000000e+00
0.00000000000000000e+00 0.00000000000000000e+00
1.16018085501109059e-18 0.00000000000000000e+00
0.00000000000000000e+00 0.00000000000000000e+00
1.02663765064211316e-18 0.00000000000000000e+00
8.69622876007514026e-19 0.00000000000000000e+00
0.00000000000000000e+00 0.00000000000000000e+00
0.00000000000000000e+00 0.00000000000000000e+00
6.47016793868096099e-19 0.00000000000000000e+00
5.08149429435022193e-18 0.00000000000000000e+00
0.00000000000000000e+00 0.00000000000000000e+00
-3.36332361938207763e-18 0.00000000000000000e+00
0.00000000000000000e+00 0.00000000000000000e+00
0.00000000000000000e+00 0.00000000000000000e+00
-1.13571753082592623e-18 0.00000000000000000e+00
0.00000000000000000e+00 0.00000000000000000e+00
1.77693923798339610e-18 0.00000000000000000e+00
4.60959872637850905e-20 0.00000000000000000e+00
0.00000000000000000e+00 0.00000000000000000e+00
7.56984487596202956e-18 0.00000000000000000e+00
0.00000000000000000e+00 0.00000000000000000e+00
0.00000000000000000e+00 0.00000000000000000e+00
-1.20719206645536220e-18 0.00000000000000000e+00
-1.28782236661305894e-18 0.00000000000000000e+00
0.00000000000000000e+00 0.00000000000000000e+00
0.00000000000000000e+00 0.00000000000000000e+00
-1.63631230773101937e-18 0.00000000000000000e+00
0.00000000000000000e+00 0.00000000000000000e+00
-1.07346342182526346e-18 0.00000000000000000e+00
-3.63488620194970494e-18 0.00000000000000000e+00
0.00000000000000000e+00 0.00000000000000000e+00
-4.07351088285625063e-17 0.00000000000000000e+00
0.00000000000000000e+00 0.00000000000000000e+00
0.00000000000000000e+00 0.00000000000000000e+00
4.11048338682683230e-19 0.00000000000000000e+00
0.00000000000000000e+00 0.00000000000000000e+00
-6.60920393011105070e-19 0.00000000000000000e+00
-1.66877408974188172e-18 0.00000000000000000e+00
0.00000000000000000e+00 0.00000000000000000e+00
0.00000000000000000e+00 0.00000000000000000e+00
-3.08447023055562073e-19 0.00000000000000000e+00
-4.40897365869487769e-20 0.00000000000000000e+00
0.00000000000000000e+00 0.00000000000000000e+00
-4.76500061527890515e-19 0.00000000000000000e+00
0.00000000000000000e+00 0.00000000000000000e+00
0.00000000000000000e+00 0.00000000000000000e+00
7.39032545611930318e-19 0.00000000000000000e+00
0.00000000000000000e+00 0.00000000000000000e+00
-1.66335764025583846e-18 0.00000000000000000e+00
-1.41469093741970660e-18 0.00000000000000000e+00
0.00000000000000000e+00 0.00000000000000000e+00
-8.77301127407202479e-19 0.00000000000000000e+00
0.00000000000000000e+00 0.00000000000000000e+00
0.00000000000000000e+00 0.00000000000000000e+00
1.81918881346803064e-18 0.00000000000000000e+00
2.26728164611029895e-18 0.00000000000000000e+00
0.00000000000000000e+00 0.00000000000000000e+00
0.00000000000000000e+00 0.00000000000000000e+00
1.12693398527237792e-20 0.00000000000000000e+00
0.00000000000000000e+00 0.00000000000000000e+00
-1.36457062475065229e-18 0.00000000000000000e+00
-2.92801637706437006e-18 0.00000000000000000e+00
0.00000000000000000e+00 0.00000000000000000e+00
0.00000000000000000e+00 0.00000000000000000e+00
1.31185601949553655e-18 0.00000000000000000e+00
2.94223678641751313e-18 0.00000000000000000e+00
0.00000000000000000e+00 0.00000000000000000e+00
-7.14111272380604623e-19 0.00000000000000000e+00
0.00000000000000000e+00 0.00000000000000000e+00
0.00000000000000000e+00 0.00000000000000000e+00
4.50349763892685737e-19 0.00000000000000000e+00
1.43499839152500012e-19 0.00000000000000000e+00
0.00000000000000000e+00 0.00000000000000000e+00
0.00000000000000000e+00 0.00000000000000000e+00
1.05234464390972559e-18 0.00000000000000000e+00
0.00000000000000000e+00 0.00000000000000000e+00
1.32562968647504160e-18 0.00000000000000000e+00
-8.18256104254857596e-19 0.00000000000000000e+00
0.00000000000000000e+00 0.00000000000000000e+00
-3.16786300470537760e-18 0.00000000000000000e+00
0.00000000000000000e+00 0.00000000000000000e+00
0.00000000000000000e+00 0.00000000000000000e+00
6.44377457542585219e-19 0.00000000000000000e+00
0.00000000000000000e+00 0.00000000000000000e+00
-2.58374064782919363e-19 0.00000000000000000e+00
-1.72156310463375522e-18 0.00000000000000000e+00
0.00000000000000000e+00 0.00000000000000000e+00
0.00000000000000000e+00 0.00000000000000000e+00
1.66094769595743100e-18 0.00000000000000000e+00
-1.82164151963676877e-18 0.00000000000000000e+00
0.00000000000000000e+00 0.00000000000000000e+00
8.16692353960240261e-19 0.00000000000000000e+00
0.00000000000000000e+00 0.00000000000000000e+00
0.00000000000000000e+00 0.00000000000000000e+00
7.38126194475934318e-19 0.00000000000000000e+00
0.00000000000000000e+00 0.00000000000000000e+00
4.18400359814258742e-18 0.00000000000000000e+00
-5.98869530493413254e-18 0.00000000000000000e+00
0.00000000000000000e+00 0.00000000000000000e+00
-4.84581391428949397e-18 0.00000000000000000e+00
0.00000000000000000e+00 0.00000000000000000e+00
0.00000000000000000e+00 0.00000000000000000e+00
-7.21597112405330991e-19 0.00000000000000000e+00
1.08385000340542684e-19 0.00000000000000000e+00
0.00000000000000000e+00 0.00000000000000000e+00
0.00000000000000000e+00 0.00000000000000000e+00
3.73045069248060256e-19 0.00000000000000000e+00
0.00000000000000000e+00 0.00000000000000000e+00
4.38510052487481679e-19 0.00000000000000000e+00
2.02503411614850163e-19 0.00000000000000000e+00
0.00000000000000000e+00 0.00000000000000000e+00
-1.36086258652890048e-19 0.00000000000000000e+00
0.00000000000000000e+00 0.00000000000000000e+00
0.00000000000000000e+00 0.00000000000000000e+00
-1.20025109397681178e-19 0.00000000000000000e+00
0.00000000000000000e+00 0.00000000000000000e+00
1.29722957275620022e-18 0.00000000000000000e+00
1.24634876585504643e-18 0.00000000000000000e+00
0.00000000000000000e+00 0.00000000000000000e+00
0.00000000000000000e+00 0.00000000000000000e+00
1.76951031592841508e-18 0.00000000000000000e+00
-3.51245095120950742e-19 0.00000000000000000e+00
0.00000000000000000e+00 0.00000000000000000e+00
-1.11921801138204323e-18 0.00000000000000000e+00
0.00000000000000000e+00 0.00000000000000000e+00
0.00000000000000000e+00 0.00000000000000000e+00
8.35476035885270200e-20 0.00000000000000000e+00
-6.97169724461029260e-18 0.00000000000000000e+00
0.00000000000000000e+00 0.00000000000000000e+00
0.00000000000000000e+00 0.00000000000000000e+00
4.13860008344203378e-19 0.00000000000000000e+00
0.00000000000000000e+00 0.00000000000000000e+00
4.76247223037940337e-19 0.00000000000000000e+00
4.42620050837350172e-19 0.00000000000000000e+00
0.00000000000000000e+00 0.00000000000000000e+00
0.00000000000000000e+00 0.00000000000000000e+00
1.70199434721227536e-18 0.00000000000000000e+00
1.78239239151523052e-18 0.00000000000000000e+00
0.00000000000000000e+00 0.00000000000000000e+00
-2.94533854611995175e-18 0.00000000000000000e+00
0.00000000000000000e+00 0.00000000000000000e+00
0.00000000000000000e+00 0.00000000000000000e+00
4.33428551636430758e-19 0.00000000000000000e+00
0.00000000000000000e+00 0.00000000000000000e+00
2.02539730414268189e-18 0.00000000000000000e+00
-1.29747413270863962e-20 0.00000000000000000e+00
0.00000000000000000e+00 0.00000000000000000e+00
3.05457164930664345e-18 0.00000000000000000e+00
0.00000000000000000e+00 0.00000000000000000e+00
0.00000000000000000e+00 0.00000000000000000e+00
-1.14636969008008552e-18 0.00000000000000000e+00
-1.06420920836055644e-18 0.00000000000000000e+00
0.00000000000000000e+00 0.00000000000000000e+00
0.00000000000000000e+00 0.00000000000000000e+00
9.55754964596320821e-19 0.00000000000000000e+00
0.00000000000000000e+00 0.00000000000000000e+00
-9.10108254266540814e-19 0.00000000000000000e+00
-3.63884174406956123e-18 0.00000000000000000e+00
0.00000000000000000e+00 0.00000000000000000e+00
0.00000000000000000e+00 0.00000000000000000e+00
4.53571301835910310e-18 0.00000000000000000e+00
1.08899930542629331e-17 0.00000000000000000e+00
0.00000000000000000e+00 0.00000000000000000e+00
-4.38089908144361305e-18 0.00000000000000000e+00
0.00000000000000000e+00 0.00000000000000000e+00
0.00000000000000000e+00 0.00000000000000000e+00
1.42825576861533296e-18 0.00000000000000000e+00
5.21070781608841932e-18 0.00000000000000000e+00
0.00000000000000000e+00 0.00000000000000000e+00
0.00000000000000000e+00 0.00000000000000000e+00
1.67236147963412532e-18 0.00000000000000000e+00
0.00000000000000000e+00 0.00000000000000000e+00
-2.39079379880561471e-19 0.00000000000000000e+00
2.69575008444346844e-19 0.00000000000000000e+00
0.00000000000000000e+00 0.00000000000000000e+00
-6.37420106396077810e-18 0.00000000000000000e+00
0.00000000000000000e+00 0.00000000000000000e+00
0.00000000000000000e+00 0.00000000000000000e+00
8.40722925101404449e-19 0.00000000000000000e+00
0.00000000000000000e+00 0.00000000000000000e+00
-1.90765082768740201e-19 0.00000000000000000e+00
-2.63723632476455435e-18 0.00000000000000000e+00
0.00000000000000000e+00 0.00000000000000000e+00
0.00000000000000000e+00 0.00000000000000000e+00
3.10070565767689374e-18 0.00000000000000000e+00
1.27021360681817620e-18 0.00000000000000000e+00
0.00000000000000000e+00 0.00000000000000000e+00
-4.34648739970867098e-18 0.00000000000000000e+00
0.00000000000000000e+00 0.00000000000000000e+00
0.00000000000000000e+00 0.00000000000000000e+00
1.00563290582981759e-18 0.00000000000000000e+00
-8.33776120460871672e-18 0.00000000000000000e+00
0.00000000000000000e+00 0.00000000000000000e+00
0.00000000000000000e+00 0.00000000000000000e+00
1.97475603296597336e-18 0.00000000000000000e+00
0.00000000000000000e+00 0.00000000000000000e+00
3.36617649211765673e-19 0.00000000000000000e+00
2.67606522189952037e-18 0.00000000000000000e+00
0.00000000000000000e+00 0.00000000000000000e+00
0.00000000000000000e+00 0.00000000000000000e+00
-1.28605407827726257e-19 0.00000000000000000e+00
3.51928007917105802e-18 0.00000000000000000e+00
0.00000000000000000e+00 0.00000000000000000e+00
2.86633566263864810e-18 0.00000000000000000e+00
0.00000000000000000e+00 0.00000000000000000e+00
0.00000000000000000e+00 0.00000000000000000e+00
-5.53197775262729122e-19 0.00000000000000000e+00
0.00000000000000000e+00 0.00000000000000000e+00
2.60357964306723460e-18 0.00000000000000000e+00
1.81347690153110472e-18 0.00000000000000000e+00
0.00000000000000000e+00 0.00000000000000000e+00
5.40860685857604381e-19 0.00000000000000000e+00
0.00000000000000000e+00 0.00000000000000000e+00
0.00000000000000000e+00 0.00000000000000000e+00
5.89377625308297148e-19 0.00000000000000000e+00
-1.63306263962156341e-18 0.00000000000000000e+00
0.00000000000000000e+00 0.00000000000000000e+00
0.00000000000000000e+00 0.00000000000000000e+00
-5.70096640523012844e-19 0.00000000000000000e+00
0.00000000000000000e+00 0.00000000000000000e+00
-1.17981744942560323e-19 0.00000000000000000e+00
1.52131657219256412e-18 0.00000000000000000e+00
0.00000000000000000e+00 0.00000000000000000e+00
-1.35447871961768673e-17 0.00000000000000000e+00
0.00000000000000000e+00 0.00000000000000000e+00
0.00000000000000000e+00 0.00000000000000000e+00
1.03345986362658487e-18 0.00000000000000000e+00
0.00000000000000000e+00 0.00000000000000000e+00
2.35174887596422549e-19 0.00000000000000000e+00
1.08216183190342272e-18 0.00000000000000000e+00
0.00000000000000000e+00 0.00000000000000000e+00
0.00000000000000000e+00 0.00000000000000000e+00
-1.08237771061562705e-20 0.00000000000000000e+00
2.13051799301220233e-18 0.00000000000000000e+00
0.00000000000000000e+00 0.00000000000000000e+00
-1.83813376605656419e-18 0.00000000000000000e+00
0.00000000000000000e+00 0.00000000000000000e+00
0.00000000000000000e+00 0.00000000000000000e+00
3.40763811685699096e-19 0.00000000000000000e+00
0.00000000000000000e+00 0.00000000000000000e+00
2.14623402302425651e-18 0.00000000000000000e+00
-3.20238992293633135e-18 0.00000000000000000e+00
0.00000000000000000e+00 0.00000000000000000e+00
-2.44031360367627056e-18 0.00000000000000000e+00
0.00000000000000000e+00 0.00000000000000000e+00
0.00000000000000000e+00 0.00000000000000000e+00
-1.74737371328822938e-19 0.00000000000000000e+00
2.66265738235768824e-18 0.00000000000000000e+00
0.00000000000000000e+00 0.00000000000000000e+00
0.00000000000000000e+00 0.00000000000000000e+00
-1.39592625743466902e-18 0.00000000000000000e+00
0.00000000000000000e+00 0.00000000000000000e+00
2.27557804702924412e-19 0.00000000000000000e+00
3.65741356050843774e-19 0.00000000000000000e+00
0.00000000000000000e+00 0.00000000000000000e+00
0.00000000000000000e+00 0.00000000000000000e+00
5.57018899555402366e-18 0.00000000000000000e+00
5.17872837865465530e-18 0.00000000000000000e+00
0.00000000000000000e+00 0.00000000000000000e+00
1.05965375346447572e-17 0.00000000000000000e+00
0.00000000000000000e+00 0.00000000000000000e+00
0.00000000000000000e+00 0.00000000000000000e+00
-1.82345491134699177e-18 0.00000000000000000e+00
8.70277549688373484e-19 0.00000000000000000e+00
0.00000000000000000e+00 0.00000000000000000e+00
0.00000000000000000e+00 0.00000000000000000e+00
-3.71383305871422731e-19 0.00000000000000000e+00
0.00000000000000000e+00 0.00000000000000000e+00
-8.53207745105884685e-19 0.00000000000000000e+00
9.36636981693732863e-19 0.00000000000000000e+00
0.00000000000000000e+00 0.00000000000000000e+00
4.73601826461014541e-18 0.00000000000000000e+00
0.00000000000000000e+00 0.00000000000000000e+00
0.00000000000000000e+00 0.00000000000000000e+00
1.04582436114649735e-19 0.00000000000000000e+00
0.00000000000000000e+00 0.00000000000000000e+00
9.26428652860419183e-20 0.00000000000000000e+00
-1.50686872043405073e-18 0.00000000000000000e+00
0.00000000000000000e+00 0.00000000000000000e+00
0.00000000000000000e+00 0.00000000000000000e+00
-1.51065725842035605e-18 0.00000000000000000e+00
-7.65630466508427564e-19 0.00000000000000000e+00
0.00000000000000000e+00 0.00000000000000000e+00
3.36201834826662942e-19 0.00000000000000000e+00
0.00000000000000000e+00 0.00000000000000000e+00
0.00000000000000000e+00 0.00000000000000000e+00
-3.64527279498948380e-19 0.00000000000000000e+00
5.72681699969408183e-18 0.00000000000000000e+00
0.00000000000000000e+00 0.00000000000000000e+00
0.00000000000000000e+00 0.00000000000000000e+00
-4.48212268276122839e-19 0.00000000000000000e+00
0.00000000000000000e+00 0.00000000000000000e+00
-1.17095310176079419e-18 0.00000000000000000e+00
1.23750178345589979e-18 0.00000000000000000e+00
0.00000000000000000e+00 0.00000000000000000e+00
0.00000000000000000e+00 0.00000000000000000e+00
1.60616959468291920e-19 0.00000000000000000e+00
1.60006335448593623e-18 0.00000000000000000e+00
0.00000000000000000e+00 0.00000000000000000e+00
7.20963781694295925e-19 0.00000000000000000e+00
0.00000000000000000e+00 0.00000000000000000e+00
0.00000000000000000e+00 0.00000000000000000e+00
8.54085355456720605e-19 0.00000000000000000e+00
0.00000000000000000e+00 0.00000000000000000e+00
-8.60456633557735331e-19 0.00000000000000000e+00
-1.14955479670195165e-18 0.00000000000000000e+00
0.00000000000000000e+00 0.00000000000000000e+00
1.10236888376254578e-18 0.00000000000000000e+00
0.00000000000000000e+00 0.00000000000000000e+00
0.00000000000000000e+00 0.00000000000000000e+00
4.37201475996284046e-19 0.00000000000000000e+00
-4.08794321497068437e-18 0.00000000000000000e+00
0.00000000000000000e+00 0.00000000000000000e+00
0.00000000000000000e+00 0.00000000000000000e+00
3.07527162921670310e-20 0.00000000000000000e+00
0.00000000000000000e+00 0.00000000000000000e+00
7.01335674901273635e-20 0.00000000000000000e+00
1.66103508550738636e-18 0.00000000000000000e+00
0.00000000000000000e+00 0.00000000000000000e+00
0.00000000000000000e+00 0.00000000000000000e+00
-5.40937047262251492e-19 0.00000000000000000e+00
1.81138124688762263e-18 0.00000000000000000e+00
0.00000000000000000e+00 0.00000000000000000e+00
2.41338913948813957e-18 0.00000000000000000e+00
0.00000000000000000e+00 0.00000000000000000e+00
0.00000000000000000e+00 0.00000000000000000e+00
-5.47432712836912080e-19 0.00000000000000000e+00
-1.45404410988100038e-18 0.00000000000000000e+00
0.00000000000000000e+00 0.00000000000000000e+00
0.00000000000000000e+00 0.00000000000000000e+00
3.78797580883407204e-19 0.00000000000000000e+00
0.00000000000000000e+00 0.00000000000000000e+00
8.59616136173564489e-19 0.00000000000000000e+00
5.78991023453513432e-19 0.00000000000000000e+00
0.00000000000000000e+00 0.00000000000000000e+00
9.09046216316256381e-20 0.00000000000000000e+00
0.00000000000000000e+00 0.00000000000000000e+00
0.00000000000000000e+00 0.00000000000000000e+00
-5.35136235688591102e-20 0.00000000000000000e+00
0.00000000000000000e+00 0.00000000000000000e+00
3.90002420449988730e-19 0.00000000000000000e+00
2.80578418458258981e-18 0.00000000000000000e+00
0.00000000000000000e+00 0.00000000000000000e+00
0.00000000000000000e+00 0.00000000000000000e+00
-3.94752542157669702e-19 0.00000000000000000e+00
-2.24574166620618233e-18 0.00000000000000000e+00
0.00000000000000000e+00 0.00000000000000000e+00
-3.06331874146316482e-19 0.00000000000000000e+00
0.00000000000000000e+00 0.00000000000000000e+00
0.00000000000000000e+00 0.00000000000000000e+00
3.96425836299997191e-19 0.00000000000000000e+00
0.00000000000000000e+00 0.00000000000000000e+00
-3.44630597101733156e-20 0.00000000000000000e+00
-5.90878048716408444e-18 0.00000000000000000e+00
0.00000000000000000e+00 0.00000000000000000e+00
-3.40582588620718462e-19 0.00000000000000000e+00
0.00000000000000000e+00 0.00000000000000000e+00
0.00000000000000000e+00 0.00000000000000000e+00
1.57769161328524139e-18 0.00000000000000000e+00
2.76112577765923022e-18 0.00000000000000000e+00
0.00000000000000000e+00 0.00000000000000000e+00
0.00000000000000000e+00 0.00000000000000000e+00
1.98733715761265988e-19 0.00000000000000000e+00
0.00000000000000000e+00 0.00000000000000000e+00
-3.59195349306303165e-19 0.00000000000000000e+00
2.94270829428633870e-19 0.00000000000000000e+00
0.00000000000000000e+00 0.00000000000000000e+00
1.23151797610296652e-18 0.00000000000000000e+00
0.00000000000000000e+00 0.00000000000000000e+00
0.00000000000000000e+00 0.00000000000000000e+00
1.23134413044797585e-18 0.00000000000000000e+00
0.00000000000000000e+00 0.00000000000000000e+00
-3.22869397260201783e-19 0.00000000000000000e+00
1.19372793189267778e-19 0.00000000000000000e+00
0.00000000000000000e+00 0.00000000000000000e+00
0.00000000000000000e+00 0.00000000000000000e+00
3.27814339840454300e-19 0.00000000000000000e+00
2.84535438317875225e-19 0.00000000000000000e+00
0.00000000000000000e+00 0.00000000000000000e+00
-7.41536599093043274e-19 0.00000000000000000e+00
0.00000000000000000e+00 0.00000000000000000e+00
0.00000000000000000e+00 0.00000000000000000e+00
-9.18524131308412551e-19 0.00000000000000000e+00
2.60123150248464040e-18 0.00000000000000000e+00
0.00000000000000000e+00 0.00000000000000000e+00
0.00000000000000000e+00 0.00000000000000000e+00
9.30408597640177101e-19 0.00000000000000000e+00
0.00000000000000000e+00 0.00000000000000000e+00
1.12583856863361903e-18 0.00000000000000000e+00
5.95429112632822536e-19 0.00000000000000000e+00
0.00000000000000000e+00 0.00000000000000000e+00
0.00000000000000000e+00 0.00000000000000000e+00
-1.61426420706896048e-18 0.00000000000000000e+00
-1.25389366384240911e-18 0.00000000000000000e+00
0.00000000000000000e+00 0.00000000000000000e+00
-3.02716374374832002e-18 0.00000000000000000e+00
0.00000000000000000e+00 0.00000000000000000e+00
0.00000000000000000e+00 0.00000000000000000e+00
-6.84368484830170380e-19 0.00000000000000000e+00
0.00000000000000000e+00 0.00000000000000000e+00
-1.74623305561194712e-18 0.00000000000000000e+00
-2.92315572520623936e-19 0.00000000000000000e+00
0.00000000000000000e+00 0.00000000000000000e+00
-2.15214789134389200e-18 0.00000000000000000e+00
0.00000000000000000e+00 0.00000000000000000e+00
0.00000000000000000e+00 0.00000000000000000e+00
-8.40821356904697225e-19 0.00000000000000000e+00
2.44645052778136836e-18 0.00000000000000000e+00
0.00000000000000000e+00 0.00000000000000000e+00
0.00000000000000000e+00 0.00000000000000000e+00
-1.15510460078222345e-18 0.00000000000000000e+00
0.00000000000000000e+00 0.00000000000000000e+00
-1.27266878679304368e-18 0.00000000000000000e+00
-2.69860124659270964e-18 0.00000000000000000e+00
0.00000000000000000e+00 0.00000000000000000e+00
0.00000000000000000e+00 0.00000000000000000e+00
1.95051381343974552e-19 0.00000000000000000e+00
-3.55685441381125304e-19 0.00000000000000000e+00
0.00000000000000000e+00 0.00000000000000000e+00
-6.87833537895117325e-18 0.00000000000000000e+00
0.00000000000000000e+00 0.00000000000000000e+00
0.00000000000000000e+00 0.00000000000000000e+00
7.30514796262818955e-19 0.00000000000000000e+00
-1.90611269583408443e-18 0.00000000000000000e+00
0.00000000000000000e+00 0.00000000000000000e+00
0.00000000000000000e+00 0.00000000000000000e+00
2.10085082175105115e-18 0.00000000000000000e+00
0.00000000000000000e+00 0.00000000000000000e+00
-9.03902542909291791e-19 0.00000000000000000e+00
-8.49422169159987589e-19 0.00000000000000000e+00
0.00000000000000000e+00 0.00000000000000000e+00
9.49864352204070667e-18 0.00000000000000000e+00
0.00000000000000000e+00 0.00000000000000000e+00
0.00000000000000000e+00 0.00000000000000000e+00
1.50267765901625842e-19 0.00000000000000000e+00
0.00000000000000000e+00 0.00000000000000000e+00
1.61788974279957297e-18 0.00000000000000000e+00
1.00412916544673320e-18 0.00000000000000000e+00
0.00000000000000000e+00 0.00000000000000000e+00
0.00000000000000000e+00 0.00000000000000000e+00
-7.05130800542923824e-19 0.00000000000000000e+00
5.09296157663117929e-19 0.00000000000000000e+00
0.00000000000000000e+00 0.00000000000000000e+00
2.16545718462502316e-18 0.00000000000000000e+00
0.00000000000000000e+00 0.00000000000000000e+00
0.00000000000000000e+00 0.00000000000000000e+00
-2.18916253783424576e-19 0.00000000000000000e+00
4.83558083202211428e-18 0.00000000000000000e+00
0.00000000000000000e+00 0.00000000000000000e+00
0.00000000000000000e+00 0.00000000000000000e+00
5.36056108265948242e-19 0.00000000000000000e+00
0.00000000000000000e+00 0.00000000000000000e+00
1.33892458172196905e-18 0.00000000000000000e+00
4.60448384943997838e-19 0.00000000000000000e+00
0.00000000000000000e+00 0.00000000000000000e+00
0.00000000000000000e+00 0.00000000000000000e+00
-7.40042520514505474e-20 0.00000000000000000e+00
8.08037606362106649e-19 0.00000000000000000e+00
0.00000000000000000e+00 0.00000000000000000e+00
1.44192063430547387e-18 0.00000000000000000e+00
0.00000000000000000e+00 0.00000000000000000e+00
0.00000000000000000e+00 0.00000000000000000e+00
6.45208690058457712e-20 0.00000000000000000e+00
0.00000000000000000e+00 0.00000000000000000e+00
1.25415086878680858e-18 0.00000000000000000e+00
3.41651257635012838e-18 0.00000000000000000e+00
0.00000000000000000e+00 0.00000000000000000e+00
2.83600566239592378e-18 0.00000000000000000e+00
0.00000000000000000e+00 0.00000000000000000e+00
0.00000000000000000e+00 0.00000000000000000e+00
1.17097889715267107e-18 0.00000000000000000e+00
-6.17880225475954207e-18 0.00000000000000000e+00
0.00000000000000000e+00 0.00000000000000000e+00
0.00000000000000000e+00 0.00000000000000000e+00
-4.68107709423166241e-19 0.00000000000000000e+00
0.00000000000000000e+00 0.00000000000000000e+00
1.07223041408424698e-18 0.00000000000000000e+00
1.39576887309428914e-18 0.00000000000000000e+00
0.00000000000000000e+00 0.00000000000000000e+00
-5.43716220422816962e-18 0.00000000000000000e+00
0.00000000000000000e+00 0.00000000000000000e+00
0.00000000000000000e+00 0.00000000000000000e+00
-1.50651042228959463e-19 0.00000000000000000e+00
0.00000000000000000e+00 0.00000000000000000e+00
-8.67107536968941021e-20 0.00000000000000000e+00
-2.89345437795532927e-19 0.00000000000000000e+00
0.00000000000000000e+00 0.00000000000000000e+00
0.00000000000000000e+00 0.00000000000000000e+00
5.90023144798306873e-19 0.00000000000000000e+00
3.15300386417743113e-18 0.00000000000000000e+00
0.00000000000000000e+00 0.00000000000000000e+00
1.55337467897000686e-18 0.00000000000000000e+00
0.00000000000000000e+00 0.00000000000000000e+00
0.00000000000000000e+00 0.00000000000000000e+00
-2.58833943208638805e-19 0.00000000000000000e+00
0.00000000000000000e+00 0.00000000000000000e+00
2.64385733708420530e-18 0.00000000000000000e+00
2.26275510729838900e-18 0.00000000000000000e+00
0.00000000000000000e+00 0.00000000000000000e+00
4.36116984783786430e-19 0.00000000000000000e+00
0.00000000000000000e+00 0.00000000000000000e+00
0.00000000000000000e+00 0.00000000000000000e+00
1.24422003559195551e-18 0.00000000000000000e+00
2.22268370469126273e-18 0.00000000000000000e+00
0.00000000000000000e+00 0.00000000000000000e+00
0.00000000000000000e+00 0.00000000000000000e+00
-6.60065027105826734e-20 0.00000000000000000e+00
0.00000000000000000e+00 0.00000000000000000e+00
-1.49045658288290200e-18 0.00000000000000000e+00
-1.09275528888226642e-18 0.00000000000000000e+00
0.00000000000000000e+00 0.00000000000000000e+00
0.00000000000000000e+00 0.00000000000000000e+00
6.84812552322621637e-18 0.00000000000000000e+00
2.30030682023917600e-18 0.00000000000000000e+00
0.00000000000000000e+00 0.00000000000000000e+00
4.21007899901741740e-18 0.00000000000000000e+00
0.00000000000000000e+00 0.00000000000000000e+00
0.00000000000000000e+00 0.00000000000000000e+00
-8.36271981583646414e-19 0.00000000000000000e+00
1.60581770203642839e-18 0.00000000000000000e+00
0.00000000000000000e+00 0.00000000000000000e+00
0.00000000000000000e+00 0.00000000000000000e+00
1.11934508518811952e-18 0.00000000000000000e+00
0.00000000000000000e+00 0.00000000000000000e+00
-3.44466885276634320e-19 0.00000000000000000e+00
-1.53829407829142746e-18 0.00000000000000000e+00
0.00000000000000000e+00 0.00000000000000000e+00
8.96276739945938129e-18 0.00000000000000000e+00
0.00000000000000000e+00 0.00000000000000000e+00
0.00000000000000000e+00 0.00000000000000000e+00
1.35717423436864494e-19 0.00000000000000000e+00
0.00000000000000000e+00 0.00000000000000000e+00
1.20007583553488137e-18 0.00000000000000000e+00
9.90145635820753136e-19 0.00000000000000000e+00
0.00000000000000000e+00 0.00000000000000000e+00
0.00000000000000000e+00 0.00000000000000000e+00
-1.11321355489077675e-18 0.00000000000000000e+00
4.78184383450171327e-19 0.00000000000000000e+00
0.00000000000000000e+00 0.00000000000000000e+00
2.99910482537705510e-18 0.00000000000000000e+00
0.00000000000000000e+00 0.00000000000000000e+00
0.00000000000000000e+00 0.00000000000000000e+00
-4.78546385869009123e-19 0.00000000000000000e+00
0.00000000000000000e+00 0.00000000000000000e+00
2.84683723548137274e-19 0.00000000000000000e+00
-7.31740366823048898e-18 0.00000000000000000e+00
0.00000000000000000e+00 0.00000000000000000e+00
-7.59381844366202224e-18 0.00000000000000000e+00
0.00000000000000000e+00 0.00000000000000000e+00
0.00000000000000000e+00 0.00000000000000000e+00
2.41018892308687455e-18 0.00000000000000000e+00
-8.04558425595627900e-18 0.00000000000000000e+00
0.00000000000000000e+00 0.00000000000000000e+00
0.00000000000000000e+00 0.00000000000000000e+00
1.65587329797898551e-18 0.00000000000000000e+00
0.00000000000000000e+00 0.00000000000000000e+00
3.32476835877453254e-19 0.00000000000000000e+00
-1.50633301791324765e-18 0.00000000000000000e+00
0.00000000000000000e+00 0.00000000000000000e+00
-8.09733770259894491e-18 0.00000000000000000e+00
0.00000000000000000e+00 0.00000000000000000e+00
0.00000000000000000e+00 0.00000000000000000e+00
2.51228071649243285e-19 0.00000000000000000e+00
0.00000000000000000e+00 0.00000000000000000e+00
1.02194619245297896e-18 0.00000000000000000e+00
-5.27191367776534916e-18 0.00000000000000000e+00
0.00000000000000000e+00 0.00000000000000000e+00
0.00000000000000000e+00 0.00000000000000000e+00
1.54179336038175734e-18 0.00000000000000000e+00
-6.49480830416682660e-19 0.00000000000000000e+00
0.00000000000000000e+00 0.00000000000000000e+00
-9.64989556979855932e-19 0.00000000000000000e+00
0.00000000000000000e+00 0.00000000000000000e+00
0.00000000000000000e+00 0.00000000000000000e+00
6.44054842730484474e-19 0.00000000000000000e+00
-1.49193121590212906e-17 0.00000000000000000e+00
0.00000000000000000e+00 0.00000000000000000e+00
0.00000000000000000e+00 0.00000000000000000e+00
1.76144052654926976e-18 0.00000000000000000e+00
0.00000000000000000e+00 0.00000000000000000e+00
-8.55660371957942797e-19 0.00000000000000000e+00
-2.83441482117076147e-19 0.00000000000000000e+00
0.00000000000000000e+00 0.00000000000000000e+00
0.00000000000000000e+00 0.00000000000000000e+00
8.51151323913061647e-19 0.00000000000000000e+00
-5.23442017967930532e-19 0.00000000000000000e+00
0.00000000000000000e+00 0.00000000000000000e+00
1.56815928684963819e-18 0.00000000000000000e+00
0.00000000000000000e+00 0.00000000000000000e+00
0.00000000000000000e+00 0.00000000000000000e+00
4.08230198252700224e-19 0.00000000000000000e+00
0.00000000000000000e+00 0.00000000000000000e+00
3.01859172645796589e-18 0.00000000000000000e+00
1.42260917738438643e-18 0.00000000000000000e+00
0.00000000000000000e+00 0.00000000000000000e+00
3.09610759038717199e-18 0.00000000000000000e+00
0.00000000000000000e+00 0.00000000000000000e+00
0.00000000000000000e+00 0.00000000000000000e+00
-3.19442871705885499e-19 0.00000000000000000e+00
1.86535572019229538e-19 0.00000000000000000e+00
0.00000000000000000e+00 0.00000000000000000e+00
0.00000000000000000e+00 0.00000000000000000e+00
3.38702950442521492e-19 0.00000000000000000e+00
0.00000000000000000e+00 0.00000000000000000e+00
4.17783100089326991e-19 0.00000000000000000e+00
-3.02050409786181893e-18 0.00000000000000000e+00
0.00000000000000000e+00 0.00000000000000000e+00
-2.87173598917819984e-17 0.00000000000000000e+00
0.00000000000000000e+00 0.00000000000000000e+00
0.00000000000000000e+00 0.00000000000000000e+00
1.41606899515424666e-18 0.00000000000000000e+00
0.00000000000000000e+00 0.00000000000000000e+00
3.12717181407017496e-19 0.00000000000000000e+00
-1.56534353984289548e-18 0.00000000000000000e+00
0.00000000000000000e+00 0.00000000000000000e+00
0.00000000000000000e+00 0.00000000000000000e+00
-3.83331550909035139e-19 0.00000000000000000e+00
-2.67527382829016277e-18 0.00000000000000000e+00
0.00000000000000000e+00 0.00000000000000000e+00
-2.57454070395822089e-18 0.00000000000000000e+00
0.00000000000000000e+00 0.00000000000000000e+00
0.00000000000000000e+00 0.00000000000000000e+00
-1.17380244405921928e-18 0.00000000000000000e+00
0.00000000000000000e+00 0.00000000000000000e+00
2.37477830788048616e-18 0.00000000000000000e+00
1.23734145603647449e-18 0.00000000000000000e+00
0.00000000000000000e+00 0.00000000000000000e+00
3.64603727599939366e-18 0.00000000000000000e+00
0.00000000000000000e+00 0.00000000000000000e+00
0.00000000000000000e+00 0.00000000000000000e+00
4.10566699836414060e-19 0.00000000000000000e+00
-2.50578592879298205e-18 0.00000000000000000e+00
0.00000000000000000e+00 0.00000000000000000e+00
0.00000000000000000e+00 0.00000000000000000e+00
-7.60619269221035802e-19 0.00000000000000000e+00
0.00000000000000000e+00 0.00000000000000000e+00
1.29085971926706671e-18 0.00000000000000000e+00
1.54968677042033403e-18 0.00000000000000000e+00
0.00000000000000000e+00 0.00000000000000000e+00
0.00000000000000000e+00 0.00000000000000000e+00
5.14261853261384184e-18 0.00000000000000000e+00
3.34477604989349308e-18 0.00000000000000000e+00
0.00000000000000000e+00 0.00000000000000000e+00
-3.94017584837498463e-18 0.00000000000000000e+00
0.00000000000000000e+00 0.00000000000000000e+00
0.00000000000000000e+00 0.00000000000000000e+00
4.24564214398655985e-19 0.00000000000000000e+00
-4.85278923298093490e-18 0.00000000000000000e+00
0.00000000000000000e+00 0.00000000000000000e+00
0.00000000000000000e+00 0.00000000000000000e+00
9.63291381624253648e-19 0.00000000000000000e+00
0.00000000000000000e+00 0.00000000000000000e+00
-8.55258217841902767e-19 0.00000000000000000e+00
-5.94503324572245441e-19 0.00000000000000000e+00
0.00000000000000000e+00 0.00000000000000000e+00
-2.79509506952919099e-18 0.00000000000000000e+00
0.00000000000000000e+00 0.00000000000000000e+00
0.00000000000000000e+00 0.00000000000000000e+00
5.24131387551550022e-20 0.00000000000000000e+00
0.00000000000000000e+00 0.00000000000000000e+00
3.14726789767905527e-19 0.00000000000000000e+00
-2.75457715075780015e-18 0.00000000000000000e+00
0.00000000000000000e+00 0.00000000000000000e+00
0.00000000000000000e+00 0.00000000000000000e+00
1.32049014995396964e-18 0.00000000000000000e+00
-6.59874940065686177e-19 0.00000000000000000e+00
0.00000000000000000e+00 0.00000000000000000e+00
-1.78693743812818502e-18 0.00000000000000000e+00
0.00000000000000000e+00 0.00000000000000000e+00
0.00000000000000000e+00 0.00000000000000000e+00
7.93911567101988713e-19 0.00000000000000000e+00
-1.18978777800273064e-17 0.00000000000000000e+00
0.00000000000000000e+00 0.00000000000000000e+00
0.00000000000000000e+00 0.00000000000000000e+00
6.95677174749764447e-20 0.00000000000000000e+00
0.00000000000000000e+00 0.00000000000000000e+00
-7.87077362827757311e-19 0.00000000000000000e+00
-1.10798799742088522e-18 0.00000000000000000e+00
0.00000000000000000e+00 0.00000000000000000e+00
0.00000000000000000e+00 0.00000000000000000e+00
1.05187663135670609e-18 0.00000000000000000e+00
8.77018024615914286e-20 0.00000000000000000e+00
0.00000000000000000e+00 0.00000000000000000e+00
-3.01134397383957396e-18 0.00000000000000000e+00
0.00000000000000000e+00 0.00000000000000000e+00
0.00000000000000000e+00 0.00000000000000000e+00
-5.51262031306172905e-20 0.00000000000000000e+00
0.00000000000000000e+00 0.00000000000000000e+00
-1.93236230532127469e-18 0.00000000000000000e+00
-1.88044893952977447e-18 0.00000000000000000e+00
0.00000000000000000e+00 0.00000000000000000e+00
-3.48593654713664771e-18 0.00000000000000000e+00
0.00000000000000000e+00 0.00000000000000000e+00
0.00000000000000000e+00 0.00000000000000000e+00
1.05478596377547272e-19 0.00000000000000000e+00
1.98336529367368337e-18 0.00000000000000000e+00
0.00000000000000000e+00 0.00000000000000000e+00
0.00000000000000000e+00 0.00000000000000000e+00
-2.47049884957256453e-19 0.00000000000000000e+00
0.00000000000000000e+00 0.00000000000000000e+00
2.99423326900113835e-20 0.00000000000000000e+00
-1.42144496281092312e-18 0.00000000000000000e+00
0.00000000000000000e+00 0.00000000000000000e+00
0.00000000000000000e+00 0.00000000000000000e+00
2.60833564844964033e-18 0.00000000000000000e+00
3.50948405524195145e-18 0.00000000000000000e+00
0.00000000000000000e+00 0.00000000000000000e+00
3.15940681101281593e-18 0.00000000000000000e+00
0.00000000000000000e+00 0.00000000000000000e+00
0.00000000000000000e+00 0.00000000000000000e+00
1.50567566892772198e-18 0.00000000000000000e+00
4.24851209215035647e-18 0.00000000000000000e+00
0.00000000000000000e+00 0.00000000000000000e+00
0.00000000000000000e+00 0.00000000000000000e+00
2.21128440887138921e-19 0.00000000000000000e+00
0.00000000000000000e+00 0.00000000000000000e+00
-1.38579010092853044e-20 0.00000000000000000e+00
8.15670146453326219e-19 0.00000000000000000e+00
0.00000000000000000e+00 0.00000000000000000e+00
-3.92151119802798214e-18 0.00000000000000000e+00
0.00000000000000000e+00 0.00000000000000000e+00
0.00000000000000000e+00 0.00000000000000000e+00
8.94371591338086271e-19 0.00000000000000000e+00
0.00000000000000000e+00 0.00000000000000000e+00
-2.68248393531017482e-19 0.00000000000000000e+00
-3.27233167964630155e-19 0.00000000000000000e+00
0.00000000000000000e+00 0.00000000000000000e+00
0.00000000000000000e+00 0.00000000000000000e+00
1.37027073579159177e-19 0.00000000000000000e+00
4.93270480966857850e-19 0.00000000000000000e+00
0.00000000000000000e+00 0.00000000000000000e+00
9.57732329093925101e-19 0.00000000000000000e+00
0.00000000000000000e+00 0.00000000000000000e+00
0.00000000000000000e+00 0.00000000000000000e+00
4.49474764492153576e-19 0.00000000000000000e+00
0.00000000000000000e+00 0.00000000000000000e+00
2.51970079738930297e-18 0.00000000000000000e+00
4.94706449665096503e-18 0.00000000000000000e+00
0.00000000000000000e+00 0.00000000000000000e+00
-2.92214351091909640e-18 0.00000000000000000e+00
0.00000000000000000e+00 0.00000000000000000e+00
0.00000000000000000e+00 0.00000000000000000e+00
8.06389854884834076e-19 0.00000000000000000e+00
-6.30470316750885867e-18 0.00000000000000000e+00
0.00000000000000000e+00 0.00000000000000000e+00
0.00000000000000000e+00 0.00000000000000000e+00
-3.89565809926520662e-19 0.00000000000000000e+00
0.00000000000000000e+00 0.00000000000000000e+00
1.17967788993939408e-18 0.00000000000000000e+00
8.30566510995092084e-19 0.00000000000000000e+00
0.00000000000000000e+00 0.00000000000000000e+00
-5.38154031549298362e-18 0.00000000000000000e+00
0.00000000000000000e+00 0.00000000000000000e+00
0.00000000000000000e+00 0.00000000000000000e+00
-1.56307060690981570e-19 0.00000000000000000e+00
0.00000000000000000e+00 0.00000000000000000e+00
1.44420124918510703e-18 0.00000000000000000e+00
-2.13848006075825678e-18 0.00000000000000000e+00
0.00000000000000000e+00 0.00000000000000000e+00
0.00000000000000000e+00 0.00000000000000000e+00
-3.73164677019185508e-19 0.00000000000000000e+00
-3.73219440433480254e-19 0.00000000000000000e+00
0.00000000000000000e+00 0.00000000000000000e+00
-4.97868663207320625e-19 0.00000000000000000e+00
0.00000000000000000e+00 0.00000000000000000e+00
0.00000000000000000e+00 0.00000000000000000e+00
-8.02354717232255758e-19 0.00000000000000000e+00
5.22501753720344860e-18 0.00000000000000000e+00
0.00000000000000000e+00 0.00000000000000000e+00
0.00000000000000000e+00 0.00000000000000000e+00
8.58241101691386180e-19 0.00000000000000000e+00
0.00000000000000000e+00 0.00000000000000000e+00
-1.34760537585337699e-19 0.00000000000000000e+00
1.33393349588255370e-18 0.00000000000000000e+00
0.00000000000000000e+00 0.00000000000000000e+00
0.00000000000000000e+00 0.00000000000000000e+00
-3.55530099296182408e-19 0.00000000000000000e+00
-2.56858708852441275e-19 0.00000000000000000e+00
0.00000000000000000e+00 0.00000000000000000e+00
-2.63562747538470644e-18 0.00000000000000000e+00
0.00000000000000000e+00 0.00000000000000000e+00
0.00000000000000000e+00 0.00000000000000000e+00
-6.59053615178748591e-19 0.00000000000000000e+00
0.00000000000000000e+00 0.00000000000000000e+00
4.68821658682216591e-18 0.00000000000000000e+00
-1.28930317437670549e-18 0.00000000000000000e+00
0.00000000000000000e+00 0.00000000000000000e+00
7.26582980440032046e-19 0.00000000000000000e+00
0.00000000000000000e+00 0.00000000000000000e+00
0.00000000000000000e+00 0.00000000000000000e+00
-1.40179331291265651e-18 0.00000000000000000e+00
-2.84724353192115995e-18 0.00000000000000000e+00
0.00000000000000000e+00 0.00000000000000000e+00
0.00000000000000000e+00 0.00000000000000000e+00
-1.01014172868460120e-18 0.00000000000000000e+00
0.00000000000000000e+00 0.00000000000000000e+00
6.50011414214931707e-19 0.00000000000000000e+00
-1.13276379430608600e-18 0.00000000000000000e+00
0.00000000000000000e+00 0.00000000000000000e+00
-2.56147658557151502e-18 0.00000000000000000e+00
0.00000000000000000e+00 0.00000000000000000e+00
0.00000000000000000e+00 0.00000000000000000e+00
-4.82505665139141422e-19 0.00000000000000000e+00
0.00000000000000000e+00 0.00000000000000000e+00
-3.95839543326219008e-19 0.00000000000000000e+00
6.45356640313393641e-19 0.00000000000000000e+00
0.00000000000000000e+00 0.00000000000000000e+00
0.00000000000000000e+00 0.00000000000000000e+00
-2.10344255013797340e-20 0.00000000000000000e+00
9.20909482129414328e-19 0.00000000000000000e+00
0.00000000000000000e+00 0.00000000000000000e+00
1.52532919441921493e-18 0.00000000000000000e+00
0.00000000000000000e+00 0.00000000000000000e+00
0.00000000000000000e+00 0.00000000000000000e+00
1.08890263466548503e-18 0.00000000000000000e+00
0.00000000000000000e+00 0.00000000000000000e+00
-1.01691584953776112e-19 0.00000000000000000e+00
-1.04652010147981104e-19 0.00000000000000000e+00
0.00000000000000000e+00 0.00000000000000000e+00
3.31369360330085678e-18 0.00000000000000000e+00
0.00000000000000000e+00 0.00000000000000000e+00
0.00000000000000000e+00 0.00000000000000000e+00
3.82271124109247259e-19 0.00000000000000000e+00
1.18313978570729134e-18 0.00000000000000000e+00
0.00000000000000000e+00 0.00000000000000000e+00
0.00000000000000000e+00 0.00000000000000000e+00
3.87923794101930157e-19 0.00000000000000000e+00
0.00000000000000000e+00 0.00000000000000000e+00
3.79639997906167394e-19 0.00000000000000000e+00
3.98389451511806225e-19 0.00000000000000000e+00
0.00000000000000000e+00 0.00000000000000000e+00
0.00000000000000000e+00 0.00000000000000000e+00
-6.35042916993307628e-19 0.00000000000000000e+00
-1.21840990625779774e-18 0.00000000000000000e+00
0.00000000000000000e+00 0.00000000000000000e+00
8.43284902211063244e-19 0.00000000000000000e+00
0.00000000000000000e+00 0.00000000000000000e+00
0.00000000000000000e+00 0.00000000000000000e+00
-1.92327561715656971e-19 0.00000000000000000e+00
-2.24013588549636349e-19 0.00000000000000000e+00
0.00000000000000000e+00 0.00000000000000000e+00
0.00000000000000000e+00 0.00000000000000000e+00
-4.29518602567020174e-19 0.00000000000000000e+00
0.00000000000000000e+00 0.00000000000000000e+00
7.71287599741505204e-19 0.00000000000000000e+00
-1.79013333078666681e-19 0.00000000000000000e+00
0.00000000000000000e+00 0.00000000000000000e+00
-6.98900640629792575e-19 0.00000000000000000e+00
0.00000000000000000e+00 0.00000000000000000e+00
0.00000000000000000e+00 0.00000000000000000e+00
7.29891850715873841e-20 0.00000000000000000e+00
0.00000000000000000e+00 0.00000000000000000e+00
-1.61024728023322107e-18 0.00000000000000000e+00
-3.89134504996521207e-19 0.00000000000000000e+00
0.00000000000000000e+00 0.00000000000000000e+00
0.00000000000000000e+00 0.00000000000000000e+00
-2.48174676363749728e-19 0.00000000000000000e+00
-1.46632076848209901e-18 0.00000000000000000e+00
0.00000000000000000e+00 0.00000000000000000e+00
-6.71173583582321888e-19 0.00000000000000000e+00
0.00000000000000000e+00 0.00000000000000000e+00
0.00000000000000000e+00 0.00000000000000000e+00
-1.36869631944174144e-18 0.00000000000000000e+00
0.00000000000000000e+00 0.00000000000000000e+00
-2.20426392828713160e-18 0.00000000000000000e+00
-2.68138800475091165e-18 0.00000000000000000e+00
0.00000000000000000e+00 0.00000000000000000e+00
1.79957800172539287e-18 0.00000000000000000e+00
0.00000000000000000e+00 0.00000000000000000e+00
0.00000000000000000e+00 0.00000000000000000e+00
-1.10641032824310624e-18 0.00000000000000000e+00
6.29889692578358853e-19 0.00000000000000000e+00
0.00000000000000000e+00 0.00000000000000000e+00
0.00000000000000000e+00 0.00000000000000000e+00
-9.54097818753210263e-19 0.00000000000000000e+00
0.00000000000000000e+00 0.00000000000000000e+00
-5.09575764487403994e-20 0.00000000000000000e+00
-7.27453218748590938e-19 0.00000000000000000e+00
0.00000000000000000e+00 0.00000000000000000e+00
2.29155928862969313e-18 0.00000000000000000e+00
0.00000000000000000e+00 0.00000000000000000e+00
0.00000000000000000e+00 0.00000000000000000e+00
-7.02061297505900754e-19 0.00000000000000000e+00
0.00000000000000000e+00 0.00000000000000000e+00
-1.91148441563175962e-19 0.00000000000000000e+00
-3.95168354799969537e-19 0.00000000000000000e+00
0.00000000000000000e+00 0.00000000000000000e+00
0.00000000000000000e+00 0.00000000000000000e+00
-4.49317939443347569e-19 0.00000000000000000e+00
1.13656340655112799e-18 0.00000000000000000e+00
0.00000000000000000e+00 0.00000000000000000e+00
9.11789185618243970e-19 0.00000000000000000e+00
0.00000000000000000e+00 0.00000000000000000e+00
0.00000000000000000e+00 0.00000000000000000e+00
-1.69361478636548173e-18 0.00000000000000000e+00
2.54103399637086829e-18 0.00000000000000000e+00
0.00000000000000000e+00 0.00000000000000000e+00
0.00000000000000000e+00 0.00000000000000000e+00
-1.21994416698631008e-19 0.00000000000000000e+00
0.00000000000000000e+00 0.00000000000000000e+00
-2.30973286823178515e-19 0.00000000000000000e+00
-5.64919054092557757e-19 0.00000000000000000e+00
0.00000000000000000e+00 0.00000000000000000e+00
0.00000000000000000e+00 0.00000000000000000e+00
5.49398178385098615e-20 0.00000000000000000e+00
7.84086304555959574e-19 0.00000000000000000e+00
0.00000000000000000e+00 0.00000000000000000e+00
-1.67950197498579519e-18 0.00000000000000000e+00
0.00000000000000000e+00 0.00000000000000000e+00
0.00000000000000000e+00 0.00000000000000000e+00
-7.79039975223758460e-19 0.00000000000000000e+00
0.00000000000000000e+00 0.00000000000000000e+00
3.27669368739180796e-19 0.00000000000000000e+00
-3.64490255792918984e-19 0.00000000000000000e+00
0.00000000000000000e+00 0.00000000000000000e+00
2.33439990939449834e-18 0.00000000000000000e+00
0.00000000000000000e+00 0.00000000000000000e+00
0.00000000000000000e+00 0.00000000000000000e+00
-1.00708122601906694e-18 0.00000000000000000e+00
5.13665910559152448e-19 0.00000000000000000e+00
0.00000000000000000e+00 0.00000000000000000e+00
0.00000000000000000e+00 0.00000000000000000e+00
-1.27429900949316055e-18 0.00000000000000000e+00
0.00000000000000000e+00 0.00000000000000000e+00
-5.97431076032040954e-19 0.00000000000000000e+00
3.98671891208595408e-19 0.00000000000000000e+00
0.00000000000000000e+00 0.00000000000000000e+00
0.00000000000000000e+00 0.00000000000000000e+00
4.42958162732114004e-19 0.00000000000000000e+00
2.33722904229305360e-18 0.00000000000000000e+00
0.00000000000000000e+00 0.00000000000000000e+00
-4.18117222818125272e-18 0.00000000000000000e+00
0.00000000000000000e+00 0.00000000000000000e+00
0.00000000000000000e+00 0.00000000000000000e+00
8.86568306838882237e-20 0.00000000000000000e+00
-2.76017059251382551e-18 0.00000000000000000e+00
0.00000000000000000e+00 0.00000000000000000e+00
0.00000000000000000e+00 0.00000000000000000e+00
-7.17496727376970677e-19 0.00000000000000000e+00
0.00000000000000000e+00 0.00000000000000000e+00
-9.27368319700425688e-19 0.00000000000000000e+00
-2.12835922113708867e-18 0.00000000000000000e+00
0.00000000000000000e+00 0.00000000000000000e+00
-7.26366369500847345e-19 0.00000000000000000e+00
0.00000000000000000e+00 0.00000000000000000e+00
0.00000000000000000e+00 0.00000000000000000e+00
3.87691778955227154e-19 0.00000000000000000e+00
0.00000000000000000e+00 0.00000000000000000e+00
1.73839072439027842e-18 0.00000000000000000e+00
-1.31943023509428999e-18 0.00000000000000000e+00
0.00000000000000000e+00 0.00000000000000000e+00
0.00000000000000000e+00 0.00000000000000000e+00
1.06259564059795240e-18 0.00000000000000000e+00
4.19123098091506864e-19 0.00000000000000000e+00
0.00000000000000000e+00 0.00000000000000000e+00
5.37638119449979603e-19 0.00000000000000000e+00
0.00000000000000000e+00 0.00000000000000000e+00
0.00000000000000000e+00 0.00000000000000000e+00
-5.91501577420379768e-19 0.00000000000000000e+00
8.16147174290524886e-18 0.00000000000000000e+00
0.00000000000000000e+00 0.00000000000000000e+00
0.00000000000000000e+00 0.00000000000000000e+00
3.05833096176420410e-19 0.00000000000000000e+00
0.00000000000000000e+00 0.00000000000000000e+00
-1.92586822579955736e-19 0.00000000000000000e+00
-9.54811788245413004e-19 0.00000000000000000e+00
0.00000000000000000e+00 0.00000000000000000e+00
0.00000000000000000e+00 0.00000000000000000e+00
-2.70094818041741351e-19 0.00000000000000000e+00
1.72799578740049075e-18 0.00000000000000000e+00
0.00000000000000000e+00 0.00000000000000000e+00
-1.49081023298406136e-19 0.00000000000000000e+00
0.00000000000000000e+00 0.00000000000000000e+00
0.00000000000000000e+00 0.00000000000000000e+00
-5.18051067664837298e-20 0.00000000000000000e+00
0.00000000000000000e+00 0.00000000000000000e+00
2.38854258986710144e-18 0.00000000000000000e+00
3.26683627638636098e-18 0.00000000000000000e+00
0.00000000000000000e+00 0.00000000000000000e+00
-9.11756801143987148e-19 0.00000000000000000e+00
0.00000000000000000e+00 0.00000000000000000e+00
0.00000000000000000e+00 0.00000000000000000e+00
5.12575135876750781e-19 0.00000000000000000e+00
1.44413673947720398e-18 0.00000000000000000e+00
0.00000000000000000e+00 0.00000000000000000e+00
0.00000000000000000e+00 0.00000000000000000e+00
5.95592661976300583e-19 0.00000000000000000e+00
0.00000000000000000e+00 0.00000000000000000e+00
1.28767028541853767e-18 0.00000000000000000e+00
6.85635920872543449e-19 0.00000000000000000e+00
0.00000000000000000e+00 0.00000000000000000e+00
-1.34990237439021444e-17 0.00000000000000000e+00
0.00000000000000000e+00 0.00000000000000000e+00
0.00000000000000000e+00 0.00000000000000000e+00
8.37799910147950358e-19 0.00000000000000000e+00
0.00000000000000000e+00 0.00000000000000000e+00
-5.32067593385447869e-19 0.00000000000000000e+00
-8.01396959136915889e-19 0.00000000000000000e+00
0.00000000000000000e+00 0.00000000000000000e+00
0.00000000000000000e+00 0.00000000000000000e+00
-8.15222287879686499e-21 0.00000000000000000e+00
8.22014131318829562e-19 0.00000000000000000e+00
0.00000000000000000e+00 0.00000000000000000e+00
3.17917927028205455e-19 0.00000000000000000e+00
0.00000000000000000e+00 0.00000000000000000e+00
0.00000000000000000e+00 0.00000000000000000e+00
3.78316778712244997e-19 0.00000000000000000e+00
0.00000000000000000e+00 0.00000000000000000e+00
2.67551716863102774e-18 0.00000000000000000e+00
9.98099848499989718e-19 0.00000000000000000e+00
0.00000000000000000e+00 0.00000000000000000e+00
1.60450022173118072e-18 0.00000000000000000e+00
0.00000000000000000e+00 0.00000000000000000e+00
0.00000000000000000e+00 0.00000000000000000e+00
-2.61284338278964243e-19 0.00000000000000000e+00
-3.69580219875220603e-18 0.00000000000000000e+00
0.00000000000000000e+00 0.00000000000000000e+00
0.00000000000000000e+00 0.00000000000000000e+00
-1.58611172878171315e-19 0.00000000000000000e+00
0.00000000000000000e+00 0.00000000000000000e+00
3.37583566563402081e-19 0.00000000000000000e+00
-2.79183731062799420e-18 0.00000000000000000e+00
0.00000000000000000e+00 0.00000000000000000e+00
0.00000000000000000e+00 0.00000000000000000e+00
2.70375703364036819e-18 0.00000000000000000e+00
3.11133212065567643e-18 0.00000000000000000e+00
0.00000000000000000e+00 0.00000000000000000e+00
-1.23487449647951408e-18 0.00000000000000000e+00
0.00000000000000000e+00 0.00000000000000000e+00
0.00000000000000000e+00 0.00000000000000000e+00
-5.29205848690539390e-19 0.00000000000000000e+00
2.23994908607855134e-20 0.00000000000000000e+00
0.00000000000000000e+00 0.00000000000000000e+00
0.00000000000000000e+00 0.00000000000000000e+00
3.01467789887733379e-19 0.00000000000000000e+00
0.00000000000000000e+00 0.00000000000000000e+00
-9.99323914075497368e-19 0.00000000000000000e+00
2.36448387085189317e-18 0.00000000000000000e+00
0.00000000000000000e+00 0.00000000000000000e+00
7.22017359869436411e-18 0.00000000000000000e+00
0.00000000000000000e+00 0.00000000000000000e+00
0.00000000000000000e+00 0.00000000000000000e+00
1.25366249441860527e-19 0.00000000000000000e+00
0.00000000000000000e+00 0.00000000000000000e+00
4.65118498876392012e-19 0.00000000000000000e+00
-8.20277438497823069e-19 0.00000000000000000e+00
0.00000000000000000e+00 0.00000000000000000e+00
0.00000000000000000e+00 0.00000000000000000e+00
-7.63209492660418970e-19 0.00000000000000000e+00
1.78390344872019356e-18 0.00000000000000000e+00
0.00000000000000000e+00 0.00000000000000000e+00
-9.97030923682548683e-19 0.00000000000000000e+00
0.00000000000000000e+00 0.00000000000000000e+00
0.00000000000000000e+00 0.00000000000000000e+00
-4.16010499460549544e-19 0.00000000000000000e+00
0.00000000000000000e+00 0.00000000000000000e+00
-1.32798228866779296e-18 0.00000000000000000e+00
-1.15538155924955253e-17 0.00000000000000000e+00
0.00000000000000000e+00 0.00000000000000000e+00
-7.93923617857000370e-18 0.00000000000000000e+00
0.00000000000000000e+00 0.00000000000000000e+00
0.00000000000000000e+00 0.00000000000000000e+00
2.42671507744454270e-20 0.00000000000000000e+00
-1.51611212536968458e-18 0.00000000000000000e+00
0.00000000000000000e+00 0.00000000000000000e+00
0.00000000000000000e+00 0.00000000000000000e+00
1.18374063546067531e-18 0.00000000000000000e+00
0.00000000000000000e+00 0.00000000000000000e+00
-4.40183951209901135e-19 0.00000000000000000e+00
2.08228719212987827e-18 0.00000000000000000e+00
0.00000000000000000e+00 0.00000000000000000e+00
-1.76822495909813461e-17 0.00000000000000000e+00
0.00000000000000000e+00 0.00000000000000000e+00
0.00000000000000000e+00 0.00000000000000000e+00
3.20809654078882961e-19 0.00000000000000000e+00
0.00000000000000000e+00 0.00000000000000000e+00
8.03645999654388870e-19 0.00000000000000000e+00
-2.27111874432181107e-18 0.00000000000000000e+00
0.00000000000000000e+00 0.00000000000000000e+00
0.00000000000000000e+00 0.00000000000000000e+00
-8.62226831392876664e-19 0.00000000000000000e+00
8.80227242366037217e-20 0.00000000000000000e+00
0.00000000000000000e+00 0.00000000000000000e+00
-4.54448400422702958e-18 0.00000000000000000e+00
0.00000000000000000e+00 0.00000000000000000e+00
0.00000000000000000e+00 0.00000000000000000e+00
-1.84913316435894237e-20 0.00000000000000000e+00
-8.46146616909163596e-18 0.00000000000000000e+00
0.00000000000000000e+00 0.00000000000000000e+00
0.00000000000000000e+00 0.00000000000000000e+00
-3.85367069471433820e-19 0.00000000000000000e+00
0.00000000000000000e+00 0.00000000000000000e+00
-4.14507467879767306e-19 0.00000000000000000e+00
-8.96748687836636213e-19 0.00000000000000000e+00
0.00000000000000000e+00 0.00000000000000000e+00
0.00000000000000000e+00 0.00000000000000000e+00
2.10159397768622294e-18 0.00000000000000000e+00
1.22395453780223640e-18 0.00000000000000000e+00
0.00000000000000000e+00 0.00000000000000000e+00
1.41888402444446419e-19 0.00000000000000000e+00
0.00000000000000000e+00 0.00000000000000000e+00
0.00000000000000000e+00 0.00000000000000000e+00
6.95743931278058567e-19 0.00000000000000000e+00
0.00000000000000000e+00 0.00000000000000000e+00
1.31033442465753177e-18 0.00000000000000000e+00
-1.74893511110648321e-19 0.00000000000000000e+00
0.00000000000000000e+00 0.00000000000000000e+00
-1.88475004246449647e-18 0.00000000000000000e+00
0.00000000000000000e+00 0.00000000000000000e+00
0.00000000000000000e+00 0.00000000000000000e+00
1.34240721244109798e-18 0.00000000000000000e+00
-1.31773316365493001e-18 0.00000000000000000e+00
0.00000000000000000e+00 0.00000000000000000e+00
0.00000000000000000e+00 0.00000000000000000e+00
5.69426070460343314e-19 0.00000000000000000e+00
0.00000000000000000e+00 0.00000000000000000e+00
1.20482720572749967e-18 0.00000000000000000e+00
1.80351069204761971e-19 0.00000000000000000e+00
0.00000000000000000e+00 0.00000000000000000e+00
-1.25154782956500968e-17 0.00000000000000000e+00
0.00000000000000000e+00 0.00000000000000000e+00
0.00000000000000000e+00 0.00000000000000000e+00
5.69431753300054222e-19 0.00000000000000000e+00
0.00000000000000000e+00 0.00000000000000000e+00
5.03626571616539862e-20 0.00000000000000000e+00
-2.12573396854492977e-20 0.00000000000000000e+00
0.00000000000000000e+00 0.00000000000000000e+00
0.00000000000000000e+00 0.00000000000000000e+00
-5.62870801420665834e-19 0.00000000000000000e+00
-2.88894316042135247e-19 0.00000000000000000e+00
0.00000000000000000e+00 0.00000000000000000e+00
-2.48049363781195106e-18 0.00000000000000000e+00
0.00000000000000000e+00 0.00000000000000000e+00
0.00000000000000000e+00 0.00000000000000000e+00
2.60978286949564297e-19 0.00000000000000000e+00
0.00000000000000000e+00 0.00000000000000000e+00
6.12072514160989485e-19 0.00000000000000000e+00
-2.34614179825620374e-18 0.00000000000000000e+00
0.00000000000000000e+00 0.00000000000000000e+00
-4.73110497682538885e-19 0.00000000000000000e+00
0.00000000000000000e+00 0.00000000000000000e+00
0.00000000000000000e+00 0.00000000000000000e+00
1.35805918109964283e-18 0.00000000000000000e+00
-1.98493502886101469e-18 0.00000000000000000e+00
0.00000000000000000e+00 0.00000000000000000e+00
0.00000000000000000e+00 0.00000000000000000e+00
8.23629243218483334e-19 0.00000000000000000e+00
0.00000000000000000e+00 0.00000000000000000e+00
-7.33763527797335349e-19 0.00000000000000000e+00
-8.74670253291778408e-19 0.00000000000000000e+00
0.00000000000000000e+00 0.00000000000000000e+00
0.00000000000000000e+00 0.00000000000000000e+00
3.40517035173676906e-18 0.00000000000000000e+00
1.31386306608905945e-18 0.00000000000000000e+00
0.00000000000000000e+00 0.00000000000000000e+00
-2.80248341483269993e-18 0.00000000000000000e+00
0.00000000000000000e+00 0.00000000000000000e+00
0.00000000000000000e+00 0.00000000000000000e+00
3.15888218304143800e-20 0.00000000000000000e+00
9.63215801320033959e-19 0.00000000000000000e+00
0.00000000000000000e+00 0.00000000000000000e+00
0.00000000000000000e+00 0.00000000000000000e+00
8.45351124294188490e-19 0.00000000000000000e+00
0.00000000000000000e+00 0.00000000000000000e+00
4.21013191083696223e-19 0.00000000000000000e+00
-3.35755825109660989e-19 0.00000000000000000e+00
0.00000000000000000e+00 0.00000000000000000e+00
-4.65754284681184718e-18 0.00000000000000000e+00
0.00000000000000000e+00 0.00000000000000000e+00
0.00000000000000000e+00 0.00000000000000000e+00
-3.55433141162745858e-19 0.00000000000000000e+00
0.00000000000000000e+00 0.00000000000000000e+00
1.08031820887717007e-19 0.00000000000000000e+00
-2.36861643904077730e-18 0.00000000000000000e+00
0.00000000000000000e+00 0.00000000000000000e+00
0.00000000000000000e+00 0.00000000000000000e+00
1.43672930009458802e-18 0.00000000000000000e+00
-3.86935955137754127e-20 0.00000000000000000e+00
0.00000000000000000e+00 0.00000000000000000e+00
-2.92860500099850726e-19 0.00000000000000000e+00
0.00000000000000000e+00 0.00000000000000000e+00
0.00000000000000000e+00 0.00000000000000000e+00
7.12349313313012217e-19 0.00000000000000000e+00
3.93321447889766776e-20 0.00000000000000000e+00
0.00000000000000000e+00 0.00000000000000000e+00
0.00000000000000000e+00 0.00000000000000000e+00
1.50608667583785196e-18 0.00000000000000000e+00
0.00000000000000000e+00 0.00000000000000000e+00
-9.89928460643263727e-19 0.00000000000000000e+00
-5.07682709709892758e-19 0.00000000000000000e+00
0.00000000000000000e+00 0.00000000000000000e+00
0.00000000000000000e+00 0.00000000000000000e+00
-4.28796702061266020e-19 0.00000000000000000e+00
-3.16278154067105817e-19 0.00000000000000000e+00
0.00000000000000000e+00 0.00000000000000000e+00
-1.34864262607648418e-18 0.00000000000000000e+00
0.00000000000000000e+00 0.00000000000000000e+00
0.00000000000000000e+00 0.00000000000000000e+00
-1.79099791304780615e-19 0.00000000000000000e+00
0.00000000000000000e+00 0.00000000000000000e+00
1.42790387291571544e-18 0.00000000000000000e+00
-7.99206303670304686e-19 0.00000000000000000e+00
0.00000000000000000e+00 0.00000000000000000e+00
-7.60726071974333366e-21 0.00000000000000000e+00
0.00000000000000000e+00 0.00000000000000000e+00
0.00000000000000000e+00 0.00000000000000000e+00
7.21399991676479441e-19 0.00000000000000000e+00
1.43944175710451704e-19 0.00000000000000000e+00
0.00000000000000000e+00 0.00000000000000000e+00
0.00000000000000000e+00 0.00000000000000000e+00
5.92234182424472579e-19 0.00000000000000000e+00
0.00000000000000000e+00 0.00000000000000000e+00
-5.95331629226908567e-20 0.00000000000000000e+00
4.64855511481039809e-19 0.00000000000000000e+00
0.00000000000000000e+00 0.00000000000000000e+00
0.00000000000000000e+00 0.00000000000000000e+00
9.99192717290357810e-19 0.00000000000000000e+00
-1.42489134435642388e-18 0.00000000000000000e+00
0.00000000000000000e+00 0.00000000000000000e+00
-6.62344623945567327e-19 0.00000000000000000e+00
0.00000000000000000e+00 0.00000000000000000e+00
0.00000000000000000e+00 0.00000000000000000e+00
-1.40813738645308831e-18 0.00000000000000000e+00
1.27279665477847187e-18 0.00000000000000000e+00
0.00000000000000000e+00 0.00000000000000000e+00
0.00000000000000000e+00 0.00000000000000000e+00
-2.41804641719755355e-19 0.00000000000000000e+00
0.00000000000000000e+00 0.00000000000000000e+00
4.53241915269534114e-19 0.00000000000000000e+00
-2.71485939504212823e-19 0.00000000000000000e+00
0.00000000000000000e+00 0.00000000000000000e+00
1.23769294432869801e-18 0.00000000000000000e+00
0.00000000000000000e+00 0.00000000000000000e+00
0.00000000000000000e+00 0.00000000000000000e+00
-8.85584595437897994e-19 0.00000000000000000e+00
0.00000000000000000e+00 0.00000000000000000e+00
7.00297421684678086e-19 0.00000000000000000e+00
-3.05398185096947728e-19 0.00000000000000000e+00
0.00000000000000000e+00 0.00000000000000000e+00
0.00000000000000000e+00 0.00000000000000000e+00
5.91712318963266681e-19 0.00000000000000000e+00
9.64403119381689745e-19 0.00000000000000000e+00
0.00000000000000000e+00 0.00000000000000000e+00
7.31374474512233719e-19 0.00000000000000000e+00
0.00000000000000000e+00 0.00000000000000000e+00
0.00000000000000000e+00 0.00000000000000000e+00
2.09932370506269283e-19 0.00000000000000000e+00
0.00000000000000000e+00 0.00000000000000000e+00
4.24255064047918342e-19 0.00000000000000000e+00
3.30302240326897125e-18 0.00000000000000000e+00
0.00000000000000000e+00 0.00000000000000000e+00
1.27205474251427498e-18 0.00000000000000000e+00
0.00000000000000000e+00 0.00000000000000000e+00
0.00000000000000000e+00 0.00000000000000000e+00
1.55240641567484067e-18 0.00000000000000000e+00
-1.93333900574121496e-19 0.00000000000000000e+00
0.00000000000000000e+00 0.00000000000000000e+00
0.00000000000000000e+00 0.00000000000000000e+00
1.91149869484635266e-19 0.00000000000000000e+00
0.00000000000000000e+00 0.00000000000000000e+00
6.11402786159391505e-19 0.00000000000000000e+00
2.02887853045762348e-18 0.00000000000000000e+00
0.00000000000000000e+00 0.00000000000000000e+00
3.57183071469542126e-18 0.00000000000000000e+00
0.00000000000000000e+00 0.00000000000000000e+00
0.00000000000000000e+00 0.00000000000000000e+00
-7.69924950215446901e-19 0.00000000000000000e+00
0.00000000000000000e+00 0.00000000000000000e+00
3.94087163590284457e-20 0.00000000000000000e+00
1.16918977307951814e-19 0.00000000000000000e+00
0.00000000000000000e+00 0.00000000000000000e+00
0.00000000000000000e+00 0.00000000000000000e+00
-8.15732117183045205e-19 0.00000000000000000e+00
-2.34913905686573969e-18 0.00000000000000000e+00
0.00000000000000000e+00 0.00000000000000000e+00
-5.65263705969657283e-18 0.00000000000000000e+00
0.00000000000000000e+00 0.00000000000000000e+00
0.00000000000000000e+00 0.00000000000000000e+00
1.75674222495640940e-18 0.00000000000000000e+00
6.56666135013975738e-18 0.00000000000000000e+00
0.00000000000000000e+00 0.00000000000000000e+00
0.00000000000000000e+00 0.00000000000000000e+00
-3.01621932049295930e-19 0.00000000000000000e+00
0.00000000000000000e+00 0.00000000000000000e+00
8.68328724676532123e-19 0.00000000000000000e+00
1.86110458683667810e-18 0.00000000000000000e+00
0.00000000000000000e+00 0.00000000000000000e+00
0.00000000000000000e+00 0.00000000000000000e+00
-1.04989674764298679e-18 0.00000000000000000e+00
2.20313267823890546e-18 0.00000000000000000e+00
0.00000000000000000e+00 0.00000000000000000e+00
-2.94139973962206576e-18 0.00000000000000000e+00
0.00000000000000000e+00 0.00000000000000000e+00
0.00000000000000000e+00 0.00000000000000000e+00
-3.10436722461793418e-20 0.00000000000000000e+00
0.00000000000000000e+00 0.00000000000000000e+00
2.49583315936783202e-18 0.00000000000000000e+00
-1.96545987743116512e-18 0.00000000000000000e+00
0.00000000000000000e+00 0.00000000000000000e+00
2.48049340823589205e-18 0.00000000000000000e+00
0.00000000000000000e+00 0.00000000000000000e+00
0.00000000000000000e+00 0.00000000000000000e+00
2.54582987918640925e-19 0.00000000000000000e+00
-3.36794670693073401e-18 0.00000000000000000e+00
0.00000000000000000e+00 0.00000000000000000e+00
0.00000000000000000e+00 0.00000000000000000e+00
-3.35824405418778317e-19 0.00000000000000000e+00
0.00000000000000000e+00 0.00000000000000000e+00
4.37226560045289047e-19 0.00000000000000000e+00
-1.91098265552893387e-18 0.00000000000000000e+00
0.00000000000000000e+00 0.00000000000000000e+00
0.00000000000000000e+00 0.00000000000000000e+00
-8.94070994812251648e-18 0.00000000000000000e+00
-2.31896312430510622e-18 0.00000000000000000e+00
0.00000000000000000e+00 0.00000000000000000e+00
-1.62181856652803549e-17 0.00000000000000000e+00
0.00000000000000000e+00 0.00000000000000000e+00
0.00000000000000000e+00 0.00000000000000000e+00
1.30183848704574603e-18 0.00000000000000000e+00
-1.24617963831424754e-17 0.00000000000000000e+00
0.00000000000000000e+00 0.00000000000000000e+00
0.00000000000000000e+00 0.00000000000000000e+00
2.61191360157382289e-18 0.00000000000000000e+00
0.00000000000000000e+00 0.00000000000000000e+00
4.69673160404531962e-19 0.00000000000000000e+00
-3.52670446500735591e-18 0.00000000000000000e+00
0.00000000000000000e+00 0.00000000000000000e+00
-3.77911574236210985e-18 0.00000000000000000e+00
0.00000000000000000e+00 0.00000000000000000e+00
0.00000000000000000e+00 0.00000000000000000e+00
-1.25698020656940543e-19 0.00000000000000000e+00
0.00000000000000000e+00 0.00000000000000000e+00
-1.24991418397012507e-18 0.00000000000000000e+00
1.83565648723558367e-18 0.00000000000000000e+00
0.00000000000000000e+00 0.00000000000000000e+00
0.00000000000000000e+00 0.00000000000000000e+00
-4.76442891695066326e-19 0.00000000000000000e+00
-7.80859302359254739e-19 0.00000000000000000e+00
0.00000000000000000e+00 0.00000000000000000e+00
1.83948140856786901e-18 0.00000000000000000e+00
0.00000000000000000e+00 0.00000000000000000e+00
0.00000000000000000e+00 0.00000000000000000e+00
9.61265845745921807e-19 0.00000000000000000e+00
-2.31597042092021308e-17 0.00000000000000000e+00
0.00000000000000000e+00 0.00000000000000000e+00
0.00000000000000000e+00 0.00000000000000000e+00
9.67336738291814090e-19 0.00000000000000000e+00
0.00000000000000000e+00 0.00000000000000000e+00
1.04961266185374029e-18 0.00000000000000000e+00
2.44500178820634594e-18 0.00000000000000000e+00
0.00000000000000000e+00 0.00000000000000000e+00
0.00000000000000000e+00 0.00000000000000000e+00
-1.08245399589453629e-18 0.00000000000000000e+00
1.20484732048447804e-19 0.00000000000000000e+00
0.00000000000000000e+00 0.00000000000000000e+00
-4.42328599893149723e-19 0.00000000000000000e+00
0.00000000000000000e+00 0.00000000000000000e+00
0.00000000000000000e+00 0.00000000000000000e+00
-4.49371882136333065e-19 0.00000000000000000e+00
0.00000000000000000e+00 0.00000000000000000e+00
6.84494509109394112e-19 0.00000000000000000e+00
3.63616045430971176e-18 0.00000000000000000e+00
0.00000000000000000e+00 0.00000000000000000e+00
8.26642585927356122e-19 0.00000000000000000e+00
0.00000000000000000e+00 0.00000000000000000e+00
0.00000000000000000e+00 0.00000000000000000e+00
-1.15005115479632109e-19 0.00000000000000000e+00
-8.03808296904669220e-18 0.00000000000000000e+00
0.00000000000000000e+00 0.00000000000000000e+00
0.00000000000000000e+00 0.00000000000000000e+00
-2.41452147413705804e-19 0.00000000000000000e+00
0.00000000000000000e+00 0.00000000000000000e+00
2.32676602251042774e-18 0.00000000000000000e+00
-1.20120060022809172e-18 0.00000000000000000e+00
0.00000000000000000e+00 0.00000000000000000e+00
-9.98269280406696733e-18 0.00000000000000000e+00
0.00000000000000000e+00 0.00000000000000000e+00
0.00000000000000000e+00 0.00000000000000000e+00
-8.00174731447517604e-19 0.00000000000000000e+00
0.00000000000000000e+00 0.00000000000000000e+00
-2.42708428199063657e-19 0.00000000000000000e+00
-1.49226437585741718e-19 0.00000000000000000e+00
0.00000000000000000e+00 0.00000000000000000e+00
0.00000000000000000e+00 0.00000000000000000e+00
-8.18983050877515955e-19 0.00000000000000000e+00
5.12707891231182694e-19 0.00000000000000000e+00
0.00000000000000000e+00 0.00000000000000000e+00
-2.06431786040954320e-18 0.00000000000000000e+00
0.00000000000000000e+00 0.00000000000000000e+00
0.00000000000000000e+00 0.00000000000000000e+00
-1.39254118085512432e-19 0.00000000000000000e+00
0.00000000000000000e+00 0.00000000000000000e+00
1.09622876412047020e-18 0.00000000000000000e+00
4.97804044491446880e-18 0.00000000000000000e+00
0.00000000000000000e+00 0.00000000000000000e+00
9.61589268918699311e-19 0.00000000000000000e+00
0.00000000000000000e+00 0.00000000000000000e+00
0.00000000000000000e+00 0.00000000000000000e+00
1.55986053113740738e-18 0.00000000000000000e+00
5.09558468363019789e-18 0.00000000000000000e+00
0.00000000000000000e+00 0.00000000000000000e+00
0.00000000000000000e+00 0.00000000000000000e+00
-4.56838058389092954e-19 0.00000000000000000e+00
0.00000000000000000e+00 0.00000000000000000e+00
6.77546087045656671e-19 0.00000000000000000e+00
3.72281365676274829e-18 0.00000000000000000e+00
0.00000000000000000e+00 0.00000000000000000e+00
0.00000000000000000e+00 0.00000000000000000e+00
-1.77433607893761209e-20 0.00000000000000000e+00
7.18460161369036588e-19 0.00000000000000000e+00
0.00000000000000000e+00 0.00000000000000000e+00
-4.60231408970905555e-18 0.00000000000000000e+00
0.00000000000000000e+00 0.00000000000000000e+00
0.00000000000000000e+00 0.00000000000000000e+00
3.60430954238945224e-19 0.00000000000000000e+00
-3.03004368606343403e-18 0.00000000000000000e+00
0.00000000000000000e+00 0.00000000000000000e+00
0.00000000000000000e+00 0.00000000000000000e+00
6.76563400942787678e-19 0.00000000000000000e+00
0.00000000000000000e+00 0.00000000000000000e+00
-2.53127650380970107e-19 0.00000000000000000e+00
-3.40594536545516449e-18 0.00000000000000000e+00
0.00000000000000000e+00 0.00000000000000000e+00
-4.76095745655606666e-18 0.00000000000000000e+00
0.00000000000000000e+00 0.00000000000000000e+00
0.00000000000000000e+00 0.00000000000000000e+00
3.38276280537117837e-19 0.00000000000000000e+00
0.00000000000000000e+00 0.00000000000000000e+00
2.36102221738044260e-19 0.00000000000000000e+00
3.64019381848514776e-20 0.00000000000000000e+00
0.00000000000000000e+00 0.00000000000000000e+00
0.00000000000000000e+00 0.00000000000000000e+00
3.77406760361712631e-19 0.00000000000000000e+00
-2.61215253870840153e-18 0.00000000000000000e+00
0.00000000000000000e+00 0.00000000000000000e+00
-3.41223299829729025e-18 0.00000000000000000e+00
0.00000000000000000e+00 0.00000000000000000e+00
0.00000000000000000e+00 0.00000000000000000e+00
-8.67132851333249481e-19 0.00000000000000000e+00
-2.04772497440822142e-17 0.00000000000000000e+00
0.00000000000000000e+00 0.00000000000000000e+00
0.00000000000000000e+00 0.00000000000000000e+00
-1.52375282667647936e-19 0.00000000000000000e+00
0.00000000000000000e+00 0.00000000000000000e+00
-4.70297681111279367e-19 0.00000000000000000e+00
-6.86486968596140560e-20 0.00000000000000000e+00
0.00000000000000000e+00 0.00000000000000000e+00
0.00000000000000000e+00 0.00000000000000000e+00
3.18767915703948107e-19 0.00000000000000000e+00
1.30306646815973153e-18 0.00000000000000000e+00
0.00000000000000000e+00 0.00000000000000000e+00
-5.98212077935725406e-19 0.00000000000000000e+00
0.00000000000000000e+00 0.00000000000000000e+00
0.00000000000000000e+00 0.00000000000000000e+00
1.45831525174183920e-18 0.00000000000000000e+00
0.00000000000000000e+00 0.00000000000000000e+00
-3.82643543745955426e-19 0.00000000000000000e+00
-2.82043664674008717e-18 0.00000000000000000e+00
0.00000000000000000e+00 0.00000000000000000e+00
1.63342562878757882e-18 0.00000000000000000e+00
0.00000000000000000e+00 0.00000000000000000e+00
0.00000000000000000e+00 0.00000000000000000e+00
1.59889228144980169e-19 0.00000000000000000e+00
-6.38917304707960878e-19 0.00000000000000000e+00
0.00000000000000000e+00 0.00000000000000000e+00
0.00000000000000000e+00 0.00000000000000000e+00
-2.17298593391269215e-19 0.00000000000000000e+00
0.00000000000000000e+00 0.00000000000000000e+00
2.13896169669067975e-19 0.00000000000000000e+00
-2.83311033700248843e-19 0.00000000000000000e+00
0.00000000000000000e+00 0.00000000000000000e+00
0.00000000000000000e+00 0.00000000000000000e+00
2.54600291327144518e-18 0.00000000000000000e+00
2.19636873824452918e-18 0.00000000000000000e+00
0.00000000000000000e+00 0.00000000000000000e+00
2.80860008610439904e-19 0.00000000000000000e+00
0.00000000000000000e+00 0.00000000000000000e+00
0.00000000000000000e+00 0.00000000000000000e+00
1.06627998736160975e-18 0.00000000000000000e+00
8.43852266022962375e-18 0.00000000000000000e+00
0.00000000000000000e+00 0.00000000000000000e+00
0.00000000000000000e+00 0.00000000000000000e+00
-1.33037416801141547e-19 0.00000000000000000e+00
0.00000000000000000e+00 0.00000000000000000e+00
5.48454070799323240e-19 0.00000000000000000e+00
-9.08807181974776029e-19 0.00000000000000000e+00
0.00000000000000000e+00 0.00000000000000000e+00
3.94334211052121390e-18 0.00000000000000000e+00
0.00000000000000000e+00 0.00000000000000000e+00
0.00000000000000000e+00 0.00000000000000000e+00
1.31501508082063759e-18 0.00000000000000000e+00
0.00000000000000000e+00 0.00000000000000000e+00
1.60691163044499145e-18 0.00000000000000000e+00
3.88745470621905606e-18 0.00000000000000000e+00
0.00000000000000000e+00 0.00000000000000000e+00
0.00000000000000000e+00 0.00000000000000000e+00
-4.47035143837249714e-19 0.00000000000000000e+00
-1.84090132036522306e-18 0.00000000000000000e+00
0.00000000000000000e+00 0.00000000000000000e+00
1.72885765629329415e-18 0.00000000000000000e+00
0.00000000000000000e+00 0.00000000000000000e+00
0.00000000000000000e+00 0.00000000000000000e+00
-4.09871609291076639e-19 0.00000000000000000e+00
0.00000000000000000e+00 0.00000000000000000e+00
-2.95459174411078572e-18 0.00000000000000000e+00
-1.08019195085521062e-18 0.00000000000000000e+00
0.00000000000000000e+00 0.00000000000000000e+00
-3.92199496279844709e-19 0.00000000000000000e+00
0.00000000000000000e+00 0.00000000000000000e+00
0.00000000000000000e+00 0.00000000000000000e+00
-2.68673618117173276e-19 0.00000000000000000e+00
-7.27452471162645054e-18 0.00000000000000000e+00
0.00000000000000000e+00 0.00000000000000000e+00
0.00000000000000000e+00 0.00000000000000000e+00
3.64812199141434636e-19 0.00000000000000000e+00
0.00000000000000000e+00 0.00000000000000000e+00
-5.93513230759267044e-19 0.00000000000000000e+00
-1.57382347681820848e-18 0.00000000000000000e+00
0.00000000000000000e+00 0.00000000000000000e+00
1.14377207243957720e-18 0.00000000000000000e+00
0.00000000000000000e+00 0.00000000000000000e+00
0.00000000000000000e+00 0.00000000000000000e+00
7.46432938466237352e-19 0.00000000000000000e+00
0.00000000000000000e+00 0.00000000000000000e+00
2.72355246322011504e-19 0.00000000000000000e+00
1.33001245089357420e-18 0.00000000000000000e+00
0.00000000000000000e+00 0.00000000000000000e+00
0.00000000000000000e+00 0.00000000000000000e+00
-5.04473938832705778e-19 0.00000000000000000e+00
2.50040425297567813e-18 0.00000000000000000e+00
0.00000000000000000e+00 0.00000000000000000e+00
1.79066383977398495e-18 0.00000000000000000e+00
0.00000000000000000e+00 0.00000000000000000e+00
0.00000000000000000e+00 0.00000000000000000e+00
-1.93851680647613690e-18 0.00000000000000000e+00
3.23730738115380740e-18 0.00000000000000000e+00
0.00000000000000000e+00 0.00000000000000000e+00
0.00000000000000000e+00 0.00000000000000000e+00
4.56246553706019198e-19 0.00000000000000000e+00
0.00000000000000000e+00 0.00000000000000000e+00
4.37587472862202369e-19 0.00000000000000000e+00
-1.31788431379867169e-18 0.00000000000000000e+00
0.00000000000000000e+00 0.00000000000000000e+00
0.00000000000000000e+00 0.00000000000000000e+00
7.58779034603773421e-19 0.00000000000000000e+00
-2.73835203508282320e-19 0.00000000000000000e+00
0.00000000000000000e+00 0.00000000000000000e+00
-1.19263380722638364e-18 0.00000000000000000e+00
0.00000000000000000e+00 0.00000000000000000e+00
0.00000000000000000e+00 0.00000000000000000e+00
-1.41877532452107012e-18 0.00000000000000000e+00
0.00000000000000000e+00 0.00000000000000000e+00
-9.49780465990164582e-20 0.00000000000000000e+00
2.37697480011906172e-18 0.00000000000000000e+00
0.00000000000000000e+00 0.00000000000000000e+00
-3.00373049088363583e-18 0.00000000000000000e+00
0.00000000000000000e+00 0.00000000000000000e+00
0.00000000000000000e+00 0.00000000000000000e+00
-1.57029433938477578e-20 0.00000000000000000e+00
-5.12506669167495368e-18 0.00000000000000000e+00
0.00000000000000000e+00 0.00000000000000000e+00
0.00000000000000000e+00 0.00000000000000000e+00
1.68618843561189637e-19 0.00000000000000000e+00
0.00000000000000000e+00 0.00000000000000000e+00
1.91067782090254126e-19 0.00000000000000000e+00
3.12541574480771845e-19 0.00000000000000000e+00
0.00000000000000000e+00 0.00000000000000000e+00
-3.13186370283469997e-17 0.00000000000000000e+00
0.00000000000000000e+00 0.00000000000000000e+00
0.00000000000000000e+00 0.00000000000000000e+00
1.34221411346794862e-20 0.00000000000000000e+00
0.00000000000000000e+00 0.00000000000000000e+00
1.76573127126612531e-19 0.00000000000000000e+00
-4.95678626237708725e-19 0.00000000000000000e+00
0.00000000000000000e+00 0.00000000000000000e+00
0.00000000000000000e+00 0.00000000000000000e+00
-7.49958063736043654e-19 0.00000000000000000e+00
-5.00770875478914287e-19 0.00000000000000000e+00
0.00000000000000000e+00 0.00000000000000000e+00
-9.64847947936317061e-19 0.00000000000000000e+00
0.00000000000000000e+00 0.00000000000000000e+00
0.00000000000000000e+00 0.00000000000000000e+00
5.75267035610289021e-19 0.00000000000000000e+00
0.00000000000000000e+00 0.00000000000000000e+00
-2.22782999339024213e-18 0.00000000000000000e+00
-2.38027681690256705e-18 0.00000000000000000e+00
0.00000000000000000e+00 0.00000000000000000e+00
-3.14787521057309870e-20 0.00000000000000000e+00
0.00000000000000000e+00 0.00000000000000000e+00
0.00000000000000000e+00 0.00000000000000000e+00
4.68361249655036281e-19 0.00000000000000000e+00
3.02503055906960531e-19 0.00000000000000000e+00
0.00000000000000000e+00 0.00000000000000000e+00
0.00000000000000000e+00 0.00000000000000000e+00
-2.33919959913872406e-19 0.00000000000000000e+00
0.00000000000000000e+00 0.00000000000000000e+00
2.77905558333020282e-19 0.00000000000000000e+00
3.70245743171716800e-19 0.00000000000000000e+00
0.00000000000000000e+00 0.00000000000000000e+00
0.00000000000000000e+00 0.00000000000000000e+00
-1.73103244067726550e-18 0.00000000000000000e+00
1.40493830824938268e-18 0.00000000000000000e+00
0.00000000000000000e+00 0.00000000000000000e+00
3.11359612046040854e-18 0.00000000000000000e+00
0.00000000000000000e+00 0.00000000000000000e+00
0.00000000000000000e+00 0.00000000000000000e+00
9.71400345064911398e-19 0.00000000000000000e+00
-4.32740095422259203e-19 0.00000000000000000e+00
0.00000000000000000e+00 0.00000000000000000e+00
0.00000000000000000e+00 0.00000000000000000e+00
9.77314672512040742e-19 0.00000000000000000e+00
0.00000000000000000e+00 0.00000000000000000e+00
3.66787930752223312e-19 0.00000000000000000e+00
-8.91234810812249595e-19 0.00000000000000000e+00
0.00000000000000000e+00 0.00000000000000000e+00
7.72053804122726556e-20 0.00000000000000000e+00
0.00000000000000000e+00 0.00000000000000000e+00
0.00000000000000000e+00 0.00000000000000000e+00
-1.12800960502087096e-19 0.00000000000000000e+00
0.00000000000000000e+00 0.00000000000000000e+00
1.31107458065894296e-18 0.00000000000000000e+00
5.66099398417380107e-19 0.00000000000000000e+00
0.00000000000000000e+00 0.00000000000000000e+00
0.00000000000000000e+00 0.00000000000000000e+00
1.70924786403053133e-18 0.00000000000000000e+00
1.14555085694371035e-18 0.00000000000000000e+00
0.00000000000000000e+00 0.00000000000000000e+00
4.22450733405375736e-18 0.00000000000000000e+00
0.00000000000000000e+00 0.00000000000000000e+00
0.00000000000000000e+00 0.00000000000000000e+00
2.83433788309675943e-19 0.00000000000000000e+00
0.00000000000000000e+00 0.00000000000000000e+00
2.79856356336766462e-18 0.00000000000000000e+00
-1.10644263736044498e-18 0.00000000000000000e+00
0.00000000000000000e+00 0.00000000000000000e+00
-1.45370751057623313e-18 0.00000000000000000e+00
0.00000000000000000e+00 0.00000000000000000e+00
0.00000000000000000e+00 0.00000000000000000e+00
4.68388963638938889e-19 0.00000000000000000e+00
-2.85911037208308762e-18 0.00000000000000000e+00
0.00000000000000000e+00 0.00000000000000000e+00
0.00000000000000000e+00 0.00000000000000000e+00
9.25827697844688750e-19 0.00000000000000000e+00
0.00000000000000000e+00 0.00000000000000000e+00
6.08165255463973111e-19 0.00000000000000000e+00
-5.36026461715014362e-20 0.00000000000000000e+00
0.00000000000000000e+00 0.00000000000000000e+00
4.36240316005995092e-18 0.00000000000000000e+00
0.00000000000000000e+00 0.00000000000000000e+00
0.00000000000000000e+00 0.00000000000000000e+00
2.15737355335361312e-19 0.00000000000000000e+00
0.00000000000000000e+00 0.00000000000000000e+00
-1.73873571737130127e-19 0.00000000000000000e+00
-8.60447111445282201e-19 0.00000000000000000e+00
0.00000000000000000e+00 0.00000000000000000e+00
0.00000000000000000e+00 0.00000000000000000e+00
1.38047454526240920e-18 0.00000000000000000e+00
-1.06050465353901881e-19 0.00000000000000000e+00
0.00000000000000000e+00 0.00000000000000000e+00
-1.44940759366253607e-18 0.00000000000000000e+00
0.00000000000000000e+00 0.00000000000000000e+00
0.00000000000000000e+00 0.00000000000000000e+00
7.33639459489441685e-19 0.00000000000000000e+00
2.55360592819938936e-18 0.00000000000000000e+00
0.00000000000000000e+00 0.00000000000000000e+00
0.00000000000000000e+00 0.00000000000000000e+00
1.57182821812173799e-18 0.00000000000000000e+00
0.00000000000000000e+00 0.00000000000000000e+00
7.57924913643213601e-19 0.00000000000000000e+00
-8.54551415093456275e-19 0.00000000000000000e+00
0.00000000000000000e+00 0.00000000000000000e+00
0.00000000000000000e+00 0.00000000000000000e+00
-2.58927057788633200e-20 0.00000000000000000e+00
-1.31419256916493453e-19 0.00000000000000000e+00
0.00000000000000000e+00 0.00000000000000000e+00
1.58968926563109732e-19 0.00000000000000000e+00
0.00000000000000000e+00 0.00000000000000000e+00
0.00000000000000000e+00 0.00000000000000000e+00
-6.64639215673549339e-19 0.00000000000000000e+00
0.00000000000000000e+00 0.00000000000000000e+00
1.94949596175053743e-18 0.00000000000000000e+00
2.88624723252100838e-18 0.00000000000000000e+00
0.00000000000000000e+00 0.00000000000000000e+00
1.50127855472764858e-18 0.00000000000000000e+00
0.00000000000000000e+00 0.00000000000000000e+00
0.00000000000000000e+00 0.00000000000000000e+00
-1.76622279795200671e-18 0.00000000000000000e+00
-4.27678559612684397e-18 0.00000000000000000e+00
0.00000000000000000e+00 0.00000000000000000e+00
0.00000000000000000e+00 0.00000000000000000e+00
1.29096721832317933e-18 0.00000000000000000e+00
0.00000000000000000e+00 0.00000000000000000e+00
6.31717581541594031e-19 0.00000000000000000e+00
-3.65478869389352199e-18 0.00000000000000000e+00
0.00000000000000000e+00 0.00000000000000000e+00
0.00000000000000000e+00 0.00000000000000000e+00
-1.52744666584913226e-18 0.00000000000000000e+00
3.46043514385453492e-18 0.00000000000000000e+00
0.00000000000000000e+00 0.00000000000000000e+00
-9.13278277188705828e-18 0.00000000000000000e+00
0.00000000000000000e+00 0.00000000000000000e+00
0.00000000000000000e+00 0.00000000000000000e+00
1.55025276623261974e-18 0.00000000000000000e+00
-4.39963912614966427e-18 0.00000000000000000e+00
0.00000000000000000e+00 0.00000000000000000e+00
0.00000000000000000e+00 0.00000000000000000e+00
6.87548136730201234e-19 0.00000000000000000e+00
0.00000000000000000e+00 0.00000000000000000e+00
-7.63733698087363790e-19 0.00000000000000000e+00
-1.11186310295859964e-19 0.00000000000000000e+00
0.00000000000000000e+00 0.00000000000000000e+00
-7.05871799400061702e-18 0.00000000000000000e+00
0.00000000000000000e+00 0.00000000000000000e+00
0.00000000000000000e+00 0.00000000000000000e+00
-2.78600528696137531e-19 0.00000000000000000e+00
0.00000000000000000e+00 0.00000000000000000e+00
-3.67461363268118336e-20 0.00000000000000000e+00
1.10437095861417597e-18 0.00000000000000000e+00
0.00000000000000000e+00 0.00000000000000000e+00
0.00000000000000000e+00 0.00000000000000000e+00
6.27758356967748508e-19 0.00000000000000000e+00
-2.71830044781719948e-18 0.00000000000000000e+00
0.00000000000000000e+00 0.00000000000000000e+00
-5.05059670404232372e-18 0.00000000000000000e+00
0.00000000000000000e+00 0.00000000000000000e+00
0.00000000000000000e+00 0.00000000000000000e+00
-2.36455234578463976e-19 0.00000000000000000e+00
1.04141785124597685e-18 0.00000000000000000e+00
0.00000000000000000e+00 0.00000000000000000e+00
0.00000000000000000e+00 0.00000000000000000e+00
1.17453173836853070e-18 0.00000000000000000e+00
0.00000000000000000e+00 0.00000000000000000e+00
-1.08624391928057896e-18 0.00000000000000000e+00
3.40612285858799743e-18 0.00000000000000000e+00
0.00000000000000000e+00 0.00000000000000000e+00
0.00000000000000000e+00 0.00000000000000000e+00
8.72232077223342921e-20 0.00000000000000000e+00
-2.66869956579278960e-18 0.00000000000000000e+00
0.00000000000000000e+00 0.00000000000000000e+00
1.74763266439519467e-18 0.00000000000000000e+00
0.00000000000000000e+00 0.00000000000000000e+00
0.00000000000000000e+00 0.00000000000000000e+00
-7.44540682451163229e-19 0.00000000000000000e+00
0.00000000000000000e+00 0.00000000000000000e+00
-1.53308886844930635e-18 0.00000000000000000e+00
1.30847929216174842e-19 0.00000000000000000e+00
0.00000000000000000e+00 0.00000000000000000e+00
-2.91015240861984014e-18 0.00000000000000000e+00
0.00000000000000000e+00 0.00000000000000000e+00
0.00000000000000000e+00 0.00000000000000000e+00
9.41491758684011899e-19 0.00000000000000000e+00
5.08076871479562071e-19 0.00000000000000000e+00
0.00000000000000000e+00 0.00000000000000000e+00
0.00000000000000000e+00 0.00000000000000000e+00
-5.88528829185290300e-19 0.00000000000000000e+00
0.00000000000000000e+00 0.00000000000000000e+00
-6.82084371374476204e-19 0.00000000000000000e+00
-1.24078473695320100e-18 0.00000000000000000e+00
0.00000000000000000e+00 0.00000000000000000e+00
-1.99274921566933234e-17 0.00000000000000000e+00
0.00000000000000000e+00 0.00000000000000000e+00
0.00000000000000000e+00 0.00000000000000000e+00
-8.50455397302915622e-19 0.00000000000000000e+00
0.00000000000000000e+00 0.00000000000000000e+00
4.15866623869269926e-19 0.00000000000000000e+00
1.91492659929874248e-19 0.00000000000000000e+00
0.00000000000000000e+00 0.00000000000000000e+00
0.00000000000000000e+00 0.00000000000000000e+00
-1.06982336513966223e-18 0.00000000000000000e+00
-1.66961846601194574e-19 0.00000000000000000e+00
0.00000000000000000e+00 0.00000000000000000e+00
-2.13167870880751351e-18 0.00000000000000000e+00
0.00000000000000000e+00 0.00000000000000000e+00
0.00000000000000000e+00 0.00000000000000000e+00
-2.57786298998477306e-19 0.00000000000000000e+00
0.00000000000000000e+00 0.00000000000000000e+00
4.47532863049333775e-19 0.00000000000000000e+00
-1.51130938282344160e-18 0.00000000000000000e+00
0.00000000000000000e+00 0.00000000000000000e+00
1.65349292797016235e-18 0.00000000000000000e+00
0.00000000000000000e+00 0.00000000000000000e+00
0.00000000000000000e+00 0.00000000000000000e+00
-5.62165698958504060e-20 0.00000000000000000e+00
1.97051401590774082e-18 0.00000000000000000e+00
0.00000000000000000e+00 0.00000000000000000e+00
0.00000000000000000e+00 0.00000000000000000e+00
-8.17905964388753616e-19 0.00000000000000000e+00
0.00000000000000000e+00 0.00000000000000000e+00
3.65526775207516878e-19 0.00000000000000000e+00
9.43362670208198944e-19 0.00000000000000000e+00
0.00000000000000000e+00 0.00000000000000000e+00
0.00000000000000000e+00 0.00000000000000000e+00
2.88813750205966407e-18 0.00000000000000000e+00
1.39958578255226193e-18 0.00000000000000000e+00
0.00000000000000000e+00 0.00000000000000000e+00
-2.39117817728903201e-18 0.00000000000000000e+00
0.00000000000000000e+00 0.00000000000000000e+00
0.00000000000000000e+00 0.00000000000000000e+00
-2.81800951908934521e-19 0.00000000000000000e+00
-8.63738332799227131e-19 0.00000000000000000e+00
0.00000000000000000e+00 0.00000000000000000e+00
0.00000000000000000e+00 0.00000000000000000e+00
-4.90672293749322528e-19 0.00000000000000000e+00
0.00000000000000000e+00 0.00000000000000000e+00
-1.71793683597929117e-18 0.00000000000000000e+00
-2.54385936141549117e-19 0.00000000000000000e+00
0.00000000000000000e+00 0.00000000000000000e+00
6.30020642293474884e-19 0.00000000000000000e+00
0.00000000000000000e+00 0.00000000000000000e+00
0.00000000000000000e+00 0.00000000000000000e+00
5.59994755624268052e-19 0.00000000000000000e+00
0.00000000000000000e+00 0.00000000000000000e+00
-1.28409775481410005e-18 0.00000000000000000e+00
4.31075720039862471e-19 0.00000000000000000e+00
0.00000000000000000e+00 0.00000000000000000e+00
0.00000000000000000e+00 0.00000000000000000e+00
-2.15742895373237679e-18 0.00000000000000000e+00
-6.66795673495859229e-19 0.00000000000000000e+00
0.00000000000000000e+00 0.00000000000000000e+00
4.73304741278988241e-19 0.00000000000000000e+00
0.00000000000000000e+00 0.00000000000000000e+00
0.00000000000000000e+00 0.00000000000000000e+00
-8.85417656743181954e-19 0.00000000000000000e+00
2.67261241912424452e-01 0.00000000000000000e+00
0.00000000000000000e+00 0.00000000000000000e+00
0.00000000000000000e+00 0.00000000000000000e+00
3.45648565036137490e-19 0.00000000000000000e+00
0.00000000000000000e+00 0.00000000000000000e+00
-2.37160580680448205e-19 0.00000000000000000e+00
-6.22143674218994236e-19 0.00000000000000000e+00
0.00000000000000000e+00 0.00000000000000000e+00
0.00000000000000000e+00 0.00000000000000000e+00
5.36929438710668919e-19 0.00000000000000000e+00
4.37723502834487950e-19 0.00000000000000000e+00
0.00000000000000000e+00 0.00000000000000000e+00
-1.26137132515599781e-18 0.00000000000000000e+00
0.00000000000000000e+00 0.00000000000000000e+00
0.00000000000000000e+00 0.00000000000000000e+00
2.16729482100694930e-20 0.00000000000000000e+00
0.00000000000000000e+00 0.00000000000000000e+00
-4.91996858741368209e-19 0.00000000000000000e+00
-4.69383104224977741e-19 0.00000000000000000e+00
0.00000000000000000e+00 0.00000000000000000e+00
-1.14444465542954716e-18 0.00000000000000000e+00
0.00000000000000000e+00 0.00000000000000000e+00
0.00000000000000000e+00 0.00000000000000000e+00
3.28530171325505986e-20 0.00000000000000000e+00
-2.32060180325709182e-18 0.00000000000000000e+00
0.00000000000000000e+00 0.00000000000000000e+00
0.00000000000000000e+00 0.00000000000000000e+00
8.07236678516015334e-20 0.00000000000000000e+00
0.00000000000000000e+00 0.00000000000000000e+00
-3.58517158037899904e-19 0.00000000000000000e+00
8.08686235028289239e-19 0.00000000000000000e+00
0.00000000000000000e+00 0.00000000000000000e+00
0.00000000000000000e+00 0.00000000000000000e+00
-8.19411244514330257e-19 0.00000000000000000e+00
-6.13878301491929821e-19 0.00000000000000000e+00
0.00000000000000000e+00 0.00000000000000000e+00
1.19538776382358753e-18 0.00000000000000000e+00
0.00000000000000000e+00 0.00000000000000000e+00
0.00000000000000000e+00 0.00000000000000000e+00
4.55014863228965631e-19 0.00000000000000000e+00
-7.95756278788246540e-19 0.00000000000000000e+00
0.00000000000000000e+00 0.00000000000000000e+00
0.00000000000000000e+00 0.00000000000000000e+00
2.27619868210441812e-19 0.00000000000000000e+00
0.00000000000000000e+00 0.00000000000000000e+00
1.99283842786067861e-19 0.00000000000000000e+00
1.49618824687936924e-19 0.00000000000000000e+00
0.00000000000000000e+00 0.00000000000000000e+00
-1.04801360112569384e-18 0.00000000000000000e+00
0.00000000000000000e+00 0.00000000000000000e+00
0.00000000000000000e+00 0.00000000000000000e+00
2.18442530062102412e-19 0.00000000000000000e+00
0.00000000000000000e+00 0.00000000000000000e+00
4.90093915989442111e-19 0.00000000000000000e+00
-4.34175659139513198e-19 0.00000000000000000e+00
0.00000000000000000e+00 0.00000000000000000e+00
0.00000000000000000e+00 0.00000000000000000e+00
2.02195426965169424e-19 0.00000000000000000e+00
7.52949354611076415e-19 0.00000000000000000e+00
0.00000000000000000e+00 0.00000000000000000e+00
8.44845588516559782e-19 0.00000000000000000e+00
0.00000000000000000e+00 0.00000000000000000e+00
0.00000000000000000e+00 0.00000000000000000e+00
7.61018639468562182e-19 0.00000000000000000e+00
0.00000000000000000e+00 0.00000000000000000e+00
-7.20856431463437248e-19 0.00000000000000000e+00
-1.68680684105579949e-18 0.00000000000000000e+00
0.00000000000000000e+00 0.00000000000000000e+00
-3.23932389171159705e-19 0.00000000000000000e+00
0.00000000000000000e+00 0.00000000000000000e+00
0.00000000000000000e+00 0.00000000000000000e+00
-2.33049651828102694e-20 0.00000000000000000e+00
8.59262887731135859e-19 0.00000000000000000e+00
0.00000000000000000e+00 0.00000000000000000e+00
0.00000000000000000e+00 0.00000000000000000e+00
-2.08708388747037029e-20 0.00000000000000000e+00
0.00000000000000000e+00 0.00000000000000000e+00
1.62185391347438878e-19 0.00000000000000000e+00
-4.15664497679249678e-19 0.00000000000000000e+00
0.00000000000000000e+00 0.00000000000000000e+00
-4.52070028875975134e-19 0.00000000000000000e+00
0.00000000000000000e+00 0.00000000000000000e+00
0.00000000000000000e+00 0.00000000000000000e+00
4.16697183336820509e-19 0.00000000000000000e+00
0.00000000000000000e+00 0.00000000000000000e+00
4.52467907573499652e-21 0.00000000000000000e+00
-1.00329128709423033e-18 0.00000000000000000e+00
0.00000000000000000e+00 0.00000000000000000e+00
0.00000000000000000e+00 0.00000000000000000e+00
2.01545375693199958e-20 0.00000000000000000e+00
2.48733641103683767e-19 0.00000000000000000e+00
0.00000000000000000e+00 0.00000000000000000e+00
4.26862770761242364e-19 0.00000000000000000e+00
0.00000000000000000e+00 0.00000000000000000e+00
0.00000000000000000e+00 0.00000000000000000e+00
-3.19922642713565282e-21 0.00000000000000000e+00
-8.81628970823725092e-19 0.00000000000000000e+00
0.00000000000000000e+00 0.00000000000000000e+00
0.00000000000000000e+00 0.00000000000000000e+00
3.20659707831963248e-20 0.00000000000000000e+00
0.00000000000000000e+00 0.00000000000000000e+00
2.23971374059966242e-19 0.00000000000000000e+00
-1.09882039752432511e-19 0.00000000000000000e+00
0.00000000000000000e+00 0.00000000000000000e+00
0.00000000000000000e+00 0.00000000000000000e+00
-5.28881291343582049e-19 0.00000000000000000e+00
-1.16611567990086240e-19 0.00000000000000000e+00
0.00000000000000000e+00 0.00000000000000000e+00
8.98399719016584203e-19 0.00000000000000000e+00
0.00000000000000000e+00 0.00000000000000000e+00
0.00000000000000000e+00 0.00000000000000000e+00
-3.79817475539619873e-19 0.00000000000000000e+00
0.00000000000000000e+00 0.00000000000000000e+00
-1.06192848406486860e-18 0.00000000000000000e+00
-8.23917385121705270e-19 0.00000000000000000e+00
0.00000000000000000e+00 0.00000000000000000e+00
-1.05881911579764384e-18 0.00000000000000000e+00
0.00000000000000000e+00 0.00000000000000000e+00
0.00000000000000000e+00 0.00000000000000000e+00
1.55829103912527469e-20 0.00000000000000000e+00
1.56046333233021807e-18 0.00000000000000000e+00
0.00000000000000000e+00 0.00000000000000000e+00
0.00000000000000000e+00 0.00000000000000000e+00
1.85671300962630238e-19 0.00000000000000000e+00
0.00000000000000000e+00 0.00000000000000000e+00
1.78598173137417091e-19 0.00000000000000000e+00
3.66710392834837054e-19 0.00000000000000000e+00
0.00000000000000000e+00 0.00000000000000000e+00
0.00000000000000000e+00 0.00000000000000000e+00
1.17304540200709267e-19 0.00000000000000000e+00
3.78726514579813167e-19 0.00000000000000000e+00
0.00000000000000000e+00 0.00000000000000000e+00
-1.52190121156646494e-18 0.00000000000000000e+00
0.00000000000000000e+00 0.00000000000000000e+00
0.00000000000000000e+00 0.00000000000000000e+00
-1.10304524212275036e-18 0.00000000000000000e+00
-1.52048066901499643e-18 0.00000000000000000e+00
0.00000000000000000e+00 0.00000000000000000e+00
0.00000000000000000e+00 0.00000000000000000e+00
-2.87809688685876110e-19 0.00000000000000000e+00
0.00000000000000000e+00 0.00000000000000000e+00
-1.46802203574289911e-19 0.00000000000000000e+00
1.53806978726687029e-19 0.00000000000000000e+00
0.00000000000000000e+00 0.00000000000000000e+00
-1.60558425658086288e-18 0.00000000000000000e+00
0.00000000000000000e+00 0.00000000000000000e+00
0.00000000000000000e+00 0.00000000000000000e+00
-2.16611450190245404e-19 0.00000000000000000e+00
0.00000000000000000e+00 0.00000000000000000e+00
-7.98307714561751080e-19 0.00000000000000000e+00
-8.10467263848821977e-20 0.00000000000000000e+00
0.00000000000000000e+00 0.00000000000000000e+00
0.00000000000000000e+00 0.00000000000000000e+00
-4.71376887096575193e-19 0.00000000000000000e+00
-3.24497862257281800e-19 0.00000000000000000e+00
0.00000000000000000e+00 0.00000000000000000e+00
-4.27685541122392805e-19 0.00000000000000000e+00
0.00000000000000000e+00 0.00000000000000000e+00
0.00000000000000000e+00 0.00000000000000000e+00
-5.25043424253348954e-19 0.00000000000000000e+00
9.78918177020080255e-19 0.00000000000000000e+00
0.00000000000000000e+00 0.00000000000000000e+00
0.00000000000000000e+00 0.00000000000000000e+00
-6.34403901537456565e-21 0.00000000000000000e+00
0.00000000000000000e+00 0.00000000000000000e+00
-5.36192426637426568e-19 0.00000000000000000e+00
-8.00515119508124317e-19 0.00000000000000000e+00
0.00000000000000000e+00 0.00000000000000000e+00
0.00000000000000000e+00 0.00000000000000000e+00
3.27422924951390929e-19 0.00000000000000000e+00
4.91109608531467946e-19 0.00000000000000000e+00
0.00000000000000000e+00 0.00000000000000000e+00
-2.73838281625458773e-19 0.00000000000000000e+00
0.00000000000000000e+00 0.00000000000000000e+00
0.00000000000000000e+00 0.00000000000000000e+00
-1.31485275070486189e-19 0.00000000000000000e+00
0.00000000000000000e+00 0.00000000000000000e+00
-9.65279960622529300e-19 0.00000000000000000e+00
-9.71212513103502472e-19 0.00000000000000000e+00
0.00000000000000000e+00 0.00000000000000000e+00
9.23418966074662371e-19 0.00000000000000000e+00
0.00000000000000000e+00 0.00000000000000000e+00
0.00000000000000000e+00 0.00000000000000000e+00
-3.82979654471488935e-19 0.00000000000000000e+00
-9.46452840234527645e-19 0.00000000000000000e+00
0.00000000000000000e+00 0.00000000000000000e+00
0.00000000000000000e+00 0.00000000000000000e+00
-8.30451833998047245e-20 0.00000000000000000e+00
0.00000000000000000e+00 0.00000000000000000e+00
-6.84342528092524406e-19 0.00000000000000000e+00
4.29537629833876335e-19 0.00000000000000000e+00
0.00000000000000000e+00 0.00000000000000000e+00
-4.94692376896207125e-18 0.00000000000000000e+00
0.00000000000000000e+00 0.00000000000000000e+00
0.00000000000000000e+00 0.00000000000000000e+00
-3.12215888705185829e-19 0.00000000000000000e+00
0.00000000000000000e+00 0.00000000000000000e+00
-4.02267039286794515e-19 0.00000000000000000e+00
-6.01095498862050429e-19 0.00000000000000000e+00
0.00000000000000000e+00 0.00000000000000000e+00
0.00000000000000000e+00 0.00000000000000000e+00
-2.64334859921056620e-19 0.00000000000000000e+00
-8.86442382371953838e-20 0.00000000000000000e+00
0.00000000000000000e+00 0.00000000000000000e+00
-7.03040066678158475e-19 0.00000000000000000e+00
0.00000000000000000e+00 0.00000000000000000e+00
0.00000000000000000e+00 0.00000000000000000e+00
-1.77823695343210353e-19 0.00000000000000000e+00
0.00000000000000000e+00 0.00000000000000000e+00
-5.92738272669616629e-19 0.00000000000000000e+00
-1.64316668088010980e-19 0.00000000000000000e+00
0.00000000000000000e+00 0.00000000000000000e+00
3.28220961743529921e-19 0.00000000000000000e+00
0.00000000000000000e+00 0.00000000000000000e+00
0.00000000000000000e+00 0.00000000000000000e+00
-1.07183704245088844e-19 0.00000000000000000e+00
1.03306967055067266e-18 0.00000000000000000e+00
0.00000000000000000e+00 0.00000000000000000e+00
0.00000000000000000e+00 0.00000000000000000e+00
-4.02847500263531596e-19 0.00000000000000000e+00
0.00000000000000000e+00 0.00000000000000000e+00
-1.51322002956310903e-19 0.00000000000000000e+00
-2.50236817377763349e-19 0.00000000000000000e+00
0.00000000000000000e+00 0.00000000000000000e+00
0.00000000000000000e+00 0.00000000000000000e+00
-6.93887754047793728e-19 0.00000000000000000e+00
-1.02133128033201190e-19 0.00000000000000000e+00
0.00000000000000000e+00 0.00000000000000000e+00
-1.45128859105853107e-18 0.00000000000000000e+00
0.00000000000000000e+00 0.00000000000000000e+00
0.00000000000000000e+00 0.00000000000000000e+00
-6.60370561064955597e-19 0.00000000000000000e+00
-1.86309580892712065e-18 0.00000000000000000e+00
0.00000000000000000e+00 0.00000000000000000e+00
0.00000000000000000e+00 0.00000000000000000e+00
-1.86776162605025442e-20 0.00000000000000000e+00
0.00000000000000000e+00 0.00000000000000000e+00
-3.93389484199877760e-19 0.00000000000000000e+00
-1.20319350957064094e-18 0.00000000000000000e+00
0.00000000000000000e+00 0.00000000000000000e+00
-4.87567844371672190e-20 0.00000000000000000e+00
0.00000000000000000e+00 0.00000000000000000e+00
0.00000000000000000e+00 0.00000000000000000e+00
8.47475591065106266e-20 0.00000000000000000e+00
0.00000000000000000e+00 0.00000000000000000e+00
-1.05578169325859776e-19 0.00000000000000000e+00
-3.26484679482817231e-19 0.00000000000000000e+00
0.00000000000000000e+00 0.00000000000000000e+00
0.00000000000000000e+00 0.00000000000000000e+00
-9.05938314444639975e-19 0.00000000000000000e+00
-1.74343577433533797e-18 0.00000000000000000e+00
0.00000000000000000e+00 0.00000000000000000e+00
-6.88965413324787171e-19 0.00000000000000000e+00
0.00000000000000000e+00 0.00000000000000000e+00
0.00000000000000000e+00 0.00000000000000000e+00
-5.55902720136721980e-19 0.00000000000000000e+00
0.00000000000000000e+00 0.00000000000000000e+00
-3.43237938067979947e-18 0.00000000000000000e+00
-6.33158521029965411e-19 0.00000000000000000e+00
0.00000000000000000e+00 0.00000000000000000e+00
-5.54703331380737348e-19 0.00000000000000000e+00
0.00000000000000000e+00 0.00000000000000000e+00
0.00000000000000000e+00 0.00000000000000000e+00
-4.32229738847603577e-19 0.00000000000000000e+00
-2.64896093627141734e-18 0.00000000000000000e+00
0.00000000000000000e+00 0.00000000000000000e+00
0.00000000000000000e+00 0.00000000000000000e+00
3.17490105907576225e-19 0.00000000000000000e+00
0.00000000000000000e+00 0.00000000000000000e+00
-2.52324544390589110e-19 0.00000000000000000e+00
-3.80310489232795122e-19 0.00000000000000000e+00
0.00000000000000000e+00 0.00000000000000000e+00
-2.70130629164665122e-18 0.00000000000000000e+00
0.00000000000000000e+00 0.00000000000000000e+00
0.00000000000000000e+00 0.00000000000000000e+00
5.05967001500360068e-19 0.00000000000000000e+00
0.00000000000000000e+00 0.00000000000000000e+00
-2.14164038370257057e-19 0.00000000000000000e+00
4.51096062386115667e-19 0.00000000000000000e+00
0.00000000000000000e+00 0.00000000000000000e+00
0.00000000000000000e+00 0.00000000000000000e+00
-3.84338221610932506e-19 0.00000000000000000e+00
1.38706215551506721e-19 0.00000000000000000e+00
0.00000000000000000e+00 0.00000000000000000e+00
-1.17088029801122339e-18 0.00000000000000000e+00
0.00000000000000000e+00 0.00000000000000000e+00
0.00000000000000000e+00 0.00000000000000000e+00
-9.13135376521297113e-19 0.00000000000000000e+00
-6.13546673089570544e-18 0.00000000000000000e+00
0.00000000000000000e+00 0.00000000000000000e+00
0.00000000000000000e+00 0.00000000000000000e+00
-2.34193419956955327e-19 0.00000000000000000e+00
0.00000000000000000e+00 0.00000000000000000e+00
-1.05968725669295758e-19 0.00000000000000000e+00
-5.18380506401855637e-20 0.00000000000000000e+00
0.00000000000000000e+00 0.00000000000000000e+00
0.00000000000000000e+00 0.00000000000000000e+00
7.26604947828226566e-20 0.00000000000000000e+00
-9.97321227992270170e-19 0.00000000000000000e+00
0.00000000000000000e+00 0.00000000000000000e+00
-4.06675610443482207e-19 0.00000000000000000e+00
0.00000000000000000e+00 0.00000000000000000e+00
0.00000000000000000e+00 0.00000000000000000e+00
-6.00766353180968790e-19 0.00000000000000000e+00
0.00000000000000000e+00 0.00000000000000000e+00
-3.10652959620552133e-19 0.00000000000000000e+00
4.21103793467572488e-19 0.00000000000000000e+00
0.00000000000000000e+00 0.00000000000000000e+00
-8.60731987052575847e-19 0.00000000000000000e+00
0.00000000000000000e+00 0.00000000000000000e+00
0.00000000000000000e+00 0.00000000000000000e+00
1.32830999676984366e-19 0.00000000000000000e+00
-1.41440740055335620e-18 0.00000000000000000e+00
0.00000000000000000e+00 0.00000000000000000e+00
0.00000000000000000e+00 0.00000000000000000e+00
2.89880391361082105e-19 0.00000000000000000e+00
0.00000000000000000e+00 0.00000000000000000e+00
-4.82394029465309386e-19 0.00000000000000000e+00
6.46695911796060132e-19 0.00000000000000000e+00
0.00000000000000000e+00 0.00000000000000000e+00
-3.56944075552758168e-18 0.00000000000000000e+00
0.00000000000000000e+00 0.00000000000000000e+00
0.00000000000000000e+00 0.00000000000000000e+00
-2.53253967055706435e-19 0.00000000000000000e+00
0.00000000000000000e+00 0.00000000000000000e+00
-3.52696161607047044e-19 0.00000000000000000e+00
3.63191822950852140e-20 0.00000000000000000e+00
0.00000000000000000e+00 0.00000000000000000e+00
0.00000000000000000e+00 0.00000000000000000e+00
9.67296561802542853e-19 0.00000000000000000e+00
7.96061425746357790e-19 0.00000000000000000e+00
0.00000000000000000e+00 0.00000000000000000e+00
4.70544318330452515e-19 0.00000000000000000e+00
0.00000000000000000e+00 0.00000000000000000e+00
0.00000000000000000e+00 0.00000000000000000e+00
-1.13144712794250463e-19 0.00000000000000000e+00
0.00000000000000000e+00 0.00000000000000000e+00
1.29364363221305068e-18 0.00000000000000000e+00
1.52027214071526974e-20 0.00000000000000000e+00
0.00000000000000000e+00 0.00000000000000000e+00
7.34451386435851990e-19 0.00000000000000000e+00
0.00000000000000000e+00 0.00000000000000000e+00
0.00000000000000000e+00 0.00000000000000000e+00
-2.95206047974142650e-20 0.00000000000000000e+00
-5.93903887944635752e-19 0.00000000000000000e+00
0.00000000000000000e+00 0.00000000000000000e+00
0.00000000000000000e+00 0.00000000000000000e+00
-2.59007366100054827e-20 0.00000000000000000e+00
0.00000000000000000e+00 0.00000000000000000e+00
-6.53612159821170929e-19 0.00000000000000000e+00
-8.18778670126372144e-19 0.00000000000000000e+00
0.00000000000000000e+00 0.00000000000000000e+00
0.00000000000000000e+00 0.00000000000000000e+00
-1.96310023791810629e-18 0.00000000000000000e+00
-1.59727743164358745e-18 0.00000000000000000e+00
0.00000000000000000e+00 0.00000000000000000e+00
-2.78001661730150990e-18 0.00000000000000000e+00
0.00000000000000000e+00 0.00000000000000000e+00
0.00000000000000000e+00 0.00000000000000000e+00
6.66319535486077556e-21 0.00000000000000000e+00
-2.20090679921496935e-18 0.00000000000000000e+00
0.00000000000000000e+00 0.00000000000000000e+00
0.00000000000000000e+00 0.00000000000000000e+00
2.15724656838799406e-19 0.00000000000000000e+00
0.00000000000000000e+00 0.00000000000000000e+00
-2.14903354508690102e-19 0.00000000000000000e+00
-1.18127849085827459e-19 0.00000000000000000e+00
0.00000000000000000e+00 0.00000000000000000e+00
-2.45301897450324896e-18 0.00000000000000000e+00
0.00000000000000000e+00 0.00000000000000000e+00
0.00000000000000000e+00 0.00000000000000000e+00
-9.91139147277371352e-20 0.00000000000000000e+00
0.00000000000000000e+00 0.00000000000000000e+00
-2.08620178582110364e-19 0.00000000000000000e+00
1.47861508831689608e-19 0.00000000000000000e+00
0.00000000000000000e+00 0.00000000000000000e+00
0.00000000000000000e+00 0.00000000000000000e+00
-5.32969156760466443e-19 0.00000000000000000e+00
-9.79854821373828424e-19 0.00000000000000000e+00
0.00000000000000000e+00 0.00000000000000000e+00
-1.12386650973806921e-18 0.00000000000000000e+00
0.00000000000000000e+00 0.00000000000000000e+00
0.00000000000000000e+00 0.00000000000000000e+00
-1.01328222798649929e-19 0.00000000000000000e+00
-8.96261877929548377e-18 0.00000000000000000e+00
0.00000000000000000e+00 0.00000000000000000e+00
0.00000000000000000e+00 0.00000000000000000e+00
6.75065237580113064e-20 0.00000000000000000e+00
0.00000000000000000e+00 0.00000000000000000e+00
3.34400558745844071e-19 0.00000000000000000e+00
6.21419181475551692e-19 0.00000000000000000e+00
0.00000000000000000e+00 0.00000000000000000e+00
0.00000000000000000e+00 0.00000000000000000e+00
-1.61115848863082530e-19 0.00000000000000000e+00
-5.38877611410392777e-19 0.00000000000000000e+00
0.00000000000000000e+00 0.00000000000000000e+00
-7.99561294729683776e-19 0.00000000000000000e+00
0.00000000000000000e+00 0.00000000000000000e+00
0.00000000000000000e+00 0.00000000000000000e+00
1.55999515145364889e-19 0.00000000000000000e+00
0.00000000000000000e+00 0.00000000000000000e+00
8.31750751157666132e-19 0.00000000000000000e+00
-5.39230191361602094e-19 0.00000000000000000e+00
0.00000000000000000e+00 0.00000000000000000e+00
2.51828818932242728e-20 0.00000000000000000e+00
0.00000000000000000e+00 0.00000000000000000e+00
0.00000000000000000e+00 0.00000000000000000e+00
-8.22075493079216834e-19 0.00000000000000000e+00
-4.68005772547146915e-19 0.00000000000000000e+00
0.00000000000000000e+00 0.00000000000000000e+00
0.00000000000000000e+00 0.00000000000000000e+00
-2.38543358043682327e-21 0.00000000000000000e+00
0.00000000000000000e+00 0.00000000000000000e+00
-1.30584701580722620e-19 0.00000000000000000e+00
-3.16138168159960265e-19 0.00000000000000000e+00
0.00000000000000000e+00 0.00000000000000000e+00
0.00000000000000000e+00 0.00000000000000000e+00
-6.55909735105498730e-19 0.00000000000000000e+00
-2.19386170235813666e-18 0.00000000000000000e+00
0.00000000000000000e+00 0.00000000000000000e+00
-1.40720051287323859e-18 0.00000000000000000e+00
0.00000000000000000e+00 0.00000000000000000e+00
0.00000000000000000e+00 0.00000000000000000e+00
-2.16721382075876760e-19 0.00000000000000000e+00
-1.36685870172425072e-18 0.00000000000000000e+00
0.00000000000000000e+00 0.00000000000000000e+00
0.00000000000000000e+00 0.00000000000000000e+00
2.14944759471391216e-19 0.00000000000000000e+00
0.00000000000000000e+00 0.00000000000000000e+00
-2.71619535838000591e-19 0.00000000000000000e+00
-8.95892494790117688e-20 0.00000000000000000e+00
0.00000000000000000e+00 0.00000000000000000e+00
-1.09415783579277492e-18 0.00000000000000000e+00
0.00000000000000000e+00 0.00000000000000000e+00
0.00000000000000000e+00 0.00000000000000000e+00
3.14260440378124627e-19 0.00000000000000000e+00
0.00000000000000000e+00 0.00000000000000000e+00
-4.89960445010788156e-19 0.00000000000000000e+00
6.65279553287749561e-19 0.00000000000000000e+00
0.00000000000000000e+00 0.00000000000000000e+00
0.00000000000000000e+00 0.00000000000000000e+00
-2.31753747809131658e-19 0.00000000000000000e+00
7.44345093190997532e-19 0.00000000000000000e+00
0.00000000000000000e+00 0.00000000000000000e+00
2.90366275328248113e-19 0.00000000000000000e+00
0.00000000000000000e+00 0.00000000000000000e+00
0.00000000000000000e+00 0.00000000000000000e+00
6.51044618124656221e-19 0.00000000000000000e+00
0.00000000000000000e+00 0.00000000000000000e+00
9.43341778778086334e-19 0.00000000000000000e+00
-3.96069973229522750e-19 0.00000000000000000e+00
0.00000000000000000e+00 0.00000000000000000e+00
9.97509391545420845e-19 0.00000000000000000e+00
0.00000000000000000e+00 0.00000000000000000e+00
0.00000000000000000e+00 0.00000000000000000e+00
-9.65410565355385856e-20 0.00000000000000000e+00
8.75400162080712510e-20 0.00000000000000000e+00
0.00000000000000000e+00 0.00000000000000000e+00
0.00000000000000000e+00 0.00000000000000000e+00
8.19020223536245297e-20 0.00000000000000000e+00
0.00000000000000000e+00 0.00000000000000000e+00
-3.69376780375940654e-20 0.00000000000000000e+00
-1.42975391595344419e-19 0.00000000000000000e+00
0.00000000000000000e+00 0.00000000000000000e+00
3.56152808651500428e-19 0.00000000000000000e+00
0.00000000000000000e+00 0.00000000000000000e+00
0.00000000000000000e+00 0.00000000000000000e+00
-4.89023640576990814e-20 0.00000000000000000e+00
0.00000000000000000e+00 0.00000000000000000e+00
4.51592786144706733e-19 0.00000000000000000e+00
1.56119656266512385e-20 0.00000000000000000e+00
0.00000000000000000e+00 0.00000000000000000e+00
0.00000000000000000e+00 0.00000000000000000e+00
3.14970155698631332e-19 0.00000000000000000e+00
5.17835590521323139e-19 0.00000000000000000e+00
0.00000000000000000e+00 0.00000000000000000e+00
-6.42278251782939246e-19 0.00000000000000000e+00
0.00000000000000000e+00 0.00000000000000000e+00
0.00000000000000000e+00 0.00000000000000000e+00
-6.22118122079921926e-19 0.00000000000000000e+00
-2.57292244016272808e-18 0.00000000000000000e+00
0.00000000000000000e+00 0.00000000000000000e+00
0.00000000000000000e+00 0.00000000000000000e+00
1.56058037172982522e-19 0.00000000000000000e+00
0.00000000000000000e+00 0.00000000000000000e+00
-3.38543426255048373e-19 0.00000000000000000e+00
1.49697960211880430e-19 0.00000000000000000e+00
0.00000000000000000e+00 0.00000000000000000e+00
0.00000000000000000e+00 0.00000000000000000e+00
4.02573459759192042e-20 0.00000000000000000e+00
-1.07822997755291533e-18 0.00000000000000000e+00
0.00000000000000000e+00 0.00000000000000000e+00
-5.27425853349524932e-19 0.00000000000000000e+00
0.00000000000000000e+00 0.00000000000000000e+00
0.00000000000000000e+00 0.00000000000000000e+00
-1.59866630028371186e-19 0.00000000000000000e+00
0.00000000000000000e+00 0.00000000000000000e+00
-4.11685363568761989e-19 0.00000000000000000e+00
1.44120865031430721e-19 0.00000000000000000e+00
0.00000000000000000e+00 0.00000000000000000e+00
1.08833005676692745e-18 0.00000000000000000e+00
0.00000000000000000e+00 0.00000000000000000e+00
0.00000000000000000e+00 0.00000000000000000e+00
-1.85190183295871813e-19 0.00000000000000000e+00
-1.66905563729941627e-19 0.00000000000000000e+00
0.00000000000000000e+00 0.00000000000000000e+00
0.00000000000000000e+00 0.00000000000000000e+00
-3.93552861980959527e-19 0.00000000000000000e+00
0.00000000000000000e+00 0.00000000000000000e+00
4.87303949562049267e-19 0.00000000000000000e+00
-7.88753855100407406e-19 0.00000000000000000e+00
0.00000000000000000e+00 0.00000000000000000e+00
0.00000000000000000e+00 0.00000000000000000e+00
-4.95509867497722572e-18 0.00000000000000000e+00
1.48472728825650151e-19 0.00000000000000000e+00
0.00000000000000000e+00 0.00000000000000000e+00
1.62890205160005418e-18 0.00000000000000000e+00
0.00000000000000000e+00 0.00000000000000000e+00
0.00000000000000000e+00 0.00000000000000000e+00
-7.83966366140696424e-19 0.00000000000000000e+00
4.97907452522339809e-21 0.00000000000000000e+00
0.00000000000000000e+00 0.00000000000000000e+00
0.00000000000000000e+00 0.00000000000000000e+00
-1.45999963349926315e-19 0.00000000000000000e+00
0.00000000000000000e+00 0.00000000000000000e+00
-5.89852692190205467e-19 0.00000000000000000e+00
9.50806920022719585e-19 0.00000000000000000e+00
0.00000000000000000e+00 0.00000000000000000e+00
-2.20650819193470091e-18 0.00000000000000000e+00
0.00000000000000000e+00 0.00000000000000000e+00
0.00000000000000000e+00 0.00000000000000000e+00
-8.24660002193566375e-20 0.00000000000000000e+00
0.00000000000000000e+00 0.00000000000000000e+00
-4.12212014889743641e-19 0.00000000000000000e+00
-9.76539447107466592e-20 0.00000000000000000e+00
0.00000000000000000e+00 0.00000000000000000e+00
0.00000000000000000e+00 0.00000000000000000e+00
5.95715099255633528e-19 0.00000000000000000e+00
4.26058507763520159e-20 0.00000000000000000e+00
0.00000000000000000e+00 0.00000000000000000e+00
2.14196087674682147e-19 0.00000000000000000e+00
0.00000000000000000e+00 0.00000000000000000e+00
0.00000000000000000e+00 0.00000000000000000e+00
4.24136764799552595e-19 0.00000000000000000e+00
3.72127276890573049e-18 0.00000000000000000e+00
0.00000000000000000e+00 0.00000000000000000e+00
0.00000000000000000e+00 0.00000000000000000e+00
-3.86835253421614279e-19 0.00000000000000000e+00
0.00000000000000000e+00 0.00000000000000000e+00
6.35064696850257373e-19 0.00000000000000000e+00
1.32260462110493616e-18 0.00000000000000000e+00
0.00000000000000000e+00 0.00000000000000000e+00
0.00000000000000000e+00 0.00000000000000000e+00
5.65667644429125554e-19 0.00000000000000000e+00
-5.36866038436319257e-19 0.00000000000000000e+00
0.00000000000000000e+00 0.00000000000000000e+00
1.07169804676206386e-18 0.00000000000000000e+00
0.00000000000000000e+00 0.00000000000000000e+00
0.00000000000000000e+00 0.00000000000000000e+00
-3.70998711175394411e-19 0.00000000000000000e+00
0.00000000000000000e+00 0.00000000000000000e+00
-7.33821650721218434e-19 0.00000000000000000e+00
-1.62181533543640030e-18 0.00000000000000000e+00
0.00000000000000000e+00 0.00000000000000000e+00
-3.68171323003092884e-19 0.00000000000000000e+00
0.00000000000000000e+00 0.00000000000000000e+00
0.00000000000000000e+00 0.00000000000000000e+00
-7.55886553954441001e-19 0.00000000000000000e+00
-3.01208850371033617e-18 0.00000000000000000e+00
0.00000000000000000e+00 0.00000000000000000e+00
0.00000000000000000e+00 0.00000000000000000e+00
-2.81279849854436764e-19 0.00000000000000000e+00
0.00000000000000000e+00 0.00000000000000000e+00
-1.56625552686326631e-18 0.00000000000000000e+00
-5.64199350658079823e-19 0.00000000000000000e+00
0.00000000000000000e+00 0.00000000000000000e+00
-3.49448761130533332e-18 0.00000000000000000e+00
0.00000000000000000e+00 0.00000000000000000e+00
0.00000000000000000e+00 0.00000000000000000e+00
-3.42117416854008466e-19 0.00000000000000000e+00
0.00000000000000000e+00 0.00000000000000000e+00
-6.09030356444438050e-19 0.00000000000000000e+00
1.41447546743064911e-19 0.00000000000000000e+00
0.00000000000000000e+00 0.00000000000000000e+00
0.00000000000000000e+00 0.00000000000000000e+00
2.85553008123052527e-19 0.00000000000000000e+00
1.11156856799903763e-19 0.00000000000000000e+00
0.00000000000000000e+00 0.00000000000000000e+00
-6.14953974317480679e-19 0.00000000000000000e+00
0.00000000000000000e+00 0.00000000000000000e+00
0.00000000000000000e+00 0.00000000000000000e+00
-1.01490322272429993e-19 0.00000000000000000e+00
0.00000000000000000e+00 0.00000000000000000e+00
-2.86047311263691714e-19 0.00000000000000000e+00
8.71797963053516799e-19 0.00000000000000000e+00
0.00000000000000000e+00 0.00000000000000000e+00
9.59430071835316718e-19 0.00000000000000000e+00
0.00000000000000000e+00 0.00000000000000000e+00
0.00000000000000000e+00 0.00000000000000000e+00
4.02990671538609851e-19 0.00000000000000000e+00
1.32937269806000319e-19 0.00000000000000000e+00
0.00000000000000000e+00 0.00000000000000000e+00
0.00000000000000000e+00 0.00000000000000000e+00
2.70203137739152288e-19 0.00000000000000000e+00
0.00000000000000000e+00 0.00000000000000000e+00
-8.10878343634191891e-19 0.00000000000000000e+00
9.49699404443137464e-20 0.00000000000000000e+00
0.00000000000000000e+00 0.00000000000000000e+00
0.00000000000000000e+00 0.00000000000000000e+00
1.93156071894410485e-19 0.00000000000000000e+00
-1.41239595052846969e-18 0.00000000000000000e+00
0.00000000000000000e+00 0.00000000000000000e+00
-6.08390734010983589e-19 0.00000000000000000e+00
0.00000000000000000e+00 0.00000000000000000e+00
0.00000000000000000e+00 0.00000000000000000e+00
-3.20093630012078959e-19 0.00000000000000000e+00
1.14319252176625435e-19 0.00000000000000000e+00
0.00000000000000000e+00 0.00000000000000000e+00
0.00000000000000000e+00 0.00000000000000000e+00
-5.46531084314464398e-19 0.00000000000000000e+00
0.00000000000000000e+00 0.00000000000000000e+00
-1.69868026910654744e-20 0.00000000000000000e+00
1.30765685211684184e-20 0.00000000000000000e+00
0.00000000000000000e+00 0.00000000000000000e+00
-3.65605162716135915e-19 0.00000000000000000e+00
0.00000000000000000e+00 0.00000000000000000e+00
0.00000000000000000e+00 0.00000000000000000e+00
-4.33429033356263647e-19 0.00000000000000000e+00
0.00000000000000000e+00 0.00000000000000000e+00
-3.82067412540934652e-19 0.00000000000000000e+00
3.09921932014687545e-20 0.00000000000000000e+00
0.00000000000000000e+00 0.00000000000000000e+00
0.00000000000000000e+00 0.00000000000000000e+00
1.32743322367416248e-18 0.00000000000000000e+00
-3.90813123021904335e-19 0.00000000000000000e+00
0.00000000000000000e+00 0.00000000000000000e+00
-1.82641077312010799e-19 0.00000000000000000e+00
0.00000000000000000e+00 0.00000000000000000e+00
0.00000000000000000e+00 0.00000000000000000e+00
-1.02494256858957539e-19 0.00000000000000000e+00
-8.82688000317643100e-18 0.00000000000000000e+00
0.00000000000000000e+00 0.00000000000000000e+00
0.00000000000000000e+00 0.00000000000000000e+00
-2.89409942870459780e-19 0.00000000000000000e+00
0.00000000000000000e+00 0.00000000000000000e+00
-5.96806930659710975e-20 0.00000000000000000e+00
1.34217749077604937e-19 0.00000000000000000e+00
0.00000000000000000e+00 0.00000000000000000e+00
0.00000000000000000e+00 0.00000000000000000e+00
-6.82869869940761366e-21 0.00000000000000000e+00
-6.30836498093573892e-19 0.00000000000000000e+00
0.00000000000000000e+00 0.00000000000000000e+00
-1.03185355944702810e-18 0.00000000000000000e+00
0.00000000000000000e+00 0.00000000000000000e+00
0.00000000000000000e+00 0.00000000000000000e+00
-1.95018655889507865e-20 0.00000000000000000e+00
0.00000000000000000e+00 0.00000000000000000e+00
4.29705875535411592e-19 0.00000000000000000e+00
3.99443323584945184e-19 0.00000000000000000e+00
0.00000000000000000e+00 0.00000000000000000e+00
7.73632087605307367e-19 0.00000000000000000e+00
0.00000000000000000e+00 0.00000000000000000e+00
0.00000000000000000e+00 0.00000000000000000e+00
-3.71319150760167931e-19 0.00000000000000000e+00
-3.57916557077740967e-19 0.00000000000000000e+00
0.00000000000000000e+00 0.00000000000000000e+00
0.00000000000000000e+00 0.00000000000000000e+00
3.45014449658843998e-20 0.00000000000000000e+00
0.00000000000000000e+00 0.00000000000000000e+00
-7.39393153699580732e-19 0.00000000000000000e+00
7.02825320135745810e-19 0.00000000000000000e+00
0.00000000000000000e+00 0.00000000000000000e+00
0.00000000000000000e+00 0.00000000000000000e+00
-7.55805706403246778e-19 0.00000000000000000e+00
-5.40995973063984029e-19 0.00000000000000000e+00
0.00000000000000000e+00 0.00000000000000000e+00
1.13831158707204844e-18 0.00000000000000000e+00
0.00000000000000000e+00 0.00000000000000000e+00
0.00000000000000000e+00 0.00000000000000000e+00
-1.28276397543139374e-19 0.00000000000000000e+00
3.00395057141379596e-20 0.00000000000000000e+00
0.00000000000000000e+00 0.00000000000000000e+00
0.00000000000000000e+00 0.00000000000000000e+00
7.44980164117226529e-20 0.00000000000000000e+00
0.00000000000000000e+00 0.00000000000000000e+00
6.35495815122031834e-19 0.00000000000000000e+00
1.35746826559398378e-18 0.00000000000000000e+00
0.00000000000000000e+00 0.00000000000000000e+00
-3.28731660143560637e-19 0.00000000000000000e+00
0.00000000000000000e+00 0.00000000000000000e+00
0.00000000000000000e+00 0.00000000000000000e+00
-3.86553345632595058e-19 0.00000000000000000e+00
0.00000000000000000e+00 0.00000000000000000e+00
4.81090428963321741e-20 0.00000000000000000e+00
5.34172088177553505e-19 0.00000000000000000e+00
0.00000000000000000e+00 0.00000000000000000e+00
0.00000000000000000e+00 0.00000000000000000e+00
2.62649594475438983e-19 0.00000000000000000e+00
4.73162034182680946e-19 0.00000000000000000e+00
0.00000000000000000e+00 0.00000000000000000e+00
-1.00490553651136943e-18 0.00000000000000000e+00
0.00000000000000000e+00 0.00000000000000000e+00
0.00000000000000000e+00 0.00000000000000000e+00
-1.48500795197058708e-19 0.00000000000000000e+00
0.00000000000000000e+00 0.00000000000000000e+00
-8.23681107992390251e-19 0.00000000000000000e+00
-8.53499898276918525e-19 0.00000000000000000e+00
0.00000000000000000e+00 0.00000000000000000e+00
6.51514177188556313e-19 0.00000000000000000e+00
0.00000000000000000e+00 0.00000000000000000e+00
0.00000000000000000e+00 0.00000000000000000e+00
-9.49471101778444458e-20 0.00000000000000000e+00
-1.43609326932859463e-18 0.00000000000000000e+00
0.00000000000000000e+00 0.00000000000000000e+00
0.00000000000000000e+00 0.00000000000000000e+00
3.59691975789618854e-19 0.00000000000000000e+00
0.00000000000000000e+00 0.00000000000000000e+00
-7.07763849667670010e-19 0.00000000000000000e+00
-8.83576726674474696e-19 0.00000000000000000e+00
0.00000000000000000e+00 0.00000000000000000e+00
-1.66767872244498686e-18 0.00000000000000000e+00
0.00000000000000000e+00 0.00000000000000000e+00
0.00000000000000000e+00 0.00000000000000000e+00
-1.24178123173002738e-19 0.00000000000000000e+00
0.00000000000000000e+00 0.00000000000000000e+00
-3.62119173779617015e-19 0.00000000000000000e+00
4.80522856430016043e-21 0.00000000000000000e+00
0.00000000000000000e+00 0.00000000000000000e+00
0.00000000000000000e+00 0.00000000000000000e+00
9.44179557414136911e-19 0.00000000000000000e+00
-1.14842098780222712e-19 0.00000000000000000e+00
0.00000000000000000e+00 0.00000000000000000e+00
-5.02518985438184275e-19 0.00000000000000000e+00
0.00000000000000000e+00 0.00000000000000000e+00
0.00000000000000000e+00 0.00000000000000000e+00
2.91715478892397479e-19 0.00000000000000000e+00
9.66959332819456917e-19 0.00000000000000000e+00
0.00000000000000000e+00 0.00000000000000000e+00
0.00000000000000000e+00 0.00000000000000000e+00
-4.70417575768452949e-19 0.00000000000000000e+00
0.00000000000000000e+00 0.00000000000000000e+00
-2.44069058209007765e-19 0.00000000000000000e+00
4.14932319964443803e-19 0.00000000000000000e+00
0.00000000000000000e+00 0.00000000000000000e+00
0.00000000000000000e+00 0.00000000000000000e+00
-4.18945078715591149e-19 0.00000000000000000e+00
1.01551810517304996e-20 0.00000000000000000e+00
0.00000000000000000e+00 0.00000000000000000e+00
4.84718604684883100e-19 0.00000000000000000e+00
0.00000000000000000e+00 0.00000000000000000e+00
0.00000000000000000e+00 0.00000000000000000e+00
-2.25493273900125631e-19 0.00000000000000000e+00
0.00000000000000000e+00 0.00000000000000000e+00
-5.42185046820987244e-19 0.00000000000000000e+00
-4.99225165951459085e-19 0.00000000000000000e+00
0.00000000000000000e+00 0.00000000000000000e+00
-1.00565625255208208e-18 0.00000000000000000e+00
0.00000000000000000e+00 0.00000000000000000e+00
0.00000000000000000e+00 0.00000000000000000e+00
4.53886138915754218e-19 0.00000000000000000e+00
1.18408650760745522e-18 0.00000000000000000e+00
0.00000000000000000e+00 0.00000000000000000e+00
0.00000000000000000e+00 0.00000000000000000e+00
-1.43127844934183176e-19 0.00000000000000000e+00
0.00000000000000000e+00 0.00000000000000000e+00
-3.44885578522442392e-19 0.00000000000000000e+00
-3.37705424775505740e-19 0.00000000000000000e+00
0.00000000000000000e+00 0.00000000000000000e+00
-8.26990265315133482e-18 0.00000000000000000e+00
0.00000000000000000e+00 0.00000000000000000e+00
0.00000000000000000e+00 0.00000000000000000e+00
-1.00664922246021369e-19 0.00000000000000000e+00
0.00000000000000000e+00 0.00000000000000000e+00
-1.75782133977065282e-19 0.00000000000000000e+00
8.28086190725179860e-19 0.00000000000000000e+00
0.00000000000000000e+00 0.00000000000000000e+00
0.00000000000000000e+00 0.00000000000000000e+00
1.98167015460239755e-19 0.00000000000000000e+00
-1.07003991389219566e-18 0.00000000000000000e+00
0.00000000000000000e+00 0.00000000000000000e+00
-2.04436861925540693e-19 0.00000000000000000e+00
0.00000000000000000e+00 0.00000000000000000e+00
0.00000000000000000e+00 0.00000000000000000e+00
7.44521937152929580e-20 0.00000000000000000e+00
0.00000000000000000e+00 0.00000000000000000e+00
-1.46470026804279703e-19 0.00000000000000000e+00
1.02378768929809696e-18 0.00000000000000000e+00
0.00000000000000000e+00 0.00000000000000000e+00
9.03370542157797881e-19 0.00000000000000000e+00
0.00000000000000000e+00 0.00000000000000000e+00
0.00000000000000000e+00 0.00000000000000000e+00
-1.82217955377491593e-19 0.00000000000000000e+00
-1.60111765712726474e-18 0.00000000000000000e+00
0.00000000000000000e+00 0.00000000000000000e+00
0.00000000000000000e+00 0.00000000000000000e+00
-2.55226423479923576e-19 0.00000000000000000e+00
0.00000000000000000e+00 0.00000000000000000e+00
-1.23551226200140085e-19 0.00000000000000000e+00
1.18835482537556619e-18 0.00000000000000000e+00
0.00000000000000000e+00 0.00000000000000000e+00
0.00000000000000000e+00 0.00000000000000000e+00
-1.15655991171523610e-18 0.00000000000000000e+00
-1.12836323597607565e-18 0.00000000000000000e+00
0.00000000000000000e+00 0.00000000000000000e+00
-8.93028373161325853e-19 0.00000000000000000e+00
0.00000000000000000e+00 0.00000000000000000e+00
0.00000000000000000e+00 0.00000000000000000e+00
1.05440256606999973e-19 0.00000000000000000e+00
-1.35862624430186329e-18 0.00000000000000000e+00
0.00000000000000000e+00 0.00000000000000000e+00
0.00000000000000000e+00 0.00000000000000000e+00
-2.22681274693788204e-19 0.00000000000000000e+00
0.00000000000000000e+00 0.00000000000000000e+00
-1.84729606087618219e-20 0.00000000000000000e+00
5.79848737018686533e-19 0.00000000000000000e+00
0.00000000000000000e+00 0.00000000000000000e+00
-2.64731717526678357e-18 0.00000000000000000e+00
0.00000000000000000e+00 0.00000000000000000e+00
0.00000000000000000e+00 0.00000000000000000e+00
1.18482635983055866e-19 0.00000000000000000e+00
0.00000000000000000e+00 0.00000000000000000e+00
-4.88317994000234327e-19 0.00000000000000000e+00
2.80376315910414706e-20 0.00000000000000000e+00
0.00000000000000000e+00 0.00000000000000000e+00
0.00000000000000000e+00 0.00000000000000000e+00
3.01209728781468963e-20 0.00000000000000000e+00
-6.65354389360286956e-19 0.00000000000000000e+00
0.00000000000000000e+00 0.00000000000000000e+00
1.81018624190548626e-20 0.00000000000000000e+00
0.00000000000000000e+00 0.00000000000000000e+00
0.00000000000000000e+00 0.00000000000000000e+00
-2.42228228227489550e-19 0.00000000000000000e+00
0.00000000000000000e+00 0.00000000000000000e+00
1.56298503901480153e-18 0.00000000000000000e+00
-2.07693259444255524e-19 0.00000000000000000e+00
0.00000000000000000e+00 0.00000000000000000e+00
8.22301672954313169e-19 0.00000000000000000e+00
0.00000000000000000e+00 0.00000000000000000e+00
0.00000000000000000e+00 0.00000000000000000e+00
-1.17448330462906285e-18 0.00000000000000000e+00
1.61845000778304464e-18 0.00000000000000000e+00
0.00000000000000000e+00 0.00000000000000000e+00
0.00000000000000000e+00 0.00000000000000000e+00
2.11861179941669860e-19 0.00000000000000000e+00
0.00000000000000000e+00 0.00000000000000000e+00
-7.76689409138718691e-19 0.00000000000000000e+00
9.22212278234213664e-19 0.00000000000000000e+00
0.00000000000000000e+00 0.00000000000000000e+00
1.54753906590698235e-18 0.00000000000000000e+00
0.00000000000000000e+00 0.00000000000000000e+00
0.00000000000000000e+00 0.00000000000000000e+00
1.02801131258279633e-19 0.00000000000000000e+00
0.00000000000000000e+00 0.00000000000000000e+00
-5.99831738154132406e-19 0.00000000000000000e+00
-1.00333718198999449e-19 0.00000000000000000e+00
0.00000000000000000e+00 0.00000000000000000e+00
0.00000000000000000e+00 0.00000000000000000e+00
3.25658449494746822e-19 0.00000000000000000e+00
-1.60863649267422226e-19 0.00000000000000000e+00
0.00000000000000000e+00 0.00000000000000000e+00
-7.34796387029179364e-20 0.00000000000000000e+00
0.00000000000000000e+00 0.00000000000000000e+00
0.00000000000000000e+00 0.00000000000000000e+00
-1.48125446300905947e-19 0.00000000000000000e+00
1.42311544858320262e-18 0.00000000000000000e+00
0.00000000000000000e+00 0.00000000000000000e+00
0.00000000000000000e+00 0.00000000000000000e+00
-4.04581986160147216e-19 0.00000000000000000e+00
0.00000000000000000e+00 0.00000000000000000e+00
-1.68907653055188292e-19 0.00000000000000000e+00
-2.60972409429629292e-19 0.00000000000000000e+00
0.00000000000000000e+00 0.00000000000000000e+00
0.00000000000000000e+00 0.00000000000000000e+00
1.41318712855684623e-19 0.00000000000000000e+00
-3.65096575370732494e-19 0.00000000000000000e+00
0.00000000000000000e+00 0.00000000000000000e+00
9.84945624182035908e-19 0.00000000000000000e+00
0.00000000000000000e+00 0.00000000000000000e+00
0.00000000000000000e+00 0.00000000000000000e+00
-7.02378452990558306e-19 0.00000000000000000e+00
0.00000000000000000e+00 0.00000000000000000e+00
-4.62864898633564908e-19 0.00000000000000000e+00
-1.07630948671332284e-18 0.00000000000000000e+00
0.00000000000000000e+00 0.00000000000000000e+00
7.33437413369080121e-19 0.00000000000000000e+00
0.00000000000000000e+00 0.00000000000000000e+00
0.00000000000000000e+00 0.00000000000000000e+00
2.58990600730706030e-19 0.00000000000000000e+00
1.09391099898979797e-18 0.00000000000000000e+00
0.00000000000000000e+00 0.00000000000000000e+00
0.00000000000000000e+00 0.00000000000000000e+00
5.15687291003515402e-19 0.00000000000000000e+00
0.00000000000000000e+00 0.00000000000000000e+00
-3.19908147393041214e-19 0.00000000000000000e+00
-5.80681367988785467e-19 0.00000000000000000e+00
0.00000000000000000e+00 0.00000000000000000e+00
0.00000000000000000e+00 0.00000000000000000e+00
-8.14296657374134125e-19 0.00000000000000000e+00
-1.31028959833524948e-18 0.00000000000000000e+00
0.00000000000000000e+00 0.00000000000000000e+00
1.11918066817544203e-18 0.00000000000000000e+00
0.00000000000000000e+00 0.00000000000000000e+00
0.00000000000000000e+00 0.00000000000000000e+00
1.37213201079612360e-19 0.00000000000000000e+00
-2.20363219496454889e-18 0.00000000000000000e+00
0.00000000000000000e+00 0.00000000000000000e+00
0.00000000000000000e+00 0.00000000000000000e+00
-3.13503194799437656e-19 0.00000000000000000e+00
0.00000000000000000e+00 0.00000000000000000e+00
3.29560746141456507e-20 0.00000000000000000e+00
-6.27451968666793310e-19 0.00000000000000000e+00
0.00000000000000000e+00 0.00000000000000000e+00
-2.04993423014457363e-18 0.00000000000000000e+00
0.00000000000000000e+00 0.00000000000000000e+00
0.00000000000000000e+00 0.00000000000000000e+00
2.26629957477424731e-19 0.00000000000000000e+00
0.00000000000000000e+00 0.00000000000000000e+00
3.67804305533973689e-19 0.00000000000000000e+00
2.36878937884718320e-19 0.00000000000000000e+00
0.00000000000000000e+00 0.00000000000000000e+00
0.00000000000000000e+00 0.00000000000000000e+00
1.05043507352390269e-19 0.00000000000000000e+00
-1.16871201268809933e-19 0.00000000000000000e+00
0.00000000000000000e+00 0.00000000000000000e+00
-1.61343174897801194e-18 0.00000000000000000e+00
0.00000000000000000e+00 0.00000000000000000e+00
0.00000000000000000e+00 0.00000000000000000e+00
1.19923645616095501e-19 0.00000000000000000e+00
1.09457964698110594e-18 0.00000000000000000e+00
0.00000000000000000e+00 0.00000000000000000e+00
0.00000000000000000e+00 0.00000000000000000e+00
-7.20856067530650471e-19 0.00000000000000000e+00
0.00000000000000000e+00 0.00000000000000000e+00
6.09406578074214960e-19 0.00000000000000000e+00
5.20928626249819281e-19 0.00000000000000000e+00
0.00000000000000000e+00 0.00000000000000000e+00
0.00000000000000000e+00 0.00000000000000000e+00
2.39503695596562385e-19 0.00000000000000000e+00
7.52484265378954884e-19 0.00000000000000000e+00
0.00000000000000000e+00 0.00000000000000000e+00
-4.35335697173630465e-19 0.00000000000000000e+00
0.00000000000000000e+00 0.00000000000000000e+00
0.00000000000000000e+00 0.00000000000000000e+00
-1.49490641220517543e-19 0.00000000000000000e+00
0.00000000000000000e+00 0.00000000000000000e+00
8.33188455567368158e-19 0.00000000000000000e+00
1.05362856253226112e-19 0.00000000000000000e+00
0.00000000000000000e+00 0.00000000000000000e+00
1.60195640610342304e-18 0.00000000000000000e+00
0.00000000000000000e+00 0.00000000000000000e+00
0.00000000000000000e+00 0.00000000000000000e+00
3.33446849933631946e-19 0.00000000000000000e+00
7.63975881632521894e-20 0.00000000000000000e+00
0.00000000000000000e+00 0.00000000000000000e+00
0.00000000000000000e+00 0.00000000000000000e+00
2.20594433224942759e-20 0.00000000000000000e+00
0.00000000000000000e+00 0.00000000000000000e+00
1.26397486716354197e-19 0.00000000000000000e+00
-6.87875944210984853e-20 0.00000000000000000e+00
0.00000000000000000e+00 0.00000000000000000e+00
-5.52999489622644953e-18 0.00000000000000000e+00
0.00000000000000000e+00 0.00000000000000000e+00
0.00000000000000000e+00 0.00000000000000000e+00
2.66920457729667152e-19 0.00000000000000000e+00
0.00000000000000000e+00 0.00000000000000000e+00
-4.31865751470184915e-19 0.00000000000000000e+00
-7.43863497789470428e-19 0.00000000000000000e+00
0.00000000000000000e+00 0.00000000000000000e+00
0.00000000000000000e+00 0.00000000000000000e+00
-1.48022751110593852e-19 0.00000000000000000e+00
-9.21462969409378701e-19 0.00000000000000000e+00
0.00000000000000000e+00 0.00000000000000000e+00
-3.53444750650746928e-19 0.00000000000000000e+00
0.00000000000000000e+00 0.00000000000000000e+00
0.00000000000000000e+00 0.00000000000000000e+00
-5.05917935944423540e-19 0.00000000000000000e+00
0.00000000000000000e+00 0.00000000000000000e+00
-4.41546700708048504e-19 0.00000000000000000e+00
-8.55784612334231785e-19 0.00000000000000000e+00
0.00000000000000000e+00 0.00000000000000000e+00
5.96352385003534286e-20 0.00000000000000000e+00
0.00000000000000000e+00 0.00000000000000000e+00
0.00000000000000000e+00 0.00000000000000000e+00
4.00498592006506967e-19 0.00000000000000000e+00
-6.82566485008946514e-19 0.00000000000000000e+00
0.00000000000000000e+00 0.00000000000000000e+00
0.00000000000000000e+00 0.00000000000000000e+00
2.11499756200582294e-19 0.00000000000000000e+00
0.00000000000000000e+00 0.00000000000000000e+00
-3.84866854047129257e-19 0.00000000000000000e+00
-1.44545755463018682e-18 0.00000000000000000e+00
0.00000000000000000e+00 0.00000000000000000e+00
0.00000000000000000e+00 0.00000000000000000e+00
5.47383962754545945e-19 0.00000000000000000e+00
4.88192231005128676e-19 0.00000000000000000e+00
0.00000000000000000e+00 0.00000000000000000e+00
1.22591878172280664e-18 0.00000000000000000e+00
0.00000000000000000e+00 0.00000000000000000e+00
0.00000000000000000e+00 0.00000000000000000e+00
2.26613305208373343e-19 0.00000000000000000e+00
1.92420030048630181e-19 0.00000000000000000e+00
0.00000000000000000e+00 0.00000000000000000e+00
0.00000000000000000e+00 0.00000000000000000e+00
-8.14717808792673480e-20 0.00000000000000000e+00
0.00000000000000000e+00 0.00000000000000000e+00
3.44034310355526180e-19 0.00000000000000000e+00
-2.92301731488746061e-20 0.00000000000000000e+00
0.00000000000000000e+00 0.00000000000000000e+00
2.49526858860054018e-18 0.00000000000000000e+00
0.00000000000000000e+00 0.00000000000000000e+00
0.00000000000000000e+00 0.00000000000000000e+00
-1.30997452761357615e-19 0.00000000000000000e+00
0.00000000000000000e+00 0.00000000000000000e+00
-1.16204064004199096e-21 0.00000000000000000e+00
-7.04100787770668128e-20 0.00000000000000000e+00
0.00000000000000000e+00 0.00000000000000000e+00
0.00000000000000000e+00 0.00000000000000000e+00
5.55651572858753656e-19 0.00000000000000000e+00
-8.73608947521612756e-19 0.00000000000000000e+00
0.00000000000000000e+00 0.00000000000000000e+00
-8.60393727754172672e-19 0.00000000000000000e+00
0.00000000000000000e+00 0.00000000000000000e+00
0.00000000000000000e+00 0.00000000000000000e+00
1.12361940101121113e-19 0.00000000000000000e+00
0.00000000000000000e+00 0.00000000000000000e+00
-3.71839072372660745e-18 0.00000000000000000e+00
-6.98718409637254467e-18 0.00000000000000000e+00
0.00000000000000000e+00 0.00000000000000000e+00
-8.71802347009426520e-19 0.00000000000000000e+00
0.00000000000000000e+00 0.00000000000000000e+00
0.00000000000000000e+00 0.00000000000000000e+00
-4.01386138229975237e-19 0.00000000000000000e+00
-5.61939282501550251e-18 0.00000000000000000e+00
0.00000000000000000e+00 0.00000000000000000e+00
0.00000000000000000e+00 0.00000000000000000e+00
-1.54047429649128568e-19 0.00000000000000000e+00
0.00000000000000000e+00 0.00000000000000000e+00
-6.59268657140159470e-20 0.00000000000000000e+00
-1.57316382230968053e-18 0.00000000000000000e+00
0.00000000000000000e+00 0.00000000000000000e+00
3.60661687401888177e-18 0.00000000000000000e+00
0.00000000000000000e+00 0.00000000000000000e+00
0.00000000000000000e+00 0.00000000000000000e+00
-1.08458973954527456e-18 0.00000000000000000e+00
0.00000000000000000e+00 0.00000000000000000e+00
-3.68890929813078821e-19 0.00000000000000000e+00
5.00061100430496035e-19 0.00000000000000000e+00
0.00000000000000000e+00 0.00000000000000000e+00
0.00000000000000000e+00 0.00000000000000000e+00
-2.68069135531961570e-19 0.00000000000000000e+00
7.67077441069505639e-19 0.00000000000000000e+00
0.00000000000000000e+00 0.00000000000000000e+00
-1.72681274010102815e-19 0.00000000000000000e+00
0.00000000000000000e+00 0.00000000000000000e+00
0.00000000000000000e+00 0.00000000000000000e+00
-4.49277659181636663e-19 0.00000000000000000e+00
-1.04210378885167935e-17 0.00000000000000000e+00
0.00000000000000000e+00 0.00000000000000000e+00
0.00000000000000000e+00 0.00000000000000000e+00
3.53063350586288400e-19 0.00000000000000000e+00
0.00000000000000000e+00 0.00000000000000000e+00
-4.52818564452494777e-19 0.00000000000000000e+00
-1.15314192836462353e-18 0.00000000000000000e+00
0.00000000000000000e+00 0.00000000000000000e+00
0.00000000000000000e+00 0.00000000000000000e+00
1.18367935639934121e-18 0.00000000000000000e+00
7.76950129236537790e-19 0.00000000000000000e+00
0.00000000000000000e+00 0.00000000000000000e+00
1.67103140134805294e-18 0.00000000000000000e+00
0.00000000000000000e+00 0.00000000000000000e+00
0.00000000000000000e+00 0.00000000000000000e+00
6.86142603212200811e-19 0.00000000000000000e+00
0.00000000000000000e+00 0.00000000000000000e+00
-1.37088438284533175e-18 0.00000000000000000e+00
-1.63807266784058179e-18 0.00000000000000000e+00
0.00000000000000000e+00 0.00000000000000000e+00
3.49333303596314648e-19 0.00000000000000000e+00
0.00000000000000000e+00 0.00000000000000000e+00
0.00000000000000000e+00 0.00000000000000000e+00
-7.08970725608712176e-19 0.00000000000000000e+00
-2.90491205532893835e-18 0.00000000000000000e+00
0.00000000000000000e+00 0.00000000000000000e+00
0.00000000000000000e+00 0.00000000000000000e+00
-8.86584449990004046e-19 0.00000000000000000e+00
0.00000000000000000e+00 0.00000000000000000e+00
-2.67913461396082022e-19 0.00000000000000000e+00
5.85759841370759498e-19 0.00000000000000000e+00
0.00000000000000000e+00 0.00000000000000000e+00
-7.78566859858026733e-18 0.00000000000000000e+00
0.00000000000000000e+00 0.00000000000000000e+00
0.00000000000000000e+00 0.00000000000000000e+00
1.42859816311014321e-20 0.00000000000000000e+00
0.00000000000000000e+00 0.00000000000000000e+00
-3.01053845916310586e-20 0.00000000000000000e+00
-3.89863221523146696e-20 0.00000000000000000e+00
0.00000000000000000e+00 0.00000000000000000e+00
0.00000000000000000e+00 0.00000000000000000e+00
-4.38366319656789080e-19 0.00000000000000000e+00
8.72761806356857741e-19 0.00000000000000000e+00
0.00000000000000000e+00 0.00000000000000000e+00
3.74224302989548610e-19 0.00000000000000000e+00
0.00000000000000000e+00 0.00000000000000000e+00
0.00000000000000000e+00 0.00000000000000000e+00
-3.49448534288472113e-19 0.00000000000000000e+00
0.00000000000000000e+00 0.00000000000000000e+00
1.16171146451498144e-18 0.00000000000000000e+00
-1.63901483046162508e-18 0.00000000000000000e+00
0.00000000000000000e+00 0.00000000000000000e+00
1.61727514830533936e-18 0.00000000000000000e+00
0.00000000000000000e+00 0.00000000000000000e+00
0.00000000000000000e+00 0.00000000000000000e+00
3.08019688852874316e-20 0.00000000000000000e+00
8.68329225023568662e-19 0.00000000000000000e+00
0.00000000000000000e+00 0.00000000000000000e+00
0.00000000000000000e+00 0.00000000000000000e+00
4.86134333008228769e-19 0.00000000000000000e+00
0.00000000000000000e+00 0.00000000000000000e+00
-6.64867655684605366e-20 0.00000000000000000e+00
-8.64673776927429786e-19 0.00000000000000000e+00
0.00000000000000000e+00 0.00000000000000000e+00
0.00000000000000000e+00 0.00000000000000000e+00
8.07629608404413526e-20 0.00000000000000000e+00
-1.06502349070617680e-18 0.00000000000000000e+00
0.00000000000000000e+00 0.00000000000000000e+00
4.62448912472344439e-19 0.00000000000000000e+00
0.00000000000000000e+00 0.00000000000000000e+00
0.00000000000000000e+00 0.00000000000000000e+00
-3.81346298318232918e-19 0.00000000000000000e+00
9.74547988170055205e-19 0.00000000000000000e+00
0.00000000000000000e+00 0.00000000000000000e+00
0.00000000000000000e+00 0.00000000000000000e+00
-5.91176226124614233e-20 0.00000000000000000e+00
0.00000000000000000e+00 0.00000000000000000e+00
-5.92227667167954572e-19 0.00000000000000000e+00
4.16692446912039378e-20 0.00000000000000000e+00
0.00000000000000000e+00 0.00000000000000000e+00
-2.17122069038144182e-18 0.00000000000000000e+00
0.00000000000000000e+00 0.00000000000000000e+00
0.00000000000000000e+00 0.00000000000000000e+00
-2.52298033115544140e-19 0.00000000000000000e+00
0.00000000000000000e+00 0.00000000000000000e+00
-6.83603654674554940e-20 0.00000000000000000e+00
1.01235478804528893e-18 0.00000000000000000e+00
0.00000000000000000e+00 0.00000000000000000e+00
0.00000000000000000e+00 0.00000000000000000e+00
-9.73613353189043661e-19 0.00000000000000000e+00
2.22531759252955731e-18 0.00000000000000000e+00
0.00000000000000000e+00 0.00000000000000000e+00
-6.68446455933313832e-19 0.00000000000000000e+00
0.00000000000000000e+00 0.00000000000000000e+00
0.00000000000000000e+00 0.00000000000000000e+00
-5.63192229246488748e-19 0.00000000000000000e+00
-1.02495817310682452e-18 0.00000000000000000e+00
0.00000000000000000e+00 0.00000000000000000e+00
0.00000000000000000e+00 0.00000000000000000e+00
6.66346015375246017e-21 0.00000000000000000e+00
0.00000000000000000e+00 0.00000000000000000e+00
-1.30306858234107739e-19 0.00000000000000000e+00
-1.09203133488181416e-18 0.00000000000000000e+00
0.00000000000000000e+00 0.00000000000000000e+00
0.00000000000000000e+00 0.00000000000000000e+00
3.44621064209029164e-19 0.00000000000000000e+00
2.83430551301232440e-19 0.00000000000000000e+00
0.00000000000000000e+00 0.00000000000000000e+00
-3.07040207679028659e-20 0.00000000000000000e+00
0.00000000000000000e+00 0.00000000000000000e+00
0.00000000000000000e+00 0.00000000000000000e+00
-1.22841146841902328e-20 0.00000000000000000e+00
0.00000000000000000e+00 0.00000000000000000e+00
-7.73460647169047779e-19 0.00000000000000000e+00
-8.61877632776849607e-19 0.00000000000000000e+00
0.00000000000000000e+00 0.00000000000000000e+00
-2.11044650500051299e-19 0.00000000000000000e+00
0.00000000000000000e+00 0.00000000000000000e+00
0.00000000000000000e+00 0.00000000000000000e+00
7.95887808469360962e-19 0.00000000000000000e+00
1.29044742670689555e-18 0.00000000000000000e+00
0.00000000000000000e+00 0.00000000000000000e+00
0.00000000000000000e+00 0.00000000000000000e+00
4.31939896212946962e-19 0.00000000000000000e+00
0.00000000000000000e+00 0.00000000000000000e+00
1.08111101593989796e-19 0.00000000000000000e+00
1.32333514866367042e-19 0.00000000000000000e+00
0.00000000000000000e+00 0.00000000000000000e+00
0.00000000000000000e+00 0.00000000000000000e+00
-1.26821054521429887e-18 0.00000000000000000e+00
-1.10499489860413201e-18 0.00000000000000000e+00
0.00000000000000000e+00 0.00000000000000000e+00
-9.10262169446075158e-19 0.00000000000000000e+00
0.00000000000000000e+00 0.00000000000000000e+00
0.00000000000000000e+00 0.00000000000000000e+00
-5.34734141652010184e-19 0.00000000000000000e+00
-2.33842434759438595e-18 0.00000000000000000e+00
0.00000000000000000e+00 0.00000000000000000e+00
0.00000000000000000e+00 0.00000000000000000e+00
2.50548904199718355e-20 0.00000000000000000e+00
0.00000000000000000e+00 0.00000000000000000e+00
2.46790479671497977e-20 0.00000000000000000e+00
1.22796118713198677e-19 0.00000000000000000e+00
0.00000000000000000e+00 0.00000000000000000e+00
-2.12787302651276121e-18 0.00000000000000000e+00
0.00000000000000000e+00 0.00000000000000000e+00
0.00000000000000000e+00 0.00000000000000000e+00
-5.77689394041168332e-19 0.00000000000000000e+00
0.00000000000000000e+00 0.00000000000000000e+00
-4.15831260389251699e-19 0.00000000000000000e+00
8.40612881674710866e-19 0.00000000000000000e+00
0.00000000000000000e+00 0.00000000000000000e+00
0.00000000000000000e+00 0.00000000000000000e+00
4.04803195853770235e-19 0.00000000000000000e+00
-1.50642033271410409e-19 0.00000000000000000e+00
0.00000000000000000e+00 0.00000000000000000e+00
8.18281624407029402e-19 0.00000000000000000e+00
0.00000000000000000e+00 0.00000000000000000e+00
0.00000000000000000e+00 0.00000000000000000e+00
-4.74105651514134585e-20 0.00000000000000000e+00
0.00000000000000000e+00 0.00000000000000000e+00
-1.66445191671502849e-18 0.00000000000000000e+00
-2.75612350128706316e-18 0.00000000000000000e+00
0.00000000000000000e+00 0.00000000000000000e+00
-3.68308787996916159e-18 0.00000000000000000e+00
0.00000000000000000e+00 0.00000000000000000e+00
0.00000000000000000e+00 0.00000000000000000e+00
-7.00662290749436470e-19 0.00000000000000000e+00
5.55816621459976223e-19 0.00000000000000000e+00
0.00000000000000000e+00 0.00000000000000000e+00
0.00000000000000000e+00 0.00000000000000000e+00
-5.90303414478458528e-19 0.00000000000000000e+00
0.00000000000000000e+00 0.00000000000000000e+00
2.48612472990359433e-20 0.00000000000000000e+00
1.45907842445469853e-18 0.00000000000000000e+00
0.00000000000000000e+00 0.00000000000000000e+00
2.50377220577943647e-18 0.00000000000000000e+00
0.00000000000000000e+00 0.00000000000000000e+00
0.00000000000000000e+00 0.00000000000000000e+00
-4.37606847061728699e-20 0.00000000000000000e+00
0.00000000000000000e+00 0.00000000000000000e+00
-2.82402761905386362e-19 0.00000000000000000e+00
-9.46016007429464755e-19 0.00000000000000000e+00
0.00000000000000000e+00 0.00000000000000000e+00
0.00000000000000000e+00 0.00000000000000000e+00
-5.40514824284571797e-19 0.00000000000000000e+00
1.93704143486198940e-19 0.00000000000000000e+00
0.00000000000000000e+00 0.00000000000000000e+00
-1.86013824138910870e-18 0.00000000000000000e+00
0.00000000000000000e+00 0.00000000000000000e+00
0.00000000000000000e+00 0.00000000000000000e+00
-2.81820024382003876e-19 0.00000000000000000e+00
2.28888179162348710e-18 0.00000000000000000e+00
0.00000000000000000e+00 0.00000000000000000e+00
0.00000000000000000e+00 0.00000000000000000e+00
1.44141877109390433e-19 0.00000000000000000e+00
0.00000000000000000e+00 0.00000000000000000e+00
1.67106839951518166e-20 0.00000000000000000e+00
9.71630201316031139e-20 0.00000000000000000e+00
0.00000000000000000e+00 0.00000000000000000e+00
0.00000000000000000e+00 0.00000000000000000e+00
-6.08737599417688921e-19 0.00000000000000000e+00
-1.39230316763660767e-19 0.00000000000000000e+00
0.00000000000000000e+00 0.00000000000000000e+00
-3.33837112106046247e-18 0.00000000000000000e+00
0.00000000000000000e+00 0.00000000000000000e+00
0.00000000000000000e+00 0.00000000000000000e+00
-3.14547985063718028e-19 0.00000000000000000e+00
0.00000000000000000e+00 0.00000000000000000e+00
7.86778517616115105e-19 0.00000000000000000e+00
-3.03583946016713750e-19 0.00000000000000000e+00
0.00000000000000000e+00 0.00000000000000000e+00
-2.96404544192598803e-19 0.00000000000000000e+00
0.00000000000000000e+00 0.00000000000000000e+00
0.00000000000000000e+00 0.00000000000000000e+00
-4.05024349715044603e-21 0.00000000000000000e+00
8.81755515650628231e-19 0.00000000000000000e+00
0.00000000000000000e+00 0.00000000000000000e+00
0.00000000000000000e+00 0.00000000000000000e+00
-2.86405734462570293e-19 0.00000000000000000e+00
0.00000000000000000e+00 0.00000000000000000e+00
-5.19962980844552076e-19 0.00000000000000000e+00
-9.17439326597242314e-19 0.00000000000000000e+00
0.00000000000000000e+00 0.00000000000000000e+00
-4.65044264404514519e-19 0.00000000000000000e+00
0.00000000000000000e+00 0.00000000000000000e+00
0.00000000000000000e+00 0.00000000000000000e+00
4.79356008373533496e-19 0.00000000000000000e+00
0.00000000000000000e+00 0.00000000000000000e+00
4.84313944832714632e-19 0.00000000000000000e+00
-1.20481500435087973e-19 0.00000000000000000e+00
0.00000000000000000e+00 0.00000000000000000e+00
0.00000000000000000e+00 0.00000000000000000e+00
-7.31926350358013576e-19 0.00000000000000000e+00
2.34373599188868743e-19 0.00000000000000000e+00
0.00000000000000000e+00 0.00000000000000000e+00
4.98028718940003157e-19 0.00000000000000000e+00
0.00000000000000000e+00 0.00000000000000000e+00
0.00000000000000000e+00 0.00000000000000000e+00
-2.40770216314193247e-19 0.00000000000000000e+00
0.00000000000000000e+00 0.00000000000000000e+00
-1.27020250651459321e-19 0.00000000000000000e+00
-1.53415487775844491e-18 0.00000000000000000e+00
0.00000000000000000e+00 0.00000000000000000e+00
9.71990409177379063e-19 0.00000000000000000e+00
0.00000000000000000e+00 0.00000000000000000e+00
0.00000000000000000e+00 0.00000000000000000e+00
-1.28494345795397350e-19 0.00000000000000000e+00
-9.71420607661238481e-20 0.00000000000000000e+00
0.00000000000000000e+00 0.00000000000000000e+00
0.00000000000000000e+00 0.00000000000000000e+00
2.39554829169537432e-19 0.00000000000000000e+00
0.00000000000000000e+00 0.00000000000000000e+00
3.80890569665369362e-19 0.00000000000000000e+00
-4.40141546965772626e-19 0.00000000000000000e+00
0.00000000000000000e+00 0.00000000000000000e+00
0.00000000000000000e+00 0.00000000000000000e+00
3.36487307955307308e-19 0.00000000000000000e+00
6.21431001299115732e-19 0.00000000000000000e+00
0.00000000000000000e+00 0.00000000000000000e+00
1.16655396508418466e-18 0.00000000000000000e+00
0.00000000000000000e+00 0.00000000000000000e+00
0.00000000000000000e+00 0.00000000000000000e+00
-9.41642909295052888e-20 0.00000000000000000e+00
-6.83084019963050675e-19 0.00000000000000000e+00
0.00000000000000000e+00 0.00000000000000000e+00
0.00000000000000000e+00 0.00000000000000000e+00
3.88980775087298049e-20 0.00000000000000000e+00
0.00000000000000000e+00 0.00000000000000000e+00
-1.57758833177529382e-19 0.00000000000000000e+00
-7.53125682194594983e-19 0.00000000000000000e+00
0.00000000000000000e+00 0.00000000000000000e+00
-3.49522331138440198e-18 0.00000000000000000e+00
0.00000000000000000e+00 0.00000000000000000e+00
0.00000000000000000e+00 0.00000000000000000e+00
-8.51130482342888493e-20 0.00000000000000000e+00
0.00000000000000000e+00 0.00000000000000000e+00
-8.61939795141836637e-20 0.00000000000000000e+00
-3.42172240293994874e-20 0.00000000000000000e+00
0.00000000000000000e+00 0.00000000000000000e+00
0.00000000000000000e+00 0.00000000000000000e+00
-2.52234224759976477e-19 0.00000000000000000e+00
8.20415376554514921e-19 0.00000000000000000e+00
0.00000000000000000e+00 0.00000000000000000e+00
8.79602911405821627e-21 0.00000000000000000e+00
0.00000000000000000e+00 0.00000000000000000e+00
0.00000000000000000e+00 0.00000000000000000e+00
3.32075876719881613e-20 0.00000000000000000e+00
0.00000000000000000e+00 0.00000000000000000e+00
-1.49636963785439715e-18 0.00000000000000000e+00
1.40775683423957474e-18 0.00000000000000000e+00
0.00000000000000000e+00 0.00000000000000000e+00
-1.18246519297499206e-19 0.00000000000000000e+00
0.00000000000000000e+00 0.00000000000000000e+00
0.00000000000000000e+00 0.00000000000000000e+00
-1.36705630041522306e-19 0.00000000000000000e+00
3.54380394684704519e-18 0.00000000000000000e+00
0.00000000000000000e+00 0.00000000000000000e+00
0.00000000000000000e+00 0.00000000000000000e+00
2.41090978808902712e-19 0.00000000000000000e+00
0.00000000000000000e+00 0.00000000000000000e+00
-1.25928534524867788e-18 0.00000000000000000e+00
-8.01475223178587742e-19 0.00000000000000000e+00
0.00000000000000000e+00 0.00000000000000000e+00
3.95728208839718236e-18 0.00000000000000000e+00
0.00000000000000000e+00 0.00000000000000000e+00
0.00000000000000000e+00 0.00000000000000000e+00
-7.83697206419958243e-21 0.00000000000000000e+00
0.00000000000000000e+00 0.00000000000000000e+00
1.15104429153972691e-20 0.00000000000000000e+00
-1.17188458501473742e-19 0.00000000000000000e+00
0.00000000000000000e+00 0.00000000000000000e+00
0.00000000000000000e+00 0.00000000000000000e+00
-6.66621727936821632e-19 0.00000000000000000e+00
8.91652171465208006e-19 0.00000000000000000e+00
0.00000000000000000e+00 0.00000000000000000e+00
-1.23144180884312333e-18 0.00000000000000000e+00
0.00000000000000000e+00 0.00000000000000000e+00
0.00000000000000000e+00 0.00000000000000000e+00
-9.10752931784926759e-20 0.00000000000000000e+00
1.74265617620305856e-18 0.00000000000000000e+00
0.00000000000000000e+00 0.00000000000000000e+00
0.00000000000000000e+00 0.00000000000000000e+00
4.05476920196007645e-19 0.00000000000000000e+00
0.00000000000000000e+00 0.00000000000000000e+00
2.43209671750018274e-19 0.00000000000000000e+00
-8.95058987028013783e-19 0.00000000000000000e+00
0.00000000000000000e+00 0.00000000000000000e+00
0.00000000000000000e+00 0.00000000000000000e+00
-1.71013713415104109e-19 0.00000000000000000e+00
8.86056777347404961e-19 0.00000000000000000e+00
0.00000000000000000e+00 0.00000000000000000e+00
-8.56383462826384678e-19 0.00000000000000000e+00
0.00000000000000000e+00 0.00000000000000000e+00
0.00000000000000000e+00 0.00000000000000000e+00
-1.66494541811606969e-19 0.00000000000000000e+00
0.00000000000000000e+00 0.00000000000000000e+00
3.66833511482528866e-19 0.00000000000000000e+00
1.81881191209065326e-18 0.00000000000000000e+00
0.00000000000000000e+00 0.00000000000000000e+00
2.28670334914802590e-18 0.00000000000000000e+00
0.00000000000000000e+00 0.00000000000000000e+00
0.00000000000000000e+00 0.00000000000000000e+00
3.47301510109638372e-19 0.00000000000000000e+00
6.02528871730808195e-19 0.00000000000000000e+00
0.00000000000000000e+00 0.00000000000000000e+00
0.00000000000000000e+00 0.00000000000000000e+00
6.27152525204928297e-19 0.00000000000000000e+00
0.00000000000000000e+00 0.00000000000000000e+00
-1.01703522819485073e-19 0.00000000000000000e+00
1.23907372126459642e-21 0.00000000000000000e+00
0.00000000000000000e+00 0.00000000000000000e+00
0.00000000000000000e+00 0.00000000000000000e+00
4.86262760561524647e-19 0.00000000000000000e+00
7.98610354707196735e-19 0.00000000000000000e+00
0.00000000000000000e+00 0.00000000000000000e+00
1.70962085171219105e-18 0.00000000000000000e+00
0.00000000000000000e+00 0.00000000000000000e+00
0.00000000000000000e+00 0.00000000000000000e+00
4.50958462768063642e-20 0.00000000000000000e+00
-3.28060483789761716e-19 0.00000000000000000e+00
0.00000000000000000e+00 0.00000000000000000e+00
0.00000000000000000e+00 0.00000000000000000e+00
-2.33213913194977036e-19 0.00000000000000000e+00
0.00000000000000000e+00 0.00000000000000000e+00
-4.57417271580019049e-19 0.00000000000000000e+00
-1.85814409272963380e-19 0.00000000000000000e+00
0.00000000000000000e+00 0.00000000000000000e+00
1.83524609874979796e-18 0.00000000000000000e+00
0.00000000000000000e+00 0.00000000000000000e+00
0.00000000000000000e+00 0.00000000000000000e+00
3.54126152443149139e-19 0.00000000000000000e+00
0.00000000000000000e+00 0.00000000000000000e+00
-6.12296080549928808e-20 0.00000000000000000e+00
2.12128977507720378e-19 0.00000000000000000e+00
0.00000000000000000e+00 0.00000000000000000e+00
0.00000000000000000e+00 0.00000000000000000e+00
8.07270223880734841e-19 0.00000000000000000e+00
2.92396266936319379e-19 0.00000000000000000e+00
0.00000000000000000e+00 0.00000000000000000e+00
-3.19697796075148596e-19 0.00000000000000000e+00
0.00000000000000000e+00 0.00000000000000000e+00
0.00000000000000000e+00 0.00000000000000000e+00
7.34062926970913450e-19 0.00000000000000000e+00
-4.43375818692758179e-18 0.00000000000000000e+00
0.00000000000000000e+00 0.00000000000000000e+00
0.00000000000000000e+00 0.00000000000000000e+00
-2.08016533436083589e-19 0.00000000000000000e+00
0.00000000000000000e+00 0.00000000000000000e+00
-7.94580406014512382e-19 0.00000000000000000e+00
2.19885831446043013e-19 0.00000000000000000e+00
0.00000000000000000e+00 0.00000000000000000e+00
0.00000000000000000e+00 0.00000000000000000e+00
5.44888412613825098e-19 0.00000000000000000e+00
-7.60427543898119382e-19 0.00000000000000000e+00
0.00000000000000000e+00 0.00000000000000000e+00
-1.03664324297708742e-18 0.00000000000000000e+00
0.00000000000000000e+00 0.00000000000000000e+00
0.00000000000000000e+00 0.00000000000000000e+00
-2.69906839530674486e-21 0.00000000000000000e+00
0.00000000000000000e+00 0.00000000000000000e+00
7.05946794839120531e-19 0.00000000000000000e+00
1.06621545971602391e-18 0.00000000000000000e+00
0.00000000000000000e+00 0.00000000000000000e+00
-1.71268127305474196e-18 0.00000000000000000e+00
0.00000000000000000e+00 0.00000000000000000e+00
0.00000000000000000e+00 0.00000000000000000e+00
5.37339890226626808e-19 0.00000000000000000e+00
-2.72349011811084844e-19 0.00000000000000000e+00
0.00000000000000000e+00 0.00000000000000000e+00
0.00000000000000000e+00 0.00000000000000000e+00
3.32688666113297977e-19 0.00000000000000000e+00
0.00000000000000000e+00 0.00000000000000000e+00
-5.64586433220209470e-20 0.00000000000000000e+00
-1.35940648006111135e-19 0.00000000000000000e+00
0.00000000000000000e+00 0.00000000000000000e+00
-2.84483789413985777e-18 0.00000000000000000e+00
0.00000000000000000e+00 0.00000000000000000e+00
0.00000000000000000e+00 0.00000000000000000e+00
4.21401966534295098e-19 0.00000000000000000e+00
0.00000000000000000e+00 0.00000000000000000e+00
-2.89591332194470381e-19 0.00000000000000000e+00
1.11305687477117288e-18 0.00000000000000000e+00
0.00000000000000000e+00 0.00000000000000000e+00
0.00000000000000000e+00 0.00000000000000000e+00
-8.50933271054611642e-20 0.00000000000000000e+00
9.39076353315058286e-19 0.00000000000000000e+00
0.00000000000000000e+00 0.00000000000000000e+00
-1.36760844132770773e-18 0.00000000000000000e+00
0.00000000000000000e+00 0.00000000000000000e+00
0.00000000000000000e+00 0.00000000000000000e+00
-7.68260828464221506e-21 0.00000000000000000e+00
0.00000000000000000e+00 0.00000000000000000e+00
-6.18980466398226329e-19 0.00000000000000000e+00
-9.88278025806887447e-19 0.00000000000000000e+00
0.00000000000000000e+00 0.00000000000000000e+00
-2.83312213864685739e-18 0.00000000000000000e+00
0.00000000000000000e+00 0.00000000000000000e+00
0.00000000000000000e+00 0.00000000000000000e+00
6.29694375072718261e-19 0.00000000000000000e+00
-8.28774078692382755e-19 0.00000000000000000e+00
0.00000000000000000e+00 0.00000000000000000e+00
0.00000000000000000e+00 0.00000000000000000e+00
6.18588184734019896e-20 0.00000000000000000e+00
0.00000000000000000e+00 0.00000000000000000e+00
-8.16240514323224335e-21 0.00000000000000000e+00
-9.37484112908408866e-19 0.00000000000000000e+00
0.00000000000000000e+00 0.00000000000000000e+00
0.00000000000000000e+00 0.00000000000000000e+00
-2.06839007863713358e-19 0.00000000000000000e+00
-6.75046345517370660e-19 0.00000000000000000e+00
0.00000000000000000e+00 0.00000000000000000e+00
-2.49064338181927523e-18 0.00000000000000000e+00
0.00000000000000000e+00 0.00000000000000000e+00
0.00000000000000000e+00 0.00000000000000000e+00
-4.64487563648177340e-19 0.00000000000000000e+00
-4.77009299109804721e-19 0.00000000000000000e+00
0.00000000000000000e+00 0.00000000000000000e+00
0.00000000000000000e+00 0.00000000000000000e+00
-2.20806768705487542e-19 0.00000000000000000e+00
0.00000000000000000e+00 0.00000000000000000e+00
-9.45187670595335888e-19 0.00000000000000000e+00
-3.93145883011354485e-19 0.00000000000000000e+00
0.00000000000000000e+00 0.00000000000000000e+00
3.60947054992054297e-18 0.00000000000000000e+00
0.00000000000000000e+00 0.00000000000000000e+00
0.00000000000000000e+00 0.00000000000000000e+00
-3.34198763216591837e-19 0.00000000000000000e+00
0.00000000000000000e+00 0.00000000000000000e+00
-3.11977384028806212e-19 0.00000000000000000e+00
-5.94871406636432118e-19 0.00000000000000000e+00
0.00000000000000000e+00 0.00000000000000000e+00
0.00000000000000000e+00 0.00000000000000000e+00
5.57003859713760504e-19 0.00000000000000000e+00
1.55427460685857630e-19 0.00000000000000000e+00
0.00000000000000000e+00 0.00000000000000000e+00
-1.22323249171854890e-18 0.00000000000000000e+00
0.00000000000000000e+00 0.00000000000000000e+00
0.00000000000000000e+00 0.00000000000000000e+00
-1.74306221801642575e-19 0.00000000000000000e+00
-4.09768620912061038e-18 0.00000000000000000e+00
0.00000000000000000e+00 0.00000000000000000e+00
0.00000000000000000e+00 0.00000000000000000e+00
3.52998916513929591e-19 0.00000000000000000e+00
0.00000000000000000e+00 0.00000000000000000e+00
3.12584846446120172e-20 0.00000000000000000e+00
-3.39873227046617258e-20 0.00000000000000000e+00
0.00000000000000000e+00 0.00000000000000000e+00
0.00000000000000000e+00 0.00000000000000000e+00
-6.01521589392225219e-19 0.00000000000000000e+00
2.22688824136792472e-19 0.00000000000000000e+00
0.00000000000000000e+00 0.00000000000000000e+00
2.99601241474253595e-19 0.00000000000000000e+00
0.00000000000000000e+00 0.00000000000000000e+00
0.00000000000000000e+00 0.00000000000000000e+00
-1.31825622382879946e-19 0.00000000000000000e+00
0.00000000000000000e+00 0.00000000000000000e+00
-5.43488886038951151e-19 0.00000000000000000e+00
-2.62712617316810353e-19 0.00000000000000000e+00
0.00000000000000000e+00 0.00000000000000000e+00
-3.10652480895711632e-20 0.00000000000000000e+00
0.00000000000000000e+00 0.00000000000000000e+00
0.00000000000000000e+00 0.00000000000000000e+00
-3.54386438496570325e-19 0.00000000000000000e+00
1.66857384157934458e-18 0.00000000000000000e+00
0.00000000000000000e+00 0.00000000000000000e+00
0.00000000000000000e+00 0.00000000000000000e+00
1.92666472353696562e-19 0.00000000000000000e+00
0.00000000000000000e+00 0.00000000000000000e+00
-3.88474992645358412e-19 0.00000000000000000e+00
4.68065825511986771e-20 0.00000000000000000e+00
0.00000000000000000e+00 0.00000000000000000e+00
0.00000000000000000e+00 0.00000000000000000e+00
2.22571566957040272e-19 0.00000000000000000e+00
-3.99221657949994898e-19 0.00000000000000000e+00
0.00000000000000000e+00 0.00000000000000000e+00
1.81624080572626540e-18 0.00000000000000000e+00
0.00000000000000000e+00 0.00000000000000000e+00
0.00000000000000000e+00 0.00000000000000000e+00
-5.91849655230597363e-19 0.00000000000000000e+00
-1.62089251755124108e-18 0.00000000000000000e+00
0.00000000000000000e+00 0.00000000000000000e+00
0.00000000000000000e+00 0.00000000000000000e+00
3.03771032970527118e-19 0.00000000000000000e+00
0.00000000000000000e+00 0.00000000000000000e+00
1.11277484592813747e-19 0.00000000000000000e+00
-6.69728647121826623e-19 0.00000000000000000e+00
0.00000000000000000e+00 0.00000000000000000e+00
-1.29471337245430248e-18 0.00000000000000000e+00
0.00000000000000000e+00 0.00000000000000000e+00
0.00000000000000000e+00 0.00000000000000000e+00
-4.67709218736845417e-19 0.00000000000000000e+00
0.00000000000000000e+00 0.00000000000000000e+00
-2.22984844515387728e-20 0.00000000000000000e+00
-4.80061749865467094e-19 0.00000000000000000e+00
0.00000000000000000e+00 0.00000000000000000e+00
0.00000000000000000e+00 0.00000000000000000e+00
-3.18758505792881978e-19 0.00000000000000000e+00
1.49215883102209051e-19 0.00000000000000000e+00
0.00000000000000000e+00 0.00000000000000000e+00
-1.21423090240277240e-18 0.00000000000000000e+00
0.00000000000000000e+00 0.00000000000000000e+00
0.00000000000000000e+00 0.00000000000000000e+00
4.24739568579469699e-19 0.00000000000000000e+00
0.00000000000000000e+00 0.00000000000000000e+00
1.99044334666070790e-19 0.00000000000000000e+00
-4.96949353270442719e-19 0.00000000000000000e+00
0.00000000000000000e+00 0.00000000000000000e+00
-9.60170956404680213e-19 0.00000000000000000e+00
0.00000000000000000e+00 0.00000000000000000e+00
0.00000000000000000e+00 0.00000000000000000e+00
-6.08733413892219826e-19 0.00000000000000000e+00
4.04387705286748896e-19 0.00000000000000000e+00
0.00000000000000000e+00 0.00000000000000000e+00
0.00000000000000000e+00 0.00000000000000000e+00
3.78778064625690365e-19 0.00000000000000000e+00
0.00000000000000000e+00 0.00000000000000000e+00
-2.86331100441671428e-19 0.00000000000000000e+00
-3.12053820958088746e-19 0.00000000000000000e+00
0.00000000000000000e+00 0.00000000000000000e+00
3.76567339663690273e-18 0.00000000000000000e+00
0.00000000000000000e+00 0.00000000000000000e+00
0.00000000000000000e+00 0.00000000000000000e+00
-1.73665074812454848e-19 0.00000000000000000e+00
0.00000000000000000e+00 0.00000000000000000e+00
6.87620590626224242e-20 0.00000000000000000e+00
1.72760450977872650e-19 0.00000000000000000e+00
0.00000000000000000e+00 0.00000000000000000e+00
0.00000000000000000e+00 0.00000000000000000e+00
6.59372865204225516e-19 0.00000000000000000e+00
7.51059991481637733e-19 0.00000000000000000e+00
0.00000000000000000e+00 0.00000000000000000e+00
-2.55782447234566366e-19 0.00000000000000000e+00
0.00000000000000000e+00 0.00000000000000000e+00
0.00000000000000000e+00 0.00000000000000000e+00
1.43192125214237297e-19 0.00000000000000000e+00
-1.52017971012534101e-18 0.00000000000000000e+00
0.00000000000000000e+00 0.00000000000000000e+00
0.00000000000000000e+00 0.00000000000000000e+00
3.93393199598859049e-19 0.00000000000000000e+00
0.00000000000000000e+00 0.00000000000000000e+00
-3.45516928889856917e-19 0.00000000000000000e+00
-2.51027192832244978e-19 0.00000000000000000e+00
0.00000000000000000e+00 0.00000000000000000e+00
0.00000000000000000e+00 0.00000000000000000e+00
-1.29074016710485893e-19 0.00000000000000000e+00
-1.14035496678132355e-18 0.00000000000000000e+00
0.00000000000000000e+00 0.00000000000000000e+00
-5.95034286315109552e-19 0.00000000000000000e+00
0.00000000000000000e+00 0.00000000000000000e+00
0.00000000000000000e+00 0.00000000000000000e+00
2.40145128324892764e-19 0.00000000000000000e+00
0.00000000000000000e+00 0.00000000000000000e+00
5.43057863548114404e-19 0.00000000000000000e+00
7.12102859613158932e-20 0.00000000000000000e+00
0.00000000000000000e+00 0.00000000000000000e+00
-4.09434199285676566e-19 0.00000000000000000e+00
0.00000000000000000e+00 0.00000000000000000e+00
0.00000000000000000e+00 0.00000000000000000e+00
-9.83537931175659918e-20 0.00000000000000000e+00
1.57582063759937964e-18 0.00000000000000000e+00
0.00000000000000000e+00 0.00000000000000000e+00
0.00000000000000000e+00 0.00000000000000000e+00
2.22152241582918340e-19 0.00000000000000000e+00
0.00000000000000000e+00 0.00000000000000000e+00
9.16422854026469429e-20 0.00000000000000000e+00
-6.53852708750954471e-19 0.00000000000000000e+00
0.00000000000000000e+00 0.00000000000000000e+00
0.00000000000000000e+00 0.00000000000000000e+00
-3.19162424918993396e-18 0.00000000000000000e+00
-9.66074658945613888e-19 0.00000000000000000e+00
0.00000000000000000e+00 0.00000000000000000e+00
-7.44570392362647379e-19 0.00000000000000000e+00
0.00000000000000000e+00 0.00000000000000000e+00
0.00000000000000000e+00 0.00000000000000000e+00
2.62865492822357620e-19 0.00000000000000000e+00
1.41417490641377697e-18 0.00000000000000000e+00
0.00000000000000000e+00 0.00000000000000000e+00
0.00000000000000000e+00 0.00000000000000000e+00
-6.83165960118258221e-19 0.00000000000000000e+00
0.00000000000000000e+00 0.00000000000000000e+00
-1.14272823054105170e-19 0.00000000000000000e+00
4.16134030125023530e-19 0.00000000000000000e+00
0.00000000000000000e+00 0.00000000000000000e+00
-2.57048849013740534e-18 0.00000000000000000e+00
0.00000000000000000e+00 0.00000000000000000e+00
0.00000000000000000e+00 0.00000000000000000e+00
-7.90826714540559792e-19 0.00000000000000000e+00
0.00000000000000000e+00 0.00000000000000000e+00
-3.34548775194741682e-19 0.00000000000000000e+00
-1.78713470738991326e-19 0.00000000000000000e+00
0.00000000000000000e+00 0.00000000000000000e+00
0.00000000000000000e+00 0.00000000000000000e+00
1.98299938360882108e-19 0.00000000000000000e+00
-7.77265436540985513e-19 0.00000000000000000e+00
0.00000000000000000e+00 0.00000000000000000e+00
7.47021070906414071e-19 0.00000000000000000e+00
0.00000000000000000e+00 0.00000000000000000e+00
0.00000000000000000e+00 0.00000000000000000e+00
3.34879270087529020e-19 0.00000000000000000e+00
-1.38140552738945886e-18 0.00000000000000000e+00
0.00000000000000000e+00 0.00000000000000000e+00
0.00000000000000000e+00 0.00000000000000000e+00
-2.74076547386883111e-19 0.00000000000000000e+00
0.00000000000000000e+00 0.00000000000000000e+00
-2.53647997261118375e-19 0.00000000000000000e+00
-4.39761129067923489e-19 0.00000000000000000e+00
0.00000000000000000e+00 0.00000000000000000e+00
0.00000000000000000e+00 0.00000000000000000e+00
-3.32117924094430294e-19 0.00000000000000000e+00
-7.24255397869230651e-19 0.00000000000000000e+00
0.00000000000000000e+00 0.00000000000000000e+00
-4.49309542143672314e-19 0.00000000000000000e+00
0.00000000000000000e+00 0.00000000000000000e+00
0.00000000000000000e+00 0.00000000000000000e+00
-1.58198529705848953e-19 0.00000000000000000e+00
0.00000000000000000e+00 0.00000000000000000e+00
-7.05548544109798497e-19 0.00000000000000000e+00
-1.65807671995708701e-18 0.00000000000000000e+00
0.00000000000000000e+00 0.00000000000000000e+00
-1.48839817162172544e-19 0.00000000000000000e+00
0.00000000000000000e+00 0.00000000000000000e+00
0.00000000000000000e+00 0.00000000000000000e+00
3.25221393441455291e-19 0.00000000000000000e+00
4.47379591069758125e-20 0.00000000000000000e+00
0.00000000000000000e+00 0.00000000000000000e+00
0.00000000000000000e+00 0.00000000000000000e+00
3.11218432906575309e-19 0.00000000000000000e+00
0.00000000000000000e+00 0.00000000000000000e+00
6.38267443943188266e-20 0.00000000000000000e+00
2.98841315084976389e-19 0.00000000000000000e+00
0.00000000000000000e+00 0.00000000000000000e+00
1.70659490046213704e-18 0.00000000000000000e+00
0.00000000000000000e+00 0.00000000000000000e+00
0.00000000000000000e+00 0.00000000000000000e+00
-2.00953640707532493e-21 0.00000000000000000e+00
0.00000000000000000e+00 0.00000000000000000e+00
1.85421164332448596e-19 0.00000000000000000e+00
-1.31835281279597371e-18 0.00000000000000000e+00
0.00000000000000000e+00 0.00000000000000000e+00
0.00000000000000000e+00 0.00000000000000000e+00
-1.08384110597131376e-19 0.00000000000000000e+00
5.42004691763027259e-19 0.00000000000000000e+00
0.00000000000000000e+00 0.00000000000000000e+00
8.24751814924119116e-20 0.00000000000000000e+00
0.00000000000000000e+00 0.00000000000000000e+00
0.00000000000000000e+00 0.00000000000000000e+00
-2.30238426619116204e-19 0.00000000000000000e+00
0.00000000000000000e+00 0.00000000000000000e+00
5.74584394740466588e-20 0.00000000000000000e+00
-9.72727279915615637e-19 0.00000000000000000e+00
0.00000000000000000e+00 0.00000000000000000e+00
-3.37671379100523159e-19 0.00000000000000000e+00
0.00000000000000000e+00 0.00000000000000000e+00
0.00000000000000000e+00 0.00000000000000000e+00
5.36629073015543566e-19 0.00000000000000000e+00
-9.39227724295473836e-19 0.00000000000000000e+00
0.00000000000000000e+00 0.00000000000000000e+00
0.00000000000000000e+00 0.00000000000000000e+00
-2.82828115300976876e-19 0.00000000000000000e+00
0.00000000000000000e+00 0.00000000000000000e+00
-6.35169208111800329e-19 0.00000000000000000e+00
-1.60367906011409708e-19 0.00000000000000000e+00
0.00000000000000000e+00 0.00000000000000000e+00
0.00000000000000000e+00 0.00000000000000000e+00
9.48535615929507770e-19 0.00000000000000000e+00
-3.60097620248784337e-19 0.00000000000000000e+00
0.00000000000000000e+00 0.00000000000000000e+00
-7.95976361430482535e-19 0.00000000000000000e+00
0.00000000000000000e+00 0.00000000000000000e+00
0.00000000000000000e+00 0.00000000000000000e+00
5.26253129317787513e-19 0.00000000000000000e+00
1.30897315596984921e-18 0.00000000000000000e+00
0.00000000000000000e+00 0.00000000000000000e+00
0.00000000000000000e+00 0.00000000000000000e+00
-8.84550947522127348e-19 0.00000000000000000e+00
0.00000000000000000e+00 0.00000000000000000e+00
-7.84686473358219823e-19 0.00000000000000000e+00
-2.78105231720765067e-19 0.00000000000000000e+00
0.00000000000000000e+00 0.00000000000000000e+00
4.87620920396860880e-19 0.00000000000000000e+00
0.00000000000000000e+00 0.00000000000000000e+00
0.00000000000000000e+00 0.00000000000000000e+00
-1.00801865667427812e-19 0.00000000000000000e+00
0.00000000000000000e+00 0.00000000000000000e+00
-1.90856324106545603e-19 0.00000000000000000e+00
7.94564736179901759e-19 0.00000000000000000e+00
0.00000000000000000e+00 0.00000000000000000e+00
0.00000000000000000e+00 0.00000000000000000e+00
-2.18974818651572168e-19 0.00000000000000000e+00
4.02281647602966302e-19 0.00000000000000000e+00
0.00000000000000000e+00 0.00000000000000000e+00
-1.87271536846288346e-18 0.00000000000000000e+00
0.00000000000000000e+00 0.00000000000000000e+00
0.00000000000000000e+00 0.00000000000000000e+00
-8.07292591631660059e-19 0.00000000000000000e+00
0.00000000000000000e+00 0.00000000000000000e+00
-1.28019429534029152e-18 0.00000000000000000e+00
-1.30237546786070886e-18 0.00000000000000000e+00
0.00000000000000000e+00 0.00000000000000000e+00
2.15629037130857404e-18 0.00000000000000000e+00
0.00000000000000000e+00 0.00000000000000000e+00
0.00000000000000000e+00 0.00000000000000000e+00
3.16599332304498638e-19 0.00000000000000000e+00
-4.65847198000999974e-18 0.00000000000000000e+00
0.00000000000000000e+00 0.00000000000000000e+00
0.00000000000000000e+00 0.00000000000000000e+00
-1.37051533763645641e-19 0.00000000000000000e+00
0.00000000000000000e+00 0.00000000000000000e+00
-1.58781631050034610e-19 0.00000000000000000e+00
-2.30722852335293816e-18 0.00000000000000000e+00
0.00000000000000000e+00 0.00000000000000000e+00
-1.77633920486584065e-18 0.00000000000000000e+00
0.00000000000000000e+00 0.00000000000000000e+00
0.00000000000000000e+00 0.00000000000000000e+00
-3.16015932637227008e-19 0.00000000000000000e+00
0.00000000000000000e+00 0.00000000000000000e+00
4.48271435057291085e-19 0.00000000000000000e+00
2.68359309291776972e-19 0.00000000000000000e+00
0.00000000000000000e+00 0.00000000000000000e+00
0.00000000000000000e+00 0.00000000000000000e+00
-4.14356495343474629e-19 0.00000000000000000e+00
8.94709283618367753e-19 0.00000000000000000e+00
0.00000000000000000e+00 0.00000000000000000e+00
-1.14654233613801102e-18 0.00000000000000000e+00
0.00000000000000000e+00 0.00000000000000000e+00
0.00000000000000000e+00 0.00000000000000000e+00
6.20866028066679868e-19 0.00000000000000000e+00
-4.42387765452647392e-18 0.00000000000000000e+00
0.00000000000000000e+00 0.00000000000000000e+00
0.00000000000000000e+00 0.00000000000000000e+00
3.20927284513375655e-19 0.00000000000000000e+00
0.00000000000000000e+00 0.00000000000000000e+00
-1.34071589390473836e-19 0.00000000000000000e+00
2.98765591600186134e-19 0.00000000000000000e+00
0.00000000000000000e+00 0.00000000000000000e+00
0.00000000000000000e+00 0.00000000000000000e+00
7.28444757421986295e-19 0.00000000000000000e+00
-8.83395015509675995e-19 0.00000000000000000e+00
0.00000000000000000e+00 0.00000000000000000e+00
-1.85121428420795571e-18 0.00000000000000000e+00
0.00000000000000000e+00 0.00000000000000000e+00
0.00000000000000000e+00 0.00000000000000000e+00
2.57357747829464668e-19 0.00000000000000000e+00
0.00000000000000000e+00 0.00000000000000000e+00
1.91991718367873729e-19 0.00000000000000000e+00
4.88577606324737066e-19 0.00000000000000000e+00
0.00000000000000000e+00 0.00000000000000000e+00
7.91702491787849042e-20 0.00000000000000000e+00
0.00000000000000000e+00 0.00000000000000000e+00
0.00000000000000000e+00 0.00000000000000000e+00
3.30643640575139020e-19 0.00000000000000000e+00
-1.51535314873122423e-18 0.00000000000000000e+00
0.00000000000000000e+00 0.00000000000000000e+00
0.00000000000000000e+00 0.00000000000000000e+00
-2.95747420669662934e-19 0.00000000000000000e+00
0.00000000000000000e+00 0.00000000000000000e+00
2.48032610200345282e-19 0.00000000000000000e+00
1.49050984524135680e-18 0.00000000000000000e+00
0.00000000000000000e+00 0.00000000000000000e+00
-4.03062593598671586e-18 0.00000000000000000e+00
0.00000000000000000e+00 0.00000000000000000e+00
0.00000000000000000e+00 0.00000000000000000e+00
2.18076423396819910e-19 0.00000000000000000e+00
0.00000000000000000e+00 0.00000000000000000e+00
2.31156280579482419e-19 0.00000000000000000e+00
-8.21116928573095845e-19 0.00000000000000000e+00
0.00000000000000000e+00 0.00000000000000000e+00
0.00000000000000000e+00 0.00000000000000000e+00
-5.67953156703976528e-19 0.00000000000000000e+00
-5.95854774130147472e-19 0.00000000000000000e+00
0.00000000000000000e+00 0.00000000000000000e+00
-1.70770007307806761e-18 0.00000000000000000e+00
0.00000000000000000e+00 0.00000000000000000e+00
0.00000000000000000e+00 0.00000000000000000e+00
-4.79091365491201890e-19 0.00000000000000000e+00
0.00000000000000000e+00 0.00000000000000000e+00
-4.41848523876097340e-19 0.00000000000000000e+00
-1.53132978754584731e-18 0.00000000000000000e+00
0.00000000000000000e+00 0.00000000000000000e+00
-1.78697836682239646e-18 0.00000000000000000e+00
0.00000000000000000e+00 0.00000000000000000e+00
0.00000000000000000e+00 0.00000000000000000e+00
-1.84612705713379981e-20 0.00000000000000000e+00
-1.16689566106831232e-18 0.00000000000000000e+00
0.00000000000000000e+00 0.00000000000000000e+00
0.00000000000000000e+00 0.00000000000000000e+00
3.26891577544717514e-19 0.00000000000000000e+00
0.00000000000000000e+00 0.00000000000000000e+00
1.02662228341504411e-19 0.00000000000000000e+00
-1.05894229764146209e-18 0.00000000000000000e+00
0.00000000000000000e+00 0.00000000000000000e+00
0.00000000000000000e+00 0.00000000000000000e+00
8.09427097026312690e-19 0.00000000000000000e+00
4.36992242663439983e-19 0.00000000000000000e+00
0.00000000000000000e+00 0.00000000000000000e+00
5.64476575088617907e-19 0.00000000000000000e+00
0.00000000000000000e+00 0.00000000000000000e+00
0.00000000000000000e+00 0.00000000000000000e+00
-7.19244828562636493e-20 0.00000000000000000e+00
2.41623691744269444e-18 0.00000000000000000e+00
0.00000000000000000e+00 0.00000000000000000e+00
0.00000000000000000e+00 0.00000000000000000e+00
3.33822017921105256e-19 0.00000000000000000e+00
0.00000000000000000e+00 0.00000000000000000e+00
-2.09169684867380496e-19 0.00000000000000000e+00
3.08127051934442312e-19 0.00000000000000000e+00
0.00000000000000000e+00 0.00000000000000000e+00
-8.52632056031303829e-19 0.00000000000000000e+00
0.00000000000000000e+00 0.00000000000000000e+00
0.00000000000000000e+00 0.00000000000000000e+00
-1.94960075392402206e-20 0.00000000000000000e+00
0.00000000000000000e+00 0.00000000000000000e+00
7.13557207470780630e-19 0.00000000000000000e+00
4.34185928612116705e-19 0.00000000000000000e+00
0.00000000000000000e+00 0.00000000000000000e+00
0.00000000000000000e+00 0.00000000000000000e+00
-2.08751278384157475e-19 0.00000000000000000e+00
1.51609865859684530e-18 0.00000000000000000e+00
0.00000000000000000e+00 0.00000000000000000e+00
2.52882681460964458e-19 0.00000000000000000e+00
0.00000000000000000e+00 0.00000000000000000e+00
0.00000000000000000e+00 0.00000000000000000e+00
5.25621308998193264e-20 0.00000000000000000e+00
-1.01832388072143194e-17 0.00000000000000000e+00
0.00000000000000000e+00 0.00000000000000000e+00
0.00000000000000000e+00 0.00000000000000000e+00
4.15203138401860399e-19 0.00000000000000000e+00
0.00000000000000000e+00 0.00000000000000000e+00
3.82366444681983331e-19 0.00000000000000000e+00
4.13242790224467813e-19 0.00000000000000000e+00
0.00000000000000000e+00 0.00000000000000000e+00
0.00000000000000000e+00 0.00000000000000000e+00
2.76359612453934494e-19 0.00000000000000000e+00
-5.31115852877385996e-19 0.00000000000000000e+00
0.00000000000000000e+00 0.00000000000000000e+00
-1.46820612827607088e-18 0.00000000000000000e+00
0.00000000000000000e+00 0.00000000000000000e+00
0.00000000000000000e+00 0.00000000000000000e+00
4.22223093285636549e-20 0.00000000000000000e+00
0.00000000000000000e+00 0.00000000000000000e+00
5.02136657075556011e-19 0.00000000000000000e+00
9.12043241586280866e-19 0.00000000000000000e+00
0.00000000000000000e+00 0.00000000000000000e+00
1.57676631507747372e-18 0.00000000000000000e+00
0.00000000000000000e+00 0.00000000000000000e+00
0.00000000000000000e+00 0.00000000000000000e+00
2.74769748942131083e-19 0.00000000000000000e+00
-8.27990544583092148e-19 0.00000000000000000e+00
0.00000000000000000e+00 0.00000000000000000e+00
0.00000000000000000e+00 0.00000000000000000e+00
6.75505409981330375e-20 0.00000000000000000e+00
0.00000000000000000e+00 0.00000000000000000e+00
5.16427049632105231e-19 0.00000000000000000e+00
1.97776125977845692e-19 0.00000000000000000e+00
0.00000000000000000e+00 0.00000000000000000e+00
0.00000000000000000e+00 0.00000000000000000e+00
-6.86043402380888106e-19 0.00000000000000000e+00
6.21294076223298491e-19 0.00000000000000000e+00
0.00000000000000000e+00 0.00000000000000000e+00
1.05601798894114856e-18 0.00000000000000000e+00
0.00000000000000000e+00 0.00000000000000000e+00
0.00000000000000000e+00 0.00000000000000000e+00
-3.11900909412193276e-19 0.00000000000000000e+00
-1.65486127127122736e-18 0.00000000000000000e+00
0.00000000000000000e+00 0.00000000000000000e+00
0.00000000000000000e+00 0.00000000000000000e+00
1.20040147063641631e-20 0.00000000000000000e+00
0.00000000000000000e+00 0.00000000000000000e+00
-7.23821535543664763e-20 0.00000000000000000e+00
2.55558830965701273e-19 0.00000000000000000e+00
0.00000000000000000e+00 0.00000000000000000e+00
-6.21497484622424293e-19 0.00000000000000000e+00
0.00000000000000000e+00 0.00000000000000000e+00
0.00000000000000000e+00 0.00000000000000000e+00
2.51457722829452910e-19 0.00000000000000000e+00
0.00000000000000000e+00 0.00000000000000000e+00
-6.10232253356130323e-19 0.00000000000000000e+00
-3.23760537892000891e-19 0.00000000000000000e+00
0.00000000000000000e+00 0.00000000000000000e+00
0.00000000000000000e+00 0.00000000000000000e+00
4.47033409700810135e-19 0.00000000000000000e+00
1.55024975110634065e-18 0.00000000000000000e+00
0.00000000000000000e+00 0.00000000000000000e+00
-5.79361607917458733e-19 0.00000000000000000e+00
0.00000000000000000e+00 0.00000000000000000e+00
0.00000000000000000e+00 0.00000000000000000e+00
1.65510032445483453e-19 0.00000000000000000e+00
0.00000000000000000e+00 0.00000000000000000e+00
-1.06550925013545503e-18 0.00000000000000000e+00
2.55989695502989255e-18 0.00000000000000000e+00
0.00000000000000000e+00 0.00000000000000000e+00
-6.65930128187576976e-19 0.00000000000000000e+00
0.00000000000000000e+00 0.00000000000000000e+00
0.00000000000000000e+00 0.00000000000000000e+00
2.80146614367218177e-19 0.00000000000000000e+00
4.28776000132909244e-19 0.00000000000000000e+00
0.00000000000000000e+00 0.00000000000000000e+00
0.00000000000000000e+00 0.00000000000000000e+00
-2.32939432410776427e-19 0.00000000000000000e+00
0.00000000000000000e+00 0.00000000000000000e+00
-4.83821398717686617e-19 0.00000000000000000e+00
1.99402252628772904e-19 0.00000000000000000e+00
0.00000000000000000e+00 0.00000000000000000e+00
2.41150031045087735e-18 0.00000000000000000e+00
0.00000000000000000e+00 0.00000000000000000e+00
0.00000000000000000e+00 0.00000000000000000e+00
-3.11444330843023655e-19 0.00000000000000000e+00
0.00000000000000000e+00 0.00000000000000000e+00
1.28697550380117802e-19 0.00000000000000000e+00
-6.95493845749408744e-19 0.00000000000000000e+00
0.00000000000000000e+00 0.00000000000000000e+00
0.00000000000000000e+00 0.00000000000000000e+00
1.16424130007949732e-19 0.00000000000000000e+00
9.43454818367241609e-19 0.00000000000000000e+00
0.00000000000000000e+00 0.00000000000000000e+00
-4.48577393534551721e-19 0.00000000000000000e+00
0.00000000000000000e+00 0.00000000000000000e+00
0.00000000000000000e+00 0.00000000000000000e+00
3.31611793494932113e-19 0.00000000000000000e+00
5.40659819570890373e-18 0.00000000000000000e+00
0.00000000000000000e+00 0.00000000000000000e+00
0.00000000000000000e+00 0.00000000000000000e+00
-3.80375057259602309e-19 0.00000000000000000e+00
0.00000000000000000e+00 0.00000000000000000e+00
-1.56758603843186703e-19 0.00000000000000000e+00
-5.81581359593186269e-19 0.00000000000000000e+00
0.00000000000000000e+00 0.00000000000000000e+00
0.00000000000000000e+00 0.00000000000000000e+00
2.30677028392793562e-19 0.00000000000000000e+00
3.02184578363548294e-19 0.00000000000000000e+00
0.00000000000000000e+00 0.00000000000000000e+00
-9.33566507885050866e-19 0.00000000000000000e+00
0.00000000000000000e+00 0.00000000000000000e+00
0.00000000000000000e+00 0.00000000000000000e+00
-2.12860499993144185e-19 0.00000000000000000e+00
0.00000000000000000e+00 0.00000000000000000e+00
7.74701639094979527e-19 0.00000000000000000e+00
-7.89757486936173821e-19 0.00000000000000000e+00
0.00000000000000000e+00 0.00000000000000000e+00
-9.80753750259289161e-19 0.00000000000000000e+00
0.00000000000000000e+00 0.00000000000000000e+00
0.00000000000000000e+00 0.00000000000000000e+00
4.38997655882942667e-19 0.00000000000000000e+00
-1.48944320766198517e-19 0.00000000000000000e+00
0.00000000000000000e+00 0.00000000000000000e+00
0.00000000000000000e+00 0.00000000000000000e+00
8.59882611632686723e-20 0.00000000000000000e+00
0.00000000000000000e+00 0.00000000000000000e+00
3.89375739502142232e-19 0.00000000000000000e+00
-6.40510872975029968e-20 0.00000000000000000e+00
0.00000000000000000e+00 0.00000000000000000e+00
0.00000000000000000e+00 0.00000000000000000e+00
-1.55597480079722839e-17 0.00000000000000000e+00
-1.52245999868249458e-17 0.00000000000000000e+00
0.00000000000000000e+00 0.00000000000000000e+00
-2.12529247614066470e-17 0.00000000000000000e+00
0.00000000000000000e+00 0.00000000000000000e+00
0.00000000000000000e+00 0.00000000000000000e+00
6.89331419660801299e-19 0.00000000000000000e+00
-6.46213193208067020e-18 0.00000000000000000e+00
0.00000000000000000e+00 0.00000000000000000e+00
0.00000000000000000e+00 0.00000000000000000e+00
1.06264064013914753e-18 0.00000000000000000e+00
0.00000000000000000e+00 0.00000000000000000e+00
1.74290567173752065e-18 0.00000000000000000e+00
-5.40173175755332066e-19 0.00000000000000000e+00
0.00000000000000000e+00 0.00000000000000000e+00
-9.46839466571064395e-18 0.00000000000000000e+00
0.00000000000000000e+00 0.00000000000000000e+00
0.00000000000000000e+00 0.00000000000000000e+00
6.41035222475884516e-19 0.00000000000000000e+00
0.00000000000000000e+00 0.00000000000000000e+00
1.83086669525713526e-19 0.00000000000000000e+00
-1.19238400788950063e-19 0.00000000000000000e+00
0.00000000000000000e+00 0.00000000000000000e+00
0.00000000000000000e+00 0.00000000000000000e+00
-2.28474777541233300e-19 0.00000000000000000e+00
1.00808410181606969e-18 0.00000000000000000e+00
0.00000000000000000e+00 0.00000000000000000e+00
-2.72460478702458851e-18 0.00000000000000000e+00
0.00000000000000000e+00 0.00000000000000000e+00
0.00000000000000000e+00 0.00000000000000000e+00
7.36586051683846695e-20 0.00000000000000000e+00
-3.18745237052643141e-17 0.00000000000000000e+00
0.00000000000000000e+00 0.00000000000000000e+00
0.00000000000000000e+00 0.00000000000000000e+00
2.65501346347399055e-20 0.00000000000000000e+00
0.00000000000000000e+00 0.00000000000000000e+00
-3.35659617956814380e-22 0.00000000000000000e+00
9.69652381310894246e-19 0.00000000000000000e+00
0.00000000000000000e+00 0.00000000000000000e+00
0.00000000000000000e+00 0.00000000000000000e+00
7.62291376604683147e-19 0.00000000000000000e+00
1.45941660431799866e-19 0.00000000000000000e+00
0.00000000000000000e+00 0.00000000000000000e+00
3.01070594768717985e-19 0.00000000000000000e+00
0.00000000000000000e+00 0.00000000000000000e+00
0.00000000000000000e+00 0.00000000000000000e+00
6.49976388548925041e-19 0.00000000000000000e+00
0.00000000000000000e+00 0.00000000000000000e+00
3.09133786007520241e-19 0.00000000000000000e+00
-5.85268075337093614e-19 0.00000000000000000e+00
0.00000000000000000e+00 0.00000000000000000e+00
1.48346126365081781e-18 0.00000000000000000e+00
0.00000000000000000e+00 0.00000000000000000e+00
0.00000000000000000e+00 0.00000000000000000e+00
3.73792622199443229e-19 0.00000000000000000e+00
-4.72044190613164461e-18 0.00000000000000000e+00
0.00000000000000000e+00 0.00000000000000000e+00
0.00000000000000000e+00 0.00000000000000000e+00
6.40742990013148425e-19 0.00000000000000000e+00
0.00000000000000000e+00 0.00000000000000000e+00
-4.00768584920077366e-19 0.00000000000000000e+00
-5.27138010205044410e-19 0.00000000000000000e+00
0.00000000000000000e+00 0.00000000000000000e+00
-1.71309601362965248e-17 0.00000000000000000e+00
0.00000000000000000e+00 0.00000000000000000e+00
0.00000000000000000e+00 0.00000000000000000e+00
-2.06683574650837436e-19 0.00000000000000000e+00
0.00000000000000000e+00 0.00000000000000000e+00
5.71611290777820930e-19 0.00000000000000000e+00
8.66507536880428366e-19 0.00000000000000000e+00
0.00000000000000000e+00 0.00000000000000000e+00
0.00000000000000000e+00 0.00000000000000000e+00
4.25809127309107625e-19 0.00000000000000000e+00
5.84387223762018976e-19 0.00000000000000000e+00
0.00000000000000000e+00 0.00000000000000000e+00
-8.23871311029982400e-19 0.00000000000000000e+00
0.00000000000000000e+00 0.00000000000000000e+00
0.00000000000000000e+00 0.00000000000000000e+00
6.60629168700853635e-19 0.00000000000000000e+00
0.00000000000000000e+00 0.00000000000000000e+00
6.24982184050060772e-19 0.00000000000000000e+00
2.70380326497485620e-18 0.00000000000000000e+00
0.00000000000000000e+00 0.00000000000000000e+00
1.76613044702024906e-18 0.00000000000000000e+00
0.00000000000000000e+00 0.00000000000000000e+00
0.00000000000000000e+00 0.00000000000000000e+00
-7.93214724124138878e-20 0.00000000000000000e+00
7.32874545448528734e-19 0.00000000000000000e+00
0.00000000000000000e+00 0.00000000000000000e+00
0.00000000000000000e+00 0.00000000000000000e+00
-3.81845073487475428e-20 0.00000000000000000e+00
0.00000000000000000e+00 0.00000000000000000e+00
-9.86273322997508350e-21 0.00000000000000000e+00
2.22135151223727901e-19 0.00000000000000000e+00
0.00000000000000000e+00 0.00000000000000000e+00
0.00000000000000000e+00 0.00000000000000000e+00
3.76763150221168394e-18 0.00000000000000000e+00
1.90392835520910821e-18 0.00000000000000000e+00
0.00000000000000000e+00 0.00000000000000000e+00
2.75957993184459955e-18 0.00000000000000000e+00
0.00000000000000000e+00 0.00000000000000000e+00
0.00000000000000000e+00 0.00000000000000000e+00
3.49622232826508130e-19 0.00000000000000000e+00
5.40111713425462785e-19 0.00000000000000000e+00
0.00000000000000000e+00 0.00000000000000000e+00
0.00000000000000000e+00 0.00000000000000000e+00
-4.38073621286964921e-20 0.00000000000000000e+00
0.00000000000000000e+00 0.00000000000000000e+00
-9.46144420631671792e-19 0.00000000000000000e+00
1.43047657940070394e-18 0.00000000000000000e+00
0.00000000000000000e+00 0.00000000000000000e+00
-4.13900294988243811e-18 0.00000000000000000e+00
0.00000000000000000e+00 0.00000000000000000e+00
0.00000000000000000e+00 0.00000000000000000e+00
-2.31900057740261563e-19 0.00000000000000000e+00
0.00000000000000000e+00 0.00000000000000000e+00
-3.60718542652313430e-19 0.00000000000000000e+00
-5.91635531871900336e-19 0.00000000000000000e+00
0.00000000000000000e+00 0.00000000000000000e+00
0.00000000000000000e+00 0.00000000000000000e+00
-2.96734731324380118e-20 0.00000000000000000e+00
-3.21017691504233688e-18 0.00000000000000000e+00
0.00000000000000000e+00 0.00000000000000000e+00
-7.41741769116837447e-19 0.00000000000000000e+00
0.00000000000000000e+00 0.00000000000000000e+00
0.00000000000000000e+00 0.00000000000000000e+00
-5.24375369152993749e-19 0.00000000000000000e+00
-1.28728339881678985e-17 0.00000000000000000e+00
0.00000000000000000e+00 0.00000000000000000e+00
0.00000000000000000e+00 0.00000000000000000e+00
1.97065707905007112e-19 0.00000000000000000e+00
0.00000000000000000e+00 0.00000000000000000e+00
7.40275111174185376e-19 0.00000000000000000e+00
1.45740736714786624e-18 0.00000000000000000e+00
0.00000000000000000e+00 0.00000000000000000e+00
0.00000000000000000e+00 0.00000000000000000e+00
6.88882496047702500e-19 0.00000000000000000e+00
1.63154523615673406e-19 0.00000000000000000e+00
0.00000000000000000e+00 0.00000000000000000e+00
4.22787565879714449e-20 0.00000000000000000e+00
0.00000000000000000e+00 0.00000000000000000e+00
0.00000000000000000e+00 0.00000000000000000e+00
9.39752845513149821e-19 0.00000000000000000e+00
0.00000000000000000e+00 0.00000000000000000e+00
8.34368526684881267e-19 0.00000000000000000e+00
-3.32416098944441879e-19 0.00000000000000000e+00
0.00000000000000000e+00 0.00000000000000000e+00
-1.37385426318766871e-20 0.00000000000000000e+00
0.00000000000000000e+00 0.00000000000000000e+00
0.00000000000000000e+00 0.00000000000000000e+00
8.10731327757571365e-19 0.00000000000000000e+00
-2.13305162160018414e-18 0.00000000000000000e+00
0.00000000000000000e+00 0.00000000000000000e+00
0.00000000000000000e+00 0.00000000000000000e+00
-6.83954747721583970e-19 0.00000000000000000e+00
0.00000000000000000e+00 0.00000000000000000e+00
-5.37399005884476177e-20 0.00000000000000000e+00
1.69208796202753983e-20 0.00000000000000000e+00
0.00000000000000000e+00 0.00000000000000000e+00
0.00000000000000000e+00 0.00000000000000000e+00
7.80451609571834773e-19 0.00000000000000000e+00
-1.27338987976119660e-18 0.00000000000000000e+00
0.00000000000000000e+00 0.00000000000000000e+00
-3.23435738080020469e-18 0.00000000000000000e+00
0.00000000000000000e+00 0.00000000000000000e+00
0.00000000000000000e+00 0.00000000000000000e+00
1.64175816184905738e-19 0.00000000000000000e+00
2.21693136823435950e-18 0.00000000000000000e+00
0.00000000000000000e+00 0.00000000000000000e+00
0.00000000000000000e+00 0.00000000000000000e+00
7.27592455666913344e-19 0.00000000000000000e+00
0.00000000000000000e+00 0.00000000000000000e+00
2.54193217427589768e-19 0.00000000000000000e+00
2.99585802884922077e-19 0.00000000000000000e+00
0.00000000000000000e+00 0.00000000000000000e+00
2.04631687309410790e-18 0.00000000000000000e+00
0.00000000000000000e+00 0.00000000000000000e+00
0.00000000000000000e+00 0.00000000000000000e+00
3.31265335318600132e-19 0.00000000000000000e+00
0.00000000000000000e+00 0.00000000000000000e+00
4.59373387326164012e-19 0.00000000000000000e+00
9.77011837047210355e-20 0.00000000000000000e+00
0.00000000000000000e+00 0.00000000000000000e+00
0.00000000000000000e+00 0.00000000000000000e+00
2.26998473106758507e-19 0.00000000000000000e+00
1.48453889095978410e-18 0.00000000000000000e+00
0.00000000000000000e+00 0.00000000000000000e+00
-1.37139076533002484e-18 0.00000000000000000e+00
0.00000000000000000e+00 0.00000000000000000e+00
0.00000000000000000e+00 0.00000000000000000e+00
3.80543611521482178e-19 0.00000000000000000e+00
0.00000000000000000e+00 0.00000000000000000e+00
2.48464751914459546e-18 0.00000000000000000e+00
2.76611156523909695e-18 0.00000000000000000e+00
0.00000000000000000e+00 0.00000000000000000e+00
1.65377259753018377e-18 0.00000000000000000e+00
0.00000000000000000e+00 0.00000000000000000e+00
0.00000000000000000e+00 0.00000000000000000e+00
-2.25897338917284234e-20 0.00000000000000000e+00
9.46856124767249428e-19 0.00000000000000000e+00
0.00000000000000000e+00 0.00000000000000000e+00
0.00000000000000000e+00 0.00000000000000000e+00
1.04450515350649059e-18 0.00000000000000000e+00
0.00000000000000000e+00 0.00000000000000000e+00
-7.19320774545134237e-19 0.00000000000000000e+00
5.92710527486329449e-19 0.00000000000000000e+00
0.00000000000000000e+00 0.00000000000000000e+00
-3.94951963462911923e-18 0.00000000000000000e+00
0.00000000000000000e+00 0.00000000000000000e+00
0.00000000000000000e+00 0.00000000000000000e+00
1.02736861855253079e-19 0.00000000000000000e+00
0.00000000000000000e+00 0.00000000000000000e+00
-4.64869563730494801e-19 0.00000000000000000e+00
-1.87331429629637593e-18 0.00000000000000000e+00
0.00000000000000000e+00 0.00000000000000000e+00
0.00000000000000000e+00 0.00000000000000000e+00
3.48208177715526458e-19 0.00000000000000000e+00
1.30207797589115825e-18 0.00000000000000000e+00
0.00000000000000000e+00 0.00000000000000000e+00
1.77262981979030379e-18 0.00000000000000000e+00
0.00000000000000000e+00 0.00000000000000000e+00
0.00000000000000000e+00 0.00000000000000000e+00
-4.79108098658105172e-20 0.00000000000000000e+00
3.38255246506324071e-18 0.00000000000000000e+00
0.00000000000000000e+00 0.00000000000000000e+00
0.00000000000000000e+00 0.00000000000000000e+00
-2.17023699529092868e-19 0.00000000000000000e+00
0.00000000000000000e+00 0.00000000000000000e+00
9.41680973363770257e-19 0.00000000000000000e+00
5.70662832895662560e-19 0.00000000000000000e+00
0.00000000000000000e+00 0.00000000000000000e+00
0.00000000000000000e+00 0.00000000000000000e+00
-2.84126873502036793e-19 0.00000000000000000e+00
3.66655939326149189e-18 0.00000000000000000e+00
0.00000000000000000e+00 0.00000000000000000e+00
8.38748812738521866e-19 0.00000000000000000e+00
0.00000000000000000e+00 0.00000000000000000e+00
0.00000000000000000e+00 0.00000000000000000e+00
-7.57420335857825038e-19 0.00000000000000000e+00
0.00000000000000000e+00 0.00000000000000000e+00
-8.52186581126898190e-19 0.00000000000000000e+00
-6.32824340441367549e-19 0.00000000000000000e+00
0.00000000000000000e+00 0.00000000000000000e+00
2.99717141663520424e-18 0.00000000000000000e+00
0.00000000000000000e+00 0.00000000000000000e+00
0.00000000000000000e+00 0.00000000000000000e+00
-2.36801835413916946e-19 0.00000000000000000e+00
-3.47503370361562173e-18 0.00000000000000000e+00
0.00000000000000000e+00 0.00000000000000000e+00
0.00000000000000000e+00 0.00000000000000000e+00
3.90574572577813776e-19 0.00000000000000000e+00
0.00000000000000000e+00 0.00000000000000000e+00
5.78588266806670804e-19 0.00000000000000000e+00
-5.94172363800298185e-19 0.00000000000000000e+00
0.00000000000000000e+00 0.00000000000000000e+00
-1.74661081574438629e-17 0.00000000000000000e+00
0.00000000000000000e+00 0.00000000000000000e+00
0.00000000000000000e+00 0.00000000000000000e+00
3.27800808874488773e-19 0.00000000000000000e+00
0.00000000000000000e+00 0.00000000000000000e+00
1.96353371451486098e-19 0.00000000000000000e+00
3.92454041023316764e-19 0.00000000000000000e+00
0.00000000000000000e+00 0.00000000000000000e+00
0.00000000000000000e+00 0.00000000000000000e+00
2.16369214137056331e-19 0.00000000000000000e+00
-4.99369219198832650e-19 0.00000000000000000e+00
0.00000000000000000e+00 0.00000000000000000e+00
-8.27573527432783739e-19 0.00000000000000000e+00
0.00000000000000000e+00 0.00000000000000000e+00
0.00000000000000000e+00 0.00000000000000000e+00
6.07273566868500745e-19 0.00000000000000000e+00
0.00000000000000000e+00 0.00000000000000000e+00
4.75760050502174963e-19 0.00000000000000000e+00
1.37990354651812349e-19 0.00000000000000000e+00
0.00000000000000000e+00 0.00000000000000000e+00
4.92944942629042942e-19 0.00000000000000000e+00
0.00000000000000000e+00 0.00000000000000000e+00
0.00000000000000000e+00 0.00000000000000000e+00
2.15627852237458688e-19 0.00000000000000000e+00
6.89751310696669520e-19 0.00000000000000000e+00
0.00000000000000000e+00 0.00000000000000000e+00
0.00000000000000000e+00 0.00000000000000000e+00
-5.32414024305682672e-19 0.00000000000000000e+00
0.00000000000000000e+00 0.00000000000000000e+00
-1.62187459252013392e-19 0.00000000000000000e+00
-7.99204871315815790e-19 0.00000000000000000e+00
0.00000000000000000e+00 0.00000000000000000e+00
0.00000000000000000e+00 0.00000000000000000e+00
2.79407810015952055e-18 0.00000000000000000e+00
-8.80666179800682805e-19 0.00000000000000000e+00
0.00000000000000000e+00 0.00000000000000000e+00
3.44849931885379016e-19 0.00000000000000000e+00
0.00000000000000000e+00 0.00000000000000000e+00
0.00000000000000000e+00 0.00000000000000000e+00
6.28284915159811510e-19 0.00000000000000000e+00
7.90383431861654568e-19 0.00000000000000000e+00
0.00000000000000000e+00 0.00000000000000000e+00
0.00000000000000000e+00 0.00000000000000000e+00
3.15098857613341303e-19 0.00000000000000000e+00
0.00000000000000000e+00 0.00000000000000000e+00
8.54951984161645378e-19 0.00000000000000000e+00
-9.99852385565154270e-20 0.00000000000000000e+00
0.00000000000000000e+00 0.00000000000000000e+00
-1.15695352660813799e-18 0.00000000000000000e+00
0.00000000000000000e+00 0.00000000000000000e+00
0.00000000000000000e+00 0.00000000000000000e+00
-1.77536042542361499e-19 0.00000000000000000e+00
0.00000000000000000e+00 0.00000000000000000e+00
-1.27200537397579351e-19 0.00000000000000000e+00
-2.91241356911964783e-19 0.00000000000000000e+00
0.00000000000000000e+00 0.00000000000000000e+00
0.00000000000000000e+00 0.00000000000000000e+00
5.06524717762734683e-19 0.00000000000000000e+00
-2.05772489010293157e-19 0.00000000000000000e+00
0.00000000000000000e+00 0.00000000000000000e+00
-8.25776208838921430e-19 0.00000000000000000e+00
0.00000000000000000e+00 0.00000000000000000e+00
0.00000000000000000e+00 0.00000000000000000e+00
4.95656385207328273e-19 0.00000000000000000e+00
0.00000000000000000e+00 0.00000000000000000e+00
5.61455147570819240e-18 0.00000000000000000e+00
-3.86497408966707091e-19 0.00000000000000000e+00
0.00000000000000000e+00 0.00000000000000000e+00
1.03519269484439103e-18 0.00000000000000000e+00
0.00000000000000000e+00 0.00000000000000000e+00
0.00000000000000000e+00 0.00000000000000000e+00
5.46784318332816929e-20 0.00000000000000000e+00
2.64886042524349563e-18 0.00000000000000000e+00
0.00000000000000000e+00 0.00000000000000000e+00
0.00000000000000000e+00 0.00000000000000000e+00
5.81821576875719775e-19 0.00000000000000000e+00
0.00000000000000000e+00 0.00000000000000000e+00
-3.51926469345008437e-20 0.00000000000000000e+00
2.60067281964266224e-19 0.00000000000000000e+00
0.00000000000000000e+00 0.00000000000000000e+00
1.58351296285551197e-18 0.00000000000000000e+00
0.00000000000000000e+00 0.00000000000000000e+00
0.00000000000000000e+00 0.00000000000000000e+00
3.55486645649410772e-19 0.00000000000000000e+00
0.00000000000000000e+00 0.00000000000000000e+00
3.08947572357684340e-19 0.00000000000000000e+00
-1.01727955705398399e-18 0.00000000000000000e+00
0.00000000000000000e+00 0.00000000000000000e+00
0.00000000000000000e+00 0.00000000000000000e+00
3.56965088223013242e-19 0.00000000000000000e+00
1.60540197312831428e-19 0.00000000000000000e+00
0.00000000000000000e+00 0.00000000000000000e+00
8.07771897240823508e-19 0.00000000000000000e+00
0.00000000000000000e+00 0.00000000000000000e+00
0.00000000000000000e+00 0.00000000000000000e+00
1.60614328506677881e-19 0.00000000000000000e+00
3.05126732629452134e-18 0.00000000000000000e+00
0.00000000000000000e+00 0.00000000000000000e+00
0.00000000000000000e+00 0.00000000000000000e+00
-1.27654677903515080e-19 0.00000000000000000e+00
0.00000000000000000e+00 0.00000000000000000e+00
-4.38477707522764101e-19 0.00000000000000000e+00
-1.88212572155636578e-19 0.00000000000000000e+00
0.00000000000000000e+00 0.00000000000000000e+00
0.00000000000000000e+00 0.00000000000000000e+00
9.15250125394661289e-20 0.00000000000000000e+00
4.79251850988754921e-19 0.00000000000000000e+00
0.00000000000000000e+00 0.00000000000000000e+00
-4.15367291579215374e-19 0.00000000000000000e+00
0.00000000000000000e+00 0.00000000000000000e+00
0.00000000000000000e+00 0.00000000000000000e+00
-4.91738074555476792e-19 0.00000000000000000e+00
0.00000000000000000e+00 0.00000000000000000e+00
6.68761093858601871e-19 0.00000000000000000e+00
2.54283905343391567e-19 0.00000000000000000e+00
0.00000000000000000e+00 0.00000000000000000e+00
3.08504959379303352e-18 0.00000000000000000e+00
0.00000000000000000e+00 0.00000000000000000e+00
0.00000000000000000e+00 0.00000000000000000e+00
-4.26092505570697275e-19 0.00000000000000000e+00
2.05753397346927770e-18 0.00000000000000000e+00
0.00000000000000000e+00 0.00000000000000000e+00
0.00000000000000000e+00 0.00000000000000000e+00
5.67567044129722304e-19 0.00000000000000000e+00
0.00000000000000000e+00 0.00000000000000000e+00
-8.49786107821687246e-19 0.00000000000000000e+00
-1.23018488701016430e-18 0.00000000000000000e+00
0.00000000000000000e+00 0.00000000000000000e+00
0.00000000000000000e+00 0.00000000000000000e+00
1.10339488582227668e-18 0.00000000000000000e+00
2.76309700412782358e-18 0.00000000000000000e+00
0.00000000000000000e+00 0.00000000000000000e+00
-3.09550173434184802e-18 0.00000000000000000e+00
0.00000000000000000e+00 0.00000000000000000e+00
0.00000000000000000e+00 0.00000000000000000e+00
1.28662478307038286e-18 0.00000000000000000e+00
-2.24358853227624998e-19 0.00000000000000000e+00
0.00000000000000000e+00 0.00000000000000000e+00
0.00000000000000000e+00 0.00000000000000000e+00
-5.84816234368745355e-19 0.00000000000000000e+00
0.00000000000000000e+00 0.00000000000000000e+00
1.06228219814127779e-18 0.00000000000000000e+00
1.75309010989878787e-18 0.00000000000000000e+00
0.00000000000000000e+00 0.00000000000000000e+00
-9.69066635213704029e-18 0.00000000000000000e+00
0.00000000000000000e+00 0.00000000000000000e+00
0.00000000000000000e+00 0.00000000000000000e+00
-2.76321062734392208e-20 0.00000000000000000e+00
0.00000000000000000e+00 0.00000000000000000e+00
1.22640288365817028e-19 0.00000000000000000e+00
-1.60604306545164429e-20 0.00000000000000000e+00
0.00000000000000000e+00 0.00000000000000000e+00
0.00000000000000000e+00 0.00000000000000000e+00
4.89995003877124938e-19 0.00000000000000000e+00
-4.44207301204606831e-19 0.00000000000000000e+00
0.00000000000000000e+00 0.00000000000000000e+00
-3.27958832773132009e-18 0.00000000000000000e+00
0.00000000000000000e+00 0.00000000000000000e+00
0.00000000000000000e+00 0.00000000000000000e+00
7.22581115835656859e-19 0.00000000000000000e+00
-8.24236927090498515e-18 0.00000000000000000e+00
0.00000000000000000e+00 0.00000000000000000e+00
0.00000000000000000e+00 0.00000000000000000e+00
3.92150593029404855e-19 0.00000000000000000e+00
0.00000000000000000e+00 0.00000000000000000e+00
2.85323704410239302e-21 0.00000000000000000e+00
2.54203380583309401e-18 0.00000000000000000e+00
0.00000000000000000e+00 0.00000000000000000e+00
0.00000000000000000e+00 0.00000000000000000e+00
5.23119596621316039e-19 0.00000000000000000e+00
2.35958638237687950e-18 0.00000000000000000e+00
0.00000000000000000e+00 0.00000000000000000e+00
2.37113961382228794e-18 0.00000000000000000e+00
0.00000000000000000e+00 0.00000000000000000e+00
0.00000000000000000e+00 0.00000000000000000e+00
1.83255062802166011e-19 0.00000000000000000e+00
0.00000000000000000e+00 0.00000000000000000e+00
-5.66650574179551680e-19 0.00000000000000000e+00
6.96700073838751334e-19 0.00000000000000000e+00
0.00000000000000000e+00 0.00000000000000000e+00
2.39617778771067175e-18 0.00000000000000000e+00
0.00000000000000000e+00 0.00000000000000000e+00
0.00000000000000000e+00 0.00000000000000000e+00
-4.69197612078255624e-20 0.00000000000000000e+00
-4.28168449674466992e-18 0.00000000000000000e+00
0.00000000000000000e+00 0.00000000000000000e+00
0.00000000000000000e+00 0.00000000000000000e+00
-8.95760602625296772e-20 0.00000000000000000e+00
0.00000000000000000e+00 0.00000000000000000e+00
2.50898245304601320e-19 0.00000000000000000e+00
-2.00346244981316160e-19 0.00000000000000000e+00
0.00000000000000000e+00 0.00000000000000000e+00
-2.56261080505254096e-18 0.00000000000000000e+00
0.00000000000000000e+00 0.00000000000000000e+00
0.00000000000000000e+00 0.00000000000000000e+00
-5.33127100516727438e-21 0.00000000000000000e+00
0.00000000000000000e+00 0.00000000000000000e+00
1.06133038748668426e-18 0.00000000000000000e+00
1.85705366133735345e-18 0.00000000000000000e+00
0.00000000000000000e+00 0.00000000000000000e+00
0.00000000000000000e+00 0.00000000000000000e+00
1.63079282943467385e-19 0.00000000000000000e+00
8.72415675703728609e-19 0.00000000000000000e+00
0.00000000000000000e+00 0.00000000000000000e+00
7.27115801961015594e-20 0.00000000000000000e+00
0.00000000000000000e+00 0.00000000000000000e+00
0.00000000000000000e+00 0.00000000000000000e+00
-5.86923875083639699e-20 0.00000000000000000e+00
0.00000000000000000e+00 0.00000000000000000e+00
1.23258776543914922e-19 0.00000000000000000e+00
-1.97690377793688838e-18 0.00000000000000000e+00
0.00000000000000000e+00 0.00000000000000000e+00
-2.60810643203323114e-18 0.00000000000000000e+00
0.00000000000000000e+00 0.00000000000000000e+00
0.00000000000000000e+00 0.00000000000000000e+00
5.39392517710084476e-19 0.00000000000000000e+00
5.22337367357431491e-22 0.00000000000000000e+00
0.00000000000000000e+00 0.00000000000000000e+00
0.00000000000000000e+00 0.00000000000000000e+00
-1.79809941906121111e-19 0.00000000000000000e+00
0.00000000000000000e+00 0.00000000000000000e+00
-1.29976019547904354e-19 0.00000000000000000e+00
4.92632826893412544e-19 0.00000000000000000e+00
0.00000000000000000e+00 0.00000000000000000e+00
0.00000000000000000e+00 0.00000000000000000e+00
2.23139883260652511e-18 0.00000000000000000e+00
3.38187558263894847e-18 0.00000000000000000e+00
0.00000000000000000e+00 0.00000000000000000e+00
6.50393222615371761e-18 0.00000000000000000e+00
0.00000000000000000e+00 0.00000000000000000e+00
0.00000000000000000e+00 0.00000000000000000e+00
-9.10696796738375126e-20 0.00000000000000000e+00
3.95367562160040216e-19 0.00000000000000000e+00
0.00000000000000000e+00 0.00000000000000000e+00
0.00000000000000000e+00 0.00000000000000000e+00
1.27057551606146483e-19 0.00000000000000000e+00
0.00000000000000000e+00 0.00000000000000000e+00
8.97820394929550458e-20 0.00000000000000000e+00
3.73240755520100914e-18 0.00000000000000000e+00
0.00000000000000000e+00 0.00000000000000000e+00
-5.86291975162536066e-18 0.00000000000000000e+00
0.00000000000000000e+00 0.00000000000000000e+00
0.00000000000000000e+00 0.00000000000000000e+00
4.40692941939039792e-19 0.00000000000000000e+00
0.00000000000000000e+00 0.00000000000000000e+00
6.97148913116435878e-19 0.00000000000000000e+00
4.39577356174740960e-19 0.00000000000000000e+00
0.00000000000000000e+00 0.00000000000000000e+00
0.00000000000000000e+00 0.00000000000000000e+00
-9.98243310897784554e-19 0.00000000000000000e+00
-1.64279382908224036e-20 0.00000000000000000e+00
0.00000000000000000e+00 0.00000000000000000e+00
-1.88366021853068209e-19 0.00000000000000000e+00
0.00000000000000000e+00 0.00000000000000000e+00
0.00000000000000000e+00 0.00000000000000000e+00
7.48058964701846507e-20 0.00000000000000000e+00
-2.49008341788041692e-17 0.00000000000000000e+00
0.00000000000000000e+00 0.00000000000000000e+00
0.00000000000000000e+00 0.00000000000000000e+00
-4.03919489927604154e-19 0.00000000000000000e+00
0.00000000000000000e+00 0.00000000000000000e+00
-5.33801852885347974e-19 0.00000000000000000e+00
-9.95528898841104957e-21 0.00000000000000000e+00
0.00000000000000000e+00 0.00000000000000000e+00
0.00000000000000000e+00 0.00000000000000000e+00
2.67641995407168256e-19 0.00000000000000000e+00
9.04134281521620774e-19 0.00000000000000000e+00
0.00000000000000000e+00 0.00000000000000000e+00
-1.50638569094492581e-18 0.00000000000000000e+00
0.00000000000000000e+00 0.00000000000000000e+00
0.00000000000000000e+00 0.00000000000000000e+00
7.35038664364701278e-19 0.00000000000000000e+00
0.00000000000000000e+00 0.00000000000000000e+00
-5.81247508708516676e-19 0.00000000000000000e+00
-7.91822617983474249e-20 0.00000000000000000e+00
0.00000000000000000e+00 0.00000000000000000e+00
9.84296497684653961e-19 0.00000000000000000e+00
0.00000000000000000e+00 0.00000000000000000e+00
0.00000000000000000e+00 0.00000000000000000e+00
4.15327820439158615e-19 0.00000000000000000e+00
-3.17648815492282787e-19 0.00000000000000000e+00
0.00000000000000000e+00 0.00000000000000000e+00
0.00000000000000000e+00 0.00000000000000000e+00
-8.39555558177092962e-19 0.00000000000000000e+00
0.00000000000000000e+00 0.00000000000000000e+00
1.57576887899173523e-19 0.00000000000000000e+00
1.26328549103751668e-19 0.00000000000000000e+00
0.00000000000000000e+00 0.00000000000000000e+00
0.00000000000000000e+00 0.00000000000000000e+00
2.30621578549334642e-19 0.00000000000000000e+00
-7.81294412040831456e-20 0.00000000000000000e+00
0.00000000000000000e+00 0.00000000000000000e+00
7.01258567577657300e-20 0.00000000000000000e+00
0.00000000000000000e+00 0.00000000000000000e+00
0.00000000000000000e+00 0.00000000000000000e+00
-4.73180419358494244e-19 0.00000000000000000e+00
-2.29535612244182787e-18 0.00000000000000000e+00
0.00000000000000000e+00 0.00000000000000000e+00
0.00000000000000000e+00 0.00000000000000000e+00
1.43532249848022795e-19 0.00000000000000000e+00
0.00000000000000000e+00 0.00000000000000000e+00
4.67697154991401522e-19 0.00000000000000000e+00
-8.66881620519270373e-20 0.00000000000000000e+00
0.00000000000000000e+00 0.00000000000000000e+00
-3.49732545582805952e-19 0.00000000000000000e+00
0.00000000000000000e+00 0.00000000000000000e+00
0.00000000000000000e+00 0.00000000000000000e+00
-2.51445014053562519e-19 0.00000000000000000e+00
0.00000000000000000e+00 0.00000000000000000e+00
4.82391474958740160e-19 0.00000000000000000e+00
1.50368201745684074e-18 0.00000000000000000e+00
0.00000000000000000e+00 0.00000000000000000e+00
0.00000000000000000e+00 0.00000000000000000e+00
-2.98392512584996915e-19 0.00000000000000000e+00
-6.97409015735647657e-19 0.00000000000000000e+00
0.00000000000000000e+00 0.00000000000000000e+00
-1.91566668963530446e-18 0.00000000000000000e+00
0.00000000000000000e+00 0.00000000000000000e+00
0.00000000000000000e+00 0.00000000000000000e+00
5.09997701028897554e-19 0.00000000000000000e+00
0.00000000000000000e+00 0.00000000000000000e+00
8.11684133705742061e-19 0.00000000000000000e+00
-4.60314877842022893e-18 0.00000000000000000e+00
0.00000000000000000e+00 0.00000000000000000e+00
2.06026955473349419e-18 0.00000000000000000e+00
0.00000000000000000e+00 0.00000000000000000e+00
0.00000000000000000e+00 0.00000000000000000e+00
8.60182125229632495e-19 0.00000000000000000e+00
2.53735889411084311e-19 0.00000000000000000e+00
0.00000000000000000e+00 0.00000000000000000e+00
0.00000000000000000e+00 0.00000000000000000e+00
8.82433194267800153e-19 0.00000000000000000e+00
0.00000000000000000e+00 0.00000000000000000e+00
4.10676662303151683e-19 0.00000000000000000e+00
5.15149111805624447e-19 0.00000000000000000e+00
0.00000000000000000e+00 0.00000000000000000e+00
4.58706397276899137e-19 0.00000000000000000e+00
0.00000000000000000e+00 0.00000000000000000e+00
0.00000000000000000e+00 0.00000000000000000e+00
1.16189356641580608e-18 0.00000000000000000e+00
0.00000000000000000e+00 0.00000000000000000e+00
-2.36119515511249734e-19 0.00000000000000000e+00
-9.22459469033730889e-19 0.00000000000000000e+00
0.00000000000000000e+00 0.00000000000000000e+00
0.00000000000000000e+00 0.00000000000000000e+00
-2.79742647685435150e-19 0.00000000000000000e+00
-2.44268416809137206e-19 0.00000000000000000e+00
0.00000000000000000e+00 0.00000000000000000e+00
-1.07059740915209011e-18 0.00000000000000000e+00
0.00000000000000000e+00 0.00000000000000000e+00
0.00000000000000000e+00 0.00000000000000000e+00
8.28572717518743955e-20 0.00000000000000000e+00
3.99362154910426211e-18 0.00000000000000000e+00
0.00000000000000000e+00 0.00000000000000000e+00
0.00000000000000000e+00 0.00000000000000000e+00
4.38524288741597427e-19 0.00000000000000000e+00
0.00000000000000000e+00 0.00000000000000000e+00
5.49890150268916415e-19 0.00000000000000000e+00
6.34511043686574201e-19 0.00000000000000000e+00
0.00000000000000000e+00 0.00000000000000000e+00
0.00000000000000000e+00 0.00000000000000000e+00
-1.26408431803572406e-19 0.00000000000000000e+00
-1.19080048609614108e-18 0.00000000000000000e+00
0.00000000000000000e+00 0.00000000000000000e+00
2.74697031048521704e-19 0.00000000000000000e+00
0.00000000000000000e+00 0.00000000000000000e+00
0.00000000000000000e+00 0.00000000000000000e+00
-2.03933126385817876e-19 0.00000000000000000e+00
0.00000000000000000e+00 0.00000000000000000e+00
-1.01905099967087521e-18 0.00000000000000000e+00
-6.82930334662068351e-19 0.00000000000000000e+00
0.00000000000000000e+00 0.00000000000000000e+00
-5.88730306893781663e-19 0.00000000000000000e+00
0.00000000000000000e+00 0.00000000000000000e+00
0.00000000000000000e+00 0.00000000000000000e+00
-6.27093560207482563e-20 0.00000000000000000e+00
-1.62956636307252098e-18 0.00000000000000000e+00
0.00000000000000000e+00 0.00000000000000000e+00
0.00000000000000000e+00 0.00000000000000000e+00
-3.10800341821300800e-19 0.00000000000000000e+00
0.00000000000000000e+00 0.00000000000000000e+00
7.79459970209335636e-20 0.00000000000000000e+00
-2.64829511007961394e-19 0.00000000000000000e+00
0.00000000000000000e+00 0.00000000000000000e+00
0.00000000000000000e+00 0.00000000000000000e+00
2.00776326349751953e-18 0.00000000000000000e+00
-1.28968882900585435e-18 0.00000000000000000e+00
0.00000000000000000e+00 0.00000000000000000e+00
-5.69906945031097762e-18 0.00000000000000000e+00
0.00000000000000000e+00 0.00000000000000000e+00
0.00000000000000000e+00 0.00000000000000000e+00
1.54468265959470562e-19 0.00000000000000000e+00
5.85966240296040401e-19 0.00000000000000000e+00
0.00000000000000000e+00 0.00000000000000000e+00
0.00000000000000000e+00 0.00000000000000000e+00
-7.54893252613195514e-20 0.00000000000000000e+00
0.00000000000000000e+00 0.00000000000000000e+00
1.35054646766799960e-19 0.00000000000000000e+00
4.17185704468239219e-19 0.00000000000000000e+00
0.00000000000000000e+00 0.00000000000000000e+00
1.92662473652182116e-18 0.00000000000000000e+00
0.00000000000000000e+00 0.00000000000000000e+00
0.00000000000000000e+00 0.00000000000000000e+00
1.85203954526608522e-19 0.00000000000000000e+00
0.00000000000000000e+00 0.00000000000000000e+00
6.95676473892853355e-19 0.00000000000000000e+00
2.47764808338218773e-19 0.00000000000000000e+00
0.00000000000000000e+00 0.00000000000000000e+00
0.00000000000000000e+00 0.00000000000000000e+00
8.80445132810066403e-20 0.00000000000000000e+00
1.90990482198486505e-18 0.00000000000000000e+00
0.00000000000000000e+00 0.00000000000000000e+00
3.03060979430485524e-18 0.00000000000000000e+00
0.00000000000000000e+00 0.00000000000000000e+00
0.00000000000000000e+00 0.00000000000000000e+00
-4.02340330692415415e-19 0.00000000000000000e+00
7.59204241230717032e-19 0.00000000000000000e+00
0.00000000000000000e+00 0.00000000000000000e+00
0.00000000000000000e+00 0.00000000000000000e+00
1.93435331219538501e-19 0.00000000000000000e+00
0.00000000000000000e+00 0.00000000000000000e+00
2.32947976335542078e-19 0.00000000000000000e+00
-2.38005274233150693e-19 0.00000000000000000e+00
0.00000000000000000e+00 0.00000000000000000e+00
0.00000000000000000e+00 0.00000000000000000e+00
1.57669602314063115e-19 0.00000000000000000e+00
1.05824571767269165e-18 0.00000000000000000e+00
0.00000000000000000e+00 0.00000000000000000e+00
1.03462520416226996e-18 0.00000000000000000e+00
0.00000000000000000e+00 0.00000000000000000e+00
0.00000000000000000e+00 0.00000000000000000e+00
1.07832778141054946e-19 0.00000000000000000e+00
0.00000000000000000e+00 0.00000000000000000e+00
-4.56715506482087186e-19 0.00000000000000000e+00
1.55234663523454597e-18 0.00000000000000000e+00
0.00000000000000000e+00 0.00000000000000000e+00
2.41812969943251912e-18 0.00000000000000000e+00
0.00000000000000000e+00 0.00000000000000000e+00
0.00000000000000000e+00 0.00000000000000000e+00
6.28943639762480827e-19 0.00000000000000000e+00
-2.38686467839512747e-18 0.00000000000000000e+00
0.00000000000000000e+00 0.00000000000000000e+00
0.00000000000000000e+00 0.00000000000000000e+00
6.38956203311891816e-19 0.00000000000000000e+00
0.00000000000000000e+00 0.00000000000000000e+00
7.02028648316571595e-19 0.00000000000000000e+00
-2.10630382433881572e-19 0.00000000000000000e+00
0.00000000000000000e+00 0.00000000000000000e+00
-1.70509066204538385e-18 0.00000000000000000e+00
0.00000000000000000e+00 0.00000000000000000e+00
0.00000000000000000e+00 0.00000000000000000e+00
-6.40069823120972540e-19 0.00000000000000000e+00
0.00000000000000000e+00 0.00000000000000000e+00
1.42518989030637188e-20 0.00000000000000000e+00
-5.47937669524947507e-19 0.00000000000000000e+00
0.00000000000000000e+00 0.00000000000000000e+00
0.00000000000000000e+00 0.00000000000000000e+00
6.16641442676005529e-19 0.00000000000000000e+00
1.65631078936683212e-18 0.00000000000000000e+00
0.00000000000000000e+00 0.00000000000000000e+00
1.07895751748436004e-18 0.00000000000000000e+00
0.00000000000000000e+00 0.00000000000000000e+00
0.00000000000000000e+00 0.00000000000000000e+00
-2.63846209729815299e-19 0.00000000000000000e+00
0.00000000000000000e+00 0.00000000000000000e+00
1.17557219940916088e-18 0.00000000000000000e+00
1.37038575922378567e-18 0.00000000000000000e+00
0.00000000000000000e+00 0.00000000000000000e+00
-3.81015622607314735e-19 0.00000000000000000e+00
0.00000000000000000e+00 0.00000000000000000e+00
0.00000000000000000e+00 0.00000000000000000e+00
9.58965118978574941e-20 0.00000000000000000e+00
-8.65687474387611164e-19 0.00000000000000000e+00
0.00000000000000000e+00 0.00000000000000000e+00
0.00000000000000000e+00 0.00000000000000000e+00
4.75991937225118805e-20 0.00000000000000000e+00
0.00000000000000000e+00 0.00000000000000000e+00
-2.74601313668054798e-19 0.00000000000000000e+00
7.08442999086178907e-19 0.00000000000000000e+00
0.00000000000000000e+00 0.00000000000000000e+00
0.00000000000000000e+00 0.00000000000000000e+00
1.44014952855823084e-18 0.00000000000000000e+00
-5.14408573094906447e-19 0.00000000000000000e+00
0.00000000000000000e+00 0.00000000000000000e+00
2.06080030348493589e-18 0.00000000000000000e+00
0.00000000000000000e+00 0.00000000000000000e+00
0.00000000000000000e+00 0.00000000000000000e+00
-2.66887391833602862e-19 0.00000000000000000e+00
1.29041127750978706e-18 0.00000000000000000e+00
0.00000000000000000e+00 0.00000000000000000e+00
0.00000000000000000e+00 0.00000000000000000e+00
7.02235965076538157e-19 0.00000000000000000e+00
0.00000000000000000e+00 0.00000000000000000e+00
1.61808138313561210e-19 0.00000000000000000e+00
6.77928997750224327e-19 0.00000000000000000e+00
0.00000000000000000e+00 0.00000000000000000e+00
1.18326878880422772e-18 0.00000000000000000e+00
0.00000000000000000e+00 0.00000000000000000e+00
0.00000000000000000e+00 0.00000000000000000e+00
-1.09607085714225135e-19 0.00000000000000000e+00
0.00000000000000000e+00 0.00000000000000000e+00
6.05910893799207660e-19 0.00000000000000000e+00
-3.29837967478428752e-19 0.00000000000000000e+00
0.00000000000000000e+00 0.00000000000000000e+00
0.00000000000000000e+00 0.00000000000000000e+00
-3.73958235747802327e-19 0.00000000000000000e+00
1.05489963747340013e-18 0.00000000000000000e+00
0.00000000000000000e+00 0.00000000000000000e+00
2.17472891181911712e-18 0.00000000000000000e+00
0.00000000000000000e+00 0.00000000000000000e+00
0.00000000000000000e+00 0.00000000000000000e+00
-8.11039264818753029e-20 0.00000000000000000e+00
0.00000000000000000e+00 0.00000000000000000e+00
4.50711357384877033e-19 0.00000000000000000e+00
-2.79849113821100204e-18 0.00000000000000000e+00
0.00000000000000000e+00 0.00000000000000000e+00
-5.99994801160408884e-18 0.00000000000000000e+00
0.00000000000000000e+00 0.00000000000000000e+00
0.00000000000000000e+00 0.00000000000000000e+00
6.85110399134242361e-19 0.00000000000000000e+00
-2.21828481761899331e-18 0.00000000000000000e+00
0.00000000000000000e+00 0.00000000000000000e+00
0.00000000000000000e+00 0.00000000000000000e+00
2.77236863220187162e-20 0.00000000000000000e+00
0.00000000000000000e+00 0.00000000000000000e+00
9.57164115894082454e-19 0.00000000000000000e+00
7.54108169834354474e-19 0.00000000000000000e+00
0.00000000000000000e+00 0.00000000000000000e+00
-4.00998288774176447e-18 0.00000000000000000e+00
0.00000000000000000e+00 0.00000000000000000e+00
0.00000000000000000e+00 0.00000000000000000e+00
8.20823320135809769e-21 0.00000000000000000e+00
0.00000000000000000e+00 0.00000000000000000e+00
1.13840815881915931e-18 0.00000000000000000e+00
-2.89812567249743684e-18 0.00000000000000000e+00
0.00000000000000000e+00 0.00000000000000000e+00
0.00000000000000000e+00 0.00000000000000000e+00
-1.12165881637246753e-19 0.00000000000000000e+00
-2.91425915380292740e-19 0.00000000000000000e+00
0.00000000000000000e+00 0.00000000000000000e+00
-8.85404577212937961e-19 0.00000000000000000e+00
0.00000000000000000e+00 0.00000000000000000e+00
0.00000000000000000e+00 0.00000000000000000e+00
8.52539162016288746e-19 0.00000000000000000e+00
-4.98707240049306670e-18 0.00000000000000000e+00
0.00000000000000000e+00 0.00000000000000000e+00
0.00000000000000000e+00 0.00000000000000000e+00
2.88561050025497180e-19 0.00000000000000000e+00
0.00000000000000000e+00 0.00000000000000000e+00
-9.38045263670268653e-20 0.00000000000000000e+00
-1.95300134797529852e-19 0.00000000000000000e+00
0.00000000000000000e+00 0.00000000000000000e+00
0.00000000000000000e+00 0.00000000000000000e+00
6.06557878750470432e-19 0.00000000000000000e+00
-1.54949117996306642e-18 0.00000000000000000e+00
0.00000000000000000e+00 0.00000000000000000e+00
2.08035318234207896e-18 0.00000000000000000e+00
0.00000000000000000e+00 0.00000000000000000e+00
0.00000000000000000e+00 0.00000000000000000e+00
-1.20347243588143431e-20 0.00000000000000000e+00
0.00000000000000000e+00 0.00000000000000000e+00
1.22891889827095937e-19 0.00000000000000000e+00
-2.11496476535307535e-18 0.00000000000000000e+00
0.00000000000000000e+00 0.00000000000000000e+00
1.44717779986211977e-18 0.00000000000000000e+00
0.00000000000000000e+00 0.00000000000000000e+00
0.00000000000000000e+00 0.00000000000000000e+00
-6.85798770321344918e-19 0.00000000000000000e+00
1.70020977106242301e-19 0.00000000000000000e+00
0.00000000000000000e+00 0.00000000000000000e+00
0.00000000000000000e+00 0.00000000000000000e+00
-1.61672214038245044e-20 0.00000000000000000e+00
0.00000000000000000e+00 0.00000000000000000e+00
-1.22551674196222181e-19 0.00000000000000000e+00
-4.84017871795133573e-19 0.00000000000000000e+00
0.00000000000000000e+00 0.00000000000000000e+00
-8.77891300780082223e-18 0.00000000000000000e+00
0.00000000000000000e+00 0.00000000000000000e+00
0.00000000000000000e+00 0.00000000000000000e+00
5.90989913643389622e-19 0.00000000000000000e+00
0.00000000000000000e+00 0.00000000000000000e+00
6.57698221098739675e-19 0.00000000000000000e+00
-6.80207745199495411e-19 0.00000000000000000e+00
0.00000000000000000e+00 0.00000000000000000e+00
0.00000000000000000e+00 0.00000000000000000e+00
-5.32989405242709746e-19 0.00000000000000000e+00
-3.24727675789229532e-19 0.00000000000000000e+00
0.00000000000000000e+00 0.00000000000000000e+00
-1.85550825800851984e-18 0.00000000000000000e+00
0.00000000000000000e+00 0.00000000000000000e+00
0.00000000000000000e+00 0.00000000000000000e+00
-3.49489752423627793e-19 0.00000000000000000e+00
0.00000000000000000e+00 0.00000000000000000e+00
1.37790317533100595e-18 0.00000000000000000e+00
-9.65554147837611746e-19 0.00000000000000000e+00
0.00000000000000000e+00 0.00000000000000000e+00
1.91155790017299007e-18 0.00000000000000000e+00
0.00000000000000000e+00 0.00000000000000000e+00
0.00000000000000000e+00 0.00000000000000000e+00
5.17052911302800037e-19 0.00000000000000000e+00
-3.30586734939678613e-19 0.00000000000000000e+00
0.00000000000000000e+00 0.00000000000000000e+00
0.00000000000000000e+00 0.00000000000000000e+00
-2.03868684617477243e-19 0.00000000000000000e+00
0.00000000000000000e+00 0.00000000000000000e+00
2.96611355476905795e-20 0.00000000000000000e+00
9.18117027638175276e-19 0.00000000000000000e+00
0.00000000000000000e+00 0.00000000000000000e+00
0.00000000000000000e+00 0.00000000000000000e+00
3.99628588025645661e-18 0.00000000000000000e+00
6.85946528941497463e-19 0.00000000000000000e+00
0.00000000000000000e+00 0.00000000000000000e+00
-2.57987504192659540e-18 0.00000000000000000e+00
0.00000000000000000e+00 0.00000000000000000e+00
0.00000000000000000e+00 0.00000000000000000e+00
4.70942178677948215e-19 0.00000000000000000e+00
2.85685996176775114e-18 0.00000000000000000e+00
0.00000000000000000e+00 0.00000000000000000e+00
0.00000000000000000e+00 0.00000000000000000e+00
-3.34535042928352281e-19 0.00000000000000000e+00
0.00000000000000000e+00 0.00000000000000000e+00
-6.31639678751204338e-19 0.00000000000000000e+00
2.00419476123485605e-18 0.00000000000000000e+00
0.00000000000000000e+00 0.00000000000000000e+00
-3.28113168174414309e-18 0.00000000000000000e+00
0.00000000000000000e+00 0.00000000000000000e+00
0.00000000000000000e+00 0.00000000000000000e+00
3.22844028360599966e-19 0.00000000000000000e+00
0.00000000000000000e+00 0.00000000000000000e+00
-2.06617307746651252e-19 0.00000000000000000e+00
-9.40961421037180582e-19 0.00000000000000000e+00
0.00000000000000000e+00 0.00000000000000000e+00
0.00000000000000000e+00 0.00000000000000000e+00
6.73647343848701522e-20 0.00000000000000000e+00
4.46970187135399782e-20 0.00000000000000000e+00
0.00000000000000000e+00 0.00000000000000000e+00
5.49106004343129747e-19 0.00000000000000000e+00
0.00000000000000000e+00 0.00000000000000000e+00
0.00000000000000000e+00 0.00000000000000000e+00
8.07295057945290500e-19 0.00000000000000000e+00
-5.07650983355431684e-18 0.00000000000000000e+00
0.00000000000000000e+00 0.00000000000000000e+00
0.00000000000000000e+00 0.00000000000000000e+00
2.45174955986772552e-19 0.00000000000000000e+00
0.00000000000000000e+00 0.00000000000000000e+00
-2.26461555327259729e-19 0.00000000000000000e+00
1.11862365836170387e-19 0.00000000000000000e+00
0.00000000000000000e+00 0.00000000000000000e+00
0.00000000000000000e+00 0.00000000000000000e+00
4.27323306120799698e-19 0.00000000000000000e+00
-1.76749415436760555e-18 0.00000000000000000e+00
0.00000000000000000e+00 0.00000000000000000e+00
-2.36882731903747224e-19 0.00000000000000000e+00
0.00000000000000000e+00 0.00000000000000000e+00
0.00000000000000000e+00 0.00000000000000000e+00
-1.43537441680813820e-19 0.00000000000000000e+00
0.00000000000000000e+00 0.00000000000000000e+00
-1.31179970736531033e-18 0.00000000000000000e+00
-1.80221393663821103e-18 0.00000000000000000e+00
0.00000000000000000e+00 0.00000000000000000e+00
-2.07787509938715699e-18 0.00000000000000000e+00
0.00000000000000000e+00 0.00000000000000000e+00
0.00000000000000000e+00 0.00000000000000000e+00
-1.71156436516784271e-19 0.00000000000000000e+00
-7.48936732376127645e-19 0.00000000000000000e+00
0.00000000000000000e+00 0.00000000000000000e+00
0.00000000000000000e+00 0.00000000000000000e+00
-4.99893383130456542e-19 0.00000000000000000e+00
0.00000000000000000e+00 0.00000000000000000e+00
-4.53328707301785360e-19 0.00000000000000000e+00
-4.68314118650292158e-19 0.00000000000000000e+00
0.00000000000000000e+00 0.00000000000000000e+00
0.00000000000000000e+00 0.00000000000000000e+00
1.69924975449480594e-18 0.00000000000000000e+00
8.33334526915486536e-19 0.00000000000000000e+00
0.00000000000000000e+00 0.00000000000000000e+00
4.53032682198085255e-19 0.00000000000000000e+00
0.00000000000000000e+00 0.00000000000000000e+00
0.00000000000000000e+00 0.00000000000000000e+00
9.08822009432077213e-19 0.00000000000000000e+00
1.90884848735579769e-18 0.00000000000000000e+00
0.00000000000000000e+00 0.00000000000000000e+00
0.00000000000000000e+00 0.00000000000000000e+00
-1.30804606035304994e-19 0.00000000000000000e+00
0.00000000000000000e+00 0.00000000000000000e+00
9.17169110210297344e-19 0.00000000000000000e+00
4.35924015885341988e-19 0.00000000000000000e+00
0.00000000000000000e+00 0.00000000000000000e+00
1.97311659150658769e-18 0.00000000000000000e+00
0.00000000000000000e+00 0.00000000000000000e+00
0.00000000000000000e+00 0.00000000000000000e+00
2.19415093615089967e-19 0.00000000000000000e+00
0.00000000000000000e+00 0.00000000000000000e+00
3.17147053436464407e-19 0.00000000000000000e+00
3.23958955236672181e-20 0.00000000000000000e+00
0.00000000000000000e+00 0.00000000000000000e+00
0.00000000000000000e+00 0.00000000000000000e+00
1.84769908132700740e-19 0.00000000000000000e+00
4.77904153391892247e-19 0.00000000000000000e+00
0.00000000000000000e+00 0.00000000000000000e+00
2.58801511670939077e-19 0.00000000000000000e+00
0.00000000000000000e+00 0.00000000000000000e+00
0.00000000000000000e+00 0.00000000000000000e+00
-2.83557847527479847e-20 0.00000000000000000e+00
0.00000000000000000e+00 0.00000000000000000e+00
4.81632450228221766e-18 0.00000000000000000e+00
3.08742556305418150e-18 0.00000000000000000e+00
0.00000000000000000e+00 0.00000000000000000e+00
1.17247982107824957e-18 0.00000000000000000e+00
0.00000000000000000e+00 0.00000000000000000e+00
0.00000000000000000e+00 0.00000000000000000e+00
9.06955598049640653e-19 0.00000000000000000e+00
7.59450429968511139e-19 0.00000000000000000e+00
0.00000000000000000e+00 0.00000000000000000e+00
0.00000000000000000e+00 0.00000000000000000e+00
-1.16643128360821499e-19 0.00000000000000000e+00
0.00000000000000000e+00 0.00000000000000000e+00
3.52277863426829671e-19 0.00000000000000000e+00
1.21537794716406858e-18 0.00000000000000000e+00
0.00000000000000000e+00 0.00000000000000000e+00
-5.53714146300038837e-18 0.00000000000000000e+00
0.00000000000000000e+00 0.00000000000000000e+00
0.00000000000000000e+00 0.00000000000000000e+00
4.05512677182622696e-19 0.00000000000000000e+00
0.00000000000000000e+00 0.00000000000000000e+00
8.74305720389284249e-19 0.00000000000000000e+00
-2.73194368446928435e-19 0.00000000000000000e+00
0.00000000000000000e+00 0.00000000000000000e+00
0.00000000000000000e+00 0.00000000000000000e+00
-5.52683142220803236e-19 0.00000000000000000e+00
-7.51538849367713340e-19 0.00000000000000000e+00
0.00000000000000000e+00 0.00000000000000000e+00
-1.54027560707834206e-18 0.00000000000000000e+00
0.00000000000000000e+00 0.00000000000000000e+00
0.00000000000000000e+00 0.00000000000000000e+00
5.82699422753068012e-19 0.00000000000000000e+00
4.81314221649451511e-18 0.00000000000000000e+00
0.00000000000000000e+00 0.00000000000000000e+00
0.00000000000000000e+00 0.00000000000000000e+00
6.42161809898380934e-19 0.00000000000000000e+00
0.00000000000000000e+00 0.00000000000000000e+00
-7.84547402203030178e-19 0.00000000000000000e+00
1.48452889073306909e-18 0.00000000000000000e+00
0.00000000000000000e+00 0.00000000000000000e+00
0.00000000000000000e+00 0.00000000000000000e+00
-5.32420506731544044e-20 0.00000000000000000e+00
9.24166309861362433e-20 0.00000000000000000e+00
0.00000000000000000e+00 0.00000000000000000e+00
4.70828458260874620e-19 0.00000000000000000e+00
0.00000000000000000e+00 0.00000000000000000e+00
0.00000000000000000e+00 0.00000000000000000e+00
-7.39113771828450613e-19 0.00000000000000000e+00
0.00000000000000000e+00 0.00000000000000000e+00
1.76729975207048250e-18 0.00000000000000000e+00
-1.34022534355374360e-18 0.00000000000000000e+00
0.00000000000000000e+00 0.00000000000000000e+00
1.04021901900624499e-18 0.00000000000000000e+00
0.00000000000000000e+00 0.00000000000000000e+00
0.00000000000000000e+00 0.00000000000000000e+00
5.01743355160904456e-19 0.00000000000000000e+00
-3.62155188952968028e-18 0.00000000000000000e+00
0.00000000000000000e+00 0.00000000000000000e+00
0.00000000000000000e+00 0.00000000000000000e+00
5.28247063590346123e-19 0.00000000000000000e+00
0.00000000000000000e+00 0.00000000000000000e+00
1.23321867461171778e-18 0.00000000000000000e+00
7.77588897818076174e-19 0.00000000000000000e+00
0.00000000000000000e+00 0.00000000000000000e+00
1.91964755995899945e-17 0.00000000000000000e+00
0.00000000000000000e+00 0.00000000000000000e+00
0.00000000000000000e+00 0.00000000000000000e+00
-5.20766110528856610e-19 0.00000000000000000e+00
0.00000000000000000e+00 0.00000000000000000e+00
-6.56257334549542130e-19 0.00000000000000000e+00
8.42839818024514514e-20 0.00000000000000000e+00
0.00000000000000000e+00 0.00000000000000000e+00
0.00000000000000000e+00 0.00000000000000000e+00
2.29904231394847304e-19 0.00000000000000000e+00
-2.95024275452611817e-19 0.00000000000000000e+00
0.00000000000000000e+00 0.00000000000000000e+00
-9.46477462725346299e-19 0.00000000000000000e+00
0.00000000000000000e+00 0.00000000000000000e+00
0.00000000000000000e+00 0.00000000000000000e+00
6.23312251894850036e-19 0.00000000000000000e+00
0.00000000000000000e+00 0.00000000000000000e+00
2.75773183214624260e-19 0.00000000000000000e+00
-6.71035381503718538e-21 0.00000000000000000e+00
0.00000000000000000e+00 0.00000000000000000e+00
1.82500188496584695e-18 0.00000000000000000e+00
0.00000000000000000e+00 0.00000000000000000e+00
0.00000000000000000e+00 0.00000000000000000e+00
1.40915652166689935e-19 0.00000000000000000e+00
-5.15736850652512650e-19 0.00000000000000000e+00
0.00000000000000000e+00 0.00000000000000000e+00
0.00000000000000000e+00 0.00000000000000000e+00
-4.27630321089909068e-19 0.00000000000000000e+00
0.00000000000000000e+00 0.00000000000000000e+00
3.71551939431819271e-19 0.00000000000000000e+00
1.09865106910402523e-19 0.00000000000000000e+00
0.00000000000000000e+00 0.00000000000000000e+00
0.00000000000000000e+00 0.00000000000000000e+00
6.76683283960465552e-19 0.00000000000000000e+00
-8.95156470436609922e-19 0.00000000000000000e+00
0.00000000000000000e+00 0.00000000000000000e+00
2.24100726318972244e-19 0.00000000000000000e+00
0.00000000000000000e+00 0.00000000000000000e+00
0.00000000000000000e+00 0.00000000000000000e+00
4.25009679361624932e-19 0.00000000000000000e+00
1.58765284092978961e-18 0.00000000000000000e+00
0.00000000000000000e+00 0.00000000000000000e+00
0.00000000000000000e+00 0.00000000000000000e+00
-2.09678499382121787e-19 0.00000000000000000e+00
0.00000000000000000e+00 0.00000000000000000e+00
5.17458444856580931e-19 0.00000000000000000e+00
-9.62073500659997489e-20 0.00000000000000000e+00
0.00000000000000000e+00 0.00000000000000000e+00
1.09512141191589485e-20 0.00000000000000000e+00
0.00000000000000000e+00 0.00000000000000000e+00
0.00000000000000000e+00 0.00000000000000000e+00
-7.54830036557855436e-20 0.00000000000000000e+00
0.00000000000000000e+00 0.00000000000000000e+00
-3.39574708365613553e-19 0.00000000000000000e+00
-1.18542608261222179e-19 0.00000000000000000e+00
0.00000000000000000e+00 0.00000000000000000e+00
0.00000000000000000e+00 0.00000000000000000e+00
1.36126517044609173e-19 0.00000000000000000e+00
-4.68821467697164808e-19 0.00000000000000000e+00
0.00000000000000000e+00 0.00000000000000000e+00
-1.00392132778164610e-18 0.00000000000000000e+00
0.00000000000000000e+00 0.00000000000000000e+00
0.00000000000000000e+00 0.00000000000000000e+00
-6.87796214837549516e-20 0.00000000000000000e+00
0.00000000000000000e+00 0.00000000000000000e+00
-1.33281121182560278e-18 0.00000000000000000e+00
-2.32250239307626921e-18 0.00000000000000000e+00
0.00000000000000000e+00 0.00000000000000000e+00
6.92722849840024628e-19 0.00000000000000000e+00
0.00000000000000000e+00 0.00000000000000000e+00
0.00000000000000000e+00 0.00000000000000000e+00
-4.63610364996461046e-19 0.00000000000000000e+00
-5.82069172498158873e-19 0.00000000000000000e+00
0.00000000000000000e+00 0.00000000000000000e+00
0.00000000000000000e+00 0.00000000000000000e+00
2.45289879614026817e-19 0.00000000000000000e+00
0.00000000000000000e+00 0.00000000000000000e+00
2.25953935646569660e-19 0.00000000000000000e+00
-4.00502371097738238e-19 0.00000000000000000e+00
0.00000000000000000e+00 0.00000000000000000e+00
-7.87700717269203061e-19 0.00000000000000000e+00
0.00000000000000000e+00 0.00000000000000000e+00
0.00000000000000000e+00 0.00000000000000000e+00
-2.50177395108735656e-19 0.00000000000000000e+00
0.00000000000000000e+00 0.00000000000000000e+00
-5.41677786408011411e-19 0.00000000000000000e+00
-2.79505169604033713e-20 0.00000000000000000e+00
0.00000000000000000e+00 0.00000000000000000e+00
0.00000000000000000e+00 0.00000000000000000e+00
-5.15132824311430815e-19 0.00000000000000000e+00
1.01183209185383372e-18 0.00000000000000000e+00
0.00000000000000000e+00 0.00000000000000000e+00
5.44168152080954043e-19 0.00000000000000000e+00
0.00000000000000000e+00 0.00000000000000000e+00
0.00000000000000000e+00 0.00000000000000000e+00
-5.03503933880080588e-19 0.00000000000000000e+00
1.32510790441804005e-18 0.00000000000000000e+00
0.00000000000000000e+00 0.00000000000000000e+00
0.00000000000000000e+00 0.00000000000000000e+00
-3.63031560121483850e-19 0.00000000000000000e+00
0.00000000000000000e+00 0.00000000000000000e+00
2.71603342196547235e-19 0.00000000000000000e+00
-3.80798019798750740e-20 0.00000000000000000e+00
0.00000000000000000e+00 0.00000000000000000e+00
0.00000000000000000e+00 0.00000000000000000e+00
1.34088860633152251e-19 0.00000000000000000e+00
2.07325975396005149e-19 0.00000000000000000e+00
0.00000000000000000e+00 0.00000000000000000e+00
-3.00236747433492822e-19 0.00000000000000000e+00
0.00000000000000000e+00 0.00000000000000000e+00
0.00000000000000000e+00 0.00000000000000000e+00
-5.70593990356292446e-19 0.00000000000000000e+00
0.00000000000000000e+00 0.00000000000000000e+00
6.61077675627866038e-21 0.00000000000000000e+00
5.13699983688884946e-19 0.00000000000000000e+00
0.00000000000000000e+00 0.00000000000000000e+00
2.08276017666548454e-18 0.00000000000000000e+00
0.00000000000000000e+00 0.00000000000000000e+00
0.00000000000000000e+00 0.00000000000000000e+00
-8.56552563715864784e-19 0.00000000000000000e+00
-4.78675961196404667e-19 0.00000000000000000e+00
0.00000000000000000e+00 0.00000000000000000e+00
0.00000000000000000e+00 0.00000000000000000e+00
-6.91590522468079825e-19 0.00000000000000000e+00
0.00000000000000000e+00 0.00000000000000000e+00
-5.83500512683431843e-19 0.00000000000000000e+00
-1.08289267274585311e-19 0.00000000000000000e+00
0.00000000000000000e+00 0.00000000000000000e+00
0.00000000000000000e+00 0.00000000000000000e+00
-4.87136661023342216e-19 0.00000000000000000e+00
-1.13198490682655864e-18 0.00000000000000000e+00
0.00000000000000000e+00 0.00000000000000000e+00
-6.67866220724929571e-18 0.00000000000000000e+00
0.00000000000000000e+00 0.00000000000000000e+00
0.00000000000000000e+00 0.00000000000000000e+00
2.04035896310022422e-19 0.00000000000000000e+00
-3.17204715220450316e-18 0.00000000000000000e+00
0.00000000000000000e+00 0.00000000000000000e+00
0.00000000000000000e+00 0.00000000000000000e+00
-1.71711811000450729e-19 0.00000000000000000e+00
0.00000000000000000e+00 0.00000000000000000e+00
-2.52453655026727877e-19 0.00000000000000000e+00
-1.56132632185480477e-18 0.00000000000000000e+00
0.00000000000000000e+00 0.00000000000000000e+00
-2.04776728643392128e-18 0.00000000000000000e+00
0.00000000000000000e+00 0.00000000000000000e+00
0.00000000000000000e+00 0.00000000000000000e+00
4.54902839985845893e-19 0.00000000000000000e+00
0.00000000000000000e+00 0.00000000000000000e+00
5.35857563655534845e-19 0.00000000000000000e+00
2.30568579095883871e-19 0.00000000000000000e+00
0.00000000000000000e+00 0.00000000000000000e+00
0.00000000000000000e+00 0.00000000000000000e+00
2.40096128203823744e-19 0.00000000000000000e+00
1.36390721411016630e-18 0.00000000000000000e+00
0.00000000000000000e+00 0.00000000000000000e+00
-3.69685677688176903e-19 0.00000000000000000e+00
0.00000000000000000e+00 0.00000000000000000e+00
0.00000000000000000e+00 0.00000000000000000e+00
-3.45158918433841206e-19 0.00000000000000000e+00
-3.25766165007130502e-18 0.00000000000000000e+00
0.00000000000000000e+00 0.00000000000000000e+00
0.00000000000000000e+00 0.00000000000000000e+00
-7.10778844412525033e-20 0.00000000000000000e+00
0.00000000000000000e+00 0.00000000000000000e+00
2.83386001826459435e-19 0.00000000000000000e+00
-3.17610677312327995e-19 0.00000000000000000e+00
0.00000000000000000e+00 0.00000000000000000e+00
0.00000000000000000e+00 0.00000000000000000e+00
2.88281077307108115e-19 0.00000000000000000e+00
1.26571573874053606e-18 0.00000000000000000e+00
0.00000000000000000e+00 0.00000000000000000e+00
-7.10846690842062800e-19 0.00000000000000000e+00
0.00000000000000000e+00 0.00000000000000000e+00
0.00000000000000000e+00 0.00000000000000000e+00
-2.40258425220019249e-19 0.00000000000000000e+00
0.00000000000000000e+00 0.00000000000000000e+00
8.42163386297296285e-19 0.00000000000000000e+00
1.49226852713971647e-18 0.00000000000000000e+00
0.00000000000000000e+00 0.00000000000000000e+00
-1.73507720152321225e-19 0.00000000000000000e+00
0.00000000000000000e+00 0.00000000000000000e+00
0.00000000000000000e+00 0.00000000000000000e+00
2.40448439222215024e-19 0.00000000000000000e+00
-2.18701887512685159e-18 0.00000000000000000e+00
0.00000000000000000e+00 0.00000000000000000e+00
0.00000000000000000e+00 0.00000000000000000e+00
1.04129636908367845e-18 0.00000000000000000e+00
0.00000000000000000e+00 0.00000000000000000e+00
4.46739779475376295e-19 0.00000000000000000e+00
-5.80118795452556719e-19 0.00000000000000000e+00
0.00000000000000000e+00 0.00000000000000000e+00
-5.27385849977559715e-18 0.00000000000000000e+00
0.00000000000000000e+00 0.00000000000000000e+00
0.00000000000000000e+00 0.00000000000000000e+00
-1.30782144535144801e-19 0.00000000000000000e+00
0.00000000000000000e+00 0.00000000000000000e+00
-3.03491462797239420e-19 0.00000000000000000e+00
-4.58868283505085865e-19 0.00000000000000000e+00
0.00000000000000000e+00 0.00000000000000000e+00
0.00000000000000000e+00 0.00000000000000000e+00
9.07131709596571958e-20 0.00000000000000000e+00
1.00433286629124182e-18 0.00000000000000000e+00
0.00000000000000000e+00 0.00000000000000000e+00
8.24244750731673547e-20 0.00000000000000000e+00
0.00000000000000000e+00 0.00000000000000000e+00
0.00000000000000000e+00 0.00000000000000000e+00
-6.32282404654642971e-20 0.00000000000000000e+00
0.00000000000000000e+00 0.00000000000000000e+00
6.06784684237066817e-20 0.00000000000000000e+00
3.91589023619012496e-19 0.00000000000000000e+00
0.00000000000000000e+00 0.00000000000000000e+00
-1.42992610753090097e-19 0.00000000000000000e+00
0.00000000000000000e+00 0.00000000000000000e+00
0.00000000000000000e+00 0.00000000000000000e+00
5.23116417647063008e-20 0.00000000000000000e+00
-1.92147195879808698e-19 0.00000000000000000e+00
0.00000000000000000e+00 0.00000000000000000e+00
0.00000000000000000e+00 0.00000000000000000e+00
1.96097162911722491e-19 0.00000000000000000e+00
0.00000000000000000e+00 0.00000000000000000e+00
4.63458908715949494e-19 0.00000000000000000e+00
-6.22688699075948207e-19 0.00000000000000000e+00
0.00000000000000000e+00 0.00000000000000000e+00
0.00000000000000000e+00 0.00000000000000000e+00
-6.19736684448458725e-19 0.00000000000000000e+00
4.57519920930040689e-19 0.00000000000000000e+00
0.00000000000000000e+00 0.00000000000000000e+00
-4.26358127433487528e-19 0.00000000000000000e+00
0.00000000000000000e+00 0.00000000000000000e+00
0.00000000000000000e+00 0.00000000000000000e+00
-3.61572334723344342e-19 0.00000000000000000e+00
-9.15497910668924897e-19 0.00000000000000000e+00
0.00000000000000000e+00 0.00000000000000000e+00
0.00000000000000000e+00 0.00000000000000000e+00
5.46326419957758998e-19 0.00000000000000000e+00
0.00000000000000000e+00 0.00000000000000000e+00
-3.61606900158998746e-19 0.00000000000000000e+00
4.45159941027010741e-19 0.00000000000000000e+00
0.00000000000000000e+00 0.00000000000000000e+00
2.37754172610294945e-18 0.00000000000000000e+00
0.00000000000000000e+00 0.00000000000000000e+00
0.00000000000000000e+00 0.00000000000000000e+00
2.87500441566706608e-19 0.00000000000000000e+00
0.00000000000000000e+00 0.00000000000000000e+00
-1.51565987606734066e-20 0.00000000000000000e+00
4.12749084108657200e-20 0.00000000000000000e+00
0.00000000000000000e+00 0.00000000000000000e+00
0.00000000000000000e+00 0.00000000000000000e+00
-1.00919114292040671e-20 0.00000000000000000e+00
9.85817119827465529e-19 0.00000000000000000e+00
0.00000000000000000e+00 0.00000000000000000e+00
-1.15482869224039592e-18 0.00000000000000000e+00
0.00000000000000000e+00 0.00000000000000000e+00
0.00000000000000000e+00 0.00000000000000000e+00
-6.63969736953853812e-19 0.00000000000000000e+00
0.00000000000000000e+00 0.00000000000000000e+00
-2.35430131979859319e-18 0.00000000000000000e+00
-4.27875718156394178e-18 0.00000000000000000e+00
0.00000000000000000e+00 0.00000000000000000e+00
-3.75656442776750681e-18 0.00000000000000000e+00
0.00000000000000000e+00 0.00000000000000000e+00
0.00000000000000000e+00 0.00000000000000000e+00
-2.66634859050516668e-19 0.00000000000000000e+00
-3.15378711829533987e-18 0.00000000000000000e+00
0.00000000000000000e+00 0.00000000000000000e+00
0.00000000000000000e+00 0.00000000000000000e+00
4.85946447394511802e-19 0.00000000000000000e+00
0.00000000000000000e+00 0.00000000000000000e+00
4.61472438173471974e-19 0.00000000000000000e+00
1.13702413871736628e-18 0.00000000000000000e+00
0.00000000000000000e+00 0.00000000000000000e+00
-9.15395099620600123e-18 0.00000000000000000e+00
0.00000000000000000e+00 0.00000000000000000e+00
0.00000000000000000e+00 0.00000000000000000e+00
5.92975166746196900e-20 0.00000000000000000e+00
0.00000000000000000e+00 0.00000000000000000e+00
1.54205880825425551e-18 0.00000000000000000e+00
-2.17139567806074342e-18 0.00000000000000000e+00
0.00000000000000000e+00 0.00000000000000000e+00
0.00000000000000000e+00 0.00000000000000000e+00
-9.20861557094810429e-19 0.00000000000000000e+00
1.55571025385643507e-18 0.00000000000000000e+00
0.00000000000000000e+00 0.00000000000000000e+00
-1.54496124456638127e-18 0.00000000000000000e+00
0.00000000000000000e+00 0.00000000000000000e+00
0.00000000000000000e+00 0.00000000000000000e+00
1.13462785602905376e-19 0.00000000000000000e+00
-7.24227816966625631e-18 0.00000000000000000e+00
0.00000000000000000e+00 0.00000000000000000e+00
0.00000000000000000e+00 0.00000000000000000e+00
-3.23060540866574582e-19 0.00000000000000000e+00
0.00000000000000000e+00 0.00000000000000000e+00
1.89146135083557036e-20 0.00000000000000000e+00
-7.54501219406638947e-20 0.00000000000000000e+00
0.00000000000000000e+00 0.00000000000000000e+00
0.00000000000000000e+00 0.00000000000000000e+00
8.76956704528938805e-19 0.00000000000000000e+00
9.94427450571508276e-19 0.00000000000000000e+00
0.00000000000000000e+00 0.00000000000000000e+00
1.68196966587701757e-18 0.00000000000000000e+00
0.00000000000000000e+00 0.00000000000000000e+00
0.00000000000000000e+00 0.00000000000000000e+00
2.93623472516087996e-19 0.00000000000000000e+00
0.00000000000000000e+00 0.00000000000000000e+00
-2.64077328371854215e-19 0.00000000000000000e+00
8.20470327987431454e-19 0.00000000000000000e+00
0.00000000000000000e+00 0.00000000000000000e+00
1.99130051752747521e-18 0.00000000000000000e+00
0.00000000000000000e+00 0.00000000000000000e+00
0.00000000000000000e+00 0.00000000000000000e+00
1.85894230890403138e-19 0.00000000000000000e+00
-6.41658341868389065e-19 0.00000000000000000e+00
0.00000000000000000e+00 0.00000000000000000e+00
0.00000000000000000e+00 0.00000000000000000e+00
3.43863876527027309e-19 0.00000000000000000e+00
0.00000000000000000e+00 0.00000000000000000e+00
2.59169208895074773e-19 0.00000000000000000e+00
5.86465748396198193e-19 0.00000000000000000e+00
0.00000000000000000e+00 0.00000000000000000e+00
-5.50690752785746706e-18 0.00000000000000000e+00
0.00000000000000000e+00 0.00000000000000000e+00
0.00000000000000000e+00 0.00000000000000000e+00
1.02238140818447036e-19 0.00000000000000000e+00
0.00000000000000000e+00 0.00000000000000000e+00
4.08921112728312431e-19 0.00000000000000000e+00
3.17940616836974352e-19 0.00000000000000000e+00
0.00000000000000000e+00 0.00000000000000000e+00
0.00000000000000000e+00 0.00000000000000000e+00
5.34102945817105954e-19 0.00000000000000000e+00
8.94490470023029986e-19 0.00000000000000000e+00
0.00000000000000000e+00 0.00000000000000000e+00
-3.43496474930438212e-19 0.00000000000000000e+00
0.00000000000000000e+00 0.00000000000000000e+00
0.00000000000000000e+00 0.00000000000000000e+00
1.58064635082061929e-20 0.00000000000000000e+00
0.00000000000000000e+00 0.00000000000000000e+00
-7.41023913614481254e-19 0.00000000000000000e+00
-2.75530507603495717e-19 0.00000000000000000e+00
0.00000000000000000e+00 0.00000000000000000e+00
1.02126939803513058e-18 0.00000000000000000e+00
0.00000000000000000e+00 0.00000000000000000e+00
0.00000000000000000e+00 0.00000000000000000e+00
7.52082660950611337e-20 0.00000000000000000e+00
2.16650366735105359e-19 0.00000000000000000e+00
0.00000000000000000e+00 0.00000000000000000e+00
0.00000000000000000e+00 0.00000000000000000e+00
-1.62261717350402271e-20 0.00000000000000000e+00
0.00000000000000000e+00 0.00000000000000000e+00
-9.24958120028962882e-19 0.00000000000000000e+00
-2.48024644093345013e-19 0.00000000000000000e+00
0.00000000000000000e+00 0.00000000000000000e+00
0.00000000000000000e+00 0.00000000000000000e+00
2.00233524263743585e-18 0.00000000000000000e+00
1.12749902716955448e-18 0.00000000000000000e+00
0.00000000000000000e+00 0.00000000000000000e+00
4.94250718607910931e-19 0.00000000000000000e+00
0.00000000000000000e+00 0.00000000000000000e+00
0.00000000000000000e+00 0.00000000000000000e+00
3.27653982165048352e-19 0.00000000000000000e+00
2.32341715907457844e-19 0.00000000000000000e+00
0.00000000000000000e+00 0.00000000000000000e+00
0.00000000000000000e+00 0.00000000000000000e+00
-2.89716059889495314e-19 0.00000000000000000e+00
0.00000000000000000e+00 0.00000000000000000e+00
7.83963213672121275e-20 0.00000000000000000e+00
1.24029486782996182e-18 0.00000000000000000e+00
0.00000000000000000e+00 0.00000000000000000e+00
-2.96969116313534381e-18 0.00000000000000000e+00
0.00000000000000000e+00 0.00000000000000000e+00
0.00000000000000000e+00 0.00000000000000000e+00
4.38695230172099611e-20 0.00000000000000000e+00
0.00000000000000000e+00 0.00000000000000000e+00
2.39006175469238193e-19 0.00000000000000000e+00
1.01882472186520494e-19 0.00000000000000000e+00
0.00000000000000000e+00 0.00000000000000000e+00
0.00000000000000000e+00 0.00000000000000000e+00
5.83898613509511591e-19 0.00000000000000000e+00
1.03342309940551049e-18 0.00000000000000000e+00
0.00000000000000000e+00 0.00000000000000000e+00
5.12774260000692868e-19 0.00000000000000000e+00
0.00000000000000000e+00 0.00000000000000000e+00
0.00000000000000000e+00 0.00000000000000000e+00
3.51653585000626123e-19 0.00000000000000000e+00
-9.64684853656535500e-18 0.00000000000000000e+00
0.00000000000000000e+00 0.00000000000000000e+00
0.00000000000000000e+00 0.00000000000000000e+00
7.20004111924503414e-19 0.00000000000000000e+00
0.00000000000000000e+00 0.00000000000000000e+00
5.17621050644454100e-20 0.00000000000000000e+00
1.06911452715714237e-18 0.00000000000000000e+00
0.00000000000000000e+00 0.00000000000000000e+00
0.00000000000000000e+00 0.00000000000000000e+00
1.38208206532278881e-21 0.00000000000000000e+00
-5.30906748191965549e-19 0.00000000000000000e+00
0.00000000000000000e+00 0.00000000000000000e+00
1.42762945428968274e-19 0.00000000000000000e+00
0.00000000000000000e+00 0.00000000000000000e+00
0.00000000000000000e+00 0.00000000000000000e+00
2.97520802994164130e-19 0.00000000000000000e+00
0.00000000000000000e+00 0.00000000000000000e+00
6.42246678301158148e-19 0.00000000000000000e+00
-2.52357774730331539e-20 0.00000000000000000e+00
0.00000000000000000e+00 0.00000000000000000e+00
3.86831483042878456e-19 0.00000000000000000e+00
0.00000000000000000e+00 0.00000000000000000e+00
0.00000000000000000e+00 0.00000000000000000e+00
2.11508324434933917e-19 0.00000000000000000e+00
-2.27882398142664900e-18 0.00000000000000000e+00
0.00000000000000000e+00 0.00000000000000000e+00
0.00000000000000000e+00 0.00000000000000000e+00
-3.10342795831370799e-19 0.00000000000000000e+00
0.00000000000000000e+00 0.00000000000000000e+00
2.39742364810411502e-19 0.00000000000000000e+00
5.15731663203820801e-19 0.00000000000000000e+00
0.00000000000000000e+00 0.00000000000000000e+00
0.00000000000000000e+00 0.00000000000000000e+00
8.30622237807745406e-19 0.00000000000000000e+00
-2.04755971925022213e-18 0.00000000000000000e+00
0.00000000000000000e+00 0.00000000000000000e+00
1.64928690677720555e-19 0.00000000000000000e+00
0.00000000000000000e+00 0.00000000000000000e+00
0.00000000000000000e+00 0.00000000000000000e+00
-4.84638393756241103e-19 0.00000000000000000e+00
1.33944858571309115e-18 0.00000000000000000e+00
0.00000000000000000e+00 0.00000000000000000e+00
0.00000000000000000e+00 0.00000000000000000e+00
-9.41895424684665546e-20 0.00000000000000000e+00
0.00000000000000000e+00 0.00000000000000000e+00
3.99746462460301330e-19 0.00000000000000000e+00
-1.94150779813263457e-19 0.00000000000000000e+00
0.00000000000000000e+00 0.00000000000000000e+00
7.45292702757132761e-19 0.00000000000000000e+00
0.00000000000000000e+00 0.00000000000000000e+00
0.00000000000000000e+00 0.00000000000000000e+00
-6.35443686986049471e-19 0.00000000000000000e+00
0.00000000000000000e+00 0.00000000000000000e+00
7.21101839409582023e-19 0.00000000000000000e+00
-6.07985450163376345e-19 0.00000000000000000e+00
0.00000000000000000e+00 0.00000000000000000e+00
0.00000000000000000e+00 0.00000000000000000e+00
5.39497977428315083e-20 0.00000000000000000e+00
6.31716872201823435e-19 0.00000000000000000e+00
0.00000000000000000e+00 0.00000000000000000e+00
1.69928526112929641e-18 0.00000000000000000e+00
0.00000000000000000e+00 0.00000000000000000e+00
0.00000000000000000e+00 0.00000000000000000e+00
-1.74178373742518035e-19 0.00000000000000000e+00
0.00000000000000000e+00 0.00000000000000000e+00
1.71668052962143634e-18 0.00000000000000000e+00
3.66915529445267984e-18 0.00000000000000000e+00
0.00000000000000000e+00 0.00000000000000000e+00
3.19478853458252422e-18 0.00000000000000000e+00
0.00000000000000000e+00 0.00000000000000000e+00
0.00000000000000000e+00 0.00000000000000000e+00
1.19895189285005484e-18 0.00000000000000000e+00
-6.28276036094478464e-19 0.00000000000000000e+00
0.00000000000000000e+00 0.00000000000000000e+00
0.00000000000000000e+00 0.00000000000000000e+00
-1.21496858652667383e-20 0.00000000000000000e+00
0.00000000000000000e+00 0.00000000000000000e+00
7.20702066841192658e-19 0.00000000000000000e+00
2.48169844794180894e-18 0.00000000000000000e+00
0.00000000000000000e+00 0.00000000000000000e+00
-2.44440620483130243e-18 0.00000000000000000e+00
0.00000000000000000e+00 0.00000000000000000e+00
0.00000000000000000e+00 0.00000000000000000e+00
1.13000115075113909e-20 0.00000000000000000e+00
0.00000000000000000e+00 0.00000000000000000e+00
1.61900438082986659e-19 0.00000000000000000e+00
2.35700185741489875e-19 0.00000000000000000e+00
0.00000000000000000e+00 0.00000000000000000e+00
0.00000000000000000e+00 0.00000000000000000e+00
-9.06139529690354531e-19 0.00000000000000000e+00
-3.59733357649726739e-19 0.00000000000000000e+00
0.00000000000000000e+00 0.00000000000000000e+00
-1.36363296556472454e-18 0.00000000000000000e+00
0.00000000000000000e+00 0.00000000000000000e+00
0.00000000000000000e+00 0.00000000000000000e+00
9.82667922495085901e-19 0.00000000000000000e+00
2.93504062041004844e-18 0.00000000000000000e+00
0.00000000000000000e+00 0.00000000000000000e+00
0.00000000000000000e+00 0.00000000000000000e+00
-1.90840204740303922e-19 0.00000000000000000e+00
0.00000000000000000e+00 0.00000000000000000e+00
4.13752850150422591e-19 0.00000000000000000e+00
2.18091257531089639e-18 0.00000000000000000e+00
0.00000000000000000e+00 0.00000000000000000e+00
0.00000000000000000e+00 0.00000000000000000e+00
-7.98877021583889185e-19 0.00000000000000000e+00
1.13884015366539658e-18 0.00000000000000000e+00
0.00000000000000000e+00 0.00000000000000000e+00
-3.25101303588465028e-19 0.00000000000000000e+00
0.00000000000000000e+00 0.00000000000000000e+00
0.00000000000000000e+00 0.00000000000000000e+00
-7.08257846938412980e-20 0.00000000000000000e+00
0.00000000000000000e+00 0.00000000000000000e+00
6.05008262414720523e-19 0.00000000000000000e+00
-2.63454294165279911e-19 0.00000000000000000e+00
0.00000000000000000e+00 0.00000000000000000e+00
1.82048554930260115e-18 0.00000000000000000e+00
0.00000000000000000e+00 0.00000000000000000e+00
0.00000000000000000e+00 0.00000000000000000e+00
3.00404732007260215e-19 0.00000000000000000e+00
-1.11199413004364374e-18 0.00000000000000000e+00
0.00000000000000000e+00 0.00000000000000000e+00
0.00000000000000000e+00 0.00000000000000000e+00
-1.00742553230409736e-19 0.00000000000000000e+00
0.00000000000000000e+00 0.00000000000000000e+00
7.64769947368051352e-19 0.00000000000000000e+00
7.51054386042523195e-20 0.00000000000000000e+00
0.00000000000000000e+00 0.00000000000000000e+00
0.00000000000000000e+00 0.00000000000000000e+00
-2.48563311937657528e-18 0.00000000000000000e+00
-7.36224096599600202e-18 0.00000000000000000e+00
0.00000000000000000e+00 0.00000000000000000e+00
-1.08450792855071123e-17 0.00000000000000000e+00
0.00000000000000000e+00 0.00000000000000000e+00
0.00000000000000000e+00 0.00000000000000000e+00
1.79230136073021602e-19 0.00000000000000000e+00
1.81627445571822431e-18 0.00000000000000000e+00
0.00000000000000000e+00 0.00000000000000000e+00
0.00000000000000000e+00 0.00000000000000000e+00
2.69215805302053610e-19 0.00000000000000000e+00
0.00000000000000000e+00 0.00000000000000000e+00
5.31560326668309081e-19 0.00000000000000000e+00
-6.55280936126655328e-19 0.00000000000000000e+00
0.00000000000000000e+00 0.00000000000000000e+00
-2.43014535527065797e-18 0.00000000000000000e+00
0.00000000000000000e+00 0.00000000000000000e+00
0.00000000000000000e+00 0.00000000000000000e+00
-1.27269691959645086e-20 0.00000000000000000e+00
0.00000000000000000e+00 0.00000000000000000e+00
-5.28519506143363051e-19 0.00000000000000000e+00
3.22583696420403719e-19 0.00000000000000000e+00
0.00000000000000000e+00 0.00000000000000000e+00
0.00000000000000000e+00 0.00000000000000000e+00
-6.14834629188090030e-19 0.00000000000000000e+00
2.85296726513573876e-19 0.00000000000000000e+00
0.00000000000000000e+00 0.00000000000000000e+00
3.59205623843566440e-19 0.00000000000000000e+00
0.00000000000000000e+00 0.00000000000000000e+00
0.00000000000000000e+00 0.00000000000000000e+00
1.12450466273168136e-18 0.00000000000000000e+00
-1.20400058274427668e-17 0.00000000000000000e+00
0.00000000000000000e+00 0.00000000000000000e+00
0.00000000000000000e+00 0.00000000000000000e+00
-2.94988442342755739e-19 0.00000000000000000e+00
0.00000000000000000e+00 0.00000000000000000e+00
2.02368396743901345e-20 0.00000000000000000e+00
1.42433136210570253e-19 0.00000000000000000e+00
0.00000000000000000e+00 0.00000000000000000e+00
0.00000000000000000e+00 0.00000000000000000e+00
-2.86418431588248813e-19 0.00000000000000000e+00
-4.45150777625739434e-19 0.00000000000000000e+00
0.00000000000000000e+00 0.00000000000000000e+00
8.66902609605678103e-19 0.00000000000000000e+00
0.00000000000000000e+00 0.00000000000000000e+00
0.00000000000000000e+00 0.00000000000000000e+00
-1.65139655391664819e-19 0.00000000000000000e+00
0.00000000000000000e+00 0.00000000000000000e+00
-1.19217749973542875e-18 0.00000000000000000e+00
1.08879045595269984e-18 0.00000000000000000e+00
0.00000000000000000e+00 0.00000000000000000e+00
2.53910684109872778e-18 0.00000000000000000e+00
0.00000000000000000e+00 0.00000000000000000e+00
0.00000000000000000e+00 0.00000000000000000e+00
2.71181096476544231e-20 0.00000000000000000e+00
-7.68700624943709193e-19 0.00000000000000000e+00
0.00000000000000000e+00 0.00000000000000000e+00
0.00000000000000000e+00 0.00000000000000000e+00
1.82483304789650499e-19 0.00000000000000000e+00
0.00000000000000000e+00 0.00000000000000000e+00
8.56608483434090397e-19 0.00000000000000000e+00
6.25901676652631210e-19 0.00000000000000000e+00
0.00000000000000000e+00 0.00000000000000000e+00
-4.20801519204052590e-18 0.00000000000000000e+00
0.00000000000000000e+00 0.00000000000000000e+00
0.00000000000000000e+00 0.00000000000000000e+00
-2.01848451384515676e-19 0.00000000000000000e+00
0.00000000000000000e+00 0.00000000000000000e+00
7.51531361324572392e-21 0.00000000000000000e+00
-8.59855564739974679e-20 0.00000000000000000e+00
0.00000000000000000e+00 0.00000000000000000e+00
0.00000000000000000e+00 0.00000000000000000e+00
-1.78366427277153205e-19 0.00000000000000000e+00
-2.59702005384518539e-19 0.00000000000000000e+00
0.00000000000000000e+00 0.00000000000000000e+00
-4.02780077768072662e-19 0.00000000000000000e+00
0.00000000000000000e+00 0.00000000000000000e+00
0.00000000000000000e+00 0.00000000000000000e+00
1.71148460988099854e-19 0.00000000000000000e+00
0.00000000000000000e+00 0.00000000000000000e+00
1.22037528993769419e-18 0.00000000000000000e+00
1.81612562574571306e-18 0.00000000000000000e+00
0.00000000000000000e+00 0.00000000000000000e+00
-1.53814230424885233e-18 0.00000000000000000e+00
0.00000000000000000e+00 0.00000000000000000e+00
0.00000000000000000e+00 0.00000000000000000e+00
4.39455699199425464e-19 0.00000000000000000e+00
3.35551060373438306e-19 0.00000000000000000e+00
0.00000000000000000e+00 0.00000000000000000e+00
0.00000000000000000e+00 0.00000000000000000e+00
-8.67647335459423208e-20 0.00000000000000000e+00
0.00000000000000000e+00 0.00000000000000000e+00
4.50882261203398320e-20 0.00000000000000000e+00
5.04913625926863510e-19 0.00000000000000000e+00
0.00000000000000000e+00 0.00000000000000000e+00
0.00000000000000000e+00 0.00000000000000000e+00
-3.80397324087920485e-19 0.00000000000000000e+00
-5.85463191532205651e-19 0.00000000000000000e+00
0.00000000000000000e+00 0.00000000000000000e+00
-5.28423657326599917e-19 0.00000000000000000e+00
0.00000000000000000e+00 0.00000000000000000e+00
0.00000000000000000e+00 0.00000000000000000e+00
-2.40331390739142412e-20 0.00000000000000000e+00
1.22466984558320755e-18 0.00000000000000000e+00
0.00000000000000000e+00 0.00000000000000000e+00
0.00000000000000000e+00 0.00000000000000000e+00
8.75866852191435861e-20 0.00000000000000000e+00
0.00000000000000000e+00 0.00000000000000000e+00
-2.19270930364611695e-19 0.00000000000000000e+00
4.68105183542538972e-19 0.00000000000000000e+00
0.00000000000000000e+00 0.00000000000000000e+00
-4.69926778801327498e-18 0.00000000000000000e+00
0.00000000000000000e+00 0.00000000000000000e+00
0.00000000000000000e+00 0.00000000000000000e+00
6.61020483176520159e-19 0.00000000000000000e+00
0.00000000000000000e+00 0.00000000000000000e+00
2.52758875003427832e-19 0.00000000000000000e+00
-1.40740996233850951e-18 0.00000000000000000e+00
0.00000000000000000e+00 0.00000000000000000e+00
0.00000000000000000e+00 0.00000000000000000e+00
-3.13005194975502915e-19 0.00000000000000000e+00
-3.00277111210039660e-19 0.00000000000000000e+00
0.00000000000000000e+00 0.00000000000000000e+00
9.81029007359120371e-19 0.00000000000000000e+00
0.00000000000000000e+00 0.00000000000000000e+00
0.00000000000000000e+00 0.00000000000000000e+00
-7.71549932146095388e-19 0.00000000000000000e+00
-7.43810374393212643e-18 0.00000000000000000e+00
0.00000000000000000e+00 0.00000000000000000e+00
0.00000000000000000e+00 0.00000000000000000e+00
-2.60454465892686399e-19 0.00000000000000000e+00
0.00000000000000000e+00 0.00000000000000000e+00
-2.63374946112139415e-19 0.00000000000000000e+00
-2.07471993445384613e-19 0.00000000000000000e+00
0.00000000000000000e+00 0.00000000000000000e+00
0.00000000000000000e+00 0.00000000000000000e+00
7.16275598932745771e-19 0.00000000000000000e+00
5.38955584788072543e-19 0.00000000000000000e+00
0.00000000000000000e+00 0.00000000000000000e+00
-6.28851839870782223e-19 0.00000000000000000e+00
0.00000000000000000e+00 0.00000000000000000e+00
0.00000000000000000e+00 0.00000000000000000e+00
7.63240234592504213e-19 0.00000000000000000e+00
0.00000000000000000e+00 0.00000000000000000e+00
4.35646443318089700e-19 0.00000000000000000e+00
-1.73700288053395263e-19 0.00000000000000000e+00
0.00000000000000000e+00 0.00000000000000000e+00
1.77779796774926857e-18 0.00000000000000000e+00
0.00000000000000000e+00 0.00000000000000000e+00
0.00000000000000000e+00 0.00000000000000000e+00
3.29316925180093913e-19 0.00000000000000000e+00
-4.30184005173469481e-20 0.00000000000000000e+00
0.00000000000000000e+00 0.00000000000000000e+00
0.00000000000000000e+00 0.00000000000000000e+00
5.71964351924802382e-20 0.00000000000000000e+00
0.00000000000000000e+00 0.00000000000000000e+00
-4.67761815297592632e-19 0.00000000000000000e+00
1.51913990682793401e-19 0.00000000000000000e+00
0.00000000000000000e+00 0.00000000000000000e+00
0.00000000000000000e+00 0.00000000000000000e+00
8.45897184624272751e-19 0.00000000000000000e+00
1.79789487844949410e-18 0.00000000000000000e+00
0.00000000000000000e+00 0.00000000000000000e+00
-3.21902240958686339e-18 0.00000000000000000e+00
0.00000000000000000e+00 0.00000000000000000e+00
0.00000000000000000e+00 0.00000000000000000e+00
1.06995776557732307e-19 0.00000000000000000e+00
3.81679348278199108e-18 0.00000000000000000e+00
0.00000000000000000e+00 0.00000000000000000e+00
0.00000000000000000e+00 0.00000000000000000e+00
1.08567983810456874e-19 0.00000000000000000e+00
0.00000000000000000e+00 0.00000000000000000e+00
5.13738455759985359e-19 0.00000000000000000e+00
-3.98019937828451139e-19 0.00000000000000000e+00
0.00000000000000000e+00 0.00000000000000000e+00
2.71959259825032268e-18 0.00000000000000000e+00
0.00000000000000000e+00 0.00000000000000000e+00
0.00000000000000000e+00 0.00000000000000000e+00
3.38748023854054157e-19 0.00000000000000000e+00
0.00000000000000000e+00 0.00000000000000000e+00
5.30457377812436459e-19 0.00000000000000000e+00
1.17215085915331275e-18 0.00000000000000000e+00
0.00000000000000000e+00 0.00000000000000000e+00
0.00000000000000000e+00 0.00000000000000000e+00
-3.50940373934793489e-20 0.00000000000000000e+00
-6.65459937713975201e-19 0.00000000000000000e+00
0.00000000000000000e+00 0.00000000000000000e+00
2.01415847789804710e-18 0.00000000000000000e+00
0.00000000000000000e+00 0.00000000000000000e+00
0.00000000000000000e+00 0.00000000000000000e+00
-4.94565023130646079e-19 0.00000000000000000e+00
0.00000000000000000e+00 0.00000000000000000e+00
-4.01998874945321625e-19 0.00000000000000000e+00
-2.54627978320077230e-18 0.00000000000000000e+00
0.00000000000000000e+00 0.00000000000000000e+00
8.54418832613682140e-19 0.00000000000000000e+00
0.00000000000000000e+00 0.00000000000000000e+00
0.00000000000000000e+00 0.00000000000000000e+00
-4.71540765034459516e-20 0.00000000000000000e+00
-1.31198349470015029e-18 0.00000000000000000e+00
0.00000000000000000e+00 0.00000000000000000e+00
0.00000000000000000e+00 0.00000000000000000e+00
-9.48171559015565372e-20 0.00000000000000000e+00
0.00000000000000000e+00 0.00000000000000000e+00
-1.80832571039485286e-19 0.00000000000000000e+00
1.26886199438001274e-19 0.00000000000000000e+00
0.00000000000000000e+00 0.00000000000000000e+00
6.49279262797385546e-20 0.00000000000000000e+00
0.00000000000000000e+00 0.00000000000000000e+00
0.00000000000000000e+00 0.00000000000000000e+00
1.08685560955053080e-19 0.00000000000000000e+00
0.00000000000000000e+00 0.00000000000000000e+00
-6.61417050886244958e-21 0.00000000000000000e+00
7.49715407640038767e-19 0.00000000000000000e+00
0.00000000000000000e+00 0.00000000000000000e+00
0.00000000000000000e+00 0.00000000000000000e+00
-4.53220933263448132e-19 0.00000000000000000e+00
1.53867104776517946e-18 0.00000000000000000e+00
0.00000000000000000e+00 0.00000000000000000e+00
-1.82055794262269631e-19 0.00000000000000000e+00
0.00000000000000000e+00 0.00000000000000000e+00
0.00000000000000000e+00 0.00000000000000000e+00
-9.55641682793484152e-19 0.00000000000000000e+00
1.10376732745106361e-18 0.00000000000000000e+00
0.00000000000000000e+00 0.00000000000000000e+00
0.00000000000000000e+00 0.00000000000000000e+00
1.73562436951791194e-19 0.00000000000000000e+00
0.00000000000000000e+00 0.00000000000000000e+00
-3.23139705841642858e-19 0.00000000000000000e+00
-7.00837111225509802e-20 0.00000000000000000e+00
0.00000000000000000e+00 0.00000000000000000e+00
0.00000000000000000e+00 0.00000000000000000e+00
1.27847063862728428e-18 0.00000000000000000e+00
2.00050881334314834e-19 0.00000000000000000e+00
0.00000000000000000e+00 0.00000000000000000e+00
2.33515798802049099e-18 0.00000000000000000e+00
0.00000000000000000e+00 0.00000000000000000e+00
0.00000000000000000e+00 0.00000000000000000e+00
-1.05476465925907538e-18 0.00000000000000000e+00
0.00000000000000000e+00 0.00000000000000000e+00
-5.50653552573412833e-19 0.00000000000000000e+00
3.54268009229006255e-19 0.00000000000000000e+00
0.00000000000000000e+00 0.00000000000000000e+00
-2.27594462538096025e-19 0.00000000000000000e+00
0.00000000000000000e+00 0.00000000000000000e+00
0.00000000000000000e+00 0.00000000000000000e+00
2.67188597803403444e-19 0.00000000000000000e+00
-6.15412565798834524e-18 0.00000000000000000e+00
0.00000000000000000e+00 0.00000000000000000e+00
0.00000000000000000e+00 0.00000000000000000e+00
6.07575746309585946e-19 0.00000000000000000e+00
0.00000000000000000e+00 0.00000000000000000e+00
1.26425419511833542e-18 0.00000000000000000e+00
4.12420776913736116e-19 0.00000000000000000e+00
0.00000000000000000e+00 0.00000000000000000e+00
-1.30032866179696098e-17 0.00000000000000000e+00
0.00000000000000000e+00 0.00000000000000000e+00
0.00000000000000000e+00 0.00000000000000000e+00
-6.64029686485595933e-20 0.00000000000000000e+00
0.00000000000000000e+00 0.00000000000000000e+00
-3.29914525885064890e-19 0.00000000000000000e+00
-9.77797188891130818e-19 0.00000000000000000e+00
0.00000000000000000e+00 0.00000000000000000e+00
0.00000000000000000e+00 0.00000000000000000e+00
-6.44593324016663856e-19 0.00000000000000000e+00
-1.32010025830286087e-18 0.00000000000000000e+00
0.00000000000000000e+00 0.00000000000000000e+00
-1.14893960298779403e-18 0.00000000000000000e+00
0.00000000000000000e+00 0.00000000000000000e+00
0.00000000000000000e+00 0.00000000000000000e+00
1.27272522609564245e-19 0.00000000000000000e+00
0.00000000000000000e+00 0.00000000000000000e+00
-1.20871204246668390e-18 0.00000000000000000e+00
-1.44691963664036183e-18 0.00000000000000000e+00
0.00000000000000000e+00 0.00000000000000000e+00
-2.92505424461559507e-19 0.00000000000000000e+00
0.00000000000000000e+00 0.00000000000000000e+00
0.00000000000000000e+00 0.00000000000000000e+00
2.51778021569417585e-19 0.00000000000000000e+00
1.25326190879014494e-20 0.00000000000000000e+00
0.00000000000000000e+00 0.00000000000000000e+00
0.00000000000000000e+00 0.00000000000000000e+00
-2.88203995500582539e-20 0.00000000000000000e+00
0.00000000000000000e+00 0.00000000000000000e+00
3.74141998407458692e-19 0.00000000000000000e+00
7.32252524305381716e-19 0.00000000000000000e+00
0.00000000000000000e+00 0.00000000000000000e+00
0.00000000000000000e+00 0.00000000000000000e+00
-2.15373180087604165e-18 0.00000000000000000e+00
-2.03181354851049812e-18 0.00000000000000000e+00
0.00000000000000000e+00 0.00000000000000000e+00
-4.64406027618683359e-19 0.00000000000000000e+00
0.00000000000000000e+00 0.00000000000000000e+00
0.00000000000000000e+00 0.00000000000000000e+00
6.78878378565190891e-20 0.00000000000000000e+00
-2.52397030442411791e-18 0.00000000000000000e+00
0.00000000000000000e+00 0.00000000000000000e+00
0.00000000000000000e+00 0.00000000000000000e+00
3.69122364787073758e-19 0.00000000000000000e+00
0.00000000000000000e+00 0.00000000000000000e+00
-2.14062039956700692e-20 0.00000000000000000e+00
-3.02127211629431217e-19 0.00000000000000000e+00
0.00000000000000000e+00 0.00000000000000000e+00
-1.24595171745832672e-18 0.00000000000000000e+00
0.00000000000000000e+00 0.00000000000000000e+00
0.00000000000000000e+00 0.00000000000000000e+00
-1.97337194252508201e-19 0.00000000000000000e+00
0.00000000000000000e+00 0.00000000000000000e+00
-6.88919745928824104e-20 0.00000000000000000e+00
-1.18806156292704593e-18 0.00000000000000000e+00
0.00000000000000000e+00 0.00000000000000000e+00
0.00000000000000000e+00 0.00000000000000000e+00
-7.44624238972294332e-20 0.00000000000000000e+00
-1.97241197777953436e-19 0.00000000000000000e+00
0.00000000000000000e+00 0.00000000000000000e+00
-5.12150093438925152e-19 0.00000000000000000e+00
0.00000000000000000e+00 0.00000000000000000e+00
0.00000000000000000e+00 0.00000000000000000e+00
1.60422651945619585e-19 0.00000000000000000e+00
0.00000000000000000e+00 0.00000000000000000e+00
2.84731790251244485e-18 0.00000000000000000e+00
-1.70387000510853404e-18 0.00000000000000000e+00
0.00000000000000000e+00 0.00000000000000000e+00
-3.62839252865477880e-19 0.00000000000000000e+00
0.00000000000000000e+00 0.00000000000000000e+00
0.00000000000000000e+00 0.00000000000000000e+00
7.36381028288061931e-21 0.00000000000000000e+00
9.43356020189102627e-19 0.00000000000000000e+00
0.00000000000000000e+00 0.00000000000000000e+00
0.00000000000000000e+00 0.00000000000000000e+00
3.51582957753153897e-19 0.00000000000000000e+00
0.00000000000000000e+00 0.00000000000000000e+00
-2.69168972081900368e-19 0.00000000000000000e+00
2.46122889371780875e-19 0.00000000000000000e+00
0.00000000000000000e+00 0.00000000000000000e+00
2.88291013034381325e-18 0.00000000000000000e+00
0.00000000000000000e+00 0.00000000000000000e+00
0.00000000000000000e+00 0.00000000000000000e+00
6.90002002583654350e-19 0.00000000000000000e+00
0.00000000000000000e+00 0.00000000000000000e+00
8.43436467313485050e-20 0.00000000000000000e+00
-8.43934117480658926e-19 0.00000000000000000e+00
0.00000000000000000e+00 0.00000000000000000e+00
0.00000000000000000e+00 0.00000000000000000e+00
-2.54406558170992399e-20 0.00000000000000000e+00
-7.73606774901606410e-19 0.00000000000000000e+00
0.00000000000000000e+00 0.00000000000000000e+00
-7.35945298913320649e-19 0.00000000000000000e+00
0.00000000000000000e+00 0.00000000000000000e+00
0.00000000000000000e+00 0.00000000000000000e+00
3.67485823841758891e-19 0.00000000000000000e+00
9.99726854990953689e-19 0.00000000000000000e+00
0.00000000000000000e+00 0.00000000000000000e+00
0.00000000000000000e+00 0.00000000000000000e+00
8.50427815206567723e-19 0.00000000000000000e+00
0.00000000000000000e+00 0.00000000000000000e+00
-3.36508271832124478e-19 0.00000000000000000e+00
-4.66086126413703649e-19 0.00000000000000000e+00
0.00000000000000000e+00 0.00000000000000000e+00
0.00000000000000000e+00 0.00000000000000000e+00
-1.11736798168286317e-19 0.00000000000000000e+00
-1.07943798966388503e-19 0.00000000000000000e+00
0.00000000000000000e+00 0.00000000000000000e+00
1.37465794467658458e-18 0.00000000000000000e+00
0.00000000000000000e+00 0.00000000000000000e+00
0.00000000000000000e+00 0.00000000000000000e+00
-4.59012730455843634e-19 0.00000000000000000e+00
0.00000000000000000e+00 0.00000000000000000e+00
3.77680565783413745e-19 0.00000000000000000e+00
1.55930952024272265e-18 0.00000000000000000e+00
0.00000000000000000e+00 0.00000000000000000e+00
1.58932386890935920e-18 0.00000000000000000e+00
0.00000000000000000e+00 0.00000000000000000e+00
0.00000000000000000e+00 0.00000000000000000e+00
-7.23754857257678083e-19 0.00000000000000000e+00
1.16578478360718105e-19 0.00000000000000000e+00
0.00000000000000000e+00 0.00000000000000000e+00
0.00000000000000000e+00 0.00000000000000000e+00
4.37085031814972134e-19 0.00000000000000000e+00
0.00000000000000000e+00 0.00000000000000000e+00
6.10538650203844251e-19 0.00000000000000000e+00
-8.05203847161309779e-20 0.00000000000000000e+00
0.00000000000000000e+00 0.00000000000000000e+00
0.00000000000000000e+00 0.00000000000000000e+00
5.34089266655280249e-19 0.00000000000000000e+00
8.22201104025935998e-19 0.00000000000000000e+00
0.00000000000000000e+00 0.00000000000000000e+00
-3.68035187423752768e-18 0.00000000000000000e+00
0.00000000000000000e+00 0.00000000000000000e+00
0.00000000000000000e+00 0.00000000000000000e+00
2.53894689846964275e-19 0.00000000000000000e+00
8.25662422493900107e-20 0.00000000000000000e+00
0.00000000000000000e+00 0.00000000000000000e+00
0.00000000000000000e+00 0.00000000000000000e+00
-8.40579072563164509e-19 0.00000000000000000e+00
0.00000000000000000e+00 0.00000000000000000e+00
5.41802414165522487e-19 0.00000000000000000e+00
-4.44291120014289124e-19 0.00000000000000000e+00
0.00000000000000000e+00 0.00000000000000000e+00
-3.67469812139881890e-18 0.00000000000000000e+00
0.00000000000000000e+00 0.00000000000000000e+00
0.00000000000000000e+00 0.00000000000000000e+00
1.78351543187615120e-19 0.00000000000000000e+00
0.00000000000000000e+00 0.00000000000000000e+00
-5.76213066415042661e-19 0.00000000000000000e+00
1.70062379478201714e-18 0.00000000000000000e+00
0.00000000000000000e+00 0.00000000000000000e+00
0.00000000000000000e+00 0.00000000000000000e+00
6.39376412818897003e-19 0.00000000000000000e+00
-1.18674249995836300e-18 0.00000000000000000e+00
0.00000000000000000e+00 0.00000000000000000e+00
-9.46833890981663336e-19 0.00000000000000000e+00
0.00000000000000000e+00 0.00000000000000000e+00
0.00000000000000000e+00 0.00000000000000000e+00
-4.14061129948190342e-19 0.00000000000000000e+00
3.30758606568637597e-18 0.00000000000000000e+00
0.00000000000000000e+00 0.00000000000000000e+00
0.00000000000000000e+00 0.00000000000000000e+00
5.92149310060279722e-19 0.00000000000000000e+00
0.00000000000000000e+00 0.00000000000000000e+00
-7.71035472666056958e-19 0.00000000000000000e+00
1.06392785623727872e-18 0.00000000000000000e+00
0.00000000000000000e+00 0.00000000000000000e+00
0.00000000000000000e+00 0.00000000000000000e+00
1.52957691247408432e-18 0.00000000000000000e+00
-5.62544992832261209e-19 0.00000000000000000e+00
0.00000000000000000e+00 0.00000000000000000e+00
1.85714490182149435e-18 0.00000000000000000e+00
0.00000000000000000e+00 0.00000000000000000e+00
0.00000000000000000e+00 0.00000000000000000e+00
-8.37272474331865146e-19 0.00000000000000000e+00
0.00000000000000000e+00 0.00000000000000000e+00
-1.14615738835677187e-18 0.00000000000000000e+00
9.16145512694624531e-19 0.00000000000000000e+00
0.00000000000000000e+00 0.00000000000000000e+00
8.05704579015466787e-19 0.00000000000000000e+00
0.00000000000000000e+00 0.00000000000000000e+00
0.00000000000000000e+00 0.00000000000000000e+00
6.67402139684667929e-19 0.00000000000000000e+00
-2.17932703805626924e-19 0.00000000000000000e+00
0.00000000000000000e+00 0.00000000000000000e+00
0.00000000000000000e+00 0.00000000000000000e+00
2.19444335832349160e-19 0.00000000000000000e+00
0.00000000000000000e+00 0.00000000000000000e+00
2.97406277698917616e-19 0.00000000000000000e+00
-7.90464948077677978e-19 0.00000000000000000e+00
0.00000000000000000e+00 0.00000000000000000e+00
-6.39985885018970899e-18 0.00000000000000000e+00
0.00000000000000000e+00 0.00000000000000000e+00
0.00000000000000000e+00 0.00000000000000000e+00
-5.33877601811235656e-19 0.00000000000000000e+00
0.00000000000000000e+00 0.00000000000000000e+00
1.08644849860890645e-19 0.00000000000000000e+00
-6.30591945850355597e-19 0.00000000000000000e+00
0.00000000000000000e+00 0.00000000000000000e+00
0.00000000000000000e+00 0.00000000000000000e+00
3.02117614048518719e-20 0.00000000000000000e+00
2.33957997649769101e-20 0.00000000000000000e+00
0.00000000000000000e+00 0.00000000000000000e+00
-1.40804055339473004e-18 0.00000000000000000e+00
0.00000000000000000e+00 0.00000000000000000e+00
0.00000000000000000e+00 0.00000000000000000e+00
-9.96151804274351472e-20 0.00000000000000000e+00
0.00000000000000000e+00 0.00000000000000000e+00
-4.18793839695722764e-19 0.00000000000000000e+00
-1.21648461150882707e-18 0.00000000000000000e+00
0.00000000000000000e+00 0.00000000000000000e+00
1.46731537078500071e-18 0.00000000000000000e+00
0.00000000000000000e+00 0.00000000000000000e+00
0.00000000000000000e+00 0.00000000000000000e+00
5.77138870380133644e-19 0.00000000000000000e+00
9.24762077014398950e-19 0.00000000000000000e+00
0.00000000000000000e+00 0.00000000000000000e+00
0.00000000000000000e+00 0.00000000000000000e+00
-2.46938140931992030e-19 0.00000000000000000e+00
0.00000000000000000e+00 0.00000000000000000e+00
1.27705104466474566e-19 0.00000000000000000e+00
6.15801419352925870e-19 0.00000000000000000e+00
0.00000000000000000e+00 0.00000000000000000e+00
0.00000000000000000e+00 0.00000000000000000e+00
2.25712027739338083e-18 0.00000000000000000e+00
1.35768366391922295e-18 0.00000000000000000e+00
0.00000000000000000e+00 0.00000000000000000e+00
-6.80012145209069769e-19 0.00000000000000000e+00
0.00000000000000000e+00 0.00000000000000000e+00
0.00000000000000000e+00 0.00000000000000000e+00
5.95797059701846264e-19 0.00000000000000000e+00
5.35601210600666445e-19 0.00000000000000000e+00
0.00000000000000000e+00 0.00000000000000000e+00
0.00000000000000000e+00 0.00000000000000000e+00
-6.16825377169484682e-19 0.00000000000000000e+00
0.00000000000000000e+00 0.00000000000000000e+00
2.53210830802036666e-19 0.00000000000000000e+00
7.43312491314604347e-19 0.00000000000000000e+00
0.00000000000000000e+00 0.00000000000000000e+00
-6.53456059466645935e-18 0.00000000000000000e+00
0.00000000000000000e+00 0.00000000000000000e+00
0.00000000000000000e+00 0.00000000000000000e+00
7.49383800618929835e-19 0.00000000000000000e+00
0.00000000000000000e+00 0.00000000000000000e+00
-3.06873307079572388e-20 0.00000000000000000e+00
1.23569676441994993e-18 0.00000000000000000e+00
0.00000000000000000e+00 0.00000000000000000e+00
0.00000000000000000e+00 0.00000000000000000e+00
-1.03979741879640419e-18 0.00000000000000000e+00
-4.22204618912188852e-19 0.00000000000000000e+00
0.00000000000000000e+00 0.00000000000000000e+00
2.94480110315706229e-20 0.00000000000000000e+00
0.00000000000000000e+00 0.00000000000000000e+00
0.00000000000000000e+00 0.00000000000000000e+00
-4.14778590671919543e-19 0.00000000000000000e+00
0.00000000000000000e+00 0.00000000000000000e+00
-7.50841704691938227e-18 0.00000000000000000e+00
-6.45203335127938063e-18 0.00000000000000000e+00
0.00000000000000000e+00 0.00000000000000000e+00
-7.50841704691938227e-18 0.00000000000000000e+00
0.00000000000000000e+00 0.00000000000000000e+00
0.00000000000000000e+00 0.00000000000000000e+00
-2.18223963470939887e-20 0.00000000000000000e+00
4.25660336961507352e-18 0.00000000000000000e+00
0.00000000000000000e+00 0.00000000000000000e+00
0.00000000000000000e+00 0.00000000000000000e+00
5.08532957685374414e-19 0.00000000000000000e+00
0.00000000000000000e+00 0.00000000000000000e+00
1.32102236433686170e-19 0.00000000000000000e+00
-2.97844665674416924e-18 0.00000000000000000e+00
0.00000000000000000e+00 0.00000000000000000e+00
1.60216237861495293e-17 0.00000000000000000e+00
0.00000000000000000e+00 0.00000000000000000e+00
0.00000000000000000e+00 0.00000000000000000e+00
1.22768622639523830e-18 0.00000000000000000e+00
0.00000000000000000e+00 0.00000000000000000e+00
3.83265884545366949e-19 0.00000000000000000e+00
-1.09484841602926825e-20 0.00000000000000000e+00
0.00000000000000000e+00 0.00000000000000000e+00
0.00000000000000000e+00 0.00000000000000000e+00
-1.61291999988437849e-18 0.00000000000000000e+00
-1.41490510014240343e-18 0.00000000000000000e+00
0.00000000000000000e+00 0.00000000000000000e+00
-5.93494674156167873e-18 0.00000000000000000e+00
0.00000000000000000e+00 0.00000000000000000e+00
0.00000000000000000e+00 0.00000000000000000e+00
-1.56557025486893835e-18 0.00000000000000000e+00
-2.13862048547338436e-17 0.00000000000000000e+00
0.00000000000000000e+00 0.00000000000000000e+00
0.00000000000000000e+00 0.00000000000000000e+00
4.22842062530050864e-19 0.00000000000000000e+00
0.00000000000000000e+00 0.00000000000000000e+00
2.88442787267348270e-19 0.00000000000000000e+00
3.66964916061964166e-19 0.00000000000000000e+00
0.00000000000000000e+00 0.00000000000000000e+00
0.00000000000000000e+00 0.00000000000000000e+00
-1.92944518372333930e-18 0.00000000000000000e+00
-3.20102941409935532e-19 0.00000000000000000e+00
0.00000000000000000e+00 0.00000000000000000e+00
-1.17285521428722395e-18 0.00000000000000000e+00
0.00000000000000000e+00 0.00000000000000000e+00
0.00000000000000000e+00 0.00000000000000000e+00
-4.16605856422549760e-20 0.00000000000000000e+00
0.00000000000000000e+00 0.00000000000000000e+00
-4.08304318786182991e-19 0.00000000000000000e+00
2.01193252929222463e-18 0.00000000000000000e+00
0.00000000000000000e+00 0.00000000000000000e+00
-1.60056469076414059e-18 0.00000000000000000e+00
0.00000000000000000e+00 0.00000000000000000e+00
0.00000000000000000e+00 0.00000000000000000e+00
6.85673860811750158e-19 0.00000000000000000e+00
-4.23602567564454621e-18 0.00000000000000000e+00
0.00000000000000000e+00 0.00000000000000000e+00
0.00000000000000000e+00 0.00000000000000000e+00
-9.98713444544366122e-19 0.00000000000000000e+00
0.00000000000000000e+00 0.00000000000000000e+00
1.87929793565241071e-19 0.00000000000000000e+00
-4.19118584188310685e-19 0.00000000000000000e+00
0.00000000000000000e+00 0.00000000000000000e+00
-2.13862048547338436e-17 0.00000000000000000e+00
0.00000000000000000e+00 0.00000000000000000e+00
0.00000000000000000e+00 0.00000000000000000e+00
6.12143152270901501e-19 0.00000000000000000e+00
0.00000000000000000e+00 0.00000000000000000e+00
-1.85484852767113874e-18 0.00000000000000000e+00
-2.54411815276628148e-18 0.00000000000000000e+00
0.00000000000000000e+00 0.00000000000000000e+00
0.00000000000000000e+00 0.00000000000000000e+00
5.89317325379530585e-19 0.00000000000000000e+00
7.01621328497805533e-19 0.00000000000000000e+00
0.00000000000000000e+00 0.00000000000000000e+00
1.49744694196671430e-18 0.00000000000000000e+00
0.00000000000000000e+00 0.00000000000000000e+00
0.00000000000000000e+00 0.00000000000000000e+00
-2.42345230286132279e-19 0.00000000000000000e+00
0.00000000000000000e+00 0.00000000000000000e+00
3.23519322660377429e-18 0.00000000000000000e+00
1.98477165597969038e-18 0.00000000000000000e+00
0.00000000000000000e+00 0.00000000000000000e+00
3.79278338470761270e-18 0.00000000000000000e+00
0.00000000000000000e+00 0.00000000000000000e+00
0.00000000000000000e+00 0.00000000000000000e+00
1.24625850057921198e-18 0.00000000000000000e+00
4.42368027887894494e-18 0.00000000000000000e+00
0.00000000000000000e+00 0.00000000000000000e+00
0.00000000000000000e+00 0.00000000000000000e+00
1.76895163603594938e-19 0.00000000000000000e+00
0.00000000000000000e+00 0.00000000000000000e+00
1.12608120880573382e-18 0.00000000000000000e+00
-1.13693174373416719e-18 0.00000000000000000e+00
0.00000000000000000e+00 0.00000000000000000e+00
0.00000000000000000e+00 0.00000000000000000e+00
-5.58725042393066196e-19 0.00000000000000000e+00
-7.60363239299101383e-19 0.00000000000000000e+00
0.00000000000000000e+00 0.00000000000000000e+00
-1.84032285101944464e-18 0.00000000000000000e+00
0.00000000000000000e+00 0.00000000000000000e+00
0.00000000000000000e+00 0.00000000000000000e+00
7.04528511601991245e-19 0.00000000000000000e+00
-1.92017048114063739e-18 0.00000000000000000e+00
0.00000000000000000e+00 0.00000000000000000e+00
0.00000000000000000e+00 0.00000000000000000e+00
8.24991920385542126e-19 0.00000000000000000e+00
0.00000000000000000e+00 0.00000000000000000e+00
5.22329255594228947e-19 0.00000000000000000e+00
1.21721515866513476e-18 0.00000000000000000e+00
0.00000000000000000e+00 0.00000000000000000e+00
-9.48635867257620679e-18 0.00000000000000000e+00
0.00000000000000000e+00 0.00000000000000000e+00
0.00000000000000000e+00 0.00000000000000000e+00
7.55068186064668988e-19 0.00000000000000000e+00
0.00000000000000000e+00 0.00000000000000000e+00
9.69165905536235819e-20 0.00000000000000000e+00
2.40016873169105761e-18 0.00000000000000000e+00
0.00000000000000000e+00 0.00000000000000000e+00
0.00000000000000000e+00 0.00000000000000000e+00
-1.25091435880426724e-18 0.00000000000000000e+00
-6.56726152874413370e-19 0.00000000000000000e+00
0.00000000000000000e+00 0.00000000000000000e+00
1.91005644448449504e-18 0.00000000000000000e+00
0.00000000000000000e+00 0.00000000000000000e+00
0.00000000000000000e+00 0.00000000000000000e+00
-7.02834825823361372e-19 0.00000000000000000e+00
1.70780074817895309e-17 0.00000000000000000e+00
0.00000000000000000e+00 0.00000000000000000e+00
0.00000000000000000e+00 0.00000000000000000e+00
4.11139666505275659e-19 0.00000000000000000e+00
0.00000000000000000e+00 0.00000000000000000e+00
3.54274371964443982e-19 0.00000000000000000e+00
-7.11829103320833015e-19 0.00000000000000000e+00
0.00000000000000000e+00 0.00000000000000000e+00
0.00000000000000000e+00 0.00000000000000000e+00
-9.54173385027426664e-19 0.00000000000000000e+00
-2.75138740208009964e-18 0.00000000000000000e+00
0.00000000000000000e+00 0.00000000000000000e+00
-2.84195143105549318e-19 0.00000000000000000e+00
0.00000000000000000e+00 0.00000000000000000e+00
0.00000000000000000e+00 0.00000000000000000e+00
-9.82285155699907935e-19 0.00000000000000000e+00
0.00000000000000000e+00 0.00000000000000000e+00
5.44203949393083062e-19 0.00000000000000000e+00
-1.92460628216330642e-18 0.00000000000000000e+00
0.00000000000000000e+00 0.00000000000000000e+00
1.31380260764331439e-18 0.00000000000000000e+00
0.00000000000000000e+00 0.00000000000000000e+00
0.00000000000000000e+00 0.00000000000000000e+00
7.55711131629861697e-19 0.00000000000000000e+00
1.61306227968699757e-18 0.00000000000000000e+00
0.00000000000000000e+00 0.00000000000000000e+00
0.00000000000000000e+00 0.00000000000000000e+00
-2.87911749621862018e-19 0.00000000000000000e+00
0.00000000000000000e+00 0.00000000000000000e+00
1.03094090258691837e-18 0.00000000000000000e+00
-1.96069460294479880e-18 0.00000000000000000e+00
0.00000000000000000e+00 0.00000000000000000e+00
0.00000000000000000e+00 0.00000000000000000e+00
1.11129041901661359e-18 0.00000000000000000e+00
-2.83656570387664462e-18 0.00000000000000000e+00
0.00000000000000000e+00 0.00000000000000000e+00
-4.71422196025088284e-18 0.00000000000000000e+00
0.00000000000000000e+00 0.00000000000000000e+00
0.00000000000000000e+00 0.00000000000000000e+00
5.15960129526648605e-20 0.00000000000000000e+00
-6.27780822004110743e-19 0.00000000000000000e+00
0.00000000000000000e+00 0.00000000000000000e+00
0.00000000000000000e+00 0.00000000000000000e+00
7.66408771789599191e-19 0.00000000000000000e+00
0.00000000000000000e+00 0.00000000000000000e+00
-1.56611224871385655e-18 0.00000000000000000e+00
2.79422881505448070e-18 0.00000000000000000e+00
0.00000000000000000e+00 0.00000000000000000e+00
-3.21970301312603973e-19 0.00000000000000000e+00
0.00000000000000000e+00 0.00000000000000000e+00
0.00000000000000000e+00 0.00000000000000000e+00
8.12081640005320609e-19 0.00000000000000000e+00
0.00000000000000000e+00 0.00000000000000000e+00
6.65236074041875086e-19 0.00000000000000000e+00
7.66340773020908699e-20 0.00000000000000000e+00
0.00000000000000000e+00 0.00000000000000000e+00
0.00000000000000000e+00 0.00000000000000000e+00
-5.15843924374736110e-19 0.00000000000000000e+00
1.69803232070991778e-18 0.00000000000000000e+00
0.00000000000000000e+00 0.00000000000000000e+00
3.80277710051882818e-18 0.00000000000000000e+00
0.00000000000000000e+00 0.00000000000000000e+00
0.00000000000000000e+00 0.00000000000000000e+00
1.05758643552091828e-18 0.00000000000000000e+00
0.00000000000000000e+00 0.00000000000000000e+00
-1.20048238091948514e-18 0.00000000000000000e+00
-1.31590566774491441e-20 0.00000000000000000e+00
0.00000000000000000e+00 0.00000000000000000e+00
2.39461041477527366e-18 0.00000000000000000e+00
0.00000000000000000e+00 0.00000000000000000e+00
0.00000000000000000e+00 0.00000000000000000e+00
2.59274558967110062e-19 0.00000000000000000e+00
2.44980116079141341e-18 0.00000000000000000e+00
0.00000000000000000e+00 0.00000000000000000e+00
0.00000000000000000e+00 0.00000000000000000e+00
1.50097972821226501e-18 0.00000000000000000e+00
0.00000000000000000e+00 0.00000000000000000e+00
-1.37731973302493433e-18 0.00000000000000000e+00
-2.02161401013274557e-18 0.00000000000000000e+00
0.00000000000000000e+00 0.00000000000000000e+00
4.28409007026656069e-18 0.00000000000000000e+00
0.00000000000000000e+00 0.00000000000000000e+00
0.00000000000000000e+00 0.00000000000000000e+00
1.01843152221099753e-18 0.00000000000000000e+00
0.00000000000000000e+00 0.00000000000000000e+00
4.24912007116436296e-19 0.00000000000000000e+00
9.65822607123301806e-19 0.00000000000000000e+00
0.00000000000000000e+00 0.00000000000000000e+00
0.00000000000000000e+00 0.00000000000000000e+00
5.67984981550663302e-21 0.00000000000000000e+00
1.19453019226619540e-18 0.00000000000000000e+00
0.00000000000000000e+00 0.00000000000000000e+00
7.06977661145449249e-19 0.00000000000000000e+00
0.00000000000000000e+00 0.00000000000000000e+00
0.00000000000000000e+00 0.00000000000000000e+00
-1.29694442520968459e-18 0.00000000000000000e+00
3.09941131899643693e-18 0.00000000000000000e+00
0.00000000000000000e+00 0.00000000000000000e+00
0.00000000000000000e+00 0.00000000000000000e+00
-5.69865984604719692e-19 0.00000000000000000e+00
0.00000000000000000e+00 0.00000000000000000e+00
3.49406683781628018e-20 0.00000000000000000e+00
6.33929597572741080e-19 0.00000000000000000e+00
0.00000000000000000e+00 0.00000000000000000e+00
0.00000000000000000e+00 0.00000000000000000e+00
1.54054414523133245e-19 0.00000000000000000e+00
1.68667790538844092e-19 0.00000000000000000e+00
0.00000000000000000e+00 0.00000000000000000e+00
3.75042083492488245e-19 0.00000000000000000e+00
0.00000000000000000e+00 0.00000000000000000e+00
0.00000000000000000e+00 0.00000000000000000e+00
-6.63180210726554827e-20 0.00000000000000000e+00
0.00000000000000000e+00 0.00000000000000000e+00
3.95859463864678097e-18 0.00000000000000000e+00
3.27015870171307659e-18 0.00000000000000000e+00
0.00000000000000000e+00 0.00000000000000000e+00
1.92254350072253720e-18 0.00000000000000000e+00
0.00000000000000000e+00 0.00000000000000000e+00
0.00000000000000000e+00 0.00000000000000000e+00
1.15949437768254493e-18 0.00000000000000000e+00
5.09642678883612381e-19 0.00000000000000000e+00
0.00000000000000000e+00 0.00000000000000000e+00
0.00000000000000000e+00 0.00000000000000000e+00
-6.69119290466067573e-19 0.00000000000000000e+00
0.00000000000000000e+00 0.00000000000000000e+00
1.37821894817105298e-20 0.00000000000000000e+00
3.30369149016352514e-19 0.00000000000000000e+00
0.00000000000000000e+00 0.00000000000000000e+00
-2.24425885503738453e-17 0.00000000000000000e+00
0.00000000000000000e+00 0.00000000000000000e+00
0.00000000000000000e+00 0.00000000000000000e+00
5.77360418189775947e-19 0.00000000000000000e+00
0.00000000000000000e+00 0.00000000000000000e+00
3.08085733530050842e-19 0.00000000000000000e+00
-1.60581082218911683e-18 0.00000000000000000e+00
0.00000000000000000e+00 0.00000000000000000e+00
0.00000000000000000e+00 0.00000000000000000e+00
-1.23939993424024037e-18 0.00000000000000000e+00
-2.64862478795342354e-19 0.00000000000000000e+00
0.00000000000000000e+00 0.00000000000000000e+00
-1.79948779815494906e-18 0.00000000000000000e+00
0.00000000000000000e+00 0.00000000000000000e+00
0.00000000000000000e+00 0.00000000000000000e+00
-5.98532587883483979e-19 0.00000000000000000e+00
0.00000000000000000e+00 0.00000000000000000e+00
1.04936575561061547e-19 0.00000000000000000e+00
1.27240194138039599e-18 0.00000000000000000e+00
0.00000000000000000e+00 0.00000000000000000e+00
-3.71499463781452425e-18 0.00000000000000000e+00
0.00000000000000000e+00 0.00000000000000000e+00
0.00000000000000000e+00 0.00000000000000000e+00
1.14725612158957895e-18 0.00000000000000000e+00
3.43128824820744643e-18 0.00000000000000000e+00
0.00000000000000000e+00 0.00000000000000000e+00
0.00000000000000000e+00 0.00000000000000000e+00
-1.70578804867785979e-19 0.00000000000000000e+00
0.00000000000000000e+00 0.00000000000000000e+00
-1.65454166236230852e-18 0.00000000000000000e+00
-3.36382985725334675e-19 0.00000000000000000e+00
0.00000000000000000e+00 0.00000000000000000e+00
0.00000000000000000e+00 0.00000000000000000e+00
-5.36976343596702925e-18 0.00000000000000000e+00
-3.83810776879501868e-18 0.00000000000000000e+00
0.00000000000000000e+00 0.00000000000000000e+00
-3.67005830936261992e-18 0.00000000000000000e+00
0.00000000000000000e+00 0.00000000000000000e+00
0.00000000000000000e+00 0.00000000000000000e+00
4.77071455270914713e-19 0.00000000000000000e+00
-5.35146130587984317e-18 0.00000000000000000e+00
0.00000000000000000e+00 0.00000000000000000e+00
0.00000000000000000e+00 0.00000000000000000e+00
5.34081239212147317e-20 0.00000000000000000e+00
0.00000000000000000e+00 0.00000000000000000e+00
7.64910616210070162e-19 0.00000000000000000e+00
8.93001962420320437e-19 0.00000000000000000e+00
0.00000000000000000e+00 0.00000000000000000e+00
-4.57304206186837840e-18 0.00000000000000000e+00
0.00000000000000000e+00 0.00000000000000000e+00
0.00000000000000000e+00 0.00000000000000000e+00
1.12221557931126274e-19 0.00000000000000000e+00
0.00000000000000000e+00 0.00000000000000000e+00
-4.61541394101215680e-19 0.00000000000000000e+00
9.35553883086687132e-19 0.00000000000000000e+00
0.00000000000000000e+00 0.00000000000000000e+00
0.00000000000000000e+00 0.00000000000000000e+00
5.34552100085347868e-19 0.00000000000000000e+00
-6.11594328403260751e-19 0.00000000000000000e+00
0.00000000000000000e+00 0.00000000000000000e+00
6.72290137076275515e-19 0.00000000000000000e+00
0.00000000000000000e+00 0.00000000000000000e+00
0.00000000000000000e+00 0.00000000000000000e+00
-1.87998859172558074e-19 0.00000000000000000e+00
0.00000000000000000e+00 0.00000000000000000e+00
-3.31392831973121433e-18 0.00000000000000000e+00
-2.65248658665438133e-18 0.00000000000000000e+00
0.00000000000000000e+00 0.00000000000000000e+00
1.63075528118547859e-18 0.00000000000000000e+00
0.00000000000000000e+00 0.00000000000000000e+00
0.00000000000000000e+00 0.00000000000000000e+00
-8.07127556497094331e-19 0.00000000000000000e+00
1.16458792312446847e-18 0.00000000000000000e+00
0.00000000000000000e+00 0.00000000000000000e+00
0.00000000000000000e+00 0.00000000000000000e+00
-1.58614671567126019e-19 0.00000000000000000e+00
0.00000000000000000e+00 0.00000000000000000e+00
-1.51034721515158327e-19 0.00000000000000000e+00
-1.89337628789496425e-19 0.00000000000000000e+00
0.00000000000000000e+00 0.00000000000000000e+00
-4.58508069284371744e-19 0.00000000000000000e+00
0.00000000000000000e+00 0.00000000000000000e+00
0.00000000000000000e+00 0.00000000000000000e+00
-1.30795632558356775e-19 0.00000000000000000e+00
0.00000000000000000e+00 0.00000000000000000e+00
8.10063967433864104e-19 0.00000000000000000e+00
4.17075390008513754e-18 0.00000000000000000e+00
0.00000000000000000e+00 0.00000000000000000e+00
0.00000000000000000e+00 0.00000000000000000e+00
3.29298519319575815e-20 0.00000000000000000e+00
2.53970813504131921e-19 0.00000000000000000e+00
0.00000000000000000e+00 0.00000000000000000e+00
-7.22871425611517374e-19 0.00000000000000000e+00
0.00000000000000000e+00 0.00000000000000000e+00
0.00000000000000000e+00 0.00000000000000000e+00
-6.71619720677565835e-19 0.00000000000000000e+00
-5.53933737551374905e-18 0.00000000000000000e+00
0.00000000000000000e+00 0.00000000000000000e+00
0.00000000000000000e+00 0.00000000000000000e+00
1.66450537610279202e-19 0.00000000000000000e+00
0.00000000000000000e+00 0.00000000000000000e+00
2.21921706125464060e-19 0.00000000000000000e+00
3.62247816809978964e-19 0.00000000000000000e+00
0.00000000000000000e+00 0.00000000000000000e+00
0.00000000000000000e+00 0.00000000000000000e+00
5.48472214274667904e-19 0.00000000000000000e+00
1.36497500878895697e-18 0.00000000000000000e+00
0.00000000000000000e+00 0.00000000000000000e+00
-7.30226193792404041e-20 0.00000000000000000e+00
0.00000000000000000e+00 0.00000000000000000e+00
0.00000000000000000e+00 0.00000000000000000e+00
1.32416536727088453e-18 0.00000000000000000e+00
0.00000000000000000e+00 0.00000000000000000e+00
2.12031362580145022e-18 0.00000000000000000e+00
2.30725150895844102e-18 0.00000000000000000e+00
0.00000000000000000e+00 0.00000000000000000e+00
2.40564610331501813e-18 0.00000000000000000e+00
0.00000000000000000e+00 0.00000000000000000e+00
0.00000000000000000e+00 0.00000000000000000e+00
5.45787413589191362e-19 0.00000000000000000e+00
-2.74745311164513972e-18 0.00000000000000000e+00
0.00000000000000000e+00 0.00000000000000000e+00
0.00000000000000000e+00 0.00000000000000000e+00
-7.57816019512229525e-19 0.00000000000000000e+00
0.00000000000000000e+00 0.00000000000000000e+00
-1.80008633147661948e-19 0.00000000000000000e+00
-1.46143668309999145e-18 0.00000000000000000e+00
0.00000000000000000e+00 0.00000000000000000e+00
0.00000000000000000e+00 0.00000000000000000e+00
7.21937473379925284e-18 0.00000000000000000e+00
2.51115269540654067e-18 0.00000000000000000e+00
0.00000000000000000e+00 0.00000000000000000e+00
-3.84734934294586114e-18 0.00000000000000000e+00
0.00000000000000000e+00 0.00000000000000000e+00
0.00000000000000000e+00 0.00000000000000000e+00
-4.26432116183454080e-19 0.00000000000000000e+00
6.67561322605295339e-18 0.00000000000000000e+00
0.00000000000000000e+00 0.00000000000000000e+00
0.00000000000000000e+00 0.00000000000000000e+00
1.18478415138911280e-18 0.00000000000000000e+00
0.00000000000000000e+00 0.00000000000000000e+00
-7.81832643679044978e-19 0.00000000000000000e+00
-5.00400458796776197e-19 0.00000000000000000e+00
0.00000000000000000e+00 0.00000000000000000e+00
1.10621194287733802e-17 0.00000000000000000e+00
0.00000000000000000e+00 0.00000000000000000e+00
0.00000000000000000e+00 0.00000000000000000e+00
6.63639972386209530e-19 0.00000000000000000e+00
0.00000000000000000e+00 0.00000000000000000e+00
1.07745204218793645e-18 0.00000000000000000e+00
-2.28191025257007047e-18 0.00000000000000000e+00
0.00000000000000000e+00 0.00000000000000000e+00
0.00000000000000000e+00 0.00000000000000000e+00
3.81507857554760124e-19 0.00000000000000000e+00
9.75657377957259215e-19 0.00000000000000000e+00
0.00000000000000000e+00 0.00000000000000000e+00
-2.05142485801042682e-18 0.00000000000000000e+00
0.00000000000000000e+00 0.00000000000000000e+00
0.00000000000000000e+00 0.00000000000000000e+00
5.91809167973400878e-19 0.00000000000000000e+00
-1.66140625335081641e-18 0.00000000000000000e+00
0.00000000000000000e+00 0.00000000000000000e+00
0.00000000000000000e+00 0.00000000000000000e+00
7.74869477912370143e-19 0.00000000000000000e+00
0.00000000000000000e+00 0.00000000000000000e+00
-7.33445721797451486e-19 0.00000000000000000e+00
-1.30712522962941679e-18 0.00000000000000000e+00
0.00000000000000000e+00 0.00000000000000000e+00
0.00000000000000000e+00 0.00000000000000000e+00
-3.70406329148052818e-19 0.00000000000000000e+00
6.34693382845796149e-19 0.00000000000000000e+00
0.00000000000000000e+00 0.00000000000000000e+00
1.68824794275493991e-18 0.00000000000000000e+00
0.00000000000000000e+00 0.00000000000000000e+00
0.00000000000000000e+00 0.00000000000000000e+00
-5.61758230792578111e-19 0.00000000000000000e+00
0.00000000000000000e+00 0.00000000000000000e+00
3.38495913222769212e-18 0.00000000000000000e+00
2.40754916307962687e-18 0.00000000000000000e+00
0.00000000000000000e+00 0.00000000000000000e+00
1.50296174309572701e-18 0.00000000000000000e+00
0.00000000000000000e+00 0.00000000000000000e+00
0.00000000000000000e+00 0.00000000000000000e+00
-1.04002966159631392e-19 0.00000000000000000e+00
2.00377360506210381e-18 0.00000000000000000e+00
0.00000000000000000e+00 0.00000000000000000e+00
0.00000000000000000e+00 0.00000000000000000e+00
-2.18692060242469806e-19 0.00000000000000000e+00
0.00000000000000000e+00 0.00000000000000000e+00
6.26846102255631738e-19 0.00000000000000000e+00
2.65672277448864178e-18 0.00000000000000000e+00
0.00000000000000000e+00 0.00000000000000000e+00
7.12567859860392871e-18 0.00000000000000000e+00
0.00000000000000000e+00 0.00000000000000000e+00
0.00000000000000000e+00 0.00000000000000000e+00
5.80868223014770037e-20 0.00000000000000000e+00
0.00000000000000000e+00 0.00000000000000000e+00
-3.60873393833281130e-19 0.00000000000000000e+00
-5.88295260494423746e-19 0.00000000000000000e+00
0.00000000000000000e+00 0.00000000000000000e+00
0.00000000000000000e+00 0.00000000000000000e+00
-1.24387880556881658e-18 0.00000000000000000e+00
1.17940152543240209e-19 0.00000000000000000e+00
0.00000000000000000e+00 0.00000000000000000e+00
-5.99188177173068734e-19 0.00000000000000000e+00
0.00000000000000000e+00 0.00000000000000000e+00
0.00000000000000000e+00 0.00000000000000000e+00
6.07847714418638455e-19 0.00000000000000000e+00
0.00000000000000000e+00 0.00000000000000000e+00
6.99243438054005577e-19 0.00000000000000000e+00
-1.40906063821179337e-18 0.00000000000000000e+00
0.00000000000000000e+00 0.00000000000000000e+00
-1.51258631310128822e-18 0.00000000000000000e+00
0.00000000000000000e+00 0.00000000000000000e+00
0.00000000000000000e+00 0.00000000000000000e+00
-1.50007689870735092e-19 0.00000000000000000e+00
-1.50537837902168036e-18 0.00000000000000000e+00
0.00000000000000000e+00 0.00000000000000000e+00
0.00000000000000000e+00 0.00000000000000000e+00
-4.86100529969821499e-19 0.00000000000000000e+00
0.00000000000000000e+00 0.00000000000000000e+00
9.95175042899069330e-19 0.00000000000000000e+00
-2.28049561246379780e-19 0.00000000000000000e+00
0.00000000000000000e+00 0.00000000000000000e+00
0.00000000000000000e+00 0.00000000000000000e+00
2.84653825487252422e-18 0.00000000000000000e+00
-1.70923885678899522e-18 0.00000000000000000e+00
0.00000000000000000e+00 0.00000000000000000e+00
1.81844986800897638e-18 0.00000000000000000e+00
0.00000000000000000e+00 0.00000000000000000e+00
0.00000000000000000e+00 0.00000000000000000e+00
-9.13916156304244458e-19 0.00000000000000000e+00
3.95253616001402562e-18 0.00000000000000000e+00
0.00000000000000000e+00 0.00000000000000000e+00
0.00000000000000000e+00 0.00000000000000000e+00
-6.12447648727572536e-19 0.00000000000000000e+00
0.00000000000000000e+00 0.00000000000000000e+00
-4.80449919374478140e-20 0.00000000000000000e+00
-1.78861263700984266e-19 0.00000000000000000e+00
0.00000000000000000e+00 0.00000000000000000e+00
6.50135640922680137e-18 0.00000000000000000e+00
0.00000000000000000e+00 0.00000000000000000e+00
0.00000000000000000e+00 0.00000000000000000e+00
3.56103244333898724e-19 0.00000000000000000e+00
0.00000000000000000e+00 0.00000000000000000e+00
3.68332534590023499e-19 0.00000000000000000e+00
-1.13031484715103868e-18 0.00000000000000000e+00
0.00000000000000000e+00 0.00000000000000000e+00
0.00000000000000000e+00 0.00000000000000000e+00
5.49071154943800707e-19 0.00000000000000000e+00
2.20180989317498904e-18 0.00000000000000000e+00
0.00000000000000000e+00 0.00000000000000000e+00
4.34879512725186411e-18 0.00000000000000000e+00
0.00000000000000000e+00 0.00000000000000000e+00
0.00000000000000000e+00 0.00000000000000000e+00
-7.37817054434803765e-19 0.00000000000000000e+00
-2.13862048547338436e-17 0.00000000000000000e+00
0.00000000000000000e+00 0.00000000000000000e+00
0.00000000000000000e+00 0.00000000000000000e+00
-2.65013432119714137e-19 0.00000000000000000e+00
0.00000000000000000e+00 0.00000000000000000e+00
-3.85012889556256275e-19 0.00000000000000000e+00
-1.14353200098575142e-19 0.00000000000000000e+00
0.00000000000000000e+00 0.00000000000000000e+00
0.00000000000000000e+00 0.00000000000000000e+00
-5.89804819187075087e-19 0.00000000000000000e+00
-3.57476676475601628e-19 0.00000000000000000e+00
0.00000000000000000e+00 0.00000000000000000e+00
2.73584077632239123e-18 0.00000000000000000e+00
0.00000000000000000e+00 0.00000000000000000e+00
0.00000000000000000e+00 0.00000000000000000e+00
-2.16461028908378727e-19 0.00000000000000000e+00
0.00000000000000000e+00 0.00000000000000000e+00
7.13887400086968466e-19 0.00000000000000000e+00
3.33227268282968780e-19 0.00000000000000000e+00
0.00000000000000000e+00 0.00000000000000000e+00
8.08592784851627553e-19 0.00000000000000000e+00
0.00000000000000000e+00 0.00000000000000000e+00
0.00000000000000000e+00 0.00000000000000000e+00
-3.39910330049317177e-19 0.00000000000000000e+00
-5.99102067131670857e-19 0.00000000000000000e+00
0.00000000000000000e+00 0.00000000000000000e+00
0.00000000000000000e+00 0.00000000000000000e+00
-1.30887814180383064e-19 0.00000000000000000e+00
0.00000000000000000e+00 0.00000000000000000e+00
-3.56585211176366378e-19 0.00000000000000000e+00
6.85044665781369927e-19 0.00000000000000000e+00
0.00000000000000000e+00 0.00000000000000000e+00
0.00000000000000000e+00 0.00000000000000000e+00
-1.32396509544278220e-19 0.00000000000000000e+00
-7.11661147565079465e-19 0.00000000000000000e+00
0.00000000000000000e+00 0.00000000000000000e+00
6.75652765169011641e-20 0.00000000000000000e+00
0.00000000000000000e+00 0.00000000000000000e+00
0.00000000000000000e+00 0.00000000000000000e+00
3.05034302502186688e-19 0.00000000000000000e+00
-3.96995694975468549e-18 0.00000000000000000e+00
0.00000000000000000e+00 0.00000000000000000e+00
0.00000000000000000e+00 0.00000000000000000e+00
6.00341106036240136e-19 0.00000000000000000e+00
0.00000000000000000e+00 0.00000000000000000e+00
1.11859462179367431e-19 0.00000000000000000e+00
1.39267316226177103e-18 0.00000000000000000e+00
0.00000000000000000e+00 0.00000000000000000e+00
-2.36041361542042317e-18 0.00000000000000000e+00
0.00000000000000000e+00 0.00000000000000000e+00
0.00000000000000000e+00 0.00000000000000000e+00
3.94646284517916187e-19 0.00000000000000000e+00
0.00000000000000000e+00 0.00000000000000000e+00
-7.86594160509803176e-19 0.00000000000000000e+00
6.11552569209470610e-19 0.00000000000000000e+00
0.00000000000000000e+00 0.00000000000000000e+00
0.00000000000000000e+00 0.00000000000000000e+00
-1.29354470585470935e-18 0.00000000000000000e+00
4.59982673221860316e-20 0.00000000000000000e+00
0.00000000000000000e+00 0.00000000000000000e+00
-1.24679029650675206e-18 0.00000000000000000e+00
0.00000000000000000e+00 0.00000000000000000e+00
0.00000000000000000e+00 0.00000000000000000e+00
-6.05280498421049016e-19 0.00000000000000000e+00
0.00000000000000000e+00 0.00000000000000000e+00
-1.34167129672829910e-18 0.00000000000000000e+00
-9.78659408645140713e-20 0.00000000000000000e+00
0.00000000000000000e+00 0.00000000000000000e+00
-2.56521695417694223e-18 0.00000000000000000e+00
0.00000000000000000e+00 0.00000000000000000e+00
0.00000000000000000e+00 0.00000000000000000e+00
1.74144888975433654e-19 0.00000000000000000e+00
3.84064728692761190e-18 0.00000000000000000e+00
0.00000000000000000e+00 0.00000000000000000e+00
0.00000000000000000e+00 0.00000000000000000e+00
1.01776074397684379e-18 0.00000000000000000e+00
0.00000000000000000e+00 0.00000000000000000e+00
-1.09766684153291769e-19 0.00000000000000000e+00
-8.23410877224613823e-19 0.00000000000000000e+00
0.00000000000000000e+00 0.00000000000000000e+00
-7.54137449448606229e-19 0.00000000000000000e+00
0.00000000000000000e+00 0.00000000000000000e+00
0.00000000000000000e+00 0.00000000000000000e+00
4.30054220463814556e-19 0.00000000000000000e+00
0.00000000000000000e+00 0.00000000000000000e+00
-1.76979365942091118e-19 0.00000000000000000e+00
1.95592521180149195e-18 0.00000000000000000e+00
0.00000000000000000e+00 0.00000000000000000e+00
0.00000000000000000e+00 0.00000000000000000e+00
4.97628262955136714e-19 0.00000000000000000e+00
3.97712169072061566e-19 0.00000000000000000e+00
0.00000000000000000e+00 0.00000000000000000e+00
-3.31320243687879398e-19 0.00000000000000000e+00
0.00000000000000000e+00 0.00000000000000000e+00
0.00000000000000000e+00 0.00000000000000000e+00
-4.31957088116070773e-19 0.00000000000000000e+00
-6.74077078225466545e-18 0.00000000000000000e+00
0.00000000000000000e+00 0.00000000000000000e+00
0.00000000000000000e+00 0.00000000000000000e+00
7.87550178990211427e-19 0.00000000000000000e+00
0.00000000000000000e+00 0.00000000000000000e+00
-7.33006542521191948e-19 0.00000000000000000e+00
4.32023918501740590e-20 0.00000000000000000e+00
0.00000000000000000e+00 0.00000000000000000e+00
0.00000000000000000e+00 0.00000000000000000e+00
-4.62178428069742314e-20 0.00000000000000000e+00
1.34396425741983468e-18 0.00000000000000000e+00
0.00000000000000000e+00 0.00000000000000000e+00
-1.35615299081693008e-18 0.00000000000000000e+00
0.00000000000000000e+00 0.00000000000000000e+00
0.00000000000000000e+00 0.00000000000000000e+00
4.57503390704360522e-19 0.00000000000000000e+00
0.00000000000000000e+00 0.00000000000000000e+00
4.98214620036735495e-19 0.00000000000000000e+00
-5.82449580711833767e-19 0.00000000000000000e+00
0.00000000000000000e+00 0.00000000000000000e+00
-1.05402558357914173e-18 0.00000000000000000e+00
0.00000000000000000e+00 0.00000000000000000e+00
0.00000000000000000e+00 0.00000000000000000e+00
3.31199769445601720e-19 0.00000000000000000e+00
-9.41170865057537667e-19 0.00000000000000000e+00
0.00000000000000000e+00 0.00000000000000000e+00
0.00000000000000000e+00 0.00000000000000000e+00
-8.16658243280742734e-19 0.00000000000000000e+00
0.00000000000000000e+00 0.00000000000000000e+00
-6.70737917660125304e-19 0.00000000000000000e+00
-2.87836654930362883e-18 0.00000000000000000e+00
0.00000000000000000e+00 0.00000000000000000e+00
0.00000000000000000e+00 0.00000000000000000e+00
3.36340077273932290e-18 0.00000000000000000e+00
2.84940274511545016e-18 0.00000000000000000e+00
0.00000000000000000e+00 0.00000000000000000e+00
2.31423170953299699e-18 0.00000000000000000e+00
0.00000000000000000e+00 0.00000000000000000e+00
0.00000000000000000e+00 0.00000000000000000e+00
-2.01932249256996966e-19 0.00000000000000000e+00
-7.88713216231811679e-19 0.00000000000000000e+00
0.00000000000000000e+00 0.00000000000000000e+00
0.00000000000000000e+00 0.00000000000000000e+00
2.18168789875450666e-18 0.00000000000000000e+00
0.00000000000000000e+00 0.00000000000000000e+00
-7.34956590190764072e-19 0.00000000000000000e+00
-1.38116566021494768e-18 0.00000000000000000e+00
0.00000000000000000e+00 0.00000000000000000e+00
6.05267480895489552e-18 0.00000000000000000e+00
0.00000000000000000e+00 0.00000000000000000e+00
0.00000000000000000e+00 0.00000000000000000e+00
-2.24385214582302073e-19 0.00000000000000000e+00
0.00000000000000000e+00 0.00000000000000000e+00
8.94820608891170262e-19 0.00000000000000000e+00
1.57993102452784591e-18 0.00000000000000000e+00
0.00000000000000000e+00 0.00000000000000000e+00
0.00000000000000000e+00 0.00000000000000000e+00
-1.38365757010209627e-19 0.00000000000000000e+00
1.53194795170980763e-18 0.00000000000000000e+00
0.00000000000000000e+00 0.00000000000000000e+00
-1.63267728223431925e-18 0.00000000000000000e+00
0.00000000000000000e+00 0.00000000000000000e+00
0.00000000000000000e+00 0.00000000000000000e+00
8.84743745380074454e-19 0.00000000000000000e+00
9.09979904451573405e-18 0.00000000000000000e+00
0.00000000000000000e+00 0.00000000000000000e+00
0.00000000000000000e+00 0.00000000000000000e+00
3.17371145041776788e-19 0.00000000000000000e+00
0.00000000000000000e+00 0.00000000000000000e+00
1.93121437995121887e-19 0.00000000000000000e+00
6.11865402613708181e-19 0.00000000000000000e+00
0.00000000000000000e+00 0.00000000000000000e+00
0.00000000000000000e+00 0.00000000000000000e+00
-9.92160590417521367e-19 0.00000000000000000e+00
-5.47153774285050502e-20 0.00000000000000000e+00
0.00000000000000000e+00 0.00000000000000000e+00
-7.65775281969148868e-19 0.00000000000000000e+00
0.00000000000000000e+00 0.00000000000000000e+00
0.00000000000000000e+00 0.00000000000000000e+00
4.45705830592073634e-19 0.00000000000000000e+00
0.00000000000000000e+00 0.00000000000000000e+00
1.67969847312069360e-18 0.00000000000000000e+00
9.83697812075638113e-19 0.00000000000000000e+00
0.00000000000000000e+00 0.00000000000000000e+00
5.03190567256241088e-19 0.00000000000000000e+00
0.00000000000000000e+00 0.00000000000000000e+00
0.00000000000000000e+00 0.00000000000000000e+00
5.41861464640434185e-19 0.00000000000000000e+00
-2.71126558396966529e-18 0.00000000000000000e+00
0.00000000000000000e+00 0.00000000000000000e+00
0.00000000000000000e+00 0.00000000000000000e+00
3.62090883671275453e-19 0.00000000000000000e+00
0.00000000000000000e+00 0.00000000000000000e+00
2.70508316378675392e-19 0.00000000000000000e+00
2.62420789939209657e-18 0.00000000000000000e+00
0.00000000000000000e+00 0.00000000000000000e+00
3.34484777069931101e-18 0.00000000000000000e+00
0.00000000000000000e+00 0.00000000000000000e+00
0.00000000000000000e+00 0.00000000000000000e+00
1.86875953809655489e-19 0.00000000000000000e+00
0.00000000000000000e+00 0.00000000000000000e+00
-1.04698158130962075e-18 0.00000000000000000e+00
2.40428896570218171e-18 0.00000000000000000e+00
0.00000000000000000e+00 0.00000000000000000e+00
0.00000000000000000e+00 0.00000000000000000e+00
-5.41843031315791994e-19 0.00000000000000000e+00
9.48731473330416848e-19 0.00000000000000000e+00
0.00000000000000000e+00 0.00000000000000000e+00
-7.80737028253406783e-19 0.00000000000000000e+00
0.00000000000000000e+00 0.00000000000000000e+00
0.00000000000000000e+00 0.00000000000000000e+00
7.86920086063467020e-19 0.00000000000000000e+00
0.00000000000000000e+00 0.00000000000000000e+00
2.16703311165332196e-18 0.00000000000000000e+00
2.23515420057853013e-18 0.00000000000000000e+00
0.00000000000000000e+00 0.00000000000000000e+00
4.62977654158724096e-19 0.00000000000000000e+00
0.00000000000000000e+00 0.00000000000000000e+00
0.00000000000000000e+00 0.00000000000000000e+00
1.20379907457367839e-18 0.00000000000000000e+00
2.24588863884109392e-18 0.00000000000000000e+00
0.00000000000000000e+00 0.00000000000000000e+00
0.00000000000000000e+00 0.00000000000000000e+00
2.84121654225181608e-19 0.00000000000000000e+00
0.00000000000000000e+00 0.00000000000000000e+00
-3.87432021087190293e-19 0.00000000000000000e+00
-5.14120584358227406e-19 0.00000000000000000e+00
0.00000000000000000e+00 0.00000000000000000e+00
0.00000000000000000e+00 0.00000000000000000e+00
1.56172119657067253e-18 0.00000000000000000e+00
2.05810383891592725e-18 0.00000000000000000e+00
0.00000000000000000e+00 0.00000000000000000e+00
1.37353334115851845e-18 0.00000000000000000e+00
0.00000000000000000e+00 0.00000000000000000e+00
0.00000000000000000e+00 0.00000000000000000e+00
-8.60064376708176252e-20 0.00000000000000000e+00
-1.07827176218972041e-18 0.00000000000000000e+00
0.00000000000000000e+00 0.00000000000000000e+00
0.00000000000000000e+00 0.00000000000000000e+00
1.77312137794399653e-18 0.00000000000000000e+00
0.00000000000000000e+00 0.00000000000000000e+00
-8.08189698622362997e-19 0.00000000000000000e+00
-1.93649426575645559e-18 0.00000000000000000e+00
0.00000000000000000e+00 0.00000000000000000e+00
2.22351646531635884e-18 0.00000000000000000e+00
0.00000000000000000e+00 0.00000000000000000e+00
0.00000000000000000e+00 0.00000000000000000e+00
1.06260180881902538e-18 0.00000000000000000e+00
0.00000000000000000e+00 0.00000000000000000e+00
2.35779285805088299e-19 0.00000000000000000e+00
2.02126784130460403e-18 0.00000000000000000e+00
0.00000000000000000e+00 0.00000000000000000e+00
0.00000000000000000e+00 0.00000000000000000e+00
-1.22346048284803221e-18 0.00000000000000000e+00
1.43912190253249920e-18 0.00000000000000000e+00
0.00000000000000000e+00 0.00000000000000000e+00
-1.08967163361490752e-18 0.00000000000000000e+00
0.00000000000000000e+00 0.00000000000000000e+00
0.00000000000000000e+00 0.00000000000000000e+00
7.30245390968616608e-19 0.00000000000000000e+00
0.00000000000000000e+00 0.00000000000000000e+00
-2.80554284618183327e-18 0.00000000000000000e+00
-7.20808589511570729e-18 0.00000000000000000e+00
0.00000000000000000e+00 0.00000000000000000e+00
-7.28300090259182209e-18 0.00000000000000000e+00
0.00000000000000000e+00 0.00000000000000000e+00
0.00000000000000000e+00 0.00000000000000000e+00
2.40571252604827481e-18 0.00000000000000000e+00
-5.93203680171661149e-18 0.00000000000000000e+00
0.00000000000000000e+00 0.00000000000000000e+00
0.00000000000000000e+00 0.00000000000000000e+00
7.57003310916148838e-19 0.00000000000000000e+00
0.00000000000000000e+00 0.00000000000000000e+00
-2.85872066335998575e-19 0.00000000000000000e+00
-1.26880993971273732e-18 0.00000000000000000e+00
0.00000000000000000e+00 0.00000000000000000e+00
-5.21028027799417284e-18 0.00000000000000000e+00
0.00000000000000000e+00 0.00000000000000000e+00
0.00000000000000000e+00 0.00000000000000000e+00
1.47472385360918822e-18 0.00000000000000000e+00
0.00000000000000000e+00 0.00000000000000000e+00
7.36729140895842323e-19 0.00000000000000000e+00
-1.12329924245192637e-18 0.00000000000000000e+00
0.00000000000000000e+00 0.00000000000000000e+00
0.00000000000000000e+00 0.00000000000000000e+00
9.79925680891449653e-19 0.00000000000000000e+00
-9.81259306950991500e-21 0.00000000000000000e+00
0.00000000000000000e+00 0.00000000000000000e+00
-2.77120088075409752e-18 0.00000000000000000e+00
0.00000000000000000e+00 0.00000000000000000e+00
0.00000000000000000e+00 0.00000000000000000e+00
5.22611582006708887e-19 0.00000000000000000e+00
-1.85603925797542967e-17 0.00000000000000000e+00
0.00000000000000000e+00 0.00000000000000000e+00
0.00000000000000000e+00 0.00000000000000000e+00
5.30932124247413327e-19 0.00000000000000000e+00
0.00000000000000000e+00 0.00000000000000000e+00
1.54027384114264423e-19 0.00000000000000000e+00
-7.30636682474959970e-19 0.00000000000000000e+00
0.00000000000000000e+00 0.00000000000000000e+00
0.00000000000000000e+00 0.00000000000000000e+00
-1.23767931182076184e-20 0.00000000000000000e+00
4.41832979343928724e-19 0.00000000000000000e+00
0.00000000000000000e+00 0.00000000000000000e+00
-2.40919585102418416e-18 0.00000000000000000e+00
0.00000000000000000e+00 0.00000000000000000e+00
0.00000000000000000e+00 0.00000000000000000e+00
6.02037016633483761e-19 0.00000000000000000e+00
0.00000000000000000e+00 0.00000000000000000e+00
1.85547727952065207e-18 0.00000000000000000e+00
4.32044939382993812e-18 0.00000000000000000e+00
0.00000000000000000e+00 0.00000000000000000e+00
1.39943120936853328e-18 0.00000000000000000e+00
0.00000000000000000e+00 0.00000000000000000e+00
0.00000000000000000e+00 0.00000000000000000e+00
1.43245183064545578e-18 0.00000000000000000e+00
-2.22862413099117613e-18 0.00000000000000000e+00
0.00000000000000000e+00 0.00000000000000000e+00
0.00000000000000000e+00 0.00000000000000000e+00
3.25379921717411116e-20 0.00000000000000000e+00
0.00000000000000000e+00 0.00000000000000000e+00
9.29794482649604743e-19 0.00000000000000000e+00
2.20726778575863934e-18 0.00000000000000000e+00
0.00000000000000000e+00 0.00000000000000000e+00
-1.41565911463450043e-17 0.00000000000000000e+00
0.00000000000000000e+00 0.00000000000000000e+00
0.00000000000000000e+00 0.00000000000000000e+00
6.26029819652504729e-19 0.00000000000000000e+00
0.00000000000000000e+00 0.00000000000000000e+00
-3.22653913855461521e-19 0.00000000000000000e+00
4.44670529638642517e-19 0.00000000000000000e+00
0.00000000000000000e+00 0.00000000000000000e+00
0.00000000000000000e+00 0.00000000000000000e+00
-1.50721395219438325e-18 0.00000000000000000e+00
1.86679188920586137e-19 0.00000000000000000e+00
0.00000000000000000e+00 0.00000000000000000e+00
3.90073751485430194e-19 0.00000000000000000e+00
0.00000000000000000e+00 0.00000000000000000e+00
0.00000000000000000e+00 0.00000000000000000e+00
-1.23304707820271230e-18 0.00000000000000000e+00
0.00000000000000000e+00 0.00000000000000000e+00
1.01121639627916735e-18 0.00000000000000000e+00
2.65135464196488287e-18 0.00000000000000000e+00
0.00000000000000000e+00 0.00000000000000000e+00
1.64666160620823346e-18 0.00000000000000000e+00
0.00000000000000000e+00 0.00000000000000000e+00
0.00000000000000000e+00 0.00000000000000000e+00
7.49407510448839915e-19 0.00000000000000000e+00
-4.18646148109279237e-19 0.00000000000000000e+00
0.00000000000000000e+00 0.00000000000000000e+00
0.00000000000000000e+00 0.00000000000000000e+00
3.40843561197433696e-19 0.00000000000000000e+00
0.00000000000000000e+00 0.00000000000000000e+00
6.78172137465049539e-19 0.00000000000000000e+00
-5.54604109817712468e-19 0.00000000000000000e+00
0.00000000000000000e+00 0.00000000000000000e+00
0.00000000000000000e+00 0.00000000000000000e+00
1.43010971836920617e-19 0.00000000000000000e+00
-2.42516048743435793e-18 0.00000000000000000e+00
0.00000000000000000e+00 0.00000000000000000e+00
-1.08202562058694676e-18 0.00000000000000000e+00
0.00000000000000000e+00 0.00000000000000000e+00
0.00000000000000000e+00 0.00000000000000000e+00
1.27356602626962526e-18 0.00000000000000000e+00
-7.58950029074085532e-18 0.00000000000000000e+00
0.00000000000000000e+00 0.00000000000000000e+00
0.00000000000000000e+00 0.00000000000000000e+00
-1.12512668792801762e-19 0.00000000000000000e+00
0.00000000000000000e+00 0.00000000000000000e+00
1.19680478473033345e-18 0.00000000000000000e+00
3.00450432731872619e-19 0.00000000000000000e+00
0.00000000000000000e+00 0.00000000000000000e+00
1.50808224490453738e-18 0.00000000000000000e+00
0.00000000000000000e+00 0.00000000000000000e+00
0.00000000000000000e+00 0.00000000000000000e+00
2.63755046443618231e-19 0.00000000000000000e+00
0.00000000000000000e+00 0.00000000000000000e+00
7.82671119501159088e-19 0.00000000000000000e+00
-7.54400232374331420e-19 0.00000000000000000e+00
0.00000000000000000e+00 0.00000000000000000e+00
0.00000000000000000e+00 0.00000000000000000e+00
9.08100790753516005e-19 0.00000000000000000e+00
-9.95719222924590312e-19 0.00000000000000000e+00
0.00000000000000000e+00 0.00000000000000000e+00
-1.95190856260770123e-18 0.00000000000000000e+00
0.00000000000000000e+00 0.00000000000000000e+00
0.00000000000000000e+00 0.00000000000000000e+00
-1.71069289399373488e-19 0.00000000000000000e+00
-5.97824235989742072e-18 0.00000000000000000e+00
0.00000000000000000e+00 0.00000000000000000e+00
0.00000000000000000e+00 0.00000000000000000e+00
2.35943961911366971e-19 0.00000000000000000e+00
0.00000000000000000e+00 0.00000000000000000e+00
-1.28425935460428592e-18 0.00000000000000000e+00
-1.08551145757115366e-18 0.00000000000000000e+00
0.00000000000000000e+00 0.00000000000000000e+00
0.00000000000000000e+00 0.00000000000000000e+00
-3.98770585526470966e-19 0.00000000000000000e+00
1.05183784343875665e-18 0.00000000000000000e+00
0.00000000000000000e+00 0.00000000000000000e+00
-3.06396089590400208e-18 0.00000000000000000e+00
0.00000000000000000e+00 0.00000000000000000e+00
0.00000000000000000e+00 0.00000000000000000e+00
3.65622468759482088e-19 0.00000000000000000e+00
0.00000000000000000e+00 0.00000000000000000e+00
6.77687125658050675e-19 0.00000000000000000e+00
1.71346705133779150e-18 0.00000000000000000e+00
0.00000000000000000e+00 0.00000000000000000e+00
8.58837407985601692e-20 0.00000000000000000e+00
0.00000000000000000e+00 0.00000000000000000e+00
0.00000000000000000e+00 0.00000000000000000e+00
1.07329555847313245e-18 0.00000000000000000e+00
4.26895967948710887e-18 0.00000000000000000e+00
0.00000000000000000e+00 0.00000000000000000e+00
0.00000000000000000e+00 0.00000000000000000e+00
4.81320960924447061e-19 0.00000000000000000e+00
0.00000000000000000e+00 0.00000000000000000e+00
-2.74163634243089660e-20 0.00000000000000000e+00
-4.44434640122707055e-19 0.00000000000000000e+00
0.00000000000000000e+00 0.00000000000000000e+00
0.00000000000000000e+00 0.00000000000000000e+00
1.68253630835365405e-18 0.00000000000000000e+00
-1.78732076214855809e-18 0.00000000000000000e+00
0.00000000000000000e+00 0.00000000000000000e+00
8.86858585281274287e-19 0.00000000000000000e+00
0.00000000000000000e+00 0.00000000000000000e+00
0.00000000000000000e+00 0.00000000000000000e+00
1.07789659246905604e-18 0.00000000000000000e+00
3.45662555363471037e-18 0.00000000000000000e+00
0.00000000000000000e+00 0.00000000000000000e+00
0.00000000000000000e+00 0.00000000000000000e+00
3.81535902954136537e-19 0.00000000000000000e+00
0.00000000000000000e+00 0.00000000000000000e+00
1.22305735340757218e-19 0.00000000000000000e+00
1.68044348540980116e-18 0.00000000000000000e+00
0.00000000000000000e+00 0.00000000000000000e+00
-1.43106094932067289e-18 0.00000000000000000e+00
0.00000000000000000e+00 0.00000000000000000e+00
0.00000000000000000e+00 0.00000000000000000e+00
5.65233705998613552e-19 0.00000000000000000e+00
0.00000000000000000e+00 0.00000000000000000e+00
1.33859208143764071e-18 0.00000000000000000e+00
-3.41080772159186431e-19 0.00000000000000000e+00
0.00000000000000000e+00 0.00000000000000000e+00
0.00000000000000000e+00 0.00000000000000000e+00
-3.24124781478425316e-19 0.00000000000000000e+00
-5.39220864410845533e-19 0.00000000000000000e+00
0.00000000000000000e+00 0.00000000000000000e+00
3.40002085243164787e-18 0.00000000000000000e+00
0.00000000000000000e+00 0.00000000000000000e+00
0.00000000000000000e+00 0.00000000000000000e+00
2.22206589290708552e-20 0.00000000000000000e+00
0.00000000000000000e+00 0.00000000000000000e+00
-2.66589223005181644e-19 0.00000000000000000e+00
-2.39849980107549198e-18 0.00000000000000000e+00
0.00000000000000000e+00 0.00000000000000000e+00
-7.73929809606349291e-21 0.00000000000000000e+00
0.00000000000000000e+00 0.00000000000000000e+00
0.00000000000000000e+00 0.00000000000000000e+00
4.00788617369201115e-19 0.00000000000000000e+00
-5.07770787605260176e-18 0.00000000000000000e+00
0.00000000000000000e+00 0.00000000000000000e+00
0.00000000000000000e+00 0.00000000000000000e+00
-1.48535892032459347e-18 0.00000000000000000e+00
0.00000000000000000e+00 0.00000000000000000e+00
6.61884191053889190e-19 0.00000000000000000e+00
4.39177725525554806e-19 0.00000000000000000e+00
0.00000000000000000e+00 0.00000000000000000e+00
-8.76105929893947975e-19 0.00000000000000000e+00
0.00000000000000000e+00 0.00000000000000000e+00
0.00000000000000000e+00 0.00000000000000000e+00
-3.12671973530746581e-19 0.00000000000000000e+00
0.00000000000000000e+00 0.00000000000000000e+00
1.49469252082193721e-18 0.00000000000000000e+00
-2.81386030458467939e-18 0.00000000000000000e+00
0.00000000000000000e+00 0.00000000000000000e+00
0.00000000000000000e+00 0.00000000000000000e+00
4.84486470775058919e-19 0.00000000000000000e+00
-8.80152262701951286e-19 0.00000000000000000e+00
0.00000000000000000e+00 0.00000000000000000e+00
-3.00132500138457193e-18 0.00000000000000000e+00
0.00000000000000000e+00 0.00000000000000000e+00
0.00000000000000000e+00 0.00000000000000000e+00
-7.73353782674111317e-19 0.00000000000000000e+00
1.46517397081165799e-18 0.00000000000000000e+00
0.00000000000000000e+00 0.00000000000000000e+00
0.00000000000000000e+00 0.00000000000000000e+00
-1.15454876002556062e-18 0.00000000000000000e+00
0.00000000000000000e+00 0.00000000000000000e+00
8.57205558645075217e-19 0.00000000000000000e+00
-2.49242804002096178e-19 0.00000000000000000e+00
0.00000000000000000e+00 0.00000000000000000e+00
0.00000000000000000e+00 0.00000000000000000e+00
-1.02471985642948682e-18 0.00000000000000000e+00
-2.09295801767099855e-18 0.00000000000000000e+00
0.00000000000000000e+00 0.00000000000000000e+00
-1.91095706685138482e-18 0.00000000000000000e+00
0.00000000000000000e+00 0.00000000000000000e+00
0.00000000000000000e+00 0.00000000000000000e+00
2.83667936148829166e-19 0.00000000000000000e+00
0.00000000000000000e+00 0.00000000000000000e+00
8.53589648181729727e-19 0.00000000000000000e+00
4.26579629022917940e-19 0.00000000000000000e+00
0.00000000000000000e+00 0.00000000000000000e+00
-1.75050664990106040e-19 0.00000000000000000e+00
0.00000000000000000e+00 0.00000000000000000e+00
0.00000000000000000e+00 0.00000000000000000e+00
-1.16277579058941883e-18 0.00000000000000000e+00
2.02162076368640234e-18 0.00000000000000000e+00
0.00000000000000000e+00 0.00000000000000000e+00
0.00000000000000000e+00 0.00000000000000000e+00
-5.36359535811011328e-19 0.00000000000000000e+00
0.00000000000000000e+00 0.00000000000000000e+00
1.20324821667851095e-18 0.00000000000000000e+00
-1.05227293549728785e-18 0.00000000000000000e+00
0.00000000000000000e+00 0.00000000000000000e+00
-3.63203763581883020e-17 0.00000000000000000e+00
0.00000000000000000e+00 0.00000000000000000e+00
0.00000000000000000e+00 0.00000000000000000e+00
3.62678281935300151e-19 0.00000000000000000e+00
0.00000000000000000e+00 0.00000000000000000e+00
9.56062267645000756e-19 0.00000000000000000e+00
-1.09106193969477793e-18 0.00000000000000000e+00
0.00000000000000000e+00 0.00000000000000000e+00
0.00000000000000000e+00 0.00000000000000000e+00
-2.29644697105334289e-19 0.00000000000000000e+00
-2.33744620037105777e-19 0.00000000000000000e+00
0.00000000000000000e+00 0.00000000000000000e+00
6.50377689218886923e-19 0.00000000000000000e+00
0.00000000000000000e+00 0.00000000000000000e+00
0.00000000000000000e+00 0.00000000000000000e+00
2.16988089771799075e-19 0.00000000000000000e+00
0.00000000000000000e+00 0.00000000000000000e+00
8.84892754723894469e-19 0.00000000000000000e+00
9.92504465445304898e-19 0.00000000000000000e+00
0.00000000000000000e+00 0.00000000000000000e+00
2.06230819212312082e-18 0.00000000000000000e+00
0.00000000000000000e+00 0.00000000000000000e+00
0.00000000000000000e+00 0.00000000000000000e+00
-5.92851462213208921e-20 0.00000000000000000e+00
6.95461254108843098e-19 0.00000000000000000e+00
0.00000000000000000e+00 0.00000000000000000e+00
0.00000000000000000e+00 0.00000000000000000e+00
-5.91122986316132971e-20 0.00000000000000000e+00
0.00000000000000000e+00 0.00000000000000000e+00
-7.69049960779689927e-21 0.00000000000000000e+00
-5.43298380079481680e-19 0.00000000000000000e+00
0.00000000000000000e+00 0.00000000000000000e+00
0.00000000000000000e+00 0.00000000000000000e+00
-1.18116942956430997e-18 0.00000000000000000e+00
-3.45326297072768707e-18 0.00000000000000000e+00
0.00000000000000000e+00 0.00000000000000000e+00
-8.15909774625650826e-19 0.00000000000000000e+00
0.00000000000000000e+00 0.00000000000000000e+00
0.00000000000000000e+00 0.00000000000000000e+00
4.41833321736552150e-20 0.00000000000000000e+00
-1.97088906593683132e-18 0.00000000000000000e+00
0.00000000000000000e+00 0.00000000000000000e+00
0.00000000000000000e+00 0.00000000000000000e+00
-4.79607938667622793e-21 0.00000000000000000e+00
0.00000000000000000e+00 0.00000000000000000e+00
2.79881681593657697e-19 0.00000000000000000e+00
1.89841808975798641e-19 0.00000000000000000e+00
0.00000000000000000e+00 0.00000000000000000e+00
-1.94159078786994609e-18 0.00000000000000000e+00
0.00000000000000000e+00 0.00000000000000000e+00
0.00000000000000000e+00 0.00000000000000000e+00
-1.72260216130292066e-20 0.00000000000000000e+00
0.00000000000000000e+00 0.00000000000000000e+00
-7.33232968595021970e-19 0.00000000000000000e+00
-1.24473020374771875e-18 0.00000000000000000e+00
0.00000000000000000e+00 0.00000000000000000e+00
0.00000000000000000e+00 0.00000000000000000e+00
-4.36363229429079551e-19 0.00000000000000000e+00
-5.48187782721006652e-19 0.00000000000000000e+00
0.00000000000000000e+00 0.00000000000000000e+00
1.70278094431723783e-19 0.00000000000000000e+00
0.00000000000000000e+00 0.00000000000000000e+00
0.00000000000000000e+00 0.00000000000000000e+00
-6.80621815401709289e-19 0.00000000000000000e+00
0.00000000000000000e+00 0.00000000000000000e+00
-2.31978890411998990e-18 0.00000000000000000e+00
-1.56421942461004225e-18 0.00000000000000000e+00
0.00000000000000000e+00 0.00000000000000000e+00
-3.21810560152303376e-19 0.00000000000000000e+00
0.00000000000000000e+00 0.00000000000000000e+00
0.00000000000000000e+00 0.00000000000000000e+00
-3.83545640311647017e-19 0.00000000000000000e+00
-1.02192942236888893e-18 0.00000000000000000e+00
0.00000000000000000e+00 0.00000000000000000e+00
0.00000000000000000e+00 0.00000000000000000e+00
4.37662290750262148e-19 0.00000000000000000e+00
0.00000000000000000e+00 0.00000000000000000e+00
1.13362361123541726e-19 0.00000000000000000e+00
-1.83712222967071469e-19 0.00000000000000000e+00
0.00000000000000000e+00 0.00000000000000000e+00
-1.24497978278462087e-18 0.00000000000000000e+00
0.00000000000000000e+00 0.00000000000000000e+00
0.00000000000000000e+00 0.00000000000000000e+00
-4.24835135390085863e-19 0.00000000000000000e+00
0.00000000000000000e+00 0.00000000000000000e+00
-6.54364640638810084e-19 0.00000000000000000e+00
1.32792500527740416e-18 0.00000000000000000e+00
0.00000000000000000e+00 0.00000000000000000e+00
0.00000000000000000e+00 0.00000000000000000e+00
5.93893741310474629e-19 0.00000000000000000e+00
-2.01586621571156088e-19 0.00000000000000000e+00
0.00000000000000000e+00 0.00000000000000000e+00
2.12171738485533389e-19 0.00000000000000000e+00
0.00000000000000000e+00 0.00000000000000000e+00
0.00000000000000000e+00 0.00000000000000000e+00
-5.61417325260364091e-19 0.00000000000000000e+00
1.93902328729821186e-18 0.00000000000000000e+00
0.00000000000000000e+00 0.00000000000000000e+00
0.00000000000000000e+00 0.00000000000000000e+00
9.27844925279807841e-20 0.00000000000000000e+00
0.00000000000000000e+00 0.00000000000000000e+00
-2.51303870930591060e-19 0.00000000000000000e+00
-1.30156534233344448e-19 0.00000000000000000e+00
0.00000000000000000e+00 0.00000000000000000e+00
0.00000000000000000e+00 0.00000000000000000e+00
3.49740457051393736e-19 0.00000000000000000e+00
3.67744013382547549e-19 0.00000000000000000e+00
0.00000000000000000e+00 0.00000000000000000e+00
1.11500848385657415e-18 0.00000000000000000e+00
0.00000000000000000e+00 0.00000000000000000e+00
0.00000000000000000e+00 0.00000000000000000e+00
7.40893700507298995e-19 0.00000000000000000e+00
0.00000000000000000e+00 0.00000000000000000e+00
-3.00566821624363934e-19 0.00000000000000000e+00
-1.10850050451151907e-18 0.00000000000000000e+00
0.00000000000000000e+00 0.00000000000000000e+00
-4.86106040142412743e-19 0.00000000000000000e+00
0.00000000000000000e+00 0.00000000000000000e+00
0.00000000000000000e+00 0.00000000000000000e+00
4.42243790761216392e-19 0.00000000000000000e+00
5.00548672638962824e-19 0.00000000000000000e+00
0.00000000000000000e+00 0.00000000000000000e+00
0.00000000000000000e+00 0.00000000000000000e+00
-6.64568033292821343e-19 0.00000000000000000e+00
0.00000000000000000e+00 0.00000000000000000e+00
3.59319822057792498e-19 0.00000000000000000e+00
-9.53038972716225122e-20 0.00000000000000000e+00
0.00000000000000000e+00 0.00000000000000000e+00
0.00000000000000000e+00 0.00000000000000000e+00
2.30824396554988524e-18 0.00000000000000000e+00
1.85237862362683939e-18 0.00000000000000000e+00
0.00000000000000000e+00 0.00000000000000000e+00
1.10889948436730982e-18 0.00000000000000000e+00
0.00000000000000000e+00 0.00000000000000000e+00
0.00000000000000000e+00 0.00000000000000000e+00
-3.94004891571078638e-19 0.00000000000000000e+00
5.31087581774455718e-18 0.00000000000000000e+00
0.00000000000000000e+00 0.00000000000000000e+00
0.00000000000000000e+00 0.00000000000000000e+00
3.84276382087812317e-19 0.00000000000000000e+00
0.00000000000000000e+00 0.00000000000000000e+00
-8.34008845875810194e-19 0.00000000000000000e+00
-1.66699361540183567e-18 0.00000000000000000e+00
0.00000000000000000e+00 0.00000000000000000e+00
4.01032206989606621e-18 0.00000000000000000e+00
0.00000000000000000e+00 0.00000000000000000e+00
0.00000000000000000e+00 0.00000000000000000e+00
4.45617795710108702e-19 0.00000000000000000e+00
0.00000000000000000e+00 0.00000000000000000e+00
6.03321222162691038e-19 0.00000000000000000e+00
2.08089573902121607e-19 0.00000000000000000e+00
0.00000000000000000e+00 0.00000000000000000e+00
0.00000000000000000e+00 0.00000000000000000e+00
1.04231997892077774e-18 0.00000000000000000e+00
6.15386727845377880e-19 0.00000000000000000e+00
0.00000000000000000e+00 0.00000000000000000e+00
1.64837303131615102e-18 0.00000000000000000e+00
0.00000000000000000e+00 0.00000000000000000e+00
0.00000000000000000e+00 0.00000000000000000e+00
-4.81376996338587674e-19 0.00000000000000000e+00
5.31128821598194768e-18 0.00000000000000000e+00
0.00000000000000000e+00 0.00000000000000000e+00
0.00000000000000000e+00 0.00000000000000000e+00
-1.21258204393454703e-21 0.00000000000000000e+00
0.00000000000000000e+00 0.00000000000000000e+00
-3.65411242738925410e-19 0.00000000000000000e+00
1.04390955884753858e-20 0.00000000000000000e+00
0.00000000000000000e+00 0.00000000000000000e+00
0.00000000000000000e+00 0.00000000000000000e+00
-2.27643183324596545e-19 0.00000000000000000e+00
3.18447631366485933e-19 0.00000000000000000e+00
0.00000000000000000e+00 0.00000000000000000e+00
4.81688655072217001e-19 0.00000000000000000e+00
0.00000000000000000e+00 0.00000000000000000e+00
0.00000000000000000e+00 0.00000000000000000e+00
1.79063188235459562e-20 0.00000000000000000e+00
0.00000000000000000e+00 0.00000000000000000e+00
1.17081400063291726e-18 0.00000000000000000e+00
1.85003210792755827e-18 0.00000000000000000e+00
0.00000000000000000e+00 0.00000000000000000e+00
-7.49678947480976729e-19 0.00000000000000000e+00
0.00000000000000000e+00 0.00000000000000000e+00
0.00000000000000000e+00 0.00000000000000000e+00
7.93165212773268179e-19 0.00000000000000000e+00
3.12137753855768777e-19 0.00000000000000000e+00
0.00000000000000000e+00 0.00000000000000000e+00
0.00000000000000000e+00 0.00000000000000000e+00
1.31323852812766893e-19 0.00000000000000000e+00
0.00000000000000000e+00 0.00000000000000000e+00
8.67095872994897660e-19 0.00000000000000000e+00
3.20619574190873659e-18 0.00000000000000000e+00
0.00000000000000000e+00 0.00000000000000000e+00
3.30722635565598241e-18 0.00000000000000000e+00
0.00000000000000000e+00 0.00000000000000000e+00
0.00000000000000000e+00 0.00000000000000000e+00
7.71166132676835587e-19 0.00000000000000000e+00
0.00000000000000000e+00 0.00000000000000000e+00
-1.04563945568244937e-18 0.00000000000000000e+00
-2.30636746090956717e-19 0.00000000000000000e+00
0.00000000000000000e+00 0.00000000000000000e+00
0.00000000000000000e+00 0.00000000000000000e+00
-3.73987550681975592e-19 0.00000000000000000e+00
-2.64951108026530776e-19 0.00000000000000000e+00
0.00000000000000000e+00 0.00000000000000000e+00
-1.53717707017036833e-19 0.00000000000000000e+00
0.00000000000000000e+00 0.00000000000000000e+00
0.00000000000000000e+00 0.00000000000000000e+00
-3.12950568864503257e-19 0.00000000000000000e+00
0.00000000000000000e+00 0.00000000000000000e+00
9.07622178876502054e-19 0.00000000000000000e+00
4.83513042105120594e-19 0.00000000000000000e+00
0.00000000000000000e+00 0.00000000000000000e+00
-1.45963394779075100e-18 0.00000000000000000e+00
0.00000000000000000e+00 0.00000000000000000e+00
0.00000000000000000e+00 0.00000000000000000e+00
-8.53566497037501372e-20 0.00000000000000000e+00
-2.74348410482051928e-18 0.00000000000000000e+00
0.00000000000000000e+00 0.00000000000000000e+00
0.00000000000000000e+00 0.00000000000000000e+00
-3.53558266257765979e-20 0.00000000000000000e+00
0.00000000000000000e+00 0.00000000000000000e+00
1.14861751250166264e-18 0.00000000000000000e+00
-8.51208448447183276e-19 0.00000000000000000e+00
0.00000000000000000e+00 0.00000000000000000e+00
0.00000000000000000e+00 0.00000000000000000e+00
1.58324582953992697e-18 0.00000000000000000e+00
1.42184361806073334e-18 0.00000000000000000e+00
0.00000000000000000e+00 0.00000000000000000e+00
-3.16777154942675771e-19 0.00000000000000000e+00
0.00000000000000000e+00 0.00000000000000000e+00
0.00000000000000000e+00 0.00000000000000000e+00
-9.28082490322454295e-19 0.00000000000000000e+00
2.52457263518856394e-18 0.00000000000000000e+00
0.00000000000000000e+00 0.00000000000000000e+00
0.00000000000000000e+00 0.00000000000000000e+00
7.76799277200560975e-19 0.00000000000000000e+00
0.00000000000000000e+00 0.00000000000000000e+00
-1.51586174122846161e-19 0.00000000000000000e+00
2.08381625532005464e-18 0.00000000000000000e+00
0.00000000000000000e+00 0.00000000000000000e+00
4.74921141792851639e-19 0.00000000000000000e+00
0.00000000000000000e+00 0.00000000000000000e+00
0.00000000000000000e+00 0.00000000000000000e+00
9.30126399502894082e-19 0.00000000000000000e+00
0.00000000000000000e+00 0.00000000000000000e+00
3.77781030737052685e-20 0.00000000000000000e+00
7.27489618180942218e-19 0.00000000000000000e+00
0.00000000000000000e+00 0.00000000000000000e+00
0.00000000000000000e+00 0.00000000000000000e+00
-9.56779077641689245e-19 0.00000000000000000e+00
1.65200703912897077e-18 0.00000000000000000e+00
0.00000000000000000e+00 0.00000000000000000e+00
2.85605526177555982e-18 0.00000000000000000e+00
0.00000000000000000e+00 0.00000000000000000e+00
0.00000000000000000e+00 0.00000000000000000e+00
5.78021792974022495e-19 0.00000000000000000e+00
0.00000000000000000e+00 0.00000000000000000e+00
-1.79417879766224907e-18 0.00000000000000000e+00
-5.87054947261843709e-18 0.00000000000000000e+00
0.00000000000000000e+00 0.00000000000000000e+00
-1.34948372447917997e-18 0.00000000000000000e+00
0.00000000000000000e+00 0.00000000000000000e+00
0.00000000000000000e+00 0.00000000000000000e+00
-2.57103803177912220e-19 0.00000000000000000e+00
-2.56077380271657417e-19 0.00000000000000000e+00
0.00000000000000000e+00 0.00000000000000000e+00
0.00000000000000000e+00 0.00000000000000000e+00
3.41711232373739638e-20 0.00000000000000000e+00
0.00000000000000000e+00 0.00000000000000000e+00
-2.82792223184521436e-19 0.00000000000000000e+00
1.92297786643585591e-18 0.00000000000000000e+00
0.00000000000000000e+00 0.00000000000000000e+00
2.16854970031457853e-18 0.00000000000000000e+00
0.00000000000000000e+00 0.00000000000000000e+00
0.00000000000000000e+00 0.00000000000000000e+00
-9.36811456604951130e-20 0.00000000000000000e+00
0.00000000000000000e+00 0.00000000000000000e+00
-1.13235247805712260e-18 0.00000000000000000e+00
-2.77413944359116390e-19 0.00000000000000000e+00
0.00000000000000000e+00 0.00000000000000000e+00
0.00000000000000000e+00 0.00000000000000000e+00
-7.21954678886642673e-20 0.00000000000000000e+00
-2.19104410555284994e-18 0.00000000000000000e+00
0.00000000000000000e+00 0.00000000000000000e+00
-2.45006350431189432e-18 0.00000000000000000e+00
0.00000000000000000e+00 0.00000000000000000e+00
0.00000000000000000e+00 0.00000000000000000e+00
-4.34483211395747179e-19 0.00000000000000000e+00
-1.23915763739936278e-17 0.00000000000000000e+00
0.00000000000000000e+00 0.00000000000000000e+00
0.00000000000000000e+00 0.00000000000000000e+00
-4.75999291359676613e-19 0.00000000000000000e+00
0.00000000000000000e+00 0.00000000000000000e+00
-3.44475047948174293e-19 0.00000000000000000e+00
-1.02504266963366444e-18 0.00000000000000000e+00
0.00000000000000000e+00 0.00000000000000000e+00
0.00000000000000000e+00 0.00000000000000000e+00
8.76879290607787843e-19 0.00000000000000000e+00
2.29011296489607544e-19 0.00000000000000000e+00
0.00000000000000000e+00 0.00000000000000000e+00
-1.67353926835941994e-18 0.00000000000000000e+00
0.00000000000000000e+00 0.00000000000000000e+00
0.00000000000000000e+00 0.00000000000000000e+00
-2.07599183301840423e-19 0.00000000000000000e+00
0.00000000000000000e+00 0.00000000000000000e+00
5.49895687593336192e-19 0.00000000000000000e+00
2.16997025011010647e-18 0.00000000000000000e+00
0.00000000000000000e+00 0.00000000000000000e+00
4.41970360133254257e-19 0.00000000000000000e+00
0.00000000000000000e+00 0.00000000000000000e+00
0.00000000000000000e+00 0.00000000000000000e+00
7.88768339618127608e-19 0.00000000000000000e+00
1.15547060179239879e-18 0.00000000000000000e+00
0.00000000000000000e+00 0.00000000000000000e+00
0.00000000000000000e+00 0.00000000000000000e+00
-2.80567815409449444e-19 0.00000000000000000e+00
0.00000000000000000e+00 0.00000000000000000e+00
-6.24725610888910891e-20 0.00000000000000000e+00
-4.71848382610484489e-19 0.00000000000000000e+00
0.00000000000000000e+00 0.00000000000000000e+00
-9.40672947142818797e-18 0.00000000000000000e+00
0.00000000000000000e+00 0.00000000000000000e+00
0.00000000000000000e+00 0.00000000000000000e+00
4.00043137714620270e-19 0.00000000000000000e+00
0.00000000000000000e+00 0.00000000000000000e+00
3.85877508372591935e-19 0.00000000000000000e+00
1.60867069729432537e-19 0.00000000000000000e+00
0.00000000000000000e+00 0.00000000000000000e+00
0.00000000000000000e+00 0.00000000000000000e+00
-4.93549690067377016e-19 0.00000000000000000e+00
2.32056879087280283e-19 0.00000000000000000e+00
0.00000000000000000e+00 0.00000000000000000e+00
-1.35364455704672491e-18 0.00000000000000000e+00
0.00000000000000000e+00 0.00000000000000000e+00
0.00000000000000000e+00 0.00000000000000000e+00
3.65029891515020139e-19 0.00000000000000000e+00
0.00000000000000000e+00 0.00000000000000000e+00
2.14251814314971244e-18 0.00000000000000000e+00
-2.06242934713361338e-19 0.00000000000000000e+00
0.00000000000000000e+00 0.00000000000000000e+00
1.34768792677836107e-18 0.00000000000000000e+00
0.00000000000000000e+00 0.00000000000000000e+00
0.00000000000000000e+00 0.00000000000000000e+00
6.31242022793815639e-19 0.00000000000000000e+00
-4.82370772587818742e-19 0.00000000000000000e+00
0.00000000000000000e+00 0.00000000000000000e+00
0.00000000000000000e+00 0.00000000000000000e+00
8.77138864696688202e-20 0.00000000000000000e+00
0.00000000000000000e+00 0.00000000000000000e+00
-9.27964727021069300e-19 0.00000000000000000e+00
-1.23228804161491267e-18 0.00000000000000000e+00
0.00000000000000000e+00 0.00000000000000000e+00
0.00000000000000000e+00 0.00000000000000000e+00
-5.50101534891337197e-19 0.00000000000000000e+00
-7.71111243016758654e-19 0.00000000000000000e+00
0.00000000000000000e+00 0.00000000000000000e+00
-1.60030401654538031e-18 0.00000000000000000e+00
0.00000000000000000e+00 0.00000000000000000e+00
0.00000000000000000e+00 0.00000000000000000e+00
9.65269716380429016e-20 0.00000000000000000e+00
1.96821276883012174e-18 0.00000000000000000e+00
0.00000000000000000e+00 0.00000000000000000e+00
0.00000000000000000e+00 0.00000000000000000e+00
2.28968818667952575e-19 0.00000000000000000e+00
0.00000000000000000e+00 0.00000000000000000e+00
1.32491711174849519e-19 0.00000000000000000e+00
-8.64790807659870414e-19 0.00000000000000000e+00
0.00000000000000000e+00 0.00000000000000000e+00
3.06719767819097718e-18 0.00000000000000000e+00
0.00000000000000000e+00 0.00000000000000000e+00
0.00000000000000000e+00 0.00000000000000000e+00
1.01306371467484572e-19 0.00000000000000000e+00
0.00000000000000000e+00 0.00000000000000000e+00
-1.21249268336565059e-18 0.00000000000000000e+00
-1.03920960248053637e-18 0.00000000000000000e+00
0.00000000000000000e+00 0.00000000000000000e+00
0.00000000000000000e+00 0.00000000000000000e+00
2.08626684912984310e-19 0.00000000000000000e+00
-1.95788632206499354e-19 0.00000000000000000e+00
0.00000000000000000e+00 0.00000000000000000e+00
6.75491548201561044e-19 0.00000000000000000e+00
0.00000000000000000e+00 0.00000000000000000e+00
0.00000000000000000e+00 0.00000000000000000e+00
-2.33288196174587522e-21 0.00000000000000000e+00
1.15499299141849725e-17 0.00000000000000000e+00
0.00000000000000000e+00 0.00000000000000000e+00
0.00000000000000000e+00 0.00000000000000000e+00
-3.26071965506663921e-19 0.00000000000000000e+00
0.00000000000000000e+00 0.00000000000000000e+00
-8.03028774295615597e-19 0.00000000000000000e+00
-1.36883809661978086e-18 0.00000000000000000e+00
0.00000000000000000e+00 0.00000000000000000e+00
0.00000000000000000e+00 0.00000000000000000e+00
-6.83642273540800356e-19 0.00000000000000000e+00
6.70083199449271356e-19 0.00000000000000000e+00
0.00000000000000000e+00 0.00000000000000000e+00
-1.86942241660838746e-18 0.00000000000000000e+00
0.00000000000000000e+00 0.00000000000000000e+00
0.00000000000000000e+00 0.00000000000000000e+00
4.38435900291458040e-19 0.00000000000000000e+00
0.00000000000000000e+00 0.00000000000000000e+00
9.58788820898597445e-19 0.00000000000000000e+00
1.12791124574770680e-18 0.00000000000000000e+00
0.00000000000000000e+00 0.00000000000000000e+00
-6.82693121381563996e-19 0.00000000000000000e+00
0.00000000000000000e+00 0.00000000000000000e+00
0.00000000000000000e+00 0.00000000000000000e+00
-1.05954643318696933e-19 0.00000000000000000e+00
2.79163091750718939e-18 0.00000000000000000e+00
0.00000000000000000e+00 0.00000000000000000e+00
0.00000000000000000e+00 0.00000000000000000e+00
8.17805738431612493e-19 0.00000000000000000e+00
0.00000000000000000e+00 0.00000000000000000e+00
-2.61138461786904478e-19 0.00000000000000000e+00
-4.06936344793233257e-19 0.00000000000000000e+00
0.00000000000000000e+00 0.00000000000000000e+00
0.00000000000000000e+00 0.00000000000000000e+00
-7.57714252092956360e-20 0.00000000000000000e+00
-2.25636289903714569e-18 0.00000000000000000e+00
0.00000000000000000e+00 0.00000000000000000e+00
-1.86566741540278426e-18 0.00000000000000000e+00
0.00000000000000000e+00 0.00000000000000000e+00
0.00000000000000000e+00 0.00000000000000000e+00
-5.48370676845939369e-20 0.00000000000000000e+00
9.90277098687743105e-19 0.00000000000000000e+00
0.00000000000000000e+00 0.00000000000000000e+00
0.00000000000000000e+00 0.00000000000000000e+00
-9.38731874223493985e-20 0.00000000000000000e+00
0.00000000000000000e+00 0.00000000000000000e+00
-4.14284545405870153e-19 0.00000000000000000e+00
3.78600604834032717e-19 0.00000000000000000e+00
0.00000000000000000e+00 0.00000000000000000e+00
1.18646590836558025e-18 0.00000000000000000e+00
0.00000000000000000e+00 0.00000000000000000e+00
0.00000000000000000e+00 0.00000000000000000e+00
8.08500769887244561e-19 0.00000000000000000e+00
0.00000000000000000e+00 0.00000000000000000e+00
6.59985158338600274e-19 0.00000000000000000e+00
2.68149425495431059e-19 0.00000000000000000e+00
0.00000000000000000e+00 0.00000000000000000e+00
0.00000000000000000e+00 0.00000000000000000e+00
6.57832610105457581e-19 0.00000000000000000e+00
1.44399584373020246e-20 0.00000000000000000e+00
0.00000000000000000e+00 0.00000000000000000e+00
1.86631972149052743e-18 0.00000000000000000e+00
0.00000000000000000e+00 0.00000000000000000e+00
0.00000000000000000e+00 0.00000000000000000e+00
-6.47119661580455643e-20 0.00000000000000000e+00
0.00000000000000000e+00 0.00000000000000000e+00
-7.43838831893468357e-19 0.00000000000000000e+00
5.87529930098075829e-19 0.00000000000000000e+00
0.00000000000000000e+00 0.00000000000000000e+00
4.05714444021126480e-18 0.00000000000000000e+00
0.00000000000000000e+00 0.00000000000000000e+00
0.00000000000000000e+00 0.00000000000000000e+00
1.31463883396189896e-21 0.00000000000000000e+00
-2.39884202778110217e-19 0.00000000000000000e+00
0.00000000000000000e+00 0.00000000000000000e+00
0.00000000000000000e+00 0.00000000000000000e+00
2.72291358143877587e-19 0.00000000000000000e+00
0.00000000000000000e+00 0.00000000000000000e+00
-1.30186370557325106e-19 0.00000000000000000e+00
-1.86771510985165115e-19 0.00000000000000000e+00
0.00000000000000000e+00 0.00000000000000000e+00
9.38530920262994819e-18 0.00000000000000000e+00
0.00000000000000000e+00 0.00000000000000000e+00
0.00000000000000000e+00 0.00000000000000000e+00
-6.23960309770174794e-19 0.00000000000000000e+00
0.00000000000000000e+00 0.00000000000000000e+00
4.15528322311488440e-19 0.00000000000000000e+00
-2.92782477838148645e-19 0.00000000000000000e+00
0.00000000000000000e+00 0.00000000000000000e+00
0.00000000000000000e+00 0.00000000000000000e+00
8.56966501818922222e-19 0.00000000000000000e+00
-8.90118047110955896e-19 0.00000000000000000e+00
0.00000000000000000e+00 0.00000000000000000e+00
-2.62794155448553752e-18 0.00000000000000000e+00
0.00000000000000000e+00 0.00000000000000000e+00
0.00000000000000000e+00 0.00000000000000000e+00
-3.08898179797755647e-19 0.00000000000000000e+00
5.51979458221845400e-18 0.00000000000000000e+00
0.00000000000000000e+00 0.00000000000000000e+00
0.00000000000000000e+00 0.00000000000000000e+00
1.66027236696567754e-19 0.00000000000000000e+00
0.00000000000000000e+00 0.00000000000000000e+00
1.82891404563203520e-19 0.00000000000000000e+00
8.61067983347693480e-20 0.00000000000000000e+00
0.00000000000000000e+00 0.00000000000000000e+00
0.00000000000000000e+00 0.00000000000000000e+00
2.84694277127382108e-19 0.00000000000000000e+00
8.41191508968134973e-19 0.00000000000000000e+00
0.00000000000000000e+00 0.00000000000000000e+00
-1.29610669096454757e-18 0.00000000000000000e+00
0.00000000000000000e+00 0.00000000000000000e+00
0.00000000000000000e+00 0.00000000000000000e+00
-5.58179351014272413e-19 0.00000000000000000e+00
0.00000000000000000e+00 0.00000000000000000e+00
2.20582688465418147e-18 0.00000000000000000e+00
7.87858394518763870e-19 0.00000000000000000e+00
0.00000000000000000e+00 0.00000000000000000e+00
3.75107116051839028e-18 0.00000000000000000e+00
0.00000000000000000e+00 0.00000000000000000e+00
0.00000000000000000e+00 0.00000000000000000e+00
-3.19547907477094880e-19 0.00000000000000000e+00
2.27738046420799695e-18 0.00000000000000000e+00
0.00000000000000000e+00 0.00000000000000000e+00
0.00000000000000000e+00 0.00000000000000000e+00
-4.82584121930348937e-19 0.00000000000000000e+00
0.00000000000000000e+00 0.00000000000000000e+00
-7.76416105616555055e-20 0.00000000000000000e+00
-7.74033048933179514e-19 0.00000000000000000e+00
0.00000000000000000e+00 0.00000000000000000e+00
0.00000000000000000e+00 0.00000000000000000e+00
7.16716699598166274e-19 0.00000000000000000e+00
7.09733937407209833e-18 0.00000000000000000e+00
0.00000000000000000e+00 0.00000000000000000e+00
-9.51063173008191694e-19 0.00000000000000000e+00
0.00000000000000000e+00 0.00000000000000000e+00
0.00000000000000000e+00 0.00000000000000000e+00
-2.74793140945992554e-19 0.00000000000000000e+00
-6.67829092035052775e-18 0.00000000000000000e+00
0.00000000000000000e+00 0.00000000000000000e+00
0.00000000000000000e+00 0.00000000000000000e+00
2.69874415938030003e-18 0.00000000000000000e+00
0.00000000000000000e+00 0.00000000000000000e+00
3.28383080807449069e-19 0.00000000000000000e+00
-3.16784196126834599e-18 0.00000000000000000e+00
0.00000000000000000e+00 0.00000000000000000e+00
7.45602388598271791e-18 0.00000000000000000e+00
0.00000000000000000e+00 0.00000000000000000e+00
0.00000000000000000e+00 0.00000000000000000e+00
-6.33213663796165858e-19 0.00000000000000000e+00
0.00000000000000000e+00 0.00000000000000000e+00
-1.60396088359788754e-20 0.00000000000000000e+00
1.97214273709866755e-18 0.00000000000000000e+00
0.00000000000000000e+00 0.00000000000000000e+00
0.00000000000000000e+00 0.00000000000000000e+00
-9.48266764674888073e-19 0.00000000000000000e+00
-1.88457148912913132e-20 0.00000000000000000e+00
0.00000000000000000e+00 0.00000000000000000e+00
-5.43903190000218117e-18 0.00000000000000000e+00
0.00000000000000000e+00 0.00000000000000000e+00
0.00000000000000000e+00 0.00000000000000000e+00
3.52617607794282553e-19 0.00000000000000000e+00
-1.25751150959080886e-17 0.00000000000000000e+00
0.00000000000000000e+00 0.00000000000000000e+00
0.00000000000000000e+00 0.00000000000000000e+00
3.48353250564792738e-19 0.00000000000000000e+00
0.00000000000000000e+00 0.00000000000000000e+00
5.96267660770635792e-19 0.00000000000000000e+00
2.15849201571713465e-18 0.00000000000000000e+00
0.00000000000000000e+00 0.00000000000000000e+00
0.00000000000000000e+00 0.00000000000000000e+00
-1.16640679418005811e-19 0.00000000000000000e+00
3.80708121147289337e-19 0.00000000000000000e+00
0.00000000000000000e+00 0.00000000000000000e+00
-3.41792911201801380e-18 0.00000000000000000e+00
0.00000000000000000e+00 0.00000000000000000e+00
0.00000000000000000e+00 0.00000000000000000e+00
9.05618341406408718e-19 0.00000000000000000e+00
0.00000000000000000e+00 0.00000000000000000e+00
2.21022487432155919e-18 0.00000000000000000e+00
3.40071292344772764e-18 0.00000000000000000e+00
0.00000000000000000e+00 0.00000000000000000e+00
-7.48498254444787651e-19 0.00000000000000000e+00
0.00000000000000000e+00 0.00000000000000000e+00
0.00000000000000000e+00 0.00000000000000000e+00
-1.50396311139744321e-20 0.00000000000000000e+00
-2.42392387465674570e-18 0.00000000000000000e+00
0.00000000000000000e+00 0.00000000000000000e+00
0.00000000000000000e+00 0.00000000000000000e+00
5.90016317212607087e-20 0.00000000000000000e+00
0.00000000000000000e+00 0.00000000000000000e+00
1.78357699291417084e-19 0.00000000000000000e+00
3.04004440585467008e-19 0.00000000000000000e+00
0.00000000000000000e+00 0.00000000000000000e+00
-9.17917126207812319e-18 0.00000000000000000e+00
0.00000000000000000e+00 0.00000000000000000e+00
0.00000000000000000e+00 0.00000000000000000e+00
-3.96632350475999558e-19 0.00000000000000000e+00
0.00000000000000000e+00 0.00000000000000000e+00
-1.84429113180526054e-18 0.00000000000000000e+00
-9.46810545794841294e-19 0.00000000000000000e+00
0.00000000000000000e+00 0.00000000000000000e+00
0.00000000000000000e+00 0.00000000000000000e+00
-9.03983832610232947e-19 0.00000000000000000e+00
2.20922441491623970e-18 0.00000000000000000e+00
0.00000000000000000e+00 0.00000000000000000e+00
9.81916081346642671e-19 0.00000000000000000e+00
0.00000000000000000e+00 0.00000000000000000e+00
0.00000000000000000e+00 0.00000000000000000e+00
-8.26987678434574232e-20 0.00000000000000000e+00
0.00000000000000000e+00 0.00000000000000000e+00
5.92310817709289439e-19 0.00000000000000000e+00
2.66639470034992757e-18 0.00000000000000000e+00
0.00000000000000000e+00 0.00000000000000000e+00
4.12761476707418307e-19 0.00000000000000000e+00
0.00000000000000000e+00 0.00000000000000000e+00
0.00000000000000000e+00 0.00000000000000000e+00
1.21472549494498514e-18 0.00000000000000000e+00
1.76307429988695249e-18 0.00000000000000000e+00
0.00000000000000000e+00 0.00000000000000000e+00
0.00000000000000000e+00 0.00000000000000000e+00
5.28775590575438795e-20 0.00000000000000000e+00
0.00000000000000000e+00 0.00000000000000000e+00
-7.06606700791626852e-19 0.00000000000000000e+00
1.26428248867373538e-18 0.00000000000000000e+00
0.00000000000000000e+00 0.00000000000000000e+00
0.00000000000000000e+00 0.00000000000000000e+00
-1.59881922535295926e-18 0.00000000000000000e+00
-2.99526795572920533e-18 0.00000000000000000e+00
0.00000000000000000e+00 0.00000000000000000e+00
-4.28835174755180283e-18 0.00000000000000000e+00
0.00000000000000000e+00 0.00000000000000000e+00
0.00000000000000000e+00 0.00000000000000000e+00
1.08024239860606320e-18 0.00000000000000000e+00
-4.49116897426344392e-18 0.00000000000000000e+00
0.00000000000000000e+00 0.00000000000000000e+00
0.00000000000000000e+00 0.00000000000000000e+00
6.51830955416686385e-19 0.00000000000000000e+00
0.00000000000000000e+00 0.00000000000000000e+00
5.42454433062633527e-19 0.00000000000000000e+00
-1.45933673609201918e-18 0.00000000000000000e+00
0.00000000000000000e+00 0.00000000000000000e+00
-6.92780639427291115e-18 0.00000000000000000e+00
0.00000000000000000e+00 0.00000000000000000e+00
0.00000000000000000e+00 0.00000000000000000e+00
6.53381445948176284e-19 0.00000000000000000e+00
0.00000000000000000e+00 0.00000000000000000e+00
3.09599576867658429e-19 0.00000000000000000e+00
1.37394573078739499e-18 0.00000000000000000e+00
0.00000000000000000e+00 0.00000000000000000e+00
0.00000000000000000e+00 0.00000000000000000e+00
-1.21179690384844494e-19 0.00000000000000000e+00
-2.24240434850882445e-18 0.00000000000000000e+00
0.00000000000000000e+00 0.00000000000000000e+00
-4.44529343516058539e-18 0.00000000000000000e+00
0.00000000000000000e+00 0.00000000000000000e+00
0.00000000000000000e+00 0.00000000000000000e+00
-2.67954672109254127e-19 0.00000000000000000e+00
-7.01487993533260505e-18 0.00000000000000000e+00
0.00000000000000000e+00 0.00000000000000000e+00
0.00000000000000000e+00 0.00000000000000000e+00
-6.01700351383092261e-20 0.00000000000000000e+00
0.00000000000000000e+00 0.00000000000000000e+00
-4.99082782159471772e-19 0.00000000000000000e+00
1.10408515927281960e-18 0.00000000000000000e+00
0.00000000000000000e+00 0.00000000000000000e+00
0.00000000000000000e+00 0.00000000000000000e+00
3.19032753393324082e-19 0.00000000000000000e+00
7.66125993241108548e-19 0.00000000000000000e+00
0.00000000000000000e+00 0.00000000000000000e+00
-1.04290125025364711e-18 0.00000000000000000e+00
0.00000000000000000e+00 0.00000000000000000e+00
0.00000000000000000e+00 0.00000000000000000e+00
6.67839270170515471e-19 0.00000000000000000e+00
0.00000000000000000e+00 0.00000000000000000e+00
6.52760147976436989e-19 0.00000000000000000e+00
-2.89862458186385065e-19 0.00000000000000000e+00
0.00000000000000000e+00 0.00000000000000000e+00
5.09878000855351645e-19 0.00000000000000000e+00
0.00000000000000000e+00 0.00000000000000000e+00
0.00000000000000000e+00 0.00000000000000000e+00
7.97594437759367698e-19 0.00000000000000000e+00
1.43572223897818268e-18 0.00000000000000000e+00
0.00000000000000000e+00 0.00000000000000000e+00
0.00000000000000000e+00 0.00000000000000000e+00
-1.85443476252929771e-20 0.00000000000000000e+00
0.00000000000000000e+00 0.00000000000000000e+00
5.17023835344049076e-19 0.00000000000000000e+00
1.02740840264100333e-19 0.00000000000000000e+00
0.00000000000000000e+00 0.00000000000000000e+00
0.00000000000000000e+00 0.00000000000000000e+00
2.47489791792676470e-18 0.00000000000000000e+00
-3.27750684101698588e-19 0.00000000000000000e+00
0.00000000000000000e+00 0.00000000000000000e+00
2.95050662773483271e-18 0.00000000000000000e+00
0.00000000000000000e+00 0.00000000000000000e+00
0.00000000000000000e+00 0.00000000000000000e+00
-4.16007125430581678e-19 0.00000000000000000e+00
5.58785306210491361e-18 0.00000000000000000e+00
0.00000000000000000e+00 0.00000000000000000e+00
0.00000000000000000e+00 0.00000000000000000e+00
8.59974949008922717e-19 0.00000000000000000e+00
0.00000000000000000e+00 0.00000000000000000e+00
1.35557813354557517e-19 0.00000000000000000e+00
-7.72419984909069398e-20 0.00000000000000000e+00
0.00000000000000000e+00 0.00000000000000000e+00
-2.47316295076544295e-18 0.00000000000000000e+00
0.00000000000000000e+00 0.00000000000000000e+00
0.00000000000000000e+00 0.00000000000000000e+00
5.06135380686500863e-19 0.00000000000000000e+00
0.00000000000000000e+00 0.00000000000000000e+00
5.68331551736722289e-19 0.00000000000000000e+00
1.91686427044864718e-19 0.00000000000000000e+00
0.00000000000000000e+00 0.00000000000000000e+00
0.00000000000000000e+00 0.00000000000000000e+00
7.50920365147721619e-20 0.00000000000000000e+00
5.39287852780496580e-19 0.00000000000000000e+00
0.00000000000000000e+00 0.00000000000000000e+00
-6.47857639046673289e-19 0.00000000000000000e+00
0.00000000000000000e+00 0.00000000000000000e+00
0.00000000000000000e+00 0.00000000000000000e+00
7.48984870217220484e-19 0.00000000000000000e+00
0.00000000000000000e+00 0.00000000000000000e+00
4.42564282108078940e-19 0.00000000000000000e+00
1.51711506987926530e-20 0.00000000000000000e+00
0.00000000000000000e+00 0.00000000000000000e+00
-4.83359529669252275e-18 0.00000000000000000e+00
0.00000000000000000e+00 0.00000000000000000e+00
0.00000000000000000e+00 0.00000000000000000e+00
-2.65609274523073999e-19 0.00000000000000000e+00
2.73284481819983473e-18 0.00000000000000000e+00
0.00000000000000000e+00 0.00000000000000000e+00
0.00000000000000000e+00 0.00000000000000000e+00
8.68091697598911548e-19 0.00000000000000000e+00
0.00000000000000000e+00 0.00000000000000000e+00
-4.52577466574829432e-20 0.00000000000000000e+00
1.92846689250146180e-19 0.00000000000000000e+00
0.00000000000000000e+00 0.00000000000000000e+00
2.73668821985884181e-18 0.00000000000000000e+00
0.00000000000000000e+00 0.00000000000000000e+00
0.00000000000000000e+00 0.00000000000000000e+00
6.92014011193587805e-19 0.00000000000000000e+00
0.00000000000000000e+00 0.00000000000000000e+00
1.69972340254829854e-19 0.00000000000000000e+00
1.90346463955572559e-18 0.00000000000000000e+00
0.00000000000000000e+00 0.00000000000000000e+00
0.00000000000000000e+00 0.00000000000000000e+00
-1.31990562750841951e-18 0.00000000000000000e+00
1.95808414378209084e-18 0.00000000000000000e+00
0.00000000000000000e+00 0.00000000000000000e+00
-1.24486767954353706e-18 0.00000000000000000e+00
0.00000000000000000e+00 0.00000000000000000e+00
0.00000000000000000e+00 0.00000000000000000e+00
-5.26222887659742597e-19 0.00000000000000000e+00
-6.30258468217882248e-19 0.00000000000000000e+00
0.00000000000000000e+00 0.00000000000000000e+00
0.00000000000000000e+00 0.00000000000000000e+00
-1.08292387735813561e-19 0.00000000000000000e+00
0.00000000000000000e+00 0.00000000000000000e+00
-3.52885546938910269e-19 0.00000000000000000e+00
4.78791017665806356e-19 0.00000000000000000e+00
0.00000000000000000e+00 0.00000000000000000e+00
0.00000000000000000e+00 0.00000000000000000e+00
-7.25388172377975363e-19 0.00000000000000000e+00
-1.23411923018487552e-18 0.00000000000000000e+00
0.00000000000000000e+00 0.00000000000000000e+00
-1.86556951827291148e-18 0.00000000000000000e+00
0.00000000000000000e+00 0.00000000000000000e+00
0.00000000000000000e+00 0.00000000000000000e+00
5.16248888569114788e-19 0.00000000000000000e+00
0.00000000000000000e+00 0.00000000000000000e+00
5.23439147284455429e-20 0.00000000000000000e+00
-3.67966787991525733e-19 0.00000000000000000e+00
0.00000000000000000e+00 0.00000000000000000e+00
-6.99558591215233487e-19 0.00000000000000000e+00
0.00000000000000000e+00 0.00000000000000000e+00
0.00000000000000000e+00 0.00000000000000000e+00
6.77728967391215139e-19 0.00000000000000000e+00
2.69273157093134609e-20 0.00000000000000000e+00
0.00000000000000000e+00 0.00000000000000000e+00
0.00000000000000000e+00 0.00000000000000000e+00
6.81907776455075208e-19 0.00000000000000000e+00
0.00000000000000000e+00 0.00000000000000000e+00
-9.40911985849516363e-19 0.00000000000000000e+00
-3.84324842204125130e-19 0.00000000000000000e+00
0.00000000000000000e+00 0.00000000000000000e+00
-1.71543115239958062e-17 0.00000000000000000e+00
0.00000000000000000e+00 0.00000000000000000e+00
0.00000000000000000e+00 0.00000000000000000e+00
3.45222691496219555e-19 0.00000000000000000e+00
0.00000000000000000e+00 0.00000000000000000e+00
1.23583760806016973e-20 0.00000000000000000e+00
-1.00177537634666936e-18 0.00000000000000000e+00
0.00000000000000000e+00 0.00000000000000000e+00
0.00000000000000000e+00 0.00000000000000000e+00
4.12581913753735206e-19 0.00000000000000000e+00
1.11683219637686773e-18 0.00000000000000000e+00
0.00000000000000000e+00 0.00000000000000000e+00
-1.50554952717439649e-18 0.00000000000000000e+00
0.00000000000000000e+00 0.00000000000000000e+00
0.00000000000000000e+00 0.00000000000000000e+00
-1.73645416863232102e-19 0.00000000000000000e+00
0.00000000000000000e+00 0.00000000000000000e+00
8.48677968232642521e-20 0.00000000000000000e+00
3.06696380264746470e-19 0.00000000000000000e+00
0.00000000000000000e+00 0.00000000000000000e+00
-5.07993237062449306e-19 0.00000000000000000e+00
0.00000000000000000e+00 0.00000000000000000e+00
0.00000000000000000e+00 0.00000000000000000e+00
4.78801585962045775e-19 0.00000000000000000e+00
1.94580520187206978e-18 0.00000000000000000e+00
0.00000000000000000e+00 0.00000000000000000e+00
0.00000000000000000e+00 0.00000000000000000e+00
3.90685920388772459e-19 0.00000000000000000e+00
0.00000000000000000e+00 0.00000000000000000e+00
4.80058042505722070e-21 0.00000000000000000e+00
1.54975621289933103e-18 0.00000000000000000e+00
0.00000000000000000e+00 0.00000000000000000e+00
0.00000000000000000e+00 0.00000000000000000e+00
2.99517490939334602e-19 0.00000000000000000e+00
-1.45367269189823809e-18 0.00000000000000000e+00
0.00000000000000000e+00 0.00000000000000000e+00
2.08766508408913107e-18 0.00000000000000000e+00
0.00000000000000000e+00 0.00000000000000000e+00
0.00000000000000000e+00 0.00000000000000000e+00
1.71047852744703273e-18 0.00000000000000000e+00
-4.77188777008976103e-19 0.00000000000000000e+00
0.00000000000000000e+00 0.00000000000000000e+00
0.00000000000000000e+00 0.00000000000000000e+00
1.11202093420243837e-18 0.00000000000000000e+00
0.00000000000000000e+00 0.00000000000000000e+00
1.42143103389058200e-18 0.00000000000000000e+00
1.34943617046779036e-18 0.00000000000000000e+00
0.00000000000000000e+00 0.00000000000000000e+00
-2.10343414594231147e-18 0.00000000000000000e+00
0.00000000000000000e+00 0.00000000000000000e+00
0.00000000000000000e+00 0.00000000000000000e+00
4.50644753084038081e-19 0.00000000000000000e+00
0.00000000000000000e+00 0.00000000000000000e+00
7.63210078156181794e-19 0.00000000000000000e+00
2.03910044245970552e-18 0.00000000000000000e+00
0.00000000000000000e+00 0.00000000000000000e+00
0.00000000000000000e+00 0.00000000000000000e+00
6.29032253970384058e-19 0.00000000000000000e+00
-2.01967453349945236e-19 0.00000000000000000e+00
0.00000000000000000e+00 0.00000000000000000e+00
4.11908448680443250e-19 0.00000000000000000e+00
0.00000000000000000e+00 0.00000000000000000e+00
0.00000000000000000e+00 0.00000000000000000e+00
9.08192860675971941e-20 0.00000000000000000e+00
0.00000000000000000e+00 0.00000000000000000e+00
-3.76124986221759562e-19 0.00000000000000000e+00
-3.11712991688941927e-18 0.00000000000000000e+00
0.00000000000000000e+00 0.00000000000000000e+00
-1.68591973442253050e-18 0.00000000000000000e+00
0.00000000000000000e+00 0.00000000000000000e+00
0.00000000000000000e+00 0.00000000000000000e+00
-1.16873924716167147e-19 0.00000000000000000e+00
-2.51146038688615319e-18 0.00000000000000000e+00
0.00000000000000000e+00 0.00000000000000000e+00
0.00000000000000000e+00 0.00000000000000000e+00
4.33353406118632234e-19 0.00000000000000000e+00
0.00000000000000000e+00 0.00000000000000000e+00
-5.05856792260905301e-19 0.00000000000000000e+00
-3.94360886174200260e-19 0.00000000000000000e+00
0.00000000000000000e+00 0.00000000000000000e+00
-1.40324273972774498e-18 0.00000000000000000e+00
0.00000000000000000e+00 0.00000000000000000e+00
0.00000000000000000e+00 0.00000000000000000e+00
3.11456471330113417e-19 0.00000000000000000e+00
0.00000000000000000e+00 0.00000000000000000e+00
1.73979488274219155e-19 0.00000000000000000e+00
9.09945774055137211e-19 0.00000000000000000e+00
0.00000000000000000e+00 0.00000000000000000e+00
0.00000000000000000e+00 0.00000000000000000e+00
5.39271109466584073e-20 0.00000000000000000e+00
1.40978655608246816e-18 0.00000000000000000e+00
0.00000000000000000e+00 0.00000000000000000e+00
-1.44169657456927299e-18 0.00000000000000000e+00
0.00000000000000000e+00 0.00000000000000000e+00
0.00000000000000000e+00 0.00000000000000000e+00
-9.78476457755769125e-19 0.00000000000000000e+00
-7.60017915073770811e-18 0.00000000000000000e+00
0.00000000000000000e+00 0.00000000000000000e+00
0.00000000000000000e+00 0.00000000000000000e+00
-1.48615767633491412e-19 0.00000000000000000e+00
0.00000000000000000e+00 0.00000000000000000e+00
6.49112024536565597e-19 0.00000000000000000e+00
1.23476474333752311e-18 0.00000000000000000e+00
0.00000000000000000e+00 0.00000000000000000e+00
0.00000000000000000e+00 0.00000000000000000e+00
-1.49647577696362144e-18 0.00000000000000000e+00
-7.04677817110826165e-19 0.00000000000000000e+00
0.00000000000000000e+00 0.00000000000000000e+00
-1.33093154235032184e-18 0.00000000000000000e+00
0.00000000000000000e+00 0.00000000000000000e+00
0.00000000000000000e+00 0.00000000000000000e+00
-8.33232688162529798e-20 0.00000000000000000e+00
0.00000000000000000e+00 0.00000000000000000e+00
3.42290069665341314e-19 0.00000000000000000e+00
3.52102339682637169e-19 0.00000000000000000e+00
0.00000000000000000e+00 0.00000000000000000e+00
-2.11675070441061235e-18 0.00000000000000000e+00
0.00000000000000000e+00 0.00000000000000000e+00
0.00000000000000000e+00 0.00000000000000000e+00
-1.31433105730579324e-19 0.00000000000000000e+00
-4.05006145307012938e-18 0.00000000000000000e+00
0.00000000000000000e+00 0.00000000000000000e+00
0.00000000000000000e+00 0.00000000000000000e+00
8.10731409956586778e-19 0.00000000000000000e+00
0.00000000000000000e+00 0.00000000000000000e+00
-2.05009537106334249e-19 0.00000000000000000e+00
-2.75533373807585086e-18 0.00000000000000000e+00
0.00000000000000000e+00 0.00000000000000000e+00
0.00000000000000000e+00 0.00000000000000000e+00
1.06930279079205362e-18 0.00000000000000000e+00
2.89191109715703086e-18 0.00000000000000000e+00
0.00000000000000000e+00 0.00000000000000000e+00
-5.15917797600205799e-18 0.00000000000000000e+00
0.00000000000000000e+00 0.00000000000000000e+00
0.00000000000000000e+00 0.00000000000000000e+00
1.20310715137682697e-18 0.00000000000000000e+00
-5.09075602571042039e-18 0.00000000000000000e+00
0.00000000000000000e+00 0.00000000000000000e+00
0.00000000000000000e+00 0.00000000000000000e+00
4.46472995400926171e-19 0.00000000000000000e+00
0.00000000000000000e+00 0.00000000000000000e+00
-3.83093670630269397e-19 0.00000000000000000e+00
3.27274929385794148e-19 0.00000000000000000e+00
0.00000000000000000e+00 0.00000000000000000e+00
-3.05441403592170018e-18 0.00000000000000000e+00
0.00000000000000000e+00 0.00000000000000000e+00
0.00000000000000000e+00 0.00000000000000000e+00
2.47931034972295180e-19 0.00000000000000000e+00
0.00000000000000000e+00 0.00000000000000000e+00
1.62445167169432907e-18 0.00000000000000000e+00
-6.68547707831693127e-19 0.00000000000000000e+00
0.00000000000000000e+00 0.00000000000000000e+00
0.00000000000000000e+00 0.00000000000000000e+00
-7.89147221061529734e-19 0.00000000000000000e+00
-5.82373118156956313e-20 0.00000000000000000e+00
0.00000000000000000e+00 0.00000000000000000e+00
-4.74378472221262139e-18 0.00000000000000000e+00
0.00000000000000000e+00 0.00000000000000000e+00
0.00000000000000000e+00 0.00000000000000000e+00
9.96078169786720017e-19 0.00000000000000000e+00
-1.73466224811888456e-18 0.00000000000000000e+00
0.00000000000000000e+00 0.00000000000000000e+00
0.00000000000000000e+00 0.00000000000000000e+00
9.72532887661157208e-19 0.00000000000000000e+00
0.00000000000000000e+00 0.00000000000000000e+00
6.23914963901273928e-19 0.00000000000000000e+00
3.02722673218154007e-19 0.00000000000000000e+00
0.00000000000000000e+00 0.00000000000000000e+00
0.00000000000000000e+00 0.00000000000000000e+00
2.59327545672889904e-20 0.00000000000000000e+00
1.17916721477870058e-20 0.00000000000000000e+00
0.00000000000000000e+00 0.00000000000000000e+00
1.69919240795415558e-19 0.00000000000000000e+00
0.00000000000000000e+00 0.00000000000000000e+00
0.00000000000000000e+00 0.00000000000000000e+00
4.45123815674596486e-19 0.00000000000000000e+00
0.00000000000000000e+00 0.00000000000000000e+00
9.84295473877349442e-19 0.00000000000000000e+00
-6.23828168713614017e-19 0.00000000000000000e+00
0.00000000000000000e+00 0.00000000000000000e+00
-1.85272961634094863e-18 0.00000000000000000e+00
0.00000000000000000e+00 0.00000000000000000e+00
0.00000000000000000e+00 0.00000000000000000e+00
-5.64974241578654201e-19 0.00000000000000000e+00
-1.03375129491574155e-18 0.00000000000000000e+00
0.00000000000000000e+00 0.00000000000000000e+00
0.00000000000000000e+00 0.00000000000000000e+00
-3.92430033147628310e-19 0.00000000000000000e+00
0.00000000000000000e+00 0.00000000000000000e+00
-6.83551476687028588e-19 0.00000000000000000e+00
7.66443256684796521e-19 0.00000000000000000e+00
0.00000000000000000e+00 0.00000000000000000e+00
-6.56916131742077583e-18 0.00000000000000000e+00
0.00000000000000000e+00 0.00000000000000000e+00
0.00000000000000000e+00 0.00000000000000000e+00
-2.11884989044714338e-19 0.00000000000000000e+00
0.00000000000000000e+00 0.00000000000000000e+00
8.02857610015094031e-19 0.00000000000000000e+00
1.17007336416422561e-18 0.00000000000000000e+00
0.00000000000000000e+00 0.00000000000000000e+00
0.00000000000000000e+00 0.00000000000000000e+00
-1.44105881435587994e-19 0.00000000000000000e+00
1.45921402016968788e-18 0.00000000000000000e+00
0.00000000000000000e+00 0.00000000000000000e+00
-1.12616638149554981e-19 0.00000000000000000e+00
0.00000000000000000e+00 0.00000000000000000e+00
0.00000000000000000e+00 0.00000000000000000e+00
6.25513785711015956e-19 0.00000000000000000e+00
0.00000000000000000e+00 0.00000000000000000e+00
1.08970948149188531e-18 0.00000000000000000e+00
7.12670064478993115e-19 0.00000000000000000e+00
0.00000000000000000e+00 0.00000000000000000e+00
-6.06241803894959261e-19 0.00000000000000000e+00
0.00000000000000000e+00 0.00000000000000000e+00
0.00000000000000000e+00 0.00000000000000000e+00
-5.61559449362725553e-20 0.00000000000000000e+00
-3.20924358803422789e-18 0.00000000000000000e+00
0.00000000000000000e+00 0.00000000000000000e+00
0.00000000000000000e+00 0.00000000000000000e+00
-4.99611155811969688e-19 0.00000000000000000e+00
0.00000000000000000e+00 0.00000000000000000e+00
6.53148644148602445e-19 0.00000000000000000e+00
1.01993279298505312e-18 0.00000000000000000e+00
0.00000000000000000e+00 0.00000000000000000e+00
0.00000000000000000e+00 0.00000000000000000e+00
5.87297705079759321e-19 0.00000000000000000e+00
-1.95129797265082950e-18 0.00000000000000000e+00
0.00000000000000000e+00 0.00000000000000000e+00
2.33017090014628652e-19 0.00000000000000000e+00
0.00000000000000000e+00 0.00000000000000000e+00
0.00000000000000000e+00 0.00000000000000000e+00
8.68594167700236264e-20 0.00000000000000000e+00
6.15837997569672917e-19 0.00000000000000000e+00
0.00000000000000000e+00 0.00000000000000000e+00
0.00000000000000000e+00 0.00000000000000000e+00
-2.52692140342219964e-19 0.00000000000000000e+00
0.00000000000000000e+00 0.00000000000000000e+00
-3.10170317636519531e-19 0.00000000000000000e+00
-8.43205736635604219e-19 0.00000000000000000e+00
0.00000000000000000e+00 0.00000000000000000e+00
1.33115720955840471e-18 0.00000000000000000e+00
0.00000000000000000e+00 0.00000000000000000e+00
0.00000000000000000e+00 0.00000000000000000e+00
-1.64074002207197870e-19 0.00000000000000000e+00
0.00000000000000000e+00 0.00000000000000000e+00
-3.42184116287649858e-19 0.00000000000000000e+00
-7.67109811076765573e-19 0.00000000000000000e+00
0.00000000000000000e+00 0.00000000000000000e+00
0.00000000000000000e+00 0.00000000000000000e+00
6.33878042267837435e-19 0.00000000000000000e+00
6.83347241903206975e-19 0.00000000000000000e+00
0.00000000000000000e+00 0.00000000000000000e+00
-1.81914093422323725e-19 0.00000000000000000e+00
0.00000000000000000e+00 0.00000000000000000e+00
0.00000000000000000e+00 0.00000000000000000e+00
-4.66368930295043911e-19 0.00000000000000000e+00
-2.13862048547338436e-17 0.00000000000000000e+00
0.00000000000000000e+00 0.00000000000000000e+00
0.00000000000000000e+00 0.00000000000000000e+00
5.29486518911224727e-20 0.00000000000000000e+00
0.00000000000000000e+00 0.00000000000000000e+00
4.73940434136203728e-19 0.00000000000000000e+00
-9.73770110044287041e-19 0.00000000000000000e+00
0.00000000000000000e+00 0.00000000000000000e+00
0.00000000000000000e+00 0.00000000000000000e+00
-1.51329068219834756e-19 0.00000000000000000e+00
-1.44908464887033863e-18 0.00000000000000000e+00
0.00000000000000000e+00 0.00000000000000000e+00
-8.30665650244845878e-20 0.00000000000000000e+00
0.00000000000000000e+00 0.00000000000000000e+00
0.00000000000000000e+00 0.00000000000000000e+00
3.01669910987860037e-19 0.00000000000000000e+00
0.00000000000000000e+00 0.00000000000000000e+00
3.11772055558328295e-19 0.00000000000000000e+00
6.59594769432506895e-19 0.00000000000000000e+00
0.00000000000000000e+00 0.00000000000000000e+00
1.00800258952742381e-18 0.00000000000000000e+00
0.00000000000000000e+00 0.00000000000000000e+00
0.00000000000000000e+00 0.00000000000000000e+00
9.51056980036738242e-20 0.00000000000000000e+00
1.23083418660667916e-18 0.00000000000000000e+00
0.00000000000000000e+00 0.00000000000000000e+00
0.00000000000000000e+00 0.00000000000000000e+00
4.03494412536733669e-19 0.00000000000000000e+00
0.00000000000000000e+00 0.00000000000000000e+00
-2.11054679868813031e-19 0.00000000000000000e+00
-7.91299719335389991e-20 0.00000000000000000e+00
0.00000000000000000e+00 0.00000000000000000e+00
0.00000000000000000e+00 0.00000000000000000e+00
-2.24554487842456533e-18 0.00000000000000000e+00
-1.90889379188822583e-18 0.00000000000000000e+00
0.00000000000000000e+00 0.00000000000000000e+00
-1.07869674148176779e-18 0.00000000000000000e+00
0.00000000000000000e+00 0.00000000000000000e+00
0.00000000000000000e+00 0.00000000000000000e+00
-5.94441503263050289e-19 0.00000000000000000e+00
-1.46437623558714950e-18 0.00000000000000000e+00
0.00000000000000000e+00 0.00000000000000000e+00
0.00000000000000000e+00 0.00000000000000000e+00
-4.10318714641011400e-20 0.00000000000000000e+00
0.00000000000000000e+00 0.00000000000000000e+00
6.90460907933978951e-20 0.00000000000000000e+00
5.66145532158063434e-19 0.00000000000000000e+00
0.00000000000000000e+00 0.00000000000000000e+00
-4.08915849499528799e-19 0.00000000000000000e+00
0.00000000000000000e+00 0.00000000000000000e+00
0.00000000000000000e+00 0.00000000000000000e+00
-2.02085334305265984e-19 0.00000000000000000e+00
0.00000000000000000e+00 0.00000000000000000e+00
-6.70720025870137450e-19 0.00000000000000000e+00
-8.84466692063883489e-19 0.00000000000000000e+00
0.00000000000000000e+00 0.00000000000000000e+00
0.00000000000000000e+00 0.00000000000000000e+00
2.45582390314281989e-19 0.00000000000000000e+00
-2.68407971410005763e-19 0.00000000000000000e+00
0.00000000000000000e+00 0.00000000000000000e+00
7.03123785015317488e-19 0.00000000000000000e+00
0.00000000000000000e+00 0.00000000000000000e+00
0.00000000000000000e+00 0.00000000000000000e+00
-8.94137867284422775e-19 0.00000000000000000e+00
0.00000000000000000e+00 0.00000000000000000e+00
-2.62041836097322228e-18 0.00000000000000000e+00
-1.84674048301213644e-19 0.00000000000000000e+00
0.00000000000000000e+00 0.00000000000000000e+00
-1.12141351920757688e-18 0.00000000000000000e+00
0.00000000000000000e+00 0.00000000000000000e+00
0.00000000000000000e+00 0.00000000000000000e+00
-4.07044076215762822e-19 0.00000000000000000e+00
-5.25863570783796205e-19 0.00000000000000000e+00
0.00000000000000000e+00 0.00000000000000000e+00
0.00000000000000000e+00 0.00000000000000000e+00
8.16120756916379529e-20 0.00000000000000000e+00
0.00000000000000000e+00 0.00000000000000000e+00
1.09945189918510896e-19 0.00000000000000000e+00
1.01442026176222146e-18 0.00000000000000000e+00
0.00000000000000000e+00 0.00000000000000000e+00
1.84695530037627238e-18 0.00000000000000000e+00
0.00000000000000000e+00 0.00000000000000000e+00
0.00000000000000000e+00 0.00000000000000000e+00
5.06668451785636466e-19 0.00000000000000000e+00
0.00000000000000000e+00 0.00000000000000000e+00
5.10945204081933077e-19 0.00000000000000000e+00
1.23194959174999395e-18 0.00000000000000000e+00
0.00000000000000000e+00 0.00000000000000000e+00
0.00000000000000000e+00 0.00000000000000000e+00
3.82075313340994999e-19 0.00000000000000000e+00
-3.10041444661219863e-19 0.00000000000000000e+00
0.00000000000000000e+00 0.00000000000000000e+00
1.49582493358603910e-18 0.00000000000000000e+00
0.00000000000000000e+00 0.00000000000000000e+00
0.00000000000000000e+00 0.00000000000000000e+00
-6.68455091230585077e-19 0.00000000000000000e+00
7.32921200359545292e-19 0.00000000000000000e+00
0.00000000000000000e+00 0.00000000000000000e+00
0.00000000000000000e+00 0.00000000000000000e+00
-3.05756513593482824e-20 0.00000000000000000e+00
0.00000000000000000e+00 0.00000000000000000e+00
3.66755818969619062e-19 0.00000000000000000e+00
4.35776768622788467e-19 0.00000000000000000e+00
0.00000000000000000e+00 0.00000000000000000e+00
0.00000000000000000e+00 0.00000000000000000e+00
1.41585393504863377e-19 0.00000000000000000e+00
-2.01556408070998565e-19 0.00000000000000000e+00
0.00000000000000000e+00 0.00000000000000000e+00
-7.49417033724357997e-19 0.00000000000000000e+00
0.00000000000000000e+00 0.00000000000000000e+00
0.00000000000000000e+00 0.00000000000000000e+00
4.49506809821305259e-19 0.00000000000000000e+00
0.00000000000000000e+00 0.00000000000000000e+00
-5.29187090335284451e-19 0.00000000000000000e+00
-1.18943984875783766e-18 0.00000000000000000e+00
0.00000000000000000e+00 0.00000000000000000e+00
1.12268077317798695e-18 0.00000000000000000e+00
0.00000000000000000e+00 0.00000000000000000e+00
0.00000000000000000e+00 0.00000000000000000e+00
2.69570411501770648e-19 0.00000000000000000e+00
3.28531233831555056e-18 0.00000000000000000e+00
0.00000000000000000e+00 0.00000000000000000e+00
0.00000000000000000e+00 0.00000000000000000e+00
-4.77832190870875789e-19 0.00000000000000000e+00
0.00000000000000000e+00 0.00000000000000000e+00
-1.11556313810017568e-19 0.00000000000000000e+00
-3.45777842169515447e-19 0.00000000000000000e+00
0.00000000000000000e+00 0.00000000000000000e+00
0.00000000000000000e+00 0.00000000000000000e+00
1.68005588477222014e-18 0.00000000000000000e+00
1.30902088525219400e-18 0.00000000000000000e+00
0.00000000000000000e+00 0.00000000000000000e+00
8.04567469874105200e-19 0.00000000000000000e+00
0.00000000000000000e+00 0.00000000000000000e+00
0.00000000000000000e+00 0.00000000000000000e+00
1.48130539201466425e-19 0.00000000000000000e+00
1.51639602962497671e-18 0.00000000000000000e+00
0.00000000000000000e+00 0.00000000000000000e+00
0.00000000000000000e+00 0.00000000000000000e+00
4.58898506929765166e-19 0.00000000000000000e+00
0.00000000000000000e+00 0.00000000000000000e+00
-1.81435082924379380e-19 0.00000000000000000e+00
-8.80029466800580593e-19 0.00000000000000000e+00
0.00000000000000000e+00 0.00000000000000000e+00
2.21289896957922749e-18 0.00000000000000000e+00
0.00000000000000000e+00 0.00000000000000000e+00
0.00000000000000000e+00 0.00000000000000000e+00
3.59343780600757740e-19 0.00000000000000000e+00
0.00000000000000000e+00 0.00000000000000000e+00
-5.87403352280228212e-20 0.00000000000000000e+00
-6.27993716014624314e-19 0.00000000000000000e+00
0.00000000000000000e+00 0.00000000000000000e+00
0.00000000000000000e+00 0.00000000000000000e+00
-3.54858197970604367e-19 0.00000000000000000e+00
-2.57718778951997832e-19 0.00000000000000000e+00
0.00000000000000000e+00 0.00000000000000000e+00
-8.62704134895720482e-20 0.00000000000000000e+00
0.00000000000000000e+00 0.00000000000000000e+00
0.00000000000000000e+00 0.00000000000000000e+00
4.33222176354590532e-19 0.00000000000000000e+00
5.69270268242298278e-18 0.00000000000000000e+00
0.00000000000000000e+00 0.00000000000000000e+00
0.00000000000000000e+00 0.00000000000000000e+00
-2.99760536085664188e-19 0.00000000000000000e+00
0.00000000000000000e+00 0.00000000000000000e+00
-2.80994253957346252e-19 0.00000000000000000e+00
5.89168472478051624e-19 0.00000000000000000e+00
0.00000000000000000e+00 0.00000000000000000e+00
0.00000000000000000e+00 0.00000000000000000e+00
-5.66081435454995996e-19 0.00000000000000000e+00
3.07608515269140254e-19 0.00000000000000000e+00
0.00000000000000000e+00 0.00000000000000000e+00
3.16847315482239479e-19 0.00000000000000000e+00
0.00000000000000000e+00 0.00000000000000000e+00
0.00000000000000000e+00 0.00000000000000000e+00
1.80070591036568061e-20 0.00000000000000000e+00
0.00000000000000000e+00 0.00000000000000000e+00
7.67755291196304662e-19 0.00000000000000000e+00
-8.48526962769248355e-20 0.00000000000000000e+00
0.00000000000000000e+00 0.00000000000000000e+00
-3.65033535688538483e-19 0.00000000000000000e+00
0.00000000000000000e+00 0.00000000000000000e+00
0.00000000000000000e+00 0.00000000000000000e+00
6.84400534019246206e-19 0.00000000000000000e+00
-2.30519779753935065e-18 0.00000000000000000e+00
0.00000000000000000e+00 0.00000000000000000e+00
0.00000000000000000e+00 0.00000000000000000e+00
-5.84523270618193785e-19 0.00000000000000000e+00
0.00000000000000000e+00 0.00000000000000000e+00
2.32245759959951196e-19 0.00000000000000000e+00
5.83734554809195220e-19 0.00000000000000000e+00
0.00000000000000000e+00 0.00000000000000000e+00
2.19906822509806152e-18 0.00000000000000000e+00
0.00000000000000000e+00 0.00000000000000000e+00
0.00000000000000000e+00 0.00000000000000000e+00
3.12030108293664838e-19 0.00000000000000000e+00
0.00000000000000000e+00 0.00000000000000000e+00
2.12505653378762860e-19 0.00000000000000000e+00
-2.33075567946722692e-19 0.00000000000000000e+00
0.00000000000000000e+00 0.00000000000000000e+00
0.00000000000000000e+00 0.00000000000000000e+00
-1.79360736629794727e-19 0.00000000000000000e+00
-2.71102888555126731e-19 0.00000000000000000e+00
0.00000000000000000e+00 0.00000000000000000e+00
-3.87127796116702571e-19 0.00000000000000000e+00
0.00000000000000000e+00 0.00000000000000000e+00
0.00000000000000000e+00 0.00000000000000000e+00
-3.07620491859324429e-20 0.00000000000000000e+00
0.00000000000000000e+00 0.00000000000000000e+00
4.53407806806772618e-19 0.00000000000000000e+00
-1.40325844220498585e-18 0.00000000000000000e+00
0.00000000000000000e+00 0.00000000000000000e+00
-1.62417914967665694e-20 0.00000000000000000e+00
0.00000000000000000e+00 0.00000000000000000e+00
0.00000000000000000e+00 0.00000000000000000e+00
3.03438335524468013e-19 0.00000000000000000e+00
-1.70126986056351150e-18 0.00000000000000000e+00
0.00000000000000000e+00 0.00000000000000000e+00
0.00000000000000000e+00 0.00000000000000000e+00
-1.49749345668706330e-19 0.00000000000000000e+00
0.00000000000000000e+00 0.00000000000000000e+00
4.74220642864560326e-19 0.00000000000000000e+00
-8.07848372486537897e-19 0.00000000000000000e+00
0.00000000000000000e+00 0.00000000000000000e+00
0.00000000000000000e+00 0.00000000000000000e+00
1.01088854760527020e-18 0.00000000000000000e+00
2.00920741907830193e-18 0.00000000000000000e+00
0.00000000000000000e+00 0.00000000000000000e+00
1.45373853503877965e-18 0.00000000000000000e+00
0.00000000000000000e+00 0.00000000000000000e+00
0.00000000000000000e+00 0.00000000000000000e+00
-1.39978448300084542e-19 0.00000000000000000e+00
-1.18576972448316607e-19 0.00000000000000000e+00
0.00000000000000000e+00 0.00000000000000000e+00
0.00000000000000000e+00 0.00000000000000000e+00
2.28104118637056964e-19 0.00000000000000000e+00
0.00000000000000000e+00 0.00000000000000000e+00
-8.65595421684351653e-19 0.00000000000000000e+00
1.86328172389740037e-18 0.00000000000000000e+00
0.00000000000000000e+00 0.00000000000000000e+00
-1.79299280614228421e-19 0.00000000000000000e+00
0.00000000000000000e+00 0.00000000000000000e+00
0.00000000000000000e+00 0.00000000000000000e+00
-1.60120308613879692e-19 0.00000000000000000e+00
0.00000000000000000e+00 0.00000000000000000e+00
5.88265863865473668e-19 0.00000000000000000e+00
1.67378934602430704e-18 0.00000000000000000e+00
0.00000000000000000e+00 0.00000000000000000e+00
0.00000000000000000e+00 0.00000000000000000e+00
-4.59888093461385667e-19 0.00000000000000000e+00
-8.08701419600806872e-20 0.00000000000000000e+00
0.00000000000000000e+00 0.00000000000000000e+00
2.03660199570641349e-19 0.00000000000000000e+00
0.00000000000000000e+00 0.00000000000000000e+00
0.00000000000000000e+00 0.00000000000000000e+00
5.24471467101454616e-19 0.00000000000000000e+00
0.00000000000000000e+00 0.00000000000000000e+00
1.02097386574968283e-18 0.00000000000000000e+00
1.50762473702314723e-18 0.00000000000000000e+00
0.00000000000000000e+00 0.00000000000000000e+00
2.71502169845967258e-19 0.00000000000000000e+00
0.00000000000000000e+00 0.00000000000000000e+00
0.00000000000000000e+00 0.00000000000000000e+00
-4.34143954447901642e-19 0.00000000000000000e+00
2.21811645844599204e-18 0.00000000000000000e+00
0.00000000000000000e+00 0.00000000000000000e+00
0.00000000000000000e+00 0.00000000000000000e+00
1.90577686881660169e-19 0.00000000000000000e+00
0.00000000000000000e+00 0.00000000000000000e+00
-7.19107969439678595e-19 0.00000000000000000e+00
-2.21934347474730494e-18 0.00000000000000000e+00
0.00000000000000000e+00 0.00000000000000000e+00
4.05822718174941799e-19 0.00000000000000000e+00
0.00000000000000000e+00 0.00000000000000000e+00
0.00000000000000000e+00 0.00000000000000000e+00
-2.00988452425576954e-19 0.00000000000000000e+00
0.00000000000000000e+00 0.00000000000000000e+00
-7.36940658197473053e-19 0.00000000000000000e+00
-1.12819525801548325e-18 0.00000000000000000e+00
0.00000000000000000e+00 0.00000000000000000e+00
0.00000000000000000e+00 0.00000000000000000e+00
1.52339403555954158e-19 0.00000000000000000e+00
2.68600648172426076e-20 0.00000000000000000e+00
0.00000000000000000e+00 0.00000000000000000e+00
-2.05219981524736713e-18 0.00000000000000000e+00
0.00000000000000000e+00 0.00000000000000000e+00
0.00000000000000000e+00 0.00000000000000000e+00
3.59469007767543083e-19 0.00000000000000000e+00
-7.09469621094429814e-18 0.00000000000000000e+00
0.00000000000000000e+00 0.00000000000000000e+00
0.00000000000000000e+00 0.00000000000000000e+00
4.97710025814177732e-19 0.00000000000000000e+00
0.00000000000000000e+00 0.00000000000000000e+00
-2.79014272718529860e-19 0.00000000000000000e+00
-1.62616341210107172e-18 0.00000000000000000e+00
0.00000000000000000e+00 0.00000000000000000e+00
0.00000000000000000e+00 0.00000000000000000e+00
4.15685561984408621e-19 0.00000000000000000e+00
-3.03548720077657732e-19 0.00000000000000000e+00
0.00000000000000000e+00 0.00000000000000000e+00
1.14769575077792222e-18 0.00000000000000000e+00
0.00000000000000000e+00 0.00000000000000000e+00
0.00000000000000000e+00 0.00000000000000000e+00
2.60323400353620267e-19 0.00000000000000000e+00
0.00000000000000000e+00 0.00000000000000000e+00
1.63221259857358465e-19 0.00000000000000000e+00
1.01984491701132369e-18 0.00000000000000000e+00
0.00000000000000000e+00 0.00000000000000000e+00
-1.15899018444364859e-18 0.00000000000000000e+00
0.00000000000000000e+00 0.00000000000000000e+00
0.00000000000000000e+00 0.00000000000000000e+00
4.28953067456813647e-19 0.00000000000000000e+00
-2.44759900511113317e-20 0.00000000000000000e+00
0.00000000000000000e+00 0.00000000000000000e+00
0.00000000000000000e+00 0.00000000000000000e+00
-2.70326305901847576e-19 0.00000000000000000e+00
0.00000000000000000e+00 0.00000000000000000e+00
-2.31863376422483683e-19 0.00000000000000000e+00
-4.23685198052350833e-19 0.00000000000000000e+00
0.00000000000000000e+00 0.00000000000000000e+00
-4.15118737415728336e-19 0.00000000000000000e+00
0.00000000000000000e+00 0.00000000000000000e+00
0.00000000000000000e+00 0.00000000000000000e+00
6.55979141512686163e-19 0.00000000000000000e+00
0.00000000000000000e+00 0.00000000000000000e+00
-2.62298348017339487e-19 0.00000000000000000e+00
-6.51985744213342128e-19 0.00000000000000000e+00
0.00000000000000000e+00 0.00000000000000000e+00
0.00000000000000000e+00 0.00000000000000000e+00
-1.54835169922814460e-19 0.00000000000000000e+00
-9.19208353170946139e-19 0.00000000000000000e+00
0.00000000000000000e+00 0.00000000000000000e+00
-8.31685743446991005e-19 0.00000000000000000e+00
0.00000000000000000e+00 0.00000000000000000e+00
0.00000000000000000e+00 0.00000000000000000e+00
3.97784955914654832e-20 0.00000000000000000e+00
0.00000000000000000e+00 0.00000000000000000e+00
-4.90734983492653058e-21 0.00000000000000000e+00
-3.05521153433459581e-19 0.00000000000000000e+00
0.00000000000000000e+00 0.00000000000000000e+00
2.18171745721056522e-18 0.00000000000000000e+00
0.00000000000000000e+00 0.00000000000000000e+00
0.00000000000000000e+00 0.00000000000000000e+00
5.86472606905786481e-19 0.00000000000000000e+00
8.64384386415219742e-19 0.00000000000000000e+00
0.00000000000000000e+00 0.00000000000000000e+00
0.00000000000000000e+00 0.00000000000000000e+00
-3.05010388100861214e-19 0.00000000000000000e+00
0.00000000000000000e+00 0.00000000000000000e+00
-1.06855981390658836e-19 0.00000000000000000e+00
-5.09468385644740563e-19 0.00000000000000000e+00
0.00000000000000000e+00 0.00000000000000000e+00
0.00000000000000000e+00 0.00000000000000000e+00
-6.13892993186837945e-19 0.00000000000000000e+00
-1.32356757952136844e-18 0.00000000000000000e+00
0.00000000000000000e+00 0.00000000000000000e+00
-2.52447260002310837e-18 0.00000000000000000e+00
0.00000000000000000e+00 0.00000000000000000e+00
0.00000000000000000e+00 0.00000000000000000e+00
-5.84717146539953401e-19 0.00000000000000000e+00
7.01937300384314532e-19 0.00000000000000000e+00
0.00000000000000000e+00 0.00000000000000000e+00
0.00000000000000000e+00 0.00000000000000000e+00
5.79047798962752649e-19 0.00000000000000000e+00
0.00000000000000000e+00 0.00000000000000000e+00
3.99659405292423259e-19 0.00000000000000000e+00
-2.04251175331111168e-18 0.00000000000000000e+00
0.00000000000000000e+00 0.00000000000000000e+00
5.11628866121594111e-19 0.00000000000000000e+00
0.00000000000000000e+00 0.00000000000000000e+00
0.00000000000000000e+00 0.00000000000000000e+00
3.14616776525576016e-19 0.00000000000000000e+00
0.00000000000000000e+00 0.00000000000000000e+00
-1.49224575346507292e-18 0.00000000000000000e+00
-1.06971128643427880e-18 0.00000000000000000e+00
0.00000000000000000e+00 0.00000000000000000e+00
0.00000000000000000e+00 0.00000000000000000e+00
8.93494911494322391e-19 0.00000000000000000e+00
4.31933905816794511e-19 0.00000000000000000e+00
0.00000000000000000e+00 0.00000000000000000e+00
2.48281591105917734e-19 0.00000000000000000e+00
0.00000000000000000e+00 0.00000000000000000e+00
0.00000000000000000e+00 0.00000000000000000e+00
1.58182756825773898e-19 0.00000000000000000e+00
9.10294884897601890e-18 0.00000000000000000e+00
0.00000000000000000e+00 0.00000000000000000e+00
0.00000000000000000e+00 0.00000000000000000e+00
8.39587349735808189e-19 0.00000000000000000e+00
0.00000000000000000e+00 0.00000000000000000e+00
-9.99606217601040518e-19 0.00000000000000000e+00
-2.00013157510750484e-18 0.00000000000000000e+00
0.00000000000000000e+00 0.00000000000000000e+00
0.00000000000000000e+00 0.00000000000000000e+00
-9.04542225811265109e-20 0.00000000000000000e+00
-5.73876310315295169e-19 0.00000000000000000e+00
0.00000000000000000e+00 0.00000000000000000e+00
-1.31549624777806421e-18 0.00000000000000000e+00
0.00000000000000000e+00 0.00000000000000000e+00
0.00000000000000000e+00 0.00000000000000000e+00
-7.13142244862454054e-19 0.00000000000000000e+00
0.00000000000000000e+00 0.00000000000000000e+00
-1.79853127820751173e-19 0.00000000000000000e+00
-5.52385549231260835e-19 0.00000000000000000e+00
0.00000000000000000e+00 0.00000000000000000e+00
-3.22859752164526276e-18 0.00000000000000000e+00
0.00000000000000000e+00 0.00000000000000000e+00
0.00000000000000000e+00 0.00000000000000000e+00
3.37312776290091657e-19 0.00000000000000000e+00
2.27063249524459701e-18 0.00000000000000000e+00
0.00000000000000000e+00 0.00000000000000000e+00
0.00000000000000000e+00 0.00000000000000000e+00
3.66638479852792560e-19 0.00000000000000000e+00
0.00000000000000000e+00 0.00000000000000000e+00
-2.38924375121579941e-20 0.00000000000000000e+00
-1.01714263209169136e-18 0.00000000000000000e+00
0.00000000000000000e+00 0.00000000000000000e+00
0.00000000000000000e+00 0.00000000000000000e+00
-7.96772507615879953e-19 0.00000000000000000e+00
-1.69522426390418878e-18 0.00000000000000000e+00
0.00000000000000000e+00 0.00000000000000000e+00
-2.64493545620911058e-18 0.00000000000000000e+00
0.00000000000000000e+00 0.00000000000000000e+00
0.00000000000000000e+00 0.00000000000000000e+00
-1.70670671780206453e-19 0.00000000000000000e+00
7.14756025789515872e-19 0.00000000000000000e+00
0.00000000000000000e+00 0.00000000000000000e+00
0.00000000000000000e+00 0.00000000000000000e+00
6.51823479054290822e-20 0.00000000000000000e+00
0.00000000000000000e+00 0.00000000000000000e+00
-1.12038845546277370e-19 0.00000000000000000e+00
1.31144218689687956e-18 0.00000000000000000e+00
0.00000000000000000e+00 0.00000000000000000e+00
1.57936124261778081e-18 0.00000000000000000e+00
0.00000000000000000e+00 0.00000000000000000e+00
0.00000000000000000e+00 0.00000000000000000e+00
3.96166045363628688e-19 0.00000000000000000e+00
0.00000000000000000e+00 0.00000000000000000e+00
3.06873783287950971e-20 0.00000000000000000e+00
-7.68722399347674782e-19 0.00000000000000000e+00
0.00000000000000000e+00 0.00000000000000000e+00
0.00000000000000000e+00 0.00000000000000000e+00
-8.36198256973758302e-20 0.00000000000000000e+00
-4.37662745163941544e-19 0.00000000000000000e+00
0.00000000000000000e+00 0.00000000000000000e+00
1.27338743516091414e-18 0.00000000000000000e+00
0.00000000000000000e+00 0.00000000000000000e+00
0.00000000000000000e+00 0.00000000000000000e+00
-3.46461253495023194e-20 0.00000000000000000e+00
0.00000000000000000e+00 0.00000000000000000e+00
1.61260874453419922e-18 0.00000000000000000e+00
-2.16638890098286857e-19 0.00000000000000000e+00
0.00000000000000000e+00 0.00000000000000000e+00
3.25781705427111183e-18 0.00000000000000000e+00
0.00000000000000000e+00 0.00000000000000000e+00
0.00000000000000000e+00 0.00000000000000000e+00
-3.24816969774818807e-19 0.00000000000000000e+00
-1.98291203489914441e-18 0.00000000000000000e+00
0.00000000000000000e+00 0.00000000000000000e+00
0.00000000000000000e+00 0.00000000000000000e+00
-1.08439552101535347e-19 0.00000000000000000e+00
0.00000000000000000e+00 0.00000000000000000e+00
1.70436833449656028e-19 0.00000000000000000e+00
-4.06871959161831139e-19 0.00000000000000000e+00
0.00000000000000000e+00 0.00000000000000000e+00
2.36441535565192666e-18 0.00000000000000000e+00
0.00000000000000000e+00 0.00000000000000000e+00
0.00000000000000000e+00 0.00000000000000000e+00
-6.08116991587884425e-19 0.00000000000000000e+00
0.00000000000000000e+00 0.00000000000000000e+00
-1.15174153080078271e-19 0.00000000000000000e+00
-4.99295620543692132e-19 0.00000000000000000e+00
0.00000000000000000e+00 0.00000000000000000e+00
0.00000000000000000e+00 0.00000000000000000e+00
-1.50541001021684003e-19 0.00000000000000000e+00
-1.09071142548571236e-18 0.00000000000000000e+00
0.00000000000000000e+00 0.00000000000000000e+00
-4.11207543114677226e-19 0.00000000000000000e+00
0.00000000000000000e+00 0.00000000000000000e+00
0.00000000000000000e+00 0.00000000000000000e+00
-7.27070967681131224e-21 0.00000000000000000e+00
2.90847981723819269e-19 0.00000000000000000e+00
0.00000000000000000e+00 0.00000000000000000e+00
0.00000000000000000e+00 0.00000000000000000e+00
-5.78536932769729354e-19 0.00000000000000000e+00
0.00000000000000000e+00 0.00000000000000000e+00
7.41085997612752101e-19 0.00000000000000000e+00
3.11216694280808641e-20 0.00000000000000000e+00
0.00000000000000000e+00 0.00000000000000000e+00
0.00000000000000000e+00 0.00000000000000000e+00
1.59643805795385189e-19 0.00000000000000000e+00
5.38614793739681616e-19 0.00000000000000000e+00
0.00000000000000000e+00 0.00000000000000000e+00
1.20547481289845538e-18 0.00000000000000000e+00
0.00000000000000000e+00 0.00000000000000000e+00
0.00000000000000000e+00 0.00000000000000000e+00
-1.17113130013593478e-19 0.00000000000000000e+00
0.00000000000000000e+00 0.00000000000000000e+00
3.19264807658484491e-20 0.00000000000000000e+00
2.15678079513471797e-19 0.00000000000000000e+00
0.00000000000000000e+00 0.00000000000000000e+00
1.65077126712249335e-18 0.00000000000000000e+00
0.00000000000000000e+00 0.00000000000000000e+00
0.00000000000000000e+00 0.00000000000000000e+00
-5.14515198153246375e-19 0.00000000000000000e+00
-1.18956282658800687e-18 0.00000000000000000e+00
0.00000000000000000e+00 0.00000000000000000e+00
0.00000000000000000e+00 0.00000000000000000e+00
-5.68010484296831406e-20 0.00000000000000000e+00
0.00000000000000000e+00 0.00000000000000000e+00
-9.90122740275304768e-20 0.00000000000000000e+00
-2.27650532024803118e-18 0.00000000000000000e+00
0.00000000000000000e+00 0.00000000000000000e+00
0.00000000000000000e+00 0.00000000000000000e+00
-1.73571697294154066e-18 0.00000000000000000e+00
5.03327289808193601e-18 0.00000000000000000e+00
0.00000000000000000e+00 0.00000000000000000e+00
-2.14170114276434617e-19 0.00000000000000000e+00
0.00000000000000000e+00 0.00000000000000000e+00
0.00000000000000000e+00 0.00000000000000000e+00
1.40207871878450956e-18 0.00000000000000000e+00
-5.67308482942555391e-18 0.00000000000000000e+00
0.00000000000000000e+00 0.00000000000000000e+00
0.00000000000000000e+00 0.00000000000000000e+00
7.45226796781508408e-19 0.00000000000000000e+00
0.00000000000000000e+00 0.00000000000000000e+00
-1.21713380274863788e-18 0.00000000000000000e+00
-2.90563292017052701e-19 0.00000000000000000e+00
0.00000000000000000e+00 0.00000000000000000e+00
5.03000447493057544e-18 0.00000000000000000e+00
0.00000000000000000e+00 0.00000000000000000e+00
0.00000000000000000e+00 0.00000000000000000e+00
7.03305112699310054e-19 0.00000000000000000e+00
0.00000000000000000e+00 0.00000000000000000e+00
-8.50963216755001089e-20 0.00000000000000000e+00
8.14041964881189073e-19 0.00000000000000000e+00
0.00000000000000000e+00 0.00000000000000000e+00
0.00000000000000000e+00 0.00000000000000000e+00
-7.83212533222700284e-19 0.00000000000000000e+00
-2.97766925221238289e-19 0.00000000000000000e+00
0.00000000000000000e+00 0.00000000000000000e+00
-1.32231184103446096e-18 0.00000000000000000e+00
0.00000000000000000e+00 0.00000000000000000e+00
0.00000000000000000e+00 0.00000000000000000e+00
2.07095500179665475e-19 0.00000000000000000e+00
-9.29497797855039916e-19 0.00000000000000000e+00
0.00000000000000000e+00 0.00000000000000000e+00
0.00000000000000000e+00 0.00000000000000000e+00
1.54311102430922635e-18 0.00000000000000000e+00
0.00000000000000000e+00 0.00000000000000000e+00
7.54038525374087416e-19 0.00000000000000000e+00
2.24800433769555461e-18 0.00000000000000000e+00
0.00000000000000000e+00 0.00000000000000000e+00
0.00000000000000000e+00 0.00000000000000000e+00
-8.62913006712299631e-19 0.00000000000000000e+00
9.26664637800816424e-19 0.00000000000000000e+00
0.00000000000000000e+00 0.00000000000000000e+00
-2.08490861893355121e-18 0.00000000000000000e+00
0.00000000000000000e+00 0.00000000000000000e+00
0.00000000000000000e+00 0.00000000000000000e+00
-2.69068320181447834e-19 0.00000000000000000e+00
0.00000000000000000e+00 0.00000000000000000e+00
1.09220176475994804e-18 0.00000000000000000e+00
1.97188141480583762e-18 0.00000000000000000e+00
0.00000000000000000e+00 0.00000000000000000e+00
-2.13685642619292823e-19 0.00000000000000000e+00
0.00000000000000000e+00 0.00000000000000000e+00
0.00000000000000000e+00 0.00000000000000000e+00
-2.72048622951046442e-19 0.00000000000000000e+00
-4.86014917164238801e-18 0.00000000000000000e+00
0.00000000000000000e+00 0.00000000000000000e+00
0.00000000000000000e+00 0.00000000000000000e+00
-1.65548221167644208e-19 0.00000000000000000e+00
0.00000000000000000e+00 0.00000000000000000e+00
-9.17661967012936922e-19 0.00000000000000000e+00
9.84963617462711383e-19 0.00000000000000000e+00
0.00000000000000000e+00 0.00000000000000000e+00
1.14593802172370490e-17 0.00000000000000000e+00
0.00000000000000000e+00 0.00000000000000000e+00
0.00000000000000000e+00 0.00000000000000000e+00
1.60899036815150972e-20 0.00000000000000000e+00
0.00000000000000000e+00 0.00000000000000000e+00
-8.42230302729556101e-19 0.00000000000000000e+00
2.98875696723469922e-19 0.00000000000000000e+00
0.00000000000000000e+00 0.00000000000000000e+00
0.00000000000000000e+00 0.00000000000000000e+00
2.69712986086248739e-19 0.00000000000000000e+00
1.99266335593822525e-18 0.00000000000000000e+00
0.00000000000000000e+00 0.00000000000000000e+00
1.20870988452688592e-18 0.00000000000000000e+00
0.00000000000000000e+00 0.00000000000000000e+00
0.00000000000000000e+00 0.00000000000000000e+00
-5.38678305312660045e-19 0.00000000000000000e+00
0.00000000000000000e+00 0.00000000000000000e+00
-4.71902443185163323e-19 0.00000000000000000e+00
1.60327404971767694e-18 0.00000000000000000e+00
0.00000000000000000e+00 0.00000000000000000e+00
1.35139249826140506e-18 0.00000000000000000e+00
0.00000000000000000e+00 0.00000000000000000e+00
0.00000000000000000e+00 0.00000000000000000e+00
1.50488705920621514e-18 0.00000000000000000e+00
1.90741052406957972e-18 0.00000000000000000e+00
0.00000000000000000e+00 0.00000000000000000e+00
0.00000000000000000e+00 0.00000000000000000e+00
4.20186900254066750e-19 0.00000000000000000e+00
0.00000000000000000e+00 0.00000000000000000e+00
-1.13424233798071891e-18 0.00000000000000000e+00
-3.99288867289031268e-19 0.00000000000000000e+00
0.00000000000000000e+00 0.00000000000000000e+00
0.00000000000000000e+00 0.00000000000000000e+00
1.97757113425846160e-18 0.00000000000000000e+00
9.86150568605017620e-19 0.00000000000000000e+00
0.00000000000000000e+00 0.00000000000000000e+00
-2.42136817674265908e-18 0.00000000000000000e+00
0.00000000000000000e+00 0.00000000000000000e+00
0.00000000000000000e+00 0.00000000000000000e+00
8.21561815601142011e-19 0.00000000000000000e+00
-7.38374768514230735e-18 0.00000000000000000e+00
0.00000000000000000e+00 0.00000000000000000e+00
0.00000000000000000e+00 0.00000000000000000e+00
7.15740750859062895e-19 0.00000000000000000e+00
0.00000000000000000e+00 0.00000000000000000e+00
-3.34331156149922835e-19 0.00000000000000000e+00
-1.36328955485197377e-18 0.00000000000000000e+00
0.00000000000000000e+00 0.00000000000000000e+00
-5.82632582085867787e-18 0.00000000000000000e+00
0.00000000000000000e+00 0.00000000000000000e+00
0.00000000000000000e+00 0.00000000000000000e+00
9.04632516618086734e-19 0.00000000000000000e+00
0.00000000000000000e+00 0.00000000000000000e+00
-1.08329954450595756e-19 0.00000000000000000e+00
1.66178677754468339e-18 0.00000000000000000e+00
0.00000000000000000e+00 0.00000000000000000e+00
0.00000000000000000e+00 0.00000000000000000e+00
-1.72103817162479566e-19 0.00000000000000000e+00
-1.48392944728138646e-18 0.00000000000000000e+00
0.00000000000000000e+00 0.00000000000000000e+00
-1.75041185157568150e-18 0.00000000000000000e+00
0.00000000000000000e+00 0.00000000000000000e+00
0.00000000000000000e+00 0.00000000000000000e+00
-2.80175028345322972e-19 0.00000000000000000e+00
-1.34908695429351213e-17 0.00000000000000000e+00
0.00000000000000000e+00 0.00000000000000000e+00
0.00000000000000000e+00 0.00000000000000000e+00
-3.88836951382974886e-19 0.00000000000000000e+00
0.00000000000000000e+00 0.00000000000000000e+00
1.31379690622551701e-19 0.00000000000000000e+00
1.99090798990119555e-18 0.00000000000000000e+00
0.00000000000000000e+00 0.00000000000000000e+00
0.00000000000000000e+00 0.00000000000000000e+00
-7.42302104086555739e-19 0.00000000000000000e+00
-5.59713475557227885e-20 0.00000000000000000e+00
0.00000000000000000e+00 0.00000000000000000e+00
-8.98182234148770106e-19 0.00000000000000000e+00
0.00000000000000000e+00 0.00000000000000000e+00
0.00000000000000000e+00 0.00000000000000000e+00
-1.09678912062678897e-19 0.00000000000000000e+00
0.00000000000000000e+00 0.00000000000000000e+00
4.55103201117995618e-19 0.00000000000000000e+00
-1.46700540626309486e-18 0.00000000000000000e+00
0.00000000000000000e+00 0.00000000000000000e+00
7.67595015662031699e-19 0.00000000000000000e+00
0.00000000000000000e+00 0.00000000000000000e+00
0.00000000000000000e+00 0.00000000000000000e+00
5.99398785507469047e-19 0.00000000000000000e+00
-1.76602334447087615e-18 0.00000000000000000e+00
0.00000000000000000e+00 0.00000000000000000e+00
0.00000000000000000e+00 0.00000000000000000e+00
-1.89701690788919061e-20 0.00000000000000000e+00
0.00000000000000000e+00 0.00000000000000000e+00
-2.12433037169086871e-20 0.00000000000000000e+00
7.98244420178896642e-19 0.00000000000000000e+00
0.00000000000000000e+00 0.00000000000000000e+00
0.00000000000000000e+00 0.00000000000000000e+00
2.03021022638063185e-18 0.00000000000000000e+00
2.70278647049328957e-18 0.00000000000000000e+00
0.00000000000000000e+00 0.00000000000000000e+00
5.69010093642630608e-19 0.00000000000000000e+00
0.00000000000000000e+00 0.00000000000000000e+00
0.00000000000000000e+00 0.00000000000000000e+00
2.89918980809860952e-19 0.00000000000000000e+00
-3.53042906665289157e-19 0.00000000000000000e+00
0.00000000000000000e+00 0.00000000000000000e+00
0.00000000000000000e+00 0.00000000000000000e+00
6.83815018243345465e-19 0.00000000000000000e+00
0.00000000000000000e+00 0.00000000000000000e+00
-1.04414884973311465e-18 0.00000000000000000e+00
1.94997708995934230e-18 0.00000000000000000e+00
0.00000000000000000e+00 0.00000000000000000e+00
-2.20993257442376709e-18 0.00000000000000000e+00
0.00000000000000000e+00 0.00000000000000000e+00
0.00000000000000000e+00 0.00000000000000000e+00
1.11985693696788524e-19 0.00000000000000000e+00
0.00000000000000000e+00 0.00000000000000000e+00
4.05263643932355082e-19 0.00000000000000000e+00
1.24743732012986112e-18 0.00000000000000000e+00
0.00000000000000000e+00 0.00000000000000000e+00
0.00000000000000000e+00 0.00000000000000000e+00
1.51083494910843775e-19 0.00000000000000000e+00
5.01165398654057252e-19 0.00000000000000000e+00
0.00000000000000000e+00 0.00000000000000000e+00
6.11256424843186744e-19 0.00000000000000000e+00
0.00000000000000000e+00 0.00000000000000000e+00
0.00000000000000000e+00 0.00000000000000000e+00
3.20168965478942054e-19 0.00000000000000000e+00
0.00000000000000000e+00 0.00000000000000000e+00
-1.16004490677927932e-18 0.00000000000000000e+00
1.36007855861703572e-18 0.00000000000000000e+00
0.00000000000000000e+00 0.00000000000000000e+00
-9.73607945297486219e-19 0.00000000000000000e+00
0.00000000000000000e+00 0.00000000000000000e+00
0.00000000000000000e+00 0.00000000000000000e+00
3.74423953744396248e-19 0.00000000000000000e+00
2.61312550809278407e-18 0.00000000000000000e+00
0.00000000000000000e+00 0.00000000000000000e+00
0.00000000000000000e+00 0.00000000000000000e+00
5.26382074451606754e-19 0.00000000000000000e+00
0.00000000000000000e+00 0.00000000000000000e+00
-2.42164419018196721e-19 0.00000000000000000e+00
-2.92566830079808002e-18 0.00000000000000000e+00
0.00000000000000000e+00 0.00000000000000000e+00
1.64334962157187551e-18 0.00000000000000000e+00
0.00000000000000000e+00 0.00000000000000000e+00
0.00000000000000000e+00 0.00000000000000000e+00
9.57567930599562459e-19 0.00000000000000000e+00
0.00000000000000000e+00 0.00000000000000000e+00
-6.40326694588044795e-20 0.00000000000000000e+00
4.61539946083665289e-19 0.00000000000000000e+00
0.00000000000000000e+00 0.00000000000000000e+00
0.00000000000000000e+00 0.00000000000000000e+00
-6.23930332010232314e-20 0.00000000000000000e+00
2.72378089566639002e-18 0.00000000000000000e+00
0.00000000000000000e+00 0.00000000000000000e+00
4.88381811658017091e-20 0.00000000000000000e+00
0.00000000000000000e+00 0.00000000000000000e+00
0.00000000000000000e+00 0.00000000000000000e+00
-1.22509853094354153e-18 0.00000000000000000e+00
1.73974937004460425e-18 0.00000000000000000e+00
0.00000000000000000e+00 0.00000000000000000e+00
0.00000000000000000e+00 0.00000000000000000e+00
1.00062191649383672e-18 0.00000000000000000e+00
0.00000000000000000e+00 0.00000000000000000e+00
6.22472721795604216e-19 0.00000000000000000e+00
-7.70146376537532408e-19 0.00000000000000000e+00
0.00000000000000000e+00 0.00000000000000000e+00
0.00000000000000000e+00 0.00000000000000000e+00
2.08260942653212422e-19 0.00000000000000000e+00
-6.79591935480572817e-19 0.00000000000000000e+00
0.00000000000000000e+00 0.00000000000000000e+00
-7.04553000988098032e-21 0.00000000000000000e+00
0.00000000000000000e+00 0.00000000000000000e+00
0.00000000000000000e+00 0.00000000000000000e+00
-6.59173282952285972e-19 0.00000000000000000e+00
0.00000000000000000e+00 0.00000000000000000e+00
1.40647298750857157e-18 0.00000000000000000e+00
2.66311857402838130e-18 0.00000000000000000e+00
0.00000000000000000e+00 0.00000000000000000e+00
-6.31832767742601473e-19 0.00000000000000000e+00
0.00000000000000000e+00 0.00000000000000000e+00
0.00000000000000000e+00 0.00000000000000000e+00
-4.17165143278303350e-19 0.00000000000000000e+00
3.89704002890546841e-19 0.00000000000000000e+00
0.00000000000000000e+00 0.00000000000000000e+00
0.00000000000000000e+00 0.00000000000000000e+00
-1.79153157889427090e-19 0.00000000000000000e+00
0.00000000000000000e+00 0.00000000000000000e+00
-6.15049167867523959e-19 0.00000000000000000e+00
-6.14878322328578153e-19 0.00000000000000000e+00
0.00000000000000000e+00 0.00000000000000000e+00
-4.73332728861639709e-18 0.00000000000000000e+00
0.00000000000000000e+00 0.00000000000000000e+00
0.00000000000000000e+00 0.00000000000000000e+00
4.38257675600365045e-19 0.00000000000000000e+00
0.00000000000000000e+00 0.00000000000000000e+00
-4.60619142569739154e-19 0.00000000000000000e+00
2.36237016460455364e-19 0.00000000000000000e+00
0.00000000000000000e+00 0.00000000000000000e+00
0.00000000000000000e+00 0.00000000000000000e+00
-1.13636620048718466e-18 0.00000000000000000e+00
2.31933200254674935e-19 0.00000000000000000e+00
0.00000000000000000e+00 0.00000000000000000e+00
-4.29557509815623975e-19 0.00000000000000000e+00
0.00000000000000000e+00 0.00000000000000000e+00
0.00000000000000000e+00 0.00000000000000000e+00
-1.14195419320335957e-19 0.00000000000000000e+00
0.00000000000000000e+00 0.00000000000000000e+00
4.55512646956789752e-20 0.00000000000000000e+00
7.87741766993667899e-19 0.00000000000000000e+00
0.00000000000000000e+00 0.00000000000000000e+00
-1.26973036557217380e-19 0.00000000000000000e+00
0.00000000000000000e+00 0.00000000000000000e+00
0.00000000000000000e+00 0.00000000000000000e+00
2.72806709304113123e-19 0.00000000000000000e+00
-9.17067408756786458e-19 0.00000000000000000e+00
0.00000000000000000e+00 0.00000000000000000e+00
0.00000000000000000e+00 0.00000000000000000e+00
2.42620582111950399e-19 0.00000000000000000e+00
0.00000000000000000e+00 0.00000000000000000e+00
-3.67098212534296907e-20 0.00000000000000000e+00
-9.43644629724492879e-20 0.00000000000000000e+00
0.00000000000000000e+00 0.00000000000000000e+00
0.00000000000000000e+00 0.00000000000000000e+00
3.29675260533322595e-19 0.00000000000000000e+00
1.65849536570784082e-18 0.00000000000000000e+00
0.00000000000000000e+00 0.00000000000000000e+00
7.02824817838609676e-19 0.00000000000000000e+00
0.00000000000000000e+00 0.00000000000000000e+00
0.00000000000000000e+00 0.00000000000000000e+00
1.74232924091912720e-19 0.00000000000000000e+00
-2.02331620943676148e-18 0.00000000000000000e+00
0.00000000000000000e+00 0.00000000000000000e+00
0.00000000000000000e+00 0.00000000000000000e+00
-1.28364295505001604e-19 0.00000000000000000e+00
0.00000000000000000e+00 0.00000000000000000e+00
-2.23040200696445463e-19 0.00000000000000000e+00
-5.17833145403752746e-19 0.00000000000000000e+00
0.00000000000000000e+00 0.00000000000000000e+00
-5.59333975535567353e-19 0.00000000000000000e+00
0.00000000000000000e+00 0.00000000000000000e+00
0.00000000000000000e+00 0.00000000000000000e+00
-3.86883105515861505e-20 0.00000000000000000e+00
0.00000000000000000e+00 0.00000000000000000e+00
-6.69603149111071152e-20 0.00000000000000000e+00
1.16283076413579760e-18 0.00000000000000000e+00
0.00000000000000000e+00 0.00000000000000000e+00
0.00000000000000000e+00 0.00000000000000000e+00
6.38381767084084793e-19 0.00000000000000000e+00
-4.50316961180691809e-19 0.00000000000000000e+00
0.00000000000000000e+00 0.00000000000000000e+00
1.97655646710874307e-18 0.00000000000000000e+00
0.00000000000000000e+00 0.00000000000000000e+00
0.00000000000000000e+00 0.00000000000000000e+00
-1.41170770257174999e-19 0.00000000000000000e+00
0.00000000000000000e+00 0.00000000000000000e+00
1.67911229488137263e-19 0.00000000000000000e+00
-9.71567068186229480e-19 0.00000000000000000e+00
0.00000000000000000e+00 0.00000000000000000e+00
-2.67747162878496540e-18 0.00000000000000000e+00
0.00000000000000000e+00 0.00000000000000000e+00
0.00000000000000000e+00 0.00000000000000000e+00
8.51867470521181676e-19 0.00000000000000000e+00
-3.29266467573838051e-18 0.00000000000000000e+00
0.00000000000000000e+00 0.00000000000000000e+00
0.00000000000000000e+00 0.00000000000000000e+00
-2.69137847433618248e-19 0.00000000000000000e+00
0.00000000000000000e+00 0.00000000000000000e+00
7.73237879232636513e-19 0.00000000000000000e+00
-9.69279930727019944e-19 0.00000000000000000e+00
0.00000000000000000e+00 0.00000000000000000e+00
-3.86123997283389728e-18 0.00000000000000000e+00
0.00000000000000000e+00 0.00000000000000000e+00
0.00000000000000000e+00 0.00000000000000000e+00
5.73274993848072601e-20 0.00000000000000000e+00
0.00000000000000000e+00 0.00000000000000000e+00
4.02899383282958189e-19 0.00000000000000000e+00
5.27277826707255314e-19 0.00000000000000000e+00
0.00000000000000000e+00 0.00000000000000000e+00
0.00000000000000000e+00 0.00000000000000000e+00
2.89935716098968299e-19 0.00000000000000000e+00
4.46867202909985482e-19 0.00000000000000000e+00
0.00000000000000000e+00 0.00000000000000000e+00
-1.24175381053040761e-18 0.00000000000000000e+00
0.00000000000000000e+00 0.00000000000000000e+00
0.00000000000000000e+00 0.00000000000000000e+00
-1.96283023048325277e-19 0.00000000000000000e+00
-7.56462565538103392e-18 0.00000000000000000e+00
0.00000000000000000e+00 0.00000000000000000e+00
0.00000000000000000e+00 0.00000000000000000e+00
5.57656968661475489e-19 0.00000000000000000e+00
0.00000000000000000e+00 0.00000000000000000e+00
3.64022030089756322e-19 0.00000000000000000e+00
8.92919978913027843e-19 0.00000000000000000e+00
0.00000000000000000e+00 0.00000000000000000e+00
0.00000000000000000e+00 0.00000000000000000e+00
-1.49817560855522218e-19 0.00000000000000000e+00
6.37303047220746893e-19 0.00000000000000000e+00
0.00000000000000000e+00 0.00000000000000000e+00
-4.27688922191273024e-19 0.00000000000000000e+00
0.00000000000000000e+00 0.00000000000000000e+00
0.00000000000000000e+00 0.00000000000000000e+00
-4.17277868778696044e-19 0.00000000000000000e+00
0.00000000000000000e+00 0.00000000000000000e+00
1.14110214535889678e-18 0.00000000000000000e+00
8.85520911033786842e-19 0.00000000000000000e+00
0.00000000000000000e+00 0.00000000000000000e+00
-6.77708053259366244e-19 0.00000000000000000e+00
0.00000000000000000e+00 0.00000000000000000e+00
0.00000000000000000e+00 0.00000000000000000e+00
-6.50863557414013748e-19 0.00000000000000000e+00
-4.39969260040934024e-18 0.00000000000000000e+00
0.00000000000000000e+00 0.00000000000000000e+00
0.00000000000000000e+00 0.00000000000000000e+00
-5.60525189002791921e-19 0.00000000000000000e+00
0.00000000000000000e+00 0.00000000000000000e+00
-3.26064479257485177e-19 0.00000000000000000e+00
-6.01313978252789292e-19 0.00000000000000000e+00
0.00000000000000000e+00 0.00000000000000000e+00
0.00000000000000000e+00 0.00000000000000000e+00
-1.05334350209598971e-18 0.00000000000000000e+00
1.96665049470590362e-18 0.00000000000000000e+00
0.00000000000000000e+00 0.00000000000000000e+00
-3.54673675553987349e-18 0.00000000000000000e+00
0.00000000000000000e+00 0.00000000000000000e+00
0.00000000000000000e+00 0.00000000000000000e+00
5.28820313061146876e-19 0.00000000000000000e+00
1.29797546981871791e-18 0.00000000000000000e+00
0.00000000000000000e+00 0.00000000000000000e+00
0.00000000000000000e+00 0.00000000000000000e+00
2.56113232800420243e-19 0.00000000000000000e+00
0.00000000000000000e+00 0.00000000000000000e+00
-6.78161502894504475e-19 0.00000000000000000e+00
2.65658370292544830e-19 0.00000000000000000e+00
0.00000000000000000e+00 0.00000000000000000e+00
-6.60896664316224849e-18 0.00000000000000000e+00
0.00000000000000000e+00 0.00000000000000000e+00
0.00000000000000000e+00 0.00000000000000000e+00
8.27927002621493895e-20 0.00000000000000000e+00
0.00000000000000000e+00 0.00000000000000000e+00
3.90945022893190249e-19 0.00000000000000000e+00
8.13184787020310484e-19 0.00000000000000000e+00
0.00000000000000000e+00 0.00000000000000000e+00
0.00000000000000000e+00 0.00000000000000000e+00
1.49847387945324346e-18 0.00000000000000000e+00
6.91057477941229910e-19 0.00000000000000000e+00
0.00000000000000000e+00 0.00000000000000000e+00
4.53166006823391655e-20 0.00000000000000000e+00
0.00000000000000000e+00 0.00000000000000000e+00
0.00000000000000000e+00 0.00000000000000000e+00
1.59282039394965640e-19 0.00000000000000000e+00
3.58568379813282909e-19 0.00000000000000000e+00
0.00000000000000000e+00 0.00000000000000000e+00
0.00000000000000000e+00 0.00000000000000000e+00
1.04162627521943594e-18 0.00000000000000000e+00
0.00000000000000000e+00 0.00000000000000000e+00
1.56435939910447285e-19 0.00000000000000000e+00
1.03065069269641738e-18 0.00000000000000000e+00
0.00000000000000000e+00 0.00000000000000000e+00
0.00000000000000000e+00 0.00000000000000000e+00
-3.12664419697558812e-19 0.00000000000000000e+00
7.37465612629034801e-19 0.00000000000000000e+00
0.00000000000000000e+00 0.00000000000000000e+00
-1.44858009610315998e-19 0.00000000000000000e+00
0.00000000000000000e+00 0.00000000000000000e+00
0.00000000000000000e+00 0.00000000000000000e+00
5.54928595507333275e-20 0.00000000000000000e+00
0.00000000000000000e+00 0.00000000000000000e+00
2.46691807722037540e-19 0.00000000000000000e+00
1.34728967262470555e-19 0.00000000000000000e+00
0.00000000000000000e+00 0.00000000000000000e+00
-9.96575379168325270e-20 0.00000000000000000e+00
0.00000000000000000e+00 0.00000000000000000e+00
0.00000000000000000e+00 0.00000000000000000e+00
-2.38863399611396874e-20 0.00000000000000000e+00
3.19980003478813548e-18 0.00000000000000000e+00
0.00000000000000000e+00 0.00000000000000000e+00
0.00000000000000000e+00 0.00000000000000000e+00
-1.56048675401094692e-19 0.00000000000000000e+00
0.00000000000000000e+00 0.00000000000000000e+00
-3.02086832457825279e-19 0.00000000000000000e+00
1.33691240106727702e-18 0.00000000000000000e+00
0.00000000000000000e+00 0.00000000000000000e+00
-2.95290237472981639e-18 0.00000000000000000e+00
0.00000000000000000e+00 0.00000000000000000e+00
0.00000000000000000e+00 0.00000000000000000e+00
4.36398974283370039e-21 0.00000000000000000e+00
0.00000000000000000e+00 0.00000000000000000e+00
3.61973438261051147e-19 0.00000000000000000e+00
7.48127667243882313e-19 0.00000000000000000e+00
0.00000000000000000e+00 0.00000000000000000e+00
0.00000000000000000e+00 0.00000000000000000e+00
4.40624144756759020e-19 0.00000000000000000e+00
7.18985647794250232e-19 0.00000000000000000e+00
0.00000000000000000e+00 0.00000000000000000e+00
5.67413372200677659e-19 0.00000000000000000e+00
0.00000000000000000e+00 0.00000000000000000e+00
0.00000000000000000e+00 0.00000000000000000e+00
4.01743032030936361e-20 0.00000000000000000e+00
0.00000000000000000e+00 0.00000000000000000e+00
1.16988498681371334e-18 0.00000000000000000e+00
7.51810824726172619e-19 0.00000000000000000e+00
0.00000000000000000e+00 0.00000000000000000e+00
-1.36490484105467240e-19 0.00000000000000000e+00
0.00000000000000000e+00 0.00000000000000000e+00
0.00000000000000000e+00 0.00000000000000000e+00
-9.19502154549633195e-19 0.00000000000000000e+00
3.52949517205911120e-18 0.00000000000000000e+00
0.00000000000000000e+00 0.00000000000000000e+00
0.00000000000000000e+00 0.00000000000000000e+00
-6.47828296827661953e-19 0.00000000000000000e+00
0.00000000000000000e+00 0.00000000000000000e+00
2.09447823523793411e-19 0.00000000000000000e+00
2.37457807818813035e-19 0.00000000000000000e+00
0.00000000000000000e+00 0.00000000000000000e+00
0.00000000000000000e+00 0.00000000000000000e+00
7.75464209137081722e-19 0.00000000000000000e+00
-2.13350718397800464e-19 0.00000000000000000e+00
0.00000000000000000e+00 0.00000000000000000e+00
-1.08245507989385745e-19 0.00000000000000000e+00
0.00000000000000000e+00 0.00000000000000000e+00
0.00000000000000000e+00 0.00000000000000000e+00
-1.10630395486894330e-19 0.00000000000000000e+00
-1.31707901918908827e-18 0.00000000000000000e+00
0.00000000000000000e+00 0.00000000000000000e+00
0.00000000000000000e+00 0.00000000000000000e+00
-1.51105549370798119e-19 0.00000000000000000e+00
0.00000000000000000e+00 0.00000000000000000e+00
-1.31236944500824919e-19 0.00000000000000000e+00
-1.10035500659083016e-18 0.00000000000000000e+00
0.00000000000000000e+00 0.00000000000000000e+00
1.70391554182195045e-18 0.00000000000000000e+00
0.00000000000000000e+00 0.00000000000000000e+00
0.00000000000000000e+00 0.00000000000000000e+00
1.08477776101263837e-19 0.00000000000000000e+00
0.00000000000000000e+00 0.00000000000000000e+00
8.42557496026939119e-19 0.00000000000000000e+00
-6.56031930479300708e-19 0.00000000000000000e+00
0.00000000000000000e+00 0.00000000000000000e+00
0.00000000000000000e+00 0.00000000000000000e+00
3.07389823757480486e-19 0.00000000000000000e+00
2.35860502783291322e-19 0.00000000000000000e+00
0.00000000000000000e+00 0.00000000000000000e+00
1.94893901614085016e-18 0.00000000000000000e+00
0.00000000000000000e+00 0.00000000000000000e+00
0.00000000000000000e+00 0.00000000000000000e+00
-4.46622740871493969e-19 0.00000000000000000e+00
0.00000000000000000e+00 0.00000000000000000e+00
-2.28647925561915946e-17 0.00000000000000000e+00
-1.55483790240346280e-17 0.00000000000000000e+00
0.00000000000000000e+00 0.00000000000000000e+00
-2.13912899852678437e-17 0.00000000000000000e+00
0.00000000000000000e+00 0.00000000000000000e+00
0.00000000000000000e+00 0.00000000000000000e+00
1.12188267366451896e-18 0.00000000000000000e+00
-1.57985299969638057e-17 0.00000000000000000e+00
0.00000000000000000e+00 0.00000000000000000e+00
0.00000000000000000e+00 0.00000000000000000e+00
1.47713725648455002e-18 0.00000000000000000e+00
0.00000000000000000e+00 0.00000000000000000e+00
3.65502356615474737e-19 0.00000000000000000e+00
-2.07608396929865117e-18 0.00000000000000000e+00
0.00000000000000000e+00 0.00000000000000000e+00
-1.27123486653884096e-17 0.00000000000000000e+00
0.00000000000000000e+00 0.00000000000000000e+00
0.00000000000000000e+00 0.00000000000000000e+00
4.61448047490501907e-19 0.00000000000000000e+00
0.00000000000000000e+00 0.00000000000000000e+00
-3.52224876426888364e-20 0.00000000000000000e+00
1.11622208693378035e-18 0.00000000000000000e+00
0.00000000000000000e+00 0.00000000000000000e+00
0.00000000000000000e+00 0.00000000000000000e+00
-6.43941410710697436e-19 0.00000000000000000e+00
-1.67137690272823370e-18 0.00000000000000000e+00
0.00000000000000000e+00 0.00000000000000000e+00
1.38033114161843816e-19 0.00000000000000000e+00
0.00000000000000000e+00 0.00000000000000000e+00
0.00000000000000000e+00 0.00000000000000000e+00
-1.12171515957795007e-18 0.00000000000000000e+00
-2.99781250535683895e-17 0.00000000000000000e+00
0.00000000000000000e+00 0.00000000000000000e+00
0.00000000000000000e+00 0.00000000000000000e+00
-1.59908451592088779e-19 0.00000000000000000e+00
0.00000000000000000e+00 0.00000000000000000e+00
1.24647363384859268e-19 0.00000000000000000e+00
6.21526272592028593e-19 0.00000000000000000e+00
0.00000000000000000e+00 0.00000000000000000e+00
0.00000000000000000e+00 0.00000000000000000e+00
-1.34959059826232116e-19 0.00000000000000000e+00
1.20204471487881217e-18 0.00000000000000000e+00
0.00000000000000000e+00 0.00000000000000000e+00
-2.09521416649764781e-18 0.00000000000000000e+00
0.00000000000000000e+00 0.00000000000000000e+00
0.00000000000000000e+00 0.00000000000000000e+00
3.37062985392456090e-19 0.00000000000000000e+00
0.00000000000000000e+00 0.00000000000000000e+00
-4.47633825454206352e-19 0.00000000000000000e+00
7.28374234302759377e-19 0.00000000000000000e+00
0.00000000000000000e+00 0.00000000000000000e+00
-2.89141022549700372e-18 0.00000000000000000e+00
0.00000000000000000e+00 0.00000000000000000e+00
0.00000000000000000e+00 0.00000000000000000e+00
5.98483073008604975e-19 0.00000000000000000e+00
7.26491124148038547e-19 0.00000000000000000e+00
0.00000000000000000e+00 0.00000000000000000e+00
0.00000000000000000e+00 0.00000000000000000e+00
-6.32772546315794308e-19 0.00000000000000000e+00
0.00000000000000000e+00 0.00000000000000000e+00
5.35857725608540887e-19 0.00000000000000000e+00
-3.10129899099060711e-19 0.00000000000000000e+00
0.00000000000000000e+00 0.00000000000000000e+00
-2.89714892036215975e-17 0.00000000000000000e+00
0.00000000000000000e+00 0.00000000000000000e+00
0.00000000000000000e+00 0.00000000000000000e+00
1.30307596853828300e-20 0.00000000000000000e+00
0.00000000000000000e+00 0.00000000000000000e+00
-1.15812427281681785e-18 0.00000000000000000e+00
-9.44534462863160100e-19 0.00000000000000000e+00
0.00000000000000000e+00 0.00000000000000000e+00
0.00000000000000000e+00 0.00000000000000000e+00
-1.06696698732509230e-18 0.00000000000000000e+00
-8.99866580602733422e-19 0.00000000000000000e+00
0.00000000000000000e+00 0.00000000000000000e+00
-1.81017479429260832e-18 0.00000000000000000e+00
0.00000000000000000e+00 0.00000000000000000e+00
0.00000000000000000e+00 0.00000000000000000e+00
-2.81007132700655310e-19 0.00000000000000000e+00
0.00000000000000000e+00 0.00000000000000000e+00
1.26946846831761987e-18 0.00000000000000000e+00
5.30645971064683177e-19 0.00000000000000000e+00
0.00000000000000000e+00 0.00000000000000000e+00
-9.76387222696080513e-19 0.00000000000000000e+00
0.00000000000000000e+00 0.00000000000000000e+00
0.00000000000000000e+00 0.00000000000000000e+00
-3.44230532627998193e-19 0.00000000000000000e+00
6.06404267760065876e-20 0.00000000000000000e+00
0.00000000000000000e+00 0.00000000000000000e+00
0.00000000000000000e+00 0.00000000000000000e+00
2.60633742784009919e-19 0.00000000000000000e+00
0.00000000000000000e+00 0.00000000000000000e+00
4.25812732205700205e-19 0.00000000000000000e+00
-8.45664275038610645e-19 0.00000000000000000e+00
0.00000000000000000e+00 0.00000000000000000e+00
0.00000000000000000e+00 0.00000000000000000e+00
1.96600685864615548e-18 0.00000000000000000e+00
2.24433630012979488e-18 0.00000000000000000e+00
0.00000000000000000e+00 0.00000000000000000e+00
-2.91028662390197073e-18 0.00000000000000000e+00
0.00000000000000000e+00 0.00000000000000000e+00
0.00000000000000000e+00 0.00000000000000000e+00
7.09719575686246397e-19 0.00000000000000000e+00
7.55215319228011189e-19 0.00000000000000000e+00
0.00000000000000000e+00 0.00000000000000000e+00
0.00000000000000000e+00 0.00000000000000000e+00
3.66977506373395810e-19 0.00000000000000000e+00
0.00000000000000000e+00 0.00000000000000000e+00
5.25096424444897546e-19 0.00000000000000000e+00
4.36168538847980293e-19 0.00000000000000000e+00
0.00000000000000000e+00 0.00000000000000000e+00
1.72636005351442330e-18 0.00000000000000000e+00
0.00000000000000000e+00 0.00000000000000000e+00
0.00000000000000000e+00 0.00000000000000000e+00
-2.00284601134863746e-19 0.00000000000000000e+00
0.00000000000000000e+00 0.00000000000000000e+00
-5.58458460318852206e-19 0.00000000000000000e+00
-1.15201087274120966e-18 0.00000000000000000e+00
0.00000000000000000e+00 0.00000000000000000e+00
0.00000000000000000e+00 0.00000000000000000e+00
3.15950541374968562e-21 0.00000000000000000e+00
-6.65906298764336350e-19 0.00000000000000000e+00
0.00000000000000000e+00 0.00000000000000000e+00
1.07735937176026703e-18 0.00000000000000000e+00
0.00000000000000000e+00 0.00000000000000000e+00
0.00000000000000000e+00 0.00000000000000000e+00
3.16515249136508231e-19 0.00000000000000000e+00
-2.17861138091920507e-17 0.00000000000000000e+00
0.00000000000000000e+00 0.00000000000000000e+00
0.00000000000000000e+00 0.00000000000000000e+00
8.18362097981450648e-19 0.00000000000000000e+00
0.00000000000000000e+00 0.00000000000000000e+00
-5.05696413694642435e-19 0.00000000000000000e+00
4.70265521259949888e-19 0.00000000000000000e+00
0.00000000000000000e+00 0.00000000000000000e+00
0.00000000000000000e+00 0.00000000000000000e+00
-5.35722094632918128e-21 0.00000000000000000e+00
6.79043151391481258e-19 0.00000000000000000e+00
0.00000000000000000e+00 0.00000000000000000e+00
-6.45039900554500969e-19 0.00000000000000000e+00
0.00000000000000000e+00 0.00000000000000000e+00
0.00000000000000000e+00 0.00000000000000000e+00
-2.98035476135196716e-19 0.00000000000000000e+00
0.00000000000000000e+00 0.00000000000000000e+00
1.01218908664652284e-18 0.00000000000000000e+00
6.95372551206031323e-19 0.00000000000000000e+00
0.00000000000000000e+00 0.00000000000000000e+00
3.36903780090608824e-18 0.00000000000000000e+00
0.00000000000000000e+00 0.00000000000000000e+00
0.00000000000000000e+00 0.00000000000000000e+00
-7.38897622746591454e-19 0.00000000000000000e+00
5.23415727603526556e-19 0.00000000000000000e+00
0.00000000000000000e+00 0.00000000000000000e+00
0.00000000000000000e+00 0.00000000000000000e+00
2.02398184964456025e-19 0.00000000000000000e+00
0.00000000000000000e+00 0.00000000000000000e+00
5.17226496345023592e-19 0.00000000000000000e+00
-1.23166304894681612e-18 0.00000000000000000e+00
0.00000000000000000e+00 0.00000000000000000e+00
0.00000000000000000e+00 0.00000000000000000e+00
1.74806461870069154e-18 0.00000000000000000e+00
-7.59327231261768954e-19 0.00000000000000000e+00
0.00000000000000000e+00 0.00000000000000000e+00
1.88214286734004452e-18 0.00000000000000000e+00
0.00000000000000000e+00 0.00000000000000000e+00
0.00000000000000000e+00 0.00000000000000000e+00
-2.74481196257676418e-19 0.00000000000000000e+00
3.71949892324864319e-18 0.00000000000000000e+00
0.00000000000000000e+00 0.00000000000000000e+00
0.00000000000000000e+00 0.00000000000000000e+00
-1.29508253461612515e-19 0.00000000000000000e+00
0.00000000000000000e+00 0.00000000000000000e+00
1.28559718729920740e-18 0.00000000000000000e+00
-2.09801072632090340e-19 0.00000000000000000e+00
0.00000000000000000e+00 0.00000000000000000e+00
3.03209848211306411e-18 0.00000000000000000e+00
0.00000000000000000e+00 0.00000000000000000e+00
0.00000000000000000e+00 0.00000000000000000e+00
6.89273107397006267e-19 0.00000000000000000e+00
0.00000000000000000e+00 0.00000000000000000e+00
7.11181131195082988e-19 0.00000000000000000e+00
1.01671919440318670e-18 0.00000000000000000e+00
0.00000000000000000e+00 0.00000000000000000e+00
0.00000000000000000e+00 0.00000000000000000e+00
-1.09973245854652899e-19 0.00000000000000000e+00
-4.97259429133266713e-19 0.00000000000000000e+00
0.00000000000000000e+00 0.00000000000000000e+00
3.04755671776009546e-18 0.00000000000000000e+00
0.00000000000000000e+00 0.00000000000000000e+00
0.00000000000000000e+00 0.00000000000000000e+00
4.35092960088141548e-19 0.00000000000000000e+00
0.00000000000000000e+00 0.00000000000000000e+00
1.22881391701783191e-18 0.00000000000000000e+00
-6.04668090083377230e-20 0.00000000000000000e+00
0.00000000000000000e+00 0.00000000000000000e+00
-1.42330248375590961e-18 0.00000000000000000e+00
0.00000000000000000e+00 0.00000000000000000e+00
0.00000000000000000e+00 0.00000000000000000e+00
-2.57968246876595418e-19 0.00000000000000000e+00
9.08403300327173593e-19 0.00000000000000000e+00
0.00000000000000000e+00 0.00000000000000000e+00
0.00000000000000000e+00 0.00000000000000000e+00
2.91119628436300671e-19 0.00000000000000000e+00
0.00000000000000000e+00 0.00000000000000000e+00
-8.22493296495272509e-19 0.00000000000000000e+00
-3.84512085917969015e-19 0.00000000000000000e+00
0.00000000000000000e+00 0.00000000000000000e+00
5.50427979193031861e-18 0.00000000000000000e+00
0.00000000000000000e+00 0.00000000000000000e+00
0.00000000000000000e+00 0.00000000000000000e+00
-2.17944282866874871e-19 0.00000000000000000e+00
0.00000000000000000e+00 0.00000000000000000e+00
-7.93338584944016621e-19 0.00000000000000000e+00
-1.10598585918760410e-18 0.00000000000000000e+00
0.00000000000000000e+00 0.00000000000000000e+00
0.00000000000000000e+00 0.00000000000000000e+00
-3.04455508203487772e-19 0.00000000000000000e+00
-3.56549747965885774e-19 0.00000000000000000e+00
0.00000000000000000e+00 0.00000000000000000e+00
8.64355819436387785e-19 0.00000000000000000e+00
0.00000000000000000e+00 0.00000000000000000e+00
0.00000000000000000e+00 0.00000000000000000e+00
-1.03416914300026810e-18 0.00000000000000000e+00
3.37187346513786114e-18 0.00000000000000000e+00
0.00000000000000000e+00 0.00000000000000000e+00
0.00000000000000000e+00 0.00000000000000000e+00
1.24140029365922741e-18 0.00000000000000000e+00
0.00000000000000000e+00 0.00000000000000000e+00
-1.17398655397036730e-18 0.00000000000000000e+00
-1.45409770376631196e-18 0.00000000000000000e+00
0.00000000000000000e+00 0.00000000000000000e+00
0.00000000000000000e+00 0.00000000000000000e+00
-2.33060647763345868e-19 0.00000000000000000e+00
1.05447040469846632e-18 0.00000000000000000e+00
0.00000000000000000e+00 0.00000000000000000e+00
-3.82344758421524646e-18 0.00000000000000000e+00
0.00000000000000000e+00 0.00000000000000000e+00
0.00000000000000000e+00 0.00000000000000000e+00
-9.73235320323400463e-21 0.00000000000000000e+00
0.00000000000000000e+00 0.00000000000000000e+00
2.65413192591541015e-18 0.00000000000000000e+00
4.86941611801777046e-19 0.00000000000000000e+00
0.00000000000000000e+00 0.00000000000000000e+00
-6.02002962911837654e-19 0.00000000000000000e+00
0.00000000000000000e+00 0.00000000000000000e+00
0.00000000000000000e+00 0.00000000000000000e+00
-1.19573657110468115e-19 0.00000000000000000e+00
9.47641350173414569e-19 0.00000000000000000e+00
0.00000000000000000e+00 0.00000000000000000e+00
0.00000000000000000e+00 0.00000000000000000e+00
-8.21139002755930095e-19 0.00000000000000000e+00
0.00000000000000000e+00 0.00000000000000000e+00
-5.46822689189152794e-19 0.00000000000000000e+00
-7.15717131087848368e-19 0.00000000000000000e+00
0.00000000000000000e+00 0.00000000000000000e+00
-3.26301360797325024e-17 0.00000000000000000e+00
0.00000000000000000e+00 0.00000000000000000e+00
0.00000000000000000e+00 0.00000000000000000e+00
-2.27428444331032264e-19 0.00000000000000000e+00
0.00000000000000000e+00 0.00000000000000000e+00
8.47053678278835476e-19 0.00000000000000000e+00
-1.42529256185140347e-19 0.00000000000000000e+00
0.00000000000000000e+00 0.00000000000000000e+00
0.00000000000000000e+00 0.00000000000000000e+00
1.16605926491071459e-19 0.00000000000000000e+00
2.21860625057975991e-18 0.00000000000000000e+00
0.00000000000000000e+00 0.00000000000000000e+00
-4.34256289122850599e-19 0.00000000000000000e+00
0.00000000000000000e+00 0.00000000000000000e+00
0.00000000000000000e+00 0.00000000000000000e+00
-3.14215346237570890e-20 0.00000000000000000e+00
0.00000000000000000e+00 0.00000000000000000e+00
1.45583970207365751e-19 0.00000000000000000e+00
-1.00971064015263163e-18 0.00000000000000000e+00
0.00000000000000000e+00 0.00000000000000000e+00
-9.46152779868493288e-19 0.00000000000000000e+00
0.00000000000000000e+00 0.00000000000000000e+00
0.00000000000000000e+00 0.00000000000000000e+00
6.69791216752242780e-19 0.00000000000000000e+00
1.73960240145944186e-18 0.00000000000000000e+00
0.00000000000000000e+00 0.00000000000000000e+00
0.00000000000000000e+00 0.00000000000000000e+00
5.23672753003505437e-19 0.00000000000000000e+00
0.00000000000000000e+00 0.00000000000000000e+00
-7.88629706908461116e-19 0.00000000000000000e+00
-8.85739484888972338e-20 0.00000000000000000e+00
0.00000000000000000e+00 0.00000000000000000e+00
0.00000000000000000e+00 0.00000000000000000e+00
3.87752370177543895e-19 0.00000000000000000e+00
-5.74270152087359323e-19 0.00000000000000000e+00
0.00000000000000000e+00 0.00000000000000000e+00
9.44010176865184405e-19 0.00000000000000000e+00
0.00000000000000000e+00 0.00000000000000000e+00
0.00000000000000000e+00 0.00000000000000000e+00
4.95038029369976747e-19 0.00000000000000000e+00
8.09762318308837580e-19 0.00000000000000000e+00
0.00000000000000000e+00 0.00000000000000000e+00
0.00000000000000000e+00 0.00000000000000000e+00
5.05373701389697138e-19 0.00000000000000000e+00
0.00000000000000000e+00 0.00000000000000000e+00
6.70647918800398347e-19 0.00000000000000000e+00
-4.80727150791058129e-19 0.00000000000000000e+00
0.00000000000000000e+00 0.00000000000000000e+00
-2.92185298660082010e-18 0.00000000000000000e+00
0.00000000000000000e+00 0.00000000000000000e+00
0.00000000000000000e+00 0.00000000000000000e+00
5.86431986252858228e-19 0.00000000000000000e+00
0.00000000000000000e+00 0.00000000000000000e+00
2.06252738806237682e-19 0.00000000000000000e+00
4.93274918251693391e-19 0.00000000000000000e+00
0.00000000000000000e+00 0.00000000000000000e+00
0.00000000000000000e+00 0.00000000000000000e+00
8.11928370123726423e-19 0.00000000000000000e+00
-7.62168770332138160e-19 0.00000000000000000e+00
0.00000000000000000e+00 0.00000000000000000e+00
2.92253264742174893e-19 0.00000000000000000e+00
0.00000000000000000e+00 0.00000000000000000e+00
0.00000000000000000e+00 0.00000000000000000e+00
1.61128615781390244e-20 0.00000000000000000e+00
0.00000000000000000e+00 0.00000000000000000e+00
-1.71586853035089988e-18 0.00000000000000000e+00
-8.19949114349680363e-19 0.00000000000000000e+00
0.00000000000000000e+00 0.00000000000000000e+00
-2.23298378030990280e-18 0.00000000000000000e+00
0.00000000000000000e+00 0.00000000000000000e+00
0.00000000000000000e+00 0.00000000000000000e+00
-9.26850651136145693e-20 0.00000000000000000e+00
-3.51493155075272759e-19 0.00000000000000000e+00
0.00000000000000000e+00 0.00000000000000000e+00
0.00000000000000000e+00 0.00000000000000000e+00
-7.35260558327491137e-20 0.00000000000000000e+00
0.00000000000000000e+00 0.00000000000000000e+00
2.54029751487870317e-19 0.00000000000000000e+00
8.03494227542362253e-19 0.00000000000000000e+00
0.00000000000000000e+00 0.00000000000000000e+00
-4.22986690801855398e-19 0.00000000000000000e+00
0.00000000000000000e+00 0.00000000000000000e+00
0.00000000000000000e+00 0.00000000000000000e+00
-6.78274738691262716e-19 0.00000000000000000e+00
0.00000000000000000e+00 0.00000000000000000e+00
6.33883911222533161e-19 0.00000000000000000e+00
1.16506837095218261e-18 0.00000000000000000e+00
0.00000000000000000e+00 0.00000000000000000e+00
0.00000000000000000e+00 0.00000000000000000e+00
-4.59900136543139499e-19 0.00000000000000000e+00
-6.37599289160151344e-19 0.00000000000000000e+00
0.00000000000000000e+00 0.00000000000000000e+00
-1.97593308396839247e-18 0.00000000000000000e+00
0.00000000000000000e+00 0.00000000000000000e+00
0.00000000000000000e+00 0.00000000000000000e+00
-6.98587207738335993e-19 0.00000000000000000e+00
8.84226331598479135e-19 0.00000000000000000e+00
0.00000000000000000e+00 0.00000000000000000e+00
0.00000000000000000e+00 0.00000000000000000e+00
1.09663983638326876e-19 0.00000000000000000e+00
0.00000000000000000e+00 0.00000000000000000e+00
-2.86061162458389821e-20 0.00000000000000000e+00
6.00710455290125469e-19 0.00000000000000000e+00
0.00000000000000000e+00 0.00000000000000000e+00
0.00000000000000000e+00 0.00000000000000000e+00
-3.53266383116779391e-19 0.00000000000000000e+00
1.17122734648961769e-18 0.00000000000000000e+00
0.00000000000000000e+00 0.00000000000000000e+00
-4.34525537479439458e-19 0.00000000000000000e+00
0.00000000000000000e+00 0.00000000000000000e+00
0.00000000000000000e+00 0.00000000000000000e+00
3.09357493158417911e-19 0.00000000000000000e+00
0.00000000000000000e+00 0.00000000000000000e+00
9.42454460487995141e-19 0.00000000000000000e+00
-4.48893421948997777e-19 0.00000000000000000e+00
0.00000000000000000e+00 0.00000000000000000e+00
-1.76512364039601048e-18 0.00000000000000000e+00
0.00000000000000000e+00 0.00000000000000000e+00
0.00000000000000000e+00 0.00000000000000000e+00
3.14805536014879297e-20 0.00000000000000000e+00
-3.39008655058371704e-18 0.00000000000000000e+00
0.00000000000000000e+00 0.00000000000000000e+00
0.00000000000000000e+00 0.00000000000000000e+00
-3.05531643919135437e-19 0.00000000000000000e+00
0.00000000000000000e+00 0.00000000000000000e+00
2.54873213098612815e-19 0.00000000000000000e+00
-2.51582485075982598e-18 0.00000000000000000e+00
0.00000000000000000e+00 0.00000000000000000e+00
0.00000000000000000e+00 0.00000000000000000e+00
1.76249489836942751e-19 0.00000000000000000e+00
2.46396676470575144e-18 0.00000000000000000e+00
0.00000000000000000e+00 0.00000000000000000e+00
2.17604906397627985e-18 0.00000000000000000e+00
0.00000000000000000e+00 0.00000000000000000e+00
0.00000000000000000e+00 0.00000000000000000e+00
-9.98403716172357351e-20 0.00000000000000000e+00
1.96939562965640028e-18 0.00000000000000000e+00
0.00000000000000000e+00 0.00000000000000000e+00
0.00000000000000000e+00 0.00000000000000000e+00
1.30311410566175501e-18 0.00000000000000000e+00
0.00000000000000000e+00 0.00000000000000000e+00
-7.04607854248314774e-19 0.00000000000000000e+00
4.06329274157001431e-19 0.00000000000000000e+00
0.00000000000000000e+00 0.00000000000000000e+00
7.27503534514547398e-18 0.00000000000000000e+00
0.00000000000000000e+00 0.00000000000000000e+00
0.00000000000000000e+00 0.00000000000000000e+00
-2.63177668241928033e-19 0.00000000000000000e+00
0.00000000000000000e+00 0.00000000000000000e+00
1.13494876214276615e-18 0.00000000000000000e+00
-1.57228314647230876e-18 0.00000000000000000e+00
0.00000000000000000e+00 0.00000000000000000e+00
0.00000000000000000e+00 0.00000000000000000e+00
9.17783546043452742e-19 0.00000000000000000e+00
7.00390240478949412e-19 0.00000000000000000e+00
0.00000000000000000e+00 0.00000000000000000e+00
-3.00673051203976856e-18 0.00000000000000000e+00
0.00000000000000000e+00 0.00000000000000000e+00
0.00000000000000000e+00 0.00000000000000000e+00
5.77221115940750339e-19 0.00000000000000000e+00
1.00576332864895684e-18 0.00000000000000000e+00
0.00000000000000000e+00 0.00000000000000000e+00
0.00000000000000000e+00 0.00000000000000000e+00
2.85418924472554844e-19 0.00000000000000000e+00
0.00000000000000000e+00 0.00000000000000000e+00
-3.35134386266912500e-19 0.00000000000000000e+00
-7.69424121614155159e-19 0.00000000000000000e+00
0.00000000000000000e+00 0.00000000000000000e+00
0.00000000000000000e+00 0.00000000000000000e+00
4.80824920756539985e-19 0.00000000000000000e+00
5.42330857527987515e-20 0.00000000000000000e+00
0.00000000000000000e+00 0.00000000000000000e+00
-1.57755196951906185e-18 0.00000000000000000e+00
0.00000000000000000e+00 0.00000000000000000e+00
0.00000000000000000e+00 0.00000000000000000e+00
-2.58344805308992709e-19 0.00000000000000000e+00
0.00000000000000000e+00 0.00000000000000000e+00
1.84073743379426608e-18 0.00000000000000000e+00
1.69602128657115986e-18 0.00000000000000000e+00
0.00000000000000000e+00 0.00000000000000000e+00
-5.06597831460790677e-19 0.00000000000000000e+00
0.00000000000000000e+00 0.00000000000000000e+00
0.00000000000000000e+00 0.00000000000000000e+00
7.81440195055692479e-19 0.00000000000000000e+00
3.71857024233724078e-18 0.00000000000000000e+00
0.00000000000000000e+00 0.00000000000000000e+00
0.00000000000000000e+00 0.00000000000000000e+00
-5.18344383109567826e-20 0.00000000000000000e+00
0.00000000000000000e+00 0.00000000000000000e+00
5.70672709528248716e-19 0.00000000000000000e+00
1.41776017431093376e-18 0.00000000000000000e+00
0.00000000000000000e+00 0.00000000000000000e+00
-1.53250146854305723e-18 0.00000000000000000e+00
0.00000000000000000e+00 0.00000000000000000e+00
0.00000000000000000e+00 0.00000000000000000e+00
4.13184811919975762e-20 0.00000000000000000e+00
0.00000000000000000e+00 0.00000000000000000e+00
-9.71960806836253218e-19 0.00000000000000000e+00
-1.34413054579383953e-19 0.00000000000000000e+00
0.00000000000000000e+00 0.00000000000000000e+00
0.00000000000000000e+00 0.00000000000000000e+00
-9.88497077415814320e-19 0.00000000000000000e+00
3.35727685071312868e-19 0.00000000000000000e+00
0.00000000000000000e+00 0.00000000000000000e+00
-2.26256445934644286e-18 0.00000000000000000e+00
0.00000000000000000e+00 0.00000000000000000e+00
0.00000000000000000e+00 0.00000000000000000e+00
1.05853078821730622e-18 0.00000000000000000e+00
0.00000000000000000e+00 0.00000000000000000e+00
1.51548760698362585e-18 0.00000000000000000e+00
2.00741825548735320e-18 0.00000000000000000e+00
0.00000000000000000e+00 0.00000000000000000e+00
-6.87460516965807336e-19 0.00000000000000000e+00
0.00000000000000000e+00 0.00000000000000000e+00
0.00000000000000000e+00 0.00000000000000000e+00
4.22808961178254070e-19 0.00000000000000000e+00
-6.61947181521769197e-19 0.00000000000000000e+00
0.00000000000000000e+00 0.00000000000000000e+00
0.00000000000000000e+00 0.00000000000000000e+00
6.78836850305986477e-20 0.00000000000000000e+00
0.00000000000000000e+00 0.00000000000000000e+00
3.09123129424632834e-19 0.00000000000000000e+00
4.70166323089201526e-20 0.00000000000000000e+00
0.00000000000000000e+00 0.00000000000000000e+00
0.00000000000000000e+00 0.00000000000000000e+00
2.51668754348513946e-18 0.00000000000000000e+00
8.98526612790073672e-19 0.00000000000000000e+00
0.00000000000000000e+00 0.00000000000000000e+00
1.06555717080333171e-18 0.00000000000000000e+00
0.00000000000000000e+00 0.00000000000000000e+00
0.00000000000000000e+00 0.00000000000000000e+00
-7.56162878985963056e-19 0.00000000000000000e+00
7.72883842181084250e-20 0.00000000000000000e+00
0.00000000000000000e+00 0.00000000000000000e+00
0.00000000000000000e+00 0.00000000000000000e+00
-4.06576364949196723e-19 0.00000000000000000e+00
0.00000000000000000e+00 0.00000000000000000e+00
-4.86963701221846407e-19 0.00000000000000000e+00
-8.65084645626018313e-19 0.00000000000000000e+00
0.00000000000000000e+00 0.00000000000000000e+00
9.36131194678759250e-18 0.00000000000000000e+00
0.00000000000000000e+00 0.00000000000000000e+00
0.00000000000000000e+00 0.00000000000000000e+00
3.50136380610249796e-19 0.00000000000000000e+00
0.00000000000000000e+00 0.00000000000000000e+00
-2.53268146469363029e-19 0.00000000000000000e+00
-1.23521055445261067e-18 0.00000000000000000e+00
0.00000000000000000e+00 0.00000000000000000e+00
0.00000000000000000e+00 0.00000000000000000e+00
5.72021960715161570e-19 0.00000000000000000e+00
9.51324968048777562e-19 0.00000000000000000e+00
0.00000000000000000e+00 0.00000000000000000e+00
-1.47261660921747185e-18 0.00000000000000000e+00
0.00000000000000000e+00 0.00000000000000000e+00
0.00000000000000000e+00 0.00000000000000000e+00
-1.61878359277027874e-19 0.00000000000000000e+00
-2.86528444678862056e-18 0.00000000000000000e+00
0.00000000000000000e+00 0.00000000000000000e+00
0.00000000000000000e+00 0.00000000000000000e+00
-2.87619111123133631e-19 0.00000000000000000e+00
0.00000000000000000e+00 0.00000000000000000e+00
-2.44104557377055239e-19 0.00000000000000000e+00
5.45821284845476799e-19 0.00000000000000000e+00
0.00000000000000000e+00 0.00000000000000000e+00
0.00000000000000000e+00 0.00000000000000000e+00
-3.01644563174176549e-19 0.00000000000000000e+00
1.32612406369033883e-18 0.00000000000000000e+00
0.00000000000000000e+00 0.00000000000000000e+00
7.85686767366910343e-19 0.00000000000000000e+00
0.00000000000000000e+00 0.00000000000000000e+00
0.00000000000000000e+00 0.00000000000000000e+00
1.99951069129183136e-19 0.00000000000000000e+00
0.00000000000000000e+00 0.00000000000000000e+00
9.61445413239591285e-19 0.00000000000000000e+00
-7.02581894549090666e-19 0.00000000000000000e+00
0.00000000000000000e+00 0.00000000000000000e+00
2.56686058220915847e-21 0.00000000000000000e+00
0.00000000000000000e+00 0.00000000000000000e+00
0.00000000000000000e+00 0.00000000000000000e+00
-4.82445310698458512e-19 0.00000000000000000e+00
-2.55383739068467707e-19 0.00000000000000000e+00
0.00000000000000000e+00 0.00000000000000000e+00
0.00000000000000000e+00 0.00000000000000000e+00
-4.73046658585807899e-19 0.00000000000000000e+00
0.00000000000000000e+00 0.00000000000000000e+00
3.16166122614806132e-19 0.00000000000000000e+00
5.25542586660166803e-19 0.00000000000000000e+00
0.00000000000000000e+00 0.00000000000000000e+00
0.00000000000000000e+00 0.00000000000000000e+00
-7.11063227054606850e-19 0.00000000000000000e+00
-3.35471959697804335e-19 0.00000000000000000e+00
0.00000000000000000e+00 0.00000000000000000e+00
1.73355692266773605e-18 0.00000000000000000e+00
0.00000000000000000e+00 0.00000000000000000e+00
0.00000000000000000e+00 0.00000000000000000e+00
7.04386956667461745e-20 0.00000000000000000e+00
-1.51145087552036828e-18 0.00000000000000000e+00
0.00000000000000000e+00 0.00000000000000000e+00
0.00000000000000000e+00 0.00000000000000000e+00
7.78155419433427738e-19 0.00000000000000000e+00
0.00000000000000000e+00 0.00000000000000000e+00
1.03374914971292679e-18 0.00000000000000000e+00
6.41907531650164101e-20 0.00000000000000000e+00
0.00000000000000000e+00 0.00000000000000000e+00
-3.34543042062630838e-18 0.00000000000000000e+00
0.00000000000000000e+00 0.00000000000000000e+00
0.00000000000000000e+00 0.00000000000000000e+00
-2.63247932444152586e-19 0.00000000000000000e+00
0.00000000000000000e+00 0.00000000000000000e+00
-1.02366068937349481e-19 0.00000000000000000e+00
1.44392744449147956e-18 0.00000000000000000e+00
0.00000000000000000e+00 0.00000000000000000e+00
0.00000000000000000e+00 0.00000000000000000e+00
-2.96437444585524951e-19 0.00000000000000000e+00
-1.22625666034795676e-18 0.00000000000000000e+00
0.00000000000000000e+00 0.00000000000000000e+00
-1.09804095043947357e-18 0.00000000000000000e+00
0.00000000000000000e+00 0.00000000000000000e+00
0.00000000000000000e+00 0.00000000000000000e+00
8.06950154542573394e-20 0.00000000000000000e+00
0.00000000000000000e+00 0.00000000000000000e+00
9.43187659702171863e-19 0.00000000000000000e+00
1.32014199392552848e-18 0.00000000000000000e+00
0.00000000000000000e+00 0.00000000000000000e+00
-1.34990325063427497e-18 0.00000000000000000e+00
0.00000000000000000e+00 0.00000000000000000e+00
0.00000000000000000e+00 0.00000000000000000e+00
-3.26936058827617944e-19 0.00000000000000000e+00
3.56700504573321280e-19 0.00000000000000000e+00
0.00000000000000000e+00 0.00000000000000000e+00
0.00000000000000000e+00 0.00000000000000000e+00
3.46962547118181950e-19 0.00000000000000000e+00
0.00000000000000000e+00 0.00000000000000000e+00
-8.42418386415095042e-19 0.00000000000000000e+00
-9.34716210630865464e-19 0.00000000000000000e+00
0.00000000000000000e+00 0.00000000000000000e+00
-1.11380366724962532e-19 0.00000000000000000e+00
0.00000000000000000e+00 0.00000000000000000e+00
0.00000000000000000e+00 0.00000000000000000e+00
-8.02227490873524719e-19 0.00000000000000000e+00
0.00000000000000000e+00 0.00000000000000000e+00
-6.99189974120830378e-19 0.00000000000000000e+00
4.08617732273789650e-19 0.00000000000000000e+00
0.00000000000000000e+00 0.00000000000000000e+00
0.00000000000000000e+00 0.00000000000000000e+00
-3.80680804424902479e-19 0.00000000000000000e+00
2.89985663963747487e-19 0.00000000000000000e+00
0.00000000000000000e+00 0.00000000000000000e+00
-6.89631656282354540e-19 0.00000000000000000e+00
0.00000000000000000e+00 0.00000000000000000e+00
0.00000000000000000e+00 0.00000000000000000e+00
-4.44521969117031053e-19 0.00000000000000000e+00
-6.44879238504931793e-18 0.00000000000000000e+00
0.00000000000000000e+00 0.00000000000000000e+00
0.00000000000000000e+00 0.00000000000000000e+00
-1.33858965559468889e-19 0.00000000000000000e+00
0.00000000000000000e+00 0.00000000000000000e+00
-1.01910167545822170e-18 0.00000000000000000e+00
2.42020744865428565e-20 0.00000000000000000e+00
0.00000000000000000e+00 0.00000000000000000e+00
0.00000000000000000e+00 0.00000000000000000e+00
-1.12184522832240579e-18 0.00000000000000000e+00
1.04413193374481968e-18 0.00000000000000000e+00
0.00000000000000000e+00 0.00000000000000000e+00
-1.23861763332622402e-18 0.00000000000000000e+00
0.00000000000000000e+00 0.00000000000000000e+00
0.00000000000000000e+00 0.00000000000000000e+00
2.11990771350215042e-19 0.00000000000000000e+00
0.00000000000000000e+00 0.00000000000000000e+00
5.46108553665825776e-19 0.00000000000000000e+00
-5.93349020733074792e-21 0.00000000000000000e+00
0.00000000000000000e+00 0.00000000000000000e+00
-9.80327722955050782e-19 0.00000000000000000e+00
0.00000000000000000e+00 0.00000000000000000e+00
0.00000000000000000e+00 0.00000000000000000e+00
-1.03133174253458373e-19 0.00000000000000000e+00
1.29457651655420016e-19 0.00000000000000000e+00
0.00000000000000000e+00 0.00000000000000000e+00
0.00000000000000000e+00 0.00000000000000000e+00
6.91011460964501531e-21 0.00000000000000000e+00
0.00000000000000000e+00 0.00000000000000000e+00
5.20075775185560877e-19 0.00000000000000000e+00
-1.75503075025881986e-18 0.00000000000000000e+00
0.00000000000000000e+00 0.00000000000000000e+00
0.00000000000000000e+00 0.00000000000000000e+00
4.69321994143133106e-18 0.00000000000000000e+00
-9.01545573336520654e-20 0.00000000000000000e+00
0.00000000000000000e+00 0.00000000000000000e+00
5.10494387486775837e-18 0.00000000000000000e+00
0.00000000000000000e+00 0.00000000000000000e+00
0.00000000000000000e+00 0.00000000000000000e+00
1.83547172285041522e-19 0.00000000000000000e+00
4.82622391617562289e-18 0.00000000000000000e+00
0.00000000000000000e+00 0.00000000000000000e+00
0.00000000000000000e+00 0.00000000000000000e+00
7.54759256447906064e-19 0.00000000000000000e+00
0.00000000000000000e+00 0.00000000000000000e+00
2.49325603461251777e-19 0.00000000000000000e+00
-1.75386964523895218e-18 0.00000000000000000e+00
0.00000000000000000e+00 0.00000000000000000e+00
3.64683474893321903e-18 0.00000000000000000e+00
0.00000000000000000e+00 0.00000000000000000e+00
0.00000000000000000e+00 0.00000000000000000e+00
1.88117490540418667e-19 0.00000000000000000e+00
0.00000000000000000e+00 0.00000000000000000e+00
1.42288702780772029e-18 0.00000000000000000e+00
3.47178362885040946e-19 0.00000000000000000e+00
0.00000000000000000e+00 0.00000000000000000e+00
0.00000000000000000e+00 0.00000000000000000e+00
6.36351429935319903e-19 0.00000000000000000e+00
4.68513813714089721e-19 0.00000000000000000e+00
0.00000000000000000e+00 0.00000000000000000e+00
6.25028144590591450e-19 0.00000000000000000e+00
0.00000000000000000e+00 0.00000000000000000e+00
0.00000000000000000e+00 0.00000000000000000e+00
9.54010696410428874e-19 0.00000000000000000e+00
6.55742206604892110e-18 0.00000000000000000e+00
0.00000000000000000e+00 0.00000000000000000e+00
0.00000000000000000e+00 0.00000000000000000e+00
-8.02016460543205750e-20 0.00000000000000000e+00
0.00000000000000000e+00 0.00000000000000000e+00
-3.15201582571834529e-20 0.00000000000000000e+00
-4.42244195384995568e-19 0.00000000000000000e+00
0.00000000000000000e+00 0.00000000000000000e+00
0.00000000000000000e+00 0.00000000000000000e+00
-1.79370876740188181e-19 0.00000000000000000e+00
-1.18496047428514562e-18 0.00000000000000000e+00
0.00000000000000000e+00 0.00000000000000000e+00
6.12481347723346995e-19 0.00000000000000000e+00
0.00000000000000000e+00 0.00000000000000000e+00
0.00000000000000000e+00 0.00000000000000000e+00
1.67962619880514293e-19 0.00000000000000000e+00
0.00000000000000000e+00 0.00000000000000000e+00
1.63850983420904007e-18 0.00000000000000000e+00
1.10809103582880031e-18 0.00000000000000000e+00
0.00000000000000000e+00 0.00000000000000000e+00
-3.28390516964258658e-19 0.00000000000000000e+00
0.00000000000000000e+00 0.00000000000000000e+00
0.00000000000000000e+00 0.00000000000000000e+00
5.75268048692437310e-19 0.00000000000000000e+00
1.47976034718316567e-18 0.00000000000000000e+00
0.00000000000000000e+00 0.00000000000000000e+00
0.00000000000000000e+00 0.00000000000000000e+00
-1.49902023035755933e-21 0.00000000000000000e+00
0.00000000000000000e+00 0.00000000000000000e+00
2.83484836709118101e-19 0.00000000000000000e+00
9.33390270913530094e-19 0.00000000000000000e+00
0.00000000000000000e+00 0.00000000000000000e+00
-4.58547560198075042e-18 0.00000000000000000e+00
0.00000000000000000e+00 0.00000000000000000e+00
0.00000000000000000e+00 0.00000000000000000e+00
6.36266640236878772e-19 0.00000000000000000e+00
0.00000000000000000e+00 0.00000000000000000e+00
-8.25910922172012400e-19 0.00000000000000000e+00
7.34114073850132513e-19 0.00000000000000000e+00
0.00000000000000000e+00 0.00000000000000000e+00
0.00000000000000000e+00 0.00000000000000000e+00
4.25851552875989679e-19 0.00000000000000000e+00
6.88005021830828005e-20 0.00000000000000000e+00
0.00000000000000000e+00 0.00000000000000000e+00
2.59786511550888390e-19 0.00000000000000000e+00
0.00000000000000000e+00 0.00000000000000000e+00
0.00000000000000000e+00 0.00000000000000000e+00
5.48250652284152857e-19 0.00000000000000000e+00
0.00000000000000000e+00 0.00000000000000000e+00
1.02601871887566619e-18 0.00000000000000000e+00
1.42225891865897388e-18 0.00000000000000000e+00
0.00000000000000000e+00 0.00000000000000000e+00
1.35000953129743446e-18 0.00000000000000000e+00
0.00000000000000000e+00 0.00000000000000000e+00
0.00000000000000000e+00 0.00000000000000000e+00
5.67330281184449391e-19 0.00000000000000000e+00
2.24010570847192392e-19 0.00000000000000000e+00
0.00000000000000000e+00 0.00000000000000000e+00
0.00000000000000000e+00 0.00000000000000000e+00
-1.22111543897296752e-19 0.00000000000000000e+00
0.00000000000000000e+00 0.00000000000000000e+00
1.60634982831921060e-20 0.00000000000000000e+00
-3.14132798006266478e-19 0.00000000000000000e+00
0.00000000000000000e+00 0.00000000000000000e+00
0.00000000000000000e+00 0.00000000000000000e+00
9.80413870395036950e-19 0.00000000000000000e+00
-1.37540272268366876e-18 0.00000000000000000e+00
0.00000000000000000e+00 0.00000000000000000e+00
-5.35417824227093901e-20 0.00000000000000000e+00
0.00000000000000000e+00 0.00000000000000000e+00
0.00000000000000000e+00 0.00000000000000000e+00
-9.19123937285623149e-19 0.00000000000000000e+00
1.07648976359259109e-18 0.00000000000000000e+00
0.00000000000000000e+00 0.00000000000000000e+00
0.00000000000000000e+00 0.00000000000000000e+00
6.59469837019454139e-19 0.00000000000000000e+00
0.00000000000000000e+00 0.00000000000000000e+00
2.96863641613665442e-19 0.00000000000000000e+00
-1.42124081103208393e-18 0.00000000000000000e+00
0.00000000000000000e+00 0.00000000000000000e+00
6.62352211326237260e-18 0.00000000000000000e+00
0.00000000000000000e+00 0.00000000000000000e+00
0.00000000000000000e+00 0.00000000000000000e+00
1.10066515474334689e-19 0.00000000000000000e+00
0.00000000000000000e+00 0.00000000000000000e+00
-1.14881528272896095e-19 0.00000000000000000e+00
2.66393594613416814e-19 0.00000000000000000e+00
0.00000000000000000e+00 0.00000000000000000e+00
0.00000000000000000e+00 0.00000000000000000e+00
-5.22362763769020612e-19 0.00000000000000000e+00
1.08615227723166012e-18 0.00000000000000000e+00
0.00000000000000000e+00 0.00000000000000000e+00
-2.14308825440344405e-19 0.00000000000000000e+00
0.00000000000000000e+00 0.00000000000000000e+00
0.00000000000000000e+00 0.00000000000000000e+00
-1.43508406853364178e-19 0.00000000000000000e+00
0.00000000000000000e+00 0.00000000000000000e+00
-2.56863190405939896e-18 0.00000000000000000e+00
-1.01448947234489045e-17 0.00000000000000000e+00
0.00000000000000000e+00 0.00000000000000000e+00
-6.00964935732707783e-18 0.00000000000000000e+00
0.00000000000000000e+00 0.00000000000000000e+00
0.00000000000000000e+00 0.00000000000000000e+00
1.88890820590393518e-18 0.00000000000000000e+00
-4.88024533995130560e-18 0.00000000000000000e+00
0.00000000000000000e+00 0.00000000000000000e+00
0.00000000000000000e+00 0.00000000000000000e+00
1.72088879015334356e-18 0.00000000000000000e+00
0.00000000000000000e+00 0.00000000000000000e+00
2.54121902216863981e-19 0.00000000000000000e+00
8.38360317411734501e-19 0.00000000000000000e+00
0.00000000000000000e+00 0.00000000000000000e+00
-1.17753514674581452e-18 0.00000000000000000e+00
0.00000000000000000e+00 0.00000000000000000e+00
0.00000000000000000e+00 0.00000000000000000e+00
2.21954549743250461e-19 0.00000000000000000e+00
0.00000000000000000e+00 0.00000000000000000e+00
2.21743048272753908e-19 0.00000000000000000e+00
5.85598851457055126e-19 0.00000000000000000e+00
0.00000000000000000e+00 0.00000000000000000e+00
0.00000000000000000e+00 0.00000000000000000e+00
1.47545594876532470e-18 0.00000000000000000e+00
2.54199908405702106e-21 0.00000000000000000e+00
0.00000000000000000e+00 0.00000000000000000e+00
-1.09558176120851209e-18 0.00000000000000000e+00
0.00000000000000000e+00 0.00000000000000000e+00
0.00000000000000000e+00 0.00000000000000000e+00
-6.91821582883666896e-19 0.00000000000000000e+00
-7.13040855589380874e-18 0.00000000000000000e+00
0.00000000000000000e+00 0.00000000000000000e+00
0.00000000000000000e+00 0.00000000000000000e+00
1.84420617333366508e-19 0.00000000000000000e+00
0.00000000000000000e+00 0.00000000000000000e+00
6.10266335437899226e-19 0.00000000000000000e+00
-1.84818486982824460e-19 0.00000000000000000e+00
0.00000000000000000e+00 0.00000000000000000e+00
0.00000000000000000e+00 0.00000000000000000e+00
1.45497162155519479e-18 0.00000000000000000e+00
1.65859785751050408e-18 0.00000000000000000e+00
0.00000000000000000e+00 0.00000000000000000e+00
-1.50367671466567699e-18 0.00000000000000000e+00
0.00000000000000000e+00 0.00000000000000000e+00
0.00000000000000000e+00 0.00000000000000000e+00
6.49191818770900922e-19 0.00000000000000000e+00
0.00000000000000000e+00 0.00000000000000000e+00
1.50125712788371281e-18 0.00000000000000000e+00
1.53521045165463208e-18 0.00000000000000000e+00
0.00000000000000000e+00 0.00000000000000000e+00
-7.65619214942104109e-20 0.00000000000000000e+00
0.00000000000000000e+00 0.00000000000000000e+00
0.00000000000000000e+00 0.00000000000000000e+00
9.65352835782152545e-19 0.00000000000000000e+00
-7.86686528142147166e-19 0.00000000000000000e+00
0.00000000000000000e+00 0.00000000000000000e+00
0.00000000000000000e+00 0.00000000000000000e+00
8.70014395354080748e-19 0.00000000000000000e+00
0.00000000000000000e+00 0.00000000000000000e+00
1.15207231875023466e-18 0.00000000000000000e+00
-1.17512763412502142e-18 0.00000000000000000e+00
0.00000000000000000e+00 0.00000000000000000e+00
-1.60909117737158332e-17 0.00000000000000000e+00
0.00000000000000000e+00 0.00000000000000000e+00
0.00000000000000000e+00 0.00000000000000000e+00
-3.12342418319331222e-19 0.00000000000000000e+00
0.00000000000000000e+00 0.00000000000000000e+00
6.18104024633573617e-19 0.00000000000000000e+00
-3.94669327268823059e-19 0.00000000000000000e+00
0.00000000000000000e+00 0.00000000000000000e+00
0.00000000000000000e+00 0.00000000000000000e+00
-1.26985531864714481e-19 0.00000000000000000e+00
2.39318425838586297e-19 0.00000000000000000e+00
0.00000000000000000e+00 0.00000000000000000e+00
-1.44617169150030124e-18 0.00000000000000000e+00
0.00000000000000000e+00 0.00000000000000000e+00
0.00000000000000000e+00 0.00000000000000000e+00
2.69147376757858284e-19 0.00000000000000000e+00
0.00000000000000000e+00 0.00000000000000000e+00
1.17320197941519529e-18 0.00000000000000000e+00
-5.53603040088749351e-19 0.00000000000000000e+00
0.00000000000000000e+00 0.00000000000000000e+00
-1.28211824136267109e-18 0.00000000000000000e+00
0.00000000000000000e+00 0.00000000000000000e+00
0.00000000000000000e+00 0.00000000000000000e+00
2.15153496558571400e-19 0.00000000000000000e+00
-5.96716833235597424e-20 0.00000000000000000e+00
0.00000000000000000e+00 0.00000000000000000e+00
0.00000000000000000e+00 0.00000000000000000e+00
3.02203978980706849e-19 0.00000000000000000e+00
0.00000000000000000e+00 0.00000000000000000e+00
3.20730030750807270e-19 0.00000000000000000e+00
1.12362154186432736e-19 0.00000000000000000e+00
0.00000000000000000e+00 0.00000000000000000e+00
0.00000000000000000e+00 0.00000000000000000e+00
1.19089854859220793e-18 0.00000000000000000e+00
-6.01818026567929351e-19 0.00000000000000000e+00
0.00000000000000000e+00 0.00000000000000000e+00
-4.79791146439669136e-19 0.00000000000000000e+00
0.00000000000000000e+00 0.00000000000000000e+00
0.00000000000000000e+00 0.00000000000000000e+00
1.14466475015854779e-18 0.00000000000000000e+00
-1.62729171725756602e-18 0.00000000000000000e+00
0.00000000000000000e+00 0.00000000000000000e+00
0.00000000000000000e+00 0.00000000000000000e+00
5.29911981788648616e-19 0.00000000000000000e+00
0.00000000000000000e+00 0.00000000000000000e+00
1.58059927143603513e-19 0.00000000000000000e+00
-1.81004708673557953e-19 0.00000000000000000e+00
0.00000000000000000e+00 0.00000000000000000e+00
3.56189817755406897e-18 0.00000000000000000e+00
0.00000000000000000e+00 0.00000000000000000e+00
0.00000000000000000e+00 0.00000000000000000e+00
1.22781434193134465e-19 0.00000000000000000e+00
0.00000000000000000e+00 0.00000000000000000e+00
5.64745601113987279e-19 0.00000000000000000e+00
-1.07571780813213904e-18 0.00000000000000000e+00
0.00000000000000000e+00 0.00000000000000000e+00
0.00000000000000000e+00 0.00000000000000000e+00
-4.44141798713125061e-19 0.00000000000000000e+00
-6.71610012902270853e-19 0.00000000000000000e+00
0.00000000000000000e+00 0.00000000000000000e+00
-1.99701139244745415e-18 0.00000000000000000e+00
0.00000000000000000e+00 0.00000000000000000e+00
0.00000000000000000e+00 0.00000000000000000e+00
2.30688264247166874e-19 0.00000000000000000e+00
-4.68375212561009391e-18 0.00000000000000000e+00
0.00000000000000000e+00 0.00000000000000000e+00
0.00000000000000000e+00 0.00000000000000000e+00
8.92890354356077814e-20 0.00000000000000000e+00
0.00000000000000000e+00 0.00000000000000000e+00
-2.64814842454213061e-20 0.00000000000000000e+00
-2.91563967389801643e-19 0.00000000000000000e+00
0.00000000000000000e+00 0.00000000000000000e+00
0.00000000000000000e+00 0.00000000000000000e+00
-3.07819032532868978e-19 0.00000000000000000e+00
9.90642373710445330e-19 0.00000000000000000e+00
0.00000000000000000e+00 0.00000000000000000e+00
-8.35261727025721071e-20 0.00000000000000000e+00
0.00000000000000000e+00 0.00000000000000000e+00
0.00000000000000000e+00 0.00000000000000000e+00
3.71680480483553279e-19 0.00000000000000000e+00
0.00000000000000000e+00 0.00000000000000000e+00
-4.07035896107080538e-19 0.00000000000000000e+00
-7.73202265212364629e-19 0.00000000000000000e+00
0.00000000000000000e+00 0.00000000000000000e+00
-4.16595463123936670e-19 0.00000000000000000e+00
0.00000000000000000e+00 0.00000000000000000e+00
0.00000000000000000e+00 0.00000000000000000e+00
-3.67662756666845280e-19 0.00000000000000000e+00
-2.89525988243771222e-19 0.00000000000000000e+00
0.00000000000000000e+00 0.00000000000000000e+00
0.00000000000000000e+00 0.00000000000000000e+00
6.49493124100762005e-19 0.00000000000000000e+00
0.00000000000000000e+00 0.00000000000000000e+00
-6.19068854961838427e-19 0.00000000000000000e+00
-1.67376522266928331e-18 0.00000000000000000e+00
0.00000000000000000e+00 0.00000000000000000e+00
0.00000000000000000e+00 0.00000000000000000e+00
1.04591472447473262e-18 0.00000000000000000e+00
-5.85272059075467509e-19 0.00000000000000000e+00
0.00000000000000000e+00 0.00000000000000000e+00
6.98086023818266403e-19 0.00000000000000000e+00
0.00000000000000000e+00 0.00000000000000000e+00
0.00000000000000000e+00 0.00000000000000000e+00
6.11322994558664845e-19 0.00000000000000000e+00
3.76207278875508846e-18 0.00000000000000000e+00
0.00000000000000000e+00 0.00000000000000000e+00
0.00000000000000000e+00 0.00000000000000000e+00
-6.75248965623461315e-20 0.00000000000000000e+00
0.00000000000000000e+00 0.00000000000000000e+00
4.15312722094257526e-19 0.00000000000000000e+00
-2.43258654711340139e-19 0.00000000000000000e+00
0.00000000000000000e+00 0.00000000000000000e+00
-1.06108166661446251e-18 0.00000000000000000e+00
0.00000000000000000e+00 0.00000000000000000e+00
0.00000000000000000e+00 0.00000000000000000e+00
4.88980216820331283e-19 0.00000000000000000e+00
0.00000000000000000e+00 0.00000000000000000e+00
3.32024425313794802e-19 0.00000000000000000e+00
3.83924994131888011e-19 0.00000000000000000e+00
0.00000000000000000e+00 0.00000000000000000e+00
0.00000000000000000e+00 0.00000000000000000e+00
-2.79753857374490501e-19 0.00000000000000000e+00
-7.72965608078105795e-19 0.00000000000000000e+00
0.00000000000000000e+00 0.00000000000000000e+00
-6.69705088331359441e-20 0.00000000000000000e+00
0.00000000000000000e+00 0.00000000000000000e+00
0.00000000000000000e+00 0.00000000000000000e+00
9.78734341709009130e-20 0.00000000000000000e+00
0.00000000000000000e+00 0.00000000000000000e+00
-2.83652533517767252e-18 0.00000000000000000e+00
-1.00631594579015795e-18 0.00000000000000000e+00
0.00000000000000000e+00 0.00000000000000000e+00
-3.13890357659857160e-18 0.00000000000000000e+00
0.00000000000000000e+00 0.00000000000000000e+00
0.00000000000000000e+00 0.00000000000000000e+00
2.13231735600939595e-19 0.00000000000000000e+00
-5.21409479921247793e-18 0.00000000000000000e+00
0.00000000000000000e+00 0.00000000000000000e+00
0.00000000000000000e+00 0.00000000000000000e+00
-1.50269693613301032e-19 0.00000000000000000e+00
0.00000000000000000e+00 0.00000000000000000e+00
-3.13636585390485919e-19 0.00000000000000000e+00
1.07087704130767486e-18 0.00000000000000000e+00
0.00000000000000000e+00 0.00000000000000000e+00
2.55618250225368778e-18 0.00000000000000000e+00
0.00000000000000000e+00 0.00000000000000000e+00
0.00000000000000000e+00 0.00000000000000000e+00
-6.85850002727041877e-19 0.00000000000000000e+00
0.00000000000000000e+00 0.00000000000000000e+00
5.15889007300939900e-19 0.00000000000000000e+00
-2.21926165093441053e-19 0.00000000000000000e+00
0.00000000000000000e+00 0.00000000000000000e+00
0.00000000000000000e+00 0.00000000000000000e+00
-2.24503547873741159e-19 0.00000000000000000e+00
4.26435379067993974e-19 0.00000000000000000e+00
0.00000000000000000e+00 0.00000000000000000e+00
-2.87641761110725545e-18 0.00000000000000000e+00
0.00000000000000000e+00 0.00000000000000000e+00
0.00000000000000000e+00 0.00000000000000000e+00
2.73696239401798122e-19 0.00000000000000000e+00
9.98034464979704979e-18 0.00000000000000000e+00
0.00000000000000000e+00 0.00000000000000000e+00
0.00000000000000000e+00 0.00000000000000000e+00
3.52193905307348852e-20 0.00000000000000000e+00
0.00000000000000000e+00 0.00000000000000000e+00
3.71444555542928607e-19 0.00000000000000000e+00
-4.99904515715277973e-20 0.00000000000000000e+00
0.00000000000000000e+00 0.00000000000000000e+00
0.00000000000000000e+00 0.00000000000000000e+00
-9.48267619219598996e-19 0.00000000000000000e+00
-5.57148285066381928e-19 0.00000000000000000e+00
0.00000000000000000e+00 0.00000000000000000e+00
-3.37983388633386251e-18 0.00000000000000000e+00
0.00000000000000000e+00 0.00000000000000000e+00
0.00000000000000000e+00 0.00000000000000000e+00
3.75291561800102533e-19 0.00000000000000000e+00
0.00000000000000000e+00 0.00000000000000000e+00
1.50880332018900975e-18 0.00000000000000000e+00
-3.60651279709612663e-19 0.00000000000000000e+00
0.00000000000000000e+00 0.00000000000000000e+00
1.05938352643868156e-19 0.00000000000000000e+00
0.00000000000000000e+00 0.00000000000000000e+00
0.00000000000000000e+00 0.00000000000000000e+00
-9.33478493998500675e-19 0.00000000000000000e+00
-1.02484200091190629e-18 0.00000000000000000e+00
0.00000000000000000e+00 0.00000000000000000e+00
0.00000000000000000e+00 0.00000000000000000e+00
-4.88801398053490590e-19 0.00000000000000000e+00
0.00000000000000000e+00 0.00000000000000000e+00
-1.16810124525346817e-18 0.00000000000000000e+00
-2.64752850004925337e-19 0.00000000000000000e+00
0.00000000000000000e+00 0.00000000000000000e+00
